# Blender 5.2.0 LTS
# www.blender.org
mtllib distal.mtl
o fingertip
v -0.007799 0.010886 -0.012888
v -0.007552 0.010886 -0.012990
v -0.007286 0.010886 -0.012000
v -0.007286 0.010886 -0.013025
v -0.007021 0.010886 -0.012990
v -0.008276 0.010886 -0.012265
v -0.008174 0.010886 -0.012513
v -0.008011 0.010886 -0.012725
v -0.008174 0.010886 -0.011487
v -0.008276 0.010886 -0.011735
v -0.008311 0.010886 -0.012000
v -0.007552 0.010886 -0.011010
v -0.007799 0.010886 -0.011112
v -0.008011 0.010886 -0.011275
v -0.006774 0.010886 -0.011112
v -0.007021 0.010886 -0.011010
v -0.007286 0.010886 -0.010975
v -0.006296 0.010886 -0.011735
v -0.006399 0.010886 -0.011487
v -0.006562 0.010886 -0.011275
v -0.006399 0.010886 -0.012513
v -0.006296 0.010886 -0.012265
v -0.006261 0.010886 -0.012000
v -0.006774 0.010886 -0.012888
v -0.006562 0.010886 -0.012725
v -0.013799 0.010886 -0.012888
v -0.013552 0.010886 -0.012990
v -0.013286 0.010886 -0.012000
v -0.013286 0.010886 -0.013025
v -0.013021 0.010886 -0.012990
v -0.014276 0.010886 -0.012265
v -0.014174 0.010886 -0.012513
v -0.014011 0.010886 -0.012725
v -0.014174 0.010886 -0.011487
v -0.014276 0.010886 -0.011735
v -0.014311 0.010886 -0.012000
v -0.013552 0.010886 -0.011010
v -0.013799 0.010886 -0.011112
v -0.014011 0.010886 -0.011275
v -0.012774 0.010886 -0.011112
v -0.013021 0.010886 -0.011010
v -0.013286 0.010886 -0.010975
v -0.012296 0.010886 -0.011735
v -0.012399 0.010886 -0.011487
v -0.012562 0.010886 -0.011275
v -0.012399 0.010886 -0.012513
v -0.012296 0.010886 -0.012265
v -0.012261 0.010886 -0.012000
v -0.012774 0.010886 -0.012888
v -0.012562 0.010886 -0.012725
v -0.019799 0.010886 -0.012888
v -0.019552 0.010886 -0.012990
v -0.019286 0.010886 -0.012000
v -0.019286 0.010886 -0.013025
v -0.019021 0.010886 -0.012990
v -0.020276 0.010886 -0.012265
v -0.020174 0.010886 -0.012513
v -0.020011 0.010886 -0.012725
v -0.020174 0.010886 -0.011487
v -0.020276 0.010886 -0.011735
v -0.020311 0.010886 -0.012000
v -0.019552 0.010886 -0.011010
v -0.019799 0.010886 -0.011112
v -0.020011 0.010886 -0.011275
v -0.018774 0.010886 -0.011112
v -0.019021 0.010886 -0.011010
v -0.019286 0.010886 -0.010975
v -0.018296 0.010886 -0.011735
v -0.018399 0.010886 -0.011487
v -0.018562 0.010886 -0.011275
v -0.018399 0.010886 -0.012513
v -0.018296 0.010886 -0.012265
v -0.018261 0.010886 -0.012000
v -0.018774 0.010886 -0.012888
v -0.018562 0.010886 -0.012725
v -0.007799 0.010886 0.011112
v -0.007552 0.010886 0.011010
v -0.007286 0.010886 0.012000
v -0.007286 0.010886 0.010975
v -0.007021 0.010886 0.011010
v -0.008276 0.010886 0.011735
v -0.008174 0.010886 0.011487
v -0.008011 0.010886 0.011275
v -0.008174 0.010886 0.012513
v -0.008276 0.010886 0.012265
v -0.008311 0.010886 0.012000
v -0.007552 0.010886 0.012990
v -0.007799 0.010886 0.012888
v -0.008011 0.010886 0.012725
v -0.006774 0.010886 0.012888
v -0.007021 0.010886 0.012990
v -0.007286 0.010886 0.013025
v -0.006296 0.010886 0.012265
v -0.006399 0.010886 0.012513
v -0.006562 0.010886 0.012725
v -0.006399 0.010886 0.011487
v -0.006296 0.010886 0.011735
v -0.006261 0.010886 0.012000
v -0.006774 0.010886 0.011112
v -0.006562 0.010886 0.011275
v -0.013799 0.010886 0.011112
v -0.013552 0.010886 0.011010
v -0.013286 0.010886 0.012000
v -0.013286 0.010886 0.010975
v -0.013021 0.010886 0.011010
v -0.014276 0.010886 0.011735
v -0.014174 0.010886 0.011487
v -0.014011 0.010886 0.011275
v -0.014174 0.010886 0.012513
v -0.014276 0.010886 0.012265
v -0.014311 0.010886 0.012000
v -0.013552 0.010886 0.012990
v -0.013799 0.010886 0.012888
v -0.014011 0.010886 0.012725
v -0.012774 0.010886 0.012888
v -0.013021 0.010886 0.012990
v -0.013286 0.010886 0.013025
v -0.012296 0.010886 0.012265
v -0.012399 0.010886 0.012513
v -0.012562 0.010886 0.012725
v -0.012399 0.010886 0.011487
v -0.012296 0.010886 0.011735
v -0.012261 0.010886 0.012000
v -0.012774 0.010886 0.011112
v -0.012562 0.010886 0.011275
v -0.019799 0.010886 0.011112
v -0.019552 0.010886 0.011010
v -0.019286 0.010886 0.012000
v -0.019286 0.010886 0.010975
v -0.019021 0.010886 0.011010
v -0.020276 0.010886 0.011735
v -0.020174 0.010886 0.011487
v -0.020011 0.010886 0.011275
v -0.020174 0.010886 0.012513
v -0.020276 0.010886 0.012265
v -0.020311 0.010886 0.012000
v -0.019552 0.010886 0.012990
v -0.019799 0.010886 0.012888
v -0.020011 0.010886 0.012725
v -0.018774 0.010886 0.012888
v -0.019021 0.010886 0.012990
v -0.019286 0.010886 0.013025
v -0.018296 0.010886 0.012265
v -0.018399 0.010886 0.012513
v -0.018562 0.010886 0.012725
v -0.018399 0.010886 0.011487
v -0.018296 0.010886 0.011735
v -0.018261 0.010886 0.012000
v -0.018774 0.010886 0.011112
v -0.018562 0.010886 0.011275
v -0.019831 0.010886 0.006169
v -0.019933 0.010886 0.005922
v -0.018943 0.010886 0.005657
v -0.019968 0.010886 0.005657
v -0.019933 0.010886 0.005392
v -0.019209 0.010886 0.006647
v -0.019456 0.010886 0.006545
v -0.019668 0.010886 0.006382
v -0.018431 0.010886 0.006545
v -0.018678 0.010886 0.006647
v -0.018943 0.010886 0.006682
v -0.017953 0.010886 0.005922
v -0.018056 0.010886 0.006169
v -0.018218 0.010886 0.006382
v -0.018056 0.010886 0.005144
v -0.017953 0.010886 0.005392
v -0.017918 0.010886 0.005657
v -0.018678 0.010886 0.004667
v -0.018431 0.010886 0.004769
v -0.018218 0.010886 0.004932
v -0.019456 0.010886 0.004769
v -0.019209 0.010886 0.004667
v -0.018943 0.010886 0.004632
v -0.019831 0.010886 0.005144
v -0.019668 0.010886 0.004932
v -0.008517 0.010886 0.006169
v -0.008620 0.010886 0.005922
v -0.007630 0.010886 0.005657
v -0.008655 0.010886 0.005657
v -0.008620 0.010886 0.005392
v -0.007895 0.010886 0.006647
v -0.008142 0.010886 0.006545
v -0.008354 0.010886 0.006382
v -0.007117 0.010886 0.006545
v -0.007364 0.010886 0.006647
v -0.007630 0.010886 0.006682
v -0.006639 0.010886 0.005922
v -0.006742 0.010886 0.006169
v -0.006905 0.010886 0.006382
v -0.006742 0.010886 0.005144
v -0.006639 0.010886 0.005392
v -0.006605 0.010886 0.005657
v -0.007364 0.010886 0.004667
v -0.007117 0.010886 0.004769
v -0.006905 0.010886 0.004932
v -0.008142 0.010886 0.004769
v -0.007895 0.010886 0.004667
v -0.007630 0.010886 0.004632
v -0.008517 0.010886 0.005144
v -0.008354 0.010886 0.004932
v -0.019831 0.010886 -0.005144
v -0.019933 0.010886 -0.005392
v -0.018943 0.010886 -0.005657
v -0.019968 0.010886 -0.005657
v -0.019933 0.010886 -0.005922
v -0.019209 0.010886 -0.004667
v -0.019456 0.010886 -0.004769
v -0.019668 0.010886 -0.004932
v -0.018431 0.010886 -0.004769
v -0.018678 0.010886 -0.004667
v -0.018943 0.010886 -0.004632
v -0.017953 0.010886 -0.005392
v -0.018056 0.010886 -0.005144
v -0.018218 0.010886 -0.004932
v -0.018056 0.010886 -0.006169
v -0.017953 0.010886 -0.005922
v -0.017918 0.010886 -0.005657
v -0.018678 0.010886 -0.006647
v -0.018431 0.010886 -0.006545
v -0.018218 0.010886 -0.006382
v -0.019456 0.010886 -0.006545
v -0.019209 0.010886 -0.006647
v -0.018943 0.010886 -0.006682
v -0.019831 0.010886 -0.006169
v -0.019668 0.010886 -0.006382
v -0.008517 0.010886 -0.005144
v -0.008620 0.010886 -0.005392
v -0.007630 0.010886 -0.005657
v -0.008655 0.010886 -0.005657
v -0.008620 0.010886 -0.005922
v -0.007895 0.010886 -0.004667
v -0.008142 0.010886 -0.004769
v -0.008354 0.010886 -0.004932
v -0.007117 0.010886 -0.004769
v -0.007364 0.010886 -0.004667
v -0.007630 0.010886 -0.004632
v -0.006639 0.010886 -0.005392
v -0.006742 0.010886 -0.005144
v -0.006905 0.010886 -0.004932
v -0.006742 0.010886 -0.006169
v -0.006639 0.010886 -0.005922
v -0.006605 0.010886 -0.005657
v -0.007364 0.010886 -0.006647
v -0.007117 0.010886 -0.006545
v -0.006905 0.010886 -0.006382
v -0.008142 0.010886 -0.006545
v -0.007895 0.010886 -0.006647
v -0.007630 0.010886 -0.006682
v -0.008517 0.010886 -0.006169
v -0.008354 0.010886 -0.006382
v -0.014174 0.010886 0.006512
v -0.014276 0.010886 0.006265
v -0.013286 0.010886 0.006000
v -0.014311 0.010886 0.006000
v -0.014276 0.010886 0.005735
v -0.013552 0.010886 0.006990
v -0.013799 0.010886 0.006888
v -0.014011 0.010886 0.006725
v -0.012774 0.010886 0.006888
v -0.013021 0.010886 0.006990
v -0.013286 0.010886 0.007025
v -0.012296 0.010886 0.006265
v -0.012399 0.010886 0.006512
v -0.012562 0.010886 0.006725
v -0.012399 0.010886 0.005488
v -0.012296 0.010886 0.005735
v -0.012261 0.010886 0.006000
v -0.013021 0.010886 0.005010
v -0.012774 0.010886 0.005112
v -0.012562 0.010886 0.005275
v -0.013799 0.010886 0.005112
v -0.013552 0.010886 0.005010
v -0.013286 0.010886 0.004975
v -0.014174 0.010886 0.005488
v -0.014011 0.010886 0.005275
v -0.012399 0.010886 -0.006512
v -0.012296 0.010886 -0.006265
v -0.013286 0.010886 -0.006000
v -0.012261 0.010886 -0.006000
v -0.012296 0.010886 -0.005735
v -0.013021 0.010886 -0.006990
v -0.012774 0.010886 -0.006888
v -0.012562 0.010886 -0.006725
v -0.013799 0.010886 -0.006888
v -0.013552 0.010886 -0.006990
v -0.013286 0.010886 -0.007025
v -0.014276 0.010886 -0.006265
v -0.014174 0.010886 -0.006512
v -0.014011 0.010886 -0.006725
v -0.014174 0.010886 -0.005488
v -0.014276 0.010886 -0.005735
v -0.014311 0.010886 -0.006000
v -0.013552 0.010886 -0.005010
v -0.013799 0.010886 -0.005112
v -0.014011 0.010886 -0.005275
v -0.012774 0.010886 -0.005112
v -0.013021 0.010886 -0.005010
v -0.013286 0.010886 -0.004975
v -0.012399 0.010886 -0.005488
v -0.012562 0.010886 -0.005275
v -0.010328 0.009386 -0.005125
v -0.010328 0.007886 -0.005125
v -0.010128 0.007886 -0.004508
v -0.010128 0.009386 -0.004508
v -0.009790 0.007886 -0.003955
v -0.009790 0.009386 -0.003955
v -0.009331 0.007886 -0.003497
v -0.009331 0.009386 -0.003497
v -0.008778 0.007886 -0.003158
v -0.008778 0.009386 -0.003158
v -0.008162 0.007886 -0.002959
v -0.008162 0.009386 -0.002959
v -0.011286 0.009386 -0.003464
v -0.011286 0.008386 -0.003464
v -0.011036 0.007886 -0.003897
v -0.011101 0.007903 -0.003785
v -0.011278 0.008256 -0.003479
v -0.011253 0.008136 -0.003522
v -0.011213 0.008032 -0.003591
v -0.011161 0.007953 -0.003681
v -0.012132 0.008146 -0.003894
v -0.012132 0.008136 -0.003900
v -0.012132 0.008032 -0.003982
v -0.012132 0.008016 -0.004000
v -0.012101 0.007969 -0.004054
v -0.012132 0.008105 -0.003920
v -0.012132 0.008386 -0.003830
v -0.012132 0.008304 -0.003837
v -0.012132 0.008256 -0.003848
v -0.012132 0.008252 -0.003849
v -0.011959 0.007886 -0.004300
v -0.012020 0.007900 -0.004193
v -0.012087 0.007953 -0.004077
v -0.012046 0.007915 -0.004149
v -0.012025 0.007903 -0.004185
v -0.011429 0.007886 -0.005217
v -0.011429 0.009686 -0.005217
v -0.010977 0.007886 -0.006000
v -0.010977 0.009686 -0.006000
v -0.011679 0.007886 -0.004783
v -0.011679 0.009686 -0.004783
v -0.012132 0.009686 -0.004000
v -0.011295 0.007886 -0.006550
v -0.011295 0.009686 -0.006550
v -0.011035 0.009686 -0.007000
v -0.011035 0.007886 -0.007000
v -0.011112 0.007886 -0.006990
v -0.011112 0.009686 -0.006990
v -0.011185 0.007886 -0.006960
v -0.011185 0.009686 -0.006960
v -0.011247 0.007886 -0.006912
v -0.011247 0.009686 -0.006912
v -0.011295 0.007886 -0.006850
v -0.011295 0.009686 -0.006850
v -0.011325 0.007886 -0.006778
v -0.011325 0.009686 -0.006778
v -0.011335 0.007886 -0.006700
v -0.011335 0.009686 -0.006700
v -0.011325 0.007886 -0.006622
v -0.011325 0.009686 -0.006622
v -0.010036 0.007886 -0.007000
v -0.010036 0.009686 -0.007000
v -0.009132 0.007886 -0.007000
v -0.009132 0.009686 -0.007000
v -0.010536 0.007886 -0.007000
v -0.010536 0.009686 -0.007000
v -0.016036 0.007886 -0.007000
v -0.016036 0.009686 -0.007000
v -0.015538 0.007886 -0.007000
v -0.015538 0.009686 -0.007000
v -0.017441 0.007886 -0.007000
v -0.017441 0.009686 -0.007000
v -0.016536 0.007886 -0.007000
v -0.016536 0.009686 -0.007000
v -0.008964 0.007886 -0.006789
v -0.008964 0.009686 -0.006789
v -0.008431 0.009686 -0.007212
v -0.008431 0.007886 -0.007212
v -0.008011 0.009686 -0.007365
v -0.008011 0.007886 -0.007365
v -0.007566 0.009686 -0.007406
v -0.007566 0.007886 -0.007406
v -0.007125 0.009686 -0.007332
v -0.007125 0.007886 -0.007332
v -0.006717 0.009686 -0.007150
v -0.006717 0.007886 -0.007150
v -0.006368 0.009686 -0.006870
v -0.006368 0.007886 -0.006870
v -0.006102 0.009686 -0.006511
v -0.006102 0.007886 -0.006511
v -0.005935 0.009686 -0.006096
v -0.005935 0.007886 -0.006096
v -0.005880 0.009686 -0.005652
v -0.005880 0.007886 -0.005652
v -0.005938 0.009686 -0.005209
v -0.005938 0.007886 -0.005209
v -0.006107 0.009686 -0.004795
v -0.006107 0.007886 -0.004795
v -0.006375 0.009686 -0.004437
v -0.006375 0.007886 -0.004437
v -0.006725 0.009686 -0.004159
v -0.006725 0.007886 -0.004159
v -0.007134 0.009686 -0.003979
v -0.007134 0.007886 -0.003979
v -0.007575 0.009686 -0.003908
v -0.007575 0.007886 -0.003908
v -0.008020 0.009686 -0.003951
v -0.008020 0.007886 -0.003951
v -0.008440 0.009686 -0.004106
v -0.008440 0.007886 -0.004106
v -0.008806 0.009686 -0.004361
v -0.008806 0.007886 -0.004361
v -0.009096 0.009686 -0.004702
v -0.009096 0.007886 -0.004702
v -0.009290 0.009686 -0.005105
v -0.009290 0.007886 -0.005105
v -0.009376 0.009686 -0.005543
v -0.009376 0.007886 -0.005543
v -0.009348 0.009686 -0.005989
v -0.009348 0.007886 -0.005989
v -0.009207 0.009686 -0.006414
v -0.009207 0.007886 -0.006414
v -0.008766 0.007886 -0.007634
v -0.008766 0.009686 -0.007634
v -0.007977 0.009686 -0.009000
v -0.007977 0.007886 -0.009000
v -0.008483 0.009686 -0.008124
v -0.008295 0.007886 -0.009550
v -0.008295 0.009686 -0.009550
v -0.008035 0.009686 -0.010000
v -0.008035 0.007886 -0.010000
v -0.008112 0.007886 -0.009990
v -0.008112 0.009686 -0.009990
v -0.008185 0.007886 -0.009960
v -0.008185 0.009686 -0.009960
v -0.008247 0.007886 -0.009912
v -0.008247 0.009686 -0.009912
v -0.008295 0.007886 -0.009850
v -0.008295 0.009686 -0.009850
v -0.008325 0.007886 -0.009778
v -0.008325 0.009686 -0.009778
v -0.008335 0.007886 -0.009700
v -0.008335 0.009686 -0.009700
v -0.008325 0.007886 -0.009622
v -0.008325 0.009686 -0.009622
v -0.007036 0.007886 -0.010000
v -0.007036 0.009686 -0.010000
v -0.006363 0.007886 -0.010000
v -0.006132 0.009686 -0.010000
v -0.006132 0.007886 -0.010000
v -0.007536 0.007886 -0.010000
v -0.007536 0.009686 -0.010000
v -0.019036 0.007886 -0.010000
v -0.019036 0.009686 -0.010000
v -0.018538 0.007886 -0.010000
v -0.018538 0.009686 -0.010000
v -0.019536 0.009686 -0.010000
v -0.019536 0.007886 -0.010000
v -0.020140 0.009686 -0.010000
v -0.020210 0.007886 -0.010000
v -0.020441 0.009686 -0.010000
v -0.020441 0.007886 -0.010000
v -0.014035 0.007886 -0.010000
v -0.014035 0.009686 -0.010000
v -0.013536 0.007886 -0.010000
v -0.013536 0.009686 -0.010000
v -0.013036 0.007886 -0.010000
v -0.013036 0.009686 -0.010000
v -0.012538 0.007886 -0.010000
v -0.012538 0.009686 -0.010000
v -0.004977 0.009686 -0.012000
v -0.004977 0.007886 -0.012000
v -0.005816 0.009686 -0.010548
v -0.006090 0.009686 -0.010073
v -0.005679 0.007886 -0.013217
v -0.005679 0.009686 -0.013217
v -0.006132 0.007886 -0.014000
v -0.006132 0.009686 -0.014000
v -0.005429 0.007886 -0.012783
v -0.005429 0.009686 -0.012783
v -0.006363 0.007886 -0.014000
v -0.008441 0.009686 -0.014000
v -0.008441 0.007886 -0.014000
v -0.009143 0.007886 -0.012783
v -0.009143 0.009686 -0.012783
v -0.009596 0.007886 -0.012000
v -0.009596 0.009686 -0.012000
v -0.008893 0.009686 -0.013217
v -0.008893 0.007886 -0.013217
v -0.008483 0.009686 -0.013927
v -0.009278 0.007886 -0.011450
v -0.009278 0.009686 -0.011450
v -0.009538 0.009686 -0.011000
v -0.009538 0.007886 -0.011000
v -0.009460 0.007886 -0.011010
v -0.009460 0.009686 -0.011010
v -0.009388 0.007886 -0.011040
v -0.009388 0.009686 -0.011040
v -0.009326 0.007886 -0.011088
v -0.009326 0.009686 -0.011088
v -0.009278 0.007886 -0.011150
v -0.009278 0.009686 -0.011150
v -0.009248 0.007886 -0.011222
v -0.009248 0.009686 -0.011222
v -0.009238 0.007886 -0.011300
v -0.009238 0.009686 -0.011300
v -0.009248 0.007886 -0.011378
v -0.009248 0.009686 -0.011378
v -0.010536 0.007886 -0.011000
v -0.010536 0.009686 -0.011000
v -0.011035 0.007886 -0.011000
v -0.011035 0.009686 -0.011000
v -0.010036 0.007886 -0.011000
v -0.010036 0.009686 -0.011000
v -0.011112 0.009686 -0.011010
v -0.011112 0.007886 -0.011010
v -0.011185 0.009686 -0.011040
v -0.011185 0.007886 -0.011040
v -0.011247 0.009686 -0.011088
v -0.011247 0.007886 -0.011088
v -0.011295 0.009686 -0.011150
v -0.011295 0.007886 -0.011150
v -0.011325 0.009686 -0.011222
v -0.011325 0.007886 -0.011222
v -0.011335 0.009686 -0.011300
v -0.011335 0.007886 -0.011300
v -0.011325 0.009686 -0.011378
v -0.011325 0.007886 -0.011378
v -0.011295 0.009686 -0.011450
v -0.011295 0.007886 -0.011450
v -0.010977 0.007886 -0.012000
v -0.010977 0.009686 -0.012000
v -0.011679 0.007886 -0.013217
v -0.011679 0.009686 -0.013217
v -0.012132 0.007886 -0.014000
v -0.012132 0.009686 -0.014000
v -0.011429 0.007886 -0.012783
v -0.011429 0.009686 -0.012783
v -0.013286 0.007886 -0.014000
v -0.014441 0.009686 -0.014000
v -0.014441 0.007886 -0.014000
v -0.014323 0.009686 -0.014000
v -0.012250 0.009686 -0.014000
v -0.015143 0.007886 -0.012783
v -0.015143 0.009686 -0.012783
v -0.015596 0.007886 -0.012000
v -0.015596 0.009686 -0.012000
v -0.014893 0.007886 -0.013217
v -0.014893 0.009686 -0.013217
v -0.015278 0.007886 -0.011450
v -0.015278 0.009686 -0.011450
v -0.015538 0.009686 -0.011000
v -0.015538 0.007886 -0.011000
v -0.015460 0.007886 -0.011010
v -0.015460 0.009686 -0.011010
v -0.015388 0.007886 -0.011040
v -0.015388 0.009686 -0.011040
v -0.015326 0.007886 -0.011088
v -0.015326 0.009686 -0.011088
v -0.015278 0.007886 -0.011150
v -0.015278 0.009686 -0.011150
v -0.015248 0.007886 -0.011222
v -0.015248 0.009686 -0.011222
v -0.015238 0.007886 -0.011300
v -0.015238 0.009686 -0.011300
v -0.015248 0.007886 -0.011378
v -0.015248 0.009686 -0.011378
v -0.016536 0.007886 -0.011000
v -0.016536 0.009686 -0.011000
v -0.017035 0.007886 -0.011000
v -0.017035 0.009686 -0.011000
v -0.016036 0.007886 -0.011000
v -0.016036 0.009686 -0.011000
v -0.017112 0.009686 -0.011010
v -0.017112 0.007886 -0.011010
v -0.017185 0.009686 -0.011040
v -0.017185 0.007886 -0.011040
v -0.017247 0.009686 -0.011088
v -0.017247 0.007886 -0.011088
v -0.017295 0.009686 -0.011150
v -0.017295 0.007886 -0.011150
v -0.017325 0.009686 -0.011222
v -0.017325 0.007886 -0.011222
v -0.017335 0.009686 -0.011300
v -0.017335 0.007886 -0.011300
v -0.017325 0.009686 -0.011378
v -0.017325 0.007886 -0.011378
v -0.017295 0.009686 -0.011450
v -0.017295 0.007886 -0.011450
v -0.016977 0.007886 -0.012000
v -0.016977 0.009686 -0.012000
v -0.017679 0.007886 -0.013217
v -0.017679 0.009686 -0.013217
v -0.018132 0.007886 -0.014000
v -0.018132 0.009686 -0.014000
v -0.017429 0.007886 -0.012783
v -0.017429 0.009686 -0.012783
v -0.020210 0.007886 -0.014000
v -0.020140 0.009686 -0.014000
v -0.020441 0.007886 -0.014000
v -0.020441 0.009686 -0.014000
v -0.021143 0.007886 -0.012783
v -0.021143 0.009686 -0.012783
v -0.021596 0.007886 -0.012000
v -0.021596 0.009686 -0.012000
v -0.020893 0.007886 -0.013217
v -0.020893 0.009686 -0.013217
v -0.020757 0.009686 -0.010548
v -0.020483 0.009686 -0.010073
v -0.021040 0.009686 -0.012723
v -0.021040 0.009386 -0.012723
v -0.020790 0.009686 -0.013157
v -0.020790 0.009386 -0.013157
v -0.017783 0.009686 -0.013157
v -0.017783 0.009386 -0.013157
v -0.017533 0.009686 -0.012723
v -0.017533 0.009386 -0.012723
v -0.016536 0.009686 -0.010880
v -0.016536 0.009386 -0.010880
v -0.016036 0.009686 -0.010880
v -0.016036 0.009386 -0.010880
v -0.015040 0.009686 -0.012723
v -0.015040 0.009386 -0.012723
v -0.014790 0.009686 -0.013157
v -0.014790 0.009386 -0.013157
v -0.011783 0.009686 -0.013157
v -0.011783 0.009386 -0.013157
v -0.011533 0.009686 -0.012723
v -0.011533 0.009386 -0.012723
v -0.010536 0.009686 -0.010880
v -0.010536 0.009386 -0.010880
v -0.010036 0.009686 -0.010880
v -0.010036 0.009386 -0.010880
v -0.009040 0.009686 -0.012723
v -0.009040 0.009386 -0.012723
v -0.008790 0.009686 -0.013157
v -0.008790 0.009386 -0.013157
v -0.005783 0.009686 -0.013157
v -0.005783 0.009386 -0.013157
v -0.005533 0.009686 -0.012723
v -0.005533 0.009386 -0.012723
v -0.007036 0.009686 -0.010073
v -0.007036 0.009386 -0.010120
v -0.007036 0.009686 -0.010120
v -0.007536 0.009686 -0.010120
v -0.007536 0.009386 -0.010120
v -0.007536 0.009686 -0.010073
v -0.018460 0.009686 -0.009990
v -0.018460 0.007886 -0.009990
v -0.018388 0.009686 -0.009960
v -0.018388 0.007886 -0.009960
v -0.018326 0.009686 -0.009912
v -0.018326 0.007886 -0.009912
v -0.018278 0.009686 -0.009850
v -0.018278 0.007886 -0.009850
v -0.018248 0.009686 -0.009778
v -0.018248 0.007886 -0.009778
v -0.018238 0.009686 -0.009700
v -0.018238 0.007886 -0.009700
v -0.018248 0.009686 -0.009622
v -0.018248 0.007886 -0.009622
v -0.018278 0.009686 -0.009550
v -0.018278 0.007886 -0.009550
v -0.018596 0.007886 -0.009000
v -0.018596 0.009686 -0.009000
v -0.017807 0.007886 -0.007634
v -0.017807 0.009686 -0.007634
v -0.018142 0.007886 -0.007212
v -0.018142 0.009686 -0.007212
v -0.017609 0.009686 -0.006789
v -0.017609 0.007886 -0.006789
v -0.017366 0.009686 -0.006414
v -0.017366 0.007886 -0.006414
v -0.017225 0.009686 -0.005989
v -0.017225 0.007886 -0.005989
v -0.017197 0.009686 -0.005543
v -0.017197 0.007886 -0.005543
v -0.017283 0.009686 -0.005105
v -0.017283 0.007886 -0.005105
v -0.017477 0.009686 -0.004702
v -0.017477 0.007886 -0.004702
v -0.017767 0.009686 -0.004361
v -0.017767 0.007886 -0.004361
v -0.018133 0.009686 -0.004106
v -0.018133 0.007886 -0.004106
v -0.018553 0.009686 -0.003951
v -0.018553 0.007886 -0.003951
v -0.018998 0.009686 -0.003908
v -0.018998 0.007886 -0.003908
v -0.019439 0.009686 -0.003979
v -0.019439 0.007886 -0.003979
v -0.019848 0.009686 -0.004159
v -0.019848 0.007886 -0.004159
v -0.020198 0.009686 -0.004437
v -0.020198 0.007886 -0.004437
v -0.020466 0.009686 -0.004795
v -0.020466 0.007886 -0.004795
v -0.020635 0.009686 -0.005209
v -0.020635 0.007886 -0.005209
v -0.020693 0.009686 -0.005652
v -0.020693 0.007886 -0.005652
v -0.020637 0.009686 -0.006096
v -0.020637 0.007886 -0.006096
v -0.020471 0.009686 -0.006511
v -0.020471 0.007886 -0.006511
v -0.020205 0.009686 -0.006870
v -0.020205 0.007886 -0.006870
v -0.019856 0.009686 -0.007150
v -0.019856 0.007886 -0.007150
v -0.019448 0.009686 -0.007332
v -0.019448 0.007886 -0.007332
v -0.019007 0.009686 -0.007406
v -0.019007 0.007886 -0.007406
v -0.018562 0.009686 -0.007365
v -0.018562 0.007886 -0.007365
v -0.019036 0.009686 -0.010073
v -0.019036 0.009386 -0.010120
v -0.019036 0.009686 -0.010120
v -0.019536 0.009686 -0.010120
v -0.019536 0.009386 -0.010120
v -0.019536 0.009686 -0.010073
v -0.013536 0.009686 -0.010120
v -0.013536 0.009386 -0.010120
v -0.013536 0.009686 -0.010073
v -0.013036 0.009386 -0.010120
v -0.013036 0.009686 -0.010120
v -0.013036 0.009686 -0.010073
v -0.014112 0.007886 -0.009990
v -0.014112 0.009686 -0.009990
v -0.014185 0.007886 -0.009960
v -0.014185 0.009686 -0.009960
v -0.014247 0.007886 -0.009912
v -0.014247 0.009686 -0.009912
v -0.014295 0.007886 -0.009850
v -0.014295 0.009686 -0.009850
v -0.014325 0.007886 -0.009778
v -0.014325 0.009686 -0.009778
v -0.014335 0.007886 -0.009700
v -0.014335 0.009686 -0.009700
v -0.014325 0.007886 -0.009622
v -0.014325 0.009686 -0.009622
v -0.014324 0.009686 -0.009619
v -0.014295 0.007886 -0.009550
v -0.014295 0.009686 -0.009550
v -0.013977 0.007886 -0.009000
v -0.013977 0.009686 -0.009000
v -0.014295 0.007886 -0.008450
v -0.014295 0.009686 -0.008450
v -0.014035 0.007886 -0.008000
v -0.014035 0.009686 -0.008000
v -0.014112 0.009686 -0.008010
v -0.014112 0.007886 -0.008010
v -0.014185 0.009686 -0.008040
v -0.014185 0.007886 -0.008040
v -0.014247 0.009686 -0.008088
v -0.014247 0.007886 -0.008088
v -0.014295 0.009686 -0.008150
v -0.014295 0.007886 -0.008150
v -0.014325 0.009686 -0.008222
v -0.014325 0.007886 -0.008222
v -0.014335 0.009686 -0.008300
v -0.014335 0.007886 -0.008300
v -0.014325 0.009686 -0.008378
v -0.014325 0.007886 -0.008378
v -0.014324 0.009686 -0.008381
v -0.013536 0.007886 -0.008000
v -0.013536 0.009686 -0.008000
v -0.012538 0.007886 -0.008000
v -0.012538 0.009686 -0.008000
v -0.013036 0.007886 -0.008000
v -0.013036 0.009686 -0.008000
v -0.013536 0.009686 -0.007927
v -0.013536 0.009386 -0.007880
v -0.013536 0.009686 -0.007880
v -0.013036 0.009686 -0.007880
v -0.013036 0.009386 -0.007880
v -0.013036 0.009686 -0.007927
v -0.012460 0.007886 -0.008010
v -0.012460 0.009686 -0.008010
v -0.012388 0.007886 -0.008040
v -0.012388 0.009686 -0.008040
v -0.012326 0.007886 -0.008088
v -0.012326 0.009686 -0.008088
v -0.012278 0.007886 -0.008150
v -0.012278 0.009686 -0.008150
v -0.012248 0.007886 -0.008222
v -0.012248 0.009686 -0.008222
v -0.012238 0.007886 -0.008300
v -0.012238 0.009686 -0.008300
v -0.012248 0.007886 -0.008378
v -0.012248 0.009686 -0.008378
v -0.012278 0.007886 -0.008450
v -0.012278 0.009686 -0.008450
v -0.012596 0.007886 -0.009000
v -0.012596 0.009686 -0.009000
v -0.012278 0.007886 -0.009550
v -0.012278 0.009686 -0.009550
v -0.012460 0.009686 -0.009990
v -0.012460 0.007886 -0.009990
v -0.012388 0.009686 -0.009960
v -0.012388 0.007886 -0.009960
v -0.012326 0.009686 -0.009912
v -0.012326 0.007886 -0.009912
v -0.012278 0.009686 -0.009850
v -0.012278 0.007886 -0.009850
v -0.012248 0.009686 -0.009778
v -0.012248 0.007886 -0.009778
v -0.012238 0.009686 -0.009700
v -0.012238 0.007886 -0.009700
v -0.012248 0.009686 -0.009622
v -0.012248 0.007886 -0.009622
v -0.010036 0.009686 -0.007120
v -0.010036 0.009386 -0.007120
v -0.010536 0.009686 -0.007120
v -0.010536 0.009386 -0.007120
v -0.015460 0.009686 -0.006990
v -0.015460 0.007886 -0.006990
v -0.015388 0.009686 -0.006960
v -0.015388 0.007886 -0.006960
v -0.015326 0.009686 -0.006912
v -0.015326 0.007886 -0.006912
v -0.015278 0.009686 -0.006850
v -0.015278 0.007886 -0.006850
v -0.015248 0.009686 -0.006778
v -0.015248 0.007886 -0.006778
v -0.015238 0.009686 -0.006700
v -0.015238 0.007886 -0.006700
v -0.015248 0.009686 -0.006622
v -0.015248 0.007886 -0.006622
v -0.015278 0.009686 -0.006550
v -0.015278 0.007886 -0.006550
v -0.015596 0.007886 -0.006000
v -0.015596 0.009686 -0.006000
v -0.016036 0.009686 -0.007120
v -0.016036 0.009386 -0.007120
v -0.016536 0.009686 -0.007120
v -0.016536 0.009386 -0.007120
v -0.011533 0.009686 -0.005277
v -0.011533 0.009386 -0.005277
v -0.011783 0.009686 -0.004843
v -0.011783 0.009386 -0.004843
v -0.012132 0.009686 -0.003830
v -0.009307 0.009386 0.014500
v -0.010286 0.009386 0.012804
v -0.009307 0.007886 0.014500
v -0.010286 0.007886 0.012804
v -0.011266 0.009386 0.014500
v -0.011266 0.007886 0.014500
v -0.004286 0.005886 0.014500
v -0.004286 0.009386 0.014500
v -0.004286 0.009386 0.012804
v -0.004286 0.007886 0.012804
v -0.004286 0.007886 0.012598
v -0.004286 0.007886 0.012500
v -0.004286 0.009386 -0.012804
v -0.004286 0.009386 -0.014500
v -0.004286 0.007886 -0.012804
v -0.004286 0.005886 -0.014500
v -0.004286 0.007886 -0.012500
v -0.005266 0.009386 0.014500
v -0.005266 0.007886 0.014500
v -0.003786 0.005886 0.014500
v -0.003786 0.007886 0.012500
v -0.003286 0.006593 0.014500
v -0.003286 0.008386 0.012707
v -0.003786 0.007886 -0.009148
v -0.003786 0.007886 -0.012500
v -0.003286 0.008386 -0.012707
v -0.003786 0.007886 0.009148
v -0.003786 0.007886 0.006852
v -0.003786 0.007886 -0.000000
v -0.003786 0.007886 -0.006852
v -0.003286 0.006593 -0.014500
v -0.003786 0.005886 -0.014500
v -0.005266 0.009386 -0.014500
v -0.005266 0.007886 -0.014500
v -0.004286 0.009386 0.011196
v -0.004286 0.009386 0.009497
v -0.004286 0.007886 0.011196
v -0.004286 0.007886 0.009497
v -0.005098 0.009386 0.009790
v -0.005098 0.007886 0.009790
v -0.004674 0.007886 0.009693
v -0.004674 0.009386 0.009693
v -0.004286 0.009386 0.001732
v -0.006640 0.009386 0.003091
v -0.004286 0.007886 0.001732
v -0.006640 0.007886 0.003091
v -0.004941 0.009386 0.006234
v -0.004941 0.007886 0.006234
v -0.004880 0.007886 0.005590
v -0.004880 0.009386 0.005590
v -0.004972 0.007886 0.004950
v -0.004972 0.009386 0.004950
v -0.005211 0.007886 0.004349
v -0.005211 0.009386 0.004349
v -0.005583 0.007886 0.003820
v -0.005583 0.009386 0.003820
v -0.006068 0.007886 0.003393
v -0.006068 0.009386 0.003393
v -0.004286 0.009386 0.006503
v -0.004286 0.007886 0.006503
v -0.004600 0.007886 0.006336
v -0.004600 0.009386 0.006336
v -0.016286 0.009386 0.012804
v -0.017266 0.009386 0.014500
v -0.016286 0.007886 0.012804
v -0.017266 0.007886 0.014500
v -0.015307 0.009386 0.014500
v -0.015307 0.007886 0.014500
v -0.022286 0.009386 0.012804
v -0.022286 0.009386 0.014500
v -0.022286 0.007886 0.012804
v -0.022286 0.005886 0.014500
v -0.022286 0.007886 0.012598
v -0.022286 0.007886 0.012500
v -0.022286 0.009386 -0.014500
v -0.022286 0.009386 -0.012804
v -0.022286 0.005886 -0.014500
v -0.022286 0.007886 -0.012804
v -0.022286 0.007886 -0.012500
v -0.021307 0.009386 0.014500
v -0.021307 0.007886 0.014500
v -0.022786 0.007886 0.012500
v -0.022786 0.005886 0.014500
v -0.023286 0.006593 0.014500
v -0.023286 0.008386 0.012707
v -0.022786 0.005886 -0.014500
v -0.022786 0.007886 -0.012500
v -0.021307 0.009386 -0.014500
v -0.021307 0.007886 -0.014500
v -0.022286 0.009386 0.009497
v -0.022286 0.007886 0.009497
v -0.021898 0.007886 0.009693
v -0.021898 0.009386 0.009693
v -0.021475 0.007886 0.009790
v -0.021475 0.009386 0.009790
v -0.022286 0.009386 0.011196
v -0.022286 0.007886 0.011196
v -0.019933 0.009386 0.003091
v -0.019933 0.007886 0.003091
v -0.020504 0.007886 0.003393
v -0.020504 0.009386 0.003393
v -0.020990 0.007886 0.003820
v -0.020990 0.009386 0.003820
v -0.021362 0.007886 0.004349
v -0.021362 0.009386 0.004349
v -0.021601 0.007886 0.004950
v -0.021601 0.009386 0.004950
v -0.021692 0.007886 0.005590
v -0.021692 0.009386 0.005590
v -0.021632 0.007886 0.006234
v -0.021632 0.009386 0.006234
v -0.022286 0.009386 0.001732
v -0.022286 0.007886 0.001732
v -0.022286 0.009386 0.006503
v -0.022286 0.007886 0.006503
v -0.021973 0.007886 0.006336
v -0.021973 0.009386 0.006336
v -0.010286 0.009386 -0.012804
v -0.009307 0.009386 -0.014500
v -0.010286 0.007886 -0.012804
v -0.009307 0.007886 -0.014500
v -0.011266 0.009386 -0.014500
v -0.011266 0.007886 -0.014500
v -0.004286 0.009386 -0.009497
v -0.004286 0.007886 -0.009497
v -0.004674 0.007886 -0.009693
v -0.004674 0.009386 -0.009693
v -0.005098 0.007886 -0.009790
v -0.005098 0.009386 -0.009790
v -0.004286 0.009386 -0.011196
v -0.004286 0.007886 -0.011196
v -0.015899 -0.011255 -0.016000
v -0.015899 -0.011255 -0.017300
v -0.015998 -0.011468 -0.016000
v -0.015998 -0.011468 -0.017300
v -0.016145 -0.011653 -0.016000
v -0.016145 -0.011653 -0.017300
v -0.016330 -0.011798 -0.016000
v -0.016330 -0.011798 -0.017300
v -0.016545 -0.011895 -0.016000
v -0.016545 -0.011895 -0.017300
v -0.016776 -0.011940 -0.016000
v -0.016776 -0.011940 -0.017300
v -0.017011 -0.011929 -0.016000
v -0.017011 -0.011929 -0.017300
v -0.017238 -0.011864 -0.016000
v -0.017238 -0.011864 -0.017300
v -0.017442 -0.011747 -0.016000
v -0.017442 -0.011747 -0.017300
v -0.015758 -0.010908 -0.016000
v -0.015758 -0.010908 -0.017300
v -0.015570 -0.010583 -0.016000
v -0.015570 -0.010583 -0.017300
v -0.011002 -0.010583 -0.017300
v -0.011002 -0.010583 -0.016000
v -0.010815 -0.010908 -0.016000
v -0.010815 -0.010908 -0.017300
v -0.010674 -0.011255 -0.016000
v -0.010674 -0.011255 -0.017300
v -0.015459 -0.010362 -0.017300
v -0.015459 -0.010362 -0.016000
v -0.015405 -0.010120 -0.017300
v -0.015405 -0.010120 -0.016000
v -0.015413 -0.009872 -0.017300
v -0.015413 -0.009872 -0.016000
v -0.015481 -0.009634 -0.017300
v -0.015481 -0.009634 -0.016000
v -0.015605 -0.009420 -0.017300
v -0.015605 -0.009420 -0.016000
v -0.015778 -0.009243 -0.017300
v -0.015778 -0.009243 -0.016000
v -0.016416 -0.008606 -0.016000
v -0.016416 -0.008606 -0.017300
v -0.010157 -0.008606 -0.016000
v -0.010795 -0.009243 -0.016000
v -0.010157 -0.008606 -0.017300
v -0.010795 -0.009243 -0.017300
v -0.017755 -0.008398 -0.016000
v -0.017755 -0.008398 -0.017300
v -0.017534 -0.008287 -0.016000
v -0.017534 -0.008287 -0.017300
v -0.017292 -0.008233 -0.016000
v -0.017292 -0.008233 -0.017300
v -0.017045 -0.008241 -0.016000
v -0.017045 -0.008241 -0.017300
v -0.016807 -0.008309 -0.016000
v -0.016807 -0.008309 -0.017300
v -0.016593 -0.008433 -0.016000
v -0.016593 -0.008433 -0.017300
v -0.018080 -0.008585 -0.016000
v -0.018080 -0.008585 -0.017300
v -0.018427 -0.008727 -0.016000
v -0.018427 -0.008727 -0.017300
v -0.019286 -0.003364 -0.017300
v -0.019286 -0.003364 -0.016000
v -0.018748 -0.003417 -0.016000
v -0.018748 -0.003417 -0.017300
v -0.018231 -0.003575 -0.016000
v -0.018231 -0.003575 -0.017300
v -0.017755 -0.003830 -0.016000
v -0.017755 -0.003830 -0.017300
v -0.017534 -0.003942 -0.017300
v -0.017534 -0.003942 -0.016000
v -0.017292 -0.003995 -0.017300
v -0.017292 -0.003995 -0.016000
v -0.017045 -0.003988 -0.017300
v -0.017045 -0.003988 -0.016000
v -0.016807 -0.003920 -0.017300
v -0.016807 -0.003920 -0.016000
v -0.016593 -0.003796 -0.017300
v -0.016593 -0.003796 -0.016000
v -0.016416 -0.003623 -0.017300
v -0.016416 -0.003623 -0.016000
v -0.010795 -0.002985 -0.016000
v -0.010157 -0.003623 -0.016000
v -0.010795 -0.002985 -0.017300
v -0.010157 -0.003623 -0.017300
v -0.015778 -0.002985 -0.016000
v -0.015778 -0.002985 -0.017300
v -0.008818 -0.003830 -0.016000
v -0.008818 -0.003830 -0.017300
v -0.009039 -0.003942 -0.016000
v -0.009039 -0.003942 -0.017300
v -0.009281 -0.003995 -0.016000
v -0.009281 -0.003995 -0.017300
v -0.009528 -0.003988 -0.016000
v -0.009528 -0.003988 -0.017300
v -0.009766 -0.003920 -0.016000
v -0.009766 -0.003920 -0.017300
v -0.009980 -0.003796 -0.016000
v -0.009980 -0.003796 -0.017300
v -0.008146 -0.008727 -0.017300
v -0.008146 -0.008727 -0.016000
v -0.008493 -0.008585 -0.016000
v -0.008493 -0.008585 -0.017300
v -0.008818 -0.008398 -0.016000
v -0.008818 -0.008398 -0.017300
v -0.008342 -0.003575 -0.016000
v -0.008342 -0.003575 -0.017300
v -0.007824 -0.003417 -0.016000
v -0.007824 -0.003417 -0.017300
v -0.007286 -0.003364 -0.016000
v -0.007286 -0.003364 -0.017300
v -0.009039 -0.008287 -0.017300
v -0.009039 -0.008287 -0.016000
v -0.009281 -0.008233 -0.017300
v -0.009281 -0.008233 -0.016000
v -0.009528 -0.008241 -0.017300
v -0.009528 -0.008241 -0.016000
v -0.009766 -0.008309 -0.017300
v -0.009766 -0.008309 -0.016000
v -0.009980 -0.008433 -0.017300
v -0.009980 -0.008433 -0.016000
v -0.007932 -0.008826 -0.016000
v -0.007932 -0.008826 -0.017300
v -0.007748 -0.008973 -0.016000
v -0.007748 -0.008973 -0.017300
v -0.007603 -0.009158 -0.016000
v -0.007603 -0.009158 -0.017300
v -0.007506 -0.009373 -0.016000
v -0.007506 -0.009373 -0.017300
v -0.007461 -0.009604 -0.016000
v -0.007461 -0.009604 -0.017300
v -0.007472 -0.009839 -0.016000
v -0.007472 -0.009839 -0.017300
v -0.007537 -0.010065 -0.016000
v -0.007537 -0.010065 -0.017300
v -0.007654 -0.010270 -0.016000
v -0.007654 -0.010270 -0.017300
v -0.009131 -0.011747 -0.017300
v -0.009131 -0.011747 -0.016000
v -0.008337 -0.011064 -0.017300
v -0.008337 -0.011064 -0.016000
v -0.009335 -0.011864 -0.016000
v -0.009335 -0.011864 -0.017300
v -0.009561 -0.011929 -0.016000
v -0.009561 -0.011929 -0.017300
v -0.009797 -0.011940 -0.016000
v -0.009797 -0.011940 -0.017300
v -0.010028 -0.011895 -0.016000
v -0.010028 -0.011895 -0.017300
v -0.010242 -0.011798 -0.016000
v -0.010242 -0.011798 -0.017300
v -0.010428 -0.011653 -0.016000
v -0.010428 -0.011653 -0.017300
v -0.010575 -0.011468 -0.016000
v -0.010575 -0.011468 -0.017300
v -0.006485 -0.003364 -0.017300
v -0.006485 -0.003364 -0.016000
v -0.005502 -0.002547 -0.016000
v -0.005502 -0.002547 -0.017300
v -0.005570 -0.002768 -0.016000
v -0.005570 -0.002768 -0.017300
v -0.005687 -0.002967 -0.016000
v -0.005687 -0.002967 -0.017300
v -0.005846 -0.003133 -0.016000
v -0.005846 -0.003133 -0.017300
v -0.006039 -0.003259 -0.016000
v -0.006039 -0.003259 -0.017300
v -0.006256 -0.003338 -0.016000
v -0.006256 -0.003338 -0.017300
v -0.004286 0.003978 -0.016000
v -0.004286 0.003978 -0.017300
v -0.004286 0.009586 -0.017300
v -0.004286 0.009586 -0.016000
v -0.011002 -0.001646 -0.017300
v -0.011002 -0.001646 -0.016000
v -0.011114 -0.001867 -0.017300
v -0.011114 -0.001867 -0.016000
v -0.011167 -0.002109 -0.017300
v -0.011167 -0.002109 -0.016000
v -0.011160 -0.002356 -0.017300
v -0.011160 -0.002356 -0.016000
v -0.011092 -0.002594 -0.017300
v -0.011092 -0.002594 -0.016000
v -0.010968 -0.002808 -0.017300
v -0.010968 -0.002808 -0.016000
v -0.010536 -0.000114 -0.017300
v -0.010536 -0.000114 -0.016000
v -0.010590 -0.000652 -0.016000
v -0.010590 -0.000652 -0.017300
v -0.010747 -0.001169 -0.016000
v -0.010747 -0.001169 -0.017300
v -0.015570 -0.001646 -0.017300
v -0.015570 -0.001646 -0.016000
v -0.015826 -0.001169 -0.016000
v -0.015826 -0.001169 -0.017300
v -0.015983 -0.000652 -0.016000
v -0.015983 -0.000652 -0.017300
v -0.016036 -0.000114 -0.016000
v -0.016036 -0.000114 -0.017300
v -0.015459 -0.001867 -0.016000
v -0.015459 -0.001867 -0.017300
v -0.015405 -0.002109 -0.016000
v -0.015405 -0.002109 -0.017300
v -0.015413 -0.002356 -0.016000
v -0.015413 -0.002356 -0.017300
v -0.015481 -0.002594 -0.016000
v -0.015481 -0.002594 -0.017300
v -0.015605 -0.002808 -0.016000
v -0.015605 -0.002808 -0.017300
v -0.016036 0.009586 -0.017300
v -0.016036 0.009586 -0.016000
v -0.020088 -0.003364 -0.016000
v -0.020088 -0.003364 -0.017300
v -0.020317 -0.003338 -0.016000
v -0.020317 -0.003338 -0.017300
v -0.020534 -0.003259 -0.016000
v -0.020534 -0.003259 -0.017300
v -0.020727 -0.003133 -0.016000
v -0.020727 -0.003133 -0.017300
v -0.020886 -0.002967 -0.016000
v -0.020886 -0.002967 -0.017300
v -0.021003 -0.002768 -0.016000
v -0.021003 -0.002768 -0.017300
v -0.021071 -0.002547 -0.016000
v -0.021071 -0.002547 -0.017300
v -0.022286 0.003978 -0.017300
v -0.022286 0.003978 -0.016000
v -0.022286 0.009586 -0.016000
v -0.022286 0.009586 -0.017300
v -0.011114 -0.010362 -0.016000
v -0.011114 -0.010362 -0.017300
v -0.011167 -0.010120 -0.016000
v -0.011167 -0.010120 -0.017300
v -0.011160 -0.009872 -0.016000
v -0.011160 -0.009872 -0.017300
v -0.011092 -0.009634 -0.016000
v -0.011092 -0.009634 -0.017300
v -0.010968 -0.009420 -0.016000
v -0.010968 -0.009420 -0.017300
v -0.007286 -0.005089 0.014500
v -0.007286 -0.005089 0.015800
v -0.007552 -0.005124 0.014500
v -0.007552 -0.005124 0.015800
v -0.007799 -0.005227 0.014500
v -0.007799 -0.005227 0.015800
v -0.008011 -0.005389 0.014500
v -0.008011 -0.005389 0.015800
v -0.008174 -0.005602 0.014500
v -0.008174 -0.005602 0.015800
v -0.008276 -0.005849 0.014500
v -0.008276 -0.005849 0.015800
v -0.008311 -0.006114 0.014500
v -0.008311 -0.006114 0.015800
v -0.008276 -0.006380 0.014500
v -0.008276 -0.006380 0.015800
v -0.008174 -0.006627 0.014500
v -0.008174 -0.006627 0.015800
v -0.008011 -0.006839 0.014500
v -0.008011 -0.006839 0.015800
v -0.007799 -0.007002 0.014500
v -0.007799 -0.007002 0.015800
v -0.007552 -0.007104 0.014500
v -0.007552 -0.007104 0.015800
v -0.007286 -0.007139 0.014500
v -0.007286 -0.007139 0.015800
v -0.007021 -0.007104 0.014500
v -0.007021 -0.007104 0.015800
v -0.006774 -0.007002 0.014500
v -0.006774 -0.007002 0.015800
v -0.006562 -0.006839 0.014500
v -0.006562 -0.006839 0.015800
v -0.006399 -0.006627 0.014500
v -0.006399 -0.006627 0.015800
v -0.006296 -0.006380 0.014500
v -0.006296 -0.006380 0.015800
v -0.006261 -0.006114 0.014500
v -0.006261 -0.006114 0.015800
v -0.006296 -0.005849 0.014500
v -0.006296 -0.005849 0.015800
v -0.006399 -0.005602 0.014500
v -0.006399 -0.005602 0.015800
v -0.006562 -0.005389 0.014500
v -0.006562 -0.005389 0.015800
v -0.006774 -0.005227 0.014500
v -0.006774 -0.005227 0.015800
v -0.007021 -0.005124 0.014500
v -0.007021 -0.005124 0.015800
v -0.019286 -0.007139 0.014500
v -0.019286 -0.007139 0.015800
v -0.019021 -0.007104 0.014500
v -0.019021 -0.007104 0.015800
v -0.018774 -0.007002 0.014500
v -0.018774 -0.007002 0.015800
v -0.018562 -0.006839 0.014500
v -0.018562 -0.006839 0.015800
v -0.018399 -0.006627 0.014500
v -0.018399 -0.006627 0.015800
v -0.018296 -0.006380 0.014500
v -0.018296 -0.006380 0.015800
v -0.018261 -0.006114 0.014500
v -0.018261 -0.006114 0.015800
v -0.018296 -0.005849 0.014500
v -0.018296 -0.005849 0.015800
v -0.018399 -0.005602 0.014500
v -0.018399 -0.005602 0.015800
v -0.018562 -0.005389 0.014500
v -0.018562 -0.005389 0.015800
v -0.018774 -0.005227 0.014500
v -0.018774 -0.005227 0.015800
v -0.019021 -0.005124 0.014500
v -0.019021 -0.005124 0.015800
v -0.019286 -0.005089 0.014500
v -0.019286 -0.005089 0.015800
v -0.019552 -0.005124 0.014500
v -0.019552 -0.005124 0.015800
v -0.019799 -0.005227 0.014500
v -0.019799 -0.005227 0.015800
v -0.020011 -0.005389 0.014500
v -0.020011 -0.005389 0.015800
v -0.020174 -0.005602 0.014500
v -0.020174 -0.005602 0.015800
v -0.020276 -0.005849 0.014500
v -0.020276 -0.005849 0.015800
v -0.020311 -0.006114 0.014500
v -0.020311 -0.006114 0.015800
v -0.020276 -0.006380 0.014500
v -0.020276 -0.006380 0.015800
v -0.020174 -0.006627 0.014500
v -0.020174 -0.006627 0.015800
v -0.020011 -0.006839 0.014500
v -0.020011 -0.006839 0.015800
v -0.019799 -0.007002 0.014500
v -0.019799 -0.007002 0.015800
v -0.019552 -0.007104 0.014500
v -0.019552 -0.007104 0.015800
v -0.010688 -0.007614 0.017300
v -0.011070 -0.008136 0.014500
v -0.011165 -0.008236 0.017300
v -0.011165 -0.008236 0.014500
v -0.011786 -0.008712 0.017300
v -0.011786 -0.008712 0.014500
v -0.012510 -0.009012 0.017300
v -0.012510 -0.009012 0.014500
v -0.013286 -0.009114 0.017300
v -0.013286 -0.009114 0.014500
v -0.014063 -0.009012 0.017300
v -0.014063 -0.009012 0.014500
v -0.014786 -0.008712 0.017300
v -0.014786 -0.008712 0.014500
v -0.015408 -0.008236 0.017300
v -0.015408 -0.008236 0.014500
v -0.015884 -0.007614 0.017300
v -0.015884 -0.007614 0.014500
v -0.016184 -0.006891 0.017300
v -0.016184 -0.006891 0.014500
v -0.016286 -0.006114 0.017300
v -0.016286 -0.006114 0.014500
v -0.016184 -0.005338 0.017300
v -0.016184 -0.005338 0.014500
v -0.015884 -0.004614 0.017300
v -0.015884 -0.004614 0.014500
v -0.015408 -0.003993 0.017300
v -0.015408 -0.003993 0.014500
v -0.015308 -0.003898 0.014500
v -0.014786 -0.003516 0.017300
v -0.014786 -0.003516 0.014500
v -0.014063 -0.003216 0.017300
v -0.014063 -0.003216 0.014500
v -0.013286 -0.003114 0.017300
v -0.013286 -0.003114 0.014500
v -0.012510 -0.003216 0.017300
v -0.012510 -0.003216 0.014500
v -0.011786 -0.003516 0.017300
v -0.011786 -0.003516 0.014500
v -0.011165 -0.003993 0.017300
v -0.011165 -0.003993 0.014500
v -0.010688 -0.004614 0.017300
v -0.010688 -0.004614 0.014500
v -0.010389 -0.005338 0.017300
v -0.010389 -0.005338 0.014500
v -0.010286 -0.006114 0.017300
v -0.010286 -0.006114 0.014500
v -0.010389 -0.006891 0.017300
v -0.010389 -0.006891 0.014500
v -0.010688 -0.007614 0.014500
v -0.011536 -0.000114 0.015800
v -0.011536 -0.000114 0.017300
v -0.011536 0.009586 0.015800
v -0.011536 0.009586 0.017300
v -0.015036 -0.000114 0.015800
v -0.015036 -0.000114 0.017300
v -0.014977 -0.000567 0.015800
v -0.014977 -0.000567 0.017300
v -0.014802 -0.000989 0.015800
v -0.014802 -0.000989 0.017300
v -0.014524 -0.001352 0.015800
v -0.014524 -0.001352 0.017300
v -0.014161 -0.001630 0.015800
v -0.014161 -0.001630 0.017300
v -0.013739 -0.001805 0.015800
v -0.013739 -0.001805 0.017300
v -0.013286 -0.001864 0.015800
v -0.013286 -0.001864 0.017300
v -0.012833 -0.001805 0.015800
v -0.012833 -0.001805 0.017300
v -0.012411 -0.001630 0.015800
v -0.012411 -0.001630 0.017300
v -0.012049 -0.001352 0.015800
v -0.012049 -0.001352 0.017300
v -0.011771 -0.000989 0.015800
v -0.011771 -0.000989 0.017300
v -0.011596 -0.000567 0.015800
v -0.011596 -0.000567 0.017300
v -0.015036 0.009586 0.017300
v -0.015036 0.009586 0.015800
v -0.019036 -0.010065 0.016000
v -0.018919 -0.010270 0.016000
v -0.018427 -0.008727 0.016000
v -0.018236 -0.011064 0.016000
v -0.017442 -0.011747 0.016000
v -0.016776 -0.011940 0.016000
v -0.018080 -0.008585 0.016000
v -0.016545 -0.011895 0.016000
v -0.016330 -0.011798 0.016000
v -0.016145 -0.011653 0.016000
v -0.015998 -0.011468 0.016000
v -0.015899 -0.011255 0.016000
v -0.015758 -0.010908 0.016000
v -0.015778 -0.009243 0.016000
v -0.016416 -0.008606 0.016000
v -0.017238 -0.011864 0.016000
v -0.017011 -0.011929 0.016000
v -0.015570 -0.010583 0.016000
v -0.015459 -0.010362 0.016000
v -0.015405 -0.010120 0.016000
v -0.015413 -0.009872 0.016000
v -0.015481 -0.009634 0.016000
v -0.015605 -0.009420 0.016000
v -0.016593 -0.008433 0.016000
v -0.016807 -0.008309 0.016000
v -0.017045 -0.008241 0.016000
v -0.019067 -0.009373 0.016000
v -0.019112 -0.009604 0.016000
v -0.019101 -0.009839 0.016000
v -0.017292 -0.008233 0.016000
v -0.017534 -0.008287 0.016000
v -0.017755 -0.008398 0.016000
v -0.018641 -0.008826 0.016000
v -0.018825 -0.008973 0.016000
v -0.018970 -0.009158 0.016000
v -0.011002 -0.010583 0.016000
v -0.010815 -0.010908 0.016000
v -0.010795 -0.009243 0.016000
v -0.010157 -0.008606 0.016000
v -0.008146 -0.008727 0.016000
v -0.008493 -0.008585 0.016000
v -0.009797 -0.011940 0.016000
v -0.009980 -0.008433 0.016000
v -0.009039 -0.008287 0.016000
v -0.009561 -0.011929 0.016000
v -0.009335 -0.011864 0.016000
v -0.009131 -0.011747 0.016000
v -0.008337 -0.011064 0.016000
v -0.007654 -0.010270 0.016000
v -0.007537 -0.010065 0.016000
v -0.010674 -0.011255 0.016000
v -0.010575 -0.011468 0.016000
v -0.010428 -0.011653 0.016000
v -0.010242 -0.011798 0.016000
v -0.010028 -0.011895 0.016000
v -0.008818 -0.008398 0.016000
v -0.011160 -0.009872 0.016000
v -0.011092 -0.009634 0.016000
v -0.010968 -0.009420 0.016000
v -0.011167 -0.010120 0.016000
v -0.011114 -0.010362 0.016000
v -0.007472 -0.009839 0.016000
v -0.007461 -0.009604 0.016000
v -0.007506 -0.009373 0.016000
v -0.007603 -0.009158 0.016000
v -0.007748 -0.008973 0.016000
v -0.007932 -0.008826 0.016000
v -0.009766 -0.008309 0.016000
v -0.009281 -0.008233 0.016000
v -0.009528 -0.008241 0.016000
v -0.010536 -0.000114 0.016000
v -0.010590 -0.000652 0.016000
v -0.008342 -0.003575 0.016000
v -0.010747 -0.001169 0.016000
v -0.010536 0.009586 0.016000
v -0.007824 -0.003417 0.016000
v -0.007286 -0.003364 0.016000
v -0.010795 -0.002985 0.016000
v -0.010157 -0.003623 0.016000
v -0.008818 -0.003830 0.016000
v -0.009039 -0.003942 0.016000
v -0.005502 -0.002547 0.016000
v -0.004286 0.003978 0.016000
v -0.004286 0.009586 0.016000
v -0.006485 -0.003364 0.016000
v -0.006256 -0.003338 0.016000
v -0.006039 -0.003259 0.016000
v -0.011002 -0.001646 0.016000
v -0.011114 -0.001867 0.016000
v -0.011167 -0.002109 0.016000
v -0.011160 -0.002356 0.016000
v -0.011092 -0.002594 0.016000
v -0.010968 -0.002808 0.016000
v -0.005846 -0.003133 0.016000
v -0.005687 -0.002967 0.016000
v -0.005570 -0.002768 0.016000
v -0.009980 -0.003796 0.016000
v -0.009766 -0.003920 0.016000
v -0.009281 -0.003995 0.016000
v -0.009528 -0.003988 0.016000
v -0.008818 -0.003830 0.017300
v -0.009039 -0.003942 0.017300
v -0.009281 -0.003995 0.017300
v -0.009528 -0.003988 0.017300
v -0.009766 -0.003920 0.017300
v -0.009980 -0.003796 0.017300
v -0.010157 -0.003623 0.017300
v -0.008146 -0.008727 0.017300
v -0.008493 -0.008585 0.017300
v -0.008818 -0.008398 0.017300
v -0.008342 -0.003575 0.017300
v -0.007824 -0.003417 0.017300
v -0.007286 -0.003364 0.017300
v -0.009039 -0.008287 0.017300
v -0.009281 -0.008233 0.017300
v -0.009528 -0.008241 0.017300
v -0.009766 -0.008309 0.017300
v -0.009980 -0.008433 0.017300
v -0.010157 -0.008606 0.017300
v -0.007932 -0.008826 0.017300
v -0.007748 -0.008973 0.017300
v -0.007603 -0.009158 0.017300
v -0.007506 -0.009373 0.017300
v -0.007461 -0.009604 0.017300
v -0.007472 -0.009839 0.017300
v -0.007537 -0.010065 0.017300
v -0.007654 -0.010270 0.017300
v -0.009131 -0.011747 0.017300
v -0.008337 -0.011064 0.017300
v -0.009335 -0.011864 0.017300
v -0.009561 -0.011929 0.017300
v -0.009797 -0.011940 0.017300
v -0.010028 -0.011895 0.017300
v -0.010242 -0.011798 0.017300
v -0.010428 -0.011653 0.017300
v -0.010575 -0.011468 0.017300
v -0.010674 -0.011255 0.017300
v -0.006485 -0.003364 0.017300
v -0.005502 -0.002547 0.017300
v -0.005570 -0.002768 0.017300
v -0.005687 -0.002967 0.017300
v -0.005846 -0.003133 0.017300
v -0.006039 -0.003259 0.017300
v -0.006256 -0.003338 0.017300
v -0.004286 0.003978 0.017300
v -0.022286 0.003978 0.017300
v -0.022286 0.003978 0.016000
v -0.022286 0.009586 0.017300
v -0.022286 0.009586 0.016000
v -0.011002 -0.010583 0.017300
v -0.011114 -0.010362 0.017300
v -0.011167 -0.010120 0.017300
v -0.011160 -0.009872 0.017300
v -0.011092 -0.009634 0.017300
v -0.010968 -0.009420 0.017300
v -0.010795 -0.009243 0.017300
v -0.021071 -0.002547 0.016000
v -0.021071 -0.002547 0.017300
v -0.020088 -0.003364 0.017300
v -0.020088 -0.003364 0.016000
v -0.020317 -0.003338 0.017300
v -0.020317 -0.003338 0.016000
v -0.020534 -0.003259 0.017300
v -0.020534 -0.003259 0.016000
v -0.020727 -0.003133 0.017300
v -0.020727 -0.003133 0.016000
v -0.020886 -0.002967 0.017300
v -0.020886 -0.002967 0.016000
v -0.021003 -0.002768 0.017300
v -0.021003 -0.002768 0.016000
v -0.019286 -0.003364 0.017300
v -0.019286 -0.003364 0.016000
v -0.004286 0.009586 0.017300
v -0.010536 -0.000114 0.017300
v -0.010536 0.009586 0.017300
v -0.011002 -0.001646 0.017300
v -0.011114 -0.001867 0.017300
v -0.011167 -0.002109 0.017300
v -0.011160 -0.002356 0.017300
v -0.011092 -0.002594 0.017300
v -0.010968 -0.002808 0.017300
v -0.010795 -0.002985 0.017300
v -0.010590 -0.000652 0.017300
v -0.010747 -0.001169 0.017300
v -0.015570 -0.001646 0.016000
v -0.015570 -0.001646 0.017300
v -0.015826 -0.001169 0.017300
v -0.015826 -0.001169 0.016000
v -0.015983 -0.000652 0.017300
v -0.015983 -0.000652 0.016000
v -0.016036 -0.000114 0.017300
v -0.016036 -0.000114 0.016000
v -0.015459 -0.001867 0.017300
v -0.015459 -0.001867 0.016000
v -0.015405 -0.002109 0.017300
v -0.015405 -0.002109 0.016000
v -0.015413 -0.002356 0.017300
v -0.015413 -0.002356 0.016000
v -0.015481 -0.002594 0.017300
v -0.015481 -0.002594 0.016000
v -0.015605 -0.002808 0.017300
v -0.015605 -0.002808 0.016000
v -0.015778 -0.002985 0.017300
v -0.015778 -0.002985 0.016000
v -0.016416 -0.003623 0.017300
v -0.016416 -0.003623 0.016000
v -0.017755 -0.003830 0.016000
v -0.017755 -0.003830 0.017300
v -0.017534 -0.003942 0.016000
v -0.017534 -0.003942 0.017300
v -0.017292 -0.003995 0.016000
v -0.017292 -0.003995 0.017300
v -0.017045 -0.003988 0.016000
v -0.017045 -0.003988 0.017300
v -0.016807 -0.003920 0.016000
v -0.016807 -0.003920 0.017300
v -0.016593 -0.003796 0.016000
v -0.016593 -0.003796 0.017300
v -0.017755 -0.008398 0.017300
v -0.018080 -0.008585 0.017300
v -0.018427 -0.008727 0.017300
v -0.018748 -0.003417 0.017300
v -0.018748 -0.003417 0.016000
v -0.018231 -0.003575 0.017300
v -0.018231 -0.003575 0.016000
v -0.017534 -0.008287 0.017300
v -0.017292 -0.008233 0.017300
v -0.017045 -0.008241 0.017300
v -0.016807 -0.008309 0.017300
v -0.016593 -0.008433 0.017300
v -0.016416 -0.008606 0.017300
v -0.015778 -0.009243 0.017300
v -0.015570 -0.010583 0.017300
v -0.015459 -0.010362 0.017300
v -0.015405 -0.010120 0.017300
v -0.015413 -0.009872 0.017300
v -0.015481 -0.009634 0.017300
v -0.015605 -0.009420 0.017300
v -0.010815 -0.010908 0.017300
v -0.015899 -0.011255 0.017300
v -0.015758 -0.010908 0.017300
v -0.015998 -0.011468 0.017300
v -0.016145 -0.011653 0.017300
v -0.016330 -0.011798 0.017300
v -0.016545 -0.011895 0.017300
v -0.016776 -0.011940 0.017300
v -0.017011 -0.011929 0.017300
v -0.017238 -0.011864 0.017300
v -0.017442 -0.011747 0.017300
v -0.018919 -0.010270 0.017300
v -0.018236 -0.011064 0.017300
v -0.019036 -0.010065 0.017300
v -0.019101 -0.009839 0.017300
v -0.019112 -0.009604 0.017300
v -0.019067 -0.009373 0.017300
v -0.018970 -0.009158 0.017300
v -0.018825 -0.008973 0.017300
v -0.018641 -0.008826 0.017300
v -0.016036 0.009586 0.016000
v -0.018919 -0.010270 -0.017300
v -0.018919 -0.010270 -0.016000
v -0.018236 -0.011064 -0.017300
v -0.018236 -0.011064 -0.016000
v -0.019036 -0.010065 -0.016000
v -0.019036 -0.010065 -0.017300
v -0.019101 -0.009839 -0.016000
v -0.019101 -0.009839 -0.017300
v -0.019112 -0.009604 -0.016000
v -0.019112 -0.009604 -0.017300
v -0.019067 -0.009373 -0.016000
v -0.019067 -0.009373 -0.017300
v -0.018970 -0.009158 -0.016000
v -0.018970 -0.009158 -0.017300
v -0.018825 -0.008973 -0.016000
v -0.018825 -0.008973 -0.017300
v -0.018641 -0.008826 -0.016000
v -0.018641 -0.008826 -0.017300
v -0.010536 0.009586 -0.016000
v -0.011536 -0.000114 -0.017300
v -0.011536 -0.000114 -0.015800
v -0.011536 0.009586 -0.017300
v -0.011536 0.009586 -0.015800
v -0.015036 -0.000114 -0.017300
v -0.015036 -0.000114 -0.015800
v -0.014977 -0.000567 -0.017300
v -0.014977 -0.000567 -0.015800
v -0.014802 -0.000989 -0.017300
v -0.014802 -0.000989 -0.015800
v -0.014524 -0.001352 -0.017300
v -0.014524 -0.001352 -0.015800
v -0.014161 -0.001630 -0.017300
v -0.014161 -0.001630 -0.015800
v -0.013739 -0.001805 -0.017300
v -0.013739 -0.001805 -0.015800
v -0.013286 -0.001864 -0.017300
v -0.013286 -0.001864 -0.015800
v -0.012833 -0.001805 -0.017300
v -0.012833 -0.001805 -0.015800
v -0.012411 -0.001630 -0.017300
v -0.012411 -0.001630 -0.015800
v -0.012049 -0.001352 -0.017300
v -0.012049 -0.001352 -0.015800
v -0.011771 -0.000989 -0.017300
v -0.011771 -0.000989 -0.015800
v -0.011596 -0.000567 -0.017300
v -0.011596 -0.000567 -0.015800
v -0.015036 0.009586 -0.015800
v -0.015036 0.009586 -0.017300
v -0.014786 -0.003516 -0.017300
v -0.015308 -0.003898 -0.014500
v -0.015408 -0.003993 -0.017300
v -0.015408 -0.003993 -0.014500
v -0.015884 -0.004614 -0.017300
v -0.015884 -0.004614 -0.014500
v -0.016184 -0.005338 -0.017300
v -0.016184 -0.005338 -0.014500
v -0.016286 -0.006114 -0.017300
v -0.016286 -0.006114 -0.014500
v -0.016184 -0.006891 -0.017300
v -0.016184 -0.006891 -0.014500
v -0.015884 -0.007614 -0.017300
v -0.015884 -0.007614 -0.014500
v -0.015408 -0.008236 -0.017300
v -0.015408 -0.008236 -0.014500
v -0.014786 -0.008712 -0.017300
v -0.014786 -0.008712 -0.014500
v -0.014063 -0.009012 -0.017300
v -0.014063 -0.009012 -0.014500
v -0.013286 -0.009114 -0.017300
v -0.013286 -0.009114 -0.014500
v -0.012510 -0.009012 -0.017300
v -0.012510 -0.009012 -0.014500
v -0.011786 -0.008712 -0.017300
v -0.011786 -0.008712 -0.014500
v -0.011165 -0.008236 -0.017300
v -0.011165 -0.008236 -0.014500
v -0.011070 -0.008136 -0.014500
v -0.010688 -0.007614 -0.017300
v -0.010688 -0.007614 -0.014500
v -0.010389 -0.006891 -0.017300
v -0.010389 -0.006891 -0.014500
v -0.010286 -0.006114 -0.017300
v -0.010286 -0.006114 -0.014500
v -0.010389 -0.005338 -0.017300
v -0.010389 -0.005338 -0.014500
v -0.010688 -0.004614 -0.017300
v -0.010688 -0.004614 -0.014500
v -0.011165 -0.003993 -0.017300
v -0.011165 -0.003993 -0.014500
v -0.011786 -0.003516 -0.017300
v -0.011786 -0.003516 -0.014500
v -0.012510 -0.003216 -0.017300
v -0.012510 -0.003216 -0.014500
v -0.013286 -0.003114 -0.017300
v -0.013286 -0.003114 -0.014500
v -0.014063 -0.003216 -0.017300
v -0.014063 -0.003216 -0.014500
v -0.014786 -0.003516 -0.014500
v -0.019286 -0.007139 -0.015800
v -0.019286 -0.007139 -0.014500
v -0.019021 -0.007104 -0.015800
v -0.019021 -0.007104 -0.014500
v -0.018774 -0.007002 -0.015800
v -0.018774 -0.007002 -0.014500
v -0.018562 -0.006839 -0.015800
v -0.018562 -0.006839 -0.014500
v -0.018399 -0.006627 -0.015800
v -0.018399 -0.006627 -0.014500
v -0.018296 -0.006380 -0.015800
v -0.018296 -0.006380 -0.014500
v -0.018261 -0.006114 -0.015800
v -0.018261 -0.006114 -0.014500
v -0.018296 -0.005849 -0.015800
v -0.018296 -0.005849 -0.014500
v -0.018399 -0.005602 -0.015800
v -0.018399 -0.005602 -0.014500
v -0.018562 -0.005389 -0.015800
v -0.018562 -0.005389 -0.014500
v -0.018774 -0.005227 -0.015800
v -0.018774 -0.005227 -0.014500
v -0.019021 -0.005124 -0.015800
v -0.019021 -0.005124 -0.014500
v -0.019286 -0.005089 -0.015800
v -0.019286 -0.005089 -0.014500
v -0.019552 -0.005124 -0.015800
v -0.019552 -0.005124 -0.014500
v -0.019799 -0.005227 -0.015800
v -0.019799 -0.005227 -0.014500
v -0.020011 -0.005389 -0.015800
v -0.020011 -0.005389 -0.014500
v -0.020174 -0.005602 -0.015800
v -0.020174 -0.005602 -0.014500
v -0.020276 -0.005849 -0.015800
v -0.020276 -0.005849 -0.014500
v -0.020311 -0.006114 -0.015800
v -0.020311 -0.006114 -0.014500
v -0.020276 -0.006380 -0.015800
v -0.020276 -0.006380 -0.014500
v -0.020174 -0.006627 -0.015800
v -0.020174 -0.006627 -0.014500
v -0.020011 -0.006839 -0.015800
v -0.020011 -0.006839 -0.014500
v -0.019799 -0.007002 -0.015800
v -0.019799 -0.007002 -0.014500
v -0.019552 -0.007104 -0.015800
v -0.019552 -0.007104 -0.014500
v -0.007286 -0.005089 -0.015800
v -0.007286 -0.005089 -0.014500
v -0.007552 -0.005124 -0.015800
v -0.007552 -0.005124 -0.014500
v -0.007799 -0.005227 -0.015800
v -0.007799 -0.005227 -0.014500
v -0.008011 -0.005389 -0.015800
v -0.008011 -0.005389 -0.014500
v -0.008174 -0.005602 -0.015800
v -0.008174 -0.005602 -0.014500
v -0.008276 -0.005849 -0.015800
v -0.008276 -0.005849 -0.014500
v -0.008311 -0.006114 -0.015800
v -0.008311 -0.006114 -0.014500
v -0.008276 -0.006380 -0.015800
v -0.008276 -0.006380 -0.014500
v -0.008174 -0.006627 -0.015800
v -0.008174 -0.006627 -0.014500
v -0.008011 -0.006839 -0.015800
v -0.008011 -0.006839 -0.014500
v -0.007799 -0.007002 -0.015800
v -0.007799 -0.007002 -0.014500
v -0.007552 -0.007104 -0.015800
v -0.007552 -0.007104 -0.014500
v -0.007286 -0.007139 -0.015800
v -0.007286 -0.007139 -0.014500
v -0.007021 -0.007104 -0.015800
v -0.007021 -0.007104 -0.014500
v -0.006774 -0.007002 -0.015800
v -0.006774 -0.007002 -0.014500
v -0.006562 -0.006839 -0.015800
v -0.006562 -0.006839 -0.014500
v -0.006399 -0.006627 -0.015800
v -0.006399 -0.006627 -0.014500
v -0.006296 -0.006380 -0.015800
v -0.006296 -0.006380 -0.014500
v -0.006261 -0.006114 -0.015800
v -0.006261 -0.006114 -0.014500
v -0.006296 -0.005849 -0.015800
v -0.006296 -0.005849 -0.014500
v -0.006399 -0.005602 -0.015800
v -0.006399 -0.005602 -0.014500
v -0.006562 -0.005389 -0.015800
v -0.006562 -0.005389 -0.014500
v -0.006774 -0.005227 -0.015800
v -0.006774 -0.005227 -0.014500
v -0.007021 -0.005124 -0.015800
v -0.007021 -0.005124 -0.014500
v -0.003286 0.009961 0.017000
v -0.003286 0.010586 0.016376
v -0.003586 0.010086 0.017300
v -0.003586 0.010886 0.016500
v -0.022786 0.010886 0.016500
v -0.022986 0.010886 0.016500
v -0.022986 0.010086 0.017300
v -0.020700 0.010086 0.017300
v -0.015219 0.010086 0.017300
v -0.003786 0.010886 0.016500
v -0.005872 0.010086 0.017300
v -0.011354 0.010086 0.017300
v -0.023286 0.009961 0.017000
v -0.023286 0.010586 0.016376
v -0.023286 0.010586 -0.016376
v -0.022986 0.010886 -0.016500
v -0.007286 0.009686 -0.013025
v -0.007552 0.009686 -0.012990
v -0.007799 0.009686 -0.012888
v -0.008011 0.009686 -0.012725
v -0.008174 0.009686 -0.012513
v -0.008276 0.009686 -0.012265
v -0.008311 0.009686 -0.012000
v -0.008276 0.009686 -0.011735
v -0.008174 0.009686 -0.011487
v -0.008011 0.009686 -0.011275
v -0.007799 0.009686 -0.011112
v -0.007552 0.009686 -0.011010
v -0.007286 0.009686 -0.010975
v -0.007021 0.009686 -0.011010
v -0.006774 0.009686 -0.011112
v -0.006562 0.009686 -0.011275
v -0.006399 0.009686 -0.011487
v -0.006296 0.009686 -0.011735
v -0.006261 0.009686 -0.012000
v -0.006296 0.009686 -0.012265
v -0.006399 0.009686 -0.012513
v -0.006562 0.009686 -0.012725
v -0.006774 0.009686 -0.012888
v -0.007021 0.009686 -0.012990
v -0.013286 0.009686 -0.013025
v -0.013552 0.009686 -0.012990
v -0.013799 0.009686 -0.012888
v -0.014011 0.009686 -0.012725
v -0.014174 0.009686 -0.012513
v -0.014276 0.009686 -0.012265
v -0.014311 0.009686 -0.012000
v -0.014276 0.009686 -0.011735
v -0.014174 0.009686 -0.011487
v -0.014011 0.009686 -0.011275
v -0.013799 0.009686 -0.011112
v -0.013552 0.009686 -0.011010
v -0.013286 0.009686 -0.010975
v -0.013021 0.009686 -0.011010
v -0.012774 0.009686 -0.011112
v -0.012562 0.009686 -0.011275
v -0.012399 0.009686 -0.011487
v -0.012296 0.009686 -0.011735
v -0.012261 0.009686 -0.012000
v -0.012296 0.009686 -0.012265
v -0.012399 0.009686 -0.012513
v -0.012562 0.009686 -0.012725
v -0.012774 0.009686 -0.012888
v -0.013021 0.009686 -0.012990
v -0.019286 0.009686 -0.013025
v -0.019552 0.009686 -0.012990
v -0.019799 0.009686 -0.012888
v -0.020011 0.009686 -0.012725
v -0.020174 0.009686 -0.012513
v -0.020276 0.009686 -0.012265
v -0.020311 0.009686 -0.012000
v -0.020276 0.009686 -0.011735
v -0.020174 0.009686 -0.011487
v -0.020011 0.009686 -0.011275
v -0.019799 0.009686 -0.011112
v -0.019552 0.009686 -0.011010
v -0.019286 0.009686 -0.010975
v -0.019021 0.009686 -0.011010
v -0.018774 0.009686 -0.011112
v -0.018562 0.009686 -0.011275
v -0.018399 0.009686 -0.011487
v -0.018296 0.009686 -0.011735
v -0.018261 0.009686 -0.012000
v -0.018296 0.009686 -0.012265
v -0.018399 0.009686 -0.012513
v -0.018562 0.009686 -0.012725
v -0.018774 0.009686 -0.012888
v -0.019021 0.009686 -0.012990
v -0.007286 0.009686 0.010975
v -0.007552 0.009686 0.011010
v -0.007799 0.009686 0.011112
v -0.008011 0.009686 0.011275
v -0.008174 0.009686 0.011487
v -0.008276 0.009686 0.011735
v -0.008311 0.009686 0.012000
v -0.008276 0.009686 0.012265
v -0.008174 0.009686 0.012513
v -0.008011 0.009686 0.012725
v -0.007799 0.009686 0.012888
v -0.007552 0.009686 0.012990
v -0.007286 0.009686 0.013025
v -0.007021 0.009686 0.012990
v -0.006774 0.009686 0.012888
v -0.006562 0.009686 0.012725
v -0.006399 0.009686 0.012513
v -0.006296 0.009686 0.012265
v -0.006261 0.009686 0.012000
v -0.006296 0.009686 0.011735
v -0.006399 0.009686 0.011487
v -0.006562 0.009686 0.011275
v -0.006774 0.009686 0.011112
v -0.007021 0.009686 0.011010
v -0.013286 0.009686 0.010975
v -0.013552 0.009686 0.011010
v -0.013799 0.009686 0.011112
v -0.014011 0.009686 0.011275
v -0.014174 0.009686 0.011487
v -0.014276 0.009686 0.011735
v -0.014311 0.009686 0.012000
v -0.014276 0.009686 0.012265
v -0.014174 0.009686 0.012513
v -0.014011 0.009686 0.012725
v -0.013799 0.009686 0.012888
v -0.013552 0.009686 0.012990
v -0.013286 0.009686 0.013025
v -0.013021 0.009686 0.012990
v -0.012774 0.009686 0.012888
v -0.012562 0.009686 0.012725
v -0.012399 0.009686 0.012513
v -0.012296 0.009686 0.012265
v -0.012261 0.009686 0.012000
v -0.012296 0.009686 0.011735
v -0.012399 0.009686 0.011487
v -0.012562 0.009686 0.011275
v -0.012774 0.009686 0.011112
v -0.013021 0.009686 0.011010
v -0.019286 0.009686 0.010975
v -0.019552 0.009686 0.011010
v -0.019799 0.009686 0.011112
v -0.020011 0.009686 0.011275
v -0.020174 0.009686 0.011487
v -0.020276 0.009686 0.011735
v -0.020311 0.009686 0.012000
v -0.020276 0.009686 0.012265
v -0.020174 0.009686 0.012513
v -0.020011 0.009686 0.012725
v -0.019799 0.009686 0.012888
v -0.019552 0.009686 0.012990
v -0.019286 0.009686 0.013025
v -0.019021 0.009686 0.012990
v -0.018774 0.009686 0.012888
v -0.018562 0.009686 0.012725
v -0.018399 0.009686 0.012513
v -0.018296 0.009686 0.012265
v -0.018261 0.009686 0.012000
v -0.018296 0.009686 0.011735
v -0.018399 0.009686 0.011487
v -0.018562 0.009686 0.011275
v -0.018774 0.009686 0.011112
v -0.019021 0.009686 0.011010
v -0.010286 0.009686 -0.010025
v -0.010286 0.010886 -0.010025
v -0.010552 0.009686 -0.009990
v -0.010552 0.010886 -0.009990
v -0.010799 0.009686 -0.009888
v -0.010799 0.010886 -0.009888
v -0.011011 0.009686 -0.009725
v -0.011011 0.010886 -0.009725
v -0.011174 0.009686 -0.009512
v -0.011174 0.010886 -0.009512
v -0.011276 0.009686 -0.009265
v -0.011276 0.010886 -0.009265
v -0.011311 0.009686 -0.009000
v -0.011311 0.010886 -0.009000
v -0.011276 0.009686 -0.008735
v -0.011276 0.010886 -0.008735
v -0.011174 0.009686 -0.008488
v -0.011174 0.010886 -0.008488
v -0.011011 0.009686 -0.008275
v -0.011011 0.010886 -0.008275
v -0.010799 0.009686 -0.008112
v -0.010799 0.010886 -0.008112
v -0.010552 0.009686 -0.008010
v -0.010552 0.010886 -0.008010
v -0.010286 0.009686 -0.007975
v -0.010286 0.010886 -0.007975
v -0.010021 0.009686 -0.008010
v -0.010021 0.010886 -0.008010
v -0.009774 0.009686 -0.008112
v -0.009774 0.010886 -0.008112
v -0.009562 0.009686 -0.008275
v -0.009562 0.010886 -0.008275
v -0.009399 0.009686 -0.008488
v -0.009399 0.010886 -0.008488
v -0.009296 0.009686 -0.008735
v -0.009296 0.010886 -0.008735
v -0.009261 0.009686 -0.009000
v -0.009261 0.010886 -0.009000
v -0.009296 0.009686 -0.009265
v -0.009296 0.010886 -0.009265
v -0.009399 0.009686 -0.009512
v -0.009399 0.010886 -0.009512
v -0.009562 0.009686 -0.009725
v -0.009562 0.010886 -0.009725
v -0.009774 0.009686 -0.009888
v -0.009774 0.010886 -0.009888
v -0.010021 0.009686 -0.009990
v -0.010021 0.010886 -0.009990
v -0.016286 0.009686 -0.010025
v -0.016286 0.010886 -0.010025
v -0.016552 0.009686 -0.009990
v -0.016552 0.010886 -0.009990
v -0.016799 0.009686 -0.009888
v -0.016799 0.010886 -0.009888
v -0.017011 0.009686 -0.009725
v -0.017011 0.010886 -0.009725
v -0.017174 0.009686 -0.009512
v -0.017174 0.010886 -0.009512
v -0.017276 0.009686 -0.009265
v -0.017276 0.010886 -0.009265
v -0.017311 0.009686 -0.009000
v -0.017311 0.010886 -0.009000
v -0.017276 0.009686 -0.008735
v -0.017276 0.010886 -0.008735
v -0.017174 0.009686 -0.008488
v -0.017174 0.010886 -0.008488
v -0.017011 0.009686 -0.008275
v -0.017011 0.010886 -0.008275
v -0.016799 0.009686 -0.008112
v -0.016799 0.010886 -0.008112
v -0.016552 0.009686 -0.008010
v -0.016552 0.010886 -0.008010
v -0.016286 0.009686 -0.007975
v -0.016286 0.010886 -0.007975
v -0.016021 0.009686 -0.008010
v -0.016021 0.010886 -0.008010
v -0.015774 0.009686 -0.008112
v -0.015774 0.010886 -0.008112
v -0.015562 0.009686 -0.008275
v -0.015562 0.010886 -0.008275
v -0.015399 0.009686 -0.008488
v -0.015399 0.010886 -0.008488
v -0.015296 0.009686 -0.008735
v -0.015296 0.010886 -0.008735
v -0.015261 0.009686 -0.009000
v -0.015261 0.010886 -0.009000
v -0.015296 0.009686 -0.009265
v -0.015296 0.010886 -0.009265
v -0.015399 0.009686 -0.009512
v -0.015399 0.010886 -0.009512
v -0.015562 0.009686 -0.009725
v -0.015562 0.010886 -0.009725
v -0.015774 0.009686 -0.009888
v -0.015774 0.010886 -0.009888
v -0.016021 0.009686 -0.009990
v -0.016021 0.010886 -0.009990
v -0.010286 0.009686 0.007975
v -0.010286 0.010886 0.007975
v -0.010552 0.009686 0.008010
v -0.010552 0.010886 0.008010
v -0.010799 0.009686 0.008112
v -0.010799 0.010886 0.008112
v -0.011011 0.009686 0.008275
v -0.011011 0.010886 0.008275
v -0.011174 0.009686 0.008488
v -0.011174 0.010886 0.008488
v -0.011276 0.009686 0.008735
v -0.011276 0.010886 0.008735
v -0.011311 0.009686 0.009000
v -0.011311 0.010886 0.009000
v -0.011276 0.009686 0.009265
v -0.011276 0.010886 0.009265
v -0.011174 0.009686 0.009512
v -0.011174 0.010886 0.009512
v -0.011011 0.009686 0.009725
v -0.011011 0.010886 0.009725
v -0.010799 0.009686 0.009888
v -0.010799 0.010886 0.009888
v -0.010552 0.009686 0.009990
v -0.010552 0.010886 0.009990
v -0.010286 0.009686 0.010025
v -0.010286 0.010886 0.010025
v -0.010021 0.009686 0.009990
v -0.010021 0.010886 0.009990
v -0.009774 0.009686 0.009888
v -0.009774 0.010886 0.009888
v -0.009562 0.009686 0.009725
v -0.009562 0.010886 0.009725
v -0.009399 0.009686 0.009512
v -0.009399 0.010886 0.009512
v -0.009296 0.009686 0.009265
v -0.009296 0.010886 0.009265
v -0.009261 0.009686 0.009000
v -0.009261 0.010886 0.009000
v -0.009296 0.009686 0.008735
v -0.009296 0.010886 0.008735
v -0.009399 0.009686 0.008488
v -0.009399 0.010886 0.008488
v -0.009562 0.009686 0.008275
v -0.009562 0.010886 0.008275
v -0.009774 0.009686 0.008112
v -0.009774 0.010886 0.008112
v -0.010021 0.009686 0.008010
v -0.010021 0.010886 0.008010
v -0.016286 0.009686 0.007975
v -0.016286 0.010886 0.007975
v -0.016552 0.009686 0.008010
v -0.016552 0.010886 0.008010
v -0.016799 0.009686 0.008112
v -0.016799 0.010886 0.008112
v -0.017011 0.009686 0.008275
v -0.017011 0.010886 0.008275
v -0.017174 0.009686 0.008488
v -0.017174 0.010886 0.008488
v -0.017276 0.009686 0.008735
v -0.017276 0.010886 0.008735
v -0.017311 0.009686 0.009000
v -0.017311 0.010886 0.009000
v -0.017276 0.009686 0.009265
v -0.017276 0.010886 0.009265
v -0.017174 0.009686 0.009512
v -0.017174 0.010886 0.009512
v -0.017011 0.009686 0.009725
v -0.017011 0.010886 0.009725
v -0.016799 0.009686 0.009888
v -0.016799 0.010886 0.009888
v -0.016552 0.009686 0.009990
v -0.016552 0.010886 0.009990
v -0.016286 0.009686 0.010025
v -0.016286 0.010886 0.010025
v -0.016021 0.009686 0.009990
v -0.016021 0.010886 0.009990
v -0.015774 0.009686 0.009888
v -0.015774 0.010886 0.009888
v -0.015562 0.009686 0.009725
v -0.015562 0.010886 0.009725
v -0.015399 0.009686 0.009512
v -0.015399 0.010886 0.009512
v -0.015296 0.009686 0.009265
v -0.015296 0.010886 0.009265
v -0.015261 0.009686 0.009000
v -0.015261 0.010886 0.009000
v -0.015296 0.009686 0.008735
v -0.015296 0.010886 0.008735
v -0.015399 0.009686 0.008488
v -0.015399 0.010886 0.008488
v -0.015562 0.009686 0.008275
v -0.015562 0.010886 0.008275
v -0.015774 0.009686 0.008112
v -0.015774 0.010886 0.008112
v -0.016021 0.009686 0.008010
v -0.016021 0.010886 0.008010
v -0.019968 0.009686 0.005657
v -0.019933 0.009686 0.005392
v -0.019831 0.009686 0.005144
v -0.019668 0.009686 0.004932
v -0.019456 0.009686 0.004769
v -0.019209 0.009686 0.004667
v -0.018943 0.009686 0.004632
v -0.018678 0.009686 0.004667
v -0.018431 0.009686 0.004769
v -0.018218 0.009686 0.004932
v -0.018056 0.009686 0.005144
v -0.017953 0.009686 0.005392
v -0.017918 0.009686 0.005657
v -0.017953 0.009686 0.005922
v -0.018056 0.009686 0.006169
v -0.018218 0.009686 0.006382
v -0.018431 0.009686 0.006545
v -0.018678 0.009686 0.006647
v -0.018943 0.009686 0.006682
v -0.019209 0.009686 0.006647
v -0.019456 0.009686 0.006545
v -0.019668 0.009686 0.006382
v -0.019831 0.009686 0.006169
v -0.019933 0.009686 0.005922
v -0.008655 0.009686 0.005657
v -0.008620 0.009686 0.005392
v -0.008517 0.009686 0.005144
v -0.008354 0.009686 0.004932
v -0.008142 0.009686 0.004769
v -0.007895 0.009686 0.004667
v -0.007630 0.009686 0.004632
v -0.007364 0.009686 0.004667
v -0.007117 0.009686 0.004769
v -0.006905 0.009686 0.004932
v -0.006742 0.009686 0.005144
v -0.006639 0.009686 0.005392
v -0.006605 0.009686 0.005657
v -0.006639 0.009686 0.005922
v -0.006742 0.009686 0.006169
v -0.006905 0.009686 0.006382
v -0.007117 0.009686 0.006545
v -0.007364 0.009686 0.006647
v -0.007630 0.009686 0.006682
v -0.007895 0.009686 0.006647
v -0.008142 0.009686 0.006545
v -0.008354 0.009686 0.006382
v -0.008517 0.009686 0.006169
v -0.008620 0.009686 0.005922
v -0.019968 0.009686 -0.005657
v -0.019933 0.009686 -0.005922
v -0.019831 0.009686 -0.006169
v -0.019668 0.009686 -0.006382
v -0.019456 0.009686 -0.006545
v -0.019209 0.009686 -0.006647
v -0.018943 0.009686 -0.006682
v -0.018678 0.009686 -0.006647
v -0.018431 0.009686 -0.006545
v -0.018218 0.009686 -0.006382
v -0.018056 0.009686 -0.006169
v -0.017953 0.009686 -0.005922
v -0.017918 0.009686 -0.005657
v -0.017953 0.009686 -0.005392
v -0.018056 0.009686 -0.005144
v -0.018218 0.009686 -0.004932
v -0.018431 0.009686 -0.004769
v -0.018678 0.009686 -0.004667
v -0.018943 0.009686 -0.004632
v -0.019209 0.009686 -0.004667
v -0.019456 0.009686 -0.004769
v -0.019668 0.009686 -0.004932
v -0.019831 0.009686 -0.005144
v -0.019933 0.009686 -0.005392
v -0.008655 0.009686 -0.005657
v -0.008620 0.009686 -0.005922
v -0.008517 0.009686 -0.006169
v -0.008354 0.009686 -0.006382
v -0.008142 0.009686 -0.006545
v -0.007895 0.009686 -0.006647
v -0.007630 0.009686 -0.006682
v -0.007364 0.009686 -0.006647
v -0.007117 0.009686 -0.006545
v -0.006905 0.009686 -0.006382
v -0.006742 0.009686 -0.006169
v -0.006639 0.009686 -0.005922
v -0.006605 0.009686 -0.005657
v -0.006639 0.009686 -0.005392
v -0.006742 0.009686 -0.005144
v -0.006905 0.009686 -0.004932
v -0.007117 0.009686 -0.004769
v -0.007364 0.009686 -0.004667
v -0.007630 0.009686 -0.004632
v -0.007895 0.009686 -0.004667
v -0.008142 0.009686 -0.004769
v -0.008354 0.009686 -0.004932
v -0.008517 0.009686 -0.005144
v -0.008620 0.009686 -0.005392
v -0.007286 0.009686 0.001025
v -0.007286 0.010886 0.001025
v -0.007021 0.009686 0.000990
v -0.007021 0.010886 0.000990
v -0.006774 0.009686 0.000888
v -0.006774 0.010886 0.000888
v -0.006562 0.009686 0.000725
v -0.006562 0.010886 0.000725
v -0.006399 0.009686 0.000513
v -0.006399 0.010886 0.000513
v -0.006296 0.009686 0.000265
v -0.006296 0.010886 0.000265
v -0.006261 0.009686 -0.000000
v -0.006261 0.010886 -0.000000
v -0.006296 0.009686 -0.000265
v -0.006296 0.010886 -0.000265
v -0.006399 0.009686 -0.000513
v -0.006399 0.010886 -0.000513
v -0.006562 0.009686 -0.000725
v -0.006562 0.010886 -0.000725
v -0.006774 0.009686 -0.000888
v -0.006774 0.010886 -0.000888
v -0.007021 0.009686 -0.000990
v -0.007021 0.010886 -0.000990
v -0.007286 0.009686 -0.001025
v -0.007286 0.010886 -0.001025
v -0.007552 0.009686 -0.000990
v -0.007552 0.010886 -0.000990
v -0.007799 0.009686 -0.000888
v -0.007799 0.010886 -0.000888
v -0.008011 0.009686 -0.000725
v -0.008011 0.010886 -0.000725
v -0.008174 0.009686 -0.000513
v -0.008174 0.010886 -0.000513
v -0.008276 0.009686 -0.000265
v -0.008276 0.010886 -0.000265
v -0.008311 0.009686 -0.000000
v -0.008311 0.010886 -0.000000
v -0.008276 0.009686 0.000265
v -0.008276 0.010886 0.000265
v -0.008174 0.009686 0.000513
v -0.008174 0.010886 0.000513
v -0.008011 0.009686 0.000725
v -0.008011 0.010886 0.000725
v -0.007799 0.009686 0.000888
v -0.007799 0.010886 0.000888
v -0.007552 0.009686 0.000990
v -0.007552 0.010886 0.000990
v -0.014311 0.009686 0.006000
v -0.014276 0.009686 0.006265
v -0.014174 0.009686 0.006512
v -0.014011 0.009686 0.006725
v -0.013799 0.009686 0.006888
v -0.013552 0.009686 0.006990
v -0.013286 0.009686 0.007025
v -0.013021 0.009686 0.006990
v -0.012774 0.009686 0.006888
v -0.012562 0.009686 0.006725
v -0.012399 0.009686 0.006512
v -0.012296 0.009686 0.006265
v -0.012261 0.009686 0.006000
v -0.012296 0.009686 0.005735
v -0.012399 0.009686 0.005488
v -0.012562 0.009686 0.005275
v -0.012774 0.009686 0.005112
v -0.013021 0.009686 0.005010
v -0.013286 0.009686 0.004975
v -0.013552 0.009686 0.005010
v -0.013799 0.009686 0.005112
v -0.014011 0.009686 0.005275
v -0.014174 0.009686 0.005488
v -0.014276 0.009686 0.005735
v -0.019286 0.009686 -0.001025
v -0.019286 0.010886 -0.001025
v -0.019552 0.009686 -0.000990
v -0.019552 0.010886 -0.000990
v -0.019799 0.009686 -0.000888
v -0.019799 0.010886 -0.000888
v -0.020011 0.009686 -0.000725
v -0.020011 0.010886 -0.000725
v -0.020174 0.009686 -0.000513
v -0.020174 0.010886 -0.000513
v -0.020276 0.009686 -0.000265
v -0.020276 0.010886 -0.000265
v -0.020311 0.009686 -0.000000
v -0.020311 0.010886 -0.000000
v -0.020276 0.009686 0.000265
v -0.020276 0.010886 0.000265
v -0.020174 0.009686 0.000513
v -0.020174 0.010886 0.000513
v -0.020011 0.009686 0.000725
v -0.020011 0.010886 0.000725
v -0.019799 0.009686 0.000888
v -0.019799 0.010886 0.000888
v -0.019552 0.009686 0.000990
v -0.019552 0.010886 0.000990
v -0.019286 0.009686 0.001025
v -0.019286 0.010886 0.001025
v -0.019021 0.009686 0.000990
v -0.019021 0.010886 0.000990
v -0.018774 0.009686 0.000888
v -0.018774 0.010886 0.000888
v -0.018562 0.009686 0.000725
v -0.018562 0.010886 0.000725
v -0.018399 0.009686 0.000513
v -0.018399 0.010886 0.000513
v -0.018296 0.009686 0.000265
v -0.018296 0.010886 0.000265
v -0.018261 0.009686 -0.000000
v -0.018261 0.010886 -0.000000
v -0.018296 0.009686 -0.000265
v -0.018296 0.010886 -0.000265
v -0.018399 0.009686 -0.000513
v -0.018399 0.010886 -0.000513
v -0.018562 0.009686 -0.000725
v -0.018562 0.010886 -0.000725
v -0.018774 0.009686 -0.000888
v -0.018774 0.010886 -0.000888
v -0.019021 0.009686 -0.000990
v -0.019021 0.010886 -0.000990
v -0.012261 0.009686 -0.006000
v -0.012296 0.009686 -0.006265
v -0.012399 0.009686 -0.006512
v -0.012562 0.009686 -0.006725
v -0.012774 0.009686 -0.006888
v -0.013021 0.009686 -0.006990
v -0.013286 0.009686 -0.007025
v -0.013552 0.009686 -0.006990
v -0.013799 0.009686 -0.006888
v -0.014011 0.009686 -0.006725
v -0.014174 0.009686 -0.006512
v -0.014276 0.009686 -0.006265
v -0.014311 0.009686 -0.006000
v -0.014276 0.009686 -0.005735
v -0.014174 0.009686 -0.005488
v -0.014011 0.009686 -0.005275
v -0.013799 0.009686 -0.005112
v -0.013552 0.009686 -0.005010
v -0.013286 0.009686 -0.004975
v -0.013021 0.009686 -0.005010
v -0.012774 0.009686 -0.005112
v -0.012562 0.009686 -0.005275
v -0.012399 0.009686 -0.005488
v -0.012296 0.009686 -0.005735
v -0.014035 0.007886 0.010000
v -0.014035 0.009686 0.010000
v -0.014112 0.009686 0.009990
v -0.014112 0.007886 0.009990
v -0.014185 0.009686 0.009960
v -0.014185 0.007886 0.009960
v -0.014247 0.009686 0.009912
v -0.014247 0.007886 0.009912
v -0.014295 0.009686 0.009850
v -0.014295 0.007886 0.009850
v -0.014325 0.009686 0.009778
v -0.014325 0.007886 0.009778
v -0.014335 0.009686 0.009700
v -0.014335 0.007886 0.009700
v -0.014325 0.009686 0.009622
v -0.014325 0.007886 0.009622
v -0.014295 0.007886 0.009550
v -0.014324 0.009686 0.009619
v -0.014295 0.009686 0.009550
v -0.013977 0.007886 0.009000
v -0.013977 0.009686 0.009000
v -0.014295 0.007886 0.008450
v -0.014295 0.009686 0.008450
v -0.014035 0.009686 0.008000
v -0.014035 0.007886 0.008000
v -0.014112 0.007886 0.008010
v -0.014112 0.009686 0.008010
v -0.014185 0.007886 0.008040
v -0.014185 0.009686 0.008040
v -0.014247 0.007886 0.008088
v -0.014247 0.009686 0.008088
v -0.014295 0.007886 0.008150
v -0.014295 0.009686 0.008150
v -0.014325 0.007886 0.008222
v -0.014325 0.009686 0.008222
v -0.014335 0.007886 0.008300
v -0.014335 0.009686 0.008300
v -0.014325 0.007886 0.008378
v -0.014325 0.009686 0.008378
v -0.014324 0.009686 0.008381
v -0.013536 0.009686 0.007880
v -0.013536 0.009386 0.007880
v -0.013536 0.009686 0.007927
v -0.013536 0.007886 0.008000
v -0.013536 0.009686 0.008000
v -0.013036 0.007886 0.008000
v -0.013036 0.009386 0.007880
v -0.013036 0.009686 0.007880
v -0.013036 0.009686 0.008000
v -0.013036 0.009686 0.007927
v -0.012538 0.007886 0.008000
v -0.012538 0.009686 0.008000
v -0.012460 0.009686 0.008010
v -0.012460 0.007886 0.008010
v -0.012388 0.009686 0.008040
v -0.012388 0.007886 0.008040
v -0.012326 0.009686 0.008088
v -0.012326 0.007886 0.008088
v -0.012278 0.009686 0.008150
v -0.012278 0.007886 0.008150
v -0.012248 0.009686 0.008222
v -0.012248 0.007886 0.008222
v -0.012238 0.009686 0.008300
v -0.012238 0.007886 0.008300
v -0.012248 0.009686 0.008378
v -0.012248 0.007886 0.008378
v -0.012278 0.009686 0.008450
v -0.012278 0.007886 0.008450
v -0.012596 0.007886 0.009000
v -0.012596 0.009686 0.009000
v -0.012278 0.007886 0.009550
v -0.012278 0.009686 0.009550
v -0.012538 0.009686 0.010000
v -0.012538 0.007886 0.010000
v -0.012460 0.007886 0.009990
v -0.012460 0.009686 0.009990
v -0.012388 0.007886 0.009960
v -0.012388 0.009686 0.009960
v -0.012326 0.007886 0.009912
v -0.012326 0.009686 0.009912
v -0.012278 0.007886 0.009850
v -0.012278 0.009686 0.009850
v -0.012248 0.007886 0.009778
v -0.012248 0.009686 0.009778
v -0.012238 0.007886 0.009700
v -0.012238 0.009686 0.009700
v -0.012248 0.007886 0.009622
v -0.012248 0.009686 0.009622
v -0.007036 0.009686 0.010120
v -0.007036 0.009386 0.010120
v -0.007036 0.009686 0.010073
v -0.007036 0.007886 0.010000
v -0.007036 0.009686 0.010000
v -0.007536 0.007886 0.010000
v -0.007536 0.009386 0.010120
v -0.007536 0.009686 0.010120
v -0.007536 0.009686 0.010000
v -0.007536 0.009686 0.010073
v -0.008035 0.007886 0.010000
v -0.008035 0.009686 0.010000
v -0.008112 0.009686 0.009990
v -0.008112 0.007886 0.009990
v -0.008185 0.009686 0.009960
v -0.008185 0.007886 0.009960
v -0.008247 0.009686 0.009912
v -0.008247 0.007886 0.009912
v -0.008295 0.009686 0.009850
v -0.008295 0.007886 0.009850
v -0.008325 0.009686 0.009778
v -0.008325 0.007886 0.009778
v -0.008335 0.009686 0.009700
v -0.008335 0.007886 0.009700
v -0.008325 0.009686 0.009622
v -0.008325 0.007886 0.009622
v -0.008295 0.009686 0.009550
v -0.008295 0.007886 0.009550
v -0.007977 0.007886 0.009000
v -0.007977 0.009686 0.009000
v -0.008766 0.007886 0.007634
v -0.008766 0.009686 0.007634
v -0.008431 0.007886 0.007212
v -0.008431 0.009686 0.007212
v -0.008964 0.009686 0.006789
v -0.008964 0.007886 0.006789
v -0.009207 0.009686 0.006414
v -0.009207 0.007886 0.006414
v -0.009348 0.009686 0.005989
v -0.009348 0.007886 0.005989
v -0.009376 0.009686 0.005543
v -0.009376 0.007886 0.005543
v -0.009290 0.009686 0.005105
v -0.009290 0.007886 0.005105
v -0.009096 0.009686 0.004702
v -0.009096 0.007886 0.004702
v -0.008806 0.009686 0.004361
v -0.008806 0.007886 0.004361
v -0.008440 0.009686 0.004106
v -0.008440 0.007886 0.004106
v -0.008020 0.009686 0.003951
v -0.008020 0.007886 0.003951
v -0.007575 0.009686 0.003908
v -0.007575 0.007886 0.003908
v -0.007134 0.009686 0.003979
v -0.007134 0.007886 0.003979
v -0.006725 0.009686 0.004159
v -0.006725 0.007886 0.004159
v -0.006375 0.009686 0.004437
v -0.006375 0.007886 0.004437
v -0.006107 0.009686 0.004795
v -0.006107 0.007886 0.004795
v -0.005938 0.009686 0.005209
v -0.005938 0.007886 0.005209
v -0.005880 0.009686 0.005652
v -0.005880 0.007886 0.005652
v -0.005935 0.009686 0.006096
v -0.005935 0.007886 0.006096
v -0.006102 0.009686 0.006511
v -0.006102 0.007886 0.006511
v -0.006368 0.009686 0.006870
v -0.006368 0.007886 0.006870
v -0.006717 0.009686 0.007150
v -0.006717 0.007886 0.007150
v -0.007125 0.009686 0.007332
v -0.007125 0.007886 0.007332
v -0.007566 0.009686 0.007406
v -0.007566 0.007886 0.007406
v -0.008011 0.009686 0.007365
v -0.008011 0.007886 0.007365
v -0.009132 0.007886 0.007000
v -0.009132 0.009686 0.007000
v -0.010036 0.007886 0.007000
v -0.010036 0.009686 0.007000
v -0.010036 0.009386 0.007120
v -0.010036 0.009686 0.007120
v -0.010536 0.007886 0.007000
v -0.010536 0.009386 0.007120
v -0.010536 0.009686 0.007120
v -0.010536 0.009686 0.007000
v -0.017286 0.008016 -0.001155
v -0.017269 0.008032 -0.001155
v -0.017286 0.009686 -0.001155
v -0.017206 0.008105 -0.001155
v -0.017186 0.008136 -0.001155
v -0.017180 0.008146 -0.001155
v -0.017135 0.008252 -0.001155
v -0.017134 0.008256 -0.001155
v -0.017123 0.008304 -0.001155
v -0.017116 0.008386 -0.001155
v -0.017116 0.009686 -0.001155
v -0.018070 0.007886 -0.001607
v -0.018070 0.009686 -0.001607
v -0.018130 0.009386 -0.001503
v -0.018130 0.009686 -0.001503
v -0.018503 0.007886 -0.001857
v -0.018563 0.009386 -0.001753
v -0.018563 0.009686 -0.001753
v -0.018503 0.009686 -0.001857
v -0.021286 0.007886 -0.000250
v -0.021286 0.009686 -0.000250
v -0.021166 0.009386 -0.000250
v -0.021166 0.009686 -0.000250
v -0.021286 0.007886 -0.000000
v -0.021166 0.009386 0.000250
v -0.021286 0.007886 0.000250
v -0.021166 0.009686 0.000250
v -0.021286 0.009686 0.000250
v -0.018503 0.007886 0.001857
v -0.018503 0.009686 0.001857
v -0.018563 0.009386 0.001753
v -0.018563 0.009686 0.001753
v -0.018070 0.007886 0.001607
v -0.018130 0.009386 0.001503
v -0.018130 0.009686 0.001503
v -0.018070 0.009686 0.001607
v -0.022286 0.009386 -0.006503
v -0.022286 0.009386 -0.001732
v -0.022286 0.007886 -0.006503
v -0.022286 0.007886 -0.001732
v -0.021973 0.007886 -0.006336
v -0.021973 0.009386 -0.006336
v -0.021632 0.007886 -0.006234
v -0.021632 0.009386 -0.006234
v -0.021692 0.007886 -0.005590
v -0.021692 0.009386 -0.005590
v -0.021601 0.007886 -0.004950
v -0.021601 0.009386 -0.004950
v -0.021362 0.007886 -0.004349
v -0.021362 0.009386 -0.004349
v -0.020990 0.007886 -0.003820
v -0.020990 0.009386 -0.003820
v -0.020504 0.007886 -0.003393
v -0.020504 0.009386 -0.003393
v -0.019933 0.007886 -0.003091
v -0.019933 0.009386 -0.003091
v -0.021475 0.009386 -0.009790
v -0.022286 0.009386 -0.011196
v -0.021475 0.007886 -0.009790
v -0.022286 0.007886 -0.011196
v -0.021898 0.007886 -0.009693
v -0.021898 0.009386 -0.009693
v -0.022286 0.007886 -0.009497
v -0.022286 0.009386 -0.009497
v -0.016286 0.009386 -0.012804
v -0.015307 0.009386 -0.014500
v -0.016286 0.007886 -0.012804
v -0.015307 0.007886 -0.014500
v -0.017266 0.009386 -0.014500
v -0.017266 0.007886 -0.014500
v -0.004941 0.009386 -0.006234
v -0.004941 0.007886 -0.006234
v -0.004600 0.007886 -0.006336
v -0.004600 0.009386 -0.006336
v -0.004286 0.007886 -0.006503
v -0.004286 0.009386 -0.006503
v -0.004286 0.009386 -0.001732
v -0.004286 0.007886 -0.001732
v -0.006640 0.009386 -0.003091
v -0.006640 0.007886 -0.003091
v -0.006068 0.007886 -0.003393
v -0.006068 0.009386 -0.003393
v -0.005583 0.007886 -0.003820
v -0.005583 0.009386 -0.003820
v -0.005211 0.007886 -0.004349
v -0.005211 0.009386 -0.004349
v -0.004972 0.007886 -0.004950
v -0.004972 0.009386 -0.004950
v -0.004880 0.007886 -0.005590
v -0.004880 0.009386 -0.005590
v -0.011035 0.007886 0.007000
v -0.011035 0.009686 0.007000
v -0.011112 0.009686 0.006990
v -0.011112 0.007886 0.006990
v -0.011185 0.009686 0.006960
v -0.011185 0.007886 0.006960
v -0.011247 0.009686 0.006912
v -0.011247 0.007886 0.006912
v -0.011295 0.009686 0.006850
v -0.011295 0.007886 0.006850
v -0.011325 0.009686 0.006778
v -0.011325 0.007886 0.006778
v -0.011335 0.009686 0.006700
v -0.011335 0.007886 0.006700
v -0.011325 0.009686 0.006622
v -0.011325 0.007886 0.006622
v -0.011295 0.009686 0.006550
v -0.011295 0.007886 0.006550
v -0.010977 0.007886 0.006000
v -0.010977 0.009686 0.006000
v -0.011429 0.007886 0.005217
v -0.011429 0.009686 0.005217
v -0.011533 0.009386 0.005277
v -0.011533 0.009686 0.005277
v -0.011679 0.007886 0.004783
v -0.011783 0.009386 0.004843
v -0.011783 0.009686 0.004843
v -0.011679 0.009686 0.004783
v -0.012132 0.009686 0.004000
v -0.012132 0.008016 0.004000
v -0.012087 0.007953 0.004077
v -0.012081 0.007946 0.004087
v -0.012057 0.007924 0.004129
v -0.012025 0.007903 0.004185
v -0.011997 0.007892 0.004232
v -0.011959 0.007886 0.004300
v -0.012132 0.009686 0.003830
v -0.012132 0.008386 0.003830
v -0.012132 0.008273 0.003843
v -0.012132 0.008256 0.003848
v -0.012132 0.008225 0.003857
v -0.012132 0.008136 0.003900
v -0.012132 0.008121 0.003909
v -0.012132 0.008083 0.003936
v -0.012132 0.008032 0.003982
v -0.011286 0.008386 0.003464
v -0.011278 0.008256 0.003479
v -0.011253 0.008136 0.003522
v -0.011213 0.008032 0.003591
v -0.011161 0.007953 0.003681
v -0.011101 0.007903 0.003785
v -0.011036 0.007886 0.003897
v -0.011286 0.009386 0.003464
v -0.010328 0.009386 0.005125
v -0.010328 0.007886 0.005125
v -0.008162 0.009386 0.002959
v -0.008162 0.007886 0.002959
v -0.008778 0.007886 0.003158
v -0.008778 0.009386 0.003158
v -0.009331 0.007886 0.003497
v -0.009331 0.009386 0.003497
v -0.009790 0.007886 0.003955
v -0.009790 0.009386 0.003955
v -0.010128 0.007886 0.004508
v -0.010128 0.009386 0.004508
v -0.009822 0.009386 0.002000
v -0.009822 0.008386 0.002000
v -0.009606 0.007953 0.002125
v -0.009501 0.007903 0.002185
v -0.009389 0.007886 0.002250
v -0.009808 0.008256 0.002009
v -0.009764 0.008136 0.002033
v -0.009695 0.008032 0.002073
v -0.009393 0.008146 0.001155
v -0.009387 0.008136 0.001155
v -0.009304 0.008032 0.001155
v -0.009286 0.008016 0.001155
v -0.009233 0.007969 0.001186
v -0.009367 0.008105 0.001155
v -0.009457 0.008386 0.001155
v -0.009450 0.008304 0.001155
v -0.009439 0.008256 0.001155
v -0.009438 0.008252 0.001155
v -0.008987 0.007886 0.001328
v -0.009094 0.007900 0.001266
v -0.009209 0.007953 0.001199
v -0.009137 0.007915 0.001241
v -0.009102 0.007903 0.001261
v -0.009286 0.009686 0.001155
v -0.009457 0.009686 0.001155
v -0.008503 0.007886 0.001607
v -0.008503 0.009686 0.001607
v -0.008443 0.009386 0.001503
v -0.008443 0.009686 0.001503
v -0.008070 0.007886 0.001857
v -0.008010 0.009386 0.001753
v -0.008010 0.009686 0.001753
v -0.008070 0.009686 0.001857
v -0.007286 0.007886 0.002309
v -0.007286 0.009686 0.002309
v -0.005286 0.007886 0.001155
v -0.005286 0.009686 0.001155
v -0.005286 0.007886 0.000250
v -0.005286 0.009686 0.000250
v -0.005406 0.009386 0.000250
v -0.005406 0.009686 0.000250
v -0.005286 0.007886 -0.000000
v -0.005406 0.009386 -0.000250
v -0.005286 0.007886 -0.000250
v -0.005406 0.009686 -0.000250
v -0.005286 0.009686 -0.000250
v -0.005286 0.007886 -0.001155
v -0.005286 0.009686 -0.001155
v -0.007286 0.007886 -0.002309
v -0.007286 0.009686 -0.002309
v -0.008070 0.007886 -0.001857
v -0.008070 0.009686 -0.001857
v -0.008010 0.009386 -0.001753
v -0.008010 0.009686 -0.001753
v -0.008503 0.007886 -0.001607
v -0.008443 0.009386 -0.001503
v -0.008443 0.009686 -0.001503
v -0.008503 0.009686 -0.001607
v -0.009286 0.009686 -0.001155
v -0.009286 0.008016 -0.001155
v -0.009209 0.007953 -0.001199
v -0.009199 0.007946 -0.001205
v -0.009158 0.007924 -0.001229
v -0.009102 0.007903 -0.001261
v -0.009054 0.007892 -0.001289
v -0.008987 0.007886 -0.001328
v -0.009457 0.009686 -0.001155
v -0.009457 0.008386 -0.001155
v -0.009443 0.008273 -0.001155
v -0.009439 0.008256 -0.001155
v -0.009429 0.008225 -0.001155
v -0.009387 0.008136 -0.001155
v -0.009377 0.008121 -0.001155
v -0.009350 0.008083 -0.001155
v -0.009304 0.008032 -0.001155
v -0.009822 0.008386 -0.002000
v -0.009808 0.008256 -0.002009
v -0.009764 0.008136 -0.002033
v -0.009695 0.008032 -0.002073
v -0.009606 0.007953 -0.002125
v -0.009501 0.007903 -0.002185
v -0.009389 0.007886 -0.002250
v -0.009822 0.009386 -0.002000
v -0.010458 0.009386 0.002828
v -0.010458 0.009386 -0.002828
v -0.018411 0.009386 -0.002959
v -0.017794 0.009386 -0.003158
v -0.016751 0.009386 -0.002000
v -0.017241 0.009386 -0.003497
v -0.016115 0.009386 -0.002828
v -0.016783 0.009386 -0.003955
v -0.015286 0.009386 -0.003464
v -0.016445 0.009386 -0.004508
v -0.016245 0.009386 -0.005125
v -0.016245 0.009386 0.005125
v -0.016445 0.009386 0.004508
v -0.015286 0.009386 0.003464
v -0.016783 0.009386 0.003955
v -0.016115 0.009386 0.002828
v -0.017241 0.009386 0.003497
v -0.016751 0.009386 0.002000
v -0.017794 0.009386 0.003158
v -0.018411 0.009386 0.002959
v -0.014441 0.008146 0.003894
v -0.014441 0.008136 0.003900
v -0.015320 0.008136 0.003522
v -0.014441 0.008032 0.003982
v -0.014441 0.008016 0.004000
v -0.015360 0.008032 0.003591
v -0.014472 0.007969 0.004054
v -0.015411 0.007953 0.003681
v -0.014441 0.008105 0.003920
v -0.015295 0.008256 0.003479
v -0.015286 0.008386 0.003464
v -0.014441 0.008386 0.003830
v -0.014441 0.008304 0.003837
v -0.014441 0.008256 0.003848
v -0.014441 0.008252 0.003849
v -0.014614 0.007886 0.004300
v -0.015536 0.007886 0.003897
v -0.014552 0.007900 0.004193
v -0.015472 0.007903 0.003785
v -0.014486 0.007953 0.004077
v -0.014527 0.007915 0.004149
v -0.014548 0.007903 0.004185
v -0.016245 0.007886 0.005125
v -0.016445 0.007886 0.004508
v -0.016783 0.007886 0.003955
v -0.017241 0.007886 0.003497
v -0.017794 0.007886 0.003158
v -0.018411 0.007886 0.002959
v -0.016765 0.008256 0.002009
v -0.016751 0.008386 0.002000
v -0.017184 0.007886 0.002250
v -0.017071 0.007903 0.002185
v -0.016967 0.007953 0.002125
v -0.016877 0.008032 0.002073
v -0.016809 0.008136 0.002033
v -0.017116 0.008386 0.001155
v -0.017130 0.008273 0.001155
v -0.017134 0.008256 0.001155
v -0.017144 0.008225 0.001155
v -0.017186 0.008136 0.001155
v -0.017196 0.008121 0.001155
v -0.017223 0.008083 0.001155
v -0.017374 0.007946 0.001205
v -0.017364 0.007953 0.001199
v -0.017286 0.008016 0.001155
v -0.017269 0.008032 0.001155
v -0.017415 0.007924 0.001229
v -0.017471 0.007903 0.001261
v -0.017519 0.007892 0.001289
v -0.017586 0.007886 0.001328
v -0.017116 0.009686 0.001155
v -0.017286 0.009686 0.001155
v -0.019286 0.007886 0.002309
v -0.019286 0.009686 0.002309
v -0.021286 0.007886 0.001155
v -0.021286 0.009686 0.001155
v -0.021286 0.007886 -0.001155
v -0.021286 0.009686 -0.001155
v -0.019286 0.007886 -0.002309
v -0.019286 0.009686 -0.002309
v -0.017586 0.007886 -0.001328
v -0.017479 0.007900 -0.001266
v -0.017471 0.007903 -0.001261
v -0.017340 0.007969 -0.001186
v -0.017436 0.007915 -0.001241
v -0.017364 0.007953 -0.001199
v -0.016809 0.008136 -0.002033
v -0.016877 0.008032 -0.002073
v -0.016967 0.007953 -0.002125
v -0.016765 0.008256 -0.002009
v -0.016751 0.008386 -0.002000
v -0.017184 0.007886 -0.002250
v -0.017071 0.007903 -0.002185
v -0.018411 0.007886 -0.002959
v -0.017794 0.007886 -0.003158
v -0.017241 0.007886 -0.003497
v -0.016783 0.007886 -0.003955
v -0.016445 0.007886 -0.004508
v -0.016245 0.007886 -0.005125
v -0.015286 0.008386 -0.003464
v -0.015536 0.007886 -0.003897
v -0.015472 0.007903 -0.003785
v -0.015411 0.007953 -0.003681
v -0.015360 0.008032 -0.003591
v -0.015320 0.008136 -0.003522
v -0.015295 0.008256 -0.003479
v -0.014441 0.008386 -0.003830
v -0.014441 0.008273 -0.003843
v -0.014441 0.008256 -0.003848
v -0.014441 0.008225 -0.003857
v -0.014441 0.008136 -0.003900
v -0.014441 0.008121 -0.003909
v -0.014441 0.008083 -0.003936
v -0.014492 0.007946 -0.004087
v -0.014486 0.007953 -0.004077
v -0.014441 0.008016 -0.004000
v -0.014441 0.008032 -0.003982
v -0.014515 0.007924 -0.004129
v -0.014548 0.007903 -0.004185
v -0.014575 0.007892 -0.004232
v -0.014614 0.007886 -0.004300
v -0.015143 0.007886 -0.005217
v -0.015143 0.009686 -0.005217
v -0.015040 0.009386 -0.005277
v -0.015040 0.009686 -0.005277
v -0.014893 0.007886 -0.004783
v -0.014790 0.009386 -0.004843
v -0.014790 0.009686 -0.004843
v -0.014893 0.009686 -0.004783
v -0.014441 0.009686 -0.004000
v -0.014441 0.009686 -0.003830
v -0.014441 0.009686 0.004000
v -0.014441 0.009686 0.003830
v -0.014893 0.007886 0.004783
v -0.014893 0.009686 0.004783
v -0.014790 0.009386 0.004843
v -0.014790 0.009686 0.004843
v -0.015143 0.007886 0.005217
v -0.015040 0.009386 0.005277
v -0.015040 0.009686 0.005277
v -0.015143 0.009686 0.005217
v -0.015596 0.007886 0.006000
v -0.015596 0.009686 0.006000
v -0.015278 0.007886 0.006550
v -0.015278 0.009686 0.006550
v -0.015538 0.009686 0.007000
v -0.015538 0.007886 0.007000
v -0.015460 0.007886 0.006990
v -0.015460 0.009686 0.006990
v -0.015388 0.007886 0.006960
v -0.015388 0.009686 0.006960
v -0.015326 0.007886 0.006912
v -0.015326 0.009686 0.006912
v -0.015278 0.007886 0.006850
v -0.015278 0.009686 0.006850
v -0.015248 0.007886 0.006778
v -0.015248 0.009686 0.006778
v -0.015238 0.007886 0.006700
v -0.015238 0.009686 0.006700
v -0.015248 0.007886 0.006622
v -0.015248 0.009686 0.006622
v -0.016036 0.007886 0.007000
v -0.016036 0.009686 0.007000
v -0.016036 0.009386 0.007120
v -0.016036 0.009686 0.007120
v -0.016536 0.007886 0.007000
v -0.016536 0.009386 0.007120
v -0.016536 0.009686 0.007120
v -0.016536 0.009686 0.007000
v -0.017441 0.007886 0.007000
v -0.017441 0.009686 0.007000
v -0.017609 0.007886 0.006789
v -0.017609 0.009686 0.006789
v -0.018142 0.009686 0.007212
v -0.018142 0.007886 0.007212
v -0.018562 0.009686 0.007365
v -0.018562 0.007886 0.007365
v -0.019007 0.009686 0.007406
v -0.019007 0.007886 0.007406
v -0.019448 0.009686 0.007332
v -0.019448 0.007886 0.007332
v -0.019856 0.009686 0.007150
v -0.019856 0.007886 0.007150
v -0.020205 0.009686 0.006870
v -0.020205 0.007886 0.006870
v -0.020471 0.009686 0.006511
v -0.020471 0.007886 0.006511
v -0.020637 0.009686 0.006096
v -0.020637 0.007886 0.006096
v -0.020693 0.009686 0.005652
v -0.020693 0.007886 0.005652
v -0.020635 0.009686 0.005209
v -0.020635 0.007886 0.005209
v -0.020466 0.009686 0.004795
v -0.020466 0.007886 0.004795
v -0.020198 0.009686 0.004437
v -0.020198 0.007886 0.004437
v -0.019848 0.009686 0.004159
v -0.019848 0.007886 0.004159
v -0.019439 0.009686 0.003979
v -0.019439 0.007886 0.003979
v -0.018998 0.009686 0.003908
v -0.018998 0.007886 0.003908
v -0.018553 0.009686 0.003951
v -0.018553 0.007886 0.003951
v -0.018133 0.009686 0.004106
v -0.018133 0.007886 0.004106
v -0.017767 0.009686 0.004361
v -0.017767 0.007886 0.004361
v -0.017604 0.009686 0.004530
v -0.017477 0.007886 0.004702
v -0.017366 0.007886 0.006414
v -0.017366 0.009686 0.006414
v -0.017225 0.007886 0.005989
v -0.017225 0.009686 0.005989
v -0.017197 0.007886 0.005543
v -0.017197 0.009686 0.005543
v -0.017283 0.007886 0.005105
v -0.017283 0.009686 0.005105
v -0.017477 0.009686 0.004702
v -0.017807 0.007886 0.007634
v -0.017807 0.009686 0.007634
v -0.018596 0.007886 0.009000
v -0.018596 0.009686 0.009000
v -0.018278 0.007886 0.009550
v -0.018278 0.009686 0.009550
v -0.018538 0.009686 0.010000
v -0.018538 0.007886 0.010000
v -0.018460 0.007886 0.009990
v -0.018460 0.009686 0.009990
v -0.018388 0.007886 0.009960
v -0.018388 0.009686 0.009960
v -0.018326 0.007886 0.009912
v -0.018326 0.009686 0.009912
v -0.018278 0.007886 0.009850
v -0.018278 0.009686 0.009850
v -0.018248 0.007886 0.009778
v -0.018248 0.009686 0.009778
v -0.018238 0.007886 0.009700
v -0.018238 0.009686 0.009700
v -0.018248 0.007886 0.009622
v -0.018248 0.009686 0.009622
v -0.019036 0.009686 0.010120
v -0.019036 0.009386 0.010120
v -0.019036 0.009686 0.010073
v -0.019036 0.007886 0.010000
v -0.019036 0.009686 0.010000
v -0.019536 0.007886 0.010000
v -0.019536 0.009386 0.010120
v -0.019536 0.009686 0.010120
v -0.019536 0.009686 0.010000
v -0.019536 0.009686 0.010073
v -0.021143 0.007886 0.012783
v -0.021143 0.009686 0.012783
v -0.021040 0.009386 0.012723
v -0.021040 0.009686 0.012723
v -0.020893 0.007886 0.013217
v -0.020790 0.009386 0.013157
v -0.020790 0.009686 0.013157
v -0.020893 0.009686 0.013217
v -0.017679 0.007886 0.013217
v -0.017679 0.009686 0.013217
v -0.017783 0.009386 0.013157
v -0.017783 0.009686 0.013157
v -0.017429 0.007886 0.012783
v -0.017533 0.009386 0.012723
v -0.017533 0.009686 0.012723
v -0.017429 0.009686 0.012783
v -0.016536 0.007886 0.011000
v -0.016536 0.009686 0.011000
v -0.016536 0.009386 0.010880
v -0.016536 0.009686 0.010880
v -0.016036 0.007886 0.011000
v -0.016036 0.009386 0.010880
v -0.016036 0.009686 0.010880
v -0.016036 0.009686 0.011000
v -0.015143 0.007886 0.012783
v -0.015143 0.009686 0.012783
v -0.015040 0.009386 0.012723
v -0.015040 0.009686 0.012723
v -0.014893 0.007886 0.013217
v -0.014790 0.009386 0.013157
v -0.014790 0.009686 0.013157
v -0.014893 0.009686 0.013217
v -0.011679 0.007886 0.013217
v -0.011679 0.009686 0.013217
v -0.011783 0.009386 0.013157
v -0.011783 0.009686 0.013157
v -0.011429 0.007886 0.012783
v -0.011533 0.009386 0.012723
v -0.011533 0.009686 0.012723
v -0.011429 0.009686 0.012783
v -0.010536 0.007886 0.011000
v -0.010536 0.009686 0.011000
v -0.010536 0.009386 0.010880
v -0.010536 0.009686 0.010880
v -0.010036 0.007886 0.011000
v -0.010036 0.009386 0.010880
v -0.010036 0.009686 0.010880
v -0.010036 0.009686 0.011000
v -0.009143 0.007886 0.012783
v -0.009143 0.009686 0.012783
v -0.009040 0.009386 0.012723
v -0.009040 0.009686 0.012723
v -0.008893 0.007886 0.013217
v -0.008790 0.009386 0.013157
v -0.008790 0.009686 0.013157
v -0.008893 0.009686 0.013217
v -0.005679 0.007886 0.013217
v -0.005679 0.009686 0.013217
v -0.005783 0.009386 0.013157
v -0.005783 0.009686 0.013157
v -0.005429 0.007886 0.012783
v -0.005533 0.009386 0.012723
v -0.005533 0.009686 0.012723
v -0.005429 0.009686 0.012783
v -0.006132 0.009686 0.010000
v -0.006132 0.007886 0.010000
v -0.006090 0.009686 0.010073
v -0.004977 0.007886 0.012000
v -0.004977 0.009686 0.012000
v -0.005850 0.009686 0.013512
v -0.006132 0.007886 0.014000
v -0.006132 0.009686 0.014000
v -0.008441 0.007886 0.014000
v -0.008441 0.009686 0.014000
v -0.006363 0.007886 0.014000
v -0.009596 0.007886 0.012000
v -0.009596 0.009686 0.012000
v -0.009278 0.007886 0.011450
v -0.009278 0.009686 0.011450
v -0.009538 0.007886 0.011000
v -0.009538 0.009686 0.011000
v -0.009460 0.009686 0.011010
v -0.009460 0.007886 0.011010
v -0.009388 0.009686 0.011040
v -0.009388 0.007886 0.011040
v -0.009326 0.009686 0.011088
v -0.009326 0.007886 0.011088
v -0.009278 0.009686 0.011150
v -0.009278 0.007886 0.011150
v -0.009248 0.009686 0.011222
v -0.009248 0.007886 0.011222
v -0.009238 0.009686 0.011300
v -0.009238 0.007886 0.011300
v -0.009248 0.009686 0.011378
v -0.009248 0.007886 0.011378
v -0.011035 0.007886 0.011000
v -0.011035 0.009686 0.011000
v -0.011112 0.007886 0.011010
v -0.011112 0.009686 0.011010
v -0.011185 0.007886 0.011040
v -0.011185 0.009686 0.011040
v -0.011247 0.007886 0.011088
v -0.011247 0.009686 0.011088
v -0.011295 0.007886 0.011150
v -0.011295 0.009686 0.011150
v -0.011325 0.007886 0.011222
v -0.011325 0.009686 0.011222
v -0.011335 0.007886 0.011300
v -0.011335 0.009686 0.011300
v -0.011325 0.007886 0.011378
v -0.011325 0.009686 0.011378
v -0.011295 0.007886 0.011450
v -0.011295 0.009686 0.011450
v -0.010977 0.007886 0.012000
v -0.010977 0.009686 0.012000
v -0.012132 0.007886 0.014000
v -0.012132 0.009686 0.014000
v -0.011850 0.009686 0.013512
v -0.011775 0.009686 0.013382
v -0.012250 0.009686 0.014000
v -0.013286 0.007886 0.014000
v -0.014323 0.009686 0.014000
v -0.014441 0.007886 0.014000
v -0.014441 0.009686 0.014000
v -0.015596 0.007886 0.012000
v -0.015596 0.009686 0.012000
v -0.015278 0.007886 0.011450
v -0.015278 0.009686 0.011450
v -0.015538 0.007886 0.011000
v -0.015538 0.009686 0.011000
v -0.015460 0.009686 0.011010
v -0.015460 0.007886 0.011010
v -0.015388 0.009686 0.011040
v -0.015388 0.007886 0.011040
v -0.015326 0.009686 0.011088
v -0.015326 0.007886 0.011088
v -0.015278 0.009686 0.011150
v -0.015278 0.007886 0.011150
v -0.015248 0.009686 0.011222
v -0.015248 0.007886 0.011222
v -0.015238 0.009686 0.011300
v -0.015238 0.007886 0.011300
v -0.015248 0.009686 0.011378
v -0.015248 0.007886 0.011378
v -0.017035 0.007886 0.011000
v -0.017035 0.009686 0.011000
v -0.017112 0.007886 0.011010
v -0.017112 0.009686 0.011010
v -0.017185 0.007886 0.011040
v -0.017185 0.009686 0.011040
v -0.017247 0.007886 0.011088
v -0.017247 0.009686 0.011088
v -0.017295 0.007886 0.011150
v -0.017295 0.009686 0.011150
v -0.017325 0.007886 0.011222
v -0.017325 0.009686 0.011222
v -0.017335 0.007886 0.011300
v -0.017335 0.009686 0.011300
v -0.017325 0.007886 0.011378
v -0.017325 0.009686 0.011378
v -0.017295 0.007886 0.011450
v -0.017295 0.009686 0.011450
v -0.016977 0.007886 0.012000
v -0.016977 0.009686 0.012000
v -0.018132 0.007886 0.014000
v -0.018132 0.009686 0.014000
v -0.020441 0.007886 0.014000
v -0.020441 0.009686 0.014000
v -0.020210 0.007886 0.014000
v -0.020140 0.009686 0.014000
v -0.021596 0.007886 0.012000
v -0.021596 0.009686 0.012000
v -0.020483 0.009686 0.010073
v -0.020441 0.007886 0.010000
v -0.020441 0.009686 0.010000
v -0.013536 0.007886 0.010000
v -0.013536 0.009686 0.010000
v -0.013036 0.007886 0.010000
v -0.013036 0.009686 0.010000
v -0.006363 0.007886 0.010000
v -0.020210 0.007886 0.010000
v -0.020140 0.009686 0.010000
v -0.013536 0.009686 0.010073
v -0.013536 0.009386 0.010120
v -0.013536 0.009686 0.010120
v -0.013036 0.009686 0.010120
v -0.013036 0.009386 0.010120
v -0.013036 0.009686 0.010073
v -0.017286 0.009686 -0.000000
v -0.017150 0.009686 -0.001035
v -0.017150 0.009686 0.001035
v -0.012250 0.009686 -0.007927
v -0.011775 0.009686 -0.007927
v -0.011775 0.009686 -0.006853
v -0.014323 0.009686 -0.010073
v -0.017615 0.009686 -0.004803
v -0.008483 0.009686 -0.010073
v -0.008958 0.009686 -0.007927
v -0.012250 0.009686 -0.004803
v -0.011775 0.009686 -0.004803
v -0.008958 0.009686 -0.006853
v -0.008958 0.009686 -0.004803
v -0.008483 0.009686 -0.006853
v -0.008483 0.009686 -0.004803
v -0.008483 0.009686 -0.010548
v -0.011775 0.009686 -0.010548
v -0.008958 0.009686 -0.010548
v -0.012250 0.009686 -0.010548
v -0.014323 0.009686 -0.010548
v -0.017615 0.009686 -0.010548
v -0.020140 0.009686 -0.010548
v -0.020140 0.009686 -0.010073
v -0.017615 0.009686 -0.010073
v -0.017615 0.009686 -0.007927
v -0.020140 0.009686 -0.006853
v -0.017615 0.009686 -0.006853
v -0.020140 0.009686 -0.004803
v -0.014323 0.009686 -0.007927
v -0.014323 0.009686 -0.006853
v -0.014323 0.009686 -0.004803
v -0.014322 0.009686 -0.003864
v -0.013286 0.009686 -0.004000
v -0.012251 0.009686 -0.003864
v -0.012250 0.009686 -0.010073
v -0.011775 0.009686 -0.010073
v -0.012250 0.009686 -0.006853
v -0.008958 0.009686 -0.010073
v -0.009286 0.009686 -0.000000
v -0.009423 0.009686 0.001035
v -0.009423 0.009686 -0.001035
v -0.017615 0.009686 0.007453
v -0.014323 0.009686 0.007453
v -0.014323 0.009686 0.007927
v -0.008958 0.009686 0.007927
v -0.012250 0.009686 0.010073
v -0.008958 0.009686 0.010073
v -0.017615 0.009686 0.010073
v -0.020140 0.009686 0.006853
v -0.014322 0.009686 0.003864
v -0.014323 0.009686 0.006853
v -0.017615 0.009686 0.006853
v -0.017615 0.009686 0.007927
v -0.020140 0.009686 0.013512
v -0.020140 0.009686 0.010073
v -0.014323 0.009686 0.010073
v -0.012250 0.009686 0.013512
v -0.011775 0.009686 0.010073
v -0.008483 0.009686 0.013512
v -0.008483 0.009686 0.010073
v -0.008958 0.009686 0.006853
v -0.008483 0.009686 0.006853
v -0.008958 0.009686 0.007453
v -0.011775 0.009686 0.007453
v -0.011775 0.009686 0.006853
v -0.012251 0.009686 0.003864
v -0.012250 0.009686 0.006853
v -0.013286 0.009686 0.004000
v -0.014323 0.009686 0.013512
v -0.012250 0.009686 0.007927
v -0.011775 0.009686 0.007927
v -0.012250 0.009686 0.007453
v -0.016751 0.010886 -0.002000
v -0.016115 0.010886 -0.002828
v -0.015286 0.010886 -0.003464
v -0.016751 0.010886 0.002000
v -0.017150 0.010886 0.001035
v -0.017286 0.010886 -0.000000
v -0.017150 0.010886 -0.001035
v -0.016115 0.010886 0.002828
v -0.015286 0.010886 0.003464
v -0.011286 0.010886 0.003464
v -0.012251 0.010886 0.003864
v -0.013286 0.010886 0.004000
v -0.014322 0.010886 0.003864
v -0.010458 0.010886 0.002828
v -0.009822 0.010886 0.002000
v -0.009822 0.010886 -0.002000
v -0.009423 0.010886 -0.001035
v -0.009286 0.010886 -0.000000
v -0.009423 0.010886 0.001035
v -0.010458 0.010886 -0.002828
v -0.011286 0.010886 -0.003464
v -0.014322 0.010886 -0.003864
v -0.013286 0.010886 -0.004000
v -0.012251 0.010886 -0.003864
v -0.021286 0.010886 -0.007200
v -0.021286 0.007886 -0.007200
v -0.021493 0.010886 -0.007227
v -0.021493 0.007886 -0.007227
v -0.021686 0.010886 -0.007307
v -0.021686 0.007886 -0.007307
v -0.021852 0.010886 -0.007434
v -0.021852 0.007886 -0.007434
v -0.021979 0.010886 -0.007600
v -0.021979 0.007886 -0.007600
v -0.022059 0.010886 -0.007793
v -0.022059 0.007886 -0.007793
v -0.022086 0.010886 -0.008000
v -0.022086 0.007886 -0.008000
v -0.022059 0.010886 -0.008207
v -0.022059 0.007886 -0.008207
v -0.021979 0.010886 -0.008400
v -0.021979 0.007886 -0.008400
v -0.021852 0.010886 -0.008566
v -0.021852 0.007886 -0.008566
v -0.021686 0.010886 -0.008693
v -0.021686 0.007886 -0.008693
v -0.021493 0.010886 -0.008773
v -0.021493 0.007886 -0.008773
v -0.021286 0.010886 -0.008800
v -0.021286 0.007886 -0.008800
v -0.021079 0.010886 -0.008773
v -0.021079 0.007886 -0.008773
v -0.020886 0.010886 -0.008693
v -0.020886 0.007886 -0.008693
v -0.020721 0.010886 -0.008566
v -0.020721 0.007886 -0.008566
v -0.020594 0.010886 -0.008400
v -0.020594 0.007886 -0.008400
v -0.020514 0.010886 -0.008207
v -0.020514 0.007886 -0.008207
v -0.020486 0.010886 -0.008000
v -0.020486 0.007886 -0.008000
v -0.020514 0.010886 -0.007793
v -0.020514 0.007886 -0.007793
v -0.020594 0.010886 -0.007600
v -0.020594 0.007886 -0.007600
v -0.020721 0.010886 -0.007434
v -0.020721 0.007886 -0.007434
v -0.020886 0.010886 -0.007307
v -0.020886 0.007886 -0.007307
v -0.021079 0.010886 -0.007227
v -0.021079 0.007886 -0.007227
v -0.005286 0.010886 -0.007200
v -0.005286 0.007886 -0.007200
v -0.005493 0.010886 -0.007227
v -0.005493 0.007886 -0.007227
v -0.005686 0.010886 -0.007307
v -0.005686 0.007886 -0.007307
v -0.005852 0.010886 -0.007434
v -0.005852 0.007886 -0.007434
v -0.005979 0.010886 -0.007600
v -0.005979 0.007886 -0.007600
v -0.006059 0.010886 -0.007793
v -0.006059 0.007886 -0.007793
v -0.006086 0.010886 -0.008000
v -0.006086 0.007886 -0.008000
v -0.006059 0.010886 -0.008207
v -0.006059 0.007886 -0.008207
v -0.005979 0.010886 -0.008400
v -0.005979 0.007886 -0.008400
v -0.005852 0.010886 -0.008566
v -0.005852 0.007886 -0.008566
v -0.005686 0.010886 -0.008693
v -0.005686 0.007886 -0.008693
v -0.005493 0.010886 -0.008773
v -0.005493 0.007886 -0.008773
v -0.005286 0.010886 -0.008800
v -0.005286 0.007886 -0.008800
v -0.005079 0.010886 -0.008773
v -0.005079 0.007886 -0.008773
v -0.004886 0.010886 -0.008693
v -0.004886 0.007886 -0.008693
v -0.004721 0.010886 -0.008566
v -0.004721 0.007886 -0.008566
v -0.004594 0.010886 -0.008400
v -0.004594 0.007886 -0.008400
v -0.004514 0.010886 -0.008207
v -0.004514 0.007886 -0.008207
v -0.004486 0.010886 -0.008000
v -0.004486 0.007886 -0.008000
v -0.004514 0.010886 -0.007793
v -0.004514 0.007886 -0.007793
v -0.004594 0.010886 -0.007600
v -0.004594 0.007886 -0.007600
v -0.004721 0.010886 -0.007434
v -0.004721 0.007886 -0.007434
v -0.004886 0.010886 -0.007307
v -0.004886 0.007886 -0.007307
v -0.005079 0.010886 -0.007227
v -0.005079 0.007886 -0.007227
v -0.021286 0.010886 0.008800
v -0.021286 0.007886 0.008800
v -0.021493 0.010886 0.008773
v -0.021493 0.007886 0.008773
v -0.021686 0.010886 0.008693
v -0.021686 0.007886 0.008693
v -0.021852 0.010886 0.008566
v -0.021852 0.007886 0.008566
v -0.021979 0.010886 0.008400
v -0.021979 0.007886 0.008400
v -0.022059 0.010886 0.008207
v -0.022059 0.007886 0.008207
v -0.022086 0.010886 0.008000
v -0.022086 0.007886 0.008000
v -0.022059 0.010886 0.007793
v -0.022059 0.007886 0.007793
v -0.021979 0.010886 0.007600
v -0.021979 0.007886 0.007600
v -0.021852 0.010886 0.007434
v -0.021852 0.007886 0.007434
v -0.021686 0.010886 0.007307
v -0.021686 0.007886 0.007307
v -0.021493 0.010886 0.007227
v -0.021493 0.007886 0.007227
v -0.021286 0.010886 0.007200
v -0.021286 0.007886 0.007200
v -0.021079 0.010886 0.007227
v -0.021079 0.007886 0.007227
v -0.020886 0.010886 0.007307
v -0.020886 0.007886 0.007307
v -0.020721 0.010886 0.007434
v -0.020721 0.007886 0.007434
v -0.020594 0.010886 0.007600
v -0.020594 0.007886 0.007600
v -0.020514 0.010886 0.007793
v -0.020514 0.007886 0.007793
v -0.020486 0.010886 0.008000
v -0.020486 0.007886 0.008000
v -0.020514 0.010886 0.008207
v -0.020514 0.007886 0.008207
v -0.020594 0.010886 0.008400
v -0.020594 0.007886 0.008400
v -0.020721 0.010886 0.008566
v -0.020721 0.007886 0.008566
v -0.020886 0.010886 0.008693
v -0.020886 0.007886 0.008693
v -0.021079 0.010886 0.008773
v -0.021079 0.007886 0.008773
v -0.005286 0.010886 0.008800
v -0.005286 0.007886 0.008800
v -0.005493 0.010886 0.008773
v -0.005493 0.007886 0.008773
v -0.005686 0.010886 0.008693
v -0.005686 0.007886 0.008693
v -0.005852 0.010886 0.008566
v -0.005852 0.007886 0.008566
v -0.005979 0.010886 0.008400
v -0.005979 0.007886 0.008400
v -0.006059 0.010886 0.008207
v -0.006059 0.007886 0.008207
v -0.006086 0.010886 0.008000
v -0.006086 0.007886 0.008000
v -0.006059 0.010886 0.007793
v -0.006059 0.007886 0.007793
v -0.005979 0.010886 0.007600
v -0.005979 0.007886 0.007600
v -0.005852 0.010886 0.007434
v -0.005852 0.007886 0.007434
v -0.005686 0.010886 0.007307
v -0.005686 0.007886 0.007307
v -0.005493 0.010886 0.007227
v -0.005493 0.007886 0.007227
v -0.005286 0.010886 0.007200
v -0.005286 0.007886 0.007200
v -0.005079 0.010886 0.007227
v -0.005079 0.007886 0.007227
v -0.004886 0.010886 0.007307
v -0.004886 0.007886 0.007307
v -0.004721 0.010886 0.007434
v -0.004721 0.007886 0.007434
v -0.004594 0.010886 0.007600
v -0.004594 0.007886 0.007600
v -0.004514 0.010886 0.007793
v -0.004514 0.007886 0.007793
v -0.004486 0.010886 0.008000
v -0.004486 0.007886 0.008000
v -0.004514 0.010886 0.008207
v -0.004514 0.007886 0.008207
v -0.004594 0.010886 0.008400
v -0.004594 0.007886 0.008400
v -0.004721 0.010886 0.008566
v -0.004721 0.007886 0.008566
v -0.004886 0.010886 0.008693
v -0.004886 0.007886 0.008693
v -0.005079 0.010886 0.008773
v -0.005079 0.007886 0.008773
v -0.007739 0.010886 0.001690
v -0.007286 0.010886 0.001750
v -0.006833 0.010886 0.001690
v -0.006411 0.010886 0.001516
v -0.006049 0.010886 0.001237
v -0.005771 0.010886 0.000875
v -0.005596 0.010886 0.000453
v -0.005536 0.010886 -0.000000
v -0.005596 0.010886 -0.000453
v -0.005771 0.010886 -0.000875
v -0.006049 0.010886 -0.001237
v -0.006411 0.010886 -0.001516
v -0.006833 0.010886 -0.001690
v -0.007286 0.010886 -0.001750
v -0.007739 0.010886 -0.001690
v -0.008161 0.010886 -0.001516
v -0.008524 0.010886 -0.001237
v -0.008802 0.010886 -0.000875
v -0.008977 0.010886 -0.000453
v -0.009036 0.010886 -0.000000
v -0.008977 0.010886 0.000453
v -0.008802 0.010886 0.000875
v -0.008524 0.010886 0.001237
v -0.008161 0.010886 0.001516
v -0.003286 0.010586 -0.016376
v -0.003586 0.010886 -0.016500
v -0.003586 0.010086 -0.017300
v -0.003286 0.009961 -0.017000
v -0.003786 0.010886 -0.016500
v -0.005872 0.010086 -0.017300
v -0.022986 0.010086 -0.017300
v -0.020700 0.010086 -0.017300
v -0.022786 0.010886 -0.016500
v -0.015219 0.010086 -0.017300
v -0.011354 0.010086 -0.017300
v -0.023286 0.009961 -0.017000
v -0.022986 0.004347 -0.017300
v -0.023286 0.004347 -0.017000
v -0.023202 0.003432 -0.017000
v -0.023286 0.004347 -0.014500
v -0.023202 0.003432 -0.014500
v -0.022907 0.003487 -0.017300
v -0.021902 -0.003547 -0.017000
v -0.021607 -0.003492 -0.017300
v -0.021151 -0.007579 -0.015800
v -0.021151 -0.007579 -0.014500
v -0.021902 -0.003547 -0.015800
v -0.020919 -0.004364 -0.017000
v -0.020919 -0.004364 -0.015800
v -0.021148 -0.004338 -0.015800
v -0.021148 -0.004338 -0.017000
v -0.021365 -0.004259 -0.015800
v -0.021365 -0.004259 -0.017000
v -0.021558 -0.004133 -0.015800
v -0.021558 -0.004133 -0.017000
v -0.021717 -0.003967 -0.015800
v -0.021717 -0.003967 -0.017000
v -0.021834 -0.003768 -0.015800
v -0.021834 -0.003768 -0.017000
v -0.020919 -0.004064 -0.017300
v -0.021079 -0.004046 -0.017300
v -0.021231 -0.003991 -0.017300
v -0.021366 -0.003903 -0.017300
v -0.021478 -0.003786 -0.017300
v -0.021559 -0.003647 -0.017300
v -0.019286 -0.004064 -0.017300
v -0.019286 -0.004364 -0.017000
v -0.020700 -0.004064 -0.017300
v -0.019286 -0.004364 -0.015800
v -0.018895 -0.004409 -0.015800
v -0.018833 -0.007805 -0.017000
v -0.019286 -0.007864 -0.017000
v -0.019286 -0.007864 -0.015800
v -0.018895 -0.007820 -0.015800
v -0.018493 -0.007674 -0.015800
v -0.018493 -0.007674 -0.017000
v -0.018139 -0.007436 -0.015800
v -0.017853 -0.007119 -0.015800
v -0.017853 -0.007119 -0.017000
v -0.018049 -0.007352 -0.017000
v -0.018139 -0.007436 -0.017000
v -0.018411 -0.007630 -0.017000
v -0.017653 -0.006742 -0.015800
v -0.017549 -0.006328 -0.015800
v -0.017549 -0.006328 -0.017000
v -0.017596 -0.006567 -0.017000
v -0.017653 -0.006742 -0.017000
v -0.017771 -0.006989 -0.017000
v -0.017653 -0.005487 -0.015800
v -0.017596 -0.005661 -0.017000
v -0.017549 -0.005901 -0.015800
v -0.017549 -0.005901 -0.017000
v -0.017536 -0.006114 -0.017000
v -0.017853 -0.005110 -0.015800
v -0.017771 -0.005239 -0.017000
v -0.017653 -0.005487 -0.017000
v -0.018139 -0.004793 -0.015800
v -0.018049 -0.004877 -0.017000
v -0.017853 -0.005110 -0.017000
v -0.018833 -0.004424 -0.017000
v -0.018493 -0.004554 -0.017000
v -0.018493 -0.004554 -0.015800
v -0.018411 -0.004599 -0.017000
v -0.018139 -0.004793 -0.017000
v -0.019286 -0.008164 -0.017300
v -0.018756 -0.008094 -0.017300
v -0.018261 -0.007890 -0.017300
v -0.017837 -0.007564 -0.017300
v -0.017511 -0.007139 -0.017300
v -0.017306 -0.006645 -0.017300
v -0.017236 -0.006114 -0.017300
v -0.017306 -0.005584 -0.017300
v -0.017511 -0.005089 -0.017300
v -0.017837 -0.004665 -0.017300
v -0.018261 -0.004339 -0.017300
v -0.018756 -0.004134 -0.017300
v -0.019724 -0.007864 -0.017000
v -0.019724 -0.008164 -0.017300
v -0.019724 -0.007864 -0.015800
v -0.019968 -0.007895 -0.017000
v -0.019968 -0.007895 -0.015800
v -0.020197 -0.007984 -0.017000
v -0.020197 -0.007984 -0.015800
v -0.020398 -0.008126 -0.017000
v -0.020398 -0.008126 -0.015800
v -0.020558 -0.008313 -0.017000
v -0.020558 -0.008313 -0.015800
v -0.020667 -0.008534 -0.017000
v -0.020667 -0.008534 -0.015800
v -0.020720 -0.008774 -0.017000
v -0.020720 -0.008774 -0.015800
v -0.020711 -0.009021 -0.017000
v -0.020711 -0.009021 -0.015800
v -0.020643 -0.009257 -0.017000
v -0.020643 -0.009257 -0.015800
v -0.020367 -0.009139 -0.017300
v -0.020415 -0.008974 -0.017300
v -0.020421 -0.008801 -0.017300
v -0.020384 -0.008633 -0.017300
v -0.020308 -0.008479 -0.017300
v -0.020196 -0.008348 -0.017300
v -0.020055 -0.008248 -0.017300
v -0.019895 -0.008185 -0.017300
v -0.016311 -0.013195 -0.017300
v -0.016429 -0.013471 -0.017000
v -0.018002 -0.012577 -0.017000
v -0.017825 -0.012335 -0.017300
v -0.019465 -0.011197 -0.017000
v -0.019233 -0.011006 -0.017300
v -0.020537 -0.009495 -0.017000
v -0.020265 -0.009368 -0.017300
v -0.015036 -0.012551 -0.017000
v -0.015036 -0.012551 -0.015900
v -0.015067 -0.012796 -0.015900
v -0.015067 -0.012796 -0.017000
v -0.015156 -0.013025 -0.015900
v -0.015156 -0.013025 -0.017000
v -0.015298 -0.013226 -0.015900
v -0.015298 -0.013226 -0.017000
v -0.015485 -0.013386 -0.015900
v -0.015485 -0.013386 -0.017000
v -0.015706 -0.013495 -0.015900
v -0.015706 -0.013495 -0.017000
v -0.015947 -0.013547 -0.015900
v -0.015947 -0.013547 -0.017000
v -0.016193 -0.013539 -0.015900
v -0.016193 -0.013539 -0.017000
v -0.016429 -0.013471 -0.015900
v -0.015336 -0.012551 -0.017300
v -0.015358 -0.012722 -0.017300
v -0.015420 -0.012883 -0.017300
v -0.015520 -0.013024 -0.017300
v -0.015651 -0.013136 -0.017300
v -0.015805 -0.013212 -0.017300
v -0.015974 -0.013249 -0.017300
v -0.016146 -0.013243 -0.017300
v -0.015336 -0.012114 -0.017300
v -0.015036 -0.012114 -0.017000
v -0.015036 -0.012114 -0.015900
v -0.011536 -0.012114 -0.017000
v -0.011536 -0.012551 -0.017000
v -0.011536 -0.012114 -0.015900
v -0.011536 -0.012551 -0.015900
v -0.011596 -0.011661 -0.017000
v -0.014992 -0.011723 -0.015900
v -0.011581 -0.011723 -0.015900
v -0.011726 -0.011321 -0.015900
v -0.011726 -0.011321 -0.017000
v -0.011965 -0.010967 -0.015900
v -0.011965 -0.010967 -0.017000
v -0.011771 -0.011239 -0.017000
v -0.012282 -0.010681 -0.015900
v -0.012659 -0.010481 -0.015900
v -0.012659 -0.010481 -0.017000
v -0.012411 -0.010599 -0.017000
v -0.012282 -0.010681 -0.017000
v -0.012049 -0.010877 -0.017000
v -0.013500 -0.010377 -0.015900
v -0.013286 -0.010364 -0.017000
v -0.013073 -0.010377 -0.015900
v -0.013073 -0.010377 -0.017000
v -0.012833 -0.010424 -0.017000
v -0.013914 -0.010481 -0.015900
v -0.013739 -0.010424 -0.017000
v -0.013500 -0.010377 -0.017000
v -0.014291 -0.010681 -0.015900
v -0.014161 -0.010599 -0.017000
v -0.013914 -0.010481 -0.017000
v -0.014608 -0.010967 -0.015900
v -0.014524 -0.010877 -0.017000
v -0.014291 -0.010681 -0.017000
v -0.014977 -0.011661 -0.017000
v -0.014846 -0.011321 -0.017000
v -0.014846 -0.011321 -0.015900
v -0.014802 -0.011239 -0.017000
v -0.014608 -0.010967 -0.017000
v -0.011236 -0.012114 -0.017300
v -0.011306 -0.011584 -0.017300
v -0.011511 -0.011089 -0.017300
v -0.011837 -0.010665 -0.017300
v -0.012261 -0.010339 -0.017300
v -0.012756 -0.010134 -0.017300
v -0.013286 -0.010064 -0.017300
v -0.013817 -0.010134 -0.017300
v -0.014311 -0.010339 -0.017300
v -0.014736 -0.010665 -0.017300
v -0.015062 -0.011089 -0.017300
v -0.015267 -0.011584 -0.017300
v -0.011236 -0.012551 -0.017300
v -0.003371 0.003432 -0.017000
v -0.003286 0.004347 -0.017000
v -0.003371 0.003432 -0.014500
v -0.003286 0.004347 -0.014500
v -0.003586 0.004347 -0.017300
v -0.003666 0.003487 -0.017300
v -0.004966 -0.003492 -0.017300
v -0.004671 -0.003547 -0.017000
v -0.005422 -0.007579 -0.014500
v -0.005422 -0.007579 -0.015800
v -0.004671 -0.003547 -0.015800
v -0.005654 -0.004364 -0.015800
v -0.005654 -0.004364 -0.017000
v -0.005425 -0.004338 -0.017000
v -0.005425 -0.004338 -0.015800
v -0.005208 -0.004259 -0.017000
v -0.005208 -0.004259 -0.015800
v -0.005015 -0.004133 -0.017000
v -0.005015 -0.004133 -0.015800
v -0.004856 -0.003967 -0.017000
v -0.004856 -0.003967 -0.015800
v -0.004739 -0.003768 -0.017000
v -0.004739 -0.003768 -0.015800
v -0.005013 -0.003647 -0.017300
v -0.005095 -0.003786 -0.017300
v -0.005207 -0.003903 -0.017300
v -0.005342 -0.003991 -0.017300
v -0.005494 -0.004046 -0.017300
v -0.005654 -0.004064 -0.017300
v -0.007286 -0.004364 -0.017000
v -0.007286 -0.004064 -0.017300
v -0.005872 -0.004064 -0.017300
v -0.007286 -0.004364 -0.015800
v -0.007678 -0.007820 -0.015800
v -0.007286 -0.007864 -0.015800
v -0.007286 -0.007864 -0.017000
v -0.007739 -0.004424 -0.017000
v -0.007678 -0.004409 -0.015800
v -0.008079 -0.004554 -0.015800
v -0.008079 -0.004554 -0.017000
v -0.008434 -0.004793 -0.015800
v -0.008434 -0.004793 -0.017000
v -0.008161 -0.004599 -0.017000
v -0.008719 -0.005110 -0.015800
v -0.008920 -0.005487 -0.015800
v -0.008920 -0.005487 -0.017000
v -0.008802 -0.005239 -0.017000
v -0.008719 -0.005110 -0.017000
v -0.008524 -0.004877 -0.017000
v -0.009023 -0.006328 -0.015800
v -0.009036 -0.006114 -0.017000
v -0.009023 -0.005901 -0.015800
v -0.009023 -0.005901 -0.017000
v -0.008977 -0.005661 -0.017000
v -0.008920 -0.006742 -0.015800
v -0.008977 -0.006567 -0.017000
v -0.009023 -0.006328 -0.017000
v -0.008719 -0.007119 -0.015800
v -0.008802 -0.006989 -0.017000
v -0.008920 -0.006742 -0.017000
v -0.008434 -0.007436 -0.015800
v -0.008524 -0.007352 -0.017000
v -0.008719 -0.007119 -0.017000
v -0.007739 -0.007805 -0.017000
v -0.008079 -0.007674 -0.017000
v -0.008079 -0.007674 -0.015800
v -0.008161 -0.007630 -0.017000
v -0.008434 -0.007436 -0.017000
v -0.007817 -0.004134 -0.017300
v -0.008311 -0.004339 -0.017300
v -0.008736 -0.004665 -0.017300
v -0.009062 -0.005089 -0.017300
v -0.009267 -0.005584 -0.017300
v -0.009336 -0.006114 -0.017300
v -0.009267 -0.006645 -0.017300
v -0.009062 -0.007139 -0.017300
v -0.008736 -0.007564 -0.017300
v -0.008311 -0.007890 -0.017300
v -0.007286 -0.008164 -0.017300
v -0.007817 -0.008094 -0.017300
v -0.006849 -0.008164 -0.017300
v -0.006849 -0.007864 -0.017000
v -0.006849 -0.007864 -0.015800
v -0.006605 -0.007895 -0.015800
v -0.006605 -0.007895 -0.017000
v -0.006375 -0.007984 -0.015800
v -0.006375 -0.007984 -0.017000
v -0.006175 -0.008126 -0.015800
v -0.006175 -0.008126 -0.017000
v -0.006015 -0.008313 -0.015800
v -0.006015 -0.008313 -0.017000
v -0.005905 -0.008534 -0.015800
v -0.005905 -0.008534 -0.017000
v -0.005853 -0.008774 -0.015800
v -0.005853 -0.008774 -0.017000
v -0.005862 -0.009021 -0.015800
v -0.005862 -0.009021 -0.017000
v -0.005930 -0.009257 -0.015800
v -0.005930 -0.009257 -0.017000
v -0.006678 -0.008185 -0.017300
v -0.006518 -0.008248 -0.017300
v -0.006377 -0.008348 -0.017300
v -0.006265 -0.008479 -0.017300
v -0.006189 -0.008633 -0.017300
v -0.006152 -0.008801 -0.017300
v -0.006158 -0.008974 -0.017300
v -0.006206 -0.009139 -0.017300
v -0.006036 -0.009495 -0.017000
v -0.006308 -0.009368 -0.017300
v -0.007108 -0.011197 -0.017000
v -0.007340 -0.011006 -0.017300
v -0.008571 -0.012577 -0.017000
v -0.008748 -0.012335 -0.017300
v -0.010144 -0.013471 -0.017000
v -0.010261 -0.013195 -0.017300
v -0.010380 -0.013539 -0.017000
v -0.010427 -0.013243 -0.017300
v -0.010626 -0.013547 -0.017000
v -0.010599 -0.013249 -0.017300
v -0.010867 -0.013495 -0.017000
v -0.010768 -0.013212 -0.017300
v -0.011087 -0.013386 -0.017000
v -0.010922 -0.013136 -0.017300
v -0.011275 -0.013226 -0.017000
v -0.011053 -0.013024 -0.017300
v -0.011417 -0.013025 -0.017000
v -0.011153 -0.012883 -0.017300
v -0.011506 -0.012796 -0.017000
v -0.011215 -0.012722 -0.017300
v -0.011506 -0.012796 -0.015900
v -0.011417 -0.013025 -0.015900
v -0.011275 -0.013226 -0.015900
v -0.011087 -0.013386 -0.015900
v -0.010867 -0.013495 -0.015900
v -0.010626 -0.013547 -0.015900
v -0.010380 -0.013539 -0.015900
v -0.010144 -0.013471 -0.015900
v -0.010333 -0.013549 -0.015900
v -0.008571 -0.012577 -0.014500
v -0.016240 -0.013549 -0.014500
v -0.014292 -0.014051 -0.015900
v -0.014292 -0.014051 -0.014500
v -0.012281 -0.014051 -0.015900
v -0.012281 -0.014051 -0.014500
v -0.010333 -0.013549 -0.014500
v -0.018002 -0.012577 -0.014500
v -0.016240 -0.013549 -0.015900
v -0.020537 -0.009495 -0.014500
v -0.007108 -0.011197 -0.014500
v -0.006036 -0.009495 -0.014500
v -0.005548 -0.008143 -0.014500
v -0.019465 -0.011197 -0.014500
v -0.014174 -0.012627 -0.015900
v -0.013286 -0.013139 -0.015900
v -0.013021 -0.013104 -0.015900
v -0.012774 -0.013002 -0.015900
v -0.012562 -0.012839 -0.015900
v -0.014276 -0.012380 -0.015900
v -0.014311 -0.012114 -0.015900
v -0.014276 -0.011849 -0.015900
v -0.014174 -0.011602 -0.015900
v -0.014011 -0.011389 -0.015900
v -0.013799 -0.011227 -0.015900
v -0.013552 -0.011124 -0.015900
v -0.013286 -0.011089 -0.015900
v -0.013552 -0.013104 -0.015900
v -0.013799 -0.013002 -0.015900
v -0.014011 -0.012839 -0.015900
v -0.012399 -0.012627 -0.015900
v -0.013021 -0.011124 -0.015900
v -0.012774 -0.011227 -0.015900
v -0.012562 -0.011389 -0.015900
v -0.012399 -0.011602 -0.015900
v -0.012296 -0.011849 -0.015900
v -0.012261 -0.012114 -0.015900
v -0.012296 -0.012380 -0.015900
v -0.012261 -0.012114 -0.014500
v -0.012296 -0.011849 -0.014500
v -0.012399 -0.011602 -0.014500
v -0.012562 -0.011389 -0.014500
v -0.012774 -0.011227 -0.014500
v -0.013021 -0.011124 -0.014500
v -0.013286 -0.011089 -0.014500
v -0.013552 -0.011124 -0.014500
v -0.013799 -0.011227 -0.014500
v -0.014011 -0.011389 -0.014500
v -0.014174 -0.011602 -0.014500
v -0.014276 -0.011849 -0.014500
v -0.014311 -0.012114 -0.014500
v -0.014276 -0.012380 -0.014500
v -0.014174 -0.012627 -0.014500
v -0.014011 -0.012839 -0.014500
v -0.013799 -0.013002 -0.014500
v -0.013552 -0.013104 -0.014500
v -0.013286 -0.013139 -0.014500
v -0.013021 -0.013104 -0.014500
v -0.012774 -0.013002 -0.014500
v -0.012562 -0.012839 -0.014500
v -0.012399 -0.012627 -0.014500
v -0.012296 -0.012380 -0.014500
v -0.013286 0.000911 -0.014500
v -0.013021 0.000876 -0.014500
v -0.014011 0.000611 -0.014500
v -0.013799 0.000773 -0.014500
v -0.013552 0.000876 -0.014500
v -0.012774 0.000773 -0.014500
v -0.012562 0.000611 -0.014500
v -0.012399 0.000398 -0.014500
v -0.012296 0.000151 -0.014500
v -0.012261 -0.000114 -0.014500
v -0.014276 0.000151 -0.014500
v -0.015299 0.007886 -0.014500
v -0.014311 -0.000114 -0.014500
v -0.014276 -0.000380 -0.014500
v -0.014174 -0.000627 -0.014500
v -0.006363 0.007886 -0.014500
v -0.014174 0.000398 -0.014500
v -0.013286 0.007886 -0.014500
v -0.012296 -0.000380 -0.014500
v -0.012399 -0.000627 -0.014500
v -0.012562 -0.000839 -0.014500
v -0.012774 -0.001002 -0.014500
v -0.013021 -0.001104 -0.014500
v -0.013286 -0.001139 -0.014500
v -0.013552 -0.001104 -0.014500
v -0.013799 -0.001002 -0.014500
v -0.014011 -0.000839 -0.014500
v -0.023286 0.006593 -0.014500
v -0.020210 0.007886 -0.014500
v -0.014311 -0.000114 -0.015800
v -0.014276 -0.000380 -0.015800
v -0.014174 -0.000627 -0.015800
v -0.014011 -0.000839 -0.015800
v -0.013799 -0.001002 -0.015800
v -0.013552 -0.001104 -0.015800
v -0.013286 -0.001139 -0.015800
v -0.013021 -0.001104 -0.015800
v -0.012774 -0.001002 -0.015800
v -0.012562 -0.000839 -0.015800
v -0.012399 -0.000627 -0.015800
v -0.012296 -0.000380 -0.015800
v -0.012261 -0.000114 -0.015800
v -0.012296 0.000151 -0.015800
v -0.012399 0.000398 -0.015800
v -0.012562 0.000611 -0.015800
v -0.012774 0.000773 -0.015800
v -0.013021 0.000876 -0.015800
v -0.013286 0.000911 -0.015800
v -0.013552 0.000876 -0.015800
v -0.013799 0.000773 -0.015800
v -0.014011 0.000611 -0.015800
v -0.014174 0.000398 -0.015800
v -0.014276 0.000151 -0.015800
v -0.020700 0.009586 -0.017300
v -0.010536 0.009586 -0.017300
v -0.005872 0.009586 -0.017300
v -0.015219 -0.002489 -0.017300
v -0.015219 -0.010528 -0.017300
v -0.011354 -0.010528 -0.017300
v -0.011354 -0.002489 -0.017300
v -0.003286 0.004347 0.014500
v -0.003286 0.004347 0.017000
v -0.003586 0.004347 0.017300
v -0.003666 0.003487 0.017300
v -0.004966 -0.003492 0.017300
v -0.003371 0.003432 0.017000
v -0.004671 -0.003547 0.017000
v -0.003371 0.003432 0.014500
v -0.005422 -0.007579 0.015800
v -0.005422 -0.007579 0.014500
v -0.004671 -0.003547 0.015800
v -0.005654 -0.004364 0.017000
v -0.005654 -0.004364 0.015800
v -0.005425 -0.004338 0.015800
v -0.005425 -0.004338 0.017000
v -0.005208 -0.004259 0.015800
v -0.005208 -0.004259 0.017000
v -0.005015 -0.004133 0.015800
v -0.005015 -0.004133 0.017000
v -0.004856 -0.003967 0.015800
v -0.004856 -0.003967 0.017000
v -0.004739 -0.003768 0.015800
v -0.004739 -0.003768 0.017000
v -0.005654 -0.004064 0.017300
v -0.005494 -0.004046 0.017300
v -0.005342 -0.003991 0.017300
v -0.005207 -0.003903 0.017300
v -0.005095 -0.003786 0.017300
v -0.005013 -0.003647 0.017300
v -0.007286 -0.004064 0.017300
v -0.007286 -0.004364 0.017000
v -0.005872 -0.004064 0.017300
v -0.007286 -0.004364 0.015800
v -0.007678 -0.004409 0.015800
v -0.007678 -0.004409 0.017000
v -0.008079 -0.004554 0.015800
v -0.008079 -0.004554 0.017000
v -0.008434 -0.004793 0.015800
v -0.008434 -0.004793 0.017000
v -0.008719 -0.005110 0.015800
v -0.008719 -0.005110 0.017000
v -0.008920 -0.005487 0.015800
v -0.008920 -0.005487 0.017000
v -0.009023 -0.005901 0.015800
v -0.009023 -0.005901 0.017000
v -0.009023 -0.006328 0.015800
v -0.009023 -0.006328 0.017000
v -0.008920 -0.006742 0.015800
v -0.008920 -0.006742 0.017000
v -0.008719 -0.007119 0.015800
v -0.008719 -0.007119 0.017000
v -0.008434 -0.007436 0.015800
v -0.008434 -0.007436 0.017000
v -0.008079 -0.007674 0.015800
v -0.008079 -0.007674 0.017000
v -0.007678 -0.007820 0.015800
v -0.007678 -0.007820 0.017000
v -0.007286 -0.007864 0.015800
v -0.007286 -0.007864 0.017000
v -0.007745 -0.004116 0.017300
v -0.008215 -0.004287 0.017300
v -0.008630 -0.004566 0.017300
v -0.008965 -0.004938 0.017300
v -0.009200 -0.005379 0.017300
v -0.009321 -0.005864 0.017300
v -0.009321 -0.006364 0.017300
v -0.009200 -0.006850 0.017300
v -0.008965 -0.007291 0.017300
v -0.008630 -0.007662 0.017300
v -0.008215 -0.007942 0.017300
v -0.007745 -0.008112 0.017300
v -0.007286 -0.008164 0.017300
v -0.006849 -0.007864 0.017000
v -0.006849 -0.008164 0.017300
v -0.006849 -0.007864 0.015800
v -0.006605 -0.007895 0.017000
v -0.006605 -0.007895 0.015800
v -0.006375 -0.007984 0.017000
v -0.006375 -0.007984 0.015800
v -0.006175 -0.008126 0.017000
v -0.006175 -0.008126 0.015800
v -0.006015 -0.008313 0.017000
v -0.006015 -0.008313 0.015800
v -0.005905 -0.008534 0.017000
v -0.005905 -0.008534 0.015800
v -0.005853 -0.008774 0.017000
v -0.005853 -0.008774 0.015800
v -0.005862 -0.009021 0.017000
v -0.005862 -0.009021 0.015800
v -0.005930 -0.009257 0.017000
v -0.005930 -0.009257 0.015800
v -0.006206 -0.009139 0.017300
v -0.006158 -0.008974 0.017300
v -0.006152 -0.008801 0.017300
v -0.006189 -0.008633 0.017300
v -0.006265 -0.008479 0.017300
v -0.006377 -0.008348 0.017300
v -0.006518 -0.008248 0.017300
v -0.006678 -0.008185 0.017300
v -0.010261 -0.013195 0.017300
v -0.010144 -0.013471 0.017000
v -0.008571 -0.012577 0.017000
v -0.008748 -0.012335 0.017300
v -0.007108 -0.011197 0.017000
v -0.007340 -0.011006 0.017300
v -0.006036 -0.009495 0.017000
v -0.006308 -0.009368 0.017300
v -0.011536 -0.012551 0.017000
v -0.011536 -0.012551 0.015900
v -0.011506 -0.012796 0.015900
v -0.011506 -0.012796 0.017000
v -0.011417 -0.013025 0.015900
v -0.011417 -0.013025 0.017000
v -0.011275 -0.013226 0.015900
v -0.011275 -0.013226 0.017000
v -0.011087 -0.013386 0.015900
v -0.011087 -0.013386 0.017000
v -0.010867 -0.013495 0.015900
v -0.010867 -0.013495 0.017000
v -0.010626 -0.013547 0.015900
v -0.010626 -0.013547 0.017000
v -0.010380 -0.013539 0.015900
v -0.010380 -0.013539 0.017000
v -0.010144 -0.013471 0.015900
v -0.011236 -0.012551 0.017300
v -0.011215 -0.012722 0.017300
v -0.011153 -0.012883 0.017300
v -0.011053 -0.013024 0.017300
v -0.010922 -0.013136 0.017300
v -0.010768 -0.013212 0.017300
v -0.010599 -0.013249 0.017300
v -0.010427 -0.013243 0.017300
v -0.011236 -0.012114 0.017300
v -0.011536 -0.012114 0.017000
v -0.011536 -0.012114 0.015900
v -0.015036 -0.012114 0.017000
v -0.015036 -0.012551 0.017000
v -0.015036 -0.012114 0.015900
v -0.015036 -0.012551 0.015900
v -0.011581 -0.011723 0.015900
v -0.011581 -0.011723 0.017000
v -0.011726 -0.011321 0.015900
v -0.011726 -0.011321 0.017000
v -0.011965 -0.010967 0.015900
v -0.011965 -0.010967 0.017000
v -0.012282 -0.010681 0.015900
v -0.012282 -0.010681 0.017000
v -0.012659 -0.010481 0.015900
v -0.012659 -0.010481 0.017000
v -0.013073 -0.010377 0.015900
v -0.013073 -0.010377 0.017000
v -0.013500 -0.010377 0.015900
v -0.013500 -0.010377 0.017000
v -0.013914 -0.010481 0.015900
v -0.013914 -0.010481 0.017000
v -0.014291 -0.010681 0.015900
v -0.014291 -0.010681 0.017000
v -0.014608 -0.010967 0.015900
v -0.014608 -0.010967 0.017000
v -0.014846 -0.011321 0.015900
v -0.014846 -0.011321 0.017000
v -0.014992 -0.011723 0.015900
v -0.014992 -0.011723 0.017000
v -0.011288 -0.011655 0.017300
v -0.011459 -0.011185 0.017300
v -0.011738 -0.010770 0.017300
v -0.012110 -0.010436 0.017300
v -0.012551 -0.010201 0.017300
v -0.013036 -0.010080 0.017300
v -0.013536 -0.010080 0.017300
v -0.014022 -0.010201 0.017300
v -0.014463 -0.010436 0.017300
v -0.014835 -0.010770 0.017300
v -0.015114 -0.011185 0.017300
v -0.015284 -0.011655 0.017300
v -0.015336 -0.012114 0.017300
v -0.015336 -0.012551 0.017300
v -0.023286 0.004347 0.014500
v -0.023202 0.003432 0.014500
v -0.023286 0.004347 0.017000
v -0.023202 0.003432 0.017000
v -0.022986 0.004347 0.017300
v -0.022907 0.003487 0.017300
v -0.021607 -0.003492 0.017300
v -0.021902 -0.003547 0.017000
v -0.021151 -0.007579 0.014500
v -0.021151 -0.007579 0.015800
v -0.021902 -0.003547 0.015800
v -0.020919 -0.004364 0.015800
v -0.020919 -0.004364 0.017000
v -0.021148 -0.004338 0.017000
v -0.021148 -0.004338 0.015800
v -0.021365 -0.004259 0.017000
v -0.021365 -0.004259 0.015800
v -0.021558 -0.004133 0.017000
v -0.021558 -0.004133 0.015800
v -0.021717 -0.003967 0.017000
v -0.021717 -0.003967 0.015800
v -0.021834 -0.003768 0.017000
v -0.021834 -0.003768 0.015800
v -0.021559 -0.003647 0.017300
v -0.021478 -0.003786 0.017300
v -0.021366 -0.003903 0.017300
v -0.021231 -0.003991 0.017300
v -0.021079 -0.004046 0.017300
v -0.020919 -0.004064 0.017300
v -0.019286 -0.004364 0.017000
v -0.019286 -0.004064 0.017300
v -0.020700 -0.004064 0.017300
v -0.019286 -0.004364 0.015800
v -0.019286 -0.007864 0.015800
v -0.019286 -0.007864 0.017000
v -0.018895 -0.007820 0.015800
v -0.018895 -0.007820 0.017000
v -0.018493 -0.007674 0.015800
v -0.018493 -0.007674 0.017000
v -0.018139 -0.007436 0.015800
v -0.018139 -0.007436 0.017000
v -0.017853 -0.007119 0.015800
v -0.017853 -0.007119 0.017000
v -0.017653 -0.006742 0.015800
v -0.017653 -0.006742 0.017000
v -0.017549 -0.006328 0.015800
v -0.017549 -0.006328 0.017000
v -0.017549 -0.005901 0.015800
v -0.017549 -0.005901 0.017000
v -0.017653 -0.005487 0.015800
v -0.017653 -0.005487 0.017000
v -0.017853 -0.005110 0.015800
v -0.017853 -0.005110 0.017000
v -0.018139 -0.004793 0.015800
v -0.018139 -0.004793 0.017000
v -0.018493 -0.004554 0.015800
v -0.018493 -0.004554 0.017000
v -0.018895 -0.004409 0.015800
v -0.018895 -0.004409 0.017000
v -0.019286 -0.008164 0.017300
v -0.018828 -0.008112 0.017300
v -0.018358 -0.007942 0.017300
v -0.017943 -0.007662 0.017300
v -0.017608 -0.007291 0.017300
v -0.017373 -0.006850 0.017300
v -0.017252 -0.006364 0.017300
v -0.017252 -0.005864 0.017300
v -0.017373 -0.005379 0.017300
v -0.017608 -0.004938 0.017300
v -0.017943 -0.004566 0.017300
v -0.018358 -0.004287 0.017300
v -0.018828 -0.004116 0.017300
v -0.019724 -0.008164 0.017300
v -0.019724 -0.007864 0.017000
v -0.019724 -0.007864 0.015800
v -0.019968 -0.007895 0.015800
v -0.019968 -0.007895 0.017000
v -0.020197 -0.007984 0.015800
v -0.020197 -0.007984 0.017000
v -0.020398 -0.008126 0.015800
v -0.020398 -0.008126 0.017000
v -0.020558 -0.008313 0.015800
v -0.020558 -0.008313 0.017000
v -0.020667 -0.008534 0.015800
v -0.020667 -0.008534 0.017000
v -0.020720 -0.008774 0.015800
v -0.020720 -0.008774 0.017000
v -0.020711 -0.009021 0.015800
v -0.020711 -0.009021 0.017000
v -0.020643 -0.009257 0.015800
v -0.020643 -0.009257 0.017000
v -0.019895 -0.008185 0.017300
v -0.020055 -0.008248 0.017300
v -0.020196 -0.008348 0.017300
v -0.020308 -0.008479 0.017300
v -0.020384 -0.008633 0.017300
v -0.020421 -0.008801 0.017300
v -0.020415 -0.008974 0.017300
v -0.020367 -0.009139 0.017300
v -0.020537 -0.009495 0.017000
v -0.020265 -0.009368 0.017300
v -0.019465 -0.011197 0.017000
v -0.019233 -0.011006 0.017300
v -0.018002 -0.012577 0.017000
v -0.017825 -0.012335 0.017300
v -0.016429 -0.013471 0.017000
v -0.016311 -0.013195 0.017300
v -0.016193 -0.013539 0.017000
v -0.016146 -0.013243 0.017300
v -0.015947 -0.013547 0.017000
v -0.015974 -0.013249 0.017300
v -0.015706 -0.013495 0.017000
v -0.015805 -0.013212 0.017300
v -0.015485 -0.013386 0.017000
v -0.015651 -0.013136 0.017300
v -0.015298 -0.013226 0.017000
v -0.015520 -0.013024 0.017300
v -0.015156 -0.013025 0.017000
v -0.015420 -0.012883 0.017300
v -0.015067 -0.012796 0.017000
v -0.015358 -0.012722 0.017300
v -0.015067 -0.012796 0.015900
v -0.015156 -0.013025 0.015900
v -0.015298 -0.013226 0.015900
v -0.015485 -0.013386 0.015900
v -0.015706 -0.013495 0.015900
v -0.015947 -0.013547 0.015900
v -0.016193 -0.013539 0.015900
v -0.016429 -0.013471 0.015900
v -0.016240 -0.013549 0.015900
v -0.018002 -0.012577 0.014500
v -0.016240 -0.013549 0.014500
v -0.014292 -0.014051 0.014500
v -0.014292 -0.014051 0.015900
v -0.012281 -0.014051 0.014500
v -0.012281 -0.014051 0.015900
v -0.010333 -0.013549 0.014500
v -0.010333 -0.013549 0.015900
v -0.008571 -0.012577 0.014500
v -0.005548 -0.008143 0.014500
v -0.006036 -0.009495 0.014500
v -0.007108 -0.011197 0.014500
v -0.020537 -0.009495 0.014500
v -0.019465 -0.011197 0.014500
v -0.013286 -0.013139 0.015900
v -0.013552 -0.013104 0.015900
v -0.013799 -0.013002 0.015900
v -0.014011 -0.012839 0.015900
v -0.012399 -0.012627 0.015900
v -0.012562 -0.012839 0.015900
v -0.012774 -0.013002 0.015900
v -0.013021 -0.013104 0.015900
v -0.014174 -0.012627 0.015900
v -0.013286 -0.011089 0.015900
v -0.013552 -0.011124 0.015900
v -0.013799 -0.011227 0.015900
v -0.014011 -0.011389 0.015900
v -0.014174 -0.011602 0.015900
v -0.014276 -0.011849 0.015900
v -0.014311 -0.012114 0.015900
v -0.014276 -0.012380 0.015900
v -0.012296 -0.012380 0.015900
v -0.012261 -0.012114 0.015900
v -0.012296 -0.011849 0.015900
v -0.012399 -0.011602 0.015900
v -0.012562 -0.011389 0.015900
v -0.012774 -0.011227 0.015900
v -0.013021 -0.011124 0.015900
v -0.012261 -0.012114 0.014500
v -0.012296 -0.011849 0.014500
v -0.012399 -0.011602 0.014500
v -0.012562 -0.011389 0.014500
v -0.012774 -0.011227 0.014500
v -0.013021 -0.011124 0.014500
v -0.013286 -0.011089 0.014500
v -0.013552 -0.011124 0.014500
v -0.013799 -0.011227 0.014500
v -0.014011 -0.011389 0.014500
v -0.014174 -0.011602 0.014500
v -0.014276 -0.011849 0.014500
v -0.014311 -0.012114 0.014500
v -0.014276 -0.012380 0.014500
v -0.014174 -0.012627 0.014500
v -0.014011 -0.012839 0.014500
v -0.013799 -0.013002 0.014500
v -0.013552 -0.013104 0.014500
v -0.013286 -0.013139 0.014500
v -0.013021 -0.013104 0.014500
v -0.012774 -0.013002 0.014500
v -0.012562 -0.012839 0.014500
v -0.012399 -0.012627 0.014500
v -0.012296 -0.012380 0.014500
v -0.015299 0.007886 0.014500
v -0.014174 -0.000627 0.014500
v -0.014174 0.000398 0.014500
v -0.014011 0.000611 0.014500
v -0.013799 0.000773 0.014500
v -0.006363 0.007886 0.014500
v -0.013552 -0.001104 0.014500
v -0.013799 -0.001002 0.014500
v -0.014011 -0.000839 0.014500
v -0.012774 0.000773 0.014500
v -0.013021 0.000876 0.014500
v -0.014276 0.000151 0.014500
v -0.014311 -0.000114 0.014500
v -0.014276 -0.000380 0.014500
v -0.012562 0.000611 0.014500
v -0.013286 -0.001139 0.014500
v -0.013021 -0.001104 0.014500
v -0.012774 -0.001002 0.014500
v -0.012562 -0.000839 0.014500
v -0.012399 -0.000627 0.014500
v -0.012296 -0.000380 0.014500
v -0.012261 -0.000114 0.014500
v -0.012296 0.000151 0.014500
v -0.012399 0.000398 0.014500
v -0.013286 0.000911 0.014500
v -0.013552 0.000876 0.014500
v -0.013286 0.007886 0.014500
v -0.020210 0.007886 0.014500
v -0.014311 -0.000114 0.015800
v -0.014276 -0.000380 0.015800
v -0.014174 -0.000627 0.015800
v -0.014011 -0.000839 0.015800
v -0.013799 -0.001002 0.015800
v -0.013552 -0.001104 0.015800
v -0.013286 -0.001139 0.015800
v -0.013021 -0.001104 0.015800
v -0.012774 -0.001002 0.015800
v -0.012562 -0.000839 0.015800
v -0.012399 -0.000627 0.015800
v -0.012296 -0.000380 0.015800
v -0.012261 -0.000114 0.015800
v -0.012296 0.000151 0.015800
v -0.012399 0.000398 0.015800
v -0.012562 0.000611 0.015800
v -0.012774 0.000773 0.015800
v -0.013021 0.000876 0.015800
v -0.013286 0.000911 0.015800
v -0.013552 0.000876 0.015800
v -0.013799 0.000773 0.015800
v -0.014011 0.000611 0.015800
v -0.014174 0.000398 0.015800
v -0.014276 0.000151 0.015800
v -0.016036 0.009586 0.017300
v -0.020700 0.009586 0.017300
v -0.005872 0.009586 0.017300
v -0.011354 -0.002489 0.017300
v -0.011354 -0.010528 0.017300
v -0.015219 -0.010528 0.017300
v -0.015219 -0.002489 0.017300
v -0.023286 0.008386 -0.012707
v -0.022786 0.007886 0.009148
v -0.022786 0.007886 -0.009148
v -0.022786 0.007886 -0.006852
v -0.022786 0.007886 -0.000000
v -0.022786 0.007886 0.006852
v -0.006363 0.007886 0.009148
v -0.020210 0.007886 -0.009148
v -0.020210 0.007886 0.009148
v -0.006363 0.007886 -0.009148
v -0.016286 0.010886 0.010750
v -0.015833 0.010886 0.010690
v -0.015411 0.010886 0.010516
v -0.015049 0.010886 0.010237
v -0.014771 0.010886 0.009875
v -0.014596 0.010886 0.009453
v -0.014536 0.010886 0.009000
v -0.014596 0.010886 0.008547
v -0.014771 0.010886 0.008125
v -0.015049 0.010886 0.007763
v -0.015411 0.010886 0.007484
v -0.015833 0.010886 0.007310
v -0.016286 0.010886 0.007250
v -0.016739 0.010886 0.007310
v -0.017161 0.010886 0.007484
v -0.017524 0.010886 0.007763
v -0.017802 0.010886 0.008125
v -0.017977 0.010886 0.008547
v -0.018036 0.010886 0.009000
v -0.017977 0.010886 0.009453
v -0.017802 0.010886 0.009875
v -0.017524 0.010886 0.010237
v -0.017161 0.010886 0.010516
v -0.016739 0.010886 0.010690
v -0.009049 0.010886 -0.007763
v -0.008771 0.010886 -0.008125
v -0.008596 0.010886 -0.008547
v -0.008536 0.010886 -0.009000
v -0.008596 0.010886 -0.009453
v -0.008771 0.010886 -0.009875
v -0.009049 0.010886 -0.010237
v -0.009411 0.010886 -0.010516
v -0.009833 0.010886 -0.010690
v -0.010286 0.010886 -0.010750
v -0.010739 0.010886 -0.010690
v -0.011161 0.010886 -0.010516
v -0.011524 0.010886 -0.010237
v -0.011802 0.010886 -0.009875
v -0.011977 0.010886 -0.009453
v -0.012036 0.010886 -0.009000
v -0.011977 0.010886 -0.008547
v -0.011802 0.010886 -0.008125
v -0.011524 0.010886 -0.007763
v -0.011161 0.010886 -0.007484
v -0.010739 0.010886 -0.007310
v -0.010286 0.010886 -0.007250
v -0.009833 0.010886 -0.007310
v -0.009411 0.010886 -0.007484
v -0.019739 0.010886 0.001690
v -0.019286 0.010886 0.001750
v -0.018833 0.010886 0.001690
v -0.018411 0.010886 0.001516
v -0.018049 0.010886 0.001237
v -0.017771 0.010886 0.000875
v -0.017596 0.010886 0.000453
v -0.017536 0.010886 -0.000000
v -0.017596 0.010886 -0.000453
v -0.017771 0.010886 -0.000875
v -0.018049 0.010886 -0.001237
v -0.018411 0.010886 -0.001516
v -0.018833 0.010886 -0.001690
v -0.019286 0.010886 -0.001750
v -0.019739 0.010886 -0.001690
v -0.020161 0.010886 -0.001516
v -0.020524 0.010886 -0.001237
v -0.020802 0.010886 -0.000875
v -0.020977 0.010886 -0.000453
v -0.021036 0.010886 -0.000000
v -0.020977 0.010886 0.000453
v -0.020802 0.010886 0.000875
v -0.020524 0.010886 0.001237
v -0.020161 0.010886 0.001516
v -0.009049 0.010886 0.007763
v -0.009411 0.010886 0.007484
v -0.009833 0.010886 0.007310
v -0.010286 0.010886 0.007250
v -0.010739 0.010886 0.007310
v -0.011161 0.010886 0.007484
v -0.011524 0.010886 0.007763
v -0.011802 0.010886 0.008125
v -0.011977 0.010886 0.008547
v -0.012036 0.010886 0.009000
v -0.011977 0.010886 0.009453
v -0.011802 0.010886 0.009875
v -0.011524 0.010886 0.010237
v -0.011161 0.010886 0.010516
v -0.010739 0.010886 0.010690
v -0.010286 0.010886 0.010750
v -0.009833 0.010886 0.010690
v -0.009411 0.010886 0.010516
v -0.009049 0.010886 0.010237
v -0.008771 0.010886 0.009875
v -0.008596 0.010886 0.009453
v -0.008536 0.010886 0.009000
v -0.008596 0.010886 0.008547
v -0.008771 0.010886 0.008125
v -0.016286 0.010886 -0.007250
v -0.015833 0.010886 -0.007310
v -0.015411 0.010886 -0.007484
v -0.015049 0.010886 -0.007763
v -0.014771 0.010886 -0.008125
v -0.014596 0.010886 -0.008547
v -0.014536 0.010886 -0.009000
v -0.014596 0.010886 -0.009453
v -0.014771 0.010886 -0.009875
v -0.015049 0.010886 -0.010237
v -0.015411 0.010886 -0.010516
v -0.015833 0.010886 -0.010690
v -0.016286 0.010886 -0.010750
v -0.016739 0.010886 -0.010690
v -0.017161 0.010886 -0.010516
v -0.017524 0.010886 -0.010237
v -0.017802 0.010886 -0.009875
v -0.017977 0.010886 -0.009453
v -0.018036 0.010886 -0.009000
v -0.017977 0.010886 -0.008547
v -0.017802 0.010886 -0.008125
v -0.017524 0.010886 -0.007763
v -0.017161 0.010886 -0.007484
v -0.016739 0.010886 -0.007310
v -0.003786 0.013386 0.004000
v -0.003786 0.013386 0.012000
v -0.003786 0.013386 -0.012000
v -0.003786 0.013386 -0.004000
v -0.011786 0.013386 0.012000
v -0.019403 0.013386 0.012000
v -0.022786 0.013386 0.012000
v -0.022786 0.013386 -0.012000
v -0.022786 0.013386 -0.010602
v -0.022786 0.013400 -0.009684
v -0.022786 0.013414 -0.009728
v -0.022786 0.013467 -0.009849
v -0.022786 0.013386 -0.009593
v -0.022786 0.013387 -0.009604
v -0.022786 0.013388 -0.009623
v -0.022786 0.013390 -0.009638
v -0.022786 0.013392 -0.009645
v -0.022786 0.013393 -0.009652
v -0.022786 0.013486 -0.009884
v -0.022786 0.013644 -0.010101
v -0.022786 0.013654 -0.010112
v -0.022786 0.013386 0.009580
v -0.022786 0.013386 0.009583
v -0.022786 0.013386 0.008223
v -0.022786 0.013386 0.007979
v -0.022786 0.013386 0.009494
v -0.022786 0.013386 0.009421
v -0.022786 0.013386 0.006930
v -0.022786 0.013386 -0.006937
v -0.022786 0.013386 -0.007983
v -0.022786 0.013386 0.008870
v -0.022786 0.013386 0.008672
v -0.022786 0.013386 0.008455
v -0.022786 0.013386 0.009573
v -0.022786 0.013386 0.009544
v -0.022786 0.013386 0.009322
v -0.022786 0.013386 0.009197
v -0.022786 0.013386 -0.008460
v -0.022786 0.013386 -0.008874
v -0.022786 0.013386 -0.009050
v -0.022786 0.013386 -0.009202
v -0.022786 0.013386 -0.009269
v -0.022786 0.013386 -0.009329
v -0.022786 0.013386 -0.009382
v -0.022786 0.013386 -0.009428
v -0.022786 0.013386 -0.009467
v -0.022786 0.013386 -0.009501
v -0.022786 0.013386 -0.009590
v -0.022786 0.013386 -0.009590
v -0.019408 0.013386 -0.012000
v -0.011786 0.013386 -0.012000
v -0.003899 0.013386 0.005340
v -0.004466 0.013386 0.007227
v -0.005476 0.013386 0.008917
v -0.006869 0.013386 0.010310
v -0.008560 0.013386 0.011320
v -0.010446 0.013386 0.011887
v -0.010446 0.013386 -0.011887
v -0.008560 0.013386 -0.011320
v -0.006869 0.013386 -0.010310
v -0.005476 0.013386 -0.008917
v -0.004466 0.013386 -0.007227
v -0.003899 0.013386 -0.005340
v -0.021448 0.013386 -0.011492
v -0.022480 0.013386 -0.010864
v -0.020617 0.013386 -0.011783
v -0.019763 0.013386 -0.011968
v -0.022754 0.013386 0.009940
v -0.022762 0.013386 0.009852
v -0.022786 0.013386 0.009585
v -0.022786 0.013386 0.009587
v -0.022137 0.013386 0.011058
v -0.022344 0.013386 0.010837
v -0.022458 0.013386 0.010680
v -0.022607 0.013386 0.010410
v -0.022774 0.013386 0.009717
v -0.022780 0.013386 0.009650
v -0.022783 0.013386 0.009616
v -0.022785 0.013386 0.009599
v -0.022786 0.013386 0.009591
v -0.019769 0.013386 0.011966
v -0.020680 0.013386 0.011760
v -0.021499 0.013386 0.011461
v -0.022623 0.013386 0.010374
v -0.022713 0.013386 0.010118
v -0.021721 0.013386 0.011351
v -0.021951 0.013386 0.011208
v -0.023096 0.037349 -0.010290
v -0.023333 0.037631 -0.010008
v -0.023413 0.037731 -0.009902
v -0.023041 0.037594 -0.010332
v -0.023112 0.037520 -0.010267
v -0.022793 0.013449 0.009754
v -0.022779 0.013429 0.009810
v -0.022762 0.013453 0.009941
v -0.022816 0.013433 0.009444
v -0.022831 0.013439 0.009313
v -0.022813 0.013469 0.009673
v -0.022786 0.013386 0.009583
v -0.022786 0.013386 0.009585
v -0.022786 0.013386 0.009590
v -0.022786 0.013388 0.009643
v -0.022786 0.013386 0.009599
v -0.022786 0.013386 0.009616
v -0.022786 0.013388 0.009643
v -0.022787 0.013406 0.009677
v -0.022794 0.013416 0.009625
v -0.022804 0.013425 0.009547
v -0.022736 0.013480 0.010071
v -0.022783 0.013392 0.009695
v -0.022660 0.013539 0.010322
v -0.022794 0.013446 -0.009747
v -0.022840 0.013411 -0.008498
v -0.022824 0.013412 -0.008921
v -0.022866 0.013492 -0.009420
v -0.022808 0.013410 -0.009256
v -0.022805 0.013409 -0.009324
v -0.022801 0.013407 -0.009385
v -0.022798 0.013406 -0.009440
v -0.022796 0.013404 -0.009487
v -0.022793 0.013402 -0.009527
v -0.022787 0.013387 -0.009593
v -0.022787 0.013387 -0.009595
v -0.022786 0.013386 -0.009587
v -0.022786 0.013386 -0.009585
v -0.022788 0.013395 -0.009613
v -0.022787 0.013394 -0.009623
v -0.022800 0.013609 -0.010017
v -0.022786 0.013386 -0.009587
v -0.022787 0.013387 -0.009590
v -0.022787 0.013387 -0.009587
v -0.022787 0.013387 -0.009583
v -0.022787 0.013393 -0.009631
v -0.022787 0.013388 -0.009579
v -0.022787 0.013388 -0.009575
v -0.022787 0.013388 -0.009566
v -0.022789 0.013397 -0.009590
v -0.022791 0.013399 -0.009562
v -0.022837 0.013480 -0.009558
v -0.017802 0.030886 -0.008125
v -0.017977 0.030886 -0.008547
v -0.016286 0.030886 -0.009000
v -0.018036 0.030886 -0.009000
v -0.017977 0.030886 -0.009453
v -0.016739 0.030886 -0.007310
v -0.017161 0.030886 -0.007484
v -0.017524 0.030886 -0.007763
v -0.015411 0.030886 -0.007484
v -0.015833 0.030886 -0.007310
v -0.016286 0.030886 -0.007250
v -0.014596 0.030886 -0.008547
v -0.014771 0.030886 -0.008125
v -0.015049 0.030886 -0.007763
v -0.014771 0.030886 -0.009875
v -0.014596 0.030886 -0.009453
v -0.014536 0.030886 -0.009000
v -0.015833 0.030886 -0.010690
v -0.015411 0.030886 -0.010516
v -0.015049 0.030886 -0.010237
v -0.017161 0.030886 -0.010516
v -0.016739 0.030886 -0.010690
v -0.016286 0.030886 -0.010750
v -0.017802 0.030886 -0.009875
v -0.017524 0.030886 -0.010237
v -0.011802 0.030886 0.009875
v -0.011977 0.030886 0.009453
v -0.010286 0.030886 0.009000
v -0.012036 0.030886 0.009000
v -0.011977 0.030886 0.008547
v -0.010739 0.030886 0.010690
v -0.011161 0.030886 0.010516
v -0.011524 0.030886 0.010237
v -0.009411 0.030886 0.010516
v -0.009833 0.030886 0.010690
v -0.010286 0.030886 0.010750
v -0.008596 0.030886 0.009453
v -0.008771 0.030886 0.009875
v -0.009049 0.030886 0.010237
v -0.008771 0.030886 0.008125
v -0.008596 0.030886 0.008547
v -0.008536 0.030886 0.009000
v -0.009833 0.030886 0.007310
v -0.009411 0.030886 0.007484
v -0.009049 0.030886 0.007763
v -0.011161 0.030886 0.007484
v -0.010739 0.030886 0.007310
v -0.010286 0.030886 0.007250
v -0.011802 0.030886 0.008125
v -0.011524 0.030886 0.007763
v -0.020802 0.030886 0.000875
v -0.020977 0.030886 0.000453
v -0.019286 0.030886 -0.000000
v -0.021036 0.030886 -0.000000
v -0.020977 0.030886 -0.000453
v -0.019739 0.030886 0.001690
v -0.020161 0.030886 0.001516
v -0.020524 0.030886 0.001237
v -0.018411 0.030886 0.001516
v -0.018833 0.030886 0.001690
v -0.019286 0.030886 0.001750
v -0.017596 0.030886 0.000453
v -0.017771 0.030886 0.000875
v -0.018049 0.030886 0.001237
v -0.017771 0.030886 -0.000875
v -0.017596 0.030886 -0.000453
v -0.017536 0.030886 -0.000000
v -0.018833 0.030886 -0.001690
v -0.018411 0.030886 -0.001516
v -0.018049 0.030886 -0.001237
v -0.020161 0.030886 -0.001516
v -0.019739 0.030886 -0.001690
v -0.019286 0.030886 -0.001750
v -0.020802 0.030886 -0.000875
v -0.020524 0.030886 -0.001237
v -0.011802 0.030886 -0.008125
v -0.011977 0.030886 -0.008547
v -0.010286 0.030886 -0.009000
v -0.012036 0.030886 -0.009000
v -0.011977 0.030886 -0.009453
v -0.010739 0.030886 -0.007310
v -0.011161 0.030886 -0.007484
v -0.011524 0.030886 -0.007763
v -0.009411 0.030886 -0.007484
v -0.009833 0.030886 -0.007310
v -0.010286 0.030886 -0.007250
v -0.008596 0.030886 -0.008547
v -0.008771 0.030886 -0.008125
v -0.009049 0.030886 -0.007763
v -0.008771 0.030886 -0.009875
v -0.008596 0.030886 -0.009453
v -0.008536 0.030886 -0.009000
v -0.009833 0.030886 -0.010690
v -0.009411 0.030886 -0.010516
v -0.009049 0.030886 -0.010237
v -0.011161 0.030886 -0.010516
v -0.010739 0.030886 -0.010690
v -0.010286 0.030886 -0.010750
v -0.011802 0.030886 -0.009875
v -0.011524 0.030886 -0.010237
v -0.017802 0.030886 0.009875
v -0.017977 0.030886 0.009453
v -0.016286 0.030886 0.009000
v -0.018036 0.030886 0.009000
v -0.017977 0.030886 0.008547
v -0.016739 0.030886 0.010690
v -0.017161 0.030886 0.010516
v -0.017524 0.030886 0.010237
v -0.015411 0.030886 0.010516
v -0.015833 0.030886 0.010690
v -0.016286 0.030886 0.010750
v -0.014596 0.030886 0.009453
v -0.014771 0.030886 0.009875
v -0.015049 0.030886 0.010237
v -0.014771 0.030886 0.008125
v -0.014596 0.030886 0.008547
v -0.014536 0.030886 0.009000
v -0.015833 0.030886 0.007310
v -0.015411 0.030886 0.007484
v -0.015049 0.030886 0.007763
v -0.017161 0.030886 0.007484
v -0.016739 0.030886 0.007310
v -0.016286 0.030886 0.007250
v -0.017802 0.030886 0.008125
v -0.017524 0.030886 0.007763
v -0.005771 0.030886 -0.000875
v -0.005596 0.030886 -0.000453
v -0.007286 0.030886 -0.000000
v -0.005536 0.030886 -0.000000
v -0.005596 0.030886 0.000453
v -0.006833 0.030886 -0.001690
v -0.006411 0.030886 -0.001516
v -0.006049 0.030886 -0.001237
v -0.008161 0.030886 -0.001516
v -0.007739 0.030886 -0.001690
v -0.007286 0.030886 -0.001750
v -0.008977 0.030886 -0.000453
v -0.008802 0.030886 -0.000875
v -0.008524 0.030886 -0.001237
v -0.008802 0.030886 0.000875
v -0.008977 0.030886 0.000453
v -0.009036 0.030886 -0.000000
v -0.007739 0.030886 0.001690
v -0.008161 0.030886 0.001516
v -0.008524 0.030886 0.001237
v -0.006411 0.030886 0.001516
v -0.006833 0.030886 0.001690
v -0.007286 0.030886 0.001750
v -0.005771 0.030886 0.000875
v -0.006049 0.030886 0.001237
v -0.005286 0.010886 0.008000
v -0.021286 0.010886 0.008000
v -0.005286 0.010886 -0.008000
v -0.021286 0.010886 -0.008000
v -0.013286 0.010886 -0.000000
vn -0.0000 -1.0000 -0.0000
vn -0.9513 -0.0000 0.3084
vn -0.8532 -0.0000 0.5215
vn -0.7063 -0.0000 0.7079
vn -0.5226 -0.0000 0.8526
vn -0.3074 -0.0000 0.9516
vn 0.8662 -0.0000 0.4996
vn 0.8663 0.0006 0.4995
vn 0.8647 -0.0026 0.5022
vn 0.8559 -0.0070 0.5171
vn 0.8630 -0.0033 0.5053
vn 0.8653 -0.0014 0.5012
vn 0.8661 -0.0005 0.4999
vn -0.3460 -0.4827 0.8046
vn -0.2720 -0.7192 0.6393
vn -0.2345 -0.7959 0.5581
vn -0.2359 -0.7938 0.5605
vn -0.3143 -0.6058 0.7309
vn -0.3252 -0.5127 0.7946
vn -0.3085 -0.6158 0.7250
vn -0.3937 -0.1292 0.9101
vn -0.3892 -0.0784 0.9178
vn -0.3881 -0.2058 0.8983
vn -0.3668 -0.3806 0.8489
vn -0.3656 -0.2256 0.9030
vn -0.3666 -0.3636 0.8564
vn -0.0454 -0.9935 0.1041
vn -0.0505 -0.9913 0.1211
vn -0.2024 -0.8574 0.4733
vn -0.1648 -0.9079 0.3854
vn -0.1493 -0.9220 0.3572
vn -0.1106 -0.9604 0.2556
vn -0.1217 -0.9519 0.2811
vn -0.8661 -0.0000 -0.4999
vn -0.8651 -0.0000 -0.5015
vn -0.8686 0.0022 -0.4955
vn -0.8499 -0.0118 -0.5267
vn -0.8673 -0.0000 -0.4979
vn -0.8656 0.0001 -0.5008
vn -0.8640 -0.0012 -0.5036
vn -0.8684 0.0025 -0.4958
vn -0.8567 -0.0084 -0.5157
vn -0.8657 -0.0000 0.5005
vn -0.1288 -0.0000 -0.9917
vn -0.3801 -0.0000 -0.9249
vn -0.6122 -0.0000 -0.7907
vn -0.7907 -0.0000 -0.6122
vn -0.9231 -0.0000 -0.3846
vn -0.9919 -0.0000 -0.1272
vn -0.9919 -0.0000 0.1272
vn -0.9231 -0.0000 0.3846
vn -0.0000 -0.0000 -1.0000
vn 0.7823 -0.0000 -0.6229
vn 0.3423 -0.0000 0.9396
vn 0.0917 -0.0000 0.9958
vn -0.1655 -0.0000 0.9862
vn -0.4074 -0.0000 0.9133
vn -0.6258 -0.0000 0.7800
vn -0.8035 -0.0000 0.5953
vn -0.9277 -0.0000 0.3733
vn -0.9924 -0.0000 0.1229
vn -0.9915 -0.0000 -0.1298
vn -0.9258 -0.0000 -0.3779
vn -0.8005 -0.0000 -0.5993
vn -0.6220 -0.0000 -0.7830
vn -0.4028 -0.0000 -0.9153
vn -0.1589 -0.0000 -0.9873
vn -0.1590 -0.0000 -0.9873
vn 0.0962 -0.0000 -0.9954
vn 0.3462 -0.0000 -0.9382
vn 0.5717 -0.0000 -0.8205
vn 0.7618 -0.0000 -0.6478
vn 0.9010 -0.0000 -0.4337
vn 0.9813 -0.0000 -0.1927
vn 0.9980 -0.0000 0.0627
vn 0.9491 -0.0000 0.3149
vn 0.8392 -0.0000 0.5438
vn -0.7832 -0.0000 0.6217
vn -0.8659 -0.0000 -0.5002
vn -0.8660 -0.0000 -0.5001
vn -0.8658 -0.0000 -0.5003
vn -0.8660 -0.0002 -0.5001
vn -0.8662 -0.0001 -0.4997
vn -0.8668 -0.0000 -0.4987
vn -0.8656 -0.0000 0.5008
vn -0.8661 -0.0000 0.4999
vn -0.0000 -0.0000 1.0000
vn 0.8656 -0.0000 0.5008
vn 0.8660 -0.0000 0.5001
vn 0.8661 -0.0001 0.4999
vn 0.8668 -0.0000 0.4987
vn 0.8657 -0.0000 -0.5005
vn 0.1272 -0.0000 0.9919
vn 0.3846 -0.0000 0.9231
vn 0.6122 -0.0000 0.7907
vn 0.7907 -0.0000 0.6122
vn 0.9231 -0.0000 0.3846
vn 0.9919 -0.0000 0.1272
vn 0.9919 -0.0000 -0.1272
vn 0.9231 -0.0000 -0.3846
vn -0.1288 -0.0000 0.9917
vn -0.3801 -0.0000 0.9249
vn -0.6122 -0.0000 0.7907
vn -0.7907 -0.0000 0.6122
vn -0.8657 -0.0000 -0.5005
vn 0.8661 -0.0000 0.4999
vn -0.9919 -0.0000 0.1271
vn -0.9919 -0.0000 -0.1271
vn 0.8660 -0.0000 -0.5001
vn 0.8658 -0.0003 -0.5003
vn 0.8662 -0.0001 -0.4997
vn 0.8668 -0.0000 -0.4987
vn -0.5034 -0.0000 0.8641
vn -0.5033 -0.0000 0.8641
vn 0.8665 -0.0000 0.4991
vn 0.8638 -0.0792 0.4976
vn 0.5033 -0.0000 -0.8641
vn -0.4997 -0.0000 -0.8662
vn -0.8665 -0.0000 0.4991
vn -0.8638 -0.0798 0.4976
vn 0.4997 -0.0000 0.8662
vn -1.0000 -0.0000 -0.0000
vn -0.0000 -0.0797 0.9968
vn 1.0000 -0.0000 -0.0000
vn -0.0000 -0.0797 -0.9968
vn 0.1271 -0.0000 -0.9919
vn 0.1272 -0.0000 -0.9919
vn 0.3846 -0.0000 -0.9231
vn 0.6122 -0.0000 -0.7907
vn 0.7907 -0.0000 -0.6122
vn 0.9919 -0.0000 -0.1271
vn 0.9919 -0.0000 0.1271
vn 0.8657 -0.0000 0.5005
vn 0.8659 -0.0000 -0.5002
vn 0.7832 -0.0000 0.6217
vn -0.8392 -0.0000 0.5438
vn -0.9491 -0.0000 0.3149
vn -0.9980 -0.0000 0.0627
vn -0.9813 -0.0000 -0.1927
vn -0.9010 -0.0000 -0.4337
vn -0.7618 -0.0000 -0.6478
vn -0.5717 -0.0000 -0.8205
vn -0.3462 -0.0000 -0.9382
vn -0.0962 -0.0000 -0.9954
vn 0.1590 -0.0000 -0.9873
vn 0.1589 -0.0000 -0.9873
vn 0.4028 -0.0000 -0.9153
vn 0.6220 -0.0000 -0.7830
vn 0.8005 -0.0000 -0.5993
vn 0.9258 -0.0000 -0.3779
vn 0.9915 -0.0000 -0.1298
vn 0.9921 -0.0000 0.1251
vn 0.9285 -0.0000 0.3714
vn 0.8035 -0.0000 0.5953
vn 0.6258 -0.0000 0.7800
vn 0.4074 -0.0000 0.9133
vn 0.1655 -0.0000 0.9862
vn -0.0917 -0.0000 0.9958
vn -0.3423 -0.0000 0.9396
vn -0.7823 -0.0000 -0.6229
vn -0.9486 -0.0000 0.3164
vn -0.9231 -0.0001 0.3846
vn -0.9219 -0.0000 0.3875
vn -0.9486 -0.0031 -0.3165
vn -0.9219 -0.0000 -0.3875
vn 0.1271 -0.0000 0.9919
vn 0.4997 -0.0000 -0.8662
vn -0.8665 -0.0000 -0.4991
vn -0.8638 -0.0798 -0.4976
vn -0.4997 -0.0000 0.8662
vn 0.8658 -0.0000 0.5003
vn -0.0000 -0.7071 -0.7071
vn 0.7071 -0.5000 -0.5000
vn 0.7071 -0.7071 -0.0000
vn 0.7071 -0.5000 0.5000
vn -0.0000 -0.7071 0.7071
vn 0.8658 -0.0000 -0.5003
vn 0.2230 -0.0000 0.9748
vn 0.4509 -0.0000 0.8926
vn 0.5000 -0.0000 0.8660
vn 0.9955 -0.0000 0.0943
vn 0.9898 -0.0000 -0.1423
vn 0.9292 -0.0000 -0.3695
vn 0.8180 -0.0000 -0.5752
vn 0.6608 -0.0000 -0.7506
vn 0.4669 -0.0000 -0.8843
vn 0.4696 -0.0000 -0.8829
vn 0.2866 -0.0000 -0.9581
vn -0.7071 -0.5000 -0.5000
vn -0.4509 -0.0000 0.8926
vn -0.2235 -0.0000 0.9747
vn -0.8662 -0.0000 -0.4997
vn -0.4675 -0.0000 -0.8840
vn -0.6600 -0.0000 -0.7512
vn -0.8180 -0.0000 -0.5752
vn -0.9292 -0.0000 -0.3695
vn -0.9900 -0.0000 -0.1408
vn -0.9957 -0.0000 0.0928
vn -0.5001 -0.0000 0.8659
vn -0.2866 -0.0000 -0.9581
vn -0.4707 -0.0000 -0.8823
vn 0.4509 -0.0000 -0.8926
vn 0.2230 -0.0000 -0.9748
vn -0.9068 0.4215 -0.0000
vn -0.7829 0.6221 -0.0000
vn -0.6169 0.7871 -0.0000
vn -0.6169 0.7870 -0.0000
vn -0.4112 0.9115 -0.0000
vn -0.4113 0.9115 -0.0000
vn -0.1912 0.9815 -0.0000
vn 0.0468 0.9989 -0.0000
vn 0.2753 0.9614 -0.0000
vn 0.4975 0.8675 -0.0000
vn -0.9264 0.3764 -0.0000
vn -0.9264 0.3765 -0.0000
vn -0.8656 0.5007 -0.0000
vn 0.8668 0.4987 -0.0000
vn 0.9264 0.3765 -0.0000
vn 0.9264 0.3764 -0.0000
vn -0.8936 0.4488 -0.0000
vn -0.9760 0.2178 -0.0000
vn -0.9995 -0.0322 -0.0000
vn -0.9615 -0.2747 -0.0000
vn -0.8652 -0.5014 -0.0000
vn -0.7151 -0.6990 -0.0000
vn -0.7066 -0.7077 -0.0000
vn 0.7066 -0.7077 -0.0000
vn 0.4488 -0.8936 -0.0000
vn 0.2178 -0.9760 -0.0000
vn -0.0324 -0.9995 -0.0000
vn -0.2747 -0.9615 -0.0000
vn -0.5014 -0.8652 -0.0000
vn -0.6990 -0.7151 -0.0000
vn 0.4987 -0.8668 -0.0000
vn 0.3787 -0.9255 -0.0000
vn 0.0980 0.9952 -0.0000
vn 0.2923 0.9563 -0.0000
vn 0.4722 0.8815 -0.0000
vn 0.4521 0.8920 -0.0000
vn 0.2139 0.9768 -0.0000
vn -0.0283 0.9996 -0.0000
vn -0.2747 0.9615 -0.0000
vn -0.5014 0.8652 -0.0000
vn -0.6990 0.7151 -0.0000
vn 0.7071 0.7071 -0.0000
vn -0.7071 0.7071 -0.0000
vn -0.4521 0.8920 -0.0000
vn -0.2139 0.9768 -0.0000
vn 0.0283 0.9996 -0.0000
vn 0.2747 0.9615 -0.0000
vn 0.5014 0.8652 -0.0000
vn 0.6990 0.7151 -0.0000
vn -0.3787 -0.9255 -0.0000
vn -0.4987 -0.8668 -0.0000
vn -0.4722 0.8815 -0.0000
vn -0.2917 0.9565 -0.0000
vn -0.2918 0.9565 -0.0000
vn -0.0980 0.9952 -0.0000
vn -0.4488 -0.8936 -0.0000
vn -0.2178 -0.9760 -0.0000
vn 0.0324 -0.9995 -0.0000
vn 0.2747 -0.9615 -0.0000
vn 0.5014 -0.8652 -0.0000
vn 0.6990 -0.7151 -0.0000
vn -0.4199 -0.9076 -0.0000
vn -0.6242 -0.7813 -0.0000
vn -0.7871 -0.6169 -0.0000
vn -0.9115 -0.4112 -0.0000
vn -0.9815 -0.1912 -0.0000
vn -0.9989 0.0468 -0.0000
vn -0.9610 0.2764 -0.0000
vn -0.8685 0.4957 -0.0000
vn -0.6521 0.7581 -0.0000
vn -0.7581 0.6521 -0.0000
vn -0.4975 0.8675 -0.0000
vn -0.2764 0.9610 -0.0000
vn -0.0466 0.9989 -0.0000
vn 0.1912 0.9815 -0.0000
vn 0.4128 0.9108 -0.0000
vn 0.6148 0.7887 -0.0000
vn 0.7829 0.6221 -0.0000
vn 0.9068 0.4215 -0.0000
vn -0.0000 1.0000 -0.0000
vn -0.9558 0.2941 -0.0000
vn -0.8620 0.5068 -0.0000
vn -0.7222 0.6917 -0.0000
vn -0.5467 0.8374 -0.0000
vn -0.3421 0.9397 -0.0000
vn -0.1128 0.9936 -0.0000
vn -0.9831 0.1832 -0.0000
vn 0.8920 -0.4521 -0.0000
vn 0.8920 -0.4520 -0.0000
vn 0.9768 -0.2139 -0.0000
vn 0.9996 0.0283 -0.0000
vn 0.9615 0.2747 -0.0000
vn 0.8652 0.5014 -0.0000
vn 0.7151 0.6990 -0.0000
vn 0.9950 -0.0999 -0.0000
vn 0.9569 -0.2906 -0.0000
vn 0.8819 -0.4715 -0.0000
vn -0.8811 -0.4729 -0.0000
vn -0.9569 -0.2906 -0.0000
vn -0.9952 -0.0980 -0.0000
vn -0.8936 -0.4488 -0.0000
vn -0.9760 -0.2178 -0.0000
vn -0.9995 0.0324 -0.0000
vn -0.9615 0.2747 -0.0000
vn -0.8652 0.5014 -0.0000
vn -0.7151 0.6990 -0.0000
vn 0.1128 0.9936 -0.0000
vn 0.3421 0.9397 -0.0000
vn 0.5467 0.8374 -0.0000
vn 0.7222 0.6917 -0.0000
vn 0.8620 0.5068 -0.0000
vn 0.9558 0.2941 -0.0000
vn 0.9831 0.1831 -0.0000
vn 0.8920 0.4521 -0.0000
vn 0.8920 0.4520 -0.0000
vn 0.9768 0.2139 -0.0000
vn 0.9996 -0.0282 -0.0000
vn 0.9615 -0.2747 -0.0000
vn 0.8652 -0.5014 -0.0000
vn 0.7151 -0.6990 -0.0000
vn 0.1305 -0.9915 -0.0000
vn 0.3849 -0.9230 -0.0000
vn 0.6072 -0.7946 -0.0000
vn 0.7941 -0.6077 -0.0000
vn 0.9243 -0.3817 -0.0000
vn 0.9914 -0.1309 -0.0000
vn 0.9915 0.1304 -0.0000
vn 0.9915 0.1305 -0.0000
vn 0.9243 0.3817 -0.0000
vn 0.7928 0.6095 -0.0000
vn 0.6095 0.7928 -0.0000
vn 0.3817 0.9243 -0.0000
vn 0.1305 0.9915 -0.0000
vn -0.1309 0.9914 -0.0000
vn -0.3817 0.9243 -0.0000
vn -0.6095 0.7928 -0.0000
vn -0.7928 0.6095 -0.0000
vn -0.9230 0.3849 -0.0000
vn -0.9915 0.1305 -0.0000
vn -0.9915 0.1304 -0.0000
vn -0.9914 -0.1309 -0.0000
vn -0.9230 -0.3849 -0.0000
vn -0.7941 -0.6077 -0.0000
vn -0.6072 -0.7946 -0.0000
vn -0.3849 -0.9230 -0.0000
vn -0.1309 -0.9914 -0.0000
vn -0.7935 0.6085 -0.0052
vn -0.7250 0.6887 -0.0000
vn -0.6084 0.7937 -0.0000
vn -0.3828 0.9238 -0.0000
vn -0.1303 0.9915 -0.0000
vn 0.1302 0.9915 -0.0000
vn 0.3833 0.9236 -0.0000
vn 0.6077 0.7941 -0.0000
vn 0.7941 0.6077 -0.0000
vn 0.9236 0.3833 -0.0000
vn 0.9915 0.1302 -0.0000
vn 0.9915 -0.1303 -0.0000
vn 0.9238 -0.3828 -0.0000
vn 0.7937 -0.6084 -0.0000
vn 0.7937 -0.6083 -0.0000
vn 0.6887 -0.7250 -0.0000
vn 0.6085 -0.7935 -0.0052
vn 0.5906 -0.8070 -0.0000
vn 0.3833 -0.9236 -0.0000
vn 0.1302 -0.9915 -0.0000
vn -0.1303 -0.9915 -0.0000
vn -0.3828 -0.9238 -0.0000
vn -0.6092 -0.7931 -0.0000
vn -0.7931 -0.6092 -0.0000
vn -0.9243 -0.3817 -0.0000
vn -0.9913 -0.1316 -0.0000
vn -0.9913 0.1314 -0.0000
vn -0.9241 0.3822 -0.0000
vn -0.8070 0.5906 -0.0000
vn 0.9916 0.1292 -0.0000
vn 0.9916 0.1291 -0.0000
vn 0.9237 0.3831 -0.0000
vn 0.7939 0.6080 -0.0000
vn 0.6080 0.7939 -0.0000
vn 0.3831 0.9237 -0.0000
vn 0.1292 0.9916 -0.0000
vn -0.1292 0.9916 -0.0000
vn -0.3831 0.9237 -0.0000
vn -0.6091 0.7931 -0.0000
vn -0.7939 0.6080 -0.0000
vn -0.9237 0.3831 -0.0000
vn -0.9913 0.1313 -0.0000
vn 0.7581 0.6521 -0.0000
vn 0.6521 0.7581 -0.0000
vn 0.8685 0.4957 -0.0000
vn 0.9610 0.2764 -0.0000
vn 0.9989 0.0468 -0.0000
vn 0.9815 -0.1912 -0.0000
vn 0.9115 -0.4112 -0.0000
vn 0.9115 -0.4113 -0.0000
vn 0.7871 -0.6169 -0.0000
vn 0.6242 -0.7813 -0.0000
vn 0.4199 -0.9076 -0.0000
vn 0.6085 -0.7935 0.0052
vn -0.7935 0.6085 0.0052
vn 0.7078 0.4991 0.4999
vn 0.7069 0.5002 0.5002
vn -0.0000 0.7071 0.7071
vn -0.7077 0.4996 0.4996
vn -0.7068 0.4998 0.5006
vn 0.1305 -0.0000 0.9915
vn 0.3817 -0.0000 0.9243
vn 0.6095 -0.0000 0.7928
vn 0.7928 -0.0000 0.6095
vn 0.9248 -0.0000 0.3804
vn 0.9914 -0.0000 0.1309
vn 0.9914 -0.0000 -0.1309
vn 0.9248 -0.0000 -0.3804
vn 0.7928 -0.0000 -0.6095
vn 0.6095 -0.0000 -0.7928
vn 0.3817 -0.0000 -0.9243
vn 0.1305 -0.0000 -0.9915
vn -0.1309 -0.0000 -0.9914
vn -0.3817 -0.0000 -0.9243
vn -0.6095 -0.0000 -0.7928
vn -0.7928 -0.0000 -0.6095
vn -0.9235 -0.0000 -0.3836
vn -0.9914 -0.0000 -0.1309
vn -0.9914 -0.0000 0.1309
vn -0.9235 -0.0000 0.3836
vn -0.7928 -0.0000 0.6095
vn -0.6095 -0.0000 0.7928
vn -0.3817 -0.0000 0.9243
vn -0.1309 -0.0000 0.9914
vn 0.7941 -0.0000 0.6077
vn 0.9243 -0.0000 0.3817
vn 0.9243 -0.0000 -0.3817
vn 0.7941 -0.0000 -0.6077
vn -0.7941 -0.0000 -0.6077
vn -0.9230 -0.0000 -0.3849
vn -0.9230 -0.0000 0.3849
vn -0.7941 -0.0000 0.6077
vn -0.6077 -0.0000 0.7941
vn -0.7946 -0.0000 0.6072
vn -0.7959 -0.0000 -0.6054
vn -0.6077 -0.0000 -0.7942
vn -0.6077 -0.0000 -0.7941
vn 0.9235 -0.0000 0.3836
vn 0.1309 -0.0000 0.9914
vn -0.1305 -0.0000 0.9915
vn -0.9919 -0.0000 0.1273
vn -0.9919 -0.0000 -0.1273
vn -0.1305 -0.0000 -0.9915
vn 0.1309 -0.0000 -0.9914
vn 0.9230 -0.0000 -0.3849
vn -0.6077 -0.0000 0.7942
vn -0.7959 -0.0000 0.6054
vn -0.7946 -0.0000 -0.6072
vn 0.9230 -0.0000 0.3849
vn 0.9235 -0.0000 -0.3836
vn -0.9487 -0.0031 -0.3162
vn -0.9487 -0.0000 0.3163
vn -0.8659 -0.0000 0.5002
vn -0.7832 -0.0000 -0.6217
vn 0.8392 -0.0000 -0.5438
vn 0.9491 -0.0000 -0.3149
vn 0.9980 -0.0000 -0.0627
vn 0.9813 -0.0000 0.1927
vn 0.9010 -0.0000 0.4337
vn 0.7618 -0.0000 0.6478
vn 0.5717 -0.0000 0.8205
vn 0.3462 -0.0000 0.9382
vn 0.0962 -0.0000 0.9954
vn -0.1590 -0.0000 0.9873
vn -0.1589 -0.0000 0.9873
vn -0.4028 -0.0000 0.9153
vn -0.6220 -0.0000 0.7830
vn -0.8005 -0.0000 0.5993
vn -0.9258 -0.0000 0.3779
vn -0.9915 -0.0000 0.1298
vn -0.9924 -0.0000 -0.1229
vn -0.9277 -0.0000 -0.3733
vn -0.8035 -0.0000 -0.5953
vn -0.6258 -0.0000 -0.7800
vn -0.4074 -0.0000 -0.9133
vn -0.1655 -0.0000 -0.9862
vn 0.0917 -0.0000 -0.9958
vn 0.3423 -0.0000 -0.9396
vn 0.7823 -0.0000 0.6229
vn 0.8662 -0.0000 0.4997
vn -0.4984 -0.0798 0.8633
vn -0.5000 -0.0000 0.8660
vn 0.9968 -0.0797 -0.0000
vn -0.8662 -0.0000 0.4997
vn -0.4984 -0.0798 -0.8633
vn -0.5000 -0.0000 -0.8660
vn 0.8662 -0.0000 -0.4997
vn -0.4707 -0.0000 0.8823
vn -0.2866 -0.0000 0.9581
vn -0.9957 -0.0000 -0.0928
vn -0.9900 -0.0000 0.1408
vn -0.9292 -0.0000 0.3695
vn -0.8180 -0.0000 0.5752
vn -0.6600 -0.0000 0.7512
vn -0.4675 -0.0000 0.8840
vn -0.5001 -0.0000 -0.8659
vn -0.2235 -0.0000 -0.9747
vn -0.4509 -0.0000 -0.8926
vn 0.2866 -0.0000 0.9581
vn 0.4696 -0.0000 0.8829
vn 0.5000 -0.0000 -0.8660
vn 0.4669 -0.0000 0.8843
vn 0.6608 -0.0000 0.7506
vn 0.8180 -0.0000 0.5752
vn 0.9292 -0.0000 0.3695
vn 0.9898 -0.0000 0.1423
vn 0.9955 -0.0000 -0.0943
vn -0.8640 -0.0017 0.5035
vn -0.8593 -0.0060 0.5114
vn -0.8678 0.0018 0.4968
vn -0.8679 0.0019 0.4967
vn -0.8596 -0.0046 0.5110
vn -0.8728 0.0048 0.4881
vn -0.8651 -0.0000 0.5015
vn -0.3949 -0.1050 -0.9127
vn -0.3910 -0.1292 -0.9113
vn -0.3829 -0.2607 -0.8862
vn -0.3833 -0.2575 -0.8870
vn -0.3627 -0.3804 -0.8507
vn -0.3611 -0.4057 -0.8397
vn -0.3460 -0.4828 -0.8045
vn -0.3120 -0.6057 -0.7320
vn -0.3203 -0.5487 -0.7722
vn -0.2038 -0.8553 -0.4765
vn -0.2280 -0.8146 -0.5333
vn -0.2357 -0.7938 -0.5606
vn -0.2720 -0.7192 -0.6393
vn -0.3013 -0.6387 -0.7081
vn -0.1623 -0.9092 -0.3835
vn -0.1489 -0.9220 -0.3574
vn -0.1237 -0.9503 -0.2857
vn -0.0789 -0.9801 -0.1823
vn -0.0488 -0.9913 -0.1222
vn -0.0309 -0.9970 -0.0707
vn 0.8662 -0.0000 -0.4996
vn 0.8663 0.0006 -0.4995
vn 0.8647 -0.0026 -0.5022
vn 0.8661 -0.0005 -0.4999
vn 0.8653 -0.0013 -0.5012
vn 0.8630 -0.0033 -0.5053
vn 0.8559 -0.0070 -0.5171
vn -0.3074 -0.0000 -0.9516
vn -0.5226 -0.0000 -0.8526
vn -0.7063 -0.0000 -0.7079
vn -0.8532 -0.0000 -0.5215
vn -0.9513 -0.0000 -0.3084
vn -0.5002 -0.0000 0.8659
vn -0.4947 0.0041 0.8691
vn -0.5022 -0.0026 0.8647
vn -0.5003 -0.0003 0.8658
vn -0.4507 0.0132 0.8926
vn -0.5053 -0.0033 0.8630
vn -0.5073 -0.0043 0.8618
vn -0.8047 -0.4828 -0.3455
vn -0.6393 -0.7192 -0.2723
vn -0.5632 -0.7915 -0.2371
vn -0.5636 -0.7912 -0.2374
vn -0.7311 -0.6058 -0.3139
vn -0.7947 -0.5128 -0.3247
vn -0.7205 -0.6218 -0.3069
vn -0.9108 -0.1253 -0.3934
vn -0.9178 -0.0784 -0.3892
vn -0.8983 -0.2058 -0.3881
vn -0.8476 -0.3840 -0.3662
vn -0.9032 -0.2255 -0.3653
vn -0.8566 -0.3636 -0.3661
vn -0.1038 -0.9936 -0.0452
vn -0.1212 -0.9913 -0.0504
vn -0.4662 -0.8618 -0.1999
vn -0.3836 -0.9087 -0.1645
vn -0.3547 -0.9231 -0.1485
vn -0.2634 -0.9579 -0.1137
vn -0.2812 -0.9519 -0.1214
vn 0.4984 -0.0798 -0.8633
vn 0.4994 -0.0000 -0.8664
vn 0.5013 -0.0007 -0.8653
vn 0.5267 -0.0121 -0.8500
vn 0.5049 -0.0000 -0.8632
vn 0.4999 -0.0002 -0.8661
vn 0.4966 0.0016 -0.8680
vn 0.5033 -0.0016 -0.8641
vn 0.4815 0.0102 -0.8764
vn 0.4995 -0.0000 -0.8663
vn -0.4998 -0.0000 -0.8662
vn -0.9968 -0.0797 -0.0000
vn -0.4998 -0.0000 0.8662
vn 0.4984 -0.0798 0.8633
vn 0.4995 -0.0000 0.8663
vn 0.4999 -0.0000 0.8661
vn 0.4972 0.0017 0.8676
vn 0.5114 -0.0060 0.8593
vn 0.5043 -0.0022 0.8635
vn 0.4966 0.0016 0.8680
vn 0.5036 -0.0015 0.8639
vn 0.5030 -0.0013 0.8643
vn 0.4994 -0.0000 0.8664
vn -0.9121 -0.1130 0.3940
vn -0.9114 -0.1253 0.3920
vn -0.8973 -0.2111 0.3877
vn -0.8802 -0.2839 0.3803
vn -0.8491 -0.3839 0.3629
vn -0.8430 -0.3978 0.3620
vn -0.7835 -0.5224 0.3365
vn -0.7319 -0.6057 0.3123
vn -0.7721 -0.5486 0.3207
vn -0.4762 -0.8553 0.2042
vn -0.5346 -0.8135 0.2292
vn -0.5636 -0.7912 0.2373
vn -0.6393 -0.7192 0.2723
vn -0.7080 -0.6386 0.3016
vn -0.3894 -0.9061 0.1654
vn -0.3552 -0.9231 0.1477
vn -0.2858 -0.9503 0.1234
vn -0.1795 -0.9807 0.0775
vn -0.1222 -0.9913 0.0488
vn -0.0712 -0.9970 0.0310
vn -0.5002 -0.0000 -0.8659
vn -0.5003 -0.0003 -0.8658
vn -0.4939 0.0070 -0.8695
vn -0.5077 -0.0139 -0.8614
vn -0.5045 -0.0238 -0.8631
vn -0.4962 0.0124 -0.8681
vn -0.5003 0.0011 -0.8658
vn 0.3460 -0.4827 -0.8045
vn 0.2720 -0.7192 -0.6393
vn 0.2345 -0.7959 -0.5581
vn 0.2367 -0.7927 -0.5617
vn 0.3143 -0.6058 -0.7309
vn 0.3252 -0.5127 -0.7946
vn 0.3085 -0.6158 -0.7250
vn 0.3940 -0.1322 -0.9096
vn 0.3892 -0.0784 -0.9178
vn 0.3881 -0.2059 -0.8983
vn 0.3668 -0.3806 -0.8489
vn 0.3655 -0.2258 -0.9030
vn 0.3666 -0.3636 -0.8564
vn 0.0453 -0.9936 -0.1037
vn 0.0507 -0.9913 -0.1215
vn 0.2026 -0.8574 -0.4731
vn 0.1649 -0.9079 -0.3853
vn 0.1489 -0.9225 -0.3562
vn 0.1107 -0.9604 -0.2556
vn 0.1265 -0.9479 -0.2923
vn -0.8660 -0.0000 -0.5000
vn -0.8673 0.0026 -0.4978
vn -0.8672 0.0022 -0.4980
vn -0.8676 0.0038 -0.4972
vn -0.8629 -0.0184 -0.5050
vn -0.8702 0.0400 -0.4911
vn 0.9513 -0.0000 -0.3084
vn 0.8532 -0.0000 -0.5215
vn 0.7071 -0.0000 -0.7071
vn 0.5226 -0.0000 -0.8526
vn 0.3070 -0.0000 -0.9517
vn 0.4939 0.0070 0.8695
vn 0.5002 -0.0000 0.8659
vn 0.5003 -0.0004 0.8658
vn 0.4981 0.0046 0.8671
vn 0.4985 0.0026 0.8669
vn 0.4960 0.0096 0.8683
vn 0.5077 -0.0139 0.8614
vn 0.9121 -0.1130 -0.3940
vn 0.9114 -0.1253 -0.3920
vn 0.8973 -0.2112 -0.3877
vn 0.8802 -0.2839 -0.3803
vn 0.8491 -0.3839 -0.3629
vn 0.8430 -0.3978 -0.3620
vn 0.7835 -0.5225 -0.3364
vn 0.7350 -0.6012 -0.3137
vn 0.7719 -0.5485 -0.3214
vn 0.4762 -0.8553 -0.2042
vn 0.5309 -0.8163 -0.2276
vn 0.5605 -0.7938 -0.2359
vn 0.6578 -0.6988 -0.2809
vn 0.7078 -0.6385 -0.3023
vn 0.3894 -0.9061 -0.1654
vn 0.3574 -0.9220 -0.1489
vn 0.2857 -0.9503 -0.1237
vn 0.1795 -0.9807 -0.0777
vn 0.1213 -0.9914 -0.0485
vn 0.0712 -0.9970 -0.0310
vn -0.4999 -0.0000 -0.8661
vn -0.4995 -0.0000 -0.8663
vn -0.4936 0.0037 -0.8697
vn -0.5114 -0.0060 -0.8593
vn -0.5043 -0.0022 -0.8635
vn -0.4966 0.0016 -0.8680
vn -0.5036 -0.0015 -0.8639
vn -0.5030 -0.0013 -0.8643
vn -0.4994 -0.0000 -0.8664
vn 0.4998 -0.0000 -0.8662
vn 0.4998 -0.0000 0.8662
vn -0.4994 -0.0000 0.8664
vn -0.5013 -0.0007 0.8653
vn -0.5267 -0.0120 0.8500
vn -0.4979 -0.0000 0.8673
vn -0.4995 0.0001 0.8663
vn -0.4965 0.0016 0.8680
vn -0.5033 -0.0016 0.8641
vn -0.4815 0.0102 0.8764
vn -0.4999 -0.0000 0.8661
vn 0.8046 -0.4829 0.3455
vn 0.6578 -0.6988 0.2809
vn 0.5580 -0.7960 0.2347
vn 0.5604 -0.7939 0.2361
vn 0.7342 -0.6013 0.3153
vn 0.7945 -0.5127 0.3255
vn 0.7204 -0.6217 0.3076
vn 0.9108 -0.1253 0.3934
vn 0.9178 -0.0783 0.3892
vn 0.8983 -0.2059 0.3881
vn 0.8476 -0.3840 0.3662
vn 0.9030 -0.2264 0.3652
vn 0.8566 -0.3636 0.3661
vn 0.1038 -0.9936 0.0452
vn 0.1203 -0.9915 0.0502
vn 0.4662 -0.8618 0.1999
vn 0.3837 -0.9087 0.1645
vn 0.3569 -0.9221 0.1497
vn 0.2633 -0.9580 0.1140
vn 0.2811 -0.9519 0.1217
vn 0.5002 -0.0000 -0.8659
vn 0.4994 0.0010 -0.8664
vn 0.4984 0.0019 -0.8669
vn 0.5003 -0.0004 -0.8658
vn 0.4507 0.0133 -0.8926
vn 0.5138 -0.0059 -0.8579
vn 0.4998 0.0007 -0.8661
vn 0.3070 -0.0000 0.9517
vn 0.5226 -0.0000 0.8526
vn 0.7071 -0.0000 0.7071
vn 0.8532 -0.0000 0.5215
vn 0.9513 -0.0000 0.3084
vn -0.8660 -0.0000 0.5000
vn -0.8686 0.0051 0.4955
vn -0.8613 -0.0060 0.5081
vn -0.8727 0.0073 0.4881
vn -0.8665 0.0020 0.4993
vn -0.8678 0.0027 0.4969
vn 0.3953 -0.1050 0.9126
vn 0.3909 -0.1322 0.9109
vn 0.3829 -0.2607 0.8862
vn 0.3833 -0.2575 0.8870
vn 0.3627 -0.3804 0.8507
vn 0.3611 -0.4057 0.8397
vn 0.3460 -0.4827 0.8045
vn 0.3120 -0.6057 0.7320
vn 0.3203 -0.5487 0.7722
vn 0.2039 -0.8553 0.4763
vn 0.2282 -0.8147 0.5331
vn 0.2363 -0.7927 0.5619
vn 0.2720 -0.7192 0.6393
vn 0.3013 -0.6387 0.7081
vn 0.1636 -0.9079 0.3860
vn 0.1484 -0.9224 0.3565
vn 0.1230 -0.9509 0.2841
vn 0.0795 -0.9798 0.1836
vn 0.0489 -0.9913 0.1225
vn 0.0307 -0.9970 0.0703
vn -0.5033 -0.0000 -0.8641
vn -0.5034 -0.0000 -0.8641
vn 0.8638 -0.0792 -0.4976
vn 0.8665 -0.0000 -0.4991
vn 0.5034 -0.0000 0.8641
vn 0.5033 -0.0000 0.8641
vn 0.8656 -0.0000 -0.5008
vn 0.8661 -0.0000 -0.4999
vn 0.8641 -0.0021 -0.5033
vn 0.8594 -0.0064 -0.5112
vn 0.8752 0.0082 -0.4836
vn 0.8621 -0.0032 -0.5068
vn 0.8670 0.0007 -0.4982
vn 0.8674 0.0009 -0.4976
vn 1.0000 -0.0002 -0.0000
vn 0.5034 -0.0000 -0.8641
vn 0.8659 -0.0000 0.5002
vn 0.8653 -0.0004 0.5013
vn 0.8912 0.0204 0.4532
vn 0.8673 -0.0000 0.4979
vn 0.8661 0.0001 0.4999
vn 0.8640 -0.0017 0.5035
vn 0.8685 0.0021 0.4957
vn 0.8569 -0.0087 0.5155
vn -0.7823 -0.0000 0.6229
vn -0.3423 -0.0000 -0.9396
vn -0.0917 -0.0000 -0.9958
vn 0.1655 -0.0000 -0.9862
vn 0.4074 -0.0000 -0.9133
vn 0.6258 -0.0000 -0.7800
vn 0.8035 -0.0000 -0.5953
vn 0.9285 -0.0000 -0.3714
vn 0.9921 -0.0000 -0.1251
vn 0.9915 -0.0000 0.1298
vn 0.9258 -0.0000 0.3779
vn 0.8005 -0.0000 0.5993
vn 0.6220 -0.0000 0.7830
vn 0.4028 -0.0000 0.9153
vn 0.1589 -0.0000 0.9873
vn 0.1590 -0.0000 0.9873
vn -0.0962 -0.0000 0.9954
vn -0.3462 -0.0000 0.9382
vn -0.5717 -0.0000 0.8205
vn -0.7198 -0.0000 0.6942
vn -0.7617 0.0082 0.6478
vn -0.8392 -0.0000 -0.5438
vn -0.9491 -0.0000 -0.3149
vn -0.9980 -0.0000 -0.0627
vn -0.9813 -0.0000 0.1927
vn -0.9010 -0.0000 0.4337
vn -0.8045 -0.0000 0.5940
vn 0.7832 -0.0000 -0.6217
vn -0.8668 -0.0000 0.4987
vn -0.8660 -0.0001 0.5001
vn -0.8652 -0.0000 -0.5015
vn -0.8656 -0.0002 -0.5008
vn -0.8656 -0.0000 -0.5008
vn -0.8658 -0.0003 -0.5003
vn -0.8662 -0.0004 -0.4997
vn -0.8643 -0.0000 -0.5029
vn 0.8659 -0.0000 0.5001
vn 0.8660 -0.0001 0.5001
vn 0.3975 -0.0000 0.9176
vn 0.7931 -0.0000 0.6092
vn 0.6087 -0.0000 0.7934
vn 0.9180 -0.0000 -0.3965
vn 0.9241 -0.0120 -0.3821
vn 0.9621 -0.0000 -0.2726
vn 0.9915 -0.0000 -0.1303
vn 0.9915 -0.0000 0.1303
vn 0.9241 -0.0000 0.3821
vn 0.9573 -0.1002 0.2712
vn 0.9180 -0.0000 0.3965
vn 0.7931 -0.0000 -0.6092
vn 0.6087 -0.0000 -0.7934
vn -0.3971 -0.0000 -0.9178
vn -0.3829 -0.0118 -0.9237
vn -0.2747 -0.0000 -0.9615
vn -0.1303 -0.0000 -0.9915
vn 0.1302 -0.0000 -0.9915
vn 0.3833 -0.0000 -0.9236
vn 0.2734 -0.0993 -0.9568
vn 0.3975 -0.0000 -0.9176
vn -0.6092 -0.0000 -0.7931
vn -0.7931 -0.0000 -0.6092
vn -0.9180 -0.0000 0.3965
vn -0.9241 -0.0120 0.3821
vn -0.9621 -0.0000 0.2726
vn -0.9914 -0.0000 0.1312
vn -0.9914 -0.0000 -0.1312
vn -0.9241 -0.0000 -0.3821
vn -0.9573 -0.1002 -0.2712
vn -0.9180 -0.0000 -0.3965
vn -0.7931 -0.0000 0.6092
vn -0.6092 -0.0000 0.7931
vn 0.3832 -0.0118 0.9236
vn 0.2747 -0.0000 0.9615
vn 0.1302 -0.0000 0.9915
vn -0.1303 -0.0000 0.9915
vn -0.3829 -0.0000 0.9238
vn -0.2734 -0.0991 0.9568
vn -0.3971 -0.0000 0.9178
vn 0.1293 -0.0000 -0.9916
vn 0.3829 -0.0000 -0.9238
vn 0.6076 -0.0000 -0.7942
vn 0.7942 -0.0000 -0.6076
vn 0.9238 -0.0000 -0.3829
vn 0.9916 -0.0000 -0.1293
vn 0.9916 -0.0000 0.1293
vn 0.9238 -0.0000 0.3829
vn 0.7942 -0.0000 0.6076
vn 0.6076 -0.0000 0.7942
vn 0.3829 -0.0000 0.9238
vn 0.1293 -0.0000 0.9916
vn -0.1293 -0.0000 0.9916
vn -0.6099 -0.0000 0.7924
vn -0.7942 -0.0000 0.6076
vn -0.9238 -0.0000 0.3829
vn -0.9910 -0.0000 0.1340
vn -0.9910 -0.0000 -0.1340
vn -0.9238 -0.0000 -0.3829
vn -0.7942 -0.0000 -0.6076
vn -0.6099 -0.0000 -0.7924
vn -0.3829 -0.0000 -0.9238
vn -0.1293 -0.0000 -0.9916
vn 0.7077 0.4996 -0.4996
vn 0.7068 0.4998 -0.5006
vn -0.0000 0.7071 -0.7071
vn -0.7078 0.4991 -0.4999
vn -0.7069 0.5002 -0.5002
vn -0.7071 -0.0000 -0.7071
vn -0.9958 -0.0914 -0.0000
vn -0.7056 -0.0648 -0.7057
vn -0.7056 -0.0648 -0.7056
vn -0.6951 -0.1295 -0.7072
vn -0.9831 -0.1831 -0.0000
vn -0.1128 -0.9936 -0.0000
vn -0.3421 -0.9397 -0.0000
vn -0.5467 -0.8374 -0.0000
vn -0.7222 -0.6917 -0.0000
vn -0.8621 -0.5068 -0.0000
vn -0.8620 -0.5068 -0.0000
vn -0.9558 -0.2941 -0.0000
vn -0.0800 -0.7048 -0.7048
vn -0.0793 -0.7052 -0.7046
vn -0.2427 -0.6667 -0.7047
vn -0.2416 -0.6676 -0.7043
vn -0.3881 -0.5944 -0.7043
vn -0.3877 -0.5948 -0.7042
vn -0.5126 -0.4909 -0.7044
vn -0.5127 -0.4908 -0.7045
vn -0.6118 -0.3597 -0.7045
vn -0.6125 -0.3569 -0.7054
vn -0.6776 -0.2085 -0.7052
vn -0.6776 -0.2098 -0.7048
vn -0.1143 -0.9934 -0.0000
vn -0.1118 0.9937 0.0066
vn -0.3414 0.9399 -0.0059
vn -0.3595 0.9331 -0.0000
vn -0.7425 0.6699 -0.0000
vn -0.7652 0.6437 -0.0123
vn -0.6823 0.7311 -0.0000
vn -0.5579 0.8299 -0.0000
vn -0.5806 0.8141 -0.0098
vn -0.4728 0.8812 -0.0000
vn -0.9699 0.2436 -0.0000
vn -0.9810 0.1929 -0.0185
vn -0.9508 0.3097 -0.0000
vn -0.8834 0.4686 -0.0000
vn -0.9022 0.4310 -0.0150
vn -0.8458 0.5335 -0.0000
vn -0.9698 -0.2436 -0.0107
vn -0.9814 -0.1922 -0.0000
vn -0.9979 -0.0609 -0.0217
vn -0.9982 0.0606 -0.0000
vn -0.8834 -0.4686 -0.0100
vn -0.9030 -0.4297 -0.0000
vn -0.9503 -0.3113 -0.0000
vn -0.7425 -0.6698 -0.0088
vn -0.7652 -0.6437 -0.0000
vn -0.8439 -0.5365 -0.0000
vn -0.1313 -0.9913 0.0056
vn -0.3571 -0.9340 -0.0068
vn -0.3393 -0.9407 -0.0000
vn -0.4811 -0.8767 -0.0000
vn -0.5595 -0.8288 -0.0072
vn -0.5807 -0.8141 -0.0000
vn -0.6823 -0.7311 -0.0000
vn -0.0930 0.7040 -0.7040
vn -0.0919 0.7053 -0.7030
vn -0.2710 0.6575 -0.7030
vn -0.2607 0.6766 -0.6887
vn -0.3343 0.6230 -0.7071
vn -0.4328 0.5629 -0.7042
vn -0.4248 0.5956 -0.6818
vn -0.4828 0.5173 -0.7067
vn -0.5636 0.4323 -0.7038
vn -0.5645 0.4748 -0.6752
vn -0.5981 0.3773 -0.7070
vn -0.6557 0.2721 -0.7043
vn -0.6693 0.3197 -0.6707
vn -0.6725 0.2190 -0.7070
vn -0.7037 0.0928 -0.7044
vn -0.7344 0.1444 -0.6632
vn -0.7065 0.0429 -0.7065
vn -0.7064 -0.0431 -0.7065
vn -0.7219 -0.0953 -0.6854
vn -0.6946 -0.1360 -0.7064
vn -0.6725 -0.2203 -0.7066
vn -0.6715 -0.2781 -0.6868
vn -0.6393 -0.3042 -0.7062
vn -0.5968 -0.3794 -0.7070
vn -0.5758 -0.4427 -0.6874
vn -0.5423 -0.4562 -0.7056
vn -0.4828 -0.5173 -0.7067
vn -0.4415 -0.5742 -0.6894
vn -0.0932 -0.7040 -0.7040
vn -0.0930 -0.7038 -0.7042
vn -0.2532 -0.6623 -0.7052
vn -0.2763 -0.6671 -0.6918
vn -0.3401 -0.6198 -0.7072
vn -0.4114 -0.5769 -0.7057
vn -0.1260 0.9920 -0.0000
vn -0.3622 0.9321 -0.0000
vn -0.5770 0.8167 -0.0000
vn -0.7598 0.6501 -0.0000
vn -0.8968 0.4423 -0.0000
vn -0.8969 0.4423 -0.0000
vn -0.9765 0.2156 -0.0000
vn -0.9993 -0.0364 -0.0000
vn -0.9609 -0.2769 -0.0000
vn -0.6819 -0.1965 -0.7046
vn -0.6820 -0.1984 -0.7040
vn -0.7096 -0.0259 -0.7042
vn -0.7092 -0.0246 -0.7046
vn -0.6930 0.1530 -0.7045
vn -0.6932 0.1527 -0.7043
vn -0.6367 0.3140 -0.7043
vn -0.6366 0.3142 -0.7043
vn -0.5392 0.4613 -0.7046
vn -0.5394 0.4612 -0.7045
vn -0.4095 0.5796 -0.7046
vn -0.4108 0.5792 -0.7041
vn -0.2572 0.6618 -0.7042
vn -0.2605 0.6617 -0.7030
vn -0.0896 0.7051 -0.7034
vn -0.0865 0.7045 -0.7045
vn -0.3504 -0.6165 -0.7050
vn -0.3505 -0.6171 -0.7046
vn -0.4872 -0.5165 -0.7041
vn -0.4869 -0.5158 -0.7049
vn -0.6002 -0.3780 -0.7049
vn -0.6004 -0.3783 -0.7045
vn -0.6458 -0.2876 -0.7073
vn 0.9921 -0.1255 -0.0000
vn 0.9321 -0.3623 -0.0000
vn 0.9321 -0.3622 -0.0000
vn 0.8167 -0.5770 -0.0000
vn 0.6501 -0.7598 -0.0000
vn 0.4423 -0.8968 -0.0000
vn 0.2109 -0.9775 -0.0000
vn -0.0325 -0.9995 -0.0000
vn -0.2769 -0.9609 -0.0000
vn 0.7043 -0.0891 -0.7043
vn 0.7036 -0.0905 -0.7048
vn 0.6612 -0.2570 -0.7048
vn 0.6627 -0.2552 -0.7040
vn 0.5799 -0.4097 -0.7042
vn 0.5788 -0.4105 -0.7047
vn 0.4614 -0.5392 -0.7045
vn 0.4611 -0.5393 -0.7046
vn 0.3140 -0.6367 -0.7043
vn 0.3142 -0.6366 -0.7043
vn 0.1498 -0.6941 -0.7042
vn 0.1520 -0.6944 -0.7034
vn -0.0231 -0.7103 -0.7035
vn -0.0248 -0.7097 -0.7041
vn -0.1966 -0.6824 -0.7041
vn -0.1982 -0.6813 -0.7047
vn -0.9913 -0.1313 -0.0000
vn 0.9937 -0.1118 -0.0000
vn -0.9934 -0.1143 0.0071
vn -0.9407 -0.3393 -0.0063
vn -0.9341 -0.3571 -0.0000
vn -0.8288 -0.5596 -0.0000
vn -0.8141 -0.5806 -0.0100
vn -0.8767 -0.4811 -0.0000
vn -0.4686 -0.8834 -0.0000
vn -0.4296 -0.9029 -0.0169
vn -0.5364 -0.8439 -0.0000
vn -0.6699 -0.7425 -0.0000
vn -0.6437 -0.7652 -0.0135
vn -0.7311 -0.6823 -0.0000
vn -0.0000 -0.9999 -0.0118
vn -0.0609 -0.9981 -0.0000
vn -0.2436 -0.9699 -0.0000
vn -0.1921 -0.9812 -0.0205
vn -0.3113 -0.9503 -0.0000
vn 0.2436 -0.9698 -0.0115
vn 0.1930 -0.9812 -0.0000
vn 0.0606 -0.9982 -0.0000
vn 0.4686 -0.8833 -0.0105
vn 0.4311 -0.9023 -0.0000
vn 0.3097 -0.9508 -0.0000
vn 0.6698 -0.7424 -0.0096
vn 0.6437 -0.7652 -0.0000
vn 0.5335 -0.8458 -0.0000
vn 0.9916 -0.1292 0.0062
vn 0.9331 -0.3595 -0.0075
vn 0.9399 -0.3414 -0.0000
vn 0.8812 -0.4728 -0.0000
vn 0.8299 -0.5579 -0.0084
vn 0.8141 -0.5807 -0.0000
vn 0.7311 -0.6823 -0.0000
vn -0.7040 -0.0930 -0.7040
vn -0.7038 -0.0932 -0.7043
vn -0.6561 -0.2717 -0.7040
vn -0.6787 -0.2595 -0.6871
vn -0.6198 -0.3401 -0.7072
vn -0.5629 -0.4328 -0.7042
vn -0.5956 -0.4248 -0.6818
vn -0.5172 -0.4828 -0.7067
vn -0.4330 -0.5631 -0.7039
vn -0.4743 -0.5639 -0.6760
vn -0.3794 -0.5969 -0.7070
vn -0.2716 -0.6559 -0.7043
vn -0.3185 -0.6693 -0.6712
vn -0.2203 -0.6725 -0.7066
vn -0.1437 -0.7340 -0.6638
vn -0.0431 -0.7064 -0.7065
vn 0.0429 -0.7065 -0.7065
vn 0.0952 -0.7220 -0.6854
vn 0.1365 -0.6943 -0.7066
vn 0.2190 -0.6725 -0.7070
vn 0.2787 -0.6715 -0.6866
vn 0.3052 -0.6388 -0.7062
vn 0.3773 -0.5982 -0.7070
vn 0.4423 -0.5767 -0.6869
vn 0.4562 -0.5423 -0.7056
vn 0.5172 -0.4828 -0.7067
vn 0.5742 -0.4415 -0.6894
vn 0.7041 -0.0917 -0.7041
vn 0.7041 -0.0917 -0.7042
vn 0.6617 -0.2550 -0.7051
vn 0.6661 -0.2759 -0.6929
vn 0.6231 -0.3343 -0.7071
vn 0.5769 -0.4114 -0.7057
vn 0.9957 -0.0925 -0.0000
vn 0.7056 -0.0655 -0.7056
vn 0.7054 -0.0656 -0.7057
vn 0.6951 -0.1295 -0.7072
vn 0.9831 -0.1831 -0.0000
vn 0.1128 -0.9936 -0.0000
vn 0.3421 -0.9397 -0.0000
vn 0.5467 -0.8374 -0.0000
vn 0.7222 -0.6917 -0.0000
vn 0.8620 -0.5068 -0.0000
vn 0.9558 -0.2941 -0.0000
vn 0.6779 -0.2086 -0.7049
vn 0.6797 -0.2061 -0.7039
vn 0.6121 -0.3599 -0.7042
vn 0.6112 -0.3606 -0.7045
vn 0.5125 -0.4909 -0.7045
vn 0.5127 -0.4908 -0.7044
vn 0.3881 -0.5945 -0.7042
vn 0.3876 -0.5947 -0.7044
vn 0.2428 -0.6670 -0.7043
vn 0.2414 -0.6671 -0.7048
vn 0.0800 -0.7050 -0.7046
vn 0.0793 -0.7049 -0.7049
vn 0.1115 0.9938 -0.0000
vn 0.1313 -0.9913 -0.0000
vn 0.1140 -0.9935 0.0066
vn 0.3400 -0.9404 -0.0055
vn 0.3571 -0.9341 -0.0000
vn 0.5585 -0.8295 -0.0000
vn 0.5792 -0.8151 -0.0090
vn 0.4811 -0.8767 -0.0000
vn 0.8824 -0.4705 -0.0000
vn 0.9029 -0.4296 -0.0163
vn 0.8410 -0.5411 -0.0000
vn 0.7436 -0.6686 -0.0000
vn 0.7668 -0.6418 -0.0126
vn 0.6823 -0.7311 -0.0000
vn 0.9999 -0.0000 -0.0108
vn 0.9981 -0.0609 -0.0000
vn 0.9704 -0.2414 -0.0000
vn 0.9819 -0.1882 -0.0194
vn 0.9503 -0.3113 -0.0000
vn 0.9704 0.2414 -0.0109
vn 0.9820 0.1890 -0.0000
vn 0.9982 0.0606 -0.0000
vn 0.8824 0.4704 -0.0101
vn 0.9023 0.4311 -0.0000
vn 0.9508 0.3097 -0.0000
vn 0.7436 0.6685 -0.0090
vn 0.7669 0.6418 -0.0000
vn 0.8429 0.5381 -0.0000
vn 0.1292 0.9916 0.0058
vn 0.3595 0.9331 -0.0066
vn 0.4728 0.8812 -0.0000
vn 0.5568 0.8306 -0.0076
vn 0.5793 0.8151 -0.0000
vn 0.6823 0.7311 -0.0000
vn 0.0928 -0.7041 -0.7041
vn 0.0932 -0.7036 -0.7044
vn 0.2720 -0.6556 -0.7044
vn 0.2595 -0.6787 -0.6871
vn 0.3401 -0.6198 -0.7072
vn 0.4321 -0.5633 -0.7043
vn 0.4240 -0.5966 -0.6814
vn 0.4828 -0.5172 -0.7067
vn 0.5631 -0.4330 -0.7039
vn 0.5639 -0.4719 -0.6777
vn 0.5948 -0.3827 -0.7069
vn 0.6559 -0.2716 -0.7043
vn 0.6693 -0.3185 -0.6712
vn 0.6725 -0.2203 -0.7066
vn 0.7333 -0.1405 -0.6653
vn 0.7064 -0.0431 -0.7065
vn 0.7065 0.0429 -0.7065
vn 0.7216 0.0938 -0.6860
vn 0.6949 0.1337 -0.7065
vn 0.6725 0.2190 -0.7070
vn 0.6715 0.2787 -0.6866
vn 0.6388 0.3052 -0.7062
vn 0.5961 0.3806 -0.7070
vn 0.5759 0.4417 -0.6879
vn 0.5435 0.4549 -0.7055
vn 0.4828 0.5172 -0.7067
vn 0.4410 0.5749 -0.6892
vn 0.0917 0.7041 -0.7041
vn 0.0929 0.7049 -0.7032
vn 0.2552 0.6623 -0.7044
vn 0.2753 0.6666 -0.6928
vn 0.3343 0.6231 -0.7071
vn 0.4104 0.5775 -0.7057
vn 0.1260 0.9920 -0.0000
vn 0.3609 0.9326 -0.0000
vn 0.5789 0.8154 -0.0000
vn 0.7598 0.6501 -0.0000
vn 0.8952 0.4456 -0.0000
vn 0.9773 0.2118 -0.0000
vn 0.9993 -0.0364 -0.0000
vn 0.9609 -0.2769 -0.0000
vn 0.0895 0.7043 -0.7043
vn 0.0867 0.7057 -0.7032
vn 0.2565 0.6630 -0.7033
vn 0.2599 0.6601 -0.7048
vn 0.4107 0.5784 -0.7048
vn 0.4105 0.5788 -0.7047
vn 0.5392 0.4614 -0.7045
vn 0.5393 0.4611 -0.7046
vn 0.6354 0.3163 -0.7045
vn 0.6357 0.3137 -0.7053
vn 0.6928 0.1501 -0.7054
vn 0.6931 0.1526 -0.7045
vn 0.7092 -0.0258 -0.7045
vn 0.7097 -0.0246 -0.7041
vn 0.6824 -0.1966 -0.7041
vn 0.6813 -0.1982 -0.7047
vn 0.6458 -0.2876 -0.7073
vn 0.6005 -0.3782 -0.7045
vn 0.6002 -0.3781 -0.7049
vn 0.4867 -0.5160 -0.7049
vn 0.4874 -0.5164 -0.7041
vn 0.3506 -0.6170 -0.7046
vn 0.3507 -0.6170 -0.7045
vn 0.1966 -0.6822 -0.7043
vn 0.1973 -0.6822 -0.7040
vn 0.0231 -0.7098 -0.7040
vn 0.0248 -0.7104 -0.7034
vn -0.1499 -0.6947 -0.7035
vn -0.1518 -0.6935 -0.7043
vn -0.3152 -0.6362 -0.7042
vn -0.3144 -0.6370 -0.7038
vn -0.4603 -0.5409 -0.7039
vn -0.4612 -0.5394 -0.7045
vn -0.5796 -0.4094 -0.7046
vn -0.5792 -0.4108 -0.7041
vn -0.6618 -0.2572 -0.7042
vn -0.6619 -0.2549 -0.7049
vn -0.7044 -0.0863 -0.7045
vn -0.7045 -0.0865 -0.7045
vn -0.9926 -0.1215 -0.0000
vn -0.9321 -0.3622 -0.0000
vn -0.9321 -0.3623 -0.0000
vn -0.8167 -0.5770 -0.0000
vn -0.6481 -0.7615 -0.0000
vn -0.4440 -0.8961 -0.0000
vn -0.2109 -0.9775 -0.0000
vn 0.0325 -0.9995 -0.0000
vn 0.2769 -0.9609 -0.0000
vn -0.9135 -0.4068 -0.0000
vn 0.4941 -0.8694 -0.0000
vn 0.3766 -0.9125 0.1596
vn -0.2495 -0.9684 -0.0000
vn 0.2495 -0.9684 -0.0000
vn 0.4830 -0.8756 -0.0000
vn -0.4830 -0.8755 0.0164
vn -0.3815 -0.9244 -0.0000
vn -0.9523 -0.3052 -0.0000
vn -0.9568 -0.2897 0.0250
vn 0.9135 -0.4069 -0.0000
vn 0.6862 -0.7274 -0.0000
vn 0.8461 -0.5329 -0.0000
vn 0.9135 -0.4068 -0.0000
vn 0.9405 -0.3395 0.0145
vn 0.9566 -0.2896 -0.0329
vn 0.9759 -0.2180 -0.0000
vn -0.8461 -0.5329 -0.0000
vn -0.6862 -0.7274 -0.0000
vn -0.4941 -0.8694 -0.0000
vn -0.0001 -0.0000 1.0000
vn 0.0003 -0.0000 1.0000
vn -0.0002 -0.0000 -1.0000
vn 0.0001 -0.0000 -1.0000
vn -0.0001 -0.0000 -1.0000
vn 0.6951 -0.1295 0.7072
vn 0.7055 -0.0655 0.7057
vn 0.7056 -0.0656 0.7056
vn 0.0800 -0.7048 0.7048
vn 0.0793 -0.7052 0.7046
vn 0.2427 -0.6667 0.7047
vn 0.2416 -0.6676 0.7043
vn 0.3881 -0.5944 0.7043
vn 0.3877 -0.5948 0.7042
vn 0.5126 -0.4910 0.7044
vn 0.5127 -0.4908 0.7045
vn 0.6118 -0.3597 0.7045
vn 0.6116 -0.3608 0.7041
vn 0.6787 -0.2088 0.7041
vn 0.6786 -0.2058 0.7051
vn 0.1140 -0.9935 -0.0000
vn 0.3400 -0.9404 -0.0000
vn 0.9704 0.2414 -0.0000
vn 0.8824 0.4705 -0.0000
vn 0.7436 0.6686 -0.0000
vn 0.5569 0.8306 -0.0000
vn 0.0809 -0.7048 0.7048
vn 0.0798 -0.7042 0.7055
vn 0.2411 -0.6668 0.7051
vn 0.2428 -0.6674 0.7040
vn 0.3966 -0.5891 0.7041
vn 0.3960 -0.5890 0.7044
vn 0.5280 -0.4747 0.7042
vn 0.5273 -0.4748 0.7046
vn 0.6261 -0.3338 0.7047
vn 0.6262 -0.3337 0.7046
vn 0.6887 -0.1713 0.7045
vn 0.6883 -0.1717 0.7049
vn 0.7095 -0.0000 0.7047
vn 0.6886 0.1713 0.7046
vn 0.6887 0.1715 0.7045
vn 0.6262 0.3338 0.7046
vn 0.6261 0.3337 0.7047
vn 0.5277 0.4744 0.7047
vn 0.5275 0.4763 0.7035
vn 0.3958 0.5904 0.7034
vn 0.3967 0.5879 0.7050
vn 0.2426 0.6663 0.7052
vn 0.2416 0.6679 0.7040
vn 0.0792 0.7054 0.7043
vn 0.0799 0.7048 0.7048
vn 0.6819 -0.1965 0.7046
vn 0.6820 -0.1984 0.7040
vn 0.7096 -0.0259 0.7042
vn 0.7092 -0.0246 0.7046
vn 0.6934 0.1502 0.7047
vn 0.6921 0.1524 0.7055
vn 0.6348 0.3159 0.7052
vn 0.6366 0.3142 0.7043
vn 0.5392 0.4613 0.7046
vn 0.5394 0.4612 0.7045
vn 0.4108 0.5785 0.7047
vn 0.4104 0.5786 0.7048
vn 0.2561 0.6619 0.7045
vn 0.2605 0.6617 0.7030
vn 0.0896 0.7051 0.7034
vn 0.0865 0.7045 0.7045
vn 0.3507 -0.6170 0.7045
vn 0.3507 -0.6169 0.7046
vn 0.4872 -0.5165 0.7041
vn 0.4869 -0.5158 0.7049
vn 0.6002 -0.3780 0.7049
vn 0.6004 -0.3783 0.7045
vn 0.6458 -0.2876 0.7073
vn -0.7045 -0.0863 0.7045
vn -0.7044 -0.0865 0.7046
vn -0.6612 -0.2570 0.7048
vn -0.6627 -0.2552 0.7040
vn -0.5799 -0.4097 0.7042
vn -0.5788 -0.4105 0.7047
vn -0.4600 -0.5405 0.7044
vn -0.4616 -0.5399 0.7038
vn -0.3154 -0.6365 0.7039
vn -0.3142 -0.6366 0.7043
vn -0.1498 -0.6941 0.7042
vn -0.1520 -0.6943 0.7034
vn 0.0231 -0.7103 0.7035
vn 0.0248 -0.7097 0.7041
vn 0.1966 -0.6824 0.7041
vn 0.1972 -0.6820 0.7043
vn -0.7071 -0.0000 0.7071
vn -0.9934 -0.1143 -0.0000
vn -0.9407 -0.3393 -0.0000
vn 0.2436 -0.9699 -0.0000
vn 0.4686 -0.8834 -0.0000
vn 0.6699 -0.7425 -0.0000
vn 0.8299 -0.5579 -0.0000
vn -0.7048 -0.0811 0.7048
vn -0.7040 -0.0798 0.7057
vn -0.6666 -0.2404 0.7056
vn -0.6674 -0.2428 0.7040
vn -0.5886 -0.3974 0.7040
vn -0.5885 -0.3956 0.7051
vn -0.4750 -0.5265 0.7051
vn -0.4746 -0.5286 0.7038
vn -0.3330 -0.6277 0.7036
vn -0.3337 -0.6262 0.7046
vn -0.1729 -0.6882 0.7046
vn -0.1720 -0.6894 0.7037
vn -0.0000 -0.7106 0.7035
vn -0.0000 -0.7107 0.7035
vn 0.1732 -0.6894 0.7033
vn 0.1715 -0.6887 0.7045
vn 0.3325 -0.6268 0.7047
vn 0.3342 -0.6271 0.7037
vn 0.4759 -0.5275 0.7037
vn 0.4738 -0.5277 0.7050
vn 0.5885 -0.3956 0.7051
vn 0.6665 -0.2421 0.7051
vn 0.6675 -0.2414 0.7044
vn 0.7053 -0.0794 0.7045
vn 0.7048 -0.0799 0.7049
vn -0.7056 -0.0648 0.7056
vn -0.7056 -0.0648 0.7057
vn -0.6951 -0.1295 0.7072
vn -0.6779 -0.2086 0.7049
vn -0.6772 -0.2097 0.7053
vn -0.6112 -0.3593 0.7052
vn -0.6134 -0.3574 0.7043
vn -0.5125 -0.4909 0.7045
vn -0.5127 -0.4908 0.7044
vn -0.3881 -0.5945 0.7042
vn -0.3876 -0.5947 0.7044
vn -0.2428 -0.6670 0.7044
vn -0.2414 -0.6671 0.7048
vn -0.0800 -0.7050 0.7046
vn -0.0793 -0.7049 0.7049
vn -0.1118 0.9937 -0.0000
vn -0.3414 0.9399 -0.0000
vn -0.9699 -0.2436 -0.0000
vn -0.8834 -0.4686 -0.0000
vn -0.7425 -0.6699 -0.0000
vn -0.5596 -0.8288 -0.0000
vn -0.0793 0.7049 0.7049
vn -0.0801 0.7053 0.7044
vn -0.2425 0.6676 0.7039
vn -0.2413 0.6672 0.7047
vn -0.3960 0.5890 0.7044
vn -0.3975 0.5891 0.7035
vn -0.5277 0.4761 0.7034
vn -0.5274 0.4762 0.7037
vn -0.6277 0.3330 0.7036
vn -0.6262 0.3337 0.7046
vn -0.6882 0.1729 0.7046
vn -0.6897 0.1717 0.7034
vn -0.7107 -0.0000 0.7035
vn -0.7106 -0.0000 0.7035
vn -0.6892 -0.1731 0.7036
vn -0.6886 -0.1718 0.7045
vn -0.6268 -0.3325 0.7047
vn -0.6271 -0.3341 0.7037
vn -0.5275 -0.4759 0.7037
vn -0.5276 -0.4751 0.7042
vn -0.3971 -0.5882 0.7045
vn -0.3966 -0.5899 0.7034
vn -0.2411 -0.6685 0.7035
vn -0.2425 -0.6664 0.7050
vn -0.0810 -0.7039 0.7056
vn -0.0800 -0.7048 0.7048
vn -0.0895 0.7043 0.7043
vn -0.0867 0.7057 0.7032
vn -0.2575 0.6627 0.7032
vn -0.2601 0.6605 0.7043
vn -0.4097 0.5799 0.7042
vn -0.4105 0.5788 0.7047
vn -0.5392 0.4614 0.7045
vn -0.5394 0.4611 0.7046
vn -0.6367 0.3140 0.7043
vn -0.6366 0.3142 0.7042
vn -0.6931 0.1531 0.7044
vn -0.6931 0.1526 0.7045
vn -0.7092 -0.0258 0.7045
vn -0.7097 -0.0246 0.7041
vn -0.6824 -0.1966 0.7041
vn -0.6813 -0.1982 0.7047
vn -0.6458 -0.2876 0.7073
vn -0.6005 -0.3782 0.7045
vn -0.6002 -0.3781 0.7049
vn -0.4867 -0.5160 0.7049
vn -0.4874 -0.5164 0.7041
vn -0.3506 -0.6170 0.7046
vn -0.3503 -0.6166 0.7051
vn -0.1965 -0.6819 0.7046
vn -0.1984 -0.6820 0.7040
vn -0.0231 -0.7098 0.7040
vn -0.0248 -0.7104 0.7034
vn 0.1499 -0.6947 0.7035
vn 0.1518 -0.6935 0.7043
vn 0.3140 -0.6367 0.7043
vn 0.3142 -0.6366 0.7043
vn 0.4613 -0.5392 0.7046
vn 0.4612 -0.5394 0.7045
vn 0.5796 -0.4095 0.7046
vn 0.5792 -0.4108 0.7041
vn 0.6618 -0.2572 0.7042
vn 0.6619 -0.2549 0.7049
vn 0.7039 -0.0891 0.7047
vn 0.7042 -0.0906 0.7042
vn -0.3766 -0.9125 -0.1596
vn -0.4830 -0.8756 -0.0000
vn 0.3815 -0.9244 -0.0000
vn 0.4830 -0.8755 -0.0164
vn 0.9566 -0.2896 0.0329
vn 0.9405 -0.3395 -0.0145
vn -0.9571 -0.2898 -0.0000
vn -0.9521 -0.3051 -0.0218
vn -0.0002 -0.0000 1.0000
vn 0.0001 -0.0000 1.0000
vn -0.7071 -0.5000 0.5000
vn -0.7071 -0.7071 -0.0000
vn -0.0000 -1.0000 -0.0001
vn -0.0000 -1.0000 0.0001
vn -0.0000 0.8742 0.4856
vn -1.0000 0.0008 -0.0000
vn -1.0000 -0.0019 -0.0000
vn -1.0000 0.0002 -0.0000
vn -1.0000 -0.0001 -0.0000
vn -1.0000 0.0001 -0.0000
vn -1.0000 -0.0003 -0.0000
vn -1.0000 -0.0014 -0.0000
vn -1.0000 0.0005 -0.0000
vn -0.0000 0.8742 -0.4856
vn -0.6929 0.0321 -0.7203
vn -0.7233 0.1385 -0.6766
vn -0.9629 -0.2142 0.1642
vn -0.8429 -0.5380 -0.0000
vn -0.9997 -0.0227 -0.0000
vn -0.9999 0.0126 -0.0000
vn -1.0000 -0.0017 -0.0000
vn -0.9983 -0.0587 0.0017
vn -0.9987 -0.0501 -0.0000
vn -0.9225 -0.3826 0.0506
vn -0.9663 -0.2575 -0.0000
vn -0.8750 -0.4809 0.0567
vn -0.9080 -0.4190 -0.0000
vn -0.8776 -0.4686 0.1010
vn -0.9477 -0.3074 0.0860
vn -0.9253 -0.3657 0.1007
vn -0.9755 -0.1993 0.0931
vn -0.9820 -0.1674 0.0880
vn -0.9795 -0.1885 0.0710
vn -0.9999 0.0160 -0.0000
vn -0.0000 -0.9973 0.0740
vn -0.3480 -0.9370 0.0308
vn -0.4111 -0.9068 0.0934
vn -0.6480 -0.7594 0.0580
vn -0.8297 -0.5223 0.1969
vn -0.9521 -0.2938 0.0846
vn -0.9617 -0.2191 0.1649
vn -0.9888 -0.1195 0.0899
vn -0.9686 -0.1189 0.2184
vn -0.7064 -0.7061 0.0485
vn -0.9668 -0.1252 0.2227
vn -0.9414 -0.0649 0.3310
vn -0.9418 -0.1212 0.3136
vn -0.9127 -0.4018 0.0751
vn -0.7865 -0.6160 0.0438
vn -0.4201 -0.9075 -0.0000
vn -0.4098 -0.9120 -0.0177
vn -0.5647 -0.8253 -0.0000
vn -0.7710 -0.6368 -0.0000
vn -0.7388 -0.6735 -0.0264
vn -0.8137 -0.5812 -0.0000
vn -0.7729 -0.6338 -0.0307
vn -0.8575 -0.5145 -0.0000
vn -0.8742 -0.4855 -0.0000
vn -0.8549 -0.5174 -0.0382
vn -0.9161 -0.4009 -0.0000
vn -0.6605 -0.7508 -0.0000
vn -0.7089 -0.7053 -0.0000
vn -0.9527 -0.2968 -0.0656
vn -0.9970 -0.0741 -0.0236
vn -0.9096 -0.3072 -0.2798
vn -0.6959 -0.7181 -0.0000
vn -0.9811 0.1933 -0.0000
vn -0.9751 0.2218 -0.0000
vn -0.9933 -0.1111 -0.0305
vn -0.2389 -0.9683 -0.0733
vn -1.0000 -0.0018 -0.0000
vn -1.0000 -0.0006 -0.0000
vn -0.9359 0.3495 -0.0445
vn -0.9905 -0.1346 -0.0295
vn -0.9485 -0.3135 -0.0450
vn -0.9493 -0.3109 -0.0455
vn -1.0000 0.0016 -0.0000
vn -0.7398 -0.6728 -0.0000
vn -0.9989 -0.0459 0.0116
vn -0.9120 -0.4070 -0.0507
vn -0.9897 -0.1429 -0.0000
vn -0.9986 -0.0509 0.0138
vn -0.8926 -0.4509 -0.0000
vn -0.8966 -0.4427 -0.0000
vn -0.9645 -0.2591 -0.0504
vn -0.9589 -0.2767 -0.0624
vn -0.9822 -0.1858 -0.0266
vn -0.9390 -0.3438 -0.0109
vn -0.8798 -0.4745 -0.0290
vn -0.9065 -0.4219 -0.0157
vn -0.8743 -0.4854 -0.0000
vn -0.8407 -0.5414 -0.0127
vn -0.8581 -0.5121 -0.0375
vn -0.7877 -0.6153 -0.0315
vn -0.7910 -0.6113 -0.0259
vn -0.7128 -0.7010 -0.0211
vn -0.7372 -0.6756 -0.0000
vn -0.9913 -0.0000 0.1313
vn -0.9237 -0.0000 0.3831
vn -0.7931 -0.0000 0.6091
vn -0.6105 -0.0000 0.7921
vn -0.3812 -0.0000 0.9245
vn -0.1313 -0.0000 0.9913
vn 0.1313 -0.0000 0.9913
vn 0.3812 -0.0000 0.9245
vn 0.6094 -0.0000 0.7929
vn 0.7931 -0.0000 0.6091
vn 0.9237 -0.0000 0.3831
vn 0.9916 -0.0000 0.1292
vn 0.9916 -0.0000 -0.1292
vn 0.9237 -0.0000 -0.3831
vn 0.7931 -0.0000 -0.6091
vn 0.6094 -0.0000 -0.7929
vn 0.3812 -0.0000 -0.9245
vn 0.1313 -0.0000 -0.9913
vn -0.1313 -0.0000 -0.9913
vn -0.3812 -0.0000 -0.9245
vn -0.6105 -0.0000 -0.7921
vn -0.7931 -0.0000 -0.6091
vn -0.9237 -0.0000 -0.3831
vn -0.9913 -0.0000 -0.1313
s 0
usemtl black_metal
f 1//1 2//1 3//1
f 2//1 4//1 3//1
f 3//1 4//1 5//1
f 6//1 7//1 3//1
f 7//1 8//1 3//1
f 3//1 8//1 1//1
f 9//1 10//1 3//1
f 10//1 11//1 3//1
f 3//1 11//1 6//1
f 12//1 13//1 3//1
f 13//1 14//1 3//1
f 3//1 14//1 9//1
f 15//1 16//1 3//1
f 16//1 17//1 3//1
f 3//1 17//1 12//1
f 18//1 19//1 3//1
f 19//1 20//1 3//1
f 3//1 20//1 15//1
f 21//1 22//1 3//1
f 22//1 23//1 3//1
f 3//1 23//1 18//1
f 5//1 24//1 3//1
f 24//1 25//1 3//1
f 3//1 25//1 21//1
f 26//1 27//1 28//1
f 27//1 29//1 28//1
f 28//1 29//1 30//1
f 31//1 32//1 28//1
f 32//1 33//1 28//1
f 28//1 33//1 26//1
f 34//1 35//1 28//1
f 35//1 36//1 28//1
f 28//1 36//1 31//1
f 37//1 38//1 28//1
f 38//1 39//1 28//1
f 28//1 39//1 34//1
f 40//1 41//1 28//1
f 41//1 42//1 28//1
f 28//1 42//1 37//1
f 43//1 44//1 28//1
f 44//1 45//1 28//1
f 28//1 45//1 40//1
f 46//1 47//1 28//1
f 47//1 48//1 28//1
f 28//1 48//1 43//1
f 30//1 49//1 28//1
f 49//1 50//1 28//1
f 28//1 50//1 46//1
f 51//1 52//1 53//1
f 52//1 54//1 53//1
f 53//1 54//1 55//1
f 56//1 57//1 53//1
f 57//1 58//1 53//1
f 53//1 58//1 51//1
f 59//1 60//1 53//1
f 60//1 61//1 53//1
f 53//1 61//1 56//1
f 62//1 63//1 53//1
f 63//1 64//1 53//1
f 53//1 64//1 59//1
f 65//1 66//1 53//1
f 66//1 67//1 53//1
f 53//1 67//1 62//1
f 68//1 69//1 53//1
f 69//1 70//1 53//1
f 53//1 70//1 65//1
f 71//1 72//1 53//1
f 72//1 73//1 53//1
f 53//1 73//1 68//1
f 55//1 74//1 53//1
f 74//1 75//1 53//1
f 53//1 75//1 71//1
f 76//1 77//1 78//1
f 77//1 79//1 78//1
f 78//1 79//1 80//1
f 81//1 82//1 78//1
f 82//1 83//1 78//1
f 78//1 83//1 76//1
f 84//1 85//1 78//1
f 85//1 86//1 78//1
f 78//1 86//1 81//1
f 87//1 88//1 78//1
f 88//1 89//1 78//1
f 78//1 89//1 84//1
f 90//1 91//1 78//1
f 91//1 92//1 78//1
f 78//1 92//1 87//1
f 93//1 94//1 78//1
f 94//1 95//1 78//1
f 78//1 95//1 90//1
f 96//1 97//1 78//1
f 97//1 98//1 78//1
f 78//1 98//1 93//1
f 80//1 99//1 78//1
f 99//1 100//1 78//1
f 78//1 100//1 96//1
f 101//1 102//1 103//1
f 102//1 104//1 103//1
f 103//1 104//1 105//1
f 106//1 107//1 103//1
f 107//1 108//1 103//1
f 103//1 108//1 101//1
f 109//1 110//1 103//1
f 110//1 111//1 103//1
f 103//1 111//1 106//1
f 112//1 113//1 103//1
f 113//1 114//1 103//1
f 103//1 114//1 109//1
f 115//1 116//1 103//1
f 116//1 117//1 103//1
f 103//1 117//1 112//1
f 118//1 119//1 103//1
f 119//1 120//1 103//1
f 103//1 120//1 115//1
f 121//1 122//1 103//1
f 122//1 123//1 103//1
f 103//1 123//1 118//1
f 105//1 124//1 103//1
f 124//1 125//1 103//1
f 103//1 125//1 121//1
f 126//1 127//1 128//1
f 127//1 129//1 128//1
f 128//1 129//1 130//1
f 131//1 132//1 128//1
f 132//1 133//1 128//1
f 128//1 133//1 126//1
f 134//1 135//1 128//1
f 135//1 136//1 128//1
f 128//1 136//1 131//1
f 137//1 138//1 128//1
f 138//1 139//1 128//1
f 128//1 139//1 134//1
f 140//1 141//1 128//1
f 141//1 142//1 128//1
f 128//1 142//1 137//1
f 143//1 144//1 128//1
f 144//1 145//1 128//1
f 128//1 145//1 140//1
f 146//1 147//1 128//1
f 147//1 148//1 128//1
f 128//1 148//1 143//1
f 130//1 149//1 128//1
f 149//1 150//1 128//1
f 128//1 150//1 146//1
f 151//1 152//1 153//1
f 152//1 154//1 153//1
f 153//1 154//1 155//1
f 156//1 157//1 153//1
f 157//1 158//1 153//1
f 153//1 158//1 151//1
f 159//1 160//1 153//1
f 160//1 161//1 153//1
f 153//1 161//1 156//1
f 162//1 163//1 153//1
f 163//1 164//1 153//1
f 153//1 164//1 159//1
f 165//1 166//1 153//1
f 166//1 167//1 153//1
f 153//1 167//1 162//1
f 168//1 169//1 153//1
f 169//1 170//1 153//1
f 153//1 170//1 165//1
f 171//1 172//1 153//1
f 172//1 173//1 153//1
f 153//1 173//1 168//1
f 155//1 174//1 153//1
f 174//1 175//1 153//1
f 153//1 175//1 171//1
f 176//1 177//1 178//1
f 177//1 179//1 178//1
f 178//1 179//1 180//1
f 181//1 182//1 178//1
f 182//1 183//1 178//1
f 178//1 183//1 176//1
f 184//1 185//1 178//1
f 185//1 186//1 178//1
f 178//1 186//1 181//1
f 187//1 188//1 178//1
f 188//1 189//1 178//1
f 178//1 189//1 184//1
f 190//1 191//1 178//1
f 191//1 192//1 178//1
f 178//1 192//1 187//1
f 193//1 194//1 178//1
f 194//1 195//1 178//1
f 178//1 195//1 190//1
f 196//1 197//1 178//1
f 197//1 198//1 178//1
f 178//1 198//1 193//1
f 180//1 199//1 178//1
f 199//1 200//1 178//1
f 178//1 200//1 196//1
f 201//1 202//1 203//1
f 202//1 204//1 203//1
f 203//1 204//1 205//1
f 206//1 207//1 203//1
f 207//1 208//1 203//1
f 203//1 208//1 201//1
f 209//1 210//1 203//1
f 210//1 211//1 203//1
f 203//1 211//1 206//1
f 212//1 213//1 203//1
f 213//1 214//1 203//1
f 203//1 214//1 209//1
f 215//1 216//1 203//1
f 216//1 217//1 203//1
f 203//1 217//1 212//1
f 218//1 219//1 203//1
f 219//1 220//1 203//1
f 203//1 220//1 215//1
f 221//1 222//1 203//1
f 222//1 223//1 203//1
f 203//1 223//1 218//1
f 205//1 224//1 203//1
f 224//1 225//1 203//1
f 203//1 225//1 221//1
f 226//1 227//1 228//1
f 227//1 229//1 228//1
f 228//1 229//1 230//1
f 231//1 232//1 228//1
f 232//1 233//1 228//1
f 228//1 233//1 226//1
f 234//1 235//1 228//1
f 235//1 236//1 228//1
f 228//1 236//1 231//1
f 237//1 238//1 228//1
f 238//1 239//1 228//1
f 228//1 239//1 234//1
f 240//1 241//1 228//1
f 241//1 242//1 228//1
f 228//1 242//1 237//1
f 243//1 244//1 228//1
f 244//1 245//1 228//1
f 228//1 245//1 240//1
f 246//1 247//1 228//1
f 247//1 248//1 228//1
f 228//1 248//1 243//1
f 230//1 249//1 228//1
f 249//1 250//1 228//1
f 228//1 250//1 246//1
f 251//1 252//1 253//1
f 252//1 254//1 253//1
f 253//1 254//1 255//1
f 256//1 257//1 253//1
f 257//1 258//1 253//1
f 253//1 258//1 251//1
f 259//1 260//1 253//1
f 260//1 261//1 253//1
f 253//1 261//1 256//1
f 262//1 263//1 253//1
f 263//1 264//1 253//1
f 253//1 264//1 259//1
f 265//1 266//1 253//1
f 266//1 267//1 253//1
f 253//1 267//1 262//1
f 268//1 269//1 253//1
f 269//1 270//1 253//1
f 253//1 270//1 265//1
f 271//1 272//1 253//1
f 272//1 273//1 253//1
f 253//1 273//1 268//1
f 255//1 274//1 253//1
f 274//1 275//1 253//1
f 253//1 275//1 271//1
f 276//1 277//1 278//1
f 277//1 279//1 278//1
f 278//1 279//1 280//1
f 281//1 282//1 278//1
f 282//1 283//1 278//1
f 278//1 283//1 276//1
f 284//1 285//1 278//1
f 285//1 286//1 278//1
f 278//1 286//1 281//1
f 287//1 288//1 278//1
f 288//1 289//1 278//1
f 278//1 289//1 284//1
f 290//1 291//1 278//1
f 291//1 292//1 278//1
f 278//1 292//1 287//1
f 293//1 294//1 278//1
f 294//1 295//1 278//1
f 278//1 295//1 290//1
f 296//1 297//1 278//1
f 297//1 298//1 278//1
f 278//1 298//1 293//1
f 280//1 299//1 278//1
f 299//1 300//1 278//1
f 278//1 300//1 296//1
f 301//2 302//2 303//2
f 301//2 303//2 304//2
f 303//3 305//3 304//3
f 304//3 305//3 306//3
f 305//4 307//4 306//4
f 306//4 307//4 308//4
f 307//5 309//5 308//5
f 308//5 309//5 310//5
f 309//6 311//6 310//6
f 310//6 311//6 312//6
f 301//7 313//7 302//7
f 313//7 314//7 302//7
f 302//8 314//8 315//8
f 314//9 316//9 315//9
f 314//10 317//10 318//10
f 318//11 319//11 314//11
f 319//12 320//12 314//12
f 314//13 320//13 316//13
f 321//14 322//14 318//14
f 323//15 324//15 319//15
f 324//16 325//16 319//16
f 319//17 325//17 320//17
f 318//18 322//18 319//18
f 322//19 326//19 319//19
f 319//20 326//20 323//20
f 317//21 314//21 327//21
f 327//22 328//22 317//22
f 328//23 329//23 317//23
f 317//24 329//24 318//24
f 329//25 330//25 318//25
f 318//26 330//26 321//26
f 331//27 315//27 332//27
f 315//28 316//28 332//28
f 325//29 333//29 320//29
f 333//30 334//30 320//30
f 320//31 334//31 316//31
f 334//32 335//32 316//32
f 316//33 335//33 332//33
f 336//34 337//34 338//34
f 337//34 339//34 338//34
f 340//35 331//35 341//35
f 331//36 332//36 341//36
f 341//37 332//37 335//37
f 324//38 342//38 325//38
f 342//39 341//39 325//39
f 335//40 334//40 341//40
f 334//41 333//41 341//41
f 341//42 333//42 325//42
f 338//43 339//43 343//43
f 339//43 344//43 343//43
f 345//44 346//44 347//44
f 345//44 347//44 348//44
f 347//45 349//45 348//45
f 348//45 349//45 350//45
f 349//46 351//46 350//46
f 350//46 351//46 352//46
f 351//47 353//47 352//47
f 352//47 353//47 354//47
f 353//48 355//48 354//48
f 354//48 355//48 356//48
f 355//49 357//49 356//49
f 356//49 357//49 358//49
f 357//50 359//50 358//50
f 358//50 359//50 360//50
f 359//51 343//51 360//51
f 360//51 343//51 344//51
f 361//52 362//52 363//52
f 362//52 364//52 363//52
f 346//52 345//52 365//52
f 345//52 366//52 365//52
f 367//52 368//52 369//52
f 368//52 370//52 369//52
f 371//52 372//52 373//52
f 372//52 374//52 373//52
f 363//53 364//53 375//53
f 364//53 376//53 375//53
f 377//54 378//54 379//54
f 378//54 380//54 379//54
f 379//55 380//55 381//55
f 380//55 382//55 381//55
f 381//56 382//56 383//56
f 382//56 384//56 383//56
f 383//57 384//57 385//57
f 384//57 386//57 385//57
f 385//58 386//58 387//58
f 386//58 388//58 387//58
f 387//59 388//59 389//59
f 388//59 390//59 389//59
f 389//60 390//60 391//60
f 390//60 392//60 391//60
f 391//61 392//61 393//61
f 392//61 394//61 393//61
f 393//62 394//62 395//62
f 394//62 396//62 395//62
f 395//63 396//63 397//63
f 396//63 398//63 397//63
f 397//64 398//64 399//64
f 398//64 400//64 399//64
f 399//65 400//65 401//65
f 400//65 402//65 401//65
f 401//66 402//66 403//66
f 402//66 404//66 403//66
f 403//67 404//67 405//67
f 404//68 406//68 405//68
f 405//69 406//69 407//69
f 406//69 408//69 407//69
f 407//70 408//70 409//70
f 408//70 410//70 409//70
f 409//71 410//71 411//71
f 410//71 412//71 411//71
f 411//72 412//72 413//72
f 412//72 414//72 413//72
f 413//73 414//73 415//73
f 414//73 416//73 415//73
f 415//74 416//74 417//74
f 416//74 418//74 417//74
f 417//75 418//75 419//75
f 418//75 420//75 419//75
f 419//76 420//76 421//76
f 420//76 422//76 421//76
f 421//77 422//77 376//77
f 422//77 375//77 376//77
f 378//78 377//78 423//78
f 377//78 424//78 423//78
f 425//79 426//79 427//79
f 426//79 423//79 427//79
f 427//80 423//80 424//80
f 426//43 425//43 428//43
f 425//43 429//43 428//43
f 430//44 431//44 432//44
f 430//44 432//44 433//44
f 432//45 434//45 433//45
f 433//45 434//45 435//45
f 434//46 436//46 435//46
f 435//46 436//46 437//46
f 436//47 438//47 437//47
f 437//47 438//47 439//47
f 438//48 440//48 439//48
f 439//48 440//48 441//48
f 440//49 442//49 441//49
f 441//49 442//49 443//49
f 442//50 444//50 443//50
f 443//50 444//50 445//50
f 444//51 428//51 445//51
f 445//51 428//51 429//51
f 446//52 447//52 448//52
f 447//52 449//52 448//52
f 448//52 449//52 450//52
f 431//52 430//52 451//52
f 430//52 452//52 451//52
f 453//52 454//52 455//52
f 454//52 456//52 455//52
f 457//52 458//52 459//52
f 458//52 460//52 459//52
f 459//52 460//52 461//52
f 460//52 462//52 461//52
f 463//52 464//52 465//52
f 464//52 466//52 465//52
f 467//52 468//52 469//52
f 468//52 470//52 469//52
f 471//81 472//81 473//81
f 472//82 450//82 473//82
f 473//83 450//83 474//83
f 450//84 449//84 474//84
f 475//85 476//85 477//85
f 476//85 478//85 477//85
f 472//86 471//86 479//86
f 471//86 480//86 479//86
f 477//87 478//87 481//87
f 478//87 482//87 481//87
f 481//87 482//87 483//87
f 484//88 485//88 486//88
f 485//88 487//88 486//88
f 488//89 489//89 490//89
f 489//90 483//90 490//90
f 490//91 483//91 482//91
f 486//92 487//92 491//92
f 487//92 492//92 491//92
f 493//93 494//93 495//93
f 493//93 495//93 496//93
f 495//94 497//94 496//94
f 496//94 497//94 498//94
f 497//95 499//95 498//95
f 498//95 499//95 500//95
f 499//96 501//96 500//96
f 500//96 501//96 502//96
f 501//97 503//97 502//97
f 502//97 503//97 504//97
f 503//98 505//98 504//98
f 504//98 505//98 506//98
f 505//99 507//99 506//99
f 506//99 507//99 508//99
f 507//100 491//100 508//100
f 508//100 491//100 492//100
f 509//87 510//87 511//87
f 510//87 512//87 511//87
f 494//87 493//87 513//87
f 493//87 514//87 513//87
f 511//101 512//101 515//101
f 511//101 515//101 516//101
f 515//102 517//102 516//102
f 516//102 517//102 518//102
f 517//103 519//103 518//103
f 518//103 519//103 520//103
f 519//104 521//104 520//104
f 520//104 521//104 522//104
f 521//51 523//51 522//51
f 522//51 523//51 524//51
f 523//50 525//50 524//50
f 524//50 525//50 526//50
f 525//49 527//49 526//49
f 526//49 527//49 528//49
f 527//48 529//48 528//48
f 528//48 529//48 530//48
f 530//105 529//105 531//105
f 529//105 532//105 531//105
f 533//85 534//85 535//85
f 534//85 536//85 535//85
f 531//86 532//86 537//86
f 532//86 538//86 537//86
f 539//87 535//87 536//87
f 540//87 541//87 542//87
f 541//87 539//87 542//87
f 542//87 539//87 543//87
f 539//87 536//87 543//87
f 544//88 545//88 546//88
f 545//88 547//88 546//88
f 541//106 540//106 548//106
f 540//106 549//106 548//106
f 546//92 547//92 550//92
f 547//92 551//92 550//92
f 552//93 553//93 554//93
f 552//93 554//93 555//93
f 554//94 556//94 555//94
f 555//94 556//94 557//94
f 556//95 558//95 557//95
f 557//95 558//95 559//95
f 558//96 560//96 559//96
f 559//96 560//96 561//96
f 560//97 562//97 561//97
f 561//97 562//97 563//97
f 562//98 564//98 563//98
f 563//98 564//98 565//98
f 564//99 566//99 565//99
f 565//99 566//99 567//99
f 566//100 550//100 567//100
f 567//100 550//100 551//100
f 568//87 569//87 570//87
f 569//87 571//87 570//87
f 553//87 552//87 572//87
f 552//87 573//87 572//87
f 570//101 571//101 574//101
f 570//101 574//101 575//101
f 574//102 576//102 575//102
f 575//102 576//102 577//102
f 576//103 578//103 577//103
f 577//103 578//103 579//103
f 578//104 580//104 579//104
f 579//104 580//104 581//104
f 580//51 582//51 581//51
f 581//51 582//51 583//51
f 582//107 584//107 583//107
f 583//107 584//107 585//107
f 584//49 586//49 585//49
f 585//108 586//108 587//108
f 586//48 588//48 587//48
f 587//48 588//48 589//48
f 589//105 588//105 590//105
f 588//105 591//105 590//105
f 592//85 593//85 594//85
f 593//85 595//85 594//85
f 590//86 591//86 596//86
f 591//86 597//86 596//86
f 594//87 595//87 598//87
f 595//87 599//87 598//87
f 598//87 599//87 600//87
f 599//87 601//87 600//87
f 602//88 603//88 604//88
f 603//88 605//88 604//88
f 600//106 601//106 606//106
f 601//106 607//106 606//106
f 462//109 604//109 605//109
f 605//110 608//110 462//110
f 608//111 609//111 462//111
f 462//112 609//112 461//112
f 610//113 603//113 611//113
f 603//114 602//114 611//114
f 612//115 610//115 613//115
f 610//115 611//115 613//115
f 602//116 606//116 611//116
f 606//116 613//116 611//116
f 606//117 607//117 613//117
f 607//117 612//117 613//117
f 614//118 593//118 615//118
f 593//118 592//118 615//118
f 616//119 614//119 617//119
f 614//119 615//119 617//119
f 592//120 596//120 615//120
f 596//120 617//120 615//120
f 596//121 597//121 617//121
f 597//121 616//121 617//121
f 618//122 569//122 619//122
f 569//122 568//122 619//122
f 620//87 618//87 621//87
f 618//87 619//87 621//87
f 568//123 572//123 619//123
f 572//123 621//123 619//123
f 572//124 573//124 621//124
f 573//124 620//124 621//124
f 622//113 545//113 623//113
f 545//113 544//113 623//113
f 624//115 622//115 625//115
f 622//115 623//115 625//115
f 544//116 548//116 623//116
f 548//116 625//116 623//116
f 548//117 549//117 625//117
f 549//117 624//117 625//117
f 626//118 534//118 627//118
f 534//118 533//118 627//118
f 628//119 626//119 629//119
f 626//119 627//119 629//119
f 533//120 537//120 627//120
f 537//120 629//120 627//120
f 537//121 538//121 629//121
f 538//121 628//121 629//121
f 630//122 510//122 631//122
f 510//122 509//122 631//122
f 632//87 630//87 633//87
f 630//87 631//87 633//87
f 509//123 513//123 631//123
f 513//123 633//123 631//123
f 513//124 514//124 633//124
f 514//124 632//124 633//124
f 634//113 485//113 635//113
f 485//113 484//113 635//113
f 636//115 634//115 637//115
f 634//115 635//115 637//115
f 484//116 489//116 635//116
f 489//116 637//116 635//116
f 489//117 488//117 637//117
f 488//117 636//117 637//117
f 638//118 476//118 639//118
f 476//118 475//118 639//118
f 640//119 638//119 641//119
f 638//119 639//119 641//119
f 475//120 479//120 639//120
f 479//120 641//120 639//120
f 479//121 480//121 641//121
f 480//121 640//121 641//121
f 447//124 446//124 642//124
f 446//124 643//124 642//124
f 642//124 643//124 644//124
f 645//52 644//52 646//52
f 644//52 643//52 646//52
f 446//125 451//125 643//125
f 451//125 646//125 643//125
f 645//122 646//122 647//122
f 646//122 451//122 647//122
f 647//122 451//122 452//122
f 455//126 456//126 648//126
f 455//127 648//127 649//127
f 648//128 650//128 649//128
f 649//128 650//128 651//128
f 650//129 652//129 651//129
f 651//129 652//129 653//129
f 652//130 654//130 653//130
f 653//130 654//130 655//130
f 654//100 656//100 655//100
f 655//100 656//100 657//100
f 656//131 658//131 657//131
f 657//131 658//131 659//131
f 658//132 660//132 659//132
f 659//98 660//98 661//98
f 660//97 662//97 661//97
f 661//97 662//97 663//97
f 663//133 662//133 664//133
f 662//133 665//133 664//133
f 664//134 665//134 666//134
f 665//134 667//134 666//134
f 666//135 667//135 668//135
f 667//135 669//135 668//135
f 670//136 671//136 672//136
f 671//136 673//136 672//136
f 672//137 673//137 674//137
f 673//137 675//137 674//137
f 674//138 675//138 676//138
f 675//138 677//138 676//138
f 676//139 677//139 678//139
f 677//139 679//139 678//139
f 678//140 679//140 680//140
f 679//140 681//140 680//140
f 680//141 681//141 682//141
f 681//141 683//141 682//141
f 682//142 683//142 684//142
f 683//142 685//142 684//142
f 684//143 685//143 686//143
f 685//143 687//143 686//143
f 686//144 687//144 688//144
f 687//144 689//144 688//144
f 688//145 689//145 690//145
f 689//146 691//146 690//146
f 690//147 691//147 692//147
f 691//147 693//147 692//147
f 692//148 693//148 694//148
f 693//148 695//148 694//148
f 694//149 695//149 696//149
f 695//149 697//149 696//149
f 696//150 697//150 698//150
f 697//150 699//150 698//150
f 698//151 699//151 700//151
f 699//151 701//151 700//151
f 700//152 701//152 702//152
f 701//152 703//152 702//152
f 702//153 703//153 704//153
f 703//153 705//153 704//153
f 704//154 705//154 706//154
f 705//154 707//154 706//154
f 706//155 707//155 708//155
f 707//155 709//155 708//155
f 708//156 709//156 710//156
f 709//156 711//156 710//156
f 710//157 711//157 712//157
f 711//157 713//157 712//157
f 712//158 713//158 714//158
f 713//158 715//158 714//158
f 714//159 715//159 669//159
f 715//159 668//159 669//159
f 671//160 670//160 371//160
f 670//160 372//160 371//160
f 454//124 453//124 716//124
f 453//124 717//124 716//124
f 716//124 717//124 718//124
f 719//52 718//52 720//52
f 718//52 717//52 720//52
f 453//125 458//125 717//125
f 458//125 720//125 717//125
f 719//122 720//122 721//122
f 720//122 458//122 721//122
f 721//122 458//122 457//122
f 722//122 723//122 724//122
f 723//122 465//122 724//122
f 724//122 465//122 466//122
f 467//125 465//125 725//125
f 465//125 723//125 725//125
f 722//52 726//52 723//52
f 726//52 725//52 723//52
f 468//124 467//124 727//124
f 467//124 725//124 727//124
f 727//124 725//124 726//124
f 464//44 463//44 728//44
f 464//44 728//44 729//44
f 728//45 730//45 729//45
f 729//45 730//45 731//45
f 730//46 732//46 731//46
f 731//46 732//46 733//46
f 732//47 734//47 733//47
f 733//47 734//47 735//47
f 734//48 736//48 735//48
f 735//48 736//48 737//48
f 736//49 738//49 737//49
f 737//49 738//49 739//49
f 738//50 740//50 739//50
f 739//50 740//50 741//50
f 741//161 740//161 742//161
f 740//162 743//162 742//162
f 742//163 743//163 744//163
f 745//43 746//43 743//43
f 746//43 744//43 743//43
f 747//105 748//105 745//105
f 748//105 746//105 745//105
f 749//101 750//101 751//101
f 749//101 751//101 752//101
f 751//102 753//102 752//102
f 752//102 753//102 754//102
f 753//103 755//103 754//103
f 754//103 755//103 756//103
f 755//104 757//104 756//104
f 756//104 757//104 758//104
f 757//51 759//51 758//51
f 758//51 759//51 760//51
f 759//50 761//50 760//50
f 760//50 761//50 762//50
f 761//49 763//49 762//49
f 762//49 763//49 764//49
f 764//48 763//48 747//48
f 763//164 765//164 747//164
f 747//165 765//165 748//165
f 766//87 767//87 749//87
f 767//87 750//87 749//87
f 768//87 769//87 770//87
f 769//87 771//87 770//87
f 767//122 766//122 772//122
f 766//122 773//122 772//122
f 772//122 773//122 774//122
f 775//87 774//87 776//87
f 774//87 773//87 776//87
f 766//123 770//123 773//123
f 770//123 776//123 773//123
f 775//124 776//124 777//124
f 776//124 770//124 777//124
f 777//124 770//124 771//124
f 769//93 768//93 778//93
f 769//166 778//166 779//166
f 778//94 780//94 779//94
f 779//94 780//94 781//94
f 780//95 782//95 781//95
f 781//95 782//95 783//95
f 782//96 784//96 783//96
f 783//96 784//96 785//96
f 784//97 786//97 785//97
f 785//97 786//97 787//97
f 786//98 788//98 787//98
f 787//98 788//98 789//98
f 788//99 790//99 789//99
f 789//99 790//99 791//99
f 790//100 792//100 791//100
f 791//100 792//100 793//100
f 794//92 795//92 792//92
f 795//92 793//92 792//92
f 796//133 797//133 794//133
f 797//133 795//133 794//133
f 469//126 470//126 798//126
f 469//127 798//127 799//127
f 798//128 800//128 799//128
f 799//128 800//128 801//128
f 800//129 802//129 801//129
f 801//129 802//129 803//129
f 802//130 804//130 803//130
f 803//130 804//130 805//130
f 804//100 806//100 805//100
f 805//100 806//100 807//100
f 806//99 808//99 807//99
f 807//99 808//99 809//99
f 808//98 810//98 809//98
f 809//98 810//98 811//98
f 810//97 797//97 811//97
f 811//97 797//97 796//97
f 812//124 362//124 813//124
f 362//124 361//124 813//124
f 814//52 812//52 815//52
f 812//52 813//52 815//52
f 361//125 365//125 813//125
f 365//125 815//125 813//125
f 365//122 366//122 815//122
f 366//122 814//122 815//122
f 369//127 370//127 816//127
f 369//127 816//127 817//127
f 816//128 818//128 817//128
f 817//128 818//128 819//128
f 818//129 820//129 819//129
f 819//129 820//129 821//129
f 820//130 822//130 821//130
f 821//130 822//130 823//130
f 822//100 824//100 823//100
f 823//100 824//100 825//100
f 824//99 826//99 825//99
f 825//99 826//99 827//99
f 826//98 828//98 827//98
f 827//98 828//98 829//98
f 828//97 830//97 829//97
f 829//97 830//97 831//97
f 831//133 830//133 832//133
f 830//133 833//133 832//133
f 834//124 368//124 835//124
f 368//124 367//124 835//124
f 836//52 834//52 837//52
f 834//52 835//52 837//52
f 367//125 373//125 835//125
f 373//125 837//125 835//125
f 373//122 374//122 837//122
f 374//122 836//122 837//122
f 838//167 337//167 839//167
f 337//167 336//167 839//167
f 840//168 838//168 841//168
f 838//168 839//168 841//168
f 336//169 340//169 839//169
f 340//169 841//169 839//169
f 340//170 341//170 841//170
f 341//170 840//170 841//170
f 324//122 323//122 342//122
f 323//122 326//122 342//122
f 342//122 326//122 322//122
f 322//122 321//122 342//122
f 321//122 330//122 342//122
f 342//122 330//122 329//122
f 329//122 328//122 342//122
f 328//122 327//122 342//122
f 342//122 327//122 842//122
f 843//86 844//86 845//86
f 844//86 846//86 845//86
f 844//171 847//171 846//171
f 847//171 848//171 846//171
f 849//122 850//122 851//122
f 851//122 852//122 849//122
f 852//122 853//122 849//122
f 849//122 853//122 854//122
f 855//122 856//122 857//122
f 856//122 858//122 857//122
f 857//122 858//122 859//122
f 851//171 860//171 852//171
f 860//171 861//171 852//171
f 849//172 854//172 862//172
f 854//172 863//172 862//172
f 862//173 863//173 864//173
f 863//173 865//173 864//173
f 866//174 867//174 868//174
f 865//174 863//174 869//174
f 869//174 870//174 865//174
f 870//174 871//174 865//174
f 865//174 871//174 868//174
f 871//174 872//174 868//174
f 868//174 872//174 866//174
f 873//175 868//175 874//175
f 868//175 867//175 874//175
f 859//176 858//176 867//176
f 858//176 874//176 867//176
f 875//177 855//177 876//177
f 855//177 857//177 876//177
f 877//122 878//122 879//122
f 878//122 880//122 879//122
f 881//178 882//178 883//178
f 881//178 883//178 884//178
f 883//179 880//179 884//179
f 884//179 880//179 878//179
f 881//109 877//109 882//109
f 877//109 879//109 882//109
f 885//180 886//180 887//180
f 886//180 888//180 887//180
f 889//181 890//181 891//181
f 889//181 891//181 892//181
f 891//182 893//182 892//182
f 892//182 893//182 894//182
f 893//183 895//183 894//183
f 894//183 895//183 896//183
f 895//184 897//184 896//184
f 896//184 897//184 898//184
f 897//185 899//185 898//185
f 898//185 899//185 900//185
f 899//186 888//186 900//186
f 900//186 888//186 886//186
f 901//187 902//187 903//187
f 901//187 903//187 904//187
f 903//188 890//188 904//188
f 904//188 890//188 889//188
f 901//122 885//122 902//122
f 885//122 887//122 902//122
f 905//171 906//171 907//171
f 906//171 908//171 907//171
f 909//86 905//86 910//86
f 905//86 907//86 910//86
f 911//124 912//124 913//124
f 912//124 914//124 913//124
f 913//124 914//124 915//124
f 914//124 916//124 915//124
f 917//124 918//124 919//124
f 918//124 920//124 919//124
f 919//124 920//124 921//124
f 922//86 911//86 923//86
f 911//86 913//86 923//86
f 916//172 914//172 924//172
f 914//172 925//172 924//172
f 926//189 927//189 925//189
f 927//189 924//189 925//189
f 919//176 921//176 928//176
f 921//176 929//176 928//176
f 918//34 930//34 920//34
f 930//34 931//34 920//34
f 932//190 933//190 934//190
f 932//190 934//190 935//190
f 934//191 936//191 935//191
f 935//191 936//191 937//191
f 932//124 938//124 933//124
f 938//124 939//124 933//124
f 938//192 937//192 939//192
f 937//192 936//192 939//192
f 940//193 941//193 942//193
f 940//193 942//193 943//193
f 942//194 944//194 943//194
f 943//194 944//194 945//194
f 944//195 946//195 945//195
f 945//195 946//195 947//195
f 946//196 948//196 947//196
f 947//196 948//196 949//196
f 948//197 950//197 949//197
f 949//197 950//197 951//197
f 950//198 952//198 951//198
f 951//198 952//198 953//198
f 940//199 954//199 941//199
f 954//199 955//199 941//199
f 954//124 956//124 955//124
f 956//124 957//124 955//124
f 953//200 952//200 958//200
f 953//200 958//200 959//200
f 958//201 957//201 959//201
f 959//201 957//201 956//201
f 960//34 961//34 962//34
f 961//34 963//34 962//34
f 964//177 960//177 965//177
f 960//177 962//177 965//177
f 966//202 967//202 968//202
f 966//202 968//202 969//202
f 968//203 970//203 969//203
f 969//203 970//203 971//203
f 966//122 972//122 967//122
f 972//122 973//122 967//122
f 972//89 971//89 973//89
f 971//89 970//89 973//89
f 974//204 975//204 976//204
f 975//204 977//204 976//204
f 976//205 977//205 978//205
f 977//205 979//205 978//205
f 978//206 979//206 980//206
f 979//207 981//207 980//207
f 980//208 981//208 982//208
f 981//209 983//209 982//209
f 982//210 983//210 984//210
f 983//210 985//210 984//210
f 984//211 985//211 986//211
f 985//211 987//211 986//211
f 986//212 987//212 988//212
f 987//212 989//212 988//212
f 988//213 989//213 990//213
f 989//213 991//213 990//213
f 975//214 974//214 992//214
f 975//215 992//215 993//215
f 992//216 994//216 993//216
f 993//216 994//216 995//216
f 996//217 997//217 998//217
f 996//217 998//217 999//217
f 998//218 1000//218 999//218
f 999//219 1000//219 1001//219
f 995//220 994//220 1002//220
f 994//220 1003//220 1002//220
f 1002//221 1003//221 1004//221
f 1003//221 1005//221 1004//221
f 1004//222 1005//222 1006//222
f 1005//222 1007//222 1006//222
f 1006//223 1007//223 1008//223
f 1007//223 1009//223 1008//223
f 1008//224 1009//224 1010//224
f 1009//224 1011//224 1010//224
f 1010//225 1011//225 1012//225
f 1011//225 1013//225 1012//225
f 1013//226 1014//226 1012//226
f 1014//226 1015//226 1012//226
f 1016//227 1017//227 1018//227
f 1017//227 1019//227 1018//227
f 1020//228 1021//228 1022//228
f 1021//228 1023//228 1022//228
f 1022//229 1023//229 1024//229
f 1023//229 1025//229 1024//229
f 1024//230 1025//230 1026//230
f 1025//230 1027//230 1026//230
f 1026//231 1027//231 1028//231
f 1027//231 1029//231 1028//231
f 1028//232 1029//232 1030//232
f 1029//232 1031//232 1030//232
f 1030//233 1031//233 1014//233
f 1031//233 1015//233 1014//233
f 1021//234 1020//234 1032//234
f 1021//234 1032//234 1033//234
f 1032//235 1034//235 1033//235
f 1033//235 1034//235 1035//235
f 1036//236 1037//236 1038//236
f 1036//236 1038//236 1039//236
f 1038//237 1040//237 1039//237
f 1039//237 1040//237 1041//237
f 1040//238 1042//238 1041//238
f 1041//238 1042//238 1043//238
f 1043//239 1042//239 1044//239
f 1042//239 1045//239 1044//239
f 1044//240 1045//240 1046//240
f 1045//240 1047//240 1046//240
f 1046//241 1047//241 1048//241
f 1047//241 1049//241 1048//241
f 1048//242 1049//242 1050//242
f 1049//242 1051//242 1050//242
f 1050//243 1051//243 1052//243
f 1051//243 1053//243 1052//243
f 1052//244 1053//244 1054//244
f 1053//244 1055//244 1054//244
f 1056//245 1057//245 1058//245
f 1057//245 1059//245 1058//245
f 1055//246 1060//246 1054//246
f 1060//246 1061//246 1054//246
f 1062//247 1063//247 1064//247
f 1063//247 1065//247 1064//247
f 1064//248 1065//248 1066//248
f 1065//248 1067//248 1066//248
f 1066//249 1067//249 1068//249
f 1067//249 1069//249 1068//249
f 1068//250 1069//250 1070//250
f 1069//250 1071//250 1070//250
f 1070//251 1071//251 1072//251
f 1071//251 1073//251 1072//251
f 1072//252 1073//252 1057//252
f 1073//252 1059//252 1057//252
f 1074//253 1075//253 1076//253
f 1074//253 1076//253 1077//253
f 1076//254 1078//254 1077//254
f 1077//254 1078//254 1079//254
f 1063//255 1062//255 1080//255
f 1063//255 1080//255 1081//255
f 1080//256 1082//256 1081//256
f 1081//257 1082//257 1083//257
f 1082//258 1084//258 1083//258
f 1083//258 1084//258 1085//258
f 1079//259 1078//259 1086//259
f 1078//259 1087//259 1086//259
f 1086//260 1087//260 1088//260
f 1087//260 1089//260 1088//260
f 1088//261 1089//261 1090//261
f 1089//261 1091//261 1090//261
f 1090//262 1091//262 1092//262
f 1091//262 1093//262 1092//262
f 1092//263 1093//263 1094//263
f 1093//263 1095//263 1094//263
f 1094//264 1095//264 1018//264
f 1095//264 1016//264 1018//264
f 1075//265 1074//265 1096//265
f 1074//265 1097//265 1096//265
f 1096//266 1097//266 1098//266
f 1097//266 1099//266 1098//266
f 1098//267 1099//267 1100//267
f 1099//267 1101//267 1100//267
f 1100//268 1101//268 1102//268
f 1101//268 1103//268 1102//268
f 1102//269 1103//269 1104//269
f 1103//269 1105//269 1104//269
f 1104//270 1105//270 1106//270
f 1105//270 1107//270 1106//270
f 1106//271 1107//271 1108//271
f 1107//271 1109//271 1108//271
f 1108//272 1109//272 1110//272
f 1109//272 1111//272 1110//272
f 1112//273 1113//273 1114//273
f 1113//273 1115//273 1114//273
f 1114//274 1115//274 1111//274
f 1115//274 1110//274 1111//274
f 1113//275 1112//275 1116//275
f 1112//275 1117//275 1116//275
f 1116//276 1117//276 1118//276
f 1117//276 1119//276 1118//276
f 1118//277 1119//277 1120//277
f 1119//277 1121//277 1120//277
f 1120//278 1121//278 1122//278
f 1121//278 1123//278 1122//278
f 1122//279 1123//279 1124//279
f 1123//279 1125//279 1124//279
f 1124//280 1125//280 1126//280
f 1125//280 1127//280 1126//280
f 1126//281 1127//281 1128//281
f 1127//281 1129//281 1128//281
f 1128//282 1129//282 1000//282
f 1129//282 1001//282 1000//282
f 1085//283 1084//283 1130//283
f 1084//283 1131//283 1130//283
f 1132//284 1133//284 1134//284
f 1133//284 1135//284 1134//284
f 1134//285 1135//285 1136//285
f 1135//285 1137//285 1136//285
f 1136//286 1137//286 1138//286
f 1137//286 1139//286 1138//286
f 1138//287 1139//287 1140//287
f 1139//287 1141//287 1140//287
f 1140//288 1141//288 1142//288
f 1141//288 1143//288 1142//288
f 1142//289 1143//289 1131//289
f 1143//289 1130//289 1131//289
f 1144//290 1145//290 1132//290
f 1145//290 1133//290 1132//290
f 1145//122 1144//122 1146//122
f 1144//122 1147//122 1146//122
f 1148//291 1149//291 1150//291
f 1149//292 1151//292 1150//292
f 1150//293 1151//293 1152//293
f 1151//293 1153//293 1152//293
f 1152//294 1153//294 1154//294
f 1153//294 1155//294 1154//294
f 1154//295 1155//295 1156//295
f 1155//295 1157//295 1156//295
f 1156//296 1157//296 1158//296
f 1157//296 1159//296 1158//296
f 1158//297 1159//297 1058//297
f 1159//297 1056//297 1058//297
f 1160//298 1161//298 1162//298
f 1160//298 1162//298 1163//298
f 1162//299 1164//299 1163//299
f 1163//299 1164//299 1165//299
f 1164//300 1149//300 1165//300
f 1165//300 1149//300 1148//300
f 1166//301 1167//301 1168//301
f 1166//301 1168//301 1169//301
f 1168//302 1170//302 1169//302
f 1169//302 1170//302 1171//302
f 1170//303 1172//303 1171//303
f 1171//303 1172//303 1173//303
f 1167//304 1166//304 1174//304
f 1166//304 1175//304 1174//304
f 1174//305 1175//305 1176//305
f 1175//305 1177//305 1176//305
f 1176//306 1177//306 1178//306
f 1177//306 1179//306 1178//306
f 1178//307 1179//307 1180//307
f 1179//307 1181//307 1180//307
f 1180//308 1181//308 1182//308
f 1181//308 1183//308 1182//308
f 1182//309 1183//309 1060//309
f 1183//309 1061//309 1060//309
f 1173//122 1172//122 1184//122
f 1172//122 1185//122 1184//122
f 1037//283 1036//283 1186//283
f 1036//283 1187//283 1186//283
f 1186//310 1187//310 1188//310
f 1187//310 1189//310 1188//310
f 1188//311 1189//311 1190//311
f 1189//311 1191//311 1190//311
f 1190//312 1191//312 1192//312
f 1191//312 1193//312 1192//312
f 1192//313 1193//313 1194//313
f 1193//313 1195//313 1194//313
f 1194//314 1195//314 1196//314
f 1195//314 1197//314 1196//314
f 1196//315 1197//315 1198//315
f 1197//315 1199//315 1198//315
f 1200//316 1201//316 1199//316
f 1201//316 1198//316 1199//316
f 1201//124 1200//124 1202//124
f 1200//124 1203//124 1202//124
f 997//317 996//317 1204//317
f 996//318 1205//318 1204//318
f 1204//319 1205//319 1206//319
f 1205//319 1207//319 1206//319
f 1206//320 1207//320 1208//320
f 1207//320 1209//320 1208//320
f 1208//321 1209//321 1210//321
f 1209//321 1211//321 1210//321
f 1210//322 1211//322 1212//322
f 1211//322 1213//322 1212//322
f 1212//323 1213//323 1017//323
f 1213//323 1019//323 1017//323
f 1214//324 1215//324 1216//324
f 1215//324 1217//324 1216//324
f 1216//325 1217//325 1218//325
f 1217//325 1219//325 1218//325
f 1218//326 1219//326 1220//326
f 1219//326 1221//326 1220//326
f 1220//327 1221//327 1222//327
f 1221//327 1223//327 1222//327
f 1222//328 1223//328 1224//328
f 1223//328 1225//328 1224//328
f 1224//329 1225//329 1226//329
f 1225//329 1227//329 1226//329
f 1226//330 1227//330 1228//330
f 1227//331 1229//331 1228//331
f 1228//332 1229//332 1230//332
f 1229//332 1231//332 1230//332
f 1230//333 1231//333 1232//333
f 1231//333 1233//333 1232//333
f 1232//334 1233//334 1234//334
f 1233//334 1235//334 1234//334
f 1234//335 1235//335 1236//335
f 1235//335 1237//335 1236//335
f 1236//336 1237//336 1238//336
f 1237//336 1239//336 1238//336
f 1238//337 1239//337 1240//337
f 1239//337 1241//337 1240//337
f 1240//338 1241//338 1242//338
f 1241//338 1243//338 1242//338
f 1242//339 1243//339 1244//339
f 1243//339 1245//339 1244//339
f 1244//340 1245//340 1246//340
f 1245//340 1247//340 1246//340
f 1246//341 1247//341 1248//341
f 1247//341 1249//341 1248//341
f 1248//342 1249//342 1250//342
f 1249//343 1251//343 1250//343
f 1250//344 1251//344 1252//344
f 1251//344 1253//344 1252//344
f 1252//345 1253//345 1254//345
f 1253//345 1255//345 1254//345
f 1254//346 1255//346 1256//346
f 1255//346 1257//346 1256//346
f 1256//347 1257//347 1258//347
f 1257//347 1259//347 1258//347
f 1258//348 1259//348 1260//348
f 1259//348 1261//348 1260//348
f 1260//349 1261//349 1214//349
f 1261//349 1215//349 1214//349
f 1262//337 1263//337 1264//337
f 1263//337 1265//337 1264//337
f 1264//338 1265//338 1266//338
f 1265//338 1267//338 1266//338
f 1266//339 1267//339 1268//339
f 1267//339 1269//339 1268//339
f 1268//340 1269//340 1270//340
f 1269//340 1271//340 1270//340
f 1270//341 1271//341 1272//341
f 1271//341 1273//341 1272//341
f 1272//343 1273//343 1274//343
f 1273//342 1275//342 1274//342
f 1274//344 1275//344 1276//344
f 1275//344 1277//344 1276//344
f 1276//345 1277//345 1278//345
f 1277//345 1279//345 1278//345
f 1278//346 1279//346 1280//346
f 1279//346 1281//346 1280//346
f 1280//347 1281//347 1282//347
f 1281//347 1283//347 1282//347
f 1282//348 1283//348 1284//348
f 1283//348 1285//348 1284//348
f 1284//349 1285//349 1286//349
f 1285//349 1287//349 1286//349
f 1286//324 1287//324 1288//324
f 1287//324 1289//324 1288//324
f 1288//325 1289//325 1290//325
f 1289//325 1291//325 1290//325
f 1290//326 1291//326 1292//326
f 1291//326 1293//326 1292//326
f 1292//327 1293//327 1294//327
f 1293//327 1295//327 1294//327
f 1294//328 1295//328 1296//328
f 1295//328 1297//328 1296//328
f 1296//329 1297//329 1298//329
f 1297//329 1299//329 1298//329
f 1298//330 1299//330 1300//330
f 1299//331 1301//331 1300//331
f 1300//332 1301//332 1302//332
f 1301//332 1303//332 1302//332
f 1302//333 1303//333 1304//333
f 1303//333 1305//333 1304//333
f 1304//334 1305//334 1306//334
f 1305//334 1307//334 1306//334
f 1306//335 1307//335 1308//335
f 1307//335 1309//335 1308//335
f 1308//336 1309//336 1262//336
f 1309//336 1263//336 1262//336
f 1310//350 1311//350 1312//350
f 1311//351 1313//351 1312//351
f 1312//352 1313//352 1314//352
f 1313//352 1315//352 1314//352
f 1314//353 1315//353 1316//353
f 1315//353 1317//353 1316//353
f 1316//354 1317//354 1318//354
f 1317//354 1319//354 1318//354
f 1318//355 1319//355 1320//355
f 1319//355 1321//355 1320//355
f 1320//356 1321//356 1322//356
f 1321//356 1323//356 1322//356
f 1322//357 1323//357 1324//357
f 1323//357 1325//357 1324//357
f 1324//358 1325//358 1326//358
f 1325//358 1327//358 1326//358
f 1326//359 1327//359 1328//359
f 1327//359 1329//359 1328//359
f 1328//360 1329//360 1330//360
f 1329//360 1331//360 1330//360
f 1330//361 1331//361 1332//361
f 1331//361 1333//361 1332//361
f 1332//362 1333//362 1334//362
f 1333//362 1335//362 1334//362
f 1334//363 1335//363 1336//363
f 1335//364 1337//364 1336//364
f 1337//365 1338//365 1336//365
f 1336//366 1338//366 1339//366
f 1338//367 1340//367 1339//367
f 1339//368 1340//368 1341//368
f 1340//368 1342//368 1341//368
f 1341//369 1342//369 1343//369
f 1342//369 1344//369 1343//369
f 1343//370 1344//370 1345//370
f 1344//370 1346//370 1345//370
f 1345//371 1346//371 1347//371
f 1346//371 1348//371 1347//371
f 1347//372 1348//372 1349//372
f 1348//372 1350//372 1349//372
f 1349//373 1350//373 1351//373
f 1350//373 1352//373 1351//373
f 1351//374 1352//374 1353//374
f 1352//374 1354//374 1353//374
f 1353//375 1354//375 1355//375
f 1354//375 1356//375 1355//375
f 1355//376 1356//376 1357//376
f 1356//376 1358//376 1357//376
f 1357//377 1358//377 1310//377
f 1358//377 1359//377 1310//377
f 1310//378 1359//378 1311//378
f 1360//122 1361//122 1362//122
f 1361//122 1363//122 1362//122
f 1364//379 1365//379 1366//379
f 1365//380 1367//380 1366//380
f 1366//381 1367//381 1368//381
f 1367//381 1369//381 1368//381
f 1368//382 1369//382 1370//382
f 1369//382 1371//382 1370//382
f 1370//383 1371//383 1372//383
f 1371//383 1373//383 1372//383
f 1372//384 1373//384 1374//384
f 1373//384 1375//384 1374//384
f 1374//385 1375//385 1376//385
f 1375//385 1377//385 1376//385
f 1376//386 1377//386 1378//386
f 1377//386 1379//386 1378//386
f 1378//387 1379//387 1380//387
f 1379//387 1381//387 1380//387
f 1380//388 1381//388 1382//388
f 1381//388 1383//388 1382//388
f 1382//389 1383//389 1384//389
f 1383//389 1385//389 1384//389
f 1384//390 1385//390 1386//390
f 1385//390 1387//390 1386//390
f 1386//391 1387//391 1360//391
f 1387//391 1361//391 1360//391
f 1365//124 1364//124 1388//124
f 1364//124 1389//124 1388//124
f 1390//87 1391//87 1392//87
f 1391//87 1393//87 1392//87
f 1392//87 1393//87 1394//87
f 1392//87 1395//87 1396//87
f 1395//87 1397//87 1396//87
f 1396//87 1397//87 1398//87
f 1398//87 1399//87 1396//87
f 1399//87 1400//87 1396//87
f 1396//87 1400//87 1401//87
f 1401//87 1402//87 1396//87
f 1402//87 1403//87 1396//87
f 1396//87 1403//87 1404//87
f 1394//87 1405//87 1392//87
f 1405//87 1406//87 1392//87
f 1392//87 1406//87 1395//87
f 1402//87 1407//87 1403//87
f 1407//87 1408//87 1403//87
f 1403//87 1408//87 1409//87
f 1409//87 1410//87 1403//87
f 1410//87 1411//87 1403//87
f 1403//87 1411//87 1412//87
f 1413//87 1414//87 1415//87
f 1416//87 1417//87 1392//87
f 1417//87 1418//87 1392//87
f 1392//87 1418//87 1390//87
f 1415//87 1419//87 1413//87
f 1419//87 1420//87 1413//87
f 1413//87 1420//87 1404//87
f 1420//87 1421//87 1404//87
f 1404//87 1421//87 1396//87
f 1422//87 1423//87 1392//87
f 1423//87 1424//87 1392//87
f 1392//87 1424//87 1416//87
f 1425//87 1426//87 1427//87
f 1427//87 1426//87 1428//87
f 1429//87 1430//87 1431//87
f 1432//87 1428//87 1433//87
f 1431//87 1434//87 1429//87
f 1434//87 1435//87 1429//87
f 1429//87 1435//87 1436//87
f 1436//87 1437//87 1429//87
f 1437//87 1438//87 1429//87
f 1429//87 1438//87 1439//87
f 1426//87 1440//87 1430//87
f 1440//87 1441//87 1430//87
f 1430//87 1441//87 1442//87
f 1442//87 1443//87 1430//87
f 1443//87 1444//87 1430//87
f 1430//87 1444//87 1431//87
f 1426//87 1430//87 1428//87
f 1430//87 1445//87 1428//87
f 1428//87 1445//87 1433//87
f 1446//87 1427//87 1447//87
f 1427//87 1448//87 1447//87
f 1446//87 1449//87 1427//87
f 1449//87 1450//87 1427//87
f 1427//87 1450//87 1425//87
f 1439//87 1451//87 1429//87
f 1451//87 1452//87 1429//87
f 1429//87 1452//87 1453//87
f 1453//87 1454//87 1429//87
f 1454//87 1455//87 1429//87
f 1429//87 1455//87 1456//87
f 1432//87 1433//87 1457//87
f 1433//87 1458//87 1457//87
f 1457//87 1458//87 1459//87
f 1460//87 1461//87 1462//87
f 1461//87 1463//87 1462//87
f 1460//87 1462//87 1464//87
f 1462//87 1465//87 1464//87
f 1464//87 1465//87 1466//87
f 1463//87 1467//87 1462//87
f 1467//87 1468//87 1462//87
f 1462//87 1468//87 1469//87
f 1468//87 1470//87 1469//87
f 1466//87 1471//87 1464//87
f 1471//87 1472//87 1464//87
f 1464//87 1472//87 1473//87
f 1466//87 1474//87 1471//87
f 1474//87 1475//87 1471//87
f 1471//87 1475//87 1476//87
f 1463//87 1477//87 1467//87
f 1477//87 1478//87 1467//87
f 1467//87 1478//87 1479//87
f 1479//87 1480//87 1467//87
f 1480//87 1481//87 1467//87
f 1467//87 1481//87 1482//87
f 1476//87 1483//87 1471//87
f 1483//87 1484//87 1471//87
f 1471//87 1484//87 1485//87
f 1468//87 1486//87 1470//87
f 1486//87 1487//87 1470//87
f 1470//87 1487//87 1488//87
f 1487//87 1489//87 1488//87
f 1490//247 1469//247 1491//247
f 1469//247 1470//247 1491//247
f 1491//248 1470//248 1492//248
f 1470//248 1488//248 1492//248
f 1492//249 1488//249 1493//249
f 1488//249 1489//249 1493//249
f 1493//250 1489//250 1494//250
f 1489//250 1487//250 1494//250
f 1494//251 1487//251 1495//251
f 1487//251 1486//251 1495//251
f 1495//252 1486//252 1496//252
f 1486//252 1468//252 1496//252
f 1429//253 1497//253 1498//253
f 1429//253 1498//253 1430//253
f 1498//254 1499//254 1430//254
f 1430//254 1499//254 1445//254
f 1469//255 1490//255 1500//255
f 1469//255 1500//255 1462//255
f 1500//257 1501//257 1462//257
f 1462//256 1501//256 1465//256
f 1501//258 1502//258 1465//258
f 1465//258 1502//258 1466//258
f 1445//259 1499//259 1433//259
f 1499//259 1503//259 1433//259
f 1433//260 1503//260 1458//260
f 1503//260 1504//260 1458//260
f 1458//261 1504//261 1459//261
f 1504//261 1505//261 1459//261
f 1459//262 1505//262 1457//262
f 1505//262 1506//262 1457//262
f 1457//263 1506//263 1432//263
f 1506//263 1507//263 1432//263
f 1432//264 1507//264 1428//264
f 1507//264 1508//264 1428//264
f 1497//265 1429//265 1509//265
f 1429//265 1456//265 1509//265
f 1509//266 1456//266 1510//266
f 1456//266 1455//266 1510//266
f 1510//267 1455//267 1511//267
f 1455//267 1454//267 1511//267
f 1511//268 1454//268 1512//268
f 1454//268 1453//268 1512//268
f 1512//269 1453//269 1513//269
f 1453//269 1452//269 1513//269
f 1513//270 1452//270 1514//270
f 1452//270 1451//270 1514//270
f 1514//271 1451//271 1515//271
f 1451//271 1439//271 1515//271
f 1515//272 1439//272 1516//272
f 1439//272 1438//272 1516//272
f 1436//273 1517//273 1437//273
f 1517//273 1518//273 1437//273
f 1437//274 1518//274 1438//274
f 1518//274 1516//274 1438//274
f 1517//275 1436//275 1519//275
f 1436//275 1435//275 1519//275
f 1519//276 1435//276 1520//276
f 1435//276 1434//276 1520//276
f 1520//277 1434//277 1521//277
f 1434//277 1431//277 1521//277
f 1521//278 1431//278 1522//278
f 1431//278 1444//278 1522//278
f 1522//279 1444//279 1523//279
f 1444//279 1443//279 1523//279
f 1523//280 1443//280 1524//280
f 1443//280 1442//280 1524//280
f 1524//281 1442//281 1525//281
f 1442//281 1441//281 1525//281
f 1525//282 1441//282 1526//282
f 1441//282 1440//282 1526//282
f 1466//283 1502//283 1474//283
f 1502//283 1527//283 1474//283
f 1528//284 1471//284 1529//284
f 1471//284 1485//284 1529//284
f 1529//285 1485//285 1530//285
f 1485//285 1484//285 1530//285
f 1530//286 1484//286 1531//286
f 1484//286 1483//286 1531//286
f 1531//287 1483//287 1532//287
f 1483//287 1476//287 1532//287
f 1532//288 1476//288 1533//288
f 1476//288 1475//288 1533//288
f 1533//289 1475//289 1527//289
f 1475//289 1474//289 1527//289
f 1534//290 1472//290 1528//290
f 1472//290 1471//290 1528//290
f 1535//124 1536//124 1537//124
f 1536//124 1538//124 1537//124
f 1539//317 1425//317 1540//317
f 1425//318 1450//318 1540//318
f 1540//319 1450//319 1541//319
f 1450//319 1449//319 1541//319
f 1541//320 1449//320 1542//320
f 1449//320 1446//320 1542//320
f 1542//321 1446//321 1543//321
f 1446//321 1447//321 1543//321
f 1543//322 1447//322 1544//322
f 1447//322 1448//322 1544//322
f 1544//323 1448//323 1545//323
f 1448//323 1427//323 1545//323
f 1536//316 1535//316 1546//316
f 1535//316 1547//316 1546//316
f 1548//310 1549//310 1550//310
f 1549//310 1551//310 1550//310
f 1550//311 1551//311 1552//311
f 1551//311 1553//311 1552//311
f 1552//312 1553//312 1554//312
f 1553//312 1555//312 1554//312
f 1554//313 1555//313 1556//313
f 1555//313 1557//313 1556//313
f 1556//314 1557//314 1558//314
f 1557//314 1559//314 1558//314
f 1558//315 1559//315 1547//315
f 1559//315 1546//315 1547//315
f 1560//283 1561//283 1548//283
f 1561//283 1549//283 1548//283
f 1472//122 1534//122 1473//122
f 1534//122 1562//122 1473//122
f 1563//124 1460//124 1564//124
f 1460//124 1464//124 1564//124
f 1477//291 1565//291 1478//291
f 1565//292 1566//292 1478//292
f 1478//293 1566//293 1479//293
f 1566//293 1567//293 1479//293
f 1479//294 1567//294 1480//294
f 1567//294 1568//294 1480//294
f 1480//295 1568//295 1481//295
f 1568//295 1569//295 1481//295
f 1481//296 1569//296 1482//296
f 1569//296 1570//296 1482//296
f 1482//297 1570//297 1467//297
f 1570//297 1571//297 1467//297
f 1460//298 1563//298 1572//298
f 1460//298 1572//298 1461//298
f 1572//299 1573//299 1461//299
f 1461//299 1573//299 1463//299
f 1573//300 1565//300 1463//300
f 1463//300 1565//300 1477//300
f 1574//301 1575//301 1576//301
f 1574//301 1576//301 1577//301
f 1576//302 1578//302 1577//302
f 1577//302 1578//302 1579//302
f 1578//303 1580//303 1579//303
f 1579//303 1580//303 1581//303
f 1575//304 1574//304 1582//304
f 1574//304 1583//304 1582//304
f 1582//305 1583//305 1584//305
f 1583//305 1585//305 1584//305
f 1584//306 1585//306 1586//306
f 1585//306 1587//306 1586//306
f 1586//307 1587//307 1588//307
f 1587//307 1589//307 1588//307
f 1588//308 1589//308 1590//308
f 1589//308 1591//308 1590//308
f 1590//309 1591//309 1592//309
f 1591//309 1593//309 1592//309
f 1571//245 1496//245 1467//245
f 1496//245 1468//245 1467//245
f 1594//246 1592//246 1595//246
f 1592//246 1593//246 1595//246
f 1596//239 1597//239 1598//239
f 1597//239 1599//239 1598//239
f 1598//240 1599//240 1600//240
f 1599//240 1601//240 1600//240
f 1600//241 1601//241 1602//241
f 1601//241 1603//241 1602//241
f 1602//242 1603//242 1604//242
f 1603//242 1605//242 1604//242
f 1604//243 1605//243 1606//243
f 1605//243 1607//243 1606//243
f 1606//244 1607//244 1595//244
f 1607//244 1594//244 1595//244
f 1421//234 1608//234 1609//234
f 1421//234 1609//234 1396//234
f 1609//235 1610//235 1396//235
f 1396//235 1610//235 1392//235
f 1561//236 1560//236 1611//236
f 1561//236 1611//236 1612//236
f 1611//237 1613//237 1612//237
f 1612//237 1613//237 1614//237
f 1613//238 1597//238 1614//238
f 1614//238 1597//238 1596//238
f 1608//228 1421//228 1615//228
f 1421//228 1420//228 1615//228
f 1615//229 1420//229 1616//229
f 1420//229 1419//229 1616//229
f 1616//230 1419//230 1617//230
f 1419//230 1415//230 1617//230
f 1617//231 1415//231 1618//231
f 1415//231 1414//231 1618//231
f 1618//232 1414//232 1619//232
f 1414//232 1413//232 1619//232
f 1619//233 1413//233 1620//233
f 1413//233 1404//233 1620//233
f 1508//227 1545//227 1428//227
f 1545//227 1427//227 1428//227
f 1621//226 1620//226 1403//226
f 1620//226 1404//226 1403//226
f 1407//220 1622//220 1408//220
f 1622//220 1623//220 1408//220
f 1408//221 1623//221 1409//221
f 1623//221 1624//221 1409//221
f 1409//222 1624//222 1410//222
f 1624//222 1625//222 1410//222
f 1410//223 1625//223 1411//223
f 1625//223 1626//223 1411//223
f 1411//224 1626//224 1412//224
f 1626//224 1627//224 1412//224
f 1412//225 1627//225 1403//225
f 1627//225 1621//225 1403//225
f 1425//217 1539//217 1628//217
f 1425//217 1628//217 1426//217
f 1628//218 1526//218 1426//218
f 1426//219 1526//219 1440//219
f 1401//214 1629//214 1630//214
f 1401//215 1630//215 1402//215
f 1630//216 1622//216 1402//216
f 1402//216 1622//216 1407//216
f 1629//204 1401//204 1631//204
f 1401//204 1400//204 1631//204
f 1631//205 1400//205 1632//205
f 1400//205 1399//205 1632//205
f 1632//206 1399//206 1633//206
f 1399//207 1398//207 1633//207
f 1633//208 1398//208 1634//208
f 1398//209 1397//209 1634//209
f 1634//210 1397//210 1635//210
f 1397//210 1395//210 1635//210
f 1635//211 1395//211 1636//211
f 1395//211 1406//211 1636//211
f 1636//212 1406//212 1637//212
f 1406//212 1405//212 1637//212
f 1637//213 1405//213 1638//213
f 1405//213 1394//213 1638//213
f 1391//392 1639//392 1393//392
f 1639//392 1640//392 1393//392
f 1393//393 1640//393 1394//393
f 1640//393 1638//393 1394//393
f 1639//394 1391//394 1641//394
f 1391//394 1390//394 1641//394
f 1641//395 1390//395 1642//395
f 1390//395 1418//395 1642//395
f 1642//396 1418//396 1643//396
f 1418//396 1417//396 1643//396
f 1643//397 1417//397 1644//397
f 1417//397 1416//397 1644//397
f 1644//398 1416//398 1645//398
f 1416//399 1424//399 1645//399
f 1645//400 1424//400 1646//400
f 1424//400 1423//400 1646//400
f 1646//401 1423//401 1647//401
f 1423//401 1422//401 1647//401
f 1647//402 1422//402 1610//402
f 1422//402 1392//402 1610//402
f 1549//87 1561//87 1546//87
f 1648//87 1538//87 1536//87
f 1577//87 1579//87 1614//87
f 1579//87 1581//87 1614//87
f 1614//87 1581//87 1612//87
f 1581//87 1648//87 1612//87
f 1612//87 1648//87 1561//87
f 1648//87 1536//87 1561//87
f 1561//87 1536//87 1546//87
f 1583//87 1574//87 1593//87
f 1574//87 1577//87 1593//87
f 1593//87 1577//87 1595//87
f 1577//87 1614//87 1595//87
f 1555//87 1546//87 1557//87
f 1546//87 1559//87 1557//87
f 1555//87 1553//87 1546//87
f 1553//87 1551//87 1546//87
f 1546//87 1551//87 1549//87
f 1602//87 1604//87 1606//87
f 1593//87 1591//87 1589//87
f 1589//87 1587//87 1593//87
f 1587//87 1585//87 1593//87
f 1593//87 1585//87 1583//87
f 1614//87 1596//87 1595//87
f 1596//87 1598//87 1595//87
f 1595//87 1598//87 1606//87
f 1598//87 1600//87 1606//87
f 1606//87 1600//87 1602//87
f 1649//392 1650//392 1651//392
f 1650//392 1652//392 1651//392
f 1651//393 1652//393 991//393
f 1652//393 990//393 991//393
f 1650//394 1649//394 1653//394
f 1649//394 1654//394 1653//394
f 1653//395 1654//395 1655//395
f 1654//395 1656//395 1655//395
f 1655//396 1656//396 1657//396
f 1656//396 1658//396 1657//396
f 1657//397 1658//397 1659//397
f 1658//397 1660//397 1659//397
f 1659//398 1660//398 1661//398
f 1660//399 1662//399 1661//399
f 1661//400 1662//400 1663//400
f 1662//400 1664//400 1663//400
f 1663//401 1664//401 1665//401
f 1664//401 1666//401 1665//401
f 1665//402 1666//402 1034//402
f 1666//402 1035//402 1034//402
f 1172//52 1170//52 1040//52
f 1170//52 1168//52 1040//52
f 1172//52 1040//52 1185//52
f 1040//52 1038//52 1185//52
f 1185//52 1038//52 1037//52
f 1168//52 1060//52 1040//52
f 1060//52 1055//52 1040//52
f 1040//52 1055//52 1042//52
f 1055//52 1045//52 1042//52
f 1037//52 1198//52 1185//52
f 1198//52 1201//52 1185//52
f 1185//52 1201//52 1202//52
f 1037//52 1186//52 1198//52
f 1186//52 1188//52 1198//52
f 1198//52 1188//52 1190//52
f 1168//52 1167//52 1060//52
f 1167//52 1174//52 1060//52
f 1060//52 1174//52 1176//52
f 1176//52 1178//52 1060//52
f 1178//52 1180//52 1060//52
f 1060//52 1180//52 1182//52
f 1190//52 1192//52 1198//52
f 1192//52 1194//52 1198//52
f 1198//52 1194//52 1196//52
f 1055//52 1053//52 1045//52
f 1053//52 1051//52 1045//52
f 1045//52 1051//52 1047//52
f 1051//52 1049//52 1047//52
f 1131//52 1084//52 1132//52
f 1149//52 1164//52 1056//52
f 1056//52 1164//52 1057//52
f 1667//52 1147//52 1144//52
f 1131//52 1132//52 1142//52
f 1164//52 1162//52 1080//52
f 1162//52 1161//52 1080//52
f 1080//52 1161//52 1082//52
f 1161//52 1667//52 1082//52
f 1082//52 1667//52 1084//52
f 1667//52 1144//52 1084//52
f 1084//52 1144//52 1132//52
f 1132//52 1134//52 1136//52
f 1164//52 1080//52 1057//52
f 1080//52 1062//52 1057//52
f 1057//52 1062//52 1064//52
f 1136//52 1138//52 1132//52
f 1138//52 1140//52 1132//52
f 1132//52 1140//52 1142//52
f 1155//52 1056//52 1157//52
f 1056//52 1159//52 1157//52
f 1155//52 1153//52 1056//52
f 1153//52 1151//52 1056//52
f 1056//52 1151//52 1149//52
f 1064//52 1066//52 1068//52
f 1068//52 1070//52 1064//52
f 1070//52 1072//52 1064//52
f 1064//52 1072//52 1057//52
f 1120//52 1076//52 1075//52
f 1075//52 1115//52 1113//52
f 1120//52 1122//52 1076//52
f 1122//52 1124//52 1076//52
f 1076//52 1124//52 1126//52
f 998//52 1017//52 1076//52
f 1017//52 1016//52 1076//52
f 1076//52 1016//52 1078//52
f 1016//52 1087//52 1078//52
f 1113//52 1116//52 1075//52
f 1116//52 1118//52 1075//52
f 1075//52 1118//52 1120//52
f 1126//52 1128//52 1076//52
f 1128//52 1000//52 1076//52
f 1076//52 1000//52 998//52
f 998//52 997//52 1017//52
f 997//52 1204//52 1017//52
f 1017//52 1204//52 1206//52
f 1206//52 1208//52 1017//52
f 1208//52 1210//52 1017//52
f 1017//52 1210//52 1212//52
f 1016//52 1095//52 1087//52
f 1095//52 1093//52 1087//52
f 1087//52 1093//52 1089//52
f 1093//52 1091//52 1089//52
f 1115//52 1075//52 1110//52
f 1075//52 1096//52 1110//52
f 1110//52 1096//52 1108//52
f 1096//52 1098//52 1108//52
f 1108//52 1098//52 1100//52
f 1100//52 1102//52 1108//52
f 1102//52 1104//52 1108//52
f 1108//52 1104//52 1106//52
f 1034//52 1032//52 984//52
f 1030//52 1014//52 1022//52
f 1003//52 994//52 1013//52
f 994//52 992//52 1013//52
f 1013//52 992//52 1014//52
f 984//52 986//52 1034//52
f 986//52 988//52 1034//52
f 1034//52 988//52 990//52
f 992//52 974//52 1032//52
f 974//52 976//52 1032//52
f 1032//52 976//52 978//52
f 978//52 980//52 1032//52
f 980//52 982//52 1032//52
f 1032//52 982//52 984//52
f 990//52 1652//52 1034//52
f 1652//52 1650//52 1034//52
f 1034//52 1650//52 1665//52
f 1650//52 1653//52 1665//52
f 1665//52 1653//52 1663//52
f 992//52 1032//52 1014//52
f 1032//52 1020//52 1014//52
f 1014//52 1020//52 1022//52
f 1013//52 1011//52 1009//52
f 1009//52 1007//52 1013//52
f 1007//52 1005//52 1013//52
f 1013//52 1005//52 1003//52
f 1030//52 1022//52 1028//52
f 1022//52 1024//52 1028//52
f 1028//52 1024//52 1026//52
f 1653//52 1655//52 1663//52
f 1655//52 1657//52 1663//52
f 1663//52 1657//52 1661//52
f 1657//52 1659//52 1661//52
f 1668//122 1669//122 1670//122
f 1669//122 1671//122 1670//122
f 1672//379 1673//379 1674//379
f 1673//380 1675//380 1674//380
f 1674//381 1675//381 1676//381
f 1675//381 1677//381 1676//381
f 1676//382 1677//382 1678//382
f 1677//382 1679//382 1678//382
f 1678//383 1679//383 1680//383
f 1679//383 1681//383 1680//383
f 1680//384 1681//384 1682//384
f 1681//384 1683//384 1682//384
f 1682//385 1683//385 1684//385
f 1683//385 1685//385 1684//385
f 1684//386 1685//386 1686//386
f 1685//386 1687//386 1686//386
f 1686//387 1687//387 1688//387
f 1687//387 1689//387 1688//387
f 1688//388 1689//388 1690//388
f 1689//388 1691//388 1690//388
f 1690//389 1691//389 1692//389
f 1691//389 1693//389 1692//389
f 1692//390 1693//390 1694//390
f 1693//390 1695//390 1694//390
f 1694//391 1695//391 1668//391
f 1695//391 1669//391 1668//391
f 1673//124 1672//124 1696//124
f 1672//124 1697//124 1696//124
f 1698//403 1699//403 1700//403
f 1699//365 1701//365 1700//365
f 1700//364 1701//364 1702//364
f 1701//363 1703//363 1702//363
f 1702//362 1703//362 1704//362
f 1703//362 1705//362 1704//362
f 1704//361 1705//361 1706//361
f 1705//361 1707//361 1706//361
f 1706//360 1707//360 1708//360
f 1707//360 1709//360 1708//360
f 1708//359 1709//359 1710//359
f 1709//359 1711//359 1710//359
f 1710//358 1711//358 1712//358
f 1711//358 1713//358 1712//358
f 1712//357 1713//357 1714//357
f 1713//357 1715//357 1714//357
f 1714//356 1715//356 1716//356
f 1715//356 1717//356 1716//356
f 1716//355 1717//355 1718//355
f 1717//355 1719//355 1718//355
f 1718//354 1719//354 1720//354
f 1719//354 1721//354 1720//354
f 1720//353 1721//353 1722//353
f 1721//353 1723//353 1722//353
f 1722//352 1723//352 1724//352
f 1723//352 1725//352 1724//352
f 1725//351 1726//351 1724//351
f 1724//404 1726//404 1727//404
f 1726//378 1728//378 1727//378
f 1727//377 1728//377 1729//377
f 1728//377 1730//377 1729//377
f 1729//376 1730//376 1731//376
f 1730//376 1732//376 1731//376
f 1731//375 1732//375 1733//375
f 1732//375 1734//375 1733//375
f 1733//374 1734//374 1735//374
f 1734//374 1736//374 1735//374
f 1735//373 1736//373 1737//373
f 1736//373 1738//373 1737//373
f 1737//372 1738//372 1739//372
f 1738//372 1740//372 1739//372
f 1739//371 1740//371 1741//371
f 1740//371 1742//371 1741//371
f 1741//370 1742//370 1743//370
f 1742//370 1744//370 1743//370
f 1743//369 1744//369 1745//369
f 1744//369 1746//369 1745//369
f 1745//368 1746//368 1698//368
f 1746//368 1747//368 1698//368
f 1698//367 1747//367 1699//367
f 1748//337 1749//337 1750//337
f 1749//337 1751//337 1750//337
f 1750//338 1751//338 1752//338
f 1751//338 1753//338 1752//338
f 1752//339 1753//339 1754//339
f 1753//339 1755//339 1754//339
f 1754//340 1755//340 1756//340
f 1755//340 1757//340 1756//340
f 1756//341 1757//341 1758//341
f 1757//341 1759//341 1758//341
f 1758//343 1759//343 1760//343
f 1759//342 1761//342 1760//342
f 1760//344 1761//344 1762//344
f 1761//344 1763//344 1762//344
f 1762//345 1763//345 1764//345
f 1763//345 1765//345 1764//345
f 1764//346 1765//346 1766//346
f 1765//346 1767//346 1766//346
f 1766//347 1767//347 1768//347
f 1767//347 1769//347 1768//347
f 1768//348 1769//348 1770//348
f 1769//348 1771//348 1770//348
f 1770//349 1771//349 1772//349
f 1771//349 1773//349 1772//349
f 1772//324 1773//324 1774//324
f 1773//324 1775//324 1774//324
f 1774//325 1775//325 1776//325
f 1775//325 1777//325 1776//325
f 1776//326 1777//326 1778//326
f 1777//326 1779//326 1778//326
f 1778//327 1779//327 1780//327
f 1779//327 1781//327 1780//327
f 1780//328 1781//328 1782//328
f 1781//328 1783//328 1782//328
f 1782//329 1783//329 1784//329
f 1783//329 1785//329 1784//329
f 1784//330 1785//330 1786//330
f 1785//331 1787//331 1786//331
f 1786//332 1787//332 1788//332
f 1787//332 1789//332 1788//332
f 1788//333 1789//333 1790//333
f 1789//333 1791//333 1790//333
f 1790//334 1791//334 1792//334
f 1791//334 1793//334 1792//334
f 1792//335 1793//335 1794//335
f 1793//335 1795//335 1794//335
f 1794//336 1795//336 1748//336
f 1795//336 1749//336 1748//336
f 1796//324 1797//324 1798//324
f 1797//324 1799//324 1798//324
f 1798//325 1799//325 1800//325
f 1799//325 1801//325 1800//325
f 1800//326 1801//326 1802//326
f 1801//326 1803//326 1802//326
f 1802//327 1803//327 1804//327
f 1803//327 1805//327 1804//327
f 1804//328 1805//328 1806//328
f 1805//328 1807//328 1806//328
f 1806//329 1807//329 1808//329
f 1807//329 1809//329 1808//329
f 1808//330 1809//330 1810//330
f 1809//331 1811//331 1810//331
f 1810//332 1811//332 1812//332
f 1811//332 1813//332 1812//332
f 1812//333 1813//333 1814//333
f 1813//333 1815//333 1814//333
f 1814//334 1815//334 1816//334
f 1815//334 1817//334 1816//334
f 1816//335 1817//335 1818//335
f 1817//335 1819//335 1818//335
f 1818//336 1819//336 1820//336
f 1819//336 1821//336 1820//336
f 1820//337 1821//337 1822//337
f 1821//337 1823//337 1822//337
f 1822//338 1823//338 1824//338
f 1823//338 1825//338 1824//338
f 1824//339 1825//339 1826//339
f 1825//339 1827//339 1826//339
f 1826//340 1827//340 1828//340
f 1827//340 1829//340 1828//340
f 1828//341 1829//341 1830//341
f 1829//341 1831//341 1830//341
f 1830//342 1831//342 1832//342
f 1831//343 1833//343 1832//343
f 1832//344 1833//344 1834//344
f 1833//344 1835//344 1834//344
f 1834//345 1835//345 1836//345
f 1835//345 1837//345 1836//345
f 1836//346 1837//346 1838//346
f 1837//346 1839//346 1838//346
f 1838//347 1839//347 1840//347
f 1839//347 1841//347 1840//347
f 1840//348 1841//348 1842//348
f 1841//348 1843//348 1842//348
f 1842//349 1843//349 1796//349
f 1843//349 1797//349 1796//349
f 1844//405 1845//405 1846//405
f 1845//406 1847//406 1846//406
f 1848//407 1849//407 1850//407
f 1850//407 1851//407 1848//407
f 1851//407 1852//407 1848//407
f 1848//407 1852//407 1853//407
f 1846//407 1847//407 1854//407
f 1847//407 1853//407 1854//407
f 1854//407 1853//407 1855//407
f 1853//407 1852//407 1855//407
f 1850//408 1849//408 1856//408
f 1849//409 1857//409 1856//409
f 1858//246 1857//246 1859//246
f 1857//246 1849//246 1859//246
f 1860//410 4//410 1861//410
f 4//410 2//410 1861//410
f 1861//411 2//411 1862//411
f 2//411 1//411 1862//411
f 1862//412 1//412 1863//412
f 1//412 8//412 1863//412
f 1863//413 8//413 1864//413
f 8//413 7//413 1864//413
f 1864//414 7//414 1865//414
f 7//414 6//414 1865//414
f 1865//415 6//415 1866//415
f 6//415 11//415 1866//415
f 1866//416 11//416 1867//416
f 11//416 10//416 1867//416
f 1867//417 10//417 1868//417
f 10//417 9//417 1868//417
f 1868//418 9//418 1869//418
f 9//418 14//418 1869//418
f 1869//419 14//419 1870//419
f 14//419 13//419 1870//419
f 1870//420 13//420 1871//420
f 13//420 12//420 1871//420
f 1871//421 12//421 1872//421
f 12//421 17//421 1872//421
f 1872//422 17//422 1873//422
f 17//422 16//422 1873//422
f 1873//423 16//423 1874//423
f 16//423 15//423 1874//423
f 1874//424 15//424 1875//424
f 15//424 20//424 1875//424
f 1875//425 20//425 1876//425
f 20//425 19//425 1876//425
f 1876//426 19//426 1877//426
f 19//426 18//426 1877//426
f 1877//427 18//427 1878//427
f 18//427 23//427 1878//427
f 1878//428 23//428 1879//428
f 23//428 22//428 1879//428
f 1879//429 22//429 1880//429
f 22//429 21//429 1880//429
f 1880//430 21//430 1881//430
f 21//430 25//430 1881//430
f 1881//431 25//431 1882//431
f 25//431 24//431 1882//431
f 1882//432 24//432 1883//432
f 24//432 5//432 1883//432
f 1883//433 5//433 1860//433
f 5//433 4//433 1860//433
f 1884//410 29//410 1885//410
f 29//410 27//410 1885//410
f 1885//411 27//411 1886//411
f 27//411 26//411 1886//411
f 1886//412 26//412 1887//412
f 26//412 33//412 1887//412
f 1887//413 33//413 1888//413
f 33//413 32//413 1888//413
f 1888//414 32//414 1889//414
f 32//414 31//414 1889//414
f 1889//415 31//415 1890//415
f 31//415 36//415 1890//415
f 1890//416 36//416 1891//416
f 36//416 35//416 1891//416
f 1891//417 35//417 1892//417
f 35//417 34//417 1892//417
f 1892//418 34//418 1893//418
f 34//418 39//418 1893//418
f 1893//419 39//419 1894//419
f 39//419 38//419 1894//419
f 1894//420 38//420 1895//420
f 38//420 37//420 1895//420
f 1895//421 37//421 1896//421
f 37//421 42//421 1896//421
f 1896//422 42//422 1897//422
f 42//422 41//422 1897//422
f 1897//423 41//423 1898//423
f 41//423 40//423 1898//423
f 1898//424 40//424 1899//424
f 40//424 45//424 1899//424
f 1899//425 45//425 1900//425
f 45//425 44//425 1900//425
f 1900//426 44//426 1901//426
f 44//426 43//426 1901//426
f 1901//427 43//427 1902//427
f 43//427 48//427 1902//427
f 1902//428 48//428 1903//428
f 48//428 47//428 1903//428
f 1903//429 47//429 1904//429
f 47//429 46//429 1904//429
f 1904//430 46//430 1905//430
f 46//430 50//430 1905//430
f 1905//431 50//431 1906//431
f 50//431 49//431 1906//431
f 1906//432 49//432 1907//432
f 49//432 30//432 1907//432
f 1907//433 30//433 1884//433
f 30//433 29//433 1884//433
f 1908//410 54//410 1909//410
f 54//410 52//410 1909//410
f 1909//411 52//411 1910//411
f 52//411 51//411 1910//411
f 1910//412 51//412 1911//412
f 51//412 58//412 1911//412
f 1911//413 58//413 1912//413
f 58//413 57//413 1912//413
f 1912//414 57//414 1913//414
f 57//414 56//414 1913//414
f 1913//415 56//415 1914//415
f 56//415 61//415 1914//415
f 1914//416 61//416 1915//416
f 61//416 60//416 1915//416
f 1915//417 60//417 1916//417
f 60//417 59//417 1916//417
f 1916//418 59//418 1917//418
f 59//418 64//418 1917//418
f 1917//419 64//419 1918//419
f 64//419 63//419 1918//419
f 1918//420 63//420 1919//420
f 63//420 62//420 1919//420
f 1919//421 62//421 1920//421
f 62//421 67//421 1920//421
f 1920//422 67//422 1921//422
f 67//422 66//422 1921//422
f 1921//423 66//423 1922//423
f 66//423 65//423 1922//423
f 1922//424 65//424 1923//424
f 65//424 70//424 1923//424
f 1923//425 70//425 1924//425
f 70//425 69//425 1924//425
f 1924//426 69//426 1925//426
f 69//426 68//426 1925//426
f 1925//427 68//427 1926//427
f 68//427 73//427 1926//427
f 1926//428 73//428 1927//428
f 73//428 72//428 1927//428
f 1927//429 72//429 1928//429
f 72//429 71//429 1928//429
f 1928//430 71//430 1929//430
f 71//430 75//430 1929//430
f 1929//431 75//431 1930//431
f 75//431 74//431 1930//431
f 1930//432 74//432 1931//432
f 74//432 55//432 1931//432
f 1931//433 55//433 1908//433
f 55//433 54//433 1908//433
f 1932//410 79//410 1933//410
f 79//410 77//410 1933//410
f 1933//411 77//411 1934//411
f 77//411 76//411 1934//411
f 1934//412 76//412 1935//412
f 76//412 83//412 1935//412
f 1935//413 83//413 1936//413
f 83//413 82//413 1936//413
f 1936//414 82//414 1937//414
f 82//414 81//414 1937//414
f 1937//415 81//415 1938//415
f 81//415 86//415 1938//415
f 1938//416 86//416 1939//416
f 86//416 85//416 1939//416
f 1939//417 85//417 1940//417
f 85//417 84//417 1940//417
f 1940//418 84//418 1941//418
f 84//418 89//418 1941//418
f 1941//419 89//419 1942//419
f 89//419 88//419 1942//419
f 1942//420 88//420 1943//420
f 88//420 87//420 1943//420
f 1943//421 87//421 1944//421
f 87//421 92//421 1944//421
f 1944//422 92//422 1945//422
f 92//422 91//422 1945//422
f 1945//423 91//423 1946//423
f 91//423 90//423 1946//423
f 1946//424 90//424 1947//424
f 90//424 95//424 1947//424
f 1947//425 95//425 1948//425
f 95//425 94//425 1948//425
f 1948//426 94//426 1949//426
f 94//426 93//426 1949//426
f 1949//427 93//427 1950//427
f 93//427 98//427 1950//427
f 1950//428 98//428 1951//428
f 98//428 97//428 1951//428
f 1951//429 97//429 1952//429
f 97//429 96//429 1952//429
f 1952//430 96//430 1953//430
f 96//430 100//430 1953//430
f 1953//431 100//431 1954//431
f 100//431 99//431 1954//431
f 1954//432 99//432 1955//432
f 99//432 80//432 1955//432
f 1955//433 80//433 1932//433
f 80//433 79//433 1932//433
f 1956//410 104//410 1957//410
f 104//410 102//410 1957//410
f 1957//411 102//411 1958//411
f 102//411 101//411 1958//411
f 1958//412 101//412 1959//412
f 101//412 108//412 1959//412
f 1959//413 108//413 1960//413
f 108//413 107//413 1960//413
f 1960//414 107//414 1961//414
f 107//414 106//414 1961//414
f 1961//415 106//415 1962//415
f 106//415 111//415 1962//415
f 1962//416 111//416 1963//416
f 111//416 110//416 1963//416
f 1963//417 110//417 1964//417
f 110//417 109//417 1964//417
f 1964//418 109//418 1965//418
f 109//418 114//418 1965//418
f 1965//419 114//419 1966//419
f 114//419 113//419 1966//419
f 1966//420 113//420 1967//420
f 113//420 112//420 1967//420
f 1967//421 112//421 1968//421
f 112//421 117//421 1968//421
f 1968//422 117//422 1969//422
f 117//422 116//422 1969//422
f 1969//423 116//423 1970//423
f 116//423 115//423 1970//423
f 1970//424 115//424 1971//424
f 115//424 120//424 1971//424
f 1971//425 120//425 1972//425
f 120//425 119//425 1972//425
f 1972//426 119//426 1973//426
f 119//426 118//426 1973//426
f 1973//427 118//427 1974//427
f 118//427 123//427 1974//427
f 1974//428 123//428 1975//428
f 123//428 122//428 1975//428
f 1975//429 122//429 1976//429
f 122//429 121//429 1976//429
f 1976//430 121//430 1977//430
f 121//430 125//430 1977//430
f 1977//431 125//431 1978//431
f 125//431 124//431 1978//431
f 1978//432 124//432 1979//432
f 124//432 105//432 1979//432
f 1979//433 105//433 1956//433
f 105//433 104//433 1956//433
f 1980//410 129//410 1981//410
f 129//410 127//410 1981//410
f 1981//411 127//411 1982//411
f 127//411 126//411 1982//411
f 1982//412 126//412 1983//412
f 126//412 133//412 1983//412
f 1983//413 133//413 1984//413
f 133//413 132//413 1984//413
f 1984//414 132//414 1985//414
f 132//414 131//414 1985//414
f 1985//415 131//415 1986//415
f 131//415 136//415 1986//415
f 1986//416 136//416 1987//416
f 136//416 135//416 1987//416
f 1987//417 135//417 1988//417
f 135//417 134//417 1988//417
f 1988//418 134//418 1989//418
f 134//418 139//418 1989//418
f 1989//419 139//419 1990//419
f 139//419 138//419 1990//419
f 1990//420 138//420 1991//420
f 138//420 137//420 1991//420
f 1991//421 137//421 1992//421
f 137//421 142//421 1992//421
f 1992//422 142//422 1993//422
f 142//422 141//422 1993//422
f 1993//423 141//423 1994//423
f 141//423 140//423 1994//423
f 1994//424 140//424 1995//424
f 140//424 145//424 1995//424
f 1995//425 145//425 1996//425
f 145//425 144//425 1996//425
f 1996//426 144//426 1997//426
f 144//426 143//426 1997//426
f 1997//427 143//427 1998//427
f 143//427 148//427 1998//427
f 1998//428 148//428 1999//428
f 148//428 147//428 1999//428
f 1999//429 147//429 2000//429
f 147//429 146//429 2000//429
f 2000//430 146//430 2001//430
f 146//430 150//430 2001//430
f 2001//431 150//431 2002//431
f 150//431 149//431 2002//431
f 2002//432 149//432 2003//432
f 149//432 130//432 2003//432
f 2003//433 130//433 1980//433
f 130//433 129//433 1980//433
f 2004//410 2005//410 2006//410
f 2005//410 2007//410 2006//410
f 2006//411 2007//411 2008//411
f 2007//411 2009//411 2008//411
f 2008//412 2009//412 2010//412
f 2009//412 2011//412 2010//412
f 2010//434 2011//434 2012//434
f 2011//434 2013//434 2012//434
f 2012//435 2013//435 2014//435
f 2013//435 2015//435 2014//435
f 2014//415 2015//415 2016//415
f 2015//415 2017//415 2016//415
f 2016//416 2017//416 2018//416
f 2017//416 2019//416 2018//416
f 2018//436 2019//436 2020//436
f 2019//436 2021//436 2020//436
f 2020//437 2021//437 2022//437
f 2021//437 2023//437 2022//437
f 2022//419 2023//419 2024//419
f 2023//419 2025//419 2024//419
f 2024//420 2025//420 2026//420
f 2025//420 2027//420 2026//420
f 2026//421 2027//421 2028//421
f 2027//421 2029//421 2028//421
f 2028//422 2029//422 2030//422
f 2029//422 2031//422 2030//422
f 2030//423 2031//423 2032//423
f 2031//423 2033//423 2032//423
f 2032//424 2033//424 2034//424
f 2033//424 2035//424 2034//424
f 2034//438 2035//438 2036//438
f 2035//438 2037//438 2036//438
f 2036//439 2037//439 2038//439
f 2037//439 2039//439 2038//439
f 2038//427 2039//427 2040//427
f 2039//427 2041//427 2040//427
f 2040//428 2041//428 2042//428
f 2041//428 2043//428 2042//428
f 2042//440 2043//440 2044//440
f 2043//440 2045//440 2044//440
f 2044//441 2045//441 2046//441
f 2045//441 2047//441 2046//441
f 2046//431 2047//431 2048//431
f 2047//431 2049//431 2048//431
f 2048//432 2049//432 2050//432
f 2049//432 2051//432 2050//432
f 2050//433 2051//433 2004//433
f 2051//433 2005//433 2004//433
f 2052//410 2053//410 2054//410
f 2053//410 2055//410 2054//410
f 2054//411 2055//411 2056//411
f 2055//411 2057//411 2056//411
f 2056//412 2057//412 2058//412
f 2057//412 2059//412 2058//412
f 2058//434 2059//434 2060//434
f 2059//434 2061//434 2060//434
f 2060//435 2061//435 2062//435
f 2061//435 2063//435 2062//435
f 2062//415 2063//415 2064//415
f 2063//415 2065//415 2064//415
f 2064//416 2065//416 2066//416
f 2065//416 2067//416 2066//416
f 2066//436 2067//436 2068//436
f 2067//436 2069//436 2068//436
f 2068//437 2069//437 2070//437
f 2069//437 2071//437 2070//437
f 2070//419 2071//419 2072//419
f 2071//419 2073//419 2072//419
f 2072//420 2073//420 2074//420
f 2073//420 2075//420 2074//420
f 2074//421 2075//421 2076//421
f 2075//421 2077//421 2076//421
f 2076//422 2077//422 2078//422
f 2077//422 2079//422 2078//422
f 2078//423 2079//423 2080//423
f 2079//423 2081//423 2080//423
f 2080//424 2081//424 2082//424
f 2081//424 2083//424 2082//424
f 2082//438 2083//438 2084//438
f 2083//438 2085//438 2084//438
f 2084//439 2085//439 2086//439
f 2085//439 2087//439 2086//439
f 2086//427 2087//427 2088//427
f 2087//427 2089//427 2088//427
f 2088//428 2089//428 2090//428
f 2089//428 2091//428 2090//428
f 2090//440 2091//440 2092//440
f 2091//440 2093//440 2092//440
f 2092//441 2093//441 2094//441
f 2093//441 2095//441 2094//441
f 2094//431 2095//431 2096//431
f 2095//431 2097//431 2096//431
f 2096//432 2097//432 2098//432
f 2097//432 2099//432 2098//432
f 2098//433 2099//433 2052//433
f 2099//433 2053//433 2052//433
f 2100//410 2101//410 2102//410
f 2101//410 2103//410 2102//410
f 2102//411 2103//411 2104//411
f 2103//411 2105//411 2104//411
f 2104//412 2105//412 2106//412
f 2105//412 2107//412 2106//412
f 2106//434 2107//434 2108//434
f 2107//434 2109//434 2108//434
f 2108//435 2109//435 2110//435
f 2109//435 2111//435 2110//435
f 2110//415 2111//415 2112//415
f 2111//415 2113//415 2112//415
f 2112//416 2113//416 2114//416
f 2113//416 2115//416 2114//416
f 2114//436 2115//436 2116//436
f 2115//436 2117//436 2116//436
f 2116//437 2117//437 2118//437
f 2117//437 2119//437 2118//437
f 2118//419 2119//419 2120//419
f 2119//419 2121//419 2120//419
f 2120//420 2121//420 2122//420
f 2121//420 2123//420 2122//420
f 2122//421 2123//421 2124//421
f 2123//421 2125//421 2124//421
f 2124//422 2125//422 2126//422
f 2125//422 2127//422 2126//422
f 2126//423 2127//423 2128//423
f 2127//423 2129//423 2128//423
f 2128//424 2129//424 2130//424
f 2129//424 2131//424 2130//424
f 2130//438 2131//438 2132//438
f 2131//438 2133//438 2132//438
f 2132//439 2133//439 2134//439
f 2133//439 2135//439 2134//439
f 2134//427 2135//427 2136//427
f 2135//427 2137//427 2136//427
f 2136//428 2137//428 2138//428
f 2137//428 2139//428 2138//428
f 2138//440 2139//440 2140//440
f 2139//440 2141//440 2140//440
f 2140//441 2141//441 2142//441
f 2141//441 2143//441 2142//441
f 2142//431 2143//431 2144//431
f 2143//431 2145//431 2144//431
f 2144//432 2145//432 2146//432
f 2145//432 2147//432 2146//432
f 2146//433 2147//433 2100//433
f 2147//433 2101//433 2100//433
f 2148//410 2149//410 2150//410
f 2149//410 2151//410 2150//410
f 2150//411 2151//411 2152//411
f 2151//411 2153//411 2152//411
f 2152//412 2153//412 2154//412
f 2153//412 2155//412 2154//412
f 2154//434 2155//434 2156//434
f 2155//434 2157//434 2156//434
f 2156//435 2157//435 2158//435
f 2157//435 2159//435 2158//435
f 2158//415 2159//415 2160//415
f 2159//415 2161//415 2160//415
f 2160//416 2161//416 2162//416
f 2161//416 2163//416 2162//416
f 2162//436 2163//436 2164//436
f 2163//436 2165//436 2164//436
f 2164//437 2165//437 2166//437
f 2165//437 2167//437 2166//437
f 2166//419 2167//419 2168//419
f 2167//419 2169//419 2168//419
f 2168//420 2169//420 2170//420
f 2169//420 2171//420 2170//420
f 2170//421 2171//421 2172//421
f 2171//421 2173//421 2172//421
f 2172//422 2173//422 2174//422
f 2173//422 2175//422 2174//422
f 2174//423 2175//423 2176//423
f 2175//423 2177//423 2176//423
f 2176//424 2177//424 2178//424
f 2177//424 2179//424 2178//424
f 2178//438 2179//438 2180//438
f 2179//438 2181//438 2180//438
f 2180//439 2181//439 2182//439
f 2181//439 2183//439 2182//439
f 2182//427 2183//427 2184//427
f 2183//427 2185//427 2184//427
f 2184//428 2185//428 2186//428
f 2185//428 2187//428 2186//428
f 2186//440 2187//440 2188//440
f 2187//440 2189//440 2188//440
f 2188//441 2189//441 2190//441
f 2189//441 2191//441 2190//441
f 2190//431 2191//431 2192//431
f 2191//431 2193//431 2192//431
f 2192//432 2193//432 2194//432
f 2193//432 2195//432 2194//432
f 2194//433 2195//433 2148//433
f 2195//433 2149//433 2148//433
f 154//415 2196//415 155//415
f 2196//415 2197//415 155//415
f 155//414 2197//414 174//414
f 2197//414 2198//414 174//414
f 174//413 2198//413 175//413
f 2198//413 2199//413 175//413
f 175//412 2199//412 171//412
f 2199//412 2200//412 171//412
f 171//411 2200//411 172//411
f 2200//411 2201//411 172//411
f 172//410 2201//410 173//410
f 2201//410 2202//410 173//410
f 173//433 2202//433 168//433
f 2202//433 2203//433 168//433
f 168//432 2203//432 169//432
f 2203//432 2204//432 169//432
f 169//442 2204//442 170//442
f 2204//442 2205//442 170//442
f 170//443 2205//443 165//443
f 2205//443 2206//443 165//443
f 165//429 2206//429 166//429
f 2206//429 2207//429 166//429
f 166//428 2207//428 167//428
f 2207//428 2208//428 167//428
f 167//427 2208//427 162//427
f 2208//427 2209//427 162//427
f 162//439 2209//439 163//439
f 2209//439 2210//439 163//439
f 163//444 2210//444 164//444
f 2210//444 2211//444 164//444
f 164//445 2211//445 159//445
f 2211//446 2212//446 159//446
f 159//423 2212//423 160//423
f 2212//423 2213//423 160//423
f 160//422 2213//422 161//422
f 2213//422 2214//422 161//422
f 161//421 2214//421 156//421
f 2214//421 2215//421 156//421
f 156//420 2215//420 157//420
f 2215//420 2216//420 157//420
f 157//419 2216//419 158//419
f 2216//419 2217//419 158//419
f 158//437 2217//437 151//437
f 2217//437 2218//437 151//437
f 151//436 2218//436 152//436
f 2218//436 2219//436 152//436
f 152//416 2219//416 154//416
f 2219//416 2196//416 154//416
f 179//415 2220//415 180//415
f 2220//415 2221//415 180//415
f 180//447 2221//447 199//447
f 2221//447 2222//447 199//447
f 199//413 2222//413 200//413
f 2222//413 2223//413 200//413
f 200//412 2223//412 196//412
f 2223//412 2224//412 196//412
f 196//411 2224//411 197//411
f 2224//411 2225//411 197//411
f 197//448 2225//448 198//448
f 2225//448 2226//448 198//448
f 198//449 2226//449 193//449
f 2226//449 2227//449 193//449
f 193//432 2227//432 194//432
f 2227//432 2228//432 194//432
f 194//431 2228//431 195//431
f 2228//431 2229//431 195//431
f 195//430 2229//430 190//430
f 2229//430 2230//430 190//430
f 190//429 2230//429 191//429
f 2230//429 2231//429 191//429
f 191//450 2231//450 192//450
f 2231//450 2232//450 192//450
f 192//451 2232//451 187//451
f 2232//451 2233//451 187//451
f 187//439 2233//439 188//439
f 2233//439 2234//439 188//439
f 188//438 2234//438 189//438
f 2234//438 2235//438 189//438
f 189//424 2235//424 184//424
f 2235//424 2236//424 184//424
f 184//423 2236//423 185//423
f 2236//423 2237//423 185//423
f 185//452 2237//452 186//452
f 2237//452 2238//452 186//452
f 186//453 2238//453 181//453
f 2238//453 2239//453 181//453
f 181//420 2239//420 182//420
f 2239//420 2240//420 182//420
f 182//419 2240//419 183//419
f 2240//419 2241//419 183//419
f 183//437 2241//437 176//437
f 2241//437 2242//437 176//437
f 176//454 2242//454 177//454
f 2242//454 2243//454 177//454
f 177//416 2243//416 179//416
f 2243//416 2220//416 179//416
f 204//415 2244//415 205//415
f 2244//415 2245//415 205//415
f 205//435 2245//435 224//435
f 2245//435 2246//435 224//435
f 224//434 2246//434 225//434
f 2246//434 2247//434 225//434
f 225//412 2247//412 221//412
f 2247//412 2248//412 221//412
f 221//411 2248//411 222//411
f 2248//411 2249//411 222//411
f 222//410 2249//410 223//410
f 2249//410 2250//410 223//410
f 223//433 2250//433 218//433
f 2250//433 2251//433 218//433
f 218//432 2251//432 219//432
f 2251//432 2252//432 219//432
f 219//442 2252//442 220//442
f 2252//455 2253//455 220//455
f 220//456 2253//456 215//456
f 2253//456 2254//456 215//456
f 215//440 2254//440 216//440
f 2254//440 2255//440 216//440
f 216//428 2255//428 217//428
f 2255//428 2256//428 217//428
f 217//427 2256//427 212//427
f 2256//427 2257//427 212//427
f 212//426 2257//426 213//426
f 2257//426 2258//426 213//426
f 213//457 2258//457 214//457
f 2258//457 2259//457 214//457
f 214//446 2259//446 209//446
f 2259//446 2260//446 209//446
f 209//423 2260//423 210//423
f 2260//423 2261//423 210//423
f 210//422 2261//422 211//422
f 2261//422 2262//422 211//422
f 211//421 2262//421 206//421
f 2262//421 2263//421 206//421
f 206//420 2263//420 207//420
f 2263//420 2264//420 207//420
f 207//419 2264//419 208//419
f 2264//419 2265//419 208//419
f 208//418 2265//418 201//418
f 2265//418 2266//418 201//418
f 201//417 2266//417 202//417
f 2266//417 2267//417 202//417
f 202//416 2267//416 204//416
f 2267//416 2244//416 204//416
f 229//415 2268//415 230//415
f 2268//415 2269//415 230//415
f 230//458 2269//458 249//458
f 2269//458 2270//458 249//458
f 249//434 2270//434 250//434
f 2270//434 2271//434 250//434
f 250//412 2271//412 246//412
f 2271//412 2272//412 246//412
f 246//411 2272//411 247//411
f 2272//411 2273//411 247//411
f 247//448 2273//448 248//448
f 2273//448 2274//448 248//448
f 248//449 2274//449 243//449
f 2274//449 2275//449 243//449
f 243//432 2275//432 244//432
f 2275//432 2276//432 244//432
f 244//431 2276//431 245//431
f 2276//431 2277//431 245//431
f 245//441 2277//441 240//441
f 2277//441 2278//441 240//441
f 240//440 2278//440 241//440
f 2278//440 2279//440 241//440
f 241//450 2279//450 242//450
f 2279//450 2280//450 242//450
f 242//451 2280//451 237//451
f 2280//451 2281//451 237//451
f 237//426 2281//426 238//426
f 2281//426 2282//426 238//426
f 238//425 2282//425 239//425
f 2282//425 2283//425 239//425
f 239//424 2283//424 234//424
f 2283//424 2284//424 234//424
f 234//423 2284//423 235//423
f 2284//423 2285//423 235//423
f 235//452 2285//452 236//452
f 2285//452 2286//452 236//452
f 236//453 2286//453 231//453
f 2286//453 2287//453 231//453
f 231//420 2287//420 232//420
f 2287//420 2288//420 232//420
f 232//419 2288//419 233//419
f 2288//419 2289//419 233//419
f 233//418 2289//418 226//418
f 2289//418 2290//418 226//418
f 226//459 2290//459 227//459
f 2290//459 2291//459 227//459
f 227//416 2291//416 229//416
f 2291//416 2268//416 229//416
f 2292//422 2293//422 2294//422
f 2293//422 2295//422 2294//422
f 2294//423 2295//423 2296//423
f 2295//423 2297//423 2296//423
f 2296//424 2297//424 2298//424
f 2297//424 2299//424 2298//424
f 2298//425 2299//425 2300//425
f 2299//425 2301//425 2300//425
f 2300//426 2301//426 2302//426
f 2301//426 2303//426 2302//426
f 2302//427 2303//427 2304//427
f 2303//427 2305//427 2304//427
f 2304//428 2305//428 2306//428
f 2305//428 2307//428 2306//428
f 2306//429 2307//429 2308//429
f 2307//429 2309//429 2308//429
f 2308//430 2309//430 2310//430
f 2309//430 2311//430 2310//430
f 2310//431 2311//431 2312//431
f 2311//431 2313//431 2312//431
f 2312//432 2313//432 2314//432
f 2313//432 2315//432 2314//432
f 2314//433 2315//433 2316//433
f 2315//433 2317//433 2316//433
f 2316//410 2317//410 2318//410
f 2317//410 2319//410 2318//410
f 2318//411 2319//411 2320//411
f 2319//411 2321//411 2320//411
f 2320//412 2321//412 2322//412
f 2321//412 2323//412 2322//412
f 2322//413 2323//413 2324//413
f 2323//413 2325//413 2324//413
f 2324//414 2325//414 2326//414
f 2325//414 2327//414 2326//414
f 2326//415 2327//415 2328//415
f 2327//415 2329//415 2328//415
f 2328//416 2329//416 2330//416
f 2329//416 2331//416 2330//416
f 2330//417 2331//417 2332//417
f 2331//417 2333//417 2332//417
f 2332//418 2333//418 2334//418
f 2333//418 2335//418 2334//418
f 2334//419 2335//419 2336//419
f 2335//419 2337//419 2336//419
f 2336//420 2337//420 2338//420
f 2337//420 2339//420 2338//420
f 2338//421 2339//421 2292//421
f 2339//421 2293//421 2292//421
f 2340//416 254//416 2341//416
f 254//416 252//416 2341//416
f 2341//436 252//436 2342//436
f 252//436 251//436 2342//436
f 2342//437 251//437 2343//437
f 251//437 258//437 2343//437
f 2343//419 258//419 2344//419
f 258//419 257//419 2344//419
f 2344//420 257//420 2345//420
f 257//420 256//420 2345//420
f 2345//421 256//421 2346//421
f 256//421 261//421 2346//421
f 2346//422 261//422 2347//422
f 261//422 260//422 2347//422
f 2347//423 260//423 2348//423
f 260//423 259//423 2348//423
f 2348//424 259//424 2349//424
f 259//424 264//424 2349//424
f 2349//438 264//438 2350//438
f 264//438 263//438 2350//438
f 2350//439 263//439 2351//439
f 263//439 262//439 2351//439
f 2351//427 262//427 2352//427
f 262//427 267//427 2352//427
f 2352//428 267//428 2353//428
f 267//428 266//428 2353//428
f 2353//440 266//440 2354//440
f 266//440 265//440 2354//440
f 2354//441 265//441 2355//441
f 265//441 270//441 2355//441
f 2355//431 270//431 2356//431
f 270//431 269//431 2356//431
f 2356//432 269//432 2357//432
f 269//432 268//432 2357//432
f 2357//433 268//433 2358//433
f 268//433 273//433 2358//433
f 2358//410 273//410 2359//410
f 273//410 272//410 2359//410
f 2359//411 272//411 2360//411
f 272//411 271//411 2360//411
f 2360//412 271//412 2361//412
f 271//412 275//412 2361//412
f 2361//434 275//434 2362//434
f 275//434 274//434 2362//434
f 2362//435 274//435 2363//435
f 274//435 255//435 2363//435
f 2363//415 255//415 2340//415
f 255//415 254//415 2340//415
f 2364//410 2365//410 2366//410
f 2365//410 2367//410 2366//410
f 2366//411 2367//411 2368//411
f 2367//411 2369//411 2368//411
f 2368//412 2369//412 2370//412
f 2369//412 2371//412 2370//412
f 2370//413 2371//413 2372//413
f 2371//413 2373//413 2372//413
f 2372//414 2373//414 2374//414
f 2373//414 2375//414 2374//414
f 2374//415 2375//415 2376//415
f 2375//415 2377//415 2376//415
f 2376//416 2377//416 2378//416
f 2377//416 2379//416 2378//416
f 2378//417 2379//417 2380//417
f 2379//417 2381//417 2380//417
f 2380//418 2381//418 2382//418
f 2381//418 2383//418 2382//418
f 2382//419 2383//419 2384//419
f 2383//419 2385//419 2384//419
f 2384//420 2385//420 2386//420
f 2385//420 2387//420 2386//420
f 2386//421 2387//421 2388//421
f 2387//421 2389//421 2388//421
f 2388//422 2389//422 2390//422
f 2389//422 2391//422 2390//422
f 2390//423 2391//423 2392//423
f 2391//423 2393//423 2392//423
f 2392//424 2393//424 2394//424
f 2393//424 2395//424 2394//424
f 2394//425 2395//425 2396//425
f 2395//425 2397//425 2396//425
f 2396//426 2397//426 2398//426
f 2397//426 2399//426 2398//426
f 2398//427 2399//427 2400//427
f 2399//427 2401//427 2400//427
f 2400//428 2401//428 2402//428
f 2401//428 2403//428 2402//428
f 2402//429 2403//429 2404//429
f 2403//429 2405//429 2404//429
f 2404//430 2405//430 2406//430
f 2405//430 2407//430 2406//430
f 2406//431 2407//431 2408//431
f 2407//431 2409//431 2408//431
f 2408//432 2409//432 2410//432
f 2409//432 2411//432 2410//432
f 2410//433 2411//433 2364//433
f 2411//433 2365//433 2364//433
f 2412//428 279//428 2413//428
f 279//428 277//428 2413//428
f 2413//440 277//440 2414//440
f 277//440 276//440 2414//440
f 2414//441 276//441 2415//441
f 276//441 283//441 2415//441
f 2415//431 283//431 2416//431
f 283//431 282//431 2416//431
f 2416//432 282//432 2417//432
f 282//432 281//432 2417//432
f 2417//433 281//433 2418//433
f 281//433 286//433 2418//433
f 2418//410 286//410 2419//410
f 286//410 285//410 2419//410
f 2419//411 285//411 2420//411
f 285//411 284//411 2420//411
f 2420//412 284//412 2421//412
f 284//412 289//412 2421//412
f 2421//434 289//434 2422//434
f 289//434 288//434 2422//434
f 2422//435 288//435 2423//435
f 288//435 287//435 2423//435
f 2423//415 287//415 2424//415
f 287//415 292//415 2424//415
f 2424//416 292//416 2425//416
f 292//416 291//416 2425//416
f 2425//436 291//436 2426//436
f 291//436 290//436 2426//436
f 2426//437 290//437 2427//437
f 290//437 295//437 2427//437
f 2427//419 295//419 2428//419
f 295//419 294//419 2428//419
f 2428//420 294//420 2429//420
f 294//420 293//420 2429//420
f 2429//421 293//421 2430//421
f 293//421 298//421 2430//421
f 2430//422 298//422 2431//422
f 298//422 297//422 2431//422
f 2431//423 297//423 2432//423
f 297//423 296//423 2432//423
f 2432//424 296//424 2433//424
f 296//424 300//424 2433//424
f 2433//438 300//438 2434//438
f 300//438 299//438 2434//438
f 2434//439 299//439 2435//439
f 299//439 280//439 2435//439
f 2435//427 280//427 2412//427
f 280//427 279//427 2412//427
f 2436//101 2437//101 2438//101
f 2436//101 2438//101 2439//101
f 2438//102 2440//102 2439//102
f 2439//102 2440//102 2441//102
f 2440//103 2442//103 2441//103
f 2441//103 2442//103 2443//103
f 2442//104 2444//104 2443//104
f 2443//104 2444//104 2445//104
f 2444//51 2446//51 2445//51
f 2445//51 2446//51 2447//51
f 2446//50 2448//50 2447//50
f 2447//50 2448//50 2449//50
f 2448//49 2450//49 2449//49
f 2449//49 2450//49 2451//49
f 2451//48 2450//48 2452//48
f 2450//460 2453//460 2452//460
f 2452//165 2453//165 2454//165
f 2452//105 2454//105 2455//105
f 2454//105 2456//105 2455//105
f 2455//43 2456//43 2457//43
f 2456//43 2458//43 2457//43
f 2459//44 2460//44 2461//44
f 2459//44 2461//44 2462//44
f 2461//45 2463//45 2462//45
f 2462//45 2463//45 2464//45
f 2463//46 2465//46 2464//46
f 2464//46 2465//46 2466//46
f 2465//47 2467//47 2466//47
f 2466//47 2467//47 2468//47
f 2467//48 2469//48 2468//48
f 2468//48 2469//48 2470//48
f 2469//49 2471//49 2470//49
f 2470//49 2471//49 2472//49
f 2471//50 2473//50 2472//50
f 2472//50 2473//50 2474//50
f 2474//461 2473//461 2475//461
f 2473//162 2457//162 2475//162
f 2475//163 2457//163 2458//163
f 2476//122 2477//122 2478//122
f 2477//122 2479//122 2478//122
f 2478//122 2479//122 2480//122
f 2481//125 2479//125 2482//125
f 2479//125 2477//125 2482//125
f 2476//52 2483//52 2477//52
f 2483//52 2482//52 2477//52
f 2484//124 2481//124 2485//124
f 2481//124 2482//124 2485//124
f 2485//124 2482//124 2483//124
f 2460//52 2459//52 2479//52
f 2459//52 2480//52 2479//52
f 2481//52 2484//52 2486//52
f 2484//52 2487//52 2486//52
f 2486//127 2487//127 2488//127
f 2486//126 2488//126 2489//126
f 2488//128 2490//128 2489//128
f 2489//128 2490//128 2491//128
f 2490//129 2492//129 2491//129
f 2491//129 2492//129 2493//129
f 2492//130 2494//130 2493//130
f 2493//130 2494//130 2495//130
f 2494//100 2496//100 2495//100
f 2495//100 2496//100 2497//100
f 2496//99 2498//99 2497//99
f 2497//99 2498//99 2499//99
f 2498//98 2500//98 2499//98
f 2499//98 2500//98 2501//98
f 2500//97 2502//97 2501//97
f 2501//97 2502//97 2503//97
f 2503//133 2502//133 2504//133
f 2502//133 2505//133 2504//133
f 2504//92 2505//92 2506//92
f 2505//92 2507//92 2506//92
f 2508//166 2509//166 2510//166
f 2508//93 2510//93 2511//93
f 2510//94 2512//94 2511//94
f 2511//94 2512//94 2513//94
f 2512//95 2514//95 2513//95
f 2513//95 2514//95 2515//95
f 2514//96 2516//96 2515//96
f 2515//96 2516//96 2517//96
f 2516//97 2518//97 2517//97
f 2517//97 2518//97 2519//97
f 2518//98 2520//98 2519//98
f 2519//98 2520//98 2521//98
f 2520//99 2522//99 2521//99
f 2521//99 2522//99 2523//99
f 2522//100 2506//100 2523//100
f 2523//100 2506//100 2507//100
f 2524//124 2525//124 2526//124
f 2525//124 2527//124 2526//124
f 2526//124 2527//124 2528//124
f 2529//123 2527//123 2530//123
f 2527//123 2525//123 2530//123
f 2524//87 2531//87 2525//87
f 2531//87 2530//87 2525//87
f 2532//122 2529//122 2533//122
f 2529//122 2530//122 2533//122
f 2533//122 2530//122 2531//122
f 2534//101 2535//101 2536//101
f 2534//101 2536//101 2537//101
f 2536//102 2538//102 2537//102
f 2537//102 2538//102 2539//102
f 2538//103 2540//103 2539//103
f 2539//103 2540//103 2541//103
f 2540//104 2542//104 2541//104
f 2541//104 2542//104 2543//104
f 2542//51 2544//51 2543//51
f 2543//51 2544//51 2545//51
f 2544//50 2546//50 2545//50
f 2545//50 2546//50 2547//50
f 2546//49 2548//49 2547//49
f 2547//49 2548//49 2549//49
f 2548//48 2550//48 2549//48
f 2549//48 2550//48 2551//48
f 2551//105 2550//105 2552//105
f 2550//105 2553//105 2552//105
f 2552//462 2553//462 2554//462
f 2553//462 2555//462 2554//462
f 2554//463 2555//463 2556//463
f 2555//463 2557//463 2556//463
f 2558//464 2559//464 2560//464
f 2559//464 2561//464 2560//464
f 2560//465 2561//465 2562//465
f 2561//465 2563//465 2562//465
f 2562//466 2563//466 2564//466
f 2563//466 2565//466 2564//466
f 2564//467 2565//467 2566//467
f 2565//467 2567//467 2566//467
f 2566//468 2567//468 2568//468
f 2567//468 2569//468 2568//468
f 2568//469 2569//469 2570//469
f 2569//469 2571//469 2570//469
f 2570//470 2571//470 2572//470
f 2571//470 2573//470 2572//470
f 2572//471 2573//471 2574//471
f 2573//471 2575//471 2574//471
f 2574//472 2575//472 2576//472
f 2575//472 2577//472 2576//472
f 2576//473 2577//473 2578//473
f 2577//474 2579//474 2578//474
f 2578//475 2579//475 2580//475
f 2579//475 2581//475 2580//475
f 2580//476 2581//476 2582//476
f 2581//476 2583//476 2582//476
f 2582//477 2583//477 2584//477
f 2583//477 2585//477 2584//477
f 2584//478 2585//478 2586//478
f 2585//478 2587//478 2586//478
f 2586//479 2587//479 2588//479
f 2587//479 2589//479 2588//479
f 2588//480 2589//480 2590//480
f 2589//480 2591//480 2590//480
f 2590//481 2591//481 2592//481
f 2591//481 2593//481 2592//481
f 2592//482 2593//482 2594//482
f 2593//482 2595//482 2594//482
f 2594//483 2595//483 2596//483
f 2595//483 2597//483 2596//483
f 2596//484 2597//484 2598//484
f 2597//484 2599//484 2598//484
f 2598//485 2599//485 2600//485
f 2599//485 2601//485 2600//485
f 2600//486 2601//486 2602//486
f 2601//486 2603//486 2602//486
f 2602//487 2603//487 2557//487
f 2603//487 2556//487 2557//487
f 2559//488 2558//488 2604//488
f 2558//488 2605//488 2604//488
f 2606//124 2607//124 2608//124
f 2607//124 2609//124 2608//124
f 2610//123 2606//123 2611//123
f 2606//123 2608//123 2611//123
f 2609//87 2612//87 2608//87
f 2612//87 2611//87 2608//87
f 2612//122 2613//122 2611//122
f 2613//122 2610//122 2611//122
f 2614//87 2615//87 2616//87
f 2615//87 2617//87 2616//87
f 2616//87 2617//87 2618//87
f 2618//87 2619//87 2616//87
f 2619//87 2620//87 2616//87
f 2616//87 2620//87 2621//87
f 2621//87 2622//87 2616//87
f 2622//87 2623//87 2616//87
f 2616//87 2623//87 2624//87
f 2625//489 2626//489 2627//489
f 2626//489 2628//489 2627//489
f 2629//490 2625//490 2630//490
f 2625//490 2627//490 2630//490
f 2628//491 2631//491 2627//491
f 2631//491 2630//491 2627//491
f 2631//192 2632//192 2630//192
f 2632//192 2629//192 2630//192
f 2633//52 2634//52 2635//52
f 2634//52 2636//52 2635//52
f 2633//492 2635//492 2637//492
f 2635//492 2638//492 2637//492
f 2637//492 2638//492 2639//492
f 2636//124 2640//124 2635//124
f 2640//124 2638//124 2635//124
f 2640//87 2641//87 2638//87
f 2641//87 2639//87 2638//87
f 2642//493 2643//493 2644//493
f 2643//493 2645//493 2644//493
f 2646//494 2642//494 2647//494
f 2642//494 2644//494 2647//494
f 2645//495 2648//495 2644//495
f 2648//495 2647//495 2644//495
f 2648//496 2649//496 2647//496
f 2649//496 2646//496 2647//496
f 2650//124 2651//124 2652//124
f 2651//124 2653//124 2652//124
f 2650//497 2652//497 2654//497
f 2650//497 2654//497 2655//497
f 2654//498 2656//498 2655//498
f 2655//498 2656//498 2657//498
f 2657//499 2656//499 2658//499
f 2657//499 2658//499 2659//499
f 2658//500 2660//500 2659//500
f 2659//500 2660//500 2661//500
f 2660//501 2662//501 2661//501
f 2661//501 2662//501 2663//501
f 2662//502 2664//502 2663//502
f 2663//502 2664//502 2665//502
f 2664//503 2666//503 2665//503
f 2665//503 2666//503 2667//503
f 2666//504 2668//504 2667//504
f 2667//504 2668//504 2669//504
f 2651//505 2669//505 2653//505
f 2669//505 2668//505 2653//505
f 2670//493 2671//493 2672//493
f 2671//493 2673//493 2672//493
f 2670//506 2672//506 2674//506
f 2670//506 2674//506 2675//506
f 2674//507 2676//507 2675//507
f 2675//507 2676//507 2677//507
f 2671//124 2677//124 2673//124
f 2677//124 2676//124 2673//124
f 2678//34 2679//34 2680//34
f 2679//34 2681//34 2680//34
f 2682//177 2678//177 2683//177
f 2678//177 2680//177 2683//177
f 2684//508 2685//508 2686//508
f 2684//508 2686//508 2687//508
f 2686//509 2688//509 2687//509
f 2687//509 2688//509 2689//509
f 2690//122 2689//122 2691//122
f 2689//122 2688//122 2691//122
f 2692//510 2690//510 2693//510
f 2690//510 2691//510 2693//510
f 2692//511 2693//511 2694//511
f 2692//511 2694//511 2695//511
f 2694//512 2696//512 2695//512
f 2695//512 2696//512 2697//512
f 2696//513 2698//513 2697//513
f 2697//513 2698//513 2699//513
f 2698//514 2700//514 2699//514
f 2699//514 2700//514 2701//514
f 2700//515 2702//515 2701//515
f 2701//515 2702//515 2703//515
f 2702//516 2685//516 2703//516
f 2703//516 2685//516 2684//516
f 2704//101 2705//101 2706//101
f 2704//101 2706//101 2707//101
f 2706//102 2708//102 2707//102
f 2707//102 2708//102 2709//102
f 2708//103 2710//103 2709//103
f 2709//103 2710//103 2711//103
f 2710//104 2712//104 2711//104
f 2711//104 2712//104 2713//104
f 2712//51 2714//51 2713//51
f 2713//51 2714//51 2715//51
f 2714//50 2716//50 2715//50
f 2715//50 2716//50 2717//50
f 2716//49 2718//49 2717//49
f 2717//49 2718//49 2719//49
f 2718//48 2720//48 2719//48
f 2719//48 2720//48 2721//48
f 2721//105 2720//105 2722//105
f 2720//105 2723//105 2722//105
f 2724//121 2725//121 2726//121
f 2725//121 2727//121 2726//121
f 2728//120 2724//120 2729//120
f 2724//120 2726//120 2729//120
f 2727//119 2730//119 2726//119
f 2730//119 2729//119 2726//119
f 2730//118 2731//118 2729//118
f 2731//118 2728//118 2729//118
f 2722//86 2723//86 2724//86
f 2723//86 2725//86 2724//86
f 2732//85 2733//85 2731//85
f 2733//517 2734//517 2731//517
f 2734//518 2735//518 2731//518
f 2735//519 2736//519 2731//519
f 2731//520 2736//520 2737//520
f 2737//521 2738//521 2731//521
f 2738//522 2739//522 2731//522
f 2731//523 2739//523 2728//523
f 2740//122 2741//122 2732//122
f 2741//122 2742//122 2732//122
f 2732//122 2742//122 2743//122
f 2743//122 2744//122 2732//122
f 2744//122 2745//122 2732//122
f 2732//122 2745//122 2746//122
f 2746//122 2747//122 2732//122
f 2747//122 2748//122 2732//122
f 2732//122 2748//122 2733//122
f 2741//524 2749//524 2742//524
f 2749//525 2750//525 2742//525
f 2742//526 2750//526 2743//526
f 2743//527 2750//527 2744//527
f 2750//528 2751//528 2744//528
f 2744//529 2751//529 2745//529
f 2745//530 2751//530 2746//530
f 2751//531 2752//531 2746//531
f 2746//532 2752//532 2747//532
f 2735//533 2734//533 2753//533
f 2734//534 2733//534 2753//534
f 2753//535 2733//535 2752//535
f 2733//536 2748//536 2752//536
f 2752//537 2748//537 2747//537
f 2735//538 2753//538 2736//538
f 2753//539 2754//539 2736//539
f 2736//540 2754//540 2737//540
f 2737//541 2754//541 2738//541
f 2754//542 2755//542 2738//542
f 2738//543 2755//543 2739//543
f 2756//544 2757//544 2749//544
f 2757//544 2758//544 2749//544
f 2758//545 2755//545 2749//545
f 2755//546 2754//546 2749//546
f 2749//547 2754//547 2753//547
f 2753//548 2752//548 2749//548
f 2752//549 2751//549 2749//549
f 2749//550 2751//550 2750//550
f 2759//551 2760//551 2761//551
f 2759//551 2761//551 2762//551
f 2761//552 2763//552 2762//552
f 2762//552 2763//552 2764//552
f 2763//553 2765//553 2764//553
f 2764//553 2765//553 2766//553
f 2765//554 2767//554 2766//554
f 2766//554 2767//554 2768//554
f 2767//555 2758//555 2768//555
f 2768//555 2758//555 2757//555
f 2759//556 2769//556 2760//556
f 2769//556 2770//556 2760//556
f 2771//557 2772//557 2770//557
f 2772//558 2773//558 2770//558
f 2770//559 2773//559 2760//559
f 2774//560 2775//560 2770//560
f 2775//561 2776//561 2770//561
f 2770//562 2776//562 2771//562
f 2777//563 2778//563 2775//563
f 2779//564 2780//564 2776//564
f 2780//565 2781//565 2776//565
f 2776//566 2781//566 2771//566
f 2775//567 2778//567 2776//567
f 2778//568 2782//568 2776//568
f 2776//569 2782//569 2779//569
f 2774//570 2770//570 2783//570
f 2783//571 2784//571 2774//571
f 2784//572 2785//572 2774//572
f 2774//573 2785//573 2775//573
f 2785//574 2786//574 2775//574
f 2775//575 2786//575 2777//575
f 2787//576 2773//576 2788//576
f 2773//577 2772//577 2788//577
f 2781//578 2789//578 2771//578
f 2789//579 2790//579 2771//579
f 2771//580 2790//580 2772//580
f 2790//581 2791//581 2772//581
f 2772//582 2791//582 2788//582
f 2780//52 2779//52 2792//52
f 2779//52 2782//52 2792//52
f 2792//52 2782//52 2778//52
f 2778//52 2777//52 2792//52
f 2777//52 2786//52 2792//52
f 2792//52 2786//52 2785//52
f 2785//52 2784//52 2792//52
f 2784//52 2783//52 2792//52
f 2792//52 2783//52 2793//52
f 2794//192 2795//192 2796//192
f 2795//192 2797//192 2796//192
f 2798//583 2794//583 2799//583
f 2794//583 2796//583 2799//583
f 2797//510 2800//510 2796//510
f 2800//510 2799//510 2796//510
f 2800//489 2801//489 2799//489
f 2801//489 2798//489 2799//489
f 2794//584 2787//584 2795//584
f 2787//585 2788//585 2795//585
f 2795//586 2788//586 2791//586
f 2780//587 2792//587 2781//587
f 2792//588 2795//588 2781//588
f 2791//589 2790//589 2795//589
f 2790//590 2789//590 2795//590
f 2795//591 2789//591 2781//591
f 2798//592 2801//592 2802//592
f 2801//592 2803//592 2802//592
f 2802//593 2803//593 2804//593
f 2803//593 2805//593 2804//593
f 2806//87 2807//87 2808//87
f 2807//87 2809//87 2808//87
f 2806//594 2808//594 2810//594
f 2808//594 2811//594 2810//594
f 2810//594 2811//594 2812//594
f 2809//122 2813//122 2808//122
f 2813//122 2811//122 2808//122
f 2813//52 2814//52 2811//52
f 2814//52 2812//52 2811//52
f 2804//122 2805//122 2806//122
f 2805//122 2807//122 2806//122
f 2812//122 2814//122 2815//122
f 2814//122 2816//122 2815//122
f 2815//595 2816//595 2817//595
f 2816//595 2818//595 2817//595
f 2819//496 2820//496 2821//496
f 2820//496 2822//496 2821//496
f 2823//596 2819//596 2824//596
f 2819//596 2821//596 2824//596
f 2822//180 2825//180 2821//180
f 2825//180 2824//180 2821//180
f 2825//493 2826//493 2824//493
f 2826//493 2823//493 2824//493
f 2817//597 2818//597 2819//597
f 2818//597 2820//597 2819//597
f 2827//598 2828//598 2826//598
f 2828//599 2829//599 2826//599
f 2829//600 2830//600 2826//600
f 2830//601 2831//601 2826//601
f 2826//602 2831//602 2832//602
f 2832//603 2833//603 2826//603
f 2833//604 2834//604 2826//604
f 2826//605 2834//605 2823//605
f 2835//87 2836//87 2827//87
f 2836//87 2837//87 2827//87
f 2827//87 2837//87 2838//87
f 2838//87 2839//87 2827//87
f 2839//87 2840//87 2827//87
f 2827//87 2840//87 2841//87
f 2841//87 2842//87 2827//87
f 2842//87 2843//87 2827//87
f 2827//87 2843//87 2828//87
f 2836//606 2844//606 2837//606
f 2844//607 2845//607 2837//607
f 2837//608 2845//608 2838//608
f 2838//609 2845//609 2839//609
f 2845//610 2846//610 2839//610
f 2839//611 2846//611 2840//611
f 2840//612 2846//612 2841//612
f 2846//613 2847//613 2841//613
f 2841//614 2847//614 2842//614
f 2830//615 2829//615 2848//615
f 2829//616 2828//616 2848//616
f 2848//617 2828//617 2847//617
f 2828//618 2843//618 2847//618
f 2847//619 2843//619 2842//619
f 2830//620 2848//620 2831//620
f 2848//621 2849//621 2831//621
f 2831//622 2849//622 2832//622
f 2832//623 2849//623 2833//623
f 2849//624 2850//624 2833//624
f 2833//625 2850//625 2834//625
f 2844//626 2851//626 312//626
f 312//626 311//626 2844//626
f 311//627 2850//627 2844//627
f 2844//628 2850//628 2845//628
f 2850//629 2846//629 2845//629
f 2849//630 2848//630 2850//630
f 2848//631 2847//631 2850//631
f 2850//632 2847//632 2846//632
f 2663//1 2665//1 2651//1
f 2665//1 2667//1 2651//1
f 2651//1 2667//1 2669//1
f 2657//1 2659//1 2655//1
f 2659//1 2650//1 2655//1
f 2650//1 2659//1 2651//1
f 2659//1 2661//1 2651//1
f 2651//1 2661//1 2663//1
f 2677//1 2671//1 2675//1
f 2671//1 2670//1 2675//1
f 917//1 930//1 918//1
f 2679//1 2678//1 2682//1
f 2692//1 2695//1 2690//1
f 2695//1 2697//1 2690//1
f 2697//1 2699//1 2690//1
f 2699//1 2701//1 2690//1
f 2690//1 2701//1 2689//1
f 2701//1 2703//1 2689//1
f 2689//1 2703//1 2687//1
f 2703//1 2684//1 2687//1
f 971//1 972//1 969//1
f 972//1 966//1 969//1
f 855//1 875//1 856//1
f 960//1 964//1 961//1
f 940//1 943//1 954//1
f 943//1 945//1 954//1
f 945//1 947//1 954//1
f 947//1 949//1 954//1
f 954//1 949//1 956//1
f 949//1 951//1 956//1
f 956//1 951//1 959//1
f 951//1 953//1 959//1
f 937//1 938//1 935//1
f 938//1 932//1 935//1
f 911//1 922//1 912//1
f 905//1 909//1 906//1
f 896//1 898//1 885//1
f 898//1 900//1 885//1
f 885//1 900//1 886//1
f 889//1 892//1 904//1
f 892//1 901//1 904//1
f 901//1 892//1 885//1
f 892//1 894//1 885//1
f 885//1 894//1 896//1
f 878//1 877//1 884//1
f 877//1 881//1 884//1
f 860//1 851//1 850//1
f 847//1 844//1 843//1
f 2768//1 2757//1 2756//1
f 2769//1 2759//1 2762//1
f 2769//1 2762//1 2852//1
f 2762//1 2764//1 2852//1
f 2852//1 2764//1 2756//1
f 2764//1 2766//1 2756//1
f 2756//1 2766//1 2768//1
f 310//1 312//1 2851//1
f 313//1 301//1 304//1
f 313//1 304//1 2853//1
f 304//1 306//1 2853//1
f 2853//1 306//1 2851//1
f 306//1 308//1 2851//1
f 2851//1 308//1 310//1
f 2854//1 2855//1 2856//1
f 2855//1 2857//1 2856//1
f 2856//1 2857//1 2858//1
f 2857//1 2859//1 2858//1
f 2858//1 2859//1 2860//1
f 2859//1 2861//1 2860//1
f 2860//1 2861//1 2862//1
f 2863//1 2864//1 2865//1
f 2864//1 2866//1 2865//1
f 2865//1 2866//1 2867//1
f 2866//1 2868//1 2867//1
f 2867//1 2868//1 2869//1
f 2868//1 2870//1 2869//1
f 2869//1 2870//1 2871//1
f 2872//633 2873//633 2874//633
f 2875//634 2876//634 2877//634
f 2876//635 2878//635 2877//635
f 2877//636 2878//636 2879//636
f 2874//637 2873//637 2877//637
f 2873//638 2880//638 2877//638
f 2877//639 2880//639 2875//639
f 2881//640 2882//640 2883//640
f 2883//641 2884//641 2881//641
f 2884//642 2885//642 2881//642
f 2881//643 2885//643 2874//643
f 2885//644 2886//644 2874//644
f 2874//645 2886//645 2872//645
f 2887//646 2888//646 2889//646
f 2888//647 2890//647 2889//647
f 2878//648 2891//648 2879//648
f 2891//649 2892//649 2879//649
f 2879//650 2892//650 2890//650
f 2892//651 2893//651 2890//651
f 2890//652 2893//652 2889//652
f 2863//653 2865//653 2894//653
f 2865//653 2882//653 2894//653
f 2894//653 2882//653 2888//653
f 2882//654 2881//654 2888//654
f 2888//655 2881//655 2874//655
f 2874//656 2877//656 2888//656
f 2877//657 2879//657 2888//657
f 2888//658 2879//658 2890//658
f 2863//659 2894//659 2895//659
f 2863//659 2895//659 2864//659
f 2895//660 2896//660 2864//660
f 2864//660 2896//660 2866//660
f 2896//661 2897//661 2866//661
f 2866//661 2897//661 2868//661
f 2897//662 2898//662 2868//662
f 2868//662 2898//662 2870//662
f 2898//663 2899//663 2870//663
f 2870//663 2899//663 2871//663
f 2900//664 2901//664 2902//664
f 2869//665 2871//665 2901//665
f 2871//665 2899//665 2901//665
f 2901//666 2899//666 2902//666
f 2902//667 2903//667 2904//667
f 2904//668 2905//668 2902//668
f 2905//669 2906//669 2902//669
f 2902//670 2906//670 2900//670
f 2907//671 2901//671 2908//671
f 2901//672 2900//672 2908//672
f 2908//673 2900//673 2909//673
f 2909//674 2900//674 2910//674
f 2900//675 2906//675 2910//675
f 2910//676 2906//676 2911//676
f 2911//677 2906//677 2912//677
f 2906//678 2905//678 2912//678
f 2912//679 2905//679 2913//679
f 2914//680 2915//680 2904//680
f 2915//681 2916//681 2904//681
f 2904//682 2916//682 2905//682
f 2916//683 2917//683 2905//683
f 2905//684 2917//684 2913//684
f 2914//685 2904//685 2918//685
f 2904//686 2903//686 2918//686
f 2918//687 2903//687 2919//687
f 2919//688 2903//688 2920//688
f 2903//689 2902//689 2920//689
f 2920//690 2902//690 2921//690
f 2922//52 2907//52 2923//52
f 2907//52 2908//52 2923//52
f 2923//52 2908//52 2909//52
f 2909//52 2910//52 2923//52
f 2910//52 2911//52 2923//52
f 2923//52 2911//52 2912//52
f 2912//52 2913//52 2923//52
f 2913//52 2917//52 2923//52
f 2923//52 2917//52 2916//52
f 2924//691 2925//691 2642//691
f 2925//691 2643//691 2642//691
f 2923//692 2916//692 2649//692
f 2916//693 2915//693 2649//693
f 2915//694 2914//694 2649//694
f 2914//695 2918//695 2649//695
f 2649//696 2918//696 2919//696
f 2919//697 2920//697 2649//697
f 2920//698 2921//698 2649//698
f 2649//699 2921//699 2646//699
f 2926//700 2927//700 2924//700
f 2927//700 2925//700 2924//700
f 2928//124 2929//124 2633//124
f 2929//124 2634//124 2633//124
f 2639//124 2641//124 2926//124
f 2641//124 2927//124 2926//124
f 2930//701 2931//701 2928//701
f 2931//701 2929//701 2928//701
f 2625//702 2932//702 2626//702
f 2932//703 2933//703 2626//703
f 2626//704 2933//704 2934//704
f 2614//705 2616//705 2935//705
f 2616//706 2626//706 2935//706
f 2934//707 2936//707 2626//707
f 2936//708 2937//708 2626//708
f 2626//709 2937//709 2935//709
f 2629//710 2632//710 2930//710
f 2632//710 2931//710 2930//710
f 2619//711 2618//711 2938//711
f 2615//712 2614//712 2939//712
f 2614//713 2935//713 2939//713
f 2939//714 2935//714 2940//714
f 2938//715 2618//715 2939//715
f 2618//716 2617//716 2939//716
f 2939//717 2617//717 2615//717
f 2941//718 2942//718 2623//718
f 2623//719 2622//719 2941//719
f 2622//720 2621//720 2941//720
f 2941//721 2621//721 2938//721
f 2621//722 2620//722 2938//722
f 2938//723 2620//723 2619//723
f 2932//724 2943//724 2933//724
f 2943//725 2944//725 2933//725
f 2935//726 2937//726 2940//726
f 2937//727 2936//727 2940//727
f 2940//728 2936//728 2944//728
f 2936//729 2934//729 2944//729
f 2944//730 2934//730 2933//730
f 2854//731 2856//731 2945//731
f 2856//731 2942//731 2945//731
f 2940//732 2944//732 2942//732
f 2944//733 2943//733 2942//733
f 2942//734 2943//734 2945//734
f 2941//735 2938//735 2942//735
f 2938//736 2939//736 2942//736
f 2942//737 2939//737 2940//737
f 2854//738 2945//738 2946//738
f 2854//738 2946//738 2855//738
f 2946//739 2947//739 2855//739
f 2855//739 2947//739 2857//739
f 2947//740 2948//740 2857//740
f 2857//740 2948//740 2859//740
f 2948//741 2949//741 2859//741
f 2859//741 2949//741 2861//741
f 2949//742 2950//742 2861//742
f 2861//742 2950//742 2862//742
f 2860//743 2862//743 2951//743
f 2862//743 2950//743 2951//743
f 2950//743 2952//743 2951//743
f 2952//744 2953//744 2951//744
f 2951//745 2953//745 2954//745
f 2954//746 2955//746 2951//746
f 2955//747 2956//747 2951//747
f 2951//748 2956//748 2957//748
f 2958//749 2951//749 2959//749
f 2951//750 2957//750 2959//750
f 2959//751 2957//751 2960//751
f 2960//752 2957//752 2961//752
f 2957//753 2956//753 2961//753
f 2961//754 2956//754 2962//754
f 2962//755 2956//755 2963//755
f 2956//756 2955//756 2963//756
f 2963//757 2955//757 2964//757
f 2965//758 2966//758 2954//758
f 2966//759 2967//759 2954//759
f 2954//760 2967//760 2955//760
f 2967//761 2968//761 2955//761
f 2955//762 2968//762 2964//762
f 2965//763 2954//763 2969//763
f 2954//764 2953//764 2969//764
f 2969//765 2953//765 2970//765
f 2970//766 2953//766 2971//766
f 2953//767 2952//767 2971//767
f 2971//768 2952//768 2972//768
f 2973//769 2974//769 2975//769
f 2974//770 2976//770 2975//770
f 2977//771 2973//771 2978//771
f 2973//771 2975//771 2978//771
f 2976//772 2979//772 2975//772
f 2979//772 2978//772 2975//772
f 2979//773 2980//773 2978//773
f 2980//774 2977//774 2978//774
f 832//775 833//775 2973//775
f 833//775 2974//775 2973//775
f 2981//776 2967//776 2980//776
f 2967//777 2966//777 2980//777
f 2966//778 2965//778 2980//778
f 2965//779 2969//779 2980//779
f 2980//780 2969//780 2970//780
f 2970//781 2971//781 2980//781
f 2971//782 2972//782 2980//782
f 2980//134 2972//134 2977//134
f 2982//124 2958//124 2981//124
f 2958//124 2959//124 2981//124
f 2981//124 2959//124 2960//124
f 2960//124 2961//124 2981//124
f 2961//124 2962//124 2981//124
f 2981//124 2962//124 2963//124
f 2963//124 2964//124 2981//124
f 2964//124 2968//124 2981//124
f 2981//124 2968//124 2967//124
f 2876//124 2875//124 2983//124
f 2875//124 2880//124 2983//124
f 2983//124 2880//124 2873//124
f 2873//124 2872//124 2983//124
f 2872//124 2886//124 2983//124
f 2983//783 2886//783 2885//783
f 2885//124 2884//124 2983//124
f 2884//124 2883//124 2983//124
f 2983//124 2883//124 2984//124
f 2985//117 2986//117 2987//117
f 2986//784 2988//784 2987//784
f 2989//116 2985//116 2990//116
f 2985//116 2987//116 2990//116
f 2988//115 2991//115 2987//115
f 2991//115 2990//115 2987//115
f 2991//113 2992//113 2990//113
f 2992//114 2989//114 2990//114
f 2985//785 2887//785 2986//785
f 2887//786 2889//786 2986//786
f 2986//787 2889//787 2893//787
f 2876//788 2983//788 2878//788
f 2983//789 2986//789 2878//789
f 2893//790 2892//790 2986//790
f 2892//791 2891//791 2986//791
f 2986//792 2891//792 2878//792
f 2989//88 2992//88 2993//88
f 2992//88 2994//88 2993//88
f 2993//92 2994//92 2995//92
f 2994//92 2996//92 2995//92
f 2997//93 2998//93 2999//93
f 2997//93 2999//93 3000//93
f 2999//94 3001//94 3000//94
f 3000//94 3001//94 3002//94
f 3001//95 3003//95 3002//95
f 3002//95 3003//95 3004//95
f 3003//96 3005//96 3004//96
f 3004//96 3005//96 3006//96
f 3005//97 3007//97 3006//97
f 3006//97 3007//97 3008//97
f 3007//98 3009//98 3008//98
f 3008//98 3009//98 3010//98
f 3009//99 3011//99 3010//99
f 3010//99 3011//99 3012//99
f 3011//100 2995//100 3012//100
f 3012//100 2995//100 2996//100
f 3013//124 3014//124 3015//124
f 3014//124 3016//124 3015//124
f 3017//123 3013//123 3018//123
f 3013//123 3015//123 3018//123
f 3016//87 3019//87 3015//87
f 3019//87 3018//87 3015//87
f 3019//122 3020//122 3018//122
f 3020//122 3017//122 3018//122
f 2604//87 2605//87 2606//87
f 2605//87 2607//87 2606//87
f 2610//87 2613//87 2704//87
f 2613//87 2705//87 2704//87
f 2998//87 2997//87 3013//87
f 2997//87 3014//87 3013//87
f 3017//87 3020//87 3021//87
f 3020//87 3022//87 3021//87
f 3021//793 3022//793 3023//793
f 3022//793 3024//793 3023//793
f 3025//794 3026//794 3027//794
f 3026//794 3028//794 3027//794
f 3027//795 3028//795 3029//795
f 3028//795 3030//795 3029//795
f 3029//796 3030//796 3031//796
f 3030//796 3032//796 3031//796
f 3031//797 3032//797 3033//797
f 3032//797 3034//797 3033//797
f 3033//798 3034//798 3035//798
f 3034//798 3036//798 3035//798
f 3035//799 3036//799 3037//799
f 3036//799 3038//799 3037//799
f 3037//800 3038//800 3039//800
f 3038//800 3040//800 3039//800
f 3039//801 3040//801 3041//801
f 3040//801 3042//801 3041//801
f 3041//802 3042//802 3043//802
f 3042//802 3044//802 3043//802
f 3043//803 3044//803 3045//803
f 3044//803 3046//803 3045//803
f 3045//804 3046//804 3047//804
f 3046//804 3048//804 3047//804
f 3047//805 3048//805 3049//805
f 3048//805 3050//805 3049//805
f 3049//806 3050//806 3051//806
f 3050//806 3052//806 3051//806
f 3051//807 3052//807 3053//807
f 3052//808 3054//808 3053//808
f 3053//809 3054//809 3055//809
f 3054//809 3056//809 3055//809
f 3055//810 3056//810 3057//810
f 3056//810 3058//810 3057//810
f 3057//811 3058//811 3059//811
f 3058//811 3060//811 3059//811
f 3059//812 3060//812 3061//812
f 3060//813 3062//813 3061//813
f 3023//814 3024//814 3063//814
f 3024//814 3064//814 3063//814
f 3063//815 3064//815 3065//815
f 3064//815 3066//815 3065//815
f 3065//816 3066//816 3067//816
f 3066//816 3068//816 3067//816
f 3067//817 3068//817 3069//817
f 3068//817 3070//817 3069//817
f 3069//818 3070//818 3062//818
f 3070//818 3071//818 3062//818
f 3062//819 3071//819 3061//819
f 3026//820 3025//820 3072//820
f 3025//820 3073//820 3072//820
f 3072//785 3073//785 3074//785
f 3073//785 3075//785 3074//785
f 3074//92 3075//92 3076//92
f 3075//92 3077//92 3076//92
f 3078//166 3079//166 3080//166
f 3078//93 3080//93 3081//93
f 3080//94 3082//94 3081//94
f 3081//94 3082//94 3083//94
f 3082//95 3084//95 3083//95
f 3083//95 3084//95 3085//95
f 3084//96 3086//96 3085//96
f 3085//96 3086//96 3087//96
f 3086//97 3088//97 3087//97
f 3087//97 3088//97 3089//97
f 3088//132 3090//132 3089//132
f 3089//132 3090//132 3091//132
f 3090//131 3092//131 3091//131
f 3091//99 3092//99 3093//99
f 3092//100 3076//100 3093//100
f 3093//100 3076//100 3077//100
f 3094//124 3095//124 3096//124
f 3095//124 3097//124 3096//124
f 3096//124 3097//124 3098//124
f 3099//123 3097//123 3100//123
f 3097//123 3095//123 3100//123
f 3094//87 3101//87 3095//87
f 3101//87 3100//87 3095//87
f 3102//122 3099//122 3103//122
f 3099//122 3100//122 3103//122
f 3103//122 3100//122 3101//122
f 3104//769 3105//769 3106//769
f 3105//770 3107//770 3106//770
f 3108//771 3104//771 3109//771
f 3104//771 3106//771 3109//771
f 3107//772 3110//772 3106//772
f 3110//772 3109//772 3106//772
f 3110//774 3111//774 3109//774
f 3111//774 3108//774 3109//774
f 3112//170 3113//170 3114//170
f 3113//170 3115//170 3114//170
f 3116//169 3112//169 3117//169
f 3112//169 3114//169 3117//169
f 3115//168 3118//168 3114//168
f 3118//168 3117//168 3114//168
f 3118//167 3119//167 3117//167
f 3119//167 3116//167 3117//167
f 3120//122 3121//122 3122//122
f 3121//122 3123//122 3122//122
f 3124//125 3120//125 3125//125
f 3120//125 3122//125 3125//125
f 3123//52 3126//52 3122//52
f 3126//52 3125//52 3122//52
f 3126//124 3127//124 3125//124
f 3127//124 3124//124 3125//124
f 3128//769 3129//769 3130//769
f 3129//770 3131//770 3130//770
f 3132//771 3128//771 3133//771
f 3128//771 3130//771 3133//771
f 3131//772 3134//772 3130//772
f 3134//772 3133//772 3130//772
f 3134//774 3135//774 3133//774
f 3135//773 3132//773 3133//773
f 3136//170 3137//170 3138//170
f 3137//170 3139//170 3138//170
f 3140//169 3136//169 3141//169
f 3136//169 3138//169 3141//169
f 3139//168 3142//168 3138//168
f 3142//168 3141//168 3138//168
f 3142//167 3143//167 3141//167
f 3143//167 3140//167 3141//167
f 3144//122 3145//122 3146//122
f 3145//122 3147//122 3146//122
f 3148//125 3144//125 3149//125
f 3144//125 3146//125 3149//125
f 3147//52 3150//52 3146//52
f 3150//52 3149//52 3146//52
f 3150//124 3151//124 3149//124
f 3151//124 3148//124 3149//124
f 3152//769 3153//769 3154//769
f 3153//770 3155//770 3154//770
f 3156//771 3152//771 3157//771
f 3152//771 3154//771 3157//771
f 3155//772 3158//772 3154//772
f 3158//772 3157//772 3154//772
f 3158//774 3159//774 3157//774
f 3159//773 3156//773 3157//773
f 3160//170 3161//170 3162//170
f 3161//170 3163//170 3162//170
f 3164//169 3160//169 3165//169
f 3160//169 3162//169 3165//169
f 3163//168 3166//168 3162//168
f 3166//168 3165//168 3162//168
f 3166//167 3167//167 3165//167
f 3167//167 3164//167 3165//167
f 3168//821 3169//821 3170//821
f 3169//822 3171//822 3170//822
f 3170//462 3171//462 3172//462
f 3161//823 3160//823 3173//823
f 3160//824 3174//824 3173//824
f 3173//81 3174//81 3175//81
f 3164//34 3167//34 3171//34
f 3167//34 3172//34 3171//34
f 3176//52 3177//52 3178//52
f 3177//52 3175//52 3178//52
f 3178//52 3175//52 3174//52
f 3179//775 3180//775 3152//775
f 3180//775 3153//775 3152//775
f 3156//776 3159//776 3176//776
f 3159//776 3177//776 3176//776
f 3181//133 3182//133 3179//133
f 3182//133 3180//133 3179//133
f 3183//127 3184//127 3185//127
f 3183//127 3185//127 3186//127
f 3185//128 3187//128 3186//128
f 3186//128 3187//128 3188//128
f 3187//129 3189//129 3188//129
f 3188//129 3189//129 3190//129
f 3189//130 3191//130 3190//130
f 3190//130 3191//130 3192//130
f 3191//100 3193//100 3192//100
f 3192//100 3193//100 3194//100
f 3193//99 3195//99 3194//99
f 3194//99 3195//99 3196//99
f 3195//98 3197//98 3196//98
f 3196//98 3197//98 3198//98
f 3197//97 3182//97 3198//97
f 3198//97 3182//97 3181//97
f 3199//52 3200//52 3144//52
f 3200//52 3145//52 3144//52
f 3148//52 3151//52 3183//52
f 3151//52 3184//52 3183//52
f 3200//44 3199//44 3201//44
f 3200//44 3201//44 3202//44
f 3201//45 3203//45 3202//45
f 3202//45 3203//45 3204//45
f 3203//46 3205//46 3204//46
f 3204//46 3205//46 3206//46
f 3205//47 3207//47 3206//47
f 3206//47 3207//47 3208//47
f 3207//48 3209//48 3208//48
f 3208//48 3209//48 3210//48
f 3209//49 3211//49 3210//49
f 3210//49 3211//49 3212//49
f 3211//50 3213//50 3212//50
f 3212//50 3213//50 3214//50
f 3213//51 3215//51 3214//51
f 3214//51 3215//51 3216//51
f 3217//43 3218//43 3215//43
f 3218//43 3216//43 3215//43
f 3136//825 3219//825 3220//825
f 3220//826 3221//826 3136//826
f 3221//827 3222//827 3136//827
f 3136//828 3222//828 3137//828
f 3140//34 3143//34 3217//34
f 3143//34 3218//34 3217//34
f 3220//52 3219//52 3223//52
f 3219//52 3224//52 3223//52
f 3223//52 3224//52 3225//52
f 3224//52 3226//52 3225//52
f 3225//52 3226//52 3227//52
f 3228//775 3229//775 3128//775
f 3229//775 3129//775 3128//775
f 3132//776 3135//776 3226//776
f 3135//776 3227//776 3226//776
f 3230//133 3231//133 3228//133
f 3231//133 3229//133 3228//133
f 3232//127 3233//127 3234//127
f 3232//127 3234//127 3235//127
f 3234//128 3236//128 3235//128
f 3235//128 3236//128 3237//128
f 3236//129 3238//129 3237//129
f 3237//129 3238//129 3239//129
f 3238//130 3240//130 3239//130
f 3239//130 3240//130 3241//130
f 3240//100 3242//100 3241//100
f 3241//100 3242//100 3243//100
f 3242//99 3244//99 3243//99
f 3243//99 3244//99 3245//99
f 3244//98 3246//98 3245//98
f 3245//98 3246//98 3247//98
f 3246//97 3231//97 3247//97
f 3247//97 3231//97 3230//97
f 3248//52 3249//52 3120//52
f 3249//52 3121//52 3120//52
f 3124//52 3127//52 3232//52
f 3127//52 3233//52 3232//52
f 3249//44 3248//44 3250//44
f 3249//44 3250//44 3251//44
f 3250//45 3252//45 3251//45
f 3251//45 3252//45 3253//45
f 3252//46 3254//46 3253//46
f 3253//46 3254//46 3255//46
f 3254//47 3256//47 3255//47
f 3255//47 3256//47 3257//47
f 3256//48 3258//48 3257//48
f 3257//48 3258//48 3259//48
f 3258//108 3260//108 3259//108
f 3259//108 3260//108 3261//108
f 3260//50 3262//50 3261//50
f 3261//107 3262//107 3263//107
f 3262//51 3264//51 3263//51
f 3263//51 3264//51 3265//51
f 3266//43 3267//43 3264//43
f 3267//43 3265//43 3264//43
f 3268//825 3269//825 3112//825
f 3269//825 3113//825 3112//825
f 3116//34 3119//34 3266//34
f 3119//34 3267//34 3266//34
f 3270//52 3271//52 3272//52
f 3271//52 3273//52 3272//52
f 3272//52 3273//52 3268//52
f 3273//52 3269//52 3268//52
f 3274//775 3275//775 3104//775
f 3275//775 3105//775 3104//775
f 3108//776 3111//776 3270//776
f 3111//776 3271//776 3270//776
f 3275//829 3274//829 3276//829
f 3274//830 3277//830 3276//830
f 3276//91 3277//91 3278//91
f 3279//87 3280//87 2436//87
f 3280//87 2437//87 2436//87
f 2509//87 2508//87 3281//87
f 2508//87 3282//87 3281//87
f 3169//87 3168//87 3283//87
f 3168//87 2528//87 3283//87
f 3283//87 2528//87 2527//87
f 2529//87 2532//87 2534//87
f 2532//87 2535//87 2534//87
f 3079//87 3078//87 3097//87
f 3078//87 3098//87 3097//87
f 3099//87 3102//87 3284//87
f 3102//87 3285//87 3284//87
f 3284//87 3285//87 3277//87
f 3285//87 3278//87 3277//87
f 3280//122 3279//122 3286//122
f 3279//122 3287//122 3286//122
f 3286//122 3287//122 3288//122
f 3289//87 3288//87 3290//87
f 3288//87 3287//87 3290//87
f 3279//123 3281//123 3287//123
f 3281//123 3290//123 3287//123
f 3289//124 3290//124 3291//124
f 3290//124 3281//124 3291//124
f 3291//124 3281//124 3282//124
f 2645//1 2643//1 2925//1
f 2931//1 2632//1 2631//1
f 2925//1 2927//1 2645//1
f 2927//1 2641//1 2645//1
f 2645//1 2641//1 2640//1
f 2406//1 2408//1 2631//1
f 2408//1 2410//1 2631//1
f 2631//1 2410//1 2931//1
f 2923//1 2649//1 2628//1
f 2649//1 2648//1 2628//1
f 3292//1 2616//1 3293//1
f 2616//1 2624//1 3293//1
f 2370//1 2372//1 2636//1
f 2394//1 2396//1 2648//1
f 2626//1 2616//1 2628//1
f 2616//1 3292//1 2628//1
f 2628//1 3292//1 2923//1
f 3292//1 3294//1 2923//1
f 2923//1 3294//1 2922//1
f 2410//1 2364//1 2931//1
f 2364//1 2366//1 2931//1
f 2931//1 2366//1 2368//1
f 2396//1 2398//1 2648//1
f 2398//1 2400//1 2648//1
f 2648//1 2400//1 2628//1
f 2400//1 2402//1 2628//1
f 2628//1 2402//1 2631//1
f 2402//1 2404//1 2631//1
f 2631//1 2404//1 2406//1
f 2634//1 2929//1 2636//1
f 2929//1 2931//1 2636//1
f 2636//1 2931//1 2370//1
f 2931//1 2368//1 2370//1
f 2372//1 2374//1 2636//1
f 2374//1 2376//1 2636//1
f 2636//1 2376//1 2640//1
f 2376//1 2378//1 2640//1
f 2640//1 2378//1 2380//1
f 2380//1 2382//1 2640//1
f 2382//1 2384//1 2640//1
f 2640//1 2384//1 2645//1
f 2384//1 2386//1 2645//1
f 2386//1 2388//1 2645//1
f 2388//1 2390//1 2645//1
f 2645//1 2390//1 2648//1
f 2390//1 2392//1 2648//1
f 2648//1 2392//1 2394//1
f 3295//1 3296//1 3297//1
f 750//1 767//1 772//1
f 775//1 777//1 3295//1
f 785//1 787//1 3295//1
f 722//1 724//1 3298//1
f 682//1 3299//1 680//1
f 626//1 536//1 534//1
f 640//1 480//1 471//1
f 645//1 647//1 3300//1
f 427//1 424//1 3301//1
f 838//1 840//1 3297//1
f 3302//1 3303//1 342//1
f 339//1 337//1 344//1
f 337//1 838//1 344//1
f 344//1 838//1 360//1
f 838//1 3297//1 360//1
f 360//1 3297//1 358//1
f 3297//1 356//1 358//1
f 3304//1 376//1 364//1
f 812//1 814//1 3296//1
f 814//1 366//1 3296//1
f 366//1 345//1 3296//1
f 3296//1 345//1 348//1
f 348//1 350//1 3296//1
f 350//1 352//1 3296//1
f 3296//1 352//1 3297//1
f 352//1 354//1 3297//1
f 3297//1 354//1 356//1
f 415//1 417//1 3305//1
f 417//1 419//1 3305//1
f 3305//1 419//1 421//1
f 2274//1 2273//1 3306//1
f 2273//1 2272//1 3306//1
f 2275//1 387//1 2276//1
f 387//1 2277//1 2276//1
f 2277//1 387//1 2278//1
f 387//1 389//1 2278//1
f 2278//1 389//1 2279//1
f 389//1 391//1 2279//1
f 2279//1 391//1 2280//1
f 391//1 393//1 2280//1
f 2280//1 393//1 2281//1
f 393//1 395//1 2281//1
f 2281//1 395//1 2282//1
f 395//1 397//1 2282//1
f 2282//1 397//1 2283//1
f 397//1 399//1 2283//1
f 2283//1 399//1 2284//1
f 399//1 401//1 2284//1
f 2284//1 401//1 2285//1
f 401//1 403//1 2285//1
f 2285//1 403//1 2286//1
f 403//1 405//1 2286//1
f 2286//1 405//1 2287//1
f 405//1 407//1 2287//1
f 2287//1 407//1 2288//1
f 407//1 409//1 2288//1
f 2288//1 409//1 3307//1
f 409//1 411//1 3307//1
f 3307//1 411//1 3305//1
f 411//1 413//1 3305//1
f 3305//1 413//1 415//1
f 379//1 381//1 3306//1
f 381//1 383//1 3306//1
f 2275//1 2274//1 387//1
f 2274//1 3306//1 387//1
f 387//1 3306//1 385//1
f 3306//1 383//1 385//1
f 364//1 3301//1 3304//1
f 3301//1 424//1 3304//1
f 3304//1 424//1 3306//1
f 424//1 377//1 3306//1
f 3306//1 377//1 379//1
f 647//1 452//1 430//1
f 435//1 437//1 3300//1
f 647//1 430//1 3300//1
f 430//1 433//1 3300//1
f 3300//1 433//1 435//1
f 437//1 439//1 3300//1
f 439//1 441//1 3300//1
f 3300//1 441//1 443//1
f 425//1 427//1 429//1
f 427//1 445//1 429//1
f 642//1 644//1 473//1
f 473//1 644//1 3308//1
f 473//1 474//1 642//1
f 474//1 449//1 642//1
f 642//1 449//1 447//1
f 478//1 476//1 482//1
f 476//1 638//1 482//1
f 1879//1 1880//1 638//1
f 1880//1 1881//1 638//1
f 1860//1 482//1 1883//1
f 482//1 638//1 1883//1
f 1883//1 638//1 1882//1
f 638//1 1881//1 1882//1
f 1868//1 1869//1 3308//1
f 1869//1 1870//1 3308//1
f 1860//1 1861//1 482//1
f 1861//1 1862//1 482//1
f 482//1 1862//1 490//1
f 1862//1 1863//1 490//1
f 490//1 1863//1 1864//1
f 1870//1 1871//1 3308//1
f 1871//1 1872//1 3308//1
f 3308//1 1872//1 473//1
f 1872//1 1873//1 473//1
f 473//1 1873//1 1874//1
f 1874//1 1875//1 473//1
f 1875//1 1876//1 473//1
f 473//1 1876//1 1877//1
f 1864//1 1865//1 490//1
f 1865//1 1866//1 490//1
f 490//1 1866//1 3308//1
f 1866//1 1867//1 3308//1
f 3308//1 1867//1 1868//1
f 471//1 473//1 640//1
f 473//1 1877//1 640//1
f 640//1 1877//1 638//1
f 1877//1 1878//1 638//1
f 638//1 1878//1 1879//1
f 512//1 510//1 630//1
f 527//1 525//1 3309//1
f 525//1 523//1 3309//1
f 3309//1 523//1 521//1
f 521//1 519//1 3309//1
f 519//1 517//1 3309//1
f 3309//1 517//1 515//1
f 515//1 512//1 3309//1
f 512//1 630//1 3309//1
f 3309//1 630//1 3310//1
f 630//1 632//1 3310//1
f 3310//1 632//1 514//1
f 538//1 532//1 628//1
f 532//1 529//1 628//1
f 514//1 493//1 3310//1
f 493//1 496//1 3310//1
f 3310//1 496//1 498//1
f 498//1 500//1 3310//1
f 500//1 502//1 3310//1
f 3310//1 502//1 504//1
f 504//1 506//1 3310//1
f 506//1 634//1 3310//1
f 3310//1 634//1 3308//1
f 634//1 636//1 3308//1
f 3308//1 636//1 490//1
f 636//1 488//1 490//1
f 487//1 485//1 492//1
f 485//1 634//1 492//1
f 492//1 634//1 508//1
f 634//1 506//1 508//1
f 543//1 536//1 3311//1
f 536//1 626//1 3311//1
f 3311//1 626//1 3309//1
f 626//1 628//1 3309//1
f 3309//1 628//1 527//1
f 628//1 529//1 527//1
f 3312//1 622//1 624//1
f 549//1 540//1 624//1
f 540//1 542//1 624//1
f 624//1 542//1 3312//1
f 616//1 586//1 584//1
f 597//1 591//1 616//1
f 591//1 588//1 616//1
f 616//1 588//1 586//1
f 576//1 574//1 3313//1
f 574//1 571//1 3313//1
f 582//1 580//1 3313//1
f 580//1 578//1 3313//1
f 3313//1 578//1 576//1
f 573//1 3312//1 620//1
f 3312//1 3313//1 620//1
f 620//1 3313//1 618//1
f 3313//1 571//1 618//1
f 618//1 571//1 569//1
f 573//1 552//1 3312//1
f 552//1 555//1 3312//1
f 3312//1 555//1 557//1
f 557//1 559//1 3312//1
f 559//1 561//1 3312//1
f 3312//1 561//1 563//1
f 547//1 545//1 551//1
f 545//1 622//1 551//1
f 551//1 622//1 567//1
f 622//1 3312//1 567//1
f 567//1 3312//1 565//1
f 3312//1 563//1 565//1
f 1930//1 1931//1 599//1
f 1925//1 616//1 3313//1
f 616//1 584//1 3313//1
f 3313//1 584//1 582//1
f 1929//1 1930//1 614//1
f 1930//1 599//1 614//1
f 614//1 599//1 593//1
f 599//1 595//1 593//1
f 1931//1 1908//1 599//1
f 1908//1 1909//1 599//1
f 599//1 1909//1 1910//1
f 1918//1 1919//1 3314//1
f 1919//1 1920//1 3314//1
f 3314//1 1920//1 3313//1
f 1920//1 1921//1 3313//1
f 3313//1 1921//1 1922//1
f 1922//1 1923//1 3313//1
f 1923//1 1924//1 3313//1
f 3313//1 1924//1 1925//1
f 1925//1 1926//1 616//1
f 1926//1 1927//1 616//1
f 616//1 1927//1 614//1
f 1927//1 1928//1 614//1
f 614//1 1928//1 1929//1
f 605//1 603//1 610//1
f 1915//1 1916//1 3314//1
f 1916//1 1917//1 3314//1
f 3314//1 1917//1 1918//1
f 605//1 610//1 608//1
f 607//1 601//1 612//1
f 601//1 599//1 612//1
f 1910//1 1911//1 599//1
f 1911//1 1912//1 599//1
f 599//1 1912//1 612//1
f 1912//1 1913//1 612//1
f 612//1 1913//1 610//1
f 1913//1 1914//1 610//1
f 1914//1 1915//1 610//1
f 1915//1 3314//1 610//1
f 610//1 3314//1 608//1
f 3314//1 3315//1 608//1
f 608//1 3315//1 609//1
f 721//1 457//1 3315//1
f 457//1 459//1 3315//1
f 3315//1 459//1 609//1
f 459//1 461//1 609//1
f 721//1 3315//1 719//1
f 3315//1 3314//1 719//1
f 719//1 3314//1 718//1
f 3314//1 3313//1 718//1
f 718//1 3313//1 716//1
f 650//1 648//1 3316//1
f 648//1 456//1 3316//1
f 3316//1 658//1 656//1
f 667//1 665//1 3317//1
f 665//1 662//1 3317//1
f 3317//1 662//1 3316//1
f 662//1 660//1 3316//1
f 3316//1 660//1 658//1
f 656//1 654//1 3316//1
f 654//1 652//1 3316//1
f 3316//1 652//1 650//1
f 3318//1 669//1 3319//1
f 669//1 667//1 3319//1
f 704//1 706//1 3318//1
f 706//1 708//1 3318//1
f 3318//1 708//1 710//1
f 710//1 712//1 3318//1
f 712//1 714//1 3318//1
f 3318//1 714//1 669//1
f 702//1 3320//1 700//1
f 3320//1 698//1 700//1
f 692//1 694//1 3320//1
f 694//1 696//1 3320//1
f 3320//1 696//1 698//1
f 2264//1 2263//1 690//1
f 690//1 2263//1 688//1
f 2263//1 2262//1 688//1
f 688//1 2262//1 686//1
f 2262//1 2261//1 686//1
f 686//1 2261//1 684//1
f 2261//1 2260//1 684//1
f 684//1 2260//1 682//1
f 672//1 674//1 670//1
f 674//1 676//1 670//1
f 670//1 676//1 678//1
f 370//1 368//1 834//1
f 818//1 816//1 3321//1
f 374//1 372//1 3317//1
f 667//1 3317//1 3319//1
f 3317//1 372//1 3319//1
f 3319//1 372//1 670//1
f 816//1 370//1 3321//1
f 370//1 834//1 3321//1
f 3321//1 834//1 3317//1
f 834//1 836//1 3317//1
f 3317//1 836//1 374//1
f 826//1 824//1 3322//1
f 824//1 822//1 3322//1
f 3322//1 822//1 3321//1
f 822//1 820//1 3321//1
f 3321//1 820//1 818//1
f 833//1 830//1 3322//1
f 830//1 828//1 3322//1
f 3322//1 828//1 826//1
f 2974//1 833//1 2976//1
f 833//1 3322//1 2976//1
f 2976//1 3322//1 2979//1
f 3322//1 3323//1 2979//1
f 2979//1 3323//1 2980//1
f 3323//1 2981//1 2980//1
f 2982//1 2981//1 3324//1
f 2981//1 3323//1 3324//1
f 3324//1 3323//1 3325//1
f 3323//1 3302//1 3325//1
f 3325//1 3302//1 3326//1
f 3302//1 342//1 3326//1
f 3326//1 342//1 842//1
f 802//1 800//1 3327//1
f 800//1 798//1 3327//1
f 3327//1 798//1 470//1
f 3295//1 787//1 3296//1
f 787//1 789//1 3296//1
f 3296//1 789//1 791//1
f 810//1 808//1 3328//1
f 808//1 806//1 3328//1
f 3328//1 806//1 3327//1
f 806//1 804//1 3327//1
f 3327//1 804//1 802//1
f 779//1 781//1 3295//1
f 781//1 783//1 3295//1
f 3295//1 783//1 785//1
f 779//1 3295//1 769//1
f 3295//1 777//1 769//1
f 769//1 777//1 771//1
f 774//1 775//1 2418//1
f 753//1 751//1 3321//1
f 751//1 750//1 3321//1
f 750//1 772//1 3321//1
f 3321//1 772//1 3322//1
f 772//1 774//1 3322//1
f 3322//1 774//1 2419//1
f 774//1 2418//1 2419//1
f 3298//1 2052//1 3316//1
f 2052//1 2054//1 3316//1
f 2092//1 2094//1 3298//1
f 2054//1 2056//1 3316//1
f 2056//1 2058//1 3316//1
f 3316//1 2058//1 2060//1
f 2068//1 2070//1 3317//1
f 2070//1 2072//1 3317//1
f 759//1 757//1 3321//1
f 757//1 755//1 3321//1
f 3321//1 755//1 753//1
f 2094//1 2096//1 3298//1
f 2096//1 2098//1 3298//1
f 3298//1 2098//1 2052//1
f 2088//1 2090//1 742//1
f 2060//1 2062//1 3316//1
f 2062//1 2064//1 3316//1
f 3316//1 2064//1 3317//1
f 2064//1 2066//1 3317//1
f 3317//1 2066//1 2068//1
f 2072//1 2074//1 3317//1
f 2074//1 2076//1 3317//1
f 3317//1 2076//1 3321//1
f 2076//1 2078//1 3321//1
f 3321//1 2078//1 2080//1
f 761//1 759//1 2084//1
f 759//1 3321//1 2084//1
f 2084//1 3321//1 2082//1
f 3321//1 2080//1 2082//1
f 2086//1 765//1 2084//1
f 765//1 763//1 2084//1
f 2084//1 763//1 761//1
f 742//1 2090//1 741//1
f 2090//1 2092//1 741//1
f 741//1 2092//1 739//1
f 746//1 748//1 744//1
f 748//1 765//1 744//1
f 744//1 765//1 742//1
f 765//1 2086//1 742//1
f 742//1 2086//1 2088//1
f 3298//1 729//1 731//1
f 729//1 3298//1 464//1
f 3298//1 724//1 464//1
f 464//1 724//1 466//1
f 731//1 733//1 3298//1
f 733//1 735//1 3298//1
f 3298//1 735//1 2092//1
f 735//1 737//1 2092//1
f 2092//1 737//1 739//1
f 2419//1 2420//1 3322//1
f 2420//1 2421//1 3322//1
f 3322//1 2421//1 2422//1
f 2425//1 3323//1 2424//1
f 3323//1 3322//1 2424//1
f 2424//1 3322//1 2423//1
f 3322//1 2422//1 2423//1
f 2434//1 3302//1 2433//1
f 3302//1 2432//1 2433//1
f 2425//1 2426//1 3323//1
f 2426//1 2427//1 3323//1
f 3323//1 2427//1 2428//1
f 2434//1 2435//1 3302//1
f 2435//1 2412//1 3302//1
f 3302//1 2412//1 3329//1
f 2412//1 2413//1 3329//1
f 3329//1 2413//1 2414//1
f 2414//1 2415//1 3329//1
f 2415//1 2416//1 3329//1
f 3329//1 2416//1 775//1
f 2416//1 2417//1 775//1
f 775//1 2417//1 2418//1
f 2428//1 2429//1 3323//1
f 2429//1 2430//1 3323//1
f 3323//1 2430//1 3302//1
f 2430//1 2431//1 3302//1
f 3302//1 2431//1 2432//1
f 421//1 376//1 3305//1
f 376//1 3304//1 3305//1
f 3305//1 3304//1 2268//1
f 2272//1 2271//1 3306//1
f 2271//1 2270//1 3306//1
f 3306//1 2270//1 3304//1
f 2270//1 2269//1 3304//1
f 3304//1 2269//1 2268//1
f 2268//1 2291//1 3305//1
f 2291//1 2290//1 3305//1
f 3305//1 2290//1 3307//1
f 2290//1 2289//1 3307//1
f 3307//1 2289//1 2288//1
f 2257//1 2256//1 3299//1
f 2257//1 3299//1 2258//1
f 682//1 2260//1 3299//1
f 2260//1 2259//1 3299//1
f 3299//1 2259//1 2258//1
f 2266//1 3320//1 2267//1
f 3320//1 2244//1 2267//1
f 690//1 692//1 2264//1
f 692//1 3320//1 2264//1
f 2264//1 3320//1 2265//1
f 3320//1 2266//1 2265//1
f 678//1 680//1 670//1
f 680//1 3299//1 670//1
f 670//1 3299//1 3319//1
f 3299//1 2256//1 3319//1
f 3319//1 2256//1 2255//1
f 702//1 704//1 3320//1
f 704//1 3318//1 3320//1
f 3320//1 3318//1 2244//1
f 3318//1 2245//1 2244//1
f 2255//1 2254//1 3319//1
f 2254//1 2253//1 3319//1
f 3319//1 2253//1 2252//1
f 2248//1 2247//1 3318//1
f 2247//1 2246//1 3318//1
f 3318//1 2246//1 2245//1
f 2252//1 2251//1 3319//1
f 2251//1 2250//1 3319//1
f 3319//1 2250//1 3318//1
f 2250//1 2249//1 3318//1
f 3318//1 2249//1 2248//1
f 2008//1 2010//1 3328//1
f 3296//1 2018//1 2020//1
f 2048//1 2050//1 3330//1
f 2050//1 2004//1 3330//1
f 3330//1 2004//1 3328//1
f 2004//1 2006//1 3328//1
f 3328//1 2006//1 2008//1
f 2010//1 2012//1 3328//1
f 2012//1 2014//1 3328//1
f 3328//1 2014//1 2016//1
f 2040//1 2042//1 3330//1
f 795//1 797//1 793//1
f 797//1 810//1 793//1
f 793//1 810//1 791//1
f 810//1 3328//1 791//1
f 791//1 3328//1 3296//1
f 3328//1 2016//1 3296//1
f 3296//1 2016//1 2018//1
f 2042//1 2044//1 3330//1
f 2044//1 2046//1 3330//1
f 3330//1 2046//1 2048//1
f 2020//1 2022//1 3296//1
f 2022//1 2024//1 3296//1
f 3296//1 2024//1 2026//1
f 2028//1 2030//1 3301//1
f 2030//1 2032//1 3301//1
f 443//1 445//1 3300//1
f 445//1 427//1 3300//1
f 3300//1 427//1 3330//1
f 427//1 3301//1 3330//1
f 3330//1 3301//1 2040//1
f 3301//1 2038//1 2040//1
f 2026//1 2028//1 3296//1
f 2028//1 3301//1 3296//1
f 3296//1 3301//1 812//1
f 3301//1 364//1 812//1
f 812//1 364//1 362//1
f 2032//1 2034//1 3301//1
f 2034//1 2036//1 3301//1
f 3301//1 2036//1 2038//1
f 644//1 645//1 3308//1
f 645//1 3300//1 3308//1
f 3308//1 3300//1 3310//1
f 3300//1 3330//1 3310//1
f 3310//1 3330//1 3309//1
f 3330//1 3328//1 3309//1
f 3309//1 3328//1 3311//1
f 3328//1 3327//1 3311//1
f 3311//1 3327//1 727//1
f 3327//1 470//1 727//1
f 727//1 470//1 468//1
f 775//1 3295//1 3329//1
f 3295//1 3297//1 3329//1
f 3329//1 3297//1 3302//1
f 3297//1 840//1 3302//1
f 3302//1 840//1 3303//1
f 840//1 341//1 3303//1
f 3303//1 341//1 342//1
f 1885//1 542//1 1884//1
f 542//1 543//1 1884//1
f 1884//1 543//1 1907//1
f 1896//1 1897//1 3311//1
f 1885//1 1886//1 542//1
f 1886//1 1887//1 542//1
f 542//1 1887//1 1888//1
f 1888//1 1889//1 542//1
f 1889//1 1890//1 542//1
f 542//1 1890//1 3312//1
f 1890//1 1891//1 3312//1
f 3312//1 1891//1 1892//1
f 1892//1 1893//1 3312//1
f 1893//1 1894//1 3312//1
f 3312//1 1894//1 1895//1
f 727//1 726//1 3311//1
f 726//1 3312//1 3311//1
f 3311//1 3312//1 1896//1
f 3312//1 1895//1 1896//1
f 1897//1 1898//1 3311//1
f 1898//1 1899//1 3311//1
f 3311//1 1899//1 1900//1
f 1900//1 1901//1 3311//1
f 1901//1 1902//1 3311//1
f 3311//1 1902//1 543//1
f 1902//1 1903//1 543//1
f 543//1 1903//1 1904//1
f 1904//1 1905//1 543//1
f 1905//1 1906//1 543//1
f 543//1 1906//1 1907//1
f 726//1 722//1 3312//1
f 722//1 3298//1 3312//1
f 3312//1 3298//1 3313//1
f 3298//1 3316//1 3313//1
f 3313//1 3316//1 716//1
f 3316//1 456//1 716//1
f 716//1 456//1 454//1
f 2822//1 2820//1 2818//1
f 2805//1 2803//1 2801//1
f 2816//1 2814//1 2818//1
f 2814//1 2813//1 2818//1
f 2801//1 2800//1 2805//1
f 2800//1 2809//1 2805//1
f 2805//1 2809//1 2807//1
f 2827//1 2826//1 2797//1
f 2826//1 2825//1 2797//1
f 3331//1 2792//1 3332//1
f 2792//1 2793//1 3332//1
f 2795//1 2792//1 2797//1
f 2792//1 3331//1 2797//1
f 2797//1 3331//1 2827//1
f 3331//1 3333//1 2827//1
f 2827//1 3333//1 2835//1
f 2825//1 2322//1 2324//1
f 2306//1 2813//1 2304//1
f 2813//1 2809//1 2304//1
f 2304//1 2809//1 2302//1
f 2809//1 2300//1 2302//1
f 2324//1 2326//1 2825//1
f 2326//1 2328//1 2825//1
f 2825//1 2328//1 2797//1
f 2328//1 2330//1 2797//1
f 2797//1 2330//1 2332//1
f 2332//1 2334//1 2797//1
f 2334//1 2336//1 2797//1
f 2797//1 2336//1 2800//1
f 2336//1 2338//1 2800//1
f 2800//1 2338//1 2292//1
f 2292//1 2294//1 2800//1
f 2294//1 2296//1 2800//1
f 2800//1 2296//1 2809//1
f 2296//1 2298//1 2809//1
f 2809//1 2298//1 2300//1
f 2312//1 2818//1 2310//1
f 2818//1 2813//1 2310//1
f 2310//1 2813//1 2308//1
f 2813//1 2306//1 2308//1
f 2312//1 2314//1 2818//1
f 2314//1 2316//1 2818//1
f 2818//1 2316//1 2822//1
f 2316//1 2318//1 2822//1
f 2822//1 2318//1 2825//1
f 2318//1 2320//1 2825//1
f 2825//1 2320//1 2322//1
f 3334//1 3335//1 3336//1
f 2146//1 2100//1 3337//1
f 2517//1 2519//1 3338//1
f 2730//1 2732//1 2731//1
f 3158//1 3155//1 3339//1
f 3094//1 3096//1 3340//1
f 3037//1 3341//1 3035//1
f 3043//1 3045//1 3047//1
f 2983//1 2984//1 3342//1
f 2988//1 2986//1 2983//1
f 3008//1 3010//1 3343//1
f 3010//1 3012//1 3343//1
f 3343//1 3012//1 2996//1
f 2994//1 2992//1 2991//1
f 2983//1 3342//1 2988//1
f 3342//1 3343//1 2988//1
f 2988//1 3343//1 2991//1
f 3343//1 2996//1 2991//1
f 2991//1 2996//1 2994//1
f 3022//1 3020//1 3019//1
f 3024//1 3022//1 3344//1
f 3022//1 3334//1 3344//1
f 2997//1 3000//1 3335//1
f 3000//1 3002//1 3335//1
f 3002//1 3004//1 3335//1
f 3335//1 3004//1 3343//1
f 3004//1 3006//1 3343//1
f 3343//1 3006//1 3008//1
f 3022//1 3019//1 3334//1
f 3019//1 3016//1 3334//1
f 3334//1 3016//1 3335//1
f 3016//1 3014//1 3335//1
f 3335//1 3014//1 2997//1
f 3066//1 3071//1 3068//1
f 3071//1 3070//1 3068//1
f 2212//1 2211//1 3344//1
f 2211//1 2210//1 3344//1
f 3344//1 2210//1 2209//1
f 3066//1 3064//1 3071//1
f 3064//1 3024//1 3071//1
f 3071//1 3024//1 3061//1
f 3024//1 3344//1 3061//1
f 3061//1 3344//1 2208//1
f 3344//1 2209//1 2208//1
f 2219//1 3341//1 2196//1
f 3341//1 3047//1 2196//1
f 2196//1 3047//1 2197//1
f 3047//1 2198//1 2197//1
f 2208//1 2207//1 3061//1
f 2207//1 2206//1 3061//1
f 3061//1 2206//1 3059//1
f 2206//1 2205//1 3059//1
f 3059//1 2205//1 3057//1
f 2205//1 2204//1 3057//1
f 3057//1 2204//1 3055//1
f 2204//1 2203//1 3055//1
f 3055//1 2203//1 3053//1
f 2203//1 2202//1 3053//1
f 3053//1 2202//1 3051//1
f 2202//1 2201//1 3051//1
f 3051//1 2201//1 3049//1
f 2201//1 2200//1 3049//1
f 3049//1 2200//1 3047//1
f 2200//1 2199//1 3047//1
f 3047//1 2199//1 2198//1
f 2219//1 2218//1 3341//1
f 2218//1 2217//1 3341//1
f 3341//1 2217//1 2216//1
f 2216//1 2215//1 3341//1
f 2215//1 2214//1 3341//1
f 3341//1 2214//1 3344//1
f 2214//1 2213//1 3344//1
f 3344//1 2213//1 2212//1
f 3043//1 3047//1 3041//1
f 3341//1 3037//1 3047//1
f 3037//1 3039//1 3047//1
f 3047//1 3039//1 3041//1
f 3029//1 3031//1 3341//1
f 3031//1 3033//1 3341//1
f 3341//1 3033//1 3035//1
f 3340//1 3081//1 3083//1
f 3083//1 3085//1 3340//1
f 3085//1 3087//1 3340//1
f 3340//1 3087//1 3089//1
f 3075//1 3073//1 3077//1
f 3073//1 3345//1 3077//1
f 3077//1 3345//1 3093//1
f 3345//1 3340//1 3093//1
f 3093//1 3340//1 3091//1
f 3340//1 3089//1 3091//1
f 3081//1 3340//1 3078//1
f 3340//1 3096//1 3078//1
f 3078//1 3096//1 3098//1
f 3103//1 3101//1 1984//1
f 3115//1 3113//1 3346//1
f 2000//1 2001//1 3094//1
f 1988//1 1989//1 3346//1
f 1989//1 1990//1 3346//1
f 3346//1 1990//1 1991//1
f 1998//1 1999//1 3118//1
f 1999//1 2000//1 3118//1
f 2001//1 2002//1 3094//1
f 2002//1 2003//1 3094//1
f 3094//1 2003//1 3101//1
f 2003//1 1980//1 3101//1
f 3101//1 1980//1 1981//1
f 1981//1 1982//1 3101//1
f 1982//1 1983//1 3101//1
f 3101//1 1983//1 1984//1
f 1991//1 1992//1 3346//1
f 1992//1 1993//1 3346//1
f 3346//1 1993//1 3115//1
f 1993//1 1994//1 3115//1
f 1994//1 1995//1 3115//1
f 1995//1 1996//1 3115//1
f 3115//1 1996//1 3118//1
f 1996//1 1997//1 3118//1
f 3118//1 1997//1 1998//1
f 3347//1 3276//1 3285//1
f 3276//1 3278//1 3285//1
f 3105//1 3275//1 3107//1
f 3275//1 3276//1 3107//1
f 1986//1 3107//1 1985//1
f 3107//1 3276//1 1985//1
f 1985//1 3276//1 1984//1
f 3276//1 3347//1 1984//1
f 1984//1 3347//1 3103//1
f 3347//1 3285//1 3103//1
f 3103//1 3285//1 3102//1
f 1986//1 1987//1 3107//1
f 1987//1 1988//1 3107//1
f 3107//1 1988//1 3110//1
f 1988//1 3346//1 3110//1
f 3110//1 3346//1 3111//1
f 3271//1 3111//1 3273//1
f 3111//1 3346//1 3273//1
f 3273//1 3346//1 3269//1
f 3346//1 3113//1 3269//1
f 3134//1 3131//1 3348//1
f 3348//1 3126//1 3340//1
f 3126//1 3123//1 3340//1
f 3242//1 3240//1 3348//1
f 3240//1 3238//1 3348//1
f 3348//1 3238//1 3236//1
f 3127//1 3126//1 3233//1
f 3126//1 3348//1 3233//1
f 3233//1 3348//1 3234//1
f 3348//1 3236//1 3234//1
f 2000//1 3094//1 3118//1
f 3094//1 3340//1 3118//1
f 3118//1 3340//1 3261//1
f 3131//1 3129//1 3229//1
f 3255//1 3340//1 3253//1
f 3340//1 3251//1 3253//1
f 3255//1 3257//1 3340//1
f 3257//1 3259//1 3340//1
f 3340//1 3259//1 3261//1
f 3267//1 3119//1 3265//1
f 3119//1 3118//1 3265//1
f 3265//1 3118//1 3263//1
f 3118//1 3261//1 3263//1
f 3229//1 3231//1 3131//1
f 3231//1 3246//1 3131//1
f 3131//1 3246//1 3348//1
f 3246//1 3244//1 3348//1
f 3348//1 3244//1 3242//1
f 3123//1 3121//1 3340//1
f 3121//1 3249//1 3340//1
f 3340//1 3249//1 3251//1
f 3137//1 3222//1 3139//1
f 3222//1 3221//1 3139//1
f 3139//1 3221//1 3349//1
f 3191//1 3189//1 3339//1
f 3191//1 3339//1 3193//1
f 3150//1 3147//1 3350//1
f 3189//1 3187//1 3339//1
f 3187//1 3185//1 3339//1
f 3339//1 3185//1 3184//1
f 3202//1 3204//1 3350//1
f 3204//1 3206//1 3350//1
f 3350//1 3206//1 3208//1
f 3193//1 3339//1 3195//1
f 3339//1 3155//1 3195//1
f 3195//1 3155//1 3197//1
f 3147//1 3145//1 3350//1
f 3145//1 3200//1 3350//1
f 3350//1 3200//1 3202//1
f 3153//1 3180//1 3155//1
f 3180//1 3182//1 3155//1
f 3155//1 3182//1 3197//1
f 3208//1 3210//1 3350//1
f 3210//1 3212//1 3350//1
f 3350//1 3212//1 3142//1
f 3218//1 3143//1 3216//1
f 3143//1 3142//1 3216//1
f 3216//1 3142//1 3214//1
f 3142//1 3212//1 3214//1
f 3173//1 3175//1 3177//1
f 3172//1 3167//1 3170//1
f 3167//1 3166//1 3170//1
f 3170//1 3166//1 2524//1
f 3177//1 3351//1 3173//1
f 3351//1 3163//1 3173//1
f 3173//1 3163//1 3161//1
f 1940//1 1941//1 3351//1
f 1941//1 1942//1 3351//1
f 1933//1 1934//1 3352//1
f 1934//1 1935//1 3352//1
f 3352//1 1935//1 1936//1
f 1942//1 1943//1 3351//1
f 1943//1 1944//1 3351//1
f 3351//1 1944//1 3163//1
f 1944//1 1945//1 3163//1
f 3163//1 1945//1 1946//1
f 1936//1 1937//1 3352//1
f 1937//1 1938//1 3352//1
f 3352//1 1938//1 3351//1
f 1938//1 1939//1 3351//1
f 3351//1 1939//1 1940//1
f 1932//1 2531//1 1955//1
f 2531//1 2524//1 1955//1
f 1955//1 2524//1 1954//1
f 1946//1 1947//1 3163//1
f 1947//1 1948//1 3163//1
f 3163//1 1948//1 3166//1
f 1948//1 1949//1 3166//1
f 3166//1 1949//1 1950//1
f 1950//1 1951//1 3166//1
f 1951//1 1952//1 3166//1
f 3166//1 1952//1 2524//1
f 1952//1 1953//1 2524//1
f 2524//1 1953//1 1954//1
f 2524//1 2526//1 3170//1
f 2526//1 2528//1 3170//1
f 3170//1 2528//1 3168//1
f 2542//1 2540//1 3352//1
f 2540//1 2538//1 3352//1
f 2538//1 2536//1 3352//1
f 3352//1 2536//1 2535//1
f 1932//1 1933//1 2531//1
f 1933//1 3352//1 2531//1
f 2531//1 3352//1 2533//1
f 3352//1 2535//1 2533//1
f 2533//1 2535//1 2532//1
f 2555//1 2553//1 2550//1
f 2550//1 2548//1 2555//1
f 2548//1 2546//1 2555//1
f 2555//1 2546//1 3352//1
f 2546//1 2544//1 3352//1
f 3352//1 2544//1 2542//1
f 3177//1 3159//1 3351//1
f 3159//1 3158//1 3351//1
f 3351//1 3158//1 3352//1
f 3158//1 3339//1 3352//1
f 3352//1 3339//1 2555//1
f 3339//1 3337//1 2555//1
f 3353//1 3354//1 3355//1
f 3354//1 2557//1 3355//1
f 2594//1 2596//1 3354//1
f 2596//1 2598//1 3354//1
f 2598//1 2600//1 3354//1
f 2600//1 2602//1 3354//1
f 3354//1 2602//1 2557//1
f 2241//1 2240//1 3354//1
f 2237//1 2594//1 2238//1
f 2594//1 3354//1 2238//1
f 2238//1 3354//1 2239//1
f 3354//1 2240//1 2239//1
f 2224//1 2572//1 2225//1
f 2572//1 2574//1 2225//1
f 2225//1 2574//1 2226//1
f 2574//1 2576//1 2226//1
f 2226//1 2576//1 2227//1
f 2576//1 2578//1 2227//1
f 2227//1 2578//1 2228//1
f 2578//1 2580//1 2228//1
f 2228//1 2580//1 2229//1
f 2580//1 2582//1 2229//1
f 2229//1 2582//1 2230//1
f 2582//1 2584//1 2230//1
f 2230//1 2584//1 2231//1
f 2584//1 2586//1 2231//1
f 2231//1 2586//1 2232//1
f 2586//1 2588//1 2232//1
f 2232//1 2588//1 2233//1
f 2588//1 2590//1 2233//1
f 2233//1 2590//1 2234//1
f 2590//1 2592//1 2234//1
f 2234//1 2592//1 2235//1
f 2592//1 2594//1 2235//1
f 2235//1 2594//1 2236//1
f 2594//1 2237//1 2236//1
f 2224//1 2223//1 2572//1
f 2223//1 2222//1 2572//1
f 2572//1 2222//1 2570//1
f 2222//1 2221//1 2570//1
f 2221//1 2220//1 2570//1
f 2570//1 2220//1 3353//1
f 2220//1 2243//1 3353//1
f 3353//1 2243//1 3354//1
f 2243//1 2242//1 3354//1
f 3354//1 2242//1 2241//1
f 2558//1 2560//1 2562//1
f 2562//1 2564//1 2558//1
f 2564//1 2566//1 2558//1
f 2558//1 2566//1 2568//1
f 2609//1 3355//1 2612//1
f 3355//1 3356//1 2612//1
f 2712//1 2710//1 3356//1
f 2710//1 2708//1 3356//1
f 2613//1 2612//1 2705//1
f 2612//1 3356//1 2705//1
f 2705//1 3356//1 2706//1
f 3356//1 2708//1 2706//1
f 2609//1 2607//1 3355//1
f 2607//1 2605//1 3355//1
f 3355//1 2605//1 3353//1
f 2605//1 2558//1 3353//1
f 3353//1 2558//1 2570//1
f 2558//1 2568//1 2570//1
f 3357//1 2730//1 2727//1
f 2716//1 2714//1 3357//1
f 2725//1 2723//1 2727//1
f 2723//1 2720//1 2727//1
f 2727//1 2720//1 3357//1
f 2720//1 2718//1 3357//1
f 3357//1 2718//1 2716//1
f 3358//1 2740//1 2732//1
f 2362//1 3342//1 2361//1
f 3342//1 2360//1 2361//1
f 2347//1 2348//1 3359//1
f 2348//1 2349//1 3359//1
f 2355//1 3358//1 2354//1
f 3358//1 2353//1 2354//1
f 2362//1 2363//1 3342//1
f 2363//1 2340//1 3342//1
f 3342//1 2340//1 3343//1
f 2340//1 2341//1 3343//1
f 3343//1 2341//1 2342//1
f 2349//1 2350//1 3359//1
f 2350//1 2351//1 3359//1
f 3359//1 2351//1 2352//1
f 2730//1 3357//1 2732//1
f 3357//1 3359//1 2732//1
f 2732//1 3359//1 3358//1
f 3359//1 2352//1 3358//1
f 3358//1 2352//1 2353//1
f 2355//1 2356//1 3358//1
f 2356//1 2357//1 3358//1
f 3358//1 2357//1 3360//1
f 2357//1 2358//1 3360//1
f 3360//1 2358//1 3342//1
f 2358//1 2359//1 3342//1
f 3342//1 2359//1 2360//1
f 3291//1 1976//1 3289//1
f 1976//1 1977//1 3289//1
f 1956//1 3288//1 1979//1
f 3288//1 3289//1 1979//1
f 1979//1 3289//1 1978//1
f 3289//1 1977//1 1978//1
f 1962//1 1963//1 3361//1
f 1957//1 1958//1 3348//1
f 1958//1 1959//1 3348//1
f 1959//1 1960//1 3348//1
f 3348//1 1960//1 1961//1
f 3349//1 1973//1 1974//1
f 3135//1 3134//1 3361//1
f 3134//1 3348//1 3361//1
f 3361//1 3348//1 1962//1
f 3348//1 1961//1 1962//1
f 1963//1 1964//1 3361//1
f 1964//1 1965//1 3361//1
f 3361//1 1965//1 1966//1
f 3142//1 3139//1 3350//1
f 3139//1 3349//1 3350//1
f 3350//1 3349//1 3338//1
f 3349//1 1974//1 3338//1
f 3338//1 1974//1 1975//1
f 1966//1 1967//1 3361//1
f 1967//1 1968//1 3361//1
f 3361//1 1968//1 3349//1
f 1968//1 1969//1 3349//1
f 3349//1 1969//1 1970//1
f 1970//1 1971//1 3349//1
f 1971//1 1972//1 3349//1
f 3349//1 1972//1 1973//1
f 2440//1 2438//1 3348//1
f 2438//1 2437//1 3348//1
f 1956//1 1957//1 3288//1
f 1957//1 3348//1 3288//1
f 3288//1 3348//1 3286//1
f 3348//1 2437//1 3286//1
f 3286//1 2437//1 3280//1
f 3345//1 2148//1 2150//1
f 2446//1 2444//1 3348//1
f 2444//1 2442//1 3348//1
f 3348//1 2442//1 2440//1
f 2150//1 2152//1 3345//1
f 2152//1 2154//1 3345//1
f 3345//1 2154//1 2156//1
f 2164//1 2166//1 3340//1
f 2166//1 2168//1 3340//1
f 2184//1 2186//1 2475//1
f 2156//1 2158//1 3345//1
f 2158//1 2160//1 3345//1
f 3345//1 2160//1 3340//1
f 2160//1 2162//1 3340//1
f 3340//1 2162//1 2164//1
f 2168//1 2170//1 3340//1
f 2170//1 2172//1 3340//1
f 3340//1 2172//1 3348//1
f 2172//1 2174//1 3348//1
f 3348//1 2174//1 2176//1
f 2448//1 2446//1 2180//1
f 2446//1 3348//1 2180//1
f 2180//1 3348//1 2178//1
f 3348//1 2176//1 2178//1
f 2188//1 2190//1 3336//1
f 2190//1 2192//1 3336//1
f 3336//1 2192//1 2194//1
f 2182//1 2453//1 2180//1
f 2453//1 2450//1 2180//1
f 2180//1 2450//1 2448//1
f 2475//1 2186//1 2474//1
f 2186//1 2188//1 2474//1
f 2474//1 2188//1 2472//1
f 2456//1 2454//1 2458//1
f 2454//1 2453//1 2458//1
f 2458//1 2453//1 2475//1
f 2453//1 2182//1 2475//1
f 2475//1 2182//1 2184//1
f 2462//1 2464//1 3336//1
f 2462//1 3336//1 2459//1
f 2464//1 2466//1 3336//1
f 2466//1 2468//1 3336//1
f 3336//1 2468//1 2188//1
f 2468//1 2470//1 2188//1
f 2188//1 2470//1 2472//1
f 2480//1 2459//1 2478//1
f 2459//1 3336//1 2478//1
f 2478//1 3336//1 2476//1
f 3336//1 3335//1 2476//1
f 2476//1 3335//1 2483//1
f 2492//1 2490//1 3362//1
f 2490//1 2488//1 3362//1
f 3362//1 2488//1 2487//1
f 3338//1 2519//1 3350//1
f 2519//1 2521//1 3350//1
f 3350//1 2521//1 2523//1
f 2500//1 2498//1 3363//1
f 2498//1 2496//1 3363//1
f 3363//1 2496//1 3362//1
f 2496//1 2494//1 3362//1
f 3362//1 2494//1 2492//1
f 2508//1 2511//1 3338//1
f 2511//1 2513//1 3338//1
f 2513//1 2515//1 3338//1
f 3338//1 2515//1 2517//1
f 1975//1 1976//1 3338//1
f 1976//1 3291//1 3338//1
f 3338//1 3291//1 2508//1
f 3291//1 3282//1 2508//1
f 2485//1 2483//1 3364//1
f 2483//1 3335//1 3364//1
f 3364//1 3335//1 2346//1
f 2342//1 2343//1 3343//1
f 2343//1 2344//1 3343//1
f 3343//1 2344//1 3335//1
f 2344//1 2345//1 3335//1
f 3335//1 2345//1 2346//1
f 2104//1 2106//1 3363//1
f 3337//1 2100//1 3363//1
f 2100//1 2102//1 3363//1
f 3363//1 2102//1 2104//1
f 3350//1 2114//1 2116//1
f 2124//1 2126//1 3339//1
f 2106//1 2108//1 3363//1
f 2108//1 2110//1 3363//1
f 3363//1 2110//1 2112//1
f 2505//1 2502//1 2507//1
f 2502//1 2500//1 2507//1
f 2507//1 2500//1 2523//1
f 2500//1 3363//1 2523//1
f 2523//1 3363//1 3350//1
f 3363//1 2112//1 3350//1
f 3350//1 2112//1 2114//1
f 2116//1 2118//1 3350//1
f 2118//1 2120//1 3350//1
f 3350//1 2120//1 2122//1
f 2122//1 2124//1 3350//1
f 2124//1 3339//1 3350//1
f 3350//1 3339//1 3150//1
f 3339//1 3184//1 3150//1
f 3150//1 3184//1 3151//1
f 2126//1 2128//1 3339//1
f 2128//1 2130//1 3339//1
f 3339//1 2130//1 2132//1
f 2132//1 2134//1 3339//1
f 2134//1 2136//1 3339//1
f 3339//1 2136//1 3337//1
f 2136//1 2138//1 3337//1
f 3337//1 2138//1 2140//1
f 2140//1 2142//1 3337//1
f 2142//1 2144//1 3337//1
f 3337//1 2144//1 2146//1
f 2714//1 2712//1 3357//1
f 2712//1 3356//1 3357//1
f 3357//1 3356//1 3359//1
f 3356//1 3364//1 3359//1
f 3359//1 3364//1 2347//1
f 3364//1 2346//1 2347//1
f 2557//1 2555//1 3355//1
f 2555//1 3337//1 3355//1
f 3355//1 3337//1 3356//1
f 3337//1 3363//1 3356//1
f 3356//1 3363//1 3364//1
f 3363//1 3362//1 3364//1
f 3364//1 3362//1 2485//1
f 3362//1 2487//1 2485//1
f 2485//1 2487//1 2484//1
f 3221//1 3220//1 3349//1
f 3220//1 3223//1 3349//1
f 3349//1 3223//1 3361//1
f 3223//1 3225//1 3361//1
f 3361//1 3225//1 3135//1
f 3225//1 3227//1 3135//1
f 2194//1 2148//1 3336//1
f 2148//1 3345//1 3336//1
f 3336//1 3345//1 3334//1
f 3345//1 3073//1 3334//1
f 3334//1 3073//1 3344//1
f 3073//1 3025//1 3344//1
f 3344//1 3025//1 3341//1
f 3025//1 3027//1 3341//1
f 3341//1 3027//1 3029//1
f 2951//831 2958//831 2860//831
f 2958//831 2982//831 2860//831
f 3365//832 2856//832 3366//832
f 2856//832 2858//832 3366//832
f 3366//833 2858//833 3367//833
f 2869//834 2901//834 2907//834
f 3368//835 2922//835 3369//835
f 2922//836 3294//836 3369//836
f 3369//837 3294//837 3370//837
f 3294//837 3292//837 3370//837
f 3370//838 3292//838 3371//838
f 3292//838 3293//838 3371//838
f 3371//839 3293//839 3365//839
f 3293//840 2624//840 3365//840
f 3365//841 2624//841 2856//841
f 2624//841 2623//841 2856//841
f 2856//841 2623//841 2942//841
f 2907//834 2922//834 2869//834
f 2922//834 3368//834 2869//834
f 2869//842 3368//842 2867//842
f 3368//842 3372//842 2867//842
f 2867//843 3372//843 2865//843
f 3372//843 3373//843 2865//843
f 2756//844 2749//844 2741//844
f 3374//845 2740//845 3375//845
f 2740//846 3358//846 3375//846
f 3375//847 3358//847 3376//847
f 3358//847 3360//847 3376//847
f 3376//848 3360//848 3377//848
f 3360//848 3342//848 3377//848
f 3377//849 3342//849 3373//849
f 3342//850 2984//850 3373//850
f 3373//851 2984//851 2865//851
f 2984//851 2883//851 2865//851
f 2865//851 2883//851 2882//851
f 2741//844 2740//844 2756//844
f 2740//844 3374//844 2756//844
f 2756//852 3374//852 2852//852
f 3374//852 3378//852 2852//852
f 2852//853 3378//853 2769//853
f 3378//853 3379//853 2769//853
f 2851//854 2844//854 2836//854
f 3380//855 2835//855 3381//855
f 2835//856 3333//856 3381//856
f 3381//857 3333//857 3382//857
f 3333//857 3331//857 3382//857
f 3382//858 3331//858 3383//858
f 3331//858 3332//858 3383//858
f 3383//859 3332//859 3379//859
f 3332//860 2793//860 3379//860
f 3379//861 2793//861 2769//861
f 2793//861 2783//861 2769//861
f 2769//861 2783//861 2770//861
f 2836//854 2835//854 2851//854
f 2835//854 3380//854 2851//854
f 2851//862 3380//862 2853//862
f 3380//862 3384//862 2853//862
f 2853//863 3384//863 313//863
f 3384//863 3385//863 313//863
f 2858//833 2860//833 3367//833
f 2860//831 2982//831 3367//831
f 3367//864 2982//864 3386//864
f 2982//865 3324//865 3386//865
f 3386//866 3324//866 3387//866
f 3324//866 3325//866 3387//866
f 3387//867 3325//867 3388//867
f 3325//867 3326//867 3388//867
f 3388//868 3326//868 3385//868
f 3326//869 842//869 3385//869
f 3385//870 842//870 313//870
f 842//870 327//870 313//870
f 313//870 327//870 314//870
f 3389//871 3390//871 3391//871
f 3390//871 3392//871 3391//871
f 3391//872 3392//872 3393//872
f 3392//872 3394//872 3393//872
f 3393//873 3394//873 3395//873
f 3394//873 3396//873 3395//873
f 3395//874 3396//874 3397//874
f 3396//874 3398//874 3397//874
f 3397//875 3398//875 3399//875
f 3398//875 3400//875 3399//875
f 3399//876 3400//876 3401//876
f 3400//876 3402//876 3401//876
f 3401//877 3402//877 3403//877
f 3402//877 3404//877 3403//877
f 3403//878 3404//878 3405//878
f 3404//878 3406//878 3405//878
f 3405//879 3406//879 3407//879
f 3406//879 3408//879 3407//879
f 3407//880 3408//880 3409//880
f 3408//880 3410//880 3409//880
f 3409//881 3410//881 3411//881
f 3410//881 3412//881 3411//881
f 3411//882 3412//882 3413//882
f 3412//882 3414//882 3413//882
f 3413//883 3414//883 3415//883
f 3414//883 3416//883 3415//883
f 3415//868 3416//868 3417//868
f 3416//868 3418//868 3417//868
f 3417//884 3418//884 3419//884
f 3418//884 3420//884 3419//884
f 3419//885 3420//885 3421//885
f 3420//885 3422//885 3421//885
f 3421//886 3422//886 3423//886
f 3422//886 3424//886 3423//886
f 3423//887 3424//887 3425//887
f 3424//887 3426//887 3425//887
f 3425//888 3426//888 3427//888
f 3426//888 3428//888 3427//888
f 3427//889 3428//889 3429//889
f 3428//889 3430//889 3429//889
f 3429//890 3430//890 3431//890
f 3430//890 3432//890 3431//890
f 3431//891 3432//891 3433//891
f 3432//891 3434//891 3433//891
f 3433//892 3434//892 3435//892
f 3434//892 3436//892 3435//892
f 3435//893 3436//893 3389//893
f 3436//893 3390//893 3389//893
f 3437//871 3438//871 3439//871
f 3438//871 3440//871 3439//871
f 3439//872 3440//872 3441//872
f 3440//872 3442//872 3441//872
f 3441//873 3442//873 3443//873
f 3442//873 3444//873 3443//873
f 3443//874 3444//874 3445//874
f 3444//874 3446//874 3445//874
f 3445//875 3446//875 3447//875
f 3446//875 3448//875 3447//875
f 3447//876 3448//876 3449//876
f 3448//876 3450//876 3449//876
f 3449//877 3450//877 3451//877
f 3450//877 3452//877 3451//877
f 3451//878 3452//878 3453//878
f 3452//878 3454//878 3453//878
f 3453//879 3454//879 3455//879
f 3454//879 3456//879 3455//879
f 3455//880 3456//880 3457//880
f 3456//880 3458//880 3457//880
f 3457//881 3458//881 3459//881
f 3458//881 3460//881 3459//881
f 3459//882 3460//882 3461//882
f 3460//882 3462//882 3461//882
f 3461//883 3462//883 3463//883
f 3462//883 3464//883 3463//883
f 3463//868 3464//868 3465//868
f 3464//868 3466//868 3465//868
f 3465//884 3466//884 3467//884
f 3466//884 3468//884 3467//884
f 3467//885 3468//885 3469//885
f 3468//885 3470//885 3469//885
f 3469//886 3470//886 3471//886
f 3470//886 3472//886 3471//886
f 3471//887 3472//887 3473//887
f 3472//887 3474//887 3473//887
f 3473//888 3474//888 3475//888
f 3474//888 3476//888 3475//888
f 3475//889 3476//889 3477//889
f 3476//889 3478//889 3477//889
f 3477//890 3478//890 3479//890
f 3478//890 3480//890 3479//890
f 3479//891 3480//891 3481//891
f 3480//891 3482//891 3481//891
f 3481//892 3482//892 3483//892
f 3482//892 3484//892 3483//892
f 3483//893 3484//893 3437//893
f 3484//893 3438//893 3437//893
f 3485//871 3486//871 3487//871
f 3486//871 3488//871 3487//871
f 3487//872 3488//872 3489//872
f 3488//872 3490//872 3489//872
f 3489//873 3490//873 3491//873
f 3490//873 3492//873 3491//873
f 3491//874 3492//874 3493//874
f 3492//874 3494//874 3493//874
f 3493//875 3494//875 3495//875
f 3494//875 3496//875 3495//875
f 3495//876 3496//876 3497//876
f 3496//876 3498//876 3497//876
f 3497//877 3498//877 3499//877
f 3498//877 3500//877 3499//877
f 3499//878 3500//878 3501//878
f 3500//878 3502//878 3501//878
f 3501//879 3502//879 3503//879
f 3502//879 3504//879 3503//879
f 3503//880 3504//880 3505//880
f 3504//880 3506//880 3505//880
f 3505//881 3506//881 3507//881
f 3506//881 3508//881 3507//881
f 3507//882 3508//882 3509//882
f 3508//882 3510//882 3509//882
f 3509//883 3510//883 3511//883
f 3510//883 3512//883 3511//883
f 3511//868 3512//868 3513//868
f 3512//868 3514//868 3513//868
f 3513//884 3514//884 3515//884
f 3514//884 3516//884 3515//884
f 3515//885 3516//885 3517//885
f 3516//885 3518//885 3517//885
f 3517//886 3518//886 3519//886
f 3518//886 3520//886 3519//886
f 3519//887 3520//887 3521//887
f 3520//887 3522//887 3521//887
f 3521//888 3522//888 3523//888
f 3522//888 3524//888 3523//888
f 3523//889 3524//889 3525//889
f 3524//889 3526//889 3525//889
f 3525//890 3526//890 3527//890
f 3526//890 3528//890 3527//890
f 3527//891 3528//891 3529//891
f 3528//891 3530//891 3529//891
f 3529//892 3530//892 3531//892
f 3530//892 3532//892 3531//892
f 3531//893 3532//893 3485//893
f 3532//893 3486//893 3485//893
f 3533//871 3534//871 3535//871
f 3534//871 3536//871 3535//871
f 3535//872 3536//872 3537//872
f 3536//872 3538//872 3537//872
f 3537//873 3538//873 3539//873
f 3538//873 3540//873 3539//873
f 3539//874 3540//874 3541//874
f 3540//874 3542//874 3541//874
f 3541//875 3542//875 3543//875
f 3542//875 3544//875 3543//875
f 3543//876 3544//876 3545//876
f 3544//876 3546//876 3545//876
f 3545//877 3546//877 3547//877
f 3546//877 3548//877 3547//877
f 3547//878 3548//878 3549//878
f 3548//878 3550//878 3549//878
f 3549//879 3550//879 3551//879
f 3550//879 3552//879 3551//879
f 3551//880 3552//880 3553//880
f 3552//880 3554//880 3553//880
f 3553//881 3554//881 3555//881
f 3554//881 3556//881 3555//881
f 3555//882 3556//882 3557//882
f 3556//882 3558//882 3557//882
f 3557//883 3558//883 3559//883
f 3558//883 3560//883 3559//883
f 3559//868 3560//868 3561//868
f 3560//868 3562//868 3561//868
f 3561//884 3562//884 3563//884
f 3562//884 3564//884 3563//884
f 3563//885 3564//885 3565//885
f 3564//885 3566//885 3565//885
f 3565//886 3566//886 3567//886
f 3566//886 3568//886 3567//886
f 3567//887 3568//887 3569//887
f 3568//887 3570//887 3569//887
f 3569//888 3570//888 3571//888
f 3570//888 3572//888 3571//888
f 3571//889 3572//889 3573//889
f 3572//889 3574//889 3573//889
f 3573//890 3574//890 3575//890
f 3574//890 3576//890 3575//890
f 3575//891 3576//891 3577//891
f 3576//891 3578//891 3577//891
f 3577//892 3578//892 3579//892
f 3578//892 3580//892 3579//892
f 3579//893 3580//893 3533//893
f 3580//893 3534//893 3533//893
f 2339//283 3581//283 2293//283
f 3581//283 3582//283 2293//283
f 2293//283 3582//283 2295//283
f 3582//283 3583//283 2295//283
f 2295//283 3583//283 2297//283
f 3583//283 3584//283 2297//283
f 2297//283 3584//283 2299//283
f 3584//283 3585//283 2299//283
f 2299//283 3585//283 2301//283
f 3585//283 3586//283 2301//283
f 2301//283 3586//283 2303//283
f 3586//283 3587//283 2303//283
f 2303//283 3587//283 2305//283
f 3587//283 3588//283 2305//283
f 2305//283 3588//283 2307//283
f 3588//283 3589//283 2307//283
f 2307//283 3589//283 2309//283
f 3589//283 3590//283 2309//283
f 2309//283 3590//283 2311//283
f 3590//283 3591//283 2311//283
f 2311//283 3591//283 2313//283
f 3591//283 3592//283 2313//283
f 2313//283 3592//283 2315//283
f 3592//283 3593//283 2315//283
f 2315//283 3593//283 2317//283
f 3593//283 3594//283 2317//283
f 2317//283 3594//283 2319//283
f 3594//283 3595//283 2319//283
f 2319//283 3595//283 2321//283
f 3595//283 3596//283 2321//283
f 2321//283 3596//283 2323//283
f 3596//283 3597//283 2323//283
f 2323//283 3597//283 2325//283
f 3597//283 3598//283 2325//283
f 2325//283 3598//283 2327//283
f 3598//283 3599//283 2327//283
f 2327//283 3599//283 2329//283
f 3599//283 3600//283 2329//283
f 2329//283 3600//283 2331//283
f 3600//283 3601//283 2331//283
f 2331//283 3601//283 2333//283
f 3601//283 3602//283 2333//283
f 2333//283 3602//283 2335//283
f 3602//283 3603//283 2335//283
f 2335//283 3603//283 2337//283
f 3603//283 3604//283 2337//283
f 2337//283 3604//283 2339//283
f 3604//283 3581//283 2339//283
f 1845//245 3605//245 1847//245
f 3605//245 3606//245 1847//245
f 3607//894 3606//894 3608//894
f 3606//895 3605//895 3608//895
f 3606//896 3607//896 3609//896
f 3607//896 3610//896 3609//896
f 3611//896 1859//896 3612//896
f 1859//896 3613//896 3612//896
f 3612//896 3613//896 3614//896
f 3613//896 3609//896 3614//896
f 3614//896 3609//896 3615//896
f 3609//896 3610//896 3615//896
f 3616//897 1858//897 3611//897
f 1858//898 1859//898 3611//898
f 3611//899 3617//899 3616//899
f 3617//899 3618//899 3616//899
f 3618//900 3619//900 3620//900
f 3619//900 3621//900 3620//900
f 3619//901 3618//901 3622//901
f 3618//902 3617//902 3622//902
f 3623//903 3619//903 3624//903
f 3619//903 3622//903 3624//903
f 3625//904 3626//904 3627//904
f 3626//904 3621//904 3627//904
f 3627//904 3621//904 3623//904
f 3621//904 3619//904 3623//904
f 3628//905 3629//905 3630//905
f 3628//905 3630//905 3631//905
f 3630//906 3632//906 3631//906
f 3631//906 3632//906 3633//906
f 3632//907 3634//907 3633//907
f 3633//907 3634//907 3635//907
f 3634//908 3636//908 3635//908
f 3635//908 3636//908 3637//908
f 3636//909 3638//909 3637//909
f 3637//910 3638//910 3639//910
f 3638//911 3627//911 3639//911
f 3639//911 3627//911 3623//911
f 3640//912 3628//912 3631//912
f 3640//913 3631//913 3641//913
f 3631//914 3633//914 3641//914
f 3641//915 3633//915 3642//915
f 3633//916 3635//916 3642//916
f 3642//917 3635//917 3643//917
f 3635//918 3637//918 3643//918
f 3643//919 3637//919 3644//919
f 3637//920 3639//920 3644//920
f 3644//921 3639//921 3645//921
f 3639//922 3623//922 3645//922
f 3645//923 3623//923 3624//923
f 3646//172 3647//172 3648//172
f 3647//172 3628//172 3648//172
f 3648//172 3628//172 3640//172
f 3649//1 3629//1 3647//1
f 3629//1 3628//1 3647//1
f 3650//924 3649//924 3647//924
f 3651//386 3652//386 3653//386
f 3653//925 3654//925 3651//925
f 3654//926 3655//926 3651//926
f 3651//927 3655//927 3656//927
f 3657//928 3658//928 3659//928
f 3659//929 3660//929 3657//929
f 3660//930 3661//930 3657//930
f 3657//931 3661//931 3655//931
f 3661//932 3662//932 3655//932
f 3655//933 3662//933 3656//933
f 3663//934 3664//934 3665//934
f 3665//935 3666//935 3663//935
f 3666//936 3667//936 3663//936
f 3663//937 3667//937 3658//937
f 3667//938 3668//938 3658//938
f 3658//939 3668//939 3659//939
f 3669//940 3670//940 3671//940
f 3670//941 3672//941 3671//941
f 3671//122 3672//122 3664//122
f 3672//942 3673//942 3664//942
f 3664//943 3673//943 3665//943
f 3674//944 3675//944 3669//944
f 3675//945 3676//945 3669//945
f 3669//946 3676//946 3670//946
f 3677//947 3678//947 3674//947
f 3678//948 3679//948 3674//948
f 3674//949 3679//949 3675//949
f 3647//950 3680//950 3650//950
f 3680//951 3681//951 3650//951
f 3650//952 3681//952 3682//952
f 3681//953 3683//953 3682//953
f 3682//954 3683//954 3677//954
f 3683//955 3684//955 3677//955
f 3677//956 3684//956 3678//956
f 3685//957 3652//957 3686//957
f 3652//958 3651//958 3686//958
f 3686//959 3651//959 3687//959
f 3651//960 3656//960 3687//960
f 3656//961 3662//961 3687//961
f 3687//962 3662//962 3688//962
f 3662//963 3661//963 3688//963
f 3661//964 3660//964 3688//964
f 3688//965 3660//965 3689//965
f 3660//966 3659//966 3689//966
f 3659//967 3668//967 3689//967
f 3689//968 3668//968 3690//968
f 3668//969 3667//969 3690//969
f 3667//970 3666//970 3690//970
f 3690//971 3666//971 3691//971
f 3666//972 3665//972 3691//972
f 3665//973 3673//973 3691//973
f 3673//974 3672//974 3691//974
f 3691//975 3672//975 3692//975
f 3672//976 3670//976 3692//976
f 3670//977 3676//977 3692//977
f 3692//978 3676//978 3693//978
f 3676//979 3675//979 3693//979
f 3675//980 3679//980 3693//980
f 3693//981 3679//981 3694//981
f 3679//982 3678//982 3694//982
f 3678//983 3684//983 3694//983
f 3694//984 3684//984 3695//984
f 3647//985 3646//985 3680//985
f 3646//986 3696//986 3680//986
f 3680//987 3696//987 3681//987
f 3696//988 3695//988 3681//988
f 3681//989 3695//989 3683//989
f 3695//990 3684//990 3683//990
f 3697//896 3652//896 3698//896
f 3652//896 3685//896 3698//896
f 3699//283 3653//283 3697//283
f 3653//283 3652//283 3697//283
f 3699//991 3697//991 3700//991
f 3699//991 3700//991 3701//991
f 3700//992 3702//992 3701//992
f 3701//992 3702//992 3703//992
f 3702//993 3704//993 3703//993
f 3703//993 3704//993 3705//993
f 3704//994 3706//994 3705//994
f 3705//994 3706//994 3707//994
f 3706//995 3708//995 3707//995
f 3707//996 3708//996 3709//996
f 3708//997 3710//997 3709//997
f 3709//997 3710//997 3711//997
f 3710//998 3712//998 3711//998
f 3711//998 3712//998 3713//998
f 3712//999 3714//999 3713//999
f 3713//999 3714//999 3715//999
f 3716//1000 3714//1000 3712//1000
f 3716//1001 3712//1001 3717//1001
f 3712//1002 3710//1002 3717//1002
f 3717//1003 3710//1003 3718//1003
f 3710//1004 3708//1004 3718//1004
f 3718//1005 3708//1005 3719//1005
f 3708//1006 3706//1006 3719//1006
f 3719//1007 3706//1007 3720//1007
f 3706//1008 3704//1008 3720//1008
f 3720//1009 3704//1009 3721//1009
f 3704//1010 3702//1010 3721//1010
f 3721//1011 3702//1011 3722//1011
f 3702//1012 3700//1012 3722//1012
f 3722//1013 3700//1013 3723//1013
f 3700//1014 3697//1014 3723//1014
f 3723//1015 3697//1015 3698//1015
f 3724//1016 3725//1016 3726//1016
f 3724//1017 3726//1017 3727//1017
f 3726//1018 3728//1018 3727//1018
f 3727//1019 3728//1019 3729//1019
f 3728//1020 3730//1020 3729//1020
f 3729//1021 3730//1021 3731//1021
f 3730//1022 3714//1022 3731//1022
f 3731//1022 3714//1022 3716//1022
f 3732//1023 3733//1023 3734//1023
f 3732//1023 3734//1023 3735//1023
f 3734//1024 3736//1024 3735//1024
f 3735//1025 3736//1025 3737//1025
f 3736//1026 3738//1026 3737//1026
f 3737//1026 3738//1026 3739//1026
f 3738//1027 3740//1027 3739//1027
f 3739//1027 3740//1027 3741//1027
f 3740//1028 3742//1028 3741//1028
f 3741//1028 3742//1028 3743//1028
f 3742//1029 3744//1029 3743//1029
f 3743//1029 3744//1029 3745//1029
f 3744//1030 3746//1030 3745//1030
f 3745//1030 3746//1030 3747//1030
f 3746//1031 3748//1031 3747//1031
f 3747//1031 3748//1031 3725//1031
f 3749//1032 3732//1032 3735//1032
f 3749//1033 3735//1033 3750//1033
f 3735//1034 3737//1034 3750//1034
f 3750//1035 3737//1035 3751//1035
f 3737//1036 3739//1036 3751//1036
f 3751//1037 3739//1037 3752//1037
f 3739//1038 3741//1038 3752//1038
f 3752//1039 3741//1039 3753//1039
f 3741//1040 3743//1040 3753//1040
f 3753//1041 3743//1041 3754//1041
f 3743//1042 3745//1042 3754//1042
f 3754//1043 3745//1043 3755//1043
f 3745//1044 3747//1044 3755//1044
f 3755//1045 3747//1045 3756//1045
f 3747//1046 3725//1046 3756//1046
f 3756//1047 3725//1047 3724//1047
f 3749//661 3757//661 3732//661
f 3757//661 3758//661 3732//661
f 3732//124 3758//124 3733//124
f 3758//124 3759//124 3733//124
f 3760//122 3761//122 3762//122
f 3761//122 3763//122 3762//122
f 3764//1048 3760//1048 3762//1048
f 3765//1049 3759//1049 3758//1049
f 3762//1050 3766//1050 3764//1050
f 3766//1051 3767//1051 3764//1051
f 3764//1052 3767//1052 3768//1052
f 3769//1053 3770//1053 3767//1053
f 3770//1054 3771//1054 3767//1054
f 3767//1055 3771//1055 3768//1055
f 3772//1056 3773//1056 3774//1056
f 3774//1057 3775//1057 3772//1057
f 3775//1058 3776//1058 3772//1058
f 3772//1059 3776//1059 3769//1059
f 3776//1060 3777//1060 3769//1060
f 3769//1061 3777//1061 3770//1061
f 3778//1062 3779//1062 3780//1062
f 3779//1063 3781//1063 3780//1063
f 3780//1064 3781//1064 3773//1064
f 3781//1065 3782//1065 3773//1065
f 3773//1066 3782//1066 3774//1066
f 3783//1067 3784//1067 3778//1067
f 3784//1068 3785//1068 3778//1068
f 3778//1069 3785//1069 3779//1069
f 3786//1070 3787//1070 3783//1070
f 3787//1071 3788//1071 3783//1071
f 3783//1072 3788//1072 3784//1072
f 3789//1073 3790//1073 3786//1073
f 3790//1074 3791//1074 3786//1074
f 3786//1075 3791//1075 3787//1075
f 3758//1076 3792//1076 3765//1076
f 3792//1077 3793//1077 3765//1077
f 3765//1078 3793//1078 3794//1078
f 3793//1079 3795//1079 3794//1079
f 3794//1080 3795//1080 3789//1080
f 3795//1081 3796//1081 3789//1081
f 3789//1082 3796//1082 3790//1082
f 3797//1083 3760//1083 3798//1083
f 3760//1084 3764//1084 3798//1084
f 3798//1085 3764//1085 3799//1085
f 3764//1086 3768//1086 3799//1086
f 3768//1087 3771//1087 3799//1087
f 3799//1088 3771//1088 3800//1088
f 3771//1089 3770//1089 3800//1089
f 3770//1090 3777//1090 3800//1090
f 3800//1091 3777//1091 3801//1091
f 3777//1092 3776//1092 3801//1092
f 3776//1093 3775//1093 3801//1093
f 3801//1094 3775//1094 3802//1094
f 3775//1095 3774//1095 3802//1095
f 3774//1096 3782//1096 3802//1096
f 3802//986 3782//986 3803//986
f 3782//1097 3781//1097 3803//1097
f 3781//1098 3779//1098 3803//1098
f 3779//1099 3785//1099 3803//1099
f 3803//1100 3785//1100 3804//1100
f 3785//1101 3784//1101 3804//1101
f 3784//1102 3788//1102 3804//1102
f 3804//1103 3788//1103 3805//1103
f 3788//1104 3787//1104 3805//1104
f 3787//1105 3791//1105 3805//1105
f 3805//1106 3791//1106 3806//1106
f 3791//1107 3790//1107 3806//1107
f 3790//1108 3796//1108 3806//1108
f 3806//1109 3796//1109 3807//1109
f 3758//1110 3757//1110 3792//1110
f 3757//1111 3808//1111 3792//1111
f 3792//1112 3808//1112 3793//1112
f 3808//1113 3807//1113 3793//1113
f 3793//1114 3807//1114 3795//1114
f 3807//1115 3796//1115 3795//1115
f 3761//899 3760//899 3809//899
f 3760//899 3797//899 3809//899
f 3810//1116 3811//1116 3812//1116
f 3811//1116 3813//1116 3812//1116
f 3811//1117 3810//1117 3814//1117
f 3810//1118 3815//1118 3814//1118
f 3816//1119 3815//1119 3817//1119
f 3815//1119 3810//1119 3817//1119
f 3818//1120 3819//1120 3820//1120
f 3817//1120 3810//1120 3820//1120
f 3810//1120 3812//1120 3820//1120
f 3820//1120 3812//1120 3818//1120
f 3821//1121 3822//1121 3823//1121
f 3821//1121 3823//1121 3824//1121
f 3823//1122 3825//1122 3824//1122
f 3824//1122 3825//1122 3826//1122
f 3825//1123 3827//1123 3826//1123
f 3826//1123 3827//1123 3828//1123
f 3827//1124 3829//1124 3828//1124
f 3828//1124 3829//1124 3830//1124
f 3829//1125 3831//1125 3830//1125
f 3830//1125 3831//1125 3832//1125
f 3831//1126 3817//1126 3832//1126
f 3832//1126 3817//1126 3820//1126
f 3816//1127 3817//1127 3831//1127
f 3816//1128 3831//1128 3833//1128
f 3831//1129 3829//1129 3833//1129
f 3833//1130 3829//1130 3834//1130
f 3829//1131 3827//1131 3834//1131
f 3834//1132 3827//1132 3835//1132
f 3827//1133 3825//1133 3835//1133
f 3835//1134 3825//1134 3836//1134
f 3825//1135 3823//1135 3836//1135
f 3836//1136 3823//1136 3837//1136
f 3823//1137 3822//1137 3837//1137
f 3837//1138 3822//1138 3838//1138
f 3839//172 3840//172 3822//172
f 3840//172 3841//172 3822//172
f 3822//172 3841//172 3838//172
f 3821//1 3842//1 3822//1
f 3842//1 3839//1 3822//1
f 3843//1139 3844//1139 3845//1139
f 3846//1140 3839//1140 3842//1140
f 3842//1141 3847//1141 3846//1141
f 3847//1142 3848//1142 3846//1142
f 3846//1143 3848//1143 3849//1143
f 3850//1144 3851//1144 3848//1144
f 3851//1145 3852//1145 3848//1145
f 3848//1146 3852//1146 3849//1146
f 3853//1147 3854//1147 3855//1147
f 3855//1148 3856//1148 3853//1148
f 3856//1149 3857//1149 3853//1149
f 3853//1150 3857//1150 3850//1150
f 3857//1151 3858//1151 3850//1151
f 3850//1152 3858//1152 3851//1152
f 3859//1153 3860//1153 3861//1153
f 3860//1154 3862//1154 3861//1154
f 3861//1155 3862//1155 3854//1155
f 3862//1156 3863//1156 3854//1156
f 3854//1157 3863//1157 3855//1157
f 3864//1158 3865//1158 3859//1158
f 3865//1159 3866//1159 3859//1159
f 3859//1160 3866//1160 3860//1160
f 3867//1161 3868//1161 3864//1161
f 3868//1162 3869//1162 3864//1162
f 3864//1163 3869//1163 3865//1163
f 3870//1164 3871//1164 3867//1164
f 3871//1165 3872//1165 3867//1165
f 3867//1166 3872//1166 3868//1166
f 3845//1167 3873//1167 3843//1167
f 3873//1168 3874//1168 3843//1168
f 3843//311 3874//311 3875//311
f 3874//1169 3876//1169 3875//1169
f 3875//1170 3876//1170 3870//1170
f 3876//1171 3877//1171 3870//1171
f 3870//1172 3877//1172 3871//1172
f 3840//1173 3839//1173 3878//1173
f 3839//1174 3846//1174 3878//1174
f 3878//1175 3846//1175 3879//1175
f 3846//1176 3849//1176 3879//1176
f 3849//1177 3852//1177 3879//1177
f 3879//1178 3852//1178 3880//1178
f 3852//1179 3851//1179 3880//1179
f 3851//1180 3858//1180 3880//1180
f 3880//1181 3858//1181 3881//1181
f 3858//1182 3857//1182 3881//1182
f 3857//1183 3856//1183 3881//1183
f 3881//1184 3856//1184 3882//1184
f 3856//1185 3855//1185 3882//1185
f 3855//1186 3863//1186 3882//1186
f 3882//1111 3863//1111 3883//1111
f 3863//1187 3862//1187 3883//1187
f 3862//1188 3860//1188 3883//1188
f 3860//1189 3866//1189 3883//1189
f 3883//1190 3866//1190 3884//1190
f 3866//1191 3865//1191 3884//1191
f 3865//1192 3869//1192 3884//1192
f 3884//1193 3869//1193 3885//1193
f 3869//1194 3868//1194 3885//1194
f 3868//1195 3872//1195 3885//1195
f 3885//1196 3872//1196 3886//1196
f 3872//1197 3871//1197 3886//1197
f 3871//1198 3877//1198 3886//1198
f 3886//1199 3877//1199 3887//1199
f 3845//1200 3888//1200 3873//1200
f 3888//1201 3889//1201 3873//1201
f 3873//1202 3889//1202 3874//1202
f 3889//1203 3887//1203 3874//1203
f 3874//1204 3887//1204 3876//1204
f 3887//1205 3877//1205 3876//1205
f 3890//896 3888//896 3891//896
f 3888//896 3845//896 3891//896
f 3844//283 3892//283 3845//283
f 3892//283 3891//283 3845//283
f 3891//1206 3892//1206 3893//1206
f 3891//1206 3893//1206 3894//1206
f 3893//1207 3895//1207 3894//1207
f 3894//1207 3895//1207 3896//1207
f 3895//1208 3897//1208 3896//1208
f 3896//1208 3897//1208 3898//1208
f 3897//1209 3899//1209 3898//1209
f 3898//1209 3899//1209 3900//1209
f 3899//1210 3901//1210 3900//1210
f 3900//1210 3901//1210 3902//1210
f 3901//1211 3903//1211 3902//1211
f 3902//1211 3903//1211 3904//1211
f 3903//1212 3905//1212 3904//1212
f 3904//1212 3905//1212 3906//1212
f 3905//1213 3907//1213 3906//1213
f 3906//1213 3907//1213 3908//1213
f 3890//1214 3891//1214 3894//1214
f 3890//1215 3894//1215 3909//1215
f 3894//1216 3896//1216 3909//1216
f 3909//1217 3896//1217 3910//1217
f 3896//1218 3898//1218 3910//1218
f 3910//1219 3898//1219 3911//1219
f 3898//1220 3900//1220 3911//1220
f 3911//1221 3900//1221 3912//1221
f 3900//1222 3902//1222 3912//1222
f 3912//1223 3902//1223 3913//1223
f 3902//1224 3904//1224 3913//1224
f 3913//1225 3904//1225 3914//1225
f 3904//1226 3906//1226 3914//1226
f 3914//1227 3906//1227 3915//1227
f 3906//1228 3908//1228 3915//1228
f 3915//1229 3908//1229 3916//1229
f 3916//1230 3908//1230 3917//1230
f 3916//1230 3917//1230 3918//1230
f 3917//1231 3919//1231 3918//1231
f 3918//1232 3919//1232 3920//1232
f 3919//1233 3921//1233 3920//1233
f 3920//1234 3921//1234 3922//1234
f 3921//1235 3923//1235 3922//1235
f 3922//1236 3923//1236 3924//1236
f 3924//1237 3923//1237 3925//1237
f 3924//1238 3925//1238 3926//1238
f 3925//1239 3927//1239 3926//1239
f 3926//1240 3927//1240 3928//1240
f 3927//1241 3929//1241 3928//1241
f 3928//1242 3929//1242 3930//1242
f 3929//1243 3931//1243 3930//1243
f 3930//1244 3931//1244 3932//1244
f 3931//1245 3933//1245 3932//1245
f 3932//1246 3933//1246 3934//1246
f 3933//1247 3935//1247 3934//1247
f 3934//1248 3935//1248 3936//1248
f 3935//1249 3937//1249 3936//1249
f 3936//1250 3937//1250 3938//1250
f 3937//1251 3761//1251 3938//1251
f 3938//1252 3761//1252 3809//1252
f 3763//1253 3761//1253 3937//1253
f 3763//1253 3937//1253 3939//1253
f 3937//1254 3935//1254 3939//1254
f 3939//1255 3935//1255 3940//1255
f 3935//1256 3933//1256 3940//1256
f 3940//1256 3933//1256 3941//1256
f 3933//1257 3931//1257 3941//1257
f 3941//1257 3931//1257 3942//1257
f 3931//1258 3929//1258 3942//1258
f 3942//1258 3929//1258 3943//1258
f 3929//1259 3927//1259 3943//1259
f 3943//1259 3927//1259 3944//1259
f 3927//1260 3925//1260 3944//1260
f 3944//1260 3925//1260 3945//1260
f 3925//1261 3923//1261 3945//1261
f 3945//1261 3923//1261 3946//1261
f 3715//1262 3714//1262 3730//1262
f 3946//1263 3923//1263 3921//1263
f 3947//1264 3946//1264 3948//1264
f 3949//1265 3950//1265 3951//1265
f 3950//1 3952//1 3951//1
f 3951//1 3952//1 3953//1
f 3952//1266 3947//1266 3953//1266
f 3953//1266 3947//1266 3954//1266
f 3947//1267 3948//1267 3954//1267
f 3955//1268 3748//1268 3949//1268
f 3748//1269 3956//1269 3949//1269
f 3949//1265 3956//1265 3950//1265
f 3626//1270 3625//1270 3957//1270
f 3625//1271 3715//1271 3957//1271
f 3917//1272 3908//1272 3907//1272
f 3946//1263 3921//1263 3948//1263
f 3921//1273 3919//1273 3948//1273
f 3948//1273 3919//1273 3958//1273
f 3919//1274 3917//1274 3958//1274
f 3958//1274 3917//1274 3959//1274
f 3917//1275 3907//1275 3959//1275
f 3959//1276 3907//1276 3960//1276
f 3907//1277 3819//1277 3960//1277
f 3960//1278 3819//1278 3818//1278
f 3715//1262 3730//1262 3957//1262
f 3730//1279 3728//1279 3957//1279
f 3957//1279 3728//1279 3961//1279
f 3728//1280 3726//1280 3961//1280
f 3961//1280 3726//1280 3955//1280
f 3726//1281 3725//1281 3955//1281
f 3955//1281 3725//1281 3748//1281
f 3962//52 3736//52 3734//52
f 3950//52 3744//52 3742//52
f 3963//52 3964//52 3952//52
f 3964//52 3965//52 3952//52
f 3952//52 3965//52 3966//52
f 3946//52 3947//52 3945//52
f 3947//52 3952//52 3945//52
f 3962//52 3734//52 3967//52
f 3734//52 3733//52 3967//52
f 3967//52 3733//52 3968//52
f 3733//52 3759//52 3968//52
f 3968//52 3759//52 3969//52
f 3759//52 3765//52 3969//52
f 3969//52 3765//52 3970//52
f 3765//52 3794//52 3970//52
f 3970//52 3794//52 3971//52
f 3794//52 3789//52 3971//52
f 3971//52 3789//52 3972//52
f 3789//52 3786//52 3972//52
f 3972//52 3786//52 3973//52
f 3786//52 3783//52 3973//52
f 3973//52 3783//52 3974//52
f 3744//52 3950//52 3746//52
f 3950//52 3956//52 3746//52
f 3746//52 3956//52 3748//52
f 3963//52 3952//52 3975//52
f 3952//52 3950//52 3975//52
f 3975//52 3950//52 3976//52
f 3950//52 3742//52 3976//52
f 3976//52 3742//52 3977//52
f 3742//52 3740//52 3977//52
f 3977//52 3740//52 3962//52
f 3740//52 3738//52 3962//52
f 3962//52 3738//52 3736//52
f 3940//52 3941//52 3978//52
f 3941//52 3942//52 3978//52
f 3978//52 3942//52 3966//52
f 3942//52 3943//52 3966//52
f 3966//52 3943//52 3952//52
f 3943//52 3944//52 3952//52
f 3952//52 3944//52 3945//52
f 3783//52 3778//52 3974//52
f 3778//52 3780//52 3974//52
f 3974//52 3780//52 3979//52
f 3780//52 3773//52 3979//52
f 3979//52 3773//52 3980//52
f 3773//52 3772//52 3980//52
f 3980//52 3772//52 3981//52
f 3772//52 3769//52 3981//52
f 3981//52 3769//52 3982//52
f 3769//52 3767//52 3982//52
f 3982//52 3767//52 3983//52
f 3767//52 3766//52 3983//52
f 3983//52 3766//52 3984//52
f 3766//52 3762//52 3984//52
f 3984//52 3762//52 3985//52
f 3762//52 3763//52 3985//52
f 3985//52 3763//52 3978//52
f 3763//52 3939//52 3978//52
f 3978//52 3939//52 3940//52
f 3984//344 3986//344 3983//344
f 3986//344 3987//344 3983//344
f 3983//345 3987//345 3982//345
f 3987//345 3988//345 3982//345
f 3982//346 3988//346 3981//346
f 3988//346 3989//346 3981//346
f 3981//347 3989//347 3980//347
f 3989//347 3990//347 3980//347
f 3980//348 3990//348 3979//348
f 3990//348 3991//348 3979//348
f 3979//349 3991//349 3974//349
f 3991//349 3992//349 3974//349
f 3974//324 3992//324 3973//324
f 3992//324 3993//324 3973//324
f 3973//325 3993//325 3972//325
f 3993//325 3994//325 3972//325
f 3972//326 3994//326 3971//326
f 3994//326 3995//326 3971//326
f 3971//327 3995//327 3970//327
f 3995//327 3996//327 3970//327
f 3970//328 3996//328 3969//328
f 3996//328 3997//328 3969//328
f 3969//329 3997//329 3968//329
f 3997//329 3998//329 3968//329
f 3968//331 3998//331 3967//331
f 3998//331 3999//331 3967//331
f 3967//332 3999//332 3962//332
f 3999//332 4000//332 3962//332
f 3962//333 4000//333 3977//333
f 4000//333 4001//333 3977//333
f 3977//334 4001//334 3976//334
f 4001//334 4002//334 3976//334
f 3976//335 4002//335 3975//335
f 4002//335 4003//335 3975//335
f 3975//336 4003//336 3963//336
f 4003//336 4004//336 3963//336
f 3963//337 4004//337 3964//337
f 4004//337 4005//337 3964//337
f 3964//338 4005//338 3965//338
f 4005//338 4006//338 3965//338
f 3965//339 4006//339 3966//339
f 4006//339 4007//339 3966//339
f 3966//340 4007//340 3978//340
f 4007//340 4008//340 3978//340
f 3978//341 4008//341 3985//341
f 4008//341 4009//341 3985//341
f 3985//343 4009//343 3984//343
f 4009//342 3986//342 3984//342
f 3813//87 873//87 874//87
f 856//87 875//87 858//87
f 875//87 876//87 858//87
f 4010//87 4011//87 858//87
f 876//1282 4012//1282 4013//1282
f 876//87 4013//87 858//87
f 4013//1282 4014//1282 858//1282
f 858//87 4014//87 4010//87
f 961//87 964//87 963//87
f 964//87 965//87 963//87
f 1843//87 1841//87 3812//87
f 1833//87 3818//87 1835//87
f 3818//87 3812//87 1835//87
f 4011//87 4015//87 858//87
f 4015//87 4016//87 858//87
f 858//87 4016//87 874//87
f 4016//87 4017//87 874//87
f 874//87 4017//87 3813//87
f 4017//87 4018//87 3813//87
f 3813//87 4018//87 3812//87
f 4018//87 4019//87 3812//87
f 1801//87 1799//87 4019//87
f 1841//87 1839//87 3812//87
f 1839//87 1837//87 3812//87
f 3812//87 1837//87 1835//87
f 1833//87 1831//87 3818//87
f 1831//87 1829//87 3818//87
f 3818//87 1829//87 3960//87
f 1829//87 1827//87 3960//87
f 1827//87 1825//87 3960//87
f 3960//87 1825//87 1823//87
f 4019//87 1799//87 3812//87
f 1799//87 1797//87 3812//87
f 3812//87 1797//87 1843//87
f 1726//87 1815//87 1813//87
f 1821//87 1819//87 1726//87
f 1819//87 1817//87 1726//87
f 1726//87 1817//87 1815//87
f 1738//87 1736//87 1807//87
f 1736//87 1734//87 1807//87
f 1807//87 1734//87 1809//87
f 1734//87 1732//87 1809//87
f 1809//87 1732//87 1811//87
f 1732//87 1730//87 1811//87
f 1811//87 1730//87 1813//87
f 1730//87 1728//87 1813//87
f 1813//87 1728//87 1726//87
f 1738//87 1807//87 1740//87
f 1807//87 1805//87 1740//87
f 1740//87 1805//87 1803//87
f 4020//87 4021//87 4022//87
f 4021//87 1699//87 4022//87
f 4022//87 1699//87 4023//87
f 1699//87 4024//87 4023//87
f 876//87 4025//87 4012//87
f 4025//87 963//87 4012//87
f 4012//87 963//87 4026//87
f 963//87 965//87 4026//87
f 4026//1283 965//1283 4020//1283
f 965//87 4027//87 4020//87
f 4020//87 4027//87 4021//87
f 4019//87 4028//87 1801//87
f 4028//87 4029//87 1801//87
f 1801//87 4029//87 1803//87
f 4029//87 4030//87 1803//87
f 1803//87 4030//87 1740//87
f 4030//87 4031//87 1740//87
f 1740//87 4031//87 1742//87
f 4031//87 4032//87 1742//87
f 1742//87 4032//87 1744//87
f 4032//87 4033//87 1744//87
f 1744//87 4033//87 1746//87
f 4033//87 4034//87 1746//87
f 1746//87 4034//87 1747//87
f 4034//87 4035//87 1747//87
f 1747//87 4035//87 1699//87
f 4035//87 4036//87 1699//87
f 1699//87 4036//87 4024//87
f 4005//87 4004//87 3953//87
f 4000//87 3999//87 3949//87
f 3953//87 4004//87 3951//87
f 1713//87 3995//87 3994//87
f 3954//87 4007//87 3953//87
f 4007//87 4006//87 3953//87
f 3953//87 4006//87 4005//87
f 4004//87 4003//87 3951//87
f 4003//87 4002//87 3951//87
f 3951//87 4002//87 3949//87
f 4002//87 4001//87 3949//87
f 3949//87 4001//87 4000//87
f 3987//87 3986//87 3948//87
f 3986//87 4009//87 3948//87
f 3948//87 4009//87 3954//87
f 4009//87 4008//87 3954//87
f 3954//87 4008//87 4007//87
f 3999//87 3998//87 3949//87
f 3998//87 3997//87 3949//87
f 3949//87 3997//87 1713//87
f 3997//87 3996//87 1713//87
f 1713//87 3996//87 3995//87
f 3990//87 1723//87 3991//87
f 1723//87 1721//87 3991//87
f 3991//87 1721//87 3992//87
f 1721//87 1719//87 3992//87
f 3992//87 1719//87 3993//87
f 1719//87 1717//87 3993//87
f 3993//87 1717//87 3994//87
f 1717//87 1715//87 3994//87
f 3994//87 1715//87 1713//87
f 1823//87 1821//87 3960//87
f 1821//87 1726//87 3960//87
f 3960//87 1726//87 3990//87
f 1726//87 1725//87 3990//87
f 3990//87 1725//87 1723//87
f 3948//87 3958//87 3987//87
f 3958//87 3959//87 3987//87
f 3987//87 3959//87 3988//87
f 3959//87 3960//87 3988//87
f 3988//87 3960//87 3989//87
f 3960//87 3990//87 3989//87
f 3957//87 3961//87 1713//87
f 3961//87 3955//87 1713//87
f 1713//87 3955//87 3949//87
f 1701//87 1699//87 1765//87
f 1757//87 1755//87 1709//87
f 1757//87 1709//87 1759//87
f 3957//87 1751//87 1749//87
f 1789//87 1787//87 3626//87
f 1787//87 1785//87 3626//87
f 3626//87 1785//87 3621//87
f 1785//87 1783//87 3621//87
f 1783//87 1781//87 3621//87
f 3621//87 1781//87 1779//87
f 1779//87 1777//87 3621//87
f 1777//87 1775//87 3621//87
f 3621//87 1775//87 2681//87
f 3621//87 919//87 3620//87
f 919//87 928//87 3620//87
f 3620//87 928//87 4037//87
f 1751//87 3957//87 1753//87
f 3957//87 1713//87 1753//87
f 1753//87 1713//87 1755//87
f 1713//87 1711//87 1755//87
f 1755//87 1711//87 1709//87
f 1749//87 1795//87 3957//87
f 1795//87 1793//87 3957//87
f 3957//87 1793//87 3626//87
f 1793//87 1791//87 3626//87
f 3626//87 1791//87 1789//87
f 1775//87 1773//87 2681//87
f 1773//87 1771//87 2681//87
f 2681//87 1771//87 4021//87
f 1771//87 1769//87 4021//87
f 4021//87 1769//87 1699//87
f 1769//87 1767//87 1699//87
f 1699//87 1767//87 1765//87
f 2679//87 2682//87 2681//87
f 2682//87 2683//87 2681//87
f 2681//87 2683//87 3621//87
f 2683//87 4038//87 3621//87
f 3621//87 4038//87 919//87
f 4038//87 931//87 919//87
f 919//87 931//87 917//87
f 931//87 930//87 917//87
f 1759//87 1709//87 1761//87
f 1709//87 1707//87 1761//87
f 1761//87 1707//87 1763//87
f 1707//87 1705//87 1763//87
f 1763//87 1705//87 1765//87
f 1705//87 1703//87 1765//87
f 1765//87 1703//87 1701//87
f 4039//331 4022//331 4040//331
f 4022//331 4023//331 4040//331
f 4040//332 4023//332 4041//332
f 4023//332 4024//332 4041//332
f 4041//333 4024//333 4042//333
f 4024//333 4036//333 4042//333
f 4042//334 4036//334 4043//334
f 4036//334 4035//334 4043//334
f 4043//335 4035//335 4044//335
f 4035//335 4034//335 4044//335
f 4044//336 4034//336 4045//336
f 4034//336 4033//336 4045//336
f 4045//337 4033//337 4046//337
f 4033//337 4032//337 4046//337
f 4046//338 4032//338 4047//338
f 4032//338 4031//338 4047//338
f 4047//339 4031//339 4048//339
f 4031//339 4030//339 4048//339
f 4048//340 4030//340 4049//340
f 4030//340 4029//340 4049//340
f 4049//341 4029//341 4050//341
f 4029//341 4028//341 4050//341
f 4050//342 4028//342 4051//342
f 4028//343 4019//343 4051//343
f 4051//344 4019//344 4052//344
f 4019//344 4018//344 4052//344
f 4052//345 4018//345 4053//345
f 4018//345 4017//345 4053//345
f 4053//346 4017//346 4054//346
f 4017//346 4016//346 4054//346
f 4054//347 4016//347 4055//347
f 4016//347 4015//347 4055//347
f 4055//348 4015//348 4056//348
f 4015//348 4011//348 4056//348
f 4056//349 4011//349 4057//349
f 4011//349 4010//349 4057//349
f 4057//324 4010//324 4058//324
f 4010//324 4014//324 4058//324
f 4058//325 4014//325 4059//325
f 4014//325 4013//325 4059//325
f 4059//326 4013//326 4060//326
f 4013//326 4012//326 4060//326
f 4060//327 4012//327 4061//327
f 4012//327 4026//327 4061//327
f 4061//328 4026//328 4062//328
f 4026//328 4020//328 4062//328
f 4062//329 4020//329 4039//329
f 4020//329 4022//329 4039//329
f 1671//52 1669//52 4052//52
f 4059//52 4060//52 1696//52
f 4060//52 4061//52 1696//52
f 1696//52 4061//52 1673//52
f 4052//52 4053//52 1671//52
f 4053//52 4054//52 1671//52
f 1671//52 4054//52 4055//52
f 4061//52 4062//52 1673//52
f 4062//52 4039//52 1673//52
f 1673//52 4039//52 1675//52
f 4039//52 4040//52 1675//52
f 1675//52 4040//52 1677//52
f 4040//52 4041//52 1677//52
f 1677//52 4041//52 1679//52
f 4041//52 4042//52 1679//52
f 1679//52 4042//52 1681//52
f 4042//52 4043//52 1681//52
f 1681//52 4043//52 1683//52
f 4043//52 4044//52 1683//52
f 1683//52 4044//52 1685//52
f 4044//52 4045//52 1685//52
f 1685//52 4045//52 1687//52
f 4045//52 4046//52 1687//52
f 1687//52 4046//52 1689//52
f 4046//52 4047//52 1689//52
f 1689//52 4047//52 1691//52
f 4047//52 4048//52 1691//52
f 1691//52 4048//52 1693//52
f 4048//52 4049//52 1693//52
f 1693//52 4049//52 1695//52
f 4049//52 4050//52 1695//52
f 1695//52 4050//52 1669//52
f 4050//52 4051//52 1669//52
f 1669//52 4051//52 4052//52
f 4055//52 4056//52 1671//52
f 4056//52 4057//52 1671//52
f 1671//52 4057//52 1696//52
f 4057//52 4058//52 1696//52
f 1696//52 4058//52 4059//52
f 3832//52 3820//52 3819//52
f 3819//1284 3907//1284 3905//1284
f 1830//52 1832//52 3819//52
f 1832//52 3830//52 3819//52
f 3819//52 3830//52 3832//52
f 1832//52 1834//52 3830//52
f 1834//52 1836//52 3830//52
f 3830//52 1836//52 3828//52
f 1836//52 3826//52 3828//52
f 3905//52 3903//52 3819//52
f 3903//52 3901//52 3819//52
f 3819//52 3901//52 3899//52
f 3897//52 1824//52 3899//52
f 1824//52 1826//52 3899//52
f 3899//52 1826//52 3819//52
f 1826//52 1828//52 3819//52
f 3819//52 1828//52 1830//52
f 3826//52 1836//52 3824//52
f 1836//52 1838//52 3824//52
f 3824//52 1838//52 3821//52
f 1838//52 1840//52 3821//52
f 3821//52 1840//52 3842//52
f 3897//52 3895//52 1824//52
f 3895//52 3893//52 1824//52
f 1824//52 3893//52 1822//52
f 3893//52 3892//52 1822//52
f 1822//52 3892//52 1820//52
f 3892//52 3844//52 1820//52
f 1820//52 3844//52 1818//52
f 3844//52 3843//52 1818//52
f 1818//52 3843//52 1816//52
f 3843//52 3875//52 1816//52
f 1816//52 3875//52 1814//52
f 3875//52 3870//52 1814//52
f 1814//52 3870//52 1812//52
f 3870//52 3867//52 1812//52
f 1812//52 3867//52 1810//52
f 3867//52 3864//52 1810//52
f 1810//52 3864//52 1808//52
f 3864//52 3859//52 1808//52
f 3859//52 3861//52 1808//52
f 1808//52 3861//52 1806//52
f 3861//52 3854//52 1806//52
f 1806//52 3854//52 1804//52
f 3854//52 3853//52 1804//52
f 1804//52 3853//52 1802//52
f 3853//52 3850//52 1802//52
f 1802//52 3850//52 1800//52
f 3850//52 3848//52 1800//52
f 1800//52 3848//52 1798//52
f 3848//52 3847//52 1798//52
f 1798//52 3847//52 1796//52
f 3847//52 3842//52 1796//52
f 1796//52 3842//52 1842//52
f 3842//52 1840//52 1842//52
f 1782//52 1784//52 3636//52
f 1784//52 1786//52 3636//52
f 1786//52 3625//52 3636//52
f 3636//52 3625//52 3638//52
f 3625//52 3627//52 3638//52
f 1786//52 1788//52 3625//52
f 1788//52 1790//52 3625//52
f 3625//52 1790//52 1792//52
f 1760//52 1762//52 3669//52
f 3669//52 1762//52 3674//52
f 1762//52 1764//52 3674//52
f 3674//52 1764//52 3677//52
f 1764//52 1766//52 3677//52
f 3677//52 1766//52 3682//52
f 1766//52 1768//52 3682//52
f 3682//52 1768//52 3650//52
f 1768//52 1770//52 3650//52
f 3650//52 1770//52 3649//52
f 3715//52 3625//52 3713//52
f 3625//52 3711//52 3713//52
f 3703//52 3705//52 1792//52
f 3705//52 3707//52 1792//52
f 1792//52 3707//52 3625//52
f 3707//52 3709//52 3625//52
f 3625//52 3709//52 3711//52
f 1782//52 3636//52 1780//52
f 3636//52 3634//52 1780//52
f 1780//52 3634//52 1778//52
f 1770//52 1772//52 3649//52
f 1772//52 1774//52 3649//52
f 3649//52 1774//52 3629//52
f 1774//52 1776//52 3629//52
f 3629//52 1776//52 3630//52
f 1776//52 1778//52 3630//52
f 3630//52 1778//52 3632//52
f 1778//52 3634//52 3632//52
f 3669//52 3671//52 1760//52
f 3671//52 3664//52 1760//52
f 1760//52 3664//52 1758//52
f 3664//52 3663//52 1758//52
f 1758//52 3663//52 1756//52
f 3663//52 3658//52 1756//52
f 1756//52 3658//52 1754//52
f 3658//52 3657//52 1754//52
f 1754//52 3657//52 1752//52
f 3657//52 3655//52 1752//52
f 1752//52 3655//52 1750//52
f 3655//52 3654//52 1750//52
f 1750//52 3654//52 1748//52
f 3654//52 3653//52 1748//52
f 1748//52 3653//52 1794//52
f 3653//52 3699//52 1794//52
f 1794//52 3699//52 1792//52
f 3699//52 3701//52 1792//52
f 1792//52 3701//52 3703//52
f 1184//1 1185//1 4063//1
f 1185//1 1202//1 4063//1
f 4063//1 1202//1 1203//1
f 1667//1 4064//1 1147//1
f 4064//1 4065//1 1147//1
f 1147//1 4065//1 1146//1
f 1697//1 1670//1 1696//1
f 1670//1 1671//1 1696//1
f 1161//124 1160//124 1667//124
f 1160//124 4064//124 1667//124
f 1698//52 1700//52 4066//52
f 3807//52 3808//52 4067//52
f 3640//52 3641//52 1195//52
f 3641//52 3642//52 1195//52
f 1195//52 3642//52 3643//52
f 3643//52 3644//52 1195//52
f 3644//52 3645//52 1195//52
f 1195//52 3645//52 3624//52
f 1046//52 1048//52 3694//52
f 3640//52 1195//52 3648//52
f 1195//52 1193//52 3648//52
f 3648//52 1193//52 1191//52
f 1050//52 1052//52 1700//52
f 1052//52 1054//52 1700//52
f 3696//52 1041//52 3695//52
f 1041//52 1043//52 3695//52
f 3695//52 1043//52 3694//52
f 1043//52 1044//52 3694//52
f 3694//52 1044//52 1046//52
f 1191//52 1189//52 3648//52
f 1189//52 1187//52 3648//52
f 3648//52 1187//52 3646//52
f 1187//52 1036//52 3646//52
f 3646//52 1036//52 3696//52
f 1036//52 1039//52 3696//52
f 3696//52 1039//52 1041//52
f 1008//52 1010//52 1714//52
f 1048//52 1050//52 3694//52
f 1050//52 1700//52 3694//52
f 3694//52 1700//52 3693//52
f 1700//52 1702//52 3693//52
f 3693//52 1702//52 3692//52
f 1702//52 1704//52 3692//52
f 3692//52 1704//52 3691//52
f 1704//52 1706//52 3691//52
f 3691//52 1706//52 3690//52
f 1706//52 1708//52 3690//52
f 3690//52 1708//52 3689//52
f 1708//52 1710//52 3689//52
f 3689//52 1710//52 1712//52
f 3686//52 3687//52 1033//52
f 1712//52 1714//52 3689//52
f 1714//52 1031//52 3689//52
f 3689//52 1031//52 3688//52
f 1031//52 1029//52 3688//52
f 3688//52 1029//52 1027//52
f 3721//52 1662//52 3720//52
f 1662//52 1660//52 3720//52
f 1658//52 3731//52 1660//52
f 3731//52 3716//52 1660//52
f 1660//52 3716//52 3717//52
f 1027//52 1025//52 3688//52
f 1025//52 1023//52 3688//52
f 3688//52 1023//52 3687//52
f 1023//52 1021//52 3687//52
f 3687//52 1021//52 1033//52
f 995//52 1002//52 4067//52
f 1002//52 1004//52 4067//52
f 4067//52 1004//52 1714//52
f 1004//52 1006//52 1714//52
f 1714//52 1006//52 1008//52
f 1010//52 1012//52 1714//52
f 1012//52 1015//52 1714//52
f 1714//52 1015//52 1031//52
f 1033//52 1035//52 3686//52
f 1035//52 1666//52 3686//52
f 3686//52 1666//52 3685//52
f 1666//52 1664//52 3685//52
f 3717//52 3718//52 1660//52
f 3718//52 3719//52 1660//52
f 1660//52 3719//52 3720//52
f 1658//52 1656//52 3731//52
f 1656//52 1654//52 3731//52
f 3731//52 1654//52 3729//52
f 3721//52 3722//52 1662//52
f 3722//52 3723//52 1662//52
f 1662//52 3723//52 1664//52
f 3723//52 3698//52 1664//52
f 1664//52 3698//52 3685//52
f 3751//52 3752//52 981//52
f 995//52 4067//52 993//52
f 4067//52 3808//52 993//52
f 993//52 3808//52 975//52
f 3724//52 3727//52 989//52
f 989//52 987//52 3724//52
f 987//52 985//52 3724//52
f 3724//52 985//52 3756//52
f 985//52 983//52 3756//52
f 3756//52 983//52 3755//52
f 983//52 3754//52 3755//52
f 1654//52 1649//52 3729//52
f 1649//52 1651//52 3729//52
f 3729//52 1651//52 3727//52
f 1651//52 991//52 3727//52
f 3727//52 991//52 989//52
f 981//52 3752//52 983//52
f 3752//52 3753//52 983//52
f 983//52 3753//52 3754//52
f 975//52 3808//52 977//52
f 3808//52 3757//52 977//52
f 977//52 3757//52 979//52
f 3757//52 3749//52 979//52
f 979//52 3749//52 981//52
f 3749//52 3750//52 981//52
f 981//52 3750//52 3751//52
f 3798//52 3799//52 4068//52
f 3799//52 3800//52 4068//52
f 4068//52 3800//52 1722//52
f 3800//52 3801//52 1722//52
f 1722//52 3801//52 1720//52
f 3801//52 3802//52 1720//52
f 1720//52 3802//52 1718//52
f 3802//52 3803//52 1718//52
f 1718//52 3803//52 1716//52
f 3803//52 3804//52 1716//52
f 1716//52 3804//52 1714//52
f 3804//52 3805//52 1714//52
f 1714//52 3805//52 4067//52
f 3805//52 3806//52 4067//52
f 4067//52 3806//52 3807//52
f 3932//52 3934//52 1125//52
f 3924//52 1121//52 1119//52
f 3924//52 1119//52 3922//52
f 3932//52 1125//52 3930//52
f 1119//52 1117//52 3922//52
f 1117//52 1112//52 3922//52
f 3922//52 1112//52 3920//52
f 3798//52 1001//52 3797//52
f 1001//52 1129//52 3797//52
f 3797//52 1129//52 3809//52
f 1129//52 1127//52 3809//52
f 3809//52 1127//52 3938//52
f 1127//52 1125//52 3938//52
f 3938//52 1125//52 3936//52
f 1125//52 3934//52 3936//52
f 1121//52 3924//52 1123//52
f 3924//52 3926//52 1123//52
f 1123//52 3926//52 1125//52
f 3926//52 3928//52 1125//52
f 1125//52 3928//52 3930//52
f 1099//52 1097//52 3889//52
f 1112//52 1114//52 3920//52
f 1114//52 1111//52 3920//52
f 3920//52 1111//52 3918//52
f 1111//52 1109//52 3918//52
f 3889//52 3888//52 1099//52
f 3888//52 3890//52 1099//52
f 1099//52 3890//52 1101//52
f 3890//52 3909//52 1101//52
f 1097//52 1074//52 3889//52
f 1074//52 1077//52 3889//52
f 3889//52 1077//52 3887//52
f 1077//52 1079//52 3887//52
f 3887//52 1079//52 3886//52
f 1079//52 1086//52 3886//52
f 1109//52 1107//52 3918//52
f 1107//52 1105//52 3918//52
f 3918//52 1105//52 3916//52
f 1105//52 1103//52 3916//52
f 3909//52 3910//52 1101//52
f 3910//52 3911//52 1101//52
f 1101//52 3911//52 3912//52
f 3912//52 3913//52 1101//52
f 3913//52 3914//52 1101//52
f 1101//52 3914//52 1103//52
f 3914//52 3915//52 1103//52
f 1103//52 3915//52 3916//52
f 1086//52 1088//52 3886//52
f 1088//52 1090//52 3886//52
f 3886//52 1090//52 3885//52
f 1090//52 1092//52 3885//52
f 3885//52 1092//52 1722//52
f 1092//52 1094//52 1722//52
f 1094//52 1018//52 1722//52
f 1018//52 1019//52 1722//52
f 1722//52 1019//52 1213//52
f 1213//52 1211//52 1722//52
f 1211//52 1209//52 1722//52
f 1722//52 1209//52 4068//52
f 1209//52 1207//52 4068//52
f 1207//52 1205//52 4068//52
f 1205//52 996//52 4068//52
f 4068//52 996//52 3798//52
f 996//52 999//52 3798//52
f 3798//52 999//52 1001//52
f 3879//52 1081//52 3878//52
f 1081//52 1083//52 3878//52
f 3878//52 1083//52 3840//52
f 1083//52 1085//52 3840//52
f 3840//52 1085//52 3841//52
f 1085//52 1130//52 3841//52
f 3841//52 1130//52 1143//52
f 1073//52 1071//52 3880//52
f 1071//52 1069//52 3880//52
f 1069//52 1067//52 3880//52
f 1067//52 1065//52 3880//52
f 3880//52 1065//52 3879//52
f 1065//52 1063//52 3879//52
f 3879//52 1063//52 1081//52
f 3880//52 3881//52 1073//52
f 3881//52 1737//52 1073//52
f 1073//52 1737//52 1059//52
f 1737//52 1058//52 1059//52
f 1722//52 1724//52 3885//52
f 1724//52 1727//52 3885//52
f 3885//52 1727//52 3884//52
f 1727//52 1729//52 3884//52
f 3884//52 1729//52 3883//52
f 1729//52 1731//52 3883//52
f 3883//52 1731//52 3882//52
f 1731//52 1733//52 3882//52
f 3882//52 1733//52 3881//52
f 1733//52 1735//52 3881//52
f 3881//52 1735//52 1737//52
f 1137//52 3835//52 3836//52
f 3816//52 3833//52 1137//52
f 3833//52 3834//52 1137//52
f 1137//52 3834//52 3835//52
f 1143//52 1141//52 3841//52
f 1141//52 1139//52 3841//52
f 3841//52 1139//52 3838//52
f 1139//52 1137//52 3838//52
f 3838//52 1137//52 3837//52
f 1137//52 3836//52 3837//52
f 1137//52 1135//52 3816//52
f 1135//52 1133//52 3816//52
f 3816//52 1133//52 3815//52
f 1133//52 1145//52 3815//52
f 3815//52 1145//52 3814//52
f 1200//52 1199//52 3624//52
f 1199//52 1197//52 3624//52
f 3624//52 1197//52 1195//52
f 4069//52 1737//52 1739//52
f 1739//52 1741//52 4069//52
f 1741//52 1743//52 4069//52
f 4069//52 1743//52 4066//52
f 1743//52 1745//52 4066//52
f 4066//52 1745//52 1698//52
f 1054//52 1061//52 1700//52
f 1061//52 1183//52 1700//52
f 1700//52 1183//52 4066//52
f 1183//52 1181//52 4066//52
f 4066//52 1181//52 1179//52
f 1177//52 1175//52 3614//52
f 1175//52 1166//52 3614//52
f 1169//1285 1171//1285 1173//1285
f 3624//52 3622//52 1200//52
f 3622//52 3617//52 1200//52
f 1200//52 3617//52 1203//52
f 3617//52 3611//52 1203//52
f 1203//52 3611//52 4063//52
f 3611//52 3612//52 4063//52
f 4063//52 3612//52 1184//52
f 3612//52 3614//52 1184//52
f 1184//52 3614//52 1173//52
f 3614//52 1166//52 1173//52
f 1173//52 1166//52 1169//52
f 1152//52 4069//52 3615//52
f 1152//52 1154//52 4069//52
f 1154//52 1156//52 4069//52
f 4069//52 1156//52 1737//52
f 1156//52 1158//52 1737//52
f 1737//52 1158//52 1058//52
f 3814//52 1145//52 3607//52
f 1145//52 1146//52 3607//52
f 3607//52 1146//52 3610//52
f 1146//52 4065//52 3610//52
f 3610//52 4065//52 3615//52
f 4065//52 4064//52 3615//52
f 3615//52 4064//52 1160//52
f 1163//1286 1165//1286 1160//1286
f 1165//52 1148//52 1160//52
f 1160//52 1148//52 3615//52
f 1148//52 1150//52 3615//52
f 3615//52 1150//52 1152//52
f 1672//52 1674//52 4066//52
f 1179//52 1177//52 4066//52
f 1177//52 3614//52 4066//52
f 4066//52 3614//52 1672//52
f 3614//52 1697//52 1672//52
f 1674//52 1676//52 4066//52
f 1676//52 1678//52 4066//52
f 4066//52 1678//52 1680//52
f 1697//52 3614//52 1670//52
f 3614//52 3615//52 1670//52
f 1670//52 3615//52 1668//52
f 3615//52 4069//52 1668//52
f 1668//52 4069//52 1694//52
f 1680//52 1682//52 4066//52
f 1682//52 1684//52 4066//52
f 4066//52 1684//52 4069//52
f 1684//52 1686//52 4069//52
f 4069//52 1686//52 1688//52
f 1688//52 1690//52 4069//52
f 1690//52 1692//52 4069//52
f 4069//52 1692//52 1694//52
f 3608//661 3811//661 3607//661
f 3811//661 3814//661 3607//661
f 3813//124 3811//124 873//124
f 3811//124 3608//124 873//124
f 873//124 3608//124 868//124
f 3608//124 3605//124 868//124
f 868//124 3605//124 865//124
f 3605//124 1845//124 865//124
f 865//124 1845//124 864//124
f 1845//124 1844//124 864//124
f 864//124 1844//124 4070//124
f 1844//124 4071//124 4070//124
f 1846//740 4072//740 1844//740
f 4072//740 4071//740 1844//740
f 4073//1287 4074//1287 4075//1287
f 4074//1287 4076//1287 4075//1287
f 4075//1288 4071//1288 4073//1288
f 4071//1289 4072//1289 4073//1289
f 4077//1116 4070//1116 4075//1116
f 4070//1116 4071//1116 4075//1116
f 4078//1120 4079//1120 4080//1120
f 4079//1120 4077//1120 4080//1120
f 4080//1120 4077//1120 4076//1120
f 4077//1120 4075//1120 4076//1120
f 4081//1121 4082//1121 4083//1121
f 4081//1121 4083//1121 4084//1121
f 4083//1122 4085//1122 4084//1122
f 4084//1122 4085//1122 4086//1122
f 4085//1123 4087//1123 4086//1123
f 4086//1123 4087//1123 4088//1123
f 4087//1124 4089//1124 4088//1124
f 4088//1124 4089//1124 4090//1124
f 4089//1125 4091//1125 4090//1125
f 4090//1125 4091//1125 4092//1125
f 4091//1126 4080//1126 4092//1126
f 4092//1126 4080//1126 4076//1126
f 4093//1290 4081//1290 4084//1290
f 4093//1291 4084//1291 4094//1291
f 4084//1292 4086//1292 4094//1292
f 4094//1293 4086//1293 4095//1293
f 4086//1294 4088//1294 4095//1294
f 4095//1295 4088//1295 4096//1295
f 4088//1296 4090//1296 4096//1296
f 4096//1297 4090//1297 4097//1297
f 4090//1298 4092//1298 4097//1298
f 4097//1299 4092//1299 4098//1299
f 4092//1300 4076//1300 4098//1300
f 4098//1301 4076//1301 4074//1301
f 4099//176 4100//176 4101//176
f 4100//176 4081//176 4101//176
f 4101//176 4081//176 4093//176
f 4102//1 4082//1 4100//1
f 4082//1 4081//1 4100//1
f 4102//1302 4100//1302 4103//1302
f 4100//1302 4104//1302 4103//1302
f 4103//1303 4104//1303 4105//1303
f 4104//1303 4106//1303 4105//1303
f 4105//1144 4106//1144 4107//1144
f 4106//1144 4108//1144 4107//1144
f 4107//1150 4108//1150 4109//1150
f 4108//1150 4110//1150 4109//1150
f 4109//1147 4110//1147 4111//1147
f 4110//1147 4112//1147 4111//1147
f 4111//1155 4112//1155 4113//1155
f 4112//1155 4114//1155 4113//1155
f 4113//124 4114//124 4115//124
f 4114//124 4116//124 4115//124
f 4115//1304 4116//1304 4117//1304
f 4116//1304 4118//1304 4117//1304
f 4117//1305 4118//1305 4119//1305
f 4118//1305 4120//1305 4119//1305
f 4119//1306 4120//1306 4121//1306
f 4120//1306 4122//1306 4121//1306
f 4121//1307 4122//1307 4123//1307
f 4122//1307 4124//1307 4123//1307
f 4123//311 4124//311 4125//311
f 4124//311 4126//311 4125//311
f 4125//1139 4126//1139 4127//1139
f 4126//1139 4128//1139 4127//1139
f 4100//1308 4099//1308 4104//1308
f 4099//1309 4129//1309 4104//1309
f 4104//1310 4129//1310 4106//1310
f 4129//1311 4130//1311 4106//1311
f 4106//1312 4130//1312 4108//1312
f 4130//1313 4131//1313 4108//1313
f 4108//1314 4131//1314 4110//1314
f 4131//1315 4132//1315 4110//1315
f 4110//1316 4132//1316 4112//1316
f 4132//1317 4133//1317 4112//1317
f 4112//1318 4133//1318 4114//1318
f 4133//1319 4134//1319 4114//1319
f 4114//1320 4134//1320 4116//1320
f 4134//1320 4135//1320 4116//1320
f 4116//1321 4135//1321 4118//1321
f 4135//1322 4136//1322 4118//1322
f 4118//1323 4136//1323 4120//1323
f 4136//1324 4137//1324 4120//1324
f 4120//1325 4137//1325 4122//1325
f 4137//1326 4138//1326 4122//1326
f 4122//1327 4138//1327 4124//1327
f 4138//1328 4139//1328 4124//1328
f 4124//1329 4139//1329 4126//1329
f 4139//1330 4140//1330 4126//1330
f 4126//1331 4140//1331 4128//1331
f 4140//1332 4141//1332 4128//1332
f 4142//407 4128//407 4143//407
f 4128//407 4141//407 4143//407
f 4144//283 4127//283 4142//283
f 4127//283 4128//283 4142//283
f 4144//1206 4142//1206 4145//1206
f 4144//1206 4145//1206 4146//1206
f 4145//1207 4147//1207 4146//1207
f 4146//1207 4147//1207 4148//1207
f 4147//1208 4149//1208 4148//1208
f 4148//1208 4149//1208 4150//1208
f 4149//1209 4151//1209 4150//1209
f 4150//1209 4151//1209 4152//1209
f 4151//1210 4153//1210 4152//1210
f 4152//1210 4153//1210 4154//1210
f 4153//1211 4155//1211 4154//1211
f 4154//1211 4155//1211 4156//1211
f 4155//1212 4157//1212 4156//1212
f 4156//1212 4157//1212 4158//1212
f 4157//1213 4159//1213 4158//1213
f 4158//1213 4159//1213 4160//1213
f 4161//1333 4159//1333 4157//1333
f 4161//1334 4157//1334 4162//1334
f 4157//1335 4155//1335 4162//1335
f 4162//1336 4155//1336 4163//1336
f 4155//1337 4153//1337 4163//1337
f 4163//1338 4153//1338 4164//1338
f 4153//1339 4151//1339 4164//1339
f 4164//1340 4151//1340 4165//1340
f 4151//1341 4149//1341 4165//1341
f 4165//1342 4149//1342 4166//1342
f 4149//1343 4147//1343 4166//1343
f 4166//1344 4147//1344 4167//1344
f 4147//1345 4145//1345 4167//1345
f 4167//1346 4145//1346 4168//1346
f 4145//1347 4142//1347 4168//1347
f 4168//1348 4142//1348 4143//1348
f 4169//1349 4170//1349 4171//1349
f 4169//1350 4171//1350 4172//1350
f 4171//1351 4173//1351 4172//1351
f 4172//1352 4173//1352 4174//1352
f 4173//1353 4175//1353 4174//1353
f 4174//1354 4175//1354 4176//1354
f 4175//1355 4159//1355 4176//1355
f 4176//1355 4159//1355 4161//1355
f 4177//1253 4178//1253 4179//1253
f 4177//1253 4179//1253 4180//1253
f 4179//1254 4181//1254 4180//1254
f 4180//1255 4181//1255 4182//1255
f 4181//1256 4183//1256 4182//1256
f 4182//1256 4183//1256 4184//1256
f 4183//1257 4185//1257 4184//1257
f 4184//1257 4185//1257 4186//1257
f 4185//1258 4187//1258 4186//1258
f 4186//1258 4187//1258 4188//1258
f 4187//1259 4189//1259 4188//1259
f 4188//1259 4189//1259 4190//1259
f 4189//1260 4191//1260 4190//1260
f 4190//1260 4191//1260 4192//1260
f 4191//1261 4193//1261 4192//1261
f 4192//1261 4193//1261 4170//1261
f 4194//1356 4177//1356 4180//1356
f 4194//1357 4180//1357 4195//1357
f 4180//1358 4182//1358 4195//1358
f 4195//1359 4182//1359 4196//1359
f 4182//1360 4184//1360 4196//1360
f 4196//1361 4184//1361 4197//1361
f 4184//1362 4186//1362 4197//1362
f 4197//1363 4186//1363 4198//1363
f 4186//1364 4188//1364 4198//1364
f 4198//1365 4188//1365 4199//1365
f 4188//1366 4190//1366 4199//1366
f 4199//1367 4190//1367 4200//1367
f 4190//1368 4192//1368 4200//1368
f 4200//1369 4192//1369 4201//1369
f 4192//1370 4170//1370 4201//1370
f 4201//1371 4170//1371 4169//1371
f 4194//1372 4202//1372 4177//1372
f 4202//1372 4203//1372 4177//1372
f 4177//122 4203//122 4178//122
f 4203//122 4204//122 4178//122
f 4205//124 4206//124 4207//124
f 4206//124 4208//124 4207//124
f 4204//1373 4203//1373 4209//1373
f 4203//1373 4210//1373 4209//1373
f 4209//1374 4210//1374 4211//1374
f 4210//1374 4212//1374 4211//1374
f 4211//1053 4212//1053 4213//1053
f 4212//1053 4214//1053 4213//1053
f 4213//1059 4214//1059 4215//1059
f 4214//1059 4216//1059 4215//1059
f 4215//1056 4216//1056 4217//1056
f 4216//1056 4218//1056 4217//1056
f 4217//1064 4218//1064 4219//1064
f 4218//1064 4220//1064 4219//1064
f 4219//1 4220//1 4221//1
f 4220//1 4222//1 4221//1
f 4221//1375 4222//1375 4223//1375
f 4222//1375 4224//1375 4223//1375
f 4223//1376 4224//1376 4225//1376
f 4224//1376 4226//1376 4225//1376
f 4225//1377 4226//1377 4227//1377
f 4226//1377 4228//1377 4227//1377
f 4227//1378 4228//1378 4229//1378
f 4228//1378 4230//1378 4229//1378
f 4229//1078 4230//1078 4231//1078
f 4230//1078 4232//1078 4231//1078
f 4231//1049 4232//1049 4207//1049
f 4232//1049 4205//1049 4207//1049
f 4203//1379 4202//1379 4210//1379
f 4202//1380 4233//1380 4210//1380
f 4210//1381 4233//1381 4212//1381
f 4233//1382 4234//1382 4212//1382
f 4212//1383 4234//1383 4214//1383
f 4234//1384 4235//1384 4214//1384
f 4214//1385 4235//1385 4216//1385
f 4235//1386 4236//1386 4216//1386
f 4216//1387 4236//1387 4218//1387
f 4236//1388 4237//1388 4218//1388
f 4218//1389 4237//1389 4220//1389
f 4237//1390 4238//1390 4220//1390
f 4220//1391 4238//1391 4222//1391
f 4238//1392 4239//1392 4222//1392
f 4222//1393 4239//1393 4224//1393
f 4239//1394 4240//1394 4224//1394
f 4224//1395 4240//1395 4226//1395
f 4240//1396 4241//1396 4226//1396
f 4226//1397 4241//1397 4228//1397
f 4241//1398 4242//1398 4228//1398
f 4228//1399 4242//1399 4230//1399
f 4242//1399 4243//1399 4230//1399
f 4230//1400 4243//1400 4232//1400
f 4243//1401 4244//1401 4232//1401
f 4232//1402 4244//1402 4205//1402
f 4244//1403 4245//1403 4205//1403
f 4206//740 4205//740 4246//740
f 4205//740 4245//740 4246//740
f 4247//900 4248//900 4249//900
f 4248//900 4250//900 4249//900
f 4249//1404 4250//1404 4251//1404
f 4250//1405 4252//1405 4251//1405
f 4253//1406 4252//1406 4254//1406
f 4252//1406 4250//1406 4254//1406
f 4255//904 4256//904 4257//904
f 4254//904 4250//904 4257//904
f 4250//904 4248//904 4257//904
f 4257//904 4248//904 4255//904
f 4258//905 4259//905 4260//905
f 4258//905 4260//905 4261//905
f 4260//906 4262//906 4261//906
f 4261//906 4262//906 4263//906
f 4262//907 4264//907 4263//907
f 4263//907 4264//907 4265//907
f 4264//908 4266//908 4265//908
f 4265//908 4266//908 4267//908
f 4266//909 4268//909 4267//909
f 4267//910 4268//910 4269//910
f 4268//911 4254//911 4269//911
f 4269//911 4254//911 4257//911
f 4253//1407 4254//1407 4268//1407
f 4253//1408 4268//1408 4270//1408
f 4268//1409 4266//1409 4270//1409
f 4270//1410 4266//1410 4271//1410
f 4266//1411 4264//1411 4271//1411
f 4271//1412 4264//1412 4272//1412
f 4264//1413 4262//1413 4272//1413
f 4272//1414 4262//1414 4273//1414
f 4262//1415 4260//1415 4273//1415
f 4273//1416 4260//1416 4274//1416
f 4260//1417 4259//1417 4274//1417
f 4274//1418 4259//1418 4275//1418
f 4276//176 4277//176 4259//176
f 4277//176 4278//176 4259//176
f 4259//176 4278//176 4275//176
f 4258//1 4279//1 4259//1
f 4279//1 4276//1 4259//1
f 4280//1419 4281//1419 4282//1419
f 4281//1419 4283//1419 4282//1419
f 4282//1420 4283//1420 4284//1420
f 4283//1420 4285//1420 4284//1420
f 4284//931 4285//931 4286//931
f 4285//931 4287//931 4286//931
f 4286//928 4287//928 4288//928
f 4287//928 4289//928 4288//928
f 4288//937 4289//937 4290//937
f 4289//937 4291//937 4290//937
f 4290//934 4291//934 4292//934
f 4291//934 4293//934 4292//934
f 4292//122 4293//122 4294//122
f 4293//122 4295//122 4294//122
f 4294//1421 4295//1421 4296//1421
f 4295//1421 4297//1421 4296//1421
f 4296//1422 4297//1422 4298//1422
f 4297//1422 4299//1422 4298//1422
f 4298//1423 4299//1423 4300//1423
f 4299//1423 4301//1423 4300//1423
f 4300//1424 4301//1424 4302//1424
f 4301//1424 4303//1424 4302//1424
f 4302//952 4303//952 4304//952
f 4303//952 4305//952 4304//952
f 4304//924 4305//924 4279//924
f 4305//924 4276//924 4279//924
f 4281//1425 4306//1425 4283//1425
f 4306//1426 4307//1426 4283//1426
f 4283//1427 4307//1427 4285//1427
f 4307//1428 4308//1428 4285//1428
f 4285//1429 4308//1429 4287//1429
f 4308//1430 4309//1430 4287//1430
f 4287//1431 4309//1431 4289//1431
f 4309//1432 4310//1432 4289//1432
f 4289//1433 4310//1433 4291//1433
f 4310//1434 4311//1434 4291//1434
f 4291//1435 4311//1435 4293//1435
f 4311//1436 4312//1436 4293//1436
f 4293//1437 4312//1437 4295//1437
f 4312//1438 4313//1438 4295//1438
f 4295//1439 4313//1439 4297//1439
f 4313//1440 4314//1440 4297//1440
f 4297//1441 4314//1441 4299//1441
f 4314//1442 4315//1442 4299//1442
f 4299//1443 4315//1443 4301//1443
f 4315//1444 4316//1444 4301//1444
f 4301//1445 4316//1445 4303//1445
f 4316//1446 4317//1446 4303//1446
f 4303//1447 4317//1447 4305//1447
f 4317//1448 4318//1448 4305//1448
f 4305//1449 4318//1449 4276//1449
f 4318//1450 4277//1450 4276//1450
f 4319//407 4306//407 4320//407
f 4306//407 4281//407 4320//407
f 4280//283 4321//283 4281//283
f 4321//283 4320//283 4281//283
f 4320//991 4321//991 4322//991
f 4320//991 4322//991 4323//991
f 4322//992 4324//992 4323//992
f 4323//992 4324//992 4325//992
f 4324//993 4326//993 4325//993
f 4325//993 4326//993 4327//993
f 4326//994 4328//994 4327//994
f 4327//994 4328//994 4329//994
f 4328//995 4330//995 4329//995
f 4329//996 4330//996 4331//996
f 4330//997 4332//997 4331//997
f 4331//997 4332//997 4333//997
f 4332//998 4334//998 4333//998
f 4333//998 4334//998 4335//998
f 4334//999 4336//999 4335//999
f 4335//999 4336//999 4337//999
f 4319//1451 4320//1451 4323//1451
f 4319//1452 4323//1452 4338//1452
f 4323//1453 4325//1453 4338//1453
f 4338//1454 4325//1454 4339//1454
f 4325//1455 4327//1455 4339//1455
f 4339//1456 4327//1456 4340//1456
f 4327//1457 4329//1457 4340//1457
f 4340//1458 4329//1458 4341//1458
f 4329//1459 4331//1459 4341//1459
f 4341//1460 4331//1460 4342//1460
f 4331//1461 4333//1461 4342//1461
f 4342//1462 4333//1462 4343//1462
f 4333//1463 4335//1463 4343//1463
f 4343//1464 4335//1464 4344//1464
f 4335//1465 4337//1465 4344//1465
f 4344//1466 4337//1466 4345//1466
f 4345//1467 4337//1467 4346//1467
f 4345//1467 4346//1467 4347//1467
f 4346//1468 4348//1468 4347//1468
f 4347//1469 4348//1469 4349//1469
f 4348//1470 4350//1470 4349//1470
f 4349//1471 4350//1471 4351//1471
f 4350//1472 4352//1472 4351//1472
f 4351//1473 4352//1473 4353//1473
f 4353//1474 4352//1474 4354//1474
f 4353//1475 4354//1475 4355//1475
f 4354//1476 4356//1476 4355//1476
f 4355//1477 4356//1477 4357//1477
f 4356//1478 4358//1478 4357//1478
f 4357//1479 4358//1479 4359//1479
f 4358//1480 4360//1480 4359//1480
f 4359//1481 4360//1481 4361//1481
f 4360//1482 4362//1482 4361//1482
f 4361//1483 4362//1483 4363//1483
f 4362//1484 4364//1484 4363//1484
f 4363//1485 4364//1485 4365//1485
f 4364//1486 4366//1486 4365//1486
f 4365//1487 4366//1487 4367//1487
f 4366//1488 4206//1488 4367//1488
f 4367//1489 4206//1489 4246//1489
f 4208//1023 4206//1023 4366//1023
f 4208//1023 4366//1023 4368//1023
f 4366//1024 4364//1024 4368//1024
f 4368//1025 4364//1025 4369//1025
f 4364//1026 4362//1026 4369//1026
f 4369//1026 4362//1026 4370//1026
f 4362//1027 4360//1027 4370//1027
f 4370//1027 4360//1027 4371//1027
f 4360//1028 4358//1028 4371//1028
f 4371//1028 4358//1028 4372//1028
f 4358//1029 4356//1029 4372//1029
f 4372//1029 4356//1029 4373//1029
f 4356//1030 4354//1030 4373//1030
f 4373//1030 4354//1030 4374//1030
f 4354//1031 4352//1031 4374//1031
f 4374//1031 4352//1031 4375//1031
f 4376//1490 4375//1490 4377//1490
f 4377//1491 4378//1491 4376//1491
f 4378//1265 4379//1265 4376//1265
f 4376//1265 4379//1265 4380//1265
f 4379//1 4381//1 4380//1
f 4380//1 4381//1 4382//1
f 4381//1266 4383//1266 4382//1266
f 4382//1266 4383//1266 4384//1266
f 4384//1492 4383//1492 4193//1492
f 4383//1493 4385//1493 4193//1493
f 4193//1263 4385//1263 4170//1263
f 4079//1278 4078//1278 4386//1278
f 4078//1494 4160//1494 4386//1494
f 4386//1495 4160//1495 4387//1495
f 4346//1262 4337//1262 4336//1262
f 4170//1263 4385//1263 4171//1263
f 4385//1273 4388//1273 4171//1273
f 4171//1273 4388//1273 4173//1273
f 4388//1274 4387//1274 4173//1274
f 4173//1274 4387//1274 4175//1274
f 4387//1272 4160//1272 4175//1272
f 4175//1272 4160//1272 4159//1272
f 4256//1496 4255//1496 4336//1496
f 4255//1497 4389//1497 4336//1497
f 4336//1262 4389//1262 4346//1262
f 4389//1279 4390//1279 4346//1279
f 4346//1279 4390//1279 4348//1279
f 4390//1280 4377//1280 4348//1280
f 4348//1280 4377//1280 4350//1280
f 4377//1281 4375//1281 4350//1281
f 4350//1281 4375//1281 4352//1281
f 4380//87 4382//87 4391//87
f 4382//87 4189//87 4187//87
f 4391//87 4392//87 4380//87
f 4392//87 4393//87 4380//87
f 4380//87 4393//87 4394//87
f 4375//87 4376//87 4374//87
f 4376//87 4380//87 4374//87
f 4189//87 4382//87 4191//87
f 4382//87 4384//87 4191//87
f 4191//87 4384//87 4193//87
f 4183//87 4395//87 4185//87
f 4395//87 4396//87 4185//87
f 4185//87 4396//87 4187//87
f 4396//87 4397//87 4187//87
f 4187//87 4397//87 4382//87
f 4397//87 4398//87 4382//87
f 4382//87 4398//87 4391//87
f 4369//87 4370//87 4399//87
f 4370//87 4371//87 4399//87
f 4399//87 4371//87 4394//87
f 4371//87 4372//87 4394//87
f 4394//87 4372//87 4380//87
f 4372//87 4373//87 4380//87
f 4380//87 4373//87 4374//87
f 4400//87 4221//87 4401//87
f 4221//87 4223//87 4401//87
f 4401//87 4223//87 4402//87
f 4223//87 4225//87 4402//87
f 4402//87 4225//87 4403//87
f 4225//87 4227//87 4403//87
f 4403//87 4227//87 4404//87
f 4227//87 4229//87 4404//87
f 4404//87 4229//87 4405//87
f 4229//87 4231//87 4405//87
f 4405//87 4231//87 4406//87
f 4231//87 4207//87 4406//87
f 4406//87 4207//87 4407//87
f 4207//87 4208//87 4407//87
f 4407//87 4208//87 4399//87
f 4208//87 4368//87 4399//87
f 4399//87 4368//87 4369//87
f 4183//87 4181//87 4395//87
f 4181//87 4179//87 4395//87
f 4395//87 4179//87 4408//87
f 4179//87 4178//87 4408//87
f 4408//87 4178//87 4409//87
f 4178//87 4204//87 4409//87
f 4409//87 4204//87 4410//87
f 4204//87 4209//87 4410//87
f 4410//87 4209//87 4411//87
f 4209//87 4211//87 4411//87
f 4411//87 4211//87 4412//87
f 4211//87 4213//87 4412//87
f 4412//87 4213//87 4413//87
f 4213//87 4215//87 4413//87
f 4413//87 4215//87 4414//87
f 4215//87 4217//87 4414//87
f 4414//87 4217//87 4400//87
f 4217//87 4219//87 4400//87
f 4400//87 4219//87 4221//87
f 4415//344 4409//344 4416//344
f 4409//344 4410//344 4416//344
f 4416//345 4410//345 4417//345
f 4410//345 4411//345 4417//345
f 4417//346 4411//346 4418//346
f 4411//346 4412//346 4418//346
f 4418//347 4412//347 4419//347
f 4412//347 4413//347 4419//347
f 4419//348 4413//348 4420//348
f 4413//348 4414//348 4420//348
f 4420//349 4414//349 4421//349
f 4414//349 4400//349 4421//349
f 4421//324 4400//324 4422//324
f 4400//324 4401//324 4422//324
f 4422//325 4401//325 4423//325
f 4401//325 4402//325 4423//325
f 4423//326 4402//326 4424//326
f 4402//326 4403//326 4424//326
f 4424//327 4403//327 4425//327
f 4403//327 4404//327 4425//327
f 4425//328 4404//328 4426//328
f 4404//328 4405//328 4426//328
f 4426//329 4405//329 4427//329
f 4405//329 4406//329 4427//329
f 4427//331 4406//331 4428//331
f 4406//331 4407//331 4428//331
f 4428//332 4407//332 4429//332
f 4407//332 4399//332 4429//332
f 4429//333 4399//333 4430//333
f 4399//333 4394//333 4430//333
f 4430//334 4394//334 4431//334
f 4394//334 4393//334 4431//334
f 4431//335 4393//335 4432//335
f 4393//335 4392//335 4432//335
f 4432//336 4392//336 4433//336
f 4392//336 4391//336 4433//336
f 4433//337 4391//337 4434//337
f 4391//337 4398//337 4434//337
f 4434//338 4398//338 4435//338
f 4398//338 4397//338 4435//338
f 4435//339 4397//339 4436//339
f 4397//339 4396//339 4436//339
f 4436//340 4396//340 4437//340
f 4396//340 4395//340 4437//340
f 4437//341 4395//341 4438//341
f 4395//341 4408//341 4438//341
f 4438//343 4408//343 4415//343
f 4408//342 4409//342 4415//342
f 910//52 4439//52 1338//52
f 848//52 4077//52 1260//52
f 1340//52 1338//52 4440//52
f 4077//52 849//52 4070//52
f 849//52 862//52 4070//52
f 4070//52 862//52 864//52
f 4386//52 1238//52 1240//52
f 1240//52 1242//52 4386//52
f 1242//52 1244//52 4386//52
f 4386//52 1244//52 4079//52
f 1244//52 1246//52 4079//52
f 1246//52 1248//52 4079//52
f 1248//52 1250//52 4079//52
f 4079//52 1250//52 4077//52
f 1250//52 1252//52 4077//52
f 4077//52 1252//52 1254//52
f 1254//52 1256//52 4077//52
f 1256//52 1258//52 4077//52
f 4077//52 1258//52 1260//52
f 4441//52 4439//52 4442//52
f 4439//52 4443//52 4442//52
f 847//52 843//52 848//52
f 843//52 845//52 848//52
f 848//52 845//52 4077//52
f 845//52 4444//52 4077//52
f 4077//52 4444//52 849//52
f 4444//52 861//52 849//52
f 849//52 861//52 850//52
f 861//52 860//52 850//52
f 1238//52 4386//52 1236//52
f 4386//52 1311//52 1236//52
f 1236//52 1311//52 1234//52
f 1354//52 1224//52 1356//52
f 1224//52 1226//52 1356//52
f 1356//52 1226//52 1358//52
f 1226//52 1228//52 1358//52
f 1358//52 1228//52 1359//52
f 1228//52 1230//52 1359//52
f 1359//52 1230//52 1311//52
f 1230//52 1232//52 1311//52
f 1311//52 1232//52 1234//52
f 4445//52 1224//52 4446//52
f 1224//1285 4447//1285 4446//1285
f 4448//52 4449//52 4439//52
f 4441//52 4450//52 4439//52
f 4450//52 4451//52 4439//52
f 4439//52 4451//52 1338//52
f 4451//52 4452//52 1338//52
f 1338//52 4452//52 4440//52
f 4448//52 4439//52 4453//52
f 1348//52 4447//52 1350//52
f 4447//52 1224//52 1350//52
f 1350//52 1224//52 1352//52
f 1224//52 1354//52 1352//52
f 4445//52 4454//52 1224//52
f 4454//52 4455//52 1224//52
f 1224//52 4455//52 1222//52
f 4455//52 4456//52 1222//52
f 1222//52 4456//52 1220//52
f 4456//52 4457//52 1220//52
f 1220//52 4457//52 1218//52
f 4457//52 4458//52 1218//52
f 1218//52 4458//52 4459//52
f 4459//52 4460//52 1218//52
f 4460//52 4461//52 1218//52
f 1218//52 4461//52 4462//52
f 4449//52 4463//52 4439//52
f 4463//52 4464//52 4439//52
f 4439//52 4464//52 4443//52
f 1348//52 1346//52 4447//52
f 1346//52 1344//52 4447//52
f 4447//52 1344//52 4440//52
f 1344//52 1342//52 4440//52
f 4440//52 1342//52 1340//52
f 1260//52 1214//52 848//52
f 1214//52 1216//52 848//52
f 848//52 1216//52 4465//52
f 1216//52 1218//52 4465//52
f 4465//52 1218//52 4439//52
f 1218//52 4462//52 4439//52
f 4439//52 4462//52 4453//52
f 914//52 912//52 922//52
f 1308//52 1262//52 4389//52
f 1286//52 1288//52 914//52
f 922//52 923//52 914//52
f 923//52 4466//52 914//52
f 914//52 4466//52 1338//52
f 4466//52 908//52 1338//52
f 1338//52 908//52 910//52
f 908//52 906//52 910//52
f 910//52 906//52 909//52
f 1278//52 1280//52 1338//52
f 1280//52 1282//52 1338//52
f 1338//52 1282//52 914//52
f 1282//52 1284//52 914//52
f 914//52 1284//52 1286//52
f 4248//52 1290//52 1292//52
f 1292//52 1294//52 4248//52
f 1294//52 1296//52 4248//52
f 4248//52 1296//52 4255//52
f 1296//52 1298//52 4255//52
f 4255//52 1298//52 1300//52
f 1300//52 1302//52 4255//52
f 1302//52 1304//52 4255//52
f 4255//52 1304//52 4389//52
f 1304//52 1306//52 4389//52
f 4389//52 1306//52 1308//52
f 1329//52 1327//52 1268//52
f 1327//52 1325//52 1268//52
f 1268//52 1325//52 1266//52
f 1325//52 1264//52 1266//52
f 1338//52 1337//52 1278//52
f 1337//52 1335//52 1278//52
f 1278//52 1335//52 1333//52
f 1288//52 1290//52 914//52
f 1290//52 4248//52 914//52
f 914//52 4248//52 925//52
f 4248//52 4247//52 925//52
f 925//52 4247//52 926//52
f 1268//52 1270//52 1329//52
f 1270//52 1272//52 1329//52
f 1329//52 1272//52 1331//52
f 1272//52 1274//52 1331//52
f 1331//52 1274//52 1333//52
f 1274//52 1276//52 1333//52
f 1333//52 1276//52 1278//52
f 1262//52 1264//52 4389//52
f 1264//52 1325//52 4389//52
f 4389//52 1325//52 4390//52
f 1325//52 4377//52 4390//52
f 4426//52 4427//52 4378//52
f 4427//52 4428//52 4378//52
f 4433//52 4381//52 4432//52
f 4381//52 4379//52 4432//52
f 4428//52 4429//52 4378//52
f 4429//52 4430//52 4378//52
f 4378//52 4430//52 4379//52
f 4430//52 4431//52 4379//52
f 4379//52 4431//52 4432//52
f 4433//52 4434//52 4381//52
f 4434//52 4435//52 4381//52
f 4381//52 4435//52 4383//52
f 4435//52 4436//52 4383//52
f 4436//52 4437//52 4383//52
f 4383//52 4437//52 4385//52
f 4377//52 1325//52 4378//52
f 1325//52 4425//52 4378//52
f 4378//52 4425//52 4426//52
f 1315//52 4419//52 1317//52
f 4419//52 4420//52 1317//52
f 1317//52 4420//52 1319//52
f 4420//52 4421//52 1319//52
f 1319//52 4421//52 1321//52
f 4421//52 4422//52 1321//52
f 1321//52 4422//52 1323//52
f 4422//52 4423//52 1323//52
f 1323//52 4423//52 1325//52
f 4423//52 4424//52 1325//52
f 1325//52 4424//52 4425//52
f 4437//52 4438//52 4385//52
f 4438//52 4415//52 4385//52
f 4385//52 4415//52 4388//52
f 4415//52 4416//52 4388//52
f 4388//52 4416//52 4387//52
f 4416//52 4386//52 4387//52
f 1315//52 1313//52 4419//52
f 1313//52 1311//52 4419//52
f 4419//52 1311//52 4418//52
f 1311//52 4386//52 4418//52
f 4418//52 4386//52 4417//52
f 4386//52 4416//52 4417//52
f 4451//331 4467//331 4452//331
f 4467//331 4468//331 4452//331
f 4452//332 4468//332 4440//332
f 4468//332 4469//332 4440//332
f 4440//333 4469//333 4447//333
f 4469//333 4470//333 4447//333
f 4447//334 4470//334 4446//334
f 4470//334 4471//334 4446//334
f 4446//335 4471//335 4445//335
f 4471//335 4472//335 4445//335
f 4445//336 4472//336 4454//336
f 4472//336 4473//336 4454//336
f 4454//337 4473//337 4455//337
f 4473//337 4474//337 4455//337
f 4455//338 4474//338 4456//338
f 4474//338 4475//338 4456//338
f 4456//339 4475//339 4457//339
f 4475//339 4476//339 4457//339
f 4457//340 4476//340 4458//340
f 4476//340 4477//340 4458//340
f 4458//341 4477//341 4459//341
f 4477//341 4478//341 4459//341
f 4459//342 4478//342 4460//342
f 4478//343 4479//343 4460//343
f 4460//344 4479//344 4461//344
f 4479//344 4480//344 4461//344
f 4461//345 4480//345 4462//345
f 4480//345 4481//345 4462//345
f 4462//346 4481//346 4453//346
f 4481//346 4482//346 4453//346
f 4453//347 4482//347 4448//347
f 4482//347 4483//347 4448//347
f 4448//348 4483//348 4449//348
f 4483//348 4484//348 4449//348
f 4449//349 4484//349 4463//349
f 4484//349 4485//349 4463//349
f 4463//324 4485//324 4464//324
f 4485//324 4486//324 4464//324
f 4464//325 4486//325 4443//325
f 4486//325 4487//325 4443//325
f 4443//326 4487//326 4442//326
f 4487//326 4488//326 4442//326
f 4442//327 4488//327 4441//327
f 4488//327 4489//327 4441//327
f 4441//328 4489//328 4450//328
f 4489//328 4490//328 4450//328
f 4450//329 4490//329 4451//329
f 4490//329 4467//329 4451//329
f 1362//87 4484//87 4483//87
f 4483//87 4482//87 1362//87
f 4482//87 4481//87 1362//87
f 1362//87 4481//87 1360//87
f 1364//87 4490//87 1389//87
f 4490//87 4489//87 1389//87
f 1389//87 4489//87 4488//87
f 4488//87 4487//87 1389//87
f 4487//87 4486//87 1389//87
f 1389//87 4486//87 1362//87
f 4486//87 4485//87 1362//87
f 1362//87 4485//87 4484//87
f 4481//87 4480//87 1360//87
f 4480//87 4479//87 1360//87
f 1360//87 4479//87 1386//87
f 4479//87 4478//87 1386//87
f 1386//87 4478//87 1384//87
f 4478//87 4477//87 1384//87
f 1384//87 4477//87 1382//87
f 4477//87 4476//87 1382//87
f 1382//87 4476//87 1380//87
f 4476//87 4475//87 1380//87
f 1380//87 4475//87 1378//87
f 4475//87 4474//87 1378//87
f 1378//87 4474//87 1376//87
f 4474//87 4473//87 1376//87
f 1376//87 4473//87 1374//87
f 4473//87 4472//87 1374//87
f 1374//87 4472//87 1372//87
f 4472//87 4471//87 1372//87
f 1372//87 4471//87 1370//87
f 4471//87 4470//87 1370//87
f 1370//87 4470//87 1368//87
f 4470//87 4469//87 1368//87
f 1368//87 4469//87 1366//87
f 4469//87 4468//87 1366//87
f 1366//87 4468//87 1364//87
f 4468//87 4467//87 1364//87
f 1364//87 4467//87 4490//87
f 4269//87 4257//87 4256//87
f 1297//87 1295//87 4267//87
f 4269//87 4256//87 4267//87
f 4267//87 1295//87 4265//87
f 4279//87 4258//87 1291//87
f 4256//87 4330//87 4328//87
f 1297//87 4267//87 1299//87
f 4267//87 4256//87 1299//87
f 1299//87 4256//87 1301//87
f 4336//87 4334//87 4256//87
f 4334//87 4332//87 4256//87
f 4256//87 4332//87 4330//87
f 1291//87 4258//87 1293//87
f 4258//87 4261//87 1293//87
f 1293//87 4261//87 1295//87
f 4261//87 4263//87 1295//87
f 1295//87 4263//87 4265//87
f 4326//87 1307//87 4328//87
f 1307//87 1305//87 4328//87
f 4328//87 1305//87 4256//87
f 1305//87 1303//87 4256//87
f 4256//87 1303//87 1301//87
f 1291//87 1289//87 4279//87
f 1289//87 1287//87 4279//87
f 4279//87 1287//87 4304//87
f 1287//87 1285//87 4304//87
f 4304//87 1285//87 4302//87
f 1285//87 1283//87 4302//87
f 4302//87 1283//87 4300//87
f 1283//87 1281//87 4300//87
f 4300//87 1281//87 4298//87
f 1281//87 1279//87 4298//87
f 4298//87 1279//87 4296//87
f 1279//87 1277//87 4296//87
f 4296//87 1277//87 4294//87
f 1277//87 1275//87 4294//87
f 4326//87 4324//87 1307//87
f 4324//87 4322//87 1307//87
f 1307//87 4322//87 1309//87
f 4322//87 4321//87 1309//87
f 1309//87 4321//87 1263//87
f 4321//87 4280//87 1263//87
f 1263//87 4280//87 1265//87
f 4280//87 4282//87 1265//87
f 1265//87 4282//87 1267//87
f 4282//87 4284//87 1267//87
f 1267//87 4284//87 1269//87
f 4284//87 4286//87 1269//87
f 1269//87 4286//87 1271//87
f 4286//87 4288//87 1271//87
f 1271//87 4288//87 1273//87
f 4288//87 4290//87 1273//87
f 1273//87 4290//87 1275//87
f 4290//87 4292//87 1275//87
f 1275//87 4292//87 4294//87
f 1255//87 1253//87 4089//87
f 4080//87 4091//87 4078//87
f 4091//87 4089//87 4078//87
f 1253//87 1251//87 4089//87
f 1251//87 1249//87 4089//87
f 4089//87 1249//87 4078//87
f 1249//87 1247//87 4078//87
f 4152//87 4154//87 4078//87
f 1227//87 1225//87 4111//87
f 4148//87 4150//87 1243//87
f 4111//87 1225//87 4109//87
f 1225//87 1223//87 4109//87
f 4109//87 1223//87 4107//87
f 1223//87 1221//87 4107//87
f 4107//87 1221//87 4105//87
f 1221//87 1219//87 4105//87
f 4105//87 1219//87 4103//87
f 1219//87 1217//87 4103//87
f 4103//87 1217//87 4102//87
f 4150//87 4152//87 1243//87
f 4152//87 4078//87 1243//87
f 1243//87 4078//87 1245//87
f 4078//87 1247//87 1245//87
f 4154//87 4156//87 4078//87
f 4156//87 4158//87 4078//87
f 4078//1498 4158//1498 4160//1498
f 4089//87 4087//87 1255//87
f 4087//87 4085//87 1255//87
f 1255//87 4085//87 1257//87
f 4085//87 4083//87 1257//87
f 1257//87 4083//87 1259//87
f 4083//87 4082//87 1259//87
f 1259//87 4082//87 1261//87
f 4082//87 4102//87 1261//87
f 1261//87 4102//87 1215//87
f 4102//87 1217//87 1215//87
f 4111//87 4113//87 1227//87
f 4113//87 4115//87 1227//87
f 1227//87 4115//87 1229//87
f 4115//87 4117//87 1229//87
f 1229//87 4117//87 1231//87
f 4117//87 4119//87 1231//87
f 1231//87 4119//87 1233//87
f 4119//87 4121//87 1233//87
f 1233//87 4121//87 1235//87
f 4121//87 4123//87 1235//87
f 1235//87 4123//87 1237//87
f 4123//87 4125//87 1237//87
f 1237//87 4125//87 1239//87
f 4125//87 4127//87 1239//87
f 1239//87 4127//87 1241//87
f 4127//87 4144//87 1241//87
f 1241//87 4144//87 1243//87
f 4144//87 4146//87 1243//87
f 1243//87 4146//87 4148//87
f 1648//1 4491//1 1538//1
f 4491//1 4492//1 1538//1
f 1538//1 4492//1 1537//1
f 1564//1 1464//1 4493//1
f 1464//1 1473//1 4493//1
f 4493//1 1473//1 1562//1
f 1363//1 1388//1 1362//1
f 1388//1 1389//1 1362//1
f 1581//122 1580//122 1648//122
f 1580//122 4491//122 1648//122
f 1347//87 1349//87 4494//87
f 1534//87 1528//87 4074//87
f 1351//87 1493//87 1494//87
f 4132//87 4131//87 1491//87
f 1351//87 1353//87 1493//87
f 1353//87 4132//87 1493//87
f 1493//87 4132//87 1492//87
f 4132//87 1491//87 1492//87
f 1494//87 1495//87 1351//87
f 1495//87 1496//87 1351//87
f 1351//87 1496//87 1349//87
f 4101//87 1531//87 1532//87
f 1532//87 1533//87 4101//87
f 1533//87 1527//87 4101//87
f 4101//87 1527//87 4099//87
f 1527//87 1502//87 4099//87
f 4099//87 1502//87 4129//87
f 1502//87 1501//87 4129//87
f 4129//87 1501//87 4130//87
f 1501//87 1500//87 4130//87
f 4130//87 1500//87 4131//87
f 1500//87 1490//87 4131//87
f 4131//87 1490//87 1491//87
f 4137//87 4136//87 1357//87
f 4136//87 4135//87 1357//87
f 1357//87 4135//87 1355//87
f 4135//87 4134//87 1355//87
f 1355//87 4134//87 1353//87
f 4134//87 4133//87 1353//87
f 1353//87 4133//87 4132//87
f 4137//87 1357//87 4138//87
f 1357//87 1310//87 4138//87
f 4138//87 1310//87 4139//87
f 1506//87 1310//87 1507//87
f 1310//87 1312//87 1507//87
f 1507//87 1312//87 1508//87
f 1506//87 1505//87 1310//87
f 1505//87 1504//87 1310//87
f 1310//87 1504//87 1503//87
f 4141//87 4140//87 4176//87
f 4140//87 4139//87 4176//87
f 1628//87 1539//87 4495//87
f 1539//87 1540//87 4495//87
f 1508//87 1312//87 1545//87
f 1312//87 1314//87 1545//87
f 1545//87 1314//87 1544//87
f 4176//87 1509//87 1510//87
f 1541//87 1542//87 1314//87
f 1542//87 1543//87 1314//87
f 1314//87 1543//87 1544//87
f 1509//87 4176//87 1497//87
f 4141//87 4176//87 4143//87
f 4176//87 4161//87 4143//87
f 4143//87 4161//87 4162//87
f 4139//87 1310//87 4176//87
f 1310//87 1503//87 4176//87
f 4176//87 1503//87 1497//87
f 1503//87 1499//87 1497//87
f 1497//87 1499//87 1498//87
f 1510//87 1511//87 4176//87
f 1511//87 1512//87 4176//87
f 4176//87 1512//87 1513//87
f 1513//87 1514//87 4176//87
f 1514//87 1515//87 4176//87
f 4176//87 1515//87 4174//87
f 4162//87 4163//87 4143//87
f 4163//87 4164//87 4143//87
f 4143//87 4164//87 4165//87
f 4165//87 4166//87 4143//87
f 4166//87 4167//87 4143//87
f 4143//87 4167//87 4168//87
f 4196//87 4197//87 1523//87
f 4169//87 4172//87 1519//87
f 1519//87 1520//87 4169//87
f 1520//87 1521//87 4169//87
f 4169//87 1521//87 4201//87
f 1521//87 1522//87 4201//87
f 4201//87 1522//87 4200//87
f 1522//87 1523//87 4200//87
f 1515//87 1516//87 4174//87
f 1516//87 1518//87 4174//87
f 4174//87 1518//87 4172//87
f 1518//87 1517//87 4172//87
f 4172//87 1517//87 1519//87
f 4197//87 4198//87 1523//87
f 4198//87 4199//87 1523//87
f 1523//87 4199//87 4200//87
f 1526//87 4233//87 1525//87
f 4233//87 4202//87 1525//87
f 1525//87 4202//87 1524//87
f 4202//87 4194//87 1524//87
f 1524//87 4194//87 1523//87
f 4194//87 4195//87 1523//87
f 1523//87 4195//87 4196//87
f 4495//87 4236//87 4235//87
f 1526//87 1628//87 4233//87
f 1628//87 4495//87 4233//87
f 4233//87 4495//87 4234//87
f 4495//87 4235//87 4234//87
f 1322//87 4496//87 1320//87
f 4496//87 4241//87 1320//87
f 1540//87 1541//87 4495//87
f 1541//87 1314//87 4495//87
f 4495//87 1314//87 4236//87
f 1314//87 1316//87 4236//87
f 4241//87 4240//87 1320//87
f 4240//87 4239//87 1320//87
f 1320//87 4239//87 1318//87
f 4239//87 4238//87 1318//87
f 1318//87 4238//87 1316//87
f 4238//87 4237//87 1316//87
f 1316//87 4237//87 4236//87
f 4244//87 4243//87 4496//87
f 4243//87 4242//87 4496//87
f 4496//87 4242//87 4241//87
f 1630//87 1629//87 4244//87
f 4353//87 1635//87 1636//87
f 4353//87 1636//87 4351//87
f 4244//87 1629//87 4245//87
f 1629//87 1631//87 4245//87
f 4245//87 1631//87 4246//87
f 1631//87 1632//87 4246//87
f 4246//87 1632//87 4367//87
f 1632//87 1633//87 4367//87
f 4367//87 1633//87 4365//87
f 4359//87 4361//87 1633//87
f 4361//87 4363//87 1633//87
f 1633//87 4363//87 4365//87
f 1635//87 4353//87 1634//87
f 4353//87 4355//87 1634//87
f 1634//87 4355//87 1633//87
f 4355//87 4357//87 1633//87
f 1633//87 4357//87 4359//87
f 1636//87 1637//87 4351//87
f 1637//87 1638//87 4351//87
f 4351//87 1638//87 4349//87
f 1630//87 4244//87 1622//87
f 4244//87 4496//87 1622//87
f 1622//87 4496//87 1623//87
f 1617//87 1618//87 1324//87
f 1608//87 1615//87 4309//87
f 1326//87 1328//87 4310//87
f 1617//87 1324//87 1616//87
f 1324//87 1326//87 1616//87
f 1616//87 1326//87 1615//87
f 1326//87 4310//87 1615//87
f 1615//87 4310//87 4309//87
f 1627//87 1626//87 1322//87
f 1626//87 1625//87 1322//87
f 1322//87 1625//87 4496//87
f 1625//87 1624//87 4496//87
f 4496//87 1624//87 1623//87
f 1618//87 1619//87 1324//87
f 1619//87 1620//87 1324//87
f 1324//87 1620//87 1322//87
f 1620//87 1621//87 1322//87
f 1322//87 1621//87 1627//87
f 1638//87 1640//87 4349//87
f 1640//87 1639//87 4349//87
f 4349//87 1639//87 4347//87
f 1639//87 1641//87 4347//87
f 1641//87 1642//87 4347//87
f 1642//87 1643//87 4347//87
f 4347//87 1643//87 4345//87
f 1643//87 1644//87 4345//87
f 4339//87 4340//87 1645//87
f 4340//87 4341//87 1645//87
f 1608//87 4309//87 1609//87
f 4309//87 4308//87 1609//87
f 1609//87 4308//87 1610//87
f 4308//87 4307//87 1610//87
f 1610//87 4307//87 1647//87
f 4307//87 4306//87 1647//87
f 1647//87 4306//87 1646//87
f 4306//87 4319//87 1646//87
f 1646//87 4319//87 1645//87
f 4319//87 4338//87 1645//87
f 1645//87 4338//87 4339//87
f 4341//87 4342//87 1645//87
f 4342//87 4343//87 1645//87
f 1645//87 4343//87 1644//87
f 4343//87 4344//87 1644//87
f 1644//87 4344//87 4345//87
f 4315//87 4314//87 1332//87
f 4314//87 4313//87 1332//87
f 1332//87 4313//87 1330//87
f 4313//87 4312//87 1330//87
f 1330//87 4312//87 1328//87
f 4312//87 4311//87 1328//87
f 1328//87 4311//87 4310//87
f 1332//87 1334//87 1603//87
f 1332//87 1603//87 4315//87
f 1603//87 1601//87 4315//87
f 4315//87 1601//87 4316//87
f 1594//87 1607//87 1334//87
f 1607//87 1605//87 1334//87
f 1334//87 1605//87 1603//87
f 1594//87 1334//87 1592//87
f 1334//87 1336//87 1592//87
f 1592//87 1336//87 1590//87
f 1601//87 1599//87 4316//87
f 1599//87 1597//87 4316//87
f 4316//87 1597//87 4317//87
f 1597//87 1613//87 4317//87
f 4317//87 1613//87 4318//87
f 1613//87 1611//87 4318//87
f 4318//87 1611//87 4277//87
f 1611//87 1560//87 4277//87
f 4277//87 1560//87 4278//87
f 1560//87 1548//87 4278//87
f 4278//87 1548//87 1550//87
f 1550//87 1552//87 4278//87
f 1552//87 1554//87 4278//87
f 4278//87 1554//87 4275//87
f 1554//87 1556//87 4275//87
f 4275//87 1556//87 4274//87
f 4271//87 1556//87 4270//87
f 1556//87 4253//87 4270//87
f 4271//87 4272//87 1556//87
f 4272//87 4273//87 1556//87
f 1556//87 4273//87 4274//87
f 1556//87 1558//87 4253//87
f 1558//87 1547//87 4253//87
f 4253//87 1547//87 4252//87
f 1547//87 1535//87 4252//87
f 4252//87 1535//87 4251//87
f 4094//87 4095//87 1530//87
f 4095//87 4096//87 1530//87
f 1530//87 4096//87 4097//87
f 1531//87 4101//87 1530//87
f 4101//87 4093//87 1530//87
f 1530//87 4093//87 4094//87
f 1528//87 1529//87 4074//87
f 1529//87 1530//87 4074//87
f 4074//87 1530//87 4098//87
f 1530//87 4097//87 4098//87
f 1568//87 1567//87 4494//87
f 1496//87 1571//87 1349//87
f 1571//87 1570//87 1349//87
f 1349//87 1570//87 4494//87
f 1570//87 1569//87 4494//87
f 4494//87 1569//87 1568//87
f 1567//87 1566//87 1855//87
f 1566//87 1565//87 1855//87
f 1573//1282 1572//1282 1563//1282
f 4074//87 4073//87 1534//87
f 4073//87 4072//87 1534//87
f 1534//87 4072//87 1562//87
f 4072//87 1846//87 1562//87
f 1562//87 1846//87 4493//87
f 1846//87 1854//87 4493//87
f 4493//87 1854//87 1564//87
f 1854//87 1855//87 1564//87
f 1564//87 1855//87 1563//87
f 1855//87 1565//87 1563//87
f 1563//87 1565//87 1573//87
f 1339//87 4497//87 1336//87
f 4497//87 1588//87 1336//87
f 1336//87 1588//87 1590//87
f 1339//87 1341//87 4497//87
f 1341//87 1343//87 4497//87
f 4497//87 1343//87 4494//87
f 1343//87 1345//87 4494//87
f 4494//87 1345//87 1347//87
f 1852//87 1584//87 4497//87
f 1584//87 1586//87 4497//87
f 4497//87 1586//87 1588//87
f 4251//87 1535//87 1850//87
f 1535//87 1537//87 1850//87
f 1850//87 1537//87 1851//87
f 1537//87 4492//87 1851//87
f 1851//87 4492//87 1852//87
f 4492//87 4491//87 1852//87
f 1852//87 4491//87 1580//87
f 1578//1499 1576//1499 1580//1499
f 1576//87 1575//87 1580//87
f 1580//87 1575//87 1852//87
f 1575//87 1582//87 1852//87
f 1852//87 1582//87 1584//87
f 1567//87 1855//87 4494//87
f 1855//87 1361//87 4494//87
f 4494//87 1361//87 1387//87
f 1387//87 1385//87 4494//87
f 1385//87 1383//87 4494//87
f 4494//87 1383//87 1381//87
f 1369//87 4497//87 1371//87
f 4497//87 1373//87 1371//87
f 1369//87 1367//87 4497//87
f 1367//87 1365//87 4497//87
f 4497//87 1365//87 1852//87
f 1365//87 1388//87 1852//87
f 1852//87 1388//87 1855//87
f 1388//87 1363//87 1855//87
f 1855//87 1363//87 1361//87
f 1381//87 1379//87 4494//87
f 1379//87 1377//87 4494//87
f 4494//87 1377//87 4497//87
f 1377//87 1375//87 4497//87
f 4497//87 1375//87 1373//87
f 1856//1372 4249//1372 1850//1372
f 4249//1372 4251//1372 1850//1372
f 4247//122 4249//122 926//122
f 4249//122 1856//122 926//122
f 926//122 1856//122 927//122
f 1856//122 1857//122 927//122
f 927//122 1857//122 4498//122
f 1857//122 1858//122 4498//122
f 4498//122 1858//122 4037//122
f 1858//122 3616//122 4037//122
f 4037//122 3616//122 3620//122
f 3616//122 3618//122 3620//122
f 928//1500 929//1500 4037//1500
f 929//1500 4498//1500 4037//1500
f 4499//1501 924//1501 927//1501
f 4498//1501 929//1501 4500//1501
f 4500//1501 4501//1501 4498//1501
f 4501//1501 4502//1501 4498//1501
f 4498//1501 4502//1501 927//1501
f 4502//1501 4503//1501 927//1501
f 927//1501 4503//1501 4499//1501
f 2503//1 2504//1 2486//1
f 2460//1 2479//1 2455//1
f 2506//1 2509//1 2504//1
f 2509//1 3281//1 2504//1
f 2504//1 3281//1 2455//1
f 2455//1 2479//1 2504//1
f 2479//1 2481//1 2504//1
f 2504//1 2481//1 2486//1
f 3281//1 3279//1 2455//1
f 3279//1 2436//1 2455//1
f 2455//1 2436//1 2452//1
f 2436//1 2451//1 2452//1
f 2506//1 2522//1 2509//1
f 2522//1 2520//1 2509//1
f 2509//1 2520//1 2510//1
f 2455//1 2457//1 2460//1
f 2457//1 2473//1 2460//1
f 2460//1 2473//1 2471//1
f 2497//1 2499//1 2486//1
f 2499//1 2501//1 2486//1
f 2486//1 2501//1 2503//1
f 2520//1 2518//1 2516//1
f 2460//1 2465//1 2461//1
f 2465//1502 2463//1502 2461//1502
f 2489//1502 2491//1502 2493//1502
f 2516//1 2514//1 2520//1
f 2514//1 2512//1 2520//1
f 2520//1 2512//1 2510//1
f 2451//1 2436//1 2449//1
f 2436//1 2439//1 2449//1
f 2449//1 2439//1 2441//1
f 2471//1 2469//1 2460//1
f 2469//1 2467//1 2460//1
f 2460//1 2467//1 2465//1
f 2441//1 2443//1 2449//1
f 2443//1 2445//1 2449//1
f 2449//1 2445//1 2447//1
f 2489//1 2493//1 2486//1
f 2493//1 2495//1 2486//1
f 2486//1 2495//1 2497//1
f 463//1 465//1 745//1
f 745//1 465//1 794//1
f 792//1 768//1 794//1
f 768//1 770//1 794//1
f 794//1 770//1 745//1
f 465//1 467//1 794//1
f 467//1 469//1 794//1
f 794//1 469//1 796//1
f 469//1 811//1 796//1
f 770//1 766//1 745//1
f 766//1 749//1 745//1
f 745//1 749//1 747//1
f 749//1 764//1 747//1
f 745//1 743//1 463//1
f 743//1 740//1 463//1
f 463//1 740//1 738//1
f 792//1 790//1 768//1
f 790//1 788//1 768//1
f 768//1 788//1 778//1
f 728//1502 463//1502 730//1502
f 463//1 732//1 730//1
f 788//1 786//1 784//1
f 738//1 736//1 463//1
f 736//1 734//1 463//1
f 463//1 734//1 732//1
f 799//1503 801//1503 469//1503
f 801//1 803//1 469//1
f 469//1 803//1 805//1
f 805//1 807//1 469//1
f 807//1 809//1 469//1
f 469//1 809//1 811//1
f 784//1 782//1 788//1
f 782//1 780//1 788//1
f 788//1 780//1 778//1
f 764//1 749//1 762//1
f 749//1 752//1 762//1
f 762//1 752//1 754//1
f 754//1 756//1 762//1
f 756//1 758//1 762//1
f 762//1 758//1 760//1
f 3017//1 3021//1 3023//1
f 3230//1 3228//1 3232//1
f 2551//1 2552//1 2534//1
f 2597//1 2595//1 4504//1
f 361//1 363//1 375//1
f 663//1 664//1 455//1
f 709//1 707//1 4505//1
f 2798//1 2802//1 888//1
f 924//1 4499//1 933//1
f 4499//1 4506//1 933//1
f 933//1 4506//1 934//1
f 3277//1 939//1 4506//1
f 939//1 936//1 4506//1
f 4506//1 936//1 934//1
f 933//1 939//1 924//1
f 939//1 3277//1 924//1
f 924//1 3277//1 916//1
f 3277//1 3274//1 916//1
f 916//1 3274//1 915//1
f 3274//1 3104//1 915//1
f 915//1 3104//1 913//1
f 3104//1 923//1 913//1
f 3104//1 3108//1 923//1
f 3108//1 3270//1 923//1
f 923//1 3270//1 4466//1
f 3270//1 3272//1 4466//1
f 4466//1 3272//1 908//1
f 3116//1 907//1 3112//1
f 907//1 908//1 3112//1
f 3112//1 908//1 3268//1
f 908//1 3272//1 3268//1
f 3128//1 3132//1 910//1
f 910//1 3132//1 4439//1
f 3132//1 3226//1 4439//1
f 4439//1 3226//1 4465//1
f 3226//1 3224//1 4465//1
f 4465//1 3224//1 848//1
f 3140//1 846//1 3136//1
f 846//1 848//1 3136//1
f 3136//1 848//1 3219//1
f 848//1 3224//1 3219//1
f 3152//1 3156//1 845//1
f 3156//1 3176//1 845//1
f 845//1 3176//1 4444//1
f 3176//1 3178//1 4444//1
f 4444//1 3178//1 861//1
f 3178//1 3174//1 861//1
f 3174//1 3160//1 861//1
f 861//1 3160//1 852//1
f 3160//1 3164//1 852//1
f 883//1 4504//1 880//1
f 4504//1 869//1 880//1
f 880//1 869//1 879//1
f 869//1 863//1 879//1
f 863//1 854//1 879//1
f 879//1 854//1 882//1
f 3171//1 854//1 3164//1
f 854//1 853//1 3164//1
f 3164//1 853//1 852//1
f 883//1 882//1 4504//1
f 882//1 854//1 4504//1
f 4504//1 854//1 3169//1
f 854//1 3171//1 3169//1
f 867//1 866//1 967//1
f 450//1 973//1 4507//1
f 973//1 970//1 4507//1
f 4507//1 970//1 968//1
f 967//1 973//1 867//1
f 973//1 450//1 867//1
f 867//1 450//1 859//1
f 450//1 472//1 859//1
f 859//1 472//1 857//1
f 472//1 479//1 857//1
f 857//1 479//1 876//1
f 479//1 475//1 876//1
f 475//1 477//1 876//1
f 876//1 477//1 4025//1
f 477//1 481//1 4025//1
f 4025//1 481//1 963//1
f 513//1 509//1 531//1
f 509//1 511//1 531//1
f 531//1 511//1 530//1
f 513//1 962//1 494//1
f 962//1 486//1 494//1
f 513//1 531//1 962//1
f 531//1 537//1 962//1
f 962//1 537//1 965//1
f 481//1 483//1 963//1
f 483//1 489//1 963//1
f 963//1 489//1 962//1
f 489//1 484//1 962//1
f 962//1 484//1 486//1
f 505//1 503//1 501//1
f 486//1 491//1 494//1
f 491//1 507//1 494//1
f 494//1 507//1 495//1
f 507//1 497//1 495//1
f 530//1 511//1 528//1
f 511//1 516//1 528//1
f 528//1 516//1 518//1
f 505//1 501//1 507//1
f 501//1 499//1 507//1
f 507//1 499//1 497//1
f 518//1 520//1 528//1
f 520//1 522//1 528//1
f 528//1 522//1 526//1
f 522//1 524//1 526//1
f 589//1 590//1 570//1
f 553//1 572//1 546//1
f 572//1 568//1 546//1
f 546//1 568//1 2680//1
f 570//1 590//1 568//1
f 568//1 590//1 2680//1
f 590//1 596//1 2680//1
f 2680//1 596//1 2683//1
f 537//1 533//1 965//1
f 533//1 535//1 965//1
f 965//1 535//1 4027//1
f 535//1 539//1 4027//1
f 4027//1 539//1 4021//1
f 539//1 541//1 4021//1
f 4021//1 541//1 2681//1
f 541//1 548//1 2681//1
f 2681//1 548//1 2680//1
f 548//1 544//1 2680//1
f 2680//1 544//1 546//1
f 570//1 581//1 583//1
f 581//1 570//1 579//1
f 570//1 575//1 579//1
f 579//1 575//1 577//1
f 583//1 585//1 570//1
f 585//1 587//1 570//1
f 570//1 587//1 589//1
f 564//1 562//1 560//1
f 546//1 550//1 553//1
f 550//1 566//1 553//1
f 553//1 566//1 554//1
f 566//1 556//1 554//1
f 564//1 560//1 566//1
f 560//1 558//1 566//1
f 566//1 558//1 556//1
f 2674//1 4505//1 2676//1
f 4505//1 4500//1 2676//1
f 2676//1 4500//1 2673//1
f 4500//1 929//1 2673//1
f 929//1 921//1 2673//1
f 2673//1 921//1 2672//1
f 596//1 592//1 2683//1
f 592//1 594//1 2683//1
f 2683//1 594//1 4038//1
f 594//1 598//1 4038//1
f 4038//1 598//1 931//1
f 2674//1 2672//1 4505//1
f 2672//1 921//1 4505//1
f 4505//1 921//1 462//1
f 598//1 600//1 931//1
f 600//1 606//1 931//1
f 931//1 606//1 920//1
f 606//1 602//1 920//1
f 920//1 602//1 921//1
f 602//1 604//1 921//1
f 921//1 604//1 462//1
f 705//1 2652//1 4501//1
f 2652//1 2653//1 4501//1
f 4501//1 2653//1 4502//1
f 2633//1 4502//1 2928//1
f 4502//1 2653//1 2928//1
f 2928//1 2653//1 2930//1
f 2653//1 2668//1 2930//1
f 2930//1 2668//1 2629//1
f 695//1 2664//1 697//1
f 2664//1 2662//1 697//1
f 697//1 2662//1 699//1
f 2662//1 2660//1 699//1
f 699//1 2660//1 701//1
f 2660//1 2658//1 701//1
f 701//1 2658//1 703//1
f 2658//1 2656//1 703//1
f 703//1 2656//1 705//1
f 2656//1 2654//1 705//1
f 705//1 2654//1 2652//1
f 829//1 831//1 671//1
f 693//1 2668//1 695//1
f 2668//1 2666//1 695//1
f 695//1 2666//1 2664//1
f 2943//1 2932//1 2625//1
f 2972//1 2952//1 2977//1
f 2952//1 2950//1 2977//1
f 2977//1 2950//1 2973//1
f 2950//1 832//1 2973//1
f 2943//1 2625//1 2945//1
f 823//1 825//1 671//1
f 825//1 827//1 671//1
f 671//1 827//1 829//1
f 831//1 832//1 671//1
f 832//1 2950//1 671//1
f 671//1 2950//1 673//1
f 2950//1 675//1 673//1
f 693//1 691//1 2668//1
f 691//1 2945//1 2668//1
f 2668//1 2945//1 2629//1
f 2945//1 2625//1 2629//1
f 691//1 689//1 2945//1
f 689//1 687//1 2945//1
f 2945//1 687//1 2946//1
f 687//1 685//1 2946//1
f 2946//1 685//1 2947//1
f 685//1 683//1 2947//1
f 2947//1 683//1 2948//1
f 683//1 681//1 2948//1
f 2948//1 681//1 2949//1
f 681//1 679//1 2949//1
f 2949//1 679//1 2950//1
f 679//1 677//1 2950//1
f 2950//1 677//1 675//1
f 872//1 871//1 2691//1
f 2817//1 2693//1 2815//1
f 2693//1 2691//1 2815//1
f 2815//1 2691//1 2812//1
f 2691//1 871//1 2812//1
f 2812//1 871//1 2810//1
f 2685//1 390//1 2686//1
f 390//1 2688//1 2686//1
f 2696//1 400//1 2698//1
f 400//1 398//1 2698//1
f 2698//1 398//1 2700//1
f 398//1 396//1 2700//1
f 2700//1 396//1 2702//1
f 396//1 394//1 2702//1
f 2702//1 394//1 2685//1
f 394//1 392//1 2685//1
f 2685//1 392//1 390//1
f 2823//1 2834//1 2850//1
f 2823//1 2850//1 2819//1
f 2850//1 311//1 2819//1
f 2819//1 311//1 2817//1
f 336//1 338//1 302//1
f 338//1 375//1 302//1
f 302//1 375//1 422//1
f 338//1 343//1 375//1
f 343//1 359//1 375//1
f 375//1 359//1 357//1
f 336//1 302//1 340//1
f 302//1 315//1 340//1
f 340//1 315//1 331//1
f 2817//1 311//1 2693//1
f 311//1 406//1 2693//1
f 2693//1 406//1 404//1
f 2696//1 2694//1 400//1
f 2694//1 2693//1 400//1
f 400//1 2693//1 402//1
f 2693//1 404//1 402//1
f 422//1 420//1 302//1
f 420//1 418//1 302//1
f 302//1 418//1 303//1
f 418//1 416//1 303//1
f 303//1 416//1 305//1
f 416//1 414//1 305//1
f 305//1 414//1 307//1
f 414//1 412//1 307//1
f 307//1 412//1 309//1
f 412//1 410//1 309//1
f 309//1 410//1 311//1
f 410//1 408//1 311//1
f 311//1 408//1 406//1
f 4502//1 955//1 4503//1
f 955//1 957//1 4503//1
f 4503//1 957//1 3038//1
f 957//1 958//1 3038//1
f 3038//1 958//1 952//1
f 944//1 3048//1 946//1
f 3048//1 3046//1 946//1
f 946//1 3046//1 948//1
f 3046//1 3044//1 948//1
f 948//1 3044//1 950//1
f 3044//1 3042//1 950//1
f 950//1 3042//1 952//1
f 3042//1 3040//1 952//1
f 952//1 3040//1 3038//1
f 944//1 942//1 3048//1
f 942//1 941//1 3048//1
f 3048//1 941//1 3050//1
f 2633//1 2637//1 4502//1
f 2637//1 2639//1 4502//1
f 4502//1 2639//1 955//1
f 2639//1 2926//1 955//1
f 955//1 2926//1 941//1
f 2926//1 2924//1 941//1
f 941//1 2924//1 2899//1
f 2924//1 2642//1 2899//1
f 2899//1 2642//1 2902//1
f 2642//1 2646//1 2902//1
f 2902//1 2646//1 2921//1
f 2989//1 2993//1 2894//1
f 2993//1 3023//1 2894//1
f 2894//1 3023//1 3063//1
f 2993//1 2995//1 3023//1
f 2995//1 3011//1 3023//1
f 3023//1 3011//1 3009//1
f 2989//1 2894//1 2985//1
f 2894//1 2888//1 2985//1
f 2985//1 2888//1 2887//1
f 3063//1 3065//1 2894//1
f 3065//1 3067//1 2894//1
f 2894//1 3067//1 2895//1
f 3067//1 3069//1 2895//1
f 2895//1 3069//1 2896//1
f 3069//1 3062//1 2896//1
f 2896//1 3062//1 2897//1
f 3062//1 3060//1 2897//1
f 2897//1 3060//1 2898//1
f 3060//1 3058//1 2898//1
f 2898//1 3058//1 2899//1
f 3058//1 3056//1 2899//1
f 3056//1 3054//1 2899//1
f 2899//1 3054//1 941//1
f 3054//1 3052//1 941//1
f 941//1 3052//1 3050//1
f 2593//1 902//1 870//1
f 902//1 887//1 870//1
f 870//1 887//1 871//1
f 888//1 2802//1 887//1
f 2802//1 2804//1 887//1
f 887//1 2804//1 871//1
f 2804//1 2806//1 871//1
f 871//1 2806//1 2810//1
f 2583//1 897//1 2585//1
f 897//1 895//1 2585//1
f 2585//1 895//1 2587//1
f 895//1 893//1 2587//1
f 2587//1 893//1 2589//1
f 893//1 891//1 2589//1
f 2589//1 891//1 2591//1
f 891//1 890//1 2591//1
f 2591//1 890//1 2593//1
f 890//1 903//1 2593//1
f 2593//1 903//1 902//1
f 2773//1 2787//1 2794//1
f 2719//1 2721//1 2559//1
f 2581//1 888//1 2583//1
f 888//1 899//1 2583//1
f 2583//1 899//1 897//1
f 2773//1 2794//1 2760//1
f 2719//1 2559//1 2717//1
f 2739//1 2755//1 2728//1
f 2755//1 2758//1 2728//1
f 2728//1 2758//1 2724//1
f 2758//1 2722//1 2724//1
f 2581//1 2579//1 888//1
f 2579//1 2760//1 888//1
f 888//1 2760//1 2798//1
f 2760//1 2794//1 2798//1
f 2579//1 2577//1 2760//1
f 2577//1 2575//1 2760//1
f 2760//1 2575//1 2761//1
f 2575//1 2573//1 2761//1
f 2761//1 2573//1 2763//1
f 2573//1 2571//1 2763//1
f 2763//1 2571//1 2765//1
f 2571//1 2569//1 2765//1
f 2765//1 2569//1 2767//1
f 2569//1 2567//1 2767//1
f 2767//1 2567//1 2758//1
f 2567//1 2565//1 2758//1
f 2758//1 2565//1 2563//1
f 2721//1 2722//1 2559//1
f 2722//1 2758//1 2559//1
f 2559//1 2758//1 2561//1
f 2758//1 2563//1 2561//1
f 671//1 371//1 373//1
f 671//1 373//1 823//1
f 373//1 367//1 823//1
f 823//1 367//1 369//1
f 369//1 817//1 823//1
f 817//1 819//1 823//1
f 823//1 819//1 821//1
f 3422//1 3420//1 4505//1
f 3420//1 3418//1 4505//1
f 3398//1 3396//1 4501//1
f 3406//1 4500//1 3408//1
f 4500//1 3410//1 3408//1
f 3418//1 3416//1 4505//1
f 3416//1 3414//1 4505//1
f 4505//1 3414//1 4500//1
f 3414//1 3412//1 4500//1
f 4500//1 3412//1 3410//1
f 3406//1 3404//1 4500//1
f 3404//1 3402//1 4500//1
f 4500//1 3402//1 4501//1
f 3402//1 3400//1 4501//1
f 4501//1 3400//1 3398//1
f 3430//1 3428//1 707//1
f 3428//1 3426//1 707//1
f 707//1 3426//1 4505//1
f 3426//1 3424//1 4505//1
f 4505//1 3424//1 3422//1
f 3396//1 3394//1 4501//1
f 3394//1 3392//1 4501//1
f 4501//1 3392//1 705//1
f 3392//1 3390//1 705//1
f 3390//1 3436//1 705//1
f 3436//1 3434//1 705//1
f 705//1 3434//1 707//1
f 3434//1 3432//1 707//1
f 707//1 3432//1 3430//1
f 664//1 666//1 668//1
f 668//1 715//1 664//1
f 715//1 713//1 664//1
f 664//1 713//1 4505//1
f 713//1 711//1 4505//1
f 4505//1 711//1 709//1
f 462//1 460//1 4505//1
f 460//1 458//1 4505//1
f 4505//1 458//1 664//1
f 458//1 453//1 664//1
f 664//1 453//1 455//1
f 455//1502 649//1502 651//1502
f 651//1 653//1 455//1
f 653//1 655//1 455//1
f 455//1 655//1 657//1
f 657//1 659//1 455//1
f 659//1 661//1 455//1
f 455//1 661//1 663//1
f 451//1 446//1 4507//1
f 446//1 448//1 4507//1
f 4507//1 448//1 450//1
f 442//1 440//1 438//1
f 426//1 428//1 431//1
f 428//1 444//1 431//1
f 431//1 444//1 432//1
f 444//1 434//1 432//1
f 442//1 438//1 444//1
f 438//1 436//1 444//1
f 444//1 436//1 434//1
f 4507//1 388//1 386//1
f 386//1 384//1 4507//1
f 384//1 426//1 4507//1
f 4507//1 426//1 451//1
f 426//1 431//1 451//1
f 378//1 423//1 380//1
f 423//1 426//1 380//1
f 380//1 426//1 382//1
f 426//1 384//1 382//1
f 4507//1 3462//1 3460//1
f 3470//1 3468//1 866//1
f 3468//1 3466//1 866//1
f 866//1 3466//1 3464//1
f 968//1 967//1 4507//1
f 967//1 866//1 4507//1
f 4507//1 866//1 3462//1
f 866//1 3464//1 3462//1
f 3440//1 3438//1 390//1
f 3438//1 872//1 390//1
f 390//1 872//1 2688//1
f 872//1 2691//1 2688//1
f 3438//1 3484//1 872//1
f 3484//1 3482//1 872//1
f 872//1 3482//1 3480//1
f 872//1 3474//1 866//1
f 3474//1 3472//1 866//1
f 866//1 3472//1 3470//1
f 3460//1 3458//1 4507//1
f 3458//1 3456//1 4507//1
f 4507//1 3456//1 3454//1
f 3454//1 3452//1 4507//1
f 3452//1 3450//1 4507//1
f 4507//1 3450//1 388//1
f 3450//1 3448//1 388//1
f 3448//1 3446//1 388//1
f 3446//1 3444//1 388//1
f 388//1 3444//1 390//1
f 3444//1 3442//1 390//1
f 390//1 3442//1 3440//1
f 3480//1 3478//1 872//1
f 3478//1 3476//1 872//1
f 872//1 3476//1 3474//1
f 349//1 347//1 346//1
f 357//1 355//1 375//1
f 355//1 353//1 375//1
f 375//1 353//1 361//1
f 353//1 365//1 361//1
f 365//1 353//1 346//1
f 353//1 351//1 346//1
f 346//1 351//1 349//1
f 2559//1 2604//1 2606//1
f 2606//1 2713//1 2559//1
f 2713//1 2715//1 2559//1
f 2559//1 2715//1 2717//1
f 2704//1 2707//1 2709//1
f 2606//1 2610//1 2713//1
f 2610//1 2704//1 2713//1
f 2713//1 2704//1 2711//1
f 2704//1 2709//1 2711//1
f 3542//1 3540//1 4504//1
f 3540//1 3538//1 4504//1
f 870//1 3566//1 3564//1
f 3580//1 869//1 3534//1
f 869//1 4504//1 3534//1
f 3534//1 4504//1 3536//1
f 4504//1 3538//1 3536//1
f 3558//1 2593//1 3560//1
f 2593//1 870//1 3560//1
f 3560//1 870//1 3562//1
f 870//1 3564//1 3562//1
f 3580//1 3578//1 869//1
f 3578//1 3576//1 869//1
f 869//1 3576//1 3574//1
f 3574//1 3572//1 869//1
f 3572//1 3570//1 869//1
f 869//1 3570//1 870//1
f 3570//1 3568//1 870//1
f 870//1 3568//1 3566//1
f 3558//1 3556//1 2593//1
f 3556//1 3554//1 2593//1
f 2593//1 3554//1 2595//1
f 3554//1 3552//1 2595//1
f 2595//1 3552//1 3550//1
f 3550//1 3548//1 2595//1
f 3548//1 3546//1 2595//1
f 2595//1 3546//1 4504//1
f 3546//1 3544//1 4504//1
f 4504//1 3544//1 3542//1
f 2552//1 2554//1 2556//1
f 2556//1 2603//1 2552//1
f 2603//1 2601//1 2552//1
f 2552//1 2601//1 4504//1
f 2601//1 2599//1 4504//1
f 4504//1 2599//1 2597//1
f 3169//1 3283//1 4504//1
f 3283//1 2527//1 4504//1
f 4504//1 2527//1 2552//1
f 2527//1 2529//1 2552//1
f 2552//1 2529//1 2534//1
f 2545//1 2547//1 2534//1
f 2547//1 2549//1 2534//1
f 2534//1 2549//1 2551//1
f 2534//1 2537//1 2545//1
f 2537//1 2539//1 2545//1
f 2545//1 2539//1 2543//1
f 2539//1 2541//1 2543//1
f 845//1 846//1 3152//1
f 846//1 3140//1 3152//1
f 3152//1 3140//1 3179//1
f 3140//1 3217//1 3179//1
f 3181//1 3179//1 3183//1
f 3179//1 3148//1 3183//1
f 3148//1 3179//1 3144//1
f 3179//1 3217//1 3144//1
f 3144//1 3217//1 3199//1
f 3217//1 3215//1 3199//1
f 3199//1 3215//1 3213//1
f 3205//1502 3203//1502 3207//1502
f 3203//1 3209//1 3207//1
f 3213//1 3211//1 3199//1
f 3211//1 3209//1 3199//1
f 3199//1 3209//1 3201//1
f 3209//1 3203//1 3201//1
f 3194//1 3196//1 3183//1
f 3196//1 3198//1 3183//1
f 3183//1 3198//1 3181//1
f 3183//1 3186//1 3194//1
f 3186//1 3188//1 3194//1
f 3194//1 3188//1 3192//1
f 3188//1 3190//1 3192//1
f 910//1 907//1 3128//1
f 907//1502 3116//1502 3128//1502
f 3128//1 3116//1 3228//1
f 3116//1 3266//1 3228//1
f 3248//1 3120//1 3266//1
f 3266//1 3120//1 3228//1
f 3120//1 3124//1 3228//1
f 3228//1 3124//1 3232//1
f 3256//1 3254//1 3252//1
f 3266//1 3264//1 3248//1
f 3264//1 3262//1 3248//1
f 3248//1 3262//1 3260//1
f 3260//1 3258//1 3248//1
f 3258//1 3256//1 3248//1
f 3248//1 3256//1 3250//1
f 3256//1 3252//1 3250//1
f 3243//1 3245//1 3232//1
f 3245//1 3247//1 3232//1
f 3232//1 3247//1 3230//1
f 3232//1 3235//1 3243//1
f 3235//1 3237//1 3243//1
f 3243//1 3237//1 3241//1
f 3237//1 3239//1 3241//1
f 3097//1 3099//1 4506//1
f 3099//1 3284//1 4506//1
f 4506//1 3284//1 3277//1
f 3086//1 3084//1 3082//1
f 3074//1 3076//1 3079//1
f 3076//1 3092//1 3079//1
f 3079//1 3092//1 3090//1
f 3090//1 3088//1 3079//1
f 3088//1 3086//1 3079//1
f 3079//1 3086//1 3080//1
f 3086//1 3082//1 3080//1
f 4506//1 3036//1 3034//1
f 3034//1 3032//1 4506//1
f 3032//1 3074//1 4506//1
f 4506//1 3074//1 3097//1
f 3074//1 3079//1 3097//1
f 3026//1 3072//1 3028//1
f 3072//1 3074//1 3028//1
f 3028//1 3074//1 3030//1
f 3074//1 3032//1 3030//1
f 3514//1 3038//1 3516//1
f 3038//1 3036//1 3516//1
f 3516//1 3036//1 3518//1
f 4503//1 3506//1 3504//1
f 3496//1 3494//1 4499//1
f 3494//1 3492//1 4499//1
f 4499//1 3492//1 3490//1
f 3514//1 3512//1 3038//1
f 3512//1 3510//1 3038//1
f 3038//1 3510//1 4503//1
f 3510//1 3508//1 4503//1
f 4503//1 3508//1 3506//1
f 3504//1 3502//1 4503//1
f 3502//1 3500//1 4503//1
f 4503//1 3500//1 4499//1
f 3500//1 3498//1 4499//1
f 4499//1 3498//1 3496//1
f 3526//1 4506//1 3528//1
f 4506//1 3530//1 3528//1
f 3526//1 3524//1 4506//1
f 3524//1 3522//1 4506//1
f 4506//1 3522//1 3036//1
f 3522//1 3520//1 3036//1
f 3036//1 3520//1 3518//1
f 3490//1 3488//1 4499//1
f 3488//1 3486//1 4499//1
f 4499//1 3486//1 4506//1
f 3486//1 3532//1 4506//1
f 4506//1 3532//1 3530//1
f 3005//1 3003//1 3001//1
f 3009//1 3007//1 3023//1
f 3007//1 3005//1 3023//1
f 3023//1 3005//1 3017//1
f 3005//1 3013//1 3017//1
f 3001//1 2999//1 3005//1
f 2999//1 2998//1 3005//1
f 3005//1 2998//1 3013//1
f 1847//283 3606//283 1853//283
f 3606//283 3609//283 1853//283
f 1859//283 1849//283 3613//283
f 1849//283 1848//283 3613//283
f 2173//283 4508//283 2175//283
f 4508//283 4509//283 2175//283
f 2175//283 4509//283 2177//283
f 4509//283 4510//283 2177//283
f 2177//283 4510//283 2179//283
f 4510//283 4511//283 2179//283
f 2179//283 4511//283 2181//283
f 4511//283 4512//283 2181//283
f 2181//283 4512//283 2183//283
f 4512//283 4513//283 2183//283
f 2183//283 4513//283 2185//283
f 4513//283 4514//283 2185//283
f 2185//283 4514//283 2187//283
f 4514//283 4515//283 2187//283
f 2187//283 4515//283 2189//283
f 4515//283 4516//283 2189//283
f 2189//283 4516//283 2191//283
f 4516//283 4517//283 2191//283
f 2191//283 4517//283 2193//283
f 4517//283 4518//283 2193//283
f 2193//283 4518//283 2195//283
f 4518//283 4519//283 2195//283
f 2195//283 4519//283 2149//283
f 4519//283 4520//283 2149//283
f 2149//283 4520//283 2151//283
f 4520//283 4521//283 2151//283
f 2151//283 4521//283 2153//283
f 4521//283 4522//283 2153//283
f 2153//283 4522//283 2155//283
f 4522//283 4523//283 2155//283
f 2155//283 4523//283 2157//283
f 4523//283 4524//283 2157//283
f 2157//283 4524//283 2159//283
f 4524//283 4525//283 2159//283
f 2159//283 4525//283 2161//283
f 4525//283 4526//283 2161//283
f 2161//283 4526//283 2163//283
f 4526//283 4527//283 2163//283
f 2163//283 4527//283 2165//283
f 4527//283 4528//283 2165//283
f 2165//283 4528//283 2167//283
f 4528//283 4529//283 2167//283
f 2167//283 4529//283 2169//283
f 4529//283 4530//283 2169//283
f 2169//283 4530//283 2171//283
f 4530//283 4531//283 2171//283
f 2171//283 4531//283 2173//283
f 4531//283 4508//283 2173//283
f 2035//283 4532//283 2037//283
f 4532//283 4533//283 2037//283
f 2037//283 4533//283 2039//283
f 4533//283 4534//283 2039//283
f 2039//283 4534//283 2041//283
f 4534//283 4535//283 2041//283
f 2041//283 4535//283 2043//283
f 4535//283 4536//283 2043//283
f 2043//283 4536//283 2045//283
f 4536//283 4537//283 2045//283
f 2045//283 4537//283 2047//283
f 4537//283 4538//283 2047//283
f 2047//283 4538//283 2049//283
f 4538//283 4539//283 2049//283
f 2049//283 4539//283 2051//283
f 4539//283 4540//283 2051//283
f 2051//283 4540//283 2005//283
f 4540//283 4541//283 2005//283
f 2005//283 4541//283 2007//283
f 4541//283 4542//283 2007//283
f 2007//283 4542//283 2009//283
f 4542//283 4543//283 2009//283
f 2009//283 4543//283 2011//283
f 4543//283 4544//283 2011//283
f 2011//283 4544//283 2013//283
f 4544//283 4545//283 2013//283
f 2013//283 4545//283 2015//283
f 4545//283 4546//283 2015//283
f 2015//283 4546//283 2017//283
f 4546//283 4547//283 2017//283
f 2017//283 4547//283 2019//283
f 4547//283 4548//283 2019//283
f 2019//283 4548//283 2021//283
f 4548//283 4549//283 2021//283
f 2021//283 4549//283 2023//283
f 4549//283 4550//283 2023//283
f 2023//283 4550//283 2025//283
f 4550//283 4551//283 2025//283
f 2025//283 4551//283 2027//283
f 4551//283 4552//283 2027//283
f 2027//283 4552//283 2029//283
f 4552//283 4553//283 2029//283
f 2029//283 4553//283 2031//283
f 4553//283 4554//283 2031//283
f 2031//283 4554//283 2033//283
f 4554//283 4555//283 2033//283
f 2033//283 4555//283 2035//283
f 4555//283 4532//283 2035//283
f 2387//283 4556//283 2389//283
f 4556//283 4557//283 2389//283
f 2389//283 4557//283 2391//283
f 4557//283 4558//283 2391//283
f 2391//283 4558//283 2393//283
f 4558//283 4559//283 2393//283
f 2393//283 4559//283 2395//283
f 4559//283 4560//283 2395//283
f 2395//283 4560//283 2397//283
f 4560//283 4561//283 2397//283
f 2397//283 4561//283 2399//283
f 4561//283 4562//283 2399//283
f 2399//283 4562//283 2401//283
f 4562//283 4563//283 2401//283
f 2401//283 4563//283 2403//283
f 4563//283 4564//283 2403//283
f 2403//283 4564//283 2405//283
f 4564//283 4565//283 2405//283
f 2405//283 4565//283 2407//283
f 4565//283 4566//283 2407//283
f 2407//283 4566//283 2409//283
f 4566//283 4567//283 2409//283
f 2409//283 4567//283 2411//283
f 4567//283 4568//283 2411//283
f 2411//283 4568//283 2365//283
f 4568//283 4569//283 2365//283
f 2365//283 4569//283 2367//283
f 4569//283 4570//283 2367//283
f 2367//283 4570//283 2369//283
f 4570//283 4571//283 2369//283
f 2369//283 4571//283 2371//283
f 4571//283 4572//283 2371//283
f 2371//283 4572//283 2373//283
f 4572//283 4573//283 2373//283
f 2373//283 4573//283 2375//283
f 4573//283 4574//283 2375//283
f 2375//283 4574//283 2377//283
f 4574//283 4575//283 2377//283
f 2377//283 4575//283 2379//283
f 4575//283 4576//283 2379//283
f 2379//283 4576//283 2381//283
f 4576//283 4577//283 2381//283
f 2381//283 4577//283 2383//283
f 4577//283 4578//283 2383//283
f 2383//283 4578//283 2385//283
f 4578//283 4579//283 2385//283
f 2385//283 4579//283 2387//283
f 4579//283 4556//283 2387//283
f 2143//283 4580//283 2145//283
f 4580//283 4581//283 2145//283
f 2145//283 4581//283 2147//283
f 4581//283 4582//283 2147//283
f 2147//283 4582//283 2101//283
f 4582//283 4583//283 2101//283
f 2101//283 4583//283 2103//283
f 4583//283 4584//283 2103//283
f 2103//283 4584//283 2105//283
f 4584//283 4585//283 2105//283
f 2105//283 4585//283 2107//283
f 4585//283 4586//283 2107//283
f 2107//283 4586//283 2109//283
f 4586//283 4587//283 2109//283
f 2109//283 4587//283 2111//283
f 4587//283 4588//283 2111//283
f 2111//283 4588//283 2113//283
f 4588//283 4589//283 2113//283
f 2113//283 4589//283 2115//283
f 4589//283 4590//283 2115//283
f 2115//283 4590//283 2117//283
f 4590//283 4591//283 2117//283
f 2117//283 4591//283 2119//283
f 4591//283 4592//283 2119//283
f 2119//283 4592//283 2121//283
f 4592//283 4593//283 2121//283
f 2121//283 4593//283 2123//283
f 4593//283 4594//283 2123//283
f 2123//283 4594//283 2125//283
f 4594//283 4595//283 2125//283
f 2125//283 4595//283 2127//283
f 4595//283 4596//283 2127//283
f 2127//283 4596//283 2129//283
f 4596//283 4597//283 2129//283
f 2129//283 4597//283 2131//283
f 4597//283 4598//283 2131//283
f 2131//283 4598//283 2133//283
f 4598//283 4599//283 2133//283
f 2133//283 4599//283 2135//283
f 4599//283 4600//283 2135//283
f 2135//283 4600//283 2137//283
f 4600//283 4601//283 2137//283
f 2137//283 4601//283 2139//283
f 4601//283 4602//283 2139//283
f 2139//283 4602//283 2141//283
f 4602//283 4603//283 2141//283
f 2141//283 4603//283 2143//283
f 4603//283 4580//283 2143//283
f 2077//283 4604//283 2079//283
f 4604//283 4605//283 2079//283
f 2079//283 4605//283 2081//283
f 4605//283 4606//283 2081//283
f 2081//283 4606//283 2083//283
f 4606//283 4607//283 2083//283
f 2083//283 4607//283 2085//283
f 4607//283 4608//283 2085//283
f 2085//283 4608//283 2087//283
f 4608//283 4609//283 2087//283
f 2087//283 4609//283 2089//283
f 4609//283 4610//283 2089//283
f 2089//283 4610//283 2091//283
f 4610//283 4611//283 2091//283
f 2091//283 4611//283 2093//283
f 4611//283 4612//283 2093//283
f 2093//283 4612//283 2095//283
f 4612//283 4613//283 2095//283
f 2095//283 4613//283 2097//283
f 4613//283 4614//283 2097//283
f 2097//283 4614//283 2099//283
f 4614//283 4615//283 2099//283
f 2099//283 4615//283 2053//283
f 4615//283 4616//283 2053//283
f 2053//283 4616//283 2055//283
f 4616//283 4617//283 2055//283
f 2055//283 4617//283 2057//283
f 4617//283 4618//283 2057//283
f 2057//283 4618//283 2059//283
f 4618//283 4619//283 2059//283
f 2059//283 4619//283 2061//283
f 4619//283 4620//283 2061//283
f 2061//283 4620//283 2063//283
f 4620//283 4621//283 2063//283
f 2063//283 4621//283 2065//283
f 4621//283 4622//283 2065//283
f 2065//283 4622//283 2067//283
f 4622//283 4623//283 2067//283
f 2067//283 4623//283 2069//283
f 4623//283 4624//283 2069//283
f 2069//283 4624//283 2071//283
f 4624//283 4625//283 2071//283
f 2071//283 4625//283 2073//283
f 4625//283 4626//283 2073//283
f 2073//283 4626//283 2075//283
f 4626//283 4627//283 2075//283
f 2075//283 4627//283 2077//283
f 4627//283 4604//283 2077//283
f 4628//124 4629//124 1853//124
f 3609//124 4630//124 4631//124
f 4631//124 4628//124 3609//124
f 4628//124 1853//124 3609//124
f 1853//1504 4629//1504 4632//1504
f 1853//1504 4632//1504 1848//1504
f 4632//1504 4633//1504 1848//1504
f 1848//1504 4633//1504 4634//1504
f 4635//122 3613//122 4636//122
f 3613//122 1848//122 4636//122
f 4637//122 4638//122 4636//122
f 4640//122 4641//122 4636//122
f 4641//122 4642//122 4636//122
f 4636//1505 4642//1505 4643//1505
f 4643//1506 4644//1506 4636//1506
f 4644//122 4645//122 4636//122
f 4636//1507 4645//1507 4637//1507
f 4639//122 4646//122 4636//122
f 4649//122 1848//122 4650//122
f 1848//122 4634//122 4650//122
f 1848//122 4651//122 4652//122
f 4653//122 4654//122 1848//122
f 4652//122 4655//122 1848//122
f 4655//122 4656//122 1848//122
f 1848//122 4656//122 4657//122
f 4658//122 4659//122 1848//122
f 4659//1508 4660//1508 1848//1508
f 1848//122 4660//122 4651//122
f 4649//122 4661//122 1848//122
f 4661//122 4662//122 1848//122
f 1848//122 4662//122 4653//122
f 4654//122 4663//122 1848//122
f 4663//1509 4664//1509 1848//1509
f 1848//122 4664//122 4658//122
f 4657//122 4665//122 1848//122
f 4665//122 4666//122 1848//122
f 1848//1508 4666//1508 4667//1508
f 4667//122 4668//122 1848//122
f 4668//122 4669//122 1848//122
f 1848//1510 4669//1510 4670//1510
f 4670//122 4671//122 1848//122
f 4671//122 4672//122 1848//122
f 1848//122 4672//122 4673//122
f 4673//1511 4674//1511 1848//1511
f 4674//1512 4675//1512 1848//1512
f 1848//122 4675//122 4636//122
f 4675//87 4676//87 4636//87
f 4636//1 4676//1 4640//1
f 3613//1513 4635//1513 4677//1513
f 3613//1513 4677//1513 3609//1513
f 4677//1513 4678//1513 3609//1513
f 3609//1513 4678//1513 4630//1513
f 4629//283 4628//283 4679//283
f 4679//283 4680//283 4629//283
f 4680//283 4681//283 4629//283
f 4629//283 4681//283 4682//283
f 4682//283 4683//283 4629//283
f 4683//283 4684//283 4629//283
f 4629//283 4684//283 4632//283
f 4630//283 4678//283 4685//283
f 4685//283 4686//283 4630//283
f 4686//283 4687//283 4630//283
f 4630//283 4687//283 4688//283
f 4688//283 4689//283 4630//283
f 4689//283 4690//283 4630//283
f 4630//283 4690//283 4631//283
f 4691//283 4635//283 4692//283
f 4635//283 4636//283 4692//283
f 4691//283 4693//283 4635//283
f 4693//283 4694//283 4635//283
f 4635//283 4694//283 4677//283
f 4634//283 4695//283 4696//283
f 4650//87 4634//87 4697//87
f 4634//283 4698//283 4697//283
f 4699//283 4700//283 4634//283
f 4700//283 4701//283 4634//283
f 4634//283 4701//283 4702//283
f 4696//283 4703//283 4634//283
f 4703//283 4704//283 4634//283
f 4634//283 4704//283 4705//283
f 4705//283 4706//283 4634//283
f 4706//283 4707//283 4634//283
f 4634//1 4707//1 4698//1
f 4633//283 4708//283 4634//283
f 4708//283 4709//283 4634//283
f 4634//283 4709//283 4710//283
f 4702//283 4711//283 4634//283
f 4711//283 4712//283 4634//283
f 4634//283 4712//283 4695//283
f 4710//283 4713//283 4634//283
f 4713//283 4714//283 4634//283
f 4634//283 4714//283 4699//283
f 4718//1514 4715//1514 4719//1514
f 4719//1515 4716//1515 4717//1515
f 4720//1516 4721//1516 4722//1516
f 4664//1517 4663//1517 4723//1517
f 4661//87 4649//87 4726//87
f 4727//1518 4728//1518 4729//1518
f 4728//1519 4730//1519 4729//1519
f 4729//1520 4730//1520 4731//1520
f 4726//122 4732//122 4661//122
f 4732//1521 4733//1521 4661//1521
f 4661//1522 4733//1522 4662//1522
f 4733//1523 4734//1523 4662//1523
f 4662//1524 4734//1524 4653//1524
f 4734//1525 4735//1525 4653//1525
f 4653//1526 4735//1526 4654//1526
f 4725//1527 4735//1527 4720//1527
f 4735//1528 4734//1528 4720//1528
f 4720//1529 4734//1529 4721//1529
f 4734//1530 4733//1530 4721//1530
f 4721//1531 4733//1531 4737//1531
f 4733//1532 4732//1532 4737//1532
f 4737//87 4732//87 4729//87
f 4732//87 4726//87 4729//87
f 4729//1533 4726//1533 4727//1533
f 4649//87 4650//87 4726//87
f 4650//87 4697//87 4726//87
f 4726//87 4697//87 4727//87
f 4697//87 4698//87 4727//87
f 4727//87 4698//87 4728//87
f 4698//283 4707//283 4728//283
f 4728//87 4707//87 4730//87
f 4707//1 4706//1 4730//1
f 4730//1 4706//1 4731//1
f 4706//1 4705//1 4731//1
f 4731//1534 4705//1534 4729//1534
f 4705//1535 4704//1535 4729//1535
f 4729//1536 4704//1536 4737//1536
f 4704//1537 4703//1537 4737//1537
f 4737//1538 4703//1538 4721//1538
f 4703//1539 4696//1539 4721//1539
f 4721//1540 4696//1540 4722//1540
f 4696//1541 4695//1541 4722//1541
f 4722//1542 4695//1542 4736//1542
f 4664//1543 4723//1543 4724//1543
f 4695//1544 4712//1544 4736//1544
f 4712//1545 4711//1545 4736//1545
f 4736//1546 4711//1546 4738//1546
f 4725//1547 4723//1547 4735//1547
f 4723//1548 4663//1548 4735//1548
f 4735//1526 4663//1526 4654//1526
f 4657//1549 4740//1549 4665//1549
f 4740//1550 4741//1550 4665//1550
f 4665//1551 4741//1551 4666//1551
f 4741//1551 4667//1551 4666//1551
f 4668//1552 4744//1552 4669//1552
f 4744//1553 4745//1553 4669//1553
f 4669//1554 4745//1554 4670//1554
f 4745//1555 4746//1555 4670//1555
f 4670//1556 4746//1556 4671//1556
f 4672//1557 4747//1557 4673//1557
f 4747//1558 4748//1558 4673//1558
f 4673//1559 4748//1559 4674//1559
f 4749//1560 4750//1560 4674//1560
f 4751//1 4675//1 4674//1
f 4674//1561 4750//1561 4752//1561
f 4753//1562 4638//1562 4754//1562
f 4638//1563 4637//1563 4754//1563
f 4648//1564 4647//1564 4755//1564
f 4643//122 4642//122 4756//122
f 4642//124 4641//124 4756//124
f 4756//122 4641//122 4640//122
f 4674//1565 4757//1565 4749//1565
f 4757//1566 4644//1566 4749//1566
f 4749//1567 4644//1567 4750//1567
f 4644//1568 4643//1568 4750//1568
f 4750//1569 4643//1569 4752//1569
f 4643//1570 4756//1570 4752//1570
f 4752//87 4756//87 4674//87
f 4756//87 4640//87 4674//87
f 4674//283 4640//283 4751//283
f 4640//87 4676//87 4751//87
f 4751//87 4676//87 4675//87
f 4758//122 4759//122 4760//122
f 4759//1571 4754//1571 4760//1571
f 4760//1572 4754//1572 4645//1572
f 4754//1573 4637//1573 4645//1573
f 4645//1574 4644//1574 4760//1574
f 4644//1575 4757//1575 4760//1575
f 4760//1576 4757//1576 4758//1576
f 4757//1577 4674//1577 4758//1577
f 4758//233 4674//233 4759//233
f 4674//1578 4761//1578 4759//1578
f 4759//122 4761//122 4754//122
f 4761//122 4762//122 4754//122
f 4754//1579 4762//1579 4753//1579
f 4762//1580 4763//1580 4753//1580
f 4753//1581 4763//1581 4674//1581
f 4763//1582 4762//1582 4674//1582
f 4674//1583 4762//1583 4761//1583
f 4764//1584 4765//1584 4739//1584
f 4638//1585 4753//1585 4739//1585
f 4739//1586 4753//1586 4764//1586
f 4753//1587 4674//1587 4764//1587
f 4764//1588 4674//1588 4765//1588
f 4674//1589 4748//1589 4765//1589
f 4672//1590 4671//1590 4747//1590
f 4671//1591 4746//1591 4747//1591
f 4746//1592 4745//1592 4766//1592
f 4745//1593 4744//1593 4742//1593
f 4742//1594 4744//1594 4743//1594
f 4744//1595 4668//1595 4743//1595
f 4743//1596 4668//1596 4667//1596
f 4767//1 4768//1 4769//1
f 4768//1 4770//1 4769//1
f 4769//1 4770//1 4771//1
f 4772//1 4773//1 4769//1
f 4773//1 4774//1 4769//1
f 4769//1 4774//1 4767//1
f 4775//1 4776//1 4769//1
f 4776//1 4777//1 4769//1
f 4769//1 4777//1 4772//1
f 4778//1 4779//1 4769//1
f 4779//1 4780//1 4769//1
f 4769//1 4780//1 4775//1
f 4781//1 4782//1 4769//1
f 4782//1 4783//1 4769//1
f 4769//1 4783//1 4778//1
f 4784//1 4785//1 4769//1
f 4785//1 4786//1 4769//1
f 4769//1 4786//1 4781//1
f 4787//1 4788//1 4769//1
f 4788//1 4789//1 4769//1
f 4769//1 4789//1 4784//1
f 4771//1 4790//1 4769//1
f 4790//1 4791//1 4769//1
f 4769//1 4791//1 4787//1
f 4610//1597 4783//1597 4611//1597
f 4783//1597 4782//1597 4611//1597
f 4611//1598 4782//1598 4612//1598
f 4782//1598 4781//1598 4612//1598
f 4612//1599 4781//1599 4613//1599
f 4781//1599 4786//1599 4613//1599
f 4613//1600 4786//1600 4614//1600
f 4786//1600 4785//1600 4614//1600
f 4614//1601 4785//1601 4615//1601
f 4785//1601 4784//1601 4615//1601
f 4615//1602 4784//1602 4616//1602
f 4784//1602 4789//1602 4616//1602
f 4616//1603 4789//1603 4617//1603
f 4789//1603 4788//1603 4617//1603
f 4617//1604 4788//1604 4618//1604
f 4788//1604 4787//1604 4618//1604
f 4618//1605 4787//1605 4619//1605
f 4787//1605 4791//1605 4619//1605
f 4619//1606 4791//1606 4620//1606
f 4791//1606 4790//1606 4620//1606
f 4620//1607 4790//1607 4621//1607
f 4790//1607 4771//1607 4621//1607
f 4621//1608 4771//1608 4622//1608
f 4771//1608 4770//1608 4622//1608
f 4622//1609 4770//1609 4623//1609
f 4770//1609 4768//1609 4623//1609
f 4623//1610 4768//1610 4624//1610
f 4768//1610 4767//1610 4624//1610
f 4624//1611 4767//1611 4625//1611
f 4767//1611 4774//1611 4625//1611
f 4625//1612 4774//1612 4626//1612
f 4774//1612 4773//1612 4626//1612
f 4626//1613 4773//1613 4627//1613
f 4773//1613 4772//1613 4627//1613
f 4627//1614 4772//1614 4604//1614
f 4772//1614 4777//1614 4604//1614
f 4604//1615 4777//1615 4605//1615
f 4777//1615 4776//1615 4605//1615
f 4605//1616 4776//1616 4606//1616
f 4776//1616 4775//1616 4606//1616
f 4606//1617 4775//1617 4607//1617
f 4775//1617 4780//1617 4607//1617
f 4607//1618 4780//1618 4608//1618
f 4780//1618 4779//1618 4608//1618
f 4608//1619 4779//1619 4609//1619
f 4779//1619 4778//1619 4609//1619
f 4609//1620 4778//1620 4610//1620
f 4778//1620 4783//1620 4610//1620
f 4792//1 4793//1 4794//1
f 4793//1 4795//1 4794//1
f 4794//1 4795//1 4796//1
f 4797//1 4798//1 4794//1
f 4798//1 4799//1 4794//1
f 4794//1 4799//1 4792//1
f 4800//1 4801//1 4794//1
f 4801//1 4802//1 4794//1
f 4794//1 4802//1 4797//1
f 4803//1 4804//1 4794//1
f 4804//1 4805//1 4794//1
f 4794//1 4805//1 4800//1
f 4806//1 4807//1 4794//1
f 4807//1 4808//1 4794//1
f 4794//1 4808//1 4803//1
f 4809//1 4810//1 4794//1
f 4810//1 4811//1 4794//1
f 4794//1 4811//1 4806//1
f 4812//1 4813//1 4794//1
f 4813//1 4814//1 4794//1
f 4794//1 4814//1 4809//1
f 4796//1 4815//1 4794//1
f 4815//1 4816//1 4794//1
f 4794//1 4816//1 4812//1
f 4601//1597 4808//1597 4602//1597
f 4808//1597 4807//1597 4602//1597
f 4602//1598 4807//1598 4603//1598
f 4807//1598 4806//1598 4603//1598
f 4603//1599 4806//1599 4580//1599
f 4806//1599 4811//1599 4580//1599
f 4580//1600 4811//1600 4581//1600
f 4811//1600 4810//1600 4581//1600
f 4581//1601 4810//1601 4582//1601
f 4810//1601 4809//1601 4582//1601
f 4582//1602 4809//1602 4583//1602
f 4809//1602 4814//1602 4583//1602
f 4583//1603 4814//1603 4584//1603
f 4814//1603 4813//1603 4584//1603
f 4584//1604 4813//1604 4585//1604
f 4813//1604 4812//1604 4585//1604
f 4585//1605 4812//1605 4586//1605
f 4812//1605 4816//1605 4586//1605
f 4586//1606 4816//1606 4587//1606
f 4816//1606 4815//1606 4587//1606
f 4587//1607 4815//1607 4588//1607
f 4815//1607 4796//1607 4588//1607
f 4588//1608 4796//1608 4589//1608
f 4796//1608 4795//1608 4589//1608
f 4589//1609 4795//1609 4590//1609
f 4795//1609 4793//1609 4590//1609
f 4590//1610 4793//1610 4591//1610
f 4793//1610 4792//1610 4591//1610
f 4591//1611 4792//1611 4592//1611
f 4792//1611 4799//1611 4592//1611
f 4592//1612 4799//1612 4593//1612
f 4799//1612 4798//1612 4593//1612
f 4593//1613 4798//1613 4594//1613
f 4798//1613 4797//1613 4594//1613
f 4594//1614 4797//1614 4595//1614
f 4797//1614 4802//1614 4595//1614
f 4595//1615 4802//1615 4596//1615
f 4802//1615 4801//1615 4596//1615
f 4596//1616 4801//1616 4597//1616
f 4801//1616 4800//1616 4597//1616
f 4597//1617 4800//1617 4598//1617
f 4800//1617 4805//1617 4598//1617
f 4598//1618 4805//1618 4599//1618
f 4805//1618 4804//1618 4599//1618
f 4599//1619 4804//1619 4600//1619
f 4804//1619 4803//1619 4600//1619
f 4600//1620 4803//1620 4601//1620
f 4803//1620 4808//1620 4601//1620
f 4817//1 4818//1 4819//1
f 4818//1 4820//1 4819//1
f 4819//1 4820//1 4821//1
f 4822//1 4823//1 4819//1
f 4823//1 4824//1 4819//1
f 4819//1 4824//1 4817//1
f 4825//1 4826//1 4819//1
f 4826//1 4827//1 4819//1
f 4819//1 4827//1 4822//1
f 4828//1 4829//1 4819//1
f 4829//1 4830//1 4819//1
f 4819//1 4830//1 4825//1
f 4831//1 4832//1 4819//1
f 4832//1 4833//1 4819//1
f 4819//1 4833//1 4828//1
f 4834//1 4835//1 4819//1
f 4835//1 4836//1 4819//1
f 4819//1 4836//1 4831//1
f 4837//1 4838//1 4819//1
f 4838//1 4839//1 4819//1
f 4819//1 4839//1 4834//1
f 4821//1 4840//1 4819//1
f 4840//1 4841//1 4819//1
f 4819//1 4841//1 4837//1
f 4563//1597 4833//1597 4564//1597
f 4833//1597 4832//1597 4564//1597
f 4564//1598 4832//1598 4565//1598
f 4832//1598 4831//1598 4565//1598
f 4565//1599 4831//1599 4566//1599
f 4831//1599 4836//1599 4566//1599
f 4566//1600 4836//1600 4567//1600
f 4836//1600 4835//1600 4567//1600
f 4567//1601 4835//1601 4568//1601
f 4835//1601 4834//1601 4568//1601
f 4568//1602 4834//1602 4569//1602
f 4834//1602 4839//1602 4569//1602
f 4569//1603 4839//1603 4570//1603
f 4839//1603 4838//1603 4570//1603
f 4570//1604 4838//1604 4571//1604
f 4838//1604 4837//1604 4571//1604
f 4571//1605 4837//1605 4572//1605
f 4837//1605 4841//1605 4572//1605
f 4572//1606 4841//1606 4573//1606
f 4841//1606 4840//1606 4573//1606
f 4573//1607 4840//1607 4574//1607
f 4840//1607 4821//1607 4574//1607
f 4574//1608 4821//1608 4575//1608
f 4821//1608 4820//1608 4575//1608
f 4575//1609 4820//1609 4576//1609
f 4820//1609 4818//1609 4576//1609
f 4576//1610 4818//1610 4577//1610
f 4818//1610 4817//1610 4577//1610
f 4577//1611 4817//1611 4578//1611
f 4817//1611 4824//1611 4578//1611
f 4578//1612 4824//1612 4579//1612
f 4824//1612 4823//1612 4579//1612
f 4579//1613 4823//1613 4556//1613
f 4823//1613 4822//1613 4556//1613
f 4556//1614 4822//1614 4557//1614
f 4822//1614 4827//1614 4557//1614
f 4557//1615 4827//1615 4558//1615
f 4827//1615 4826//1615 4558//1615
f 4558//1616 4826//1616 4559//1616
f 4826//1616 4825//1616 4559//1616
f 4559//1617 4825//1617 4560//1617
f 4825//1617 4830//1617 4560//1617
f 4560//1618 4830//1618 4561//1618
f 4830//1618 4829//1618 4561//1618
f 4561//1619 4829//1619 4562//1619
f 4829//1619 4828//1619 4562//1619
f 4562//1620 4828//1620 4563//1620
f 4828//1620 4833//1620 4563//1620
f 4842//1 4843//1 4844//1
f 4843//1 4845//1 4844//1
f 4844//1 4845//1 4846//1
f 4847//1 4848//1 4844//1
f 4848//1 4849//1 4844//1
f 4844//1 4849//1 4842//1
f 4850//1 4851//1 4844//1
f 4851//1 4852//1 4844//1
f 4844//1 4852//1 4847//1
f 4853//1 4854//1 4844//1
f 4854//1 4855//1 4844//1
f 4844//1 4855//1 4850//1
f 4856//1 4857//1 4844//1
f 4857//1 4858//1 4844//1
f 4844//1 4858//1 4853//1
f 4859//1 4860//1 4844//1
f 4860//1 4861//1 4844//1
f 4844//1 4861//1 4856//1
f 4862//1 4863//1 4844//1
f 4863//1 4864//1 4844//1
f 4844//1 4864//1 4859//1
f 4846//1 4865//1 4844//1
f 4865//1 4866//1 4844//1
f 4844//1 4866//1 4862//1
f 4535//1597 4858//1597 4536//1597
f 4858//1597 4857//1597 4536//1597
f 4536//1598 4857//1598 4537//1598
f 4857//1598 4856//1598 4537//1598
f 4537//1599 4856//1599 4538//1599
f 4856//1599 4861//1599 4538//1599
f 4538//1600 4861//1600 4539//1600
f 4861//1600 4860//1600 4539//1600
f 4539//1601 4860//1601 4540//1601
f 4860//1601 4859//1601 4540//1601
f 4540//1602 4859//1602 4541//1602
f 4859//1602 4864//1602 4541//1602
f 4541//1603 4864//1603 4542//1603
f 4864//1603 4863//1603 4542//1603
f 4542//1604 4863//1604 4543//1604
f 4863//1604 4862//1604 4543//1604
f 4543//1605 4862//1605 4544//1605
f 4862//1605 4866//1605 4544//1605
f 4544//1606 4866//1606 4545//1606
f 4866//1606 4865//1606 4545//1606
f 4545//1607 4865//1607 4546//1607
f 4865//1607 4846//1607 4546//1607
f 4546//1608 4846//1608 4547//1608
f 4846//1608 4845//1608 4547//1608
f 4547//1609 4845//1609 4548//1609
f 4845//1609 4843//1609 4548//1609
f 4548//1610 4843//1610 4549//1610
f 4843//1610 4842//1610 4549//1610
f 4549//1611 4842//1611 4550//1611
f 4842//1611 4849//1611 4550//1611
f 4550//1612 4849//1612 4551//1612
f 4849//1612 4848//1612 4551//1612
f 4551//1613 4848//1613 4552//1613
f 4848//1613 4847//1613 4552//1613
f 4552//1614 4847//1614 4553//1614
f 4847//1614 4852//1614 4553//1614
f 4553//1615 4852//1615 4554//1615
f 4852//1615 4851//1615 4554//1615
f 4554//1616 4851//1616 4555//1616
f 4851//1616 4850//1616 4555//1616
f 4555//1617 4850//1617 4532//1617
f 4850//1617 4855//1617 4532//1617
f 4532//1618 4855//1618 4533//1618
f 4855//1618 4854//1618 4533//1618
f 4533//1619 4854//1619 4534//1619
f 4854//1619 4853//1619 4534//1619
f 4534//1620 4853//1620 4535//1620
f 4853//1620 4858//1620 4535//1620
f 4867//1 4868//1 4869//1
f 4868//1 4870//1 4869//1
f 4869//1 4870//1 4871//1
f 4872//1 4873//1 4869//1
f 4873//1 4874//1 4869//1
f 4869//1 4874//1 4867//1
f 4875//1 4876//1 4869//1
f 4876//1 4877//1 4869//1
f 4869//1 4877//1 4872//1
f 4878//1 4879//1 4869//1
f 4879//1 4880//1 4869//1
f 4869//1 4880//1 4875//1
f 4881//1 4882//1 4869//1
f 4882//1 4883//1 4869//1
f 4869//1 4883//1 4878//1
f 4884//1 4885//1 4869//1
f 4885//1 4886//1 4869//1
f 4869//1 4886//1 4881//1
f 4887//1 4888//1 4869//1
f 4888//1 4889//1 4869//1
f 4869//1 4889//1 4884//1
f 4871//1 4890//1 4869//1
f 4890//1 4891//1 4869//1
f 4869//1 4891//1 4887//1
f 4514//1597 4883//1597 4515//1597
f 4883//1597 4882//1597 4515//1597
f 4515//1598 4882//1598 4516//1598
f 4882//1598 4881//1598 4516//1598
f 4516//1599 4881//1599 4517//1599
f 4881//1599 4886//1599 4517//1599
f 4517//1600 4886//1600 4518//1600
f 4886//1600 4885//1600 4518//1600
f 4518//1601 4885//1601 4519//1601
f 4885//1601 4884//1601 4519//1601
f 4519//1602 4884//1602 4520//1602
f 4884//1602 4889//1602 4520//1602
f 4520//1603 4889//1603 4521//1603
f 4889//1603 4888//1603 4521//1603
f 4521//1604 4888//1604 4522//1604
f 4888//1604 4887//1604 4522//1604
f 4522//1605 4887//1605 4523//1605
f 4887//1605 4891//1605 4523//1605
f 4523//1606 4891//1606 4524//1606
f 4891//1606 4890//1606 4524//1606
f 4524//1607 4890//1607 4525//1607
f 4890//1607 4871//1607 4525//1607
f 4525//1608 4871//1608 4526//1608
f 4871//1608 4870//1608 4526//1608
f 4526//1609 4870//1609 4527//1609
f 4870//1609 4868//1609 4527//1609
f 4527//1610 4868//1610 4528//1610
f 4868//1610 4867//1610 4528//1610
f 4528//1611 4867//1611 4529//1611
f 4867//1611 4874//1611 4529//1611
f 4529//1612 4874//1612 4530//1612
f 4874//1612 4873//1612 4530//1612
f 4530//1613 4873//1613 4531//1613
f 4873//1613 4872//1613 4531//1613
f 4531//1614 4872//1614 4508//1614
f 4872//1614 4877//1614 4508//1614
f 4508//1615 4877//1615 4509//1615
f 4877//1615 4876//1615 4509//1615
f 4509//1616 4876//1616 4510//1616
f 4876//1616 4875//1616 4510//1616
f 4510//1617 4875//1617 4511//1617
f 4875//1617 4880//1617 4511//1617
f 4511//1618 4880//1618 4512//1618
f 4880//1618 4879//1618 4512//1618
f 4512//1619 4879//1619 4513//1619
f 4879//1619 4878//1619 4513//1619
f 4513//1620 4878//1620 4514//1620
f 4878//1620 4883//1620 4514//1620
f 4892//1 4893//1 4894//1
f 4893//1 4895//1 4894//1
f 4894//1 4895//1 4896//1
f 4897//1 4898//1 4894//1
f 4898//1 4899//1 4894//1
f 4894//1 4899//1 4892//1
f 4900//1 4901//1 4894//1
f 4901//1 4902//1 4894//1
f 4894//1 4902//1 4897//1
f 4903//1 4904//1 4894//1
f 4904//1 4905//1 4894//1
f 4894//1 4905//1 4900//1
f 4906//1 4907//1 4894//1
f 4907//1 4908//1 4894//1
f 4894//1 4908//1 4903//1
f 4909//1 4910//1 4894//1
f 4910//1 4911//1 4894//1
f 4894//1 4911//1 4906//1
f 4912//1 4913//1 4894//1
f 4913//1 4914//1 4894//1
f 4894//1 4914//1 4909//1
f 4896//1 4915//1 4894//1
f 4915//1 4916//1 4894//1
f 4894//1 4916//1 4912//1
f 3588//1597 4895//1597 3589//1597
f 4895//1597 4893//1597 3589//1597
f 3589//1598 4893//1598 3590//1598
f 4893//1598 4892//1598 3590//1598
f 3590//1599 4892//1599 3591//1599
f 4892//1599 4899//1599 3591//1599
f 3591//1600 4899//1600 3592//1600
f 4899//1600 4898//1600 3592//1600
f 3592//1601 4898//1601 3593//1601
f 4898//1601 4897//1601 3593//1601
f 3593//1602 4897//1602 3594//1602
f 4897//1602 4902//1602 3594//1602
f 3594//1603 4902//1603 3595//1603
f 4902//1603 4901//1603 3595//1603
f 3595//1604 4901//1604 3596//1604
f 4901//1604 4900//1604 3596//1604
f 3596//1605 4900//1605 3597//1605
f 4900//1605 4905//1605 3597//1605
f 3597//1606 4905//1606 3598//1606
f 4905//1606 4904//1606 3598//1606
f 3598//1607 4904//1607 3599//1607
f 4904//1607 4903//1607 3599//1607
f 3599//1608 4903//1608 3600//1608
f 4903//1608 4908//1608 3600//1608
f 3600//1609 4908//1609 3601//1609
f 4908//1609 4907//1609 3601//1609
f 3601//1610 4907//1610 3602//1610
f 4907//1610 4906//1610 3602//1610
f 3602//1611 4906//1611 3603//1611
f 4906//1611 4911//1611 3603//1611
f 3603//1612 4911//1612 3604//1612
f 4911//1612 4910//1612 3604//1612
f 3604//1613 4910//1613 3581//1613
f 4910//1613 4909//1613 3581//1613
f 3581//1614 4909//1614 3582//1614
f 4909//1614 4914//1614 3582//1614
f 3582//1615 4914//1615 3583//1615
f 4914//1615 4913//1615 3583//1615
f 3583//1616 4913//1616 3584//1616
f 4913//1616 4912//1616 3584//1616
f 3584//1617 4912//1617 3585//1617
f 4912//1617 4916//1617 3585//1617
f 3585//1618 4916//1618 3586//1618
f 4916//1618 4915//1618 3586//1618
f 3586//1619 4915//1619 3587//1619
f 4915//1619 4896//1619 3587//1619
f 3587//1620 4896//1620 3588//1620
f 4896//1620 4895//1620 3588//1620
f 3577//1 3579//1 4917//1
f 3579//1 3533//1 4917//1
f 4917//1 3533//1 3535//1
f 3571//1 3573//1 4917//1
f 3573//1 3575//1 4917//1
f 4917//1 3575//1 3577//1
f 3565//1 3567//1 4917//1
f 3567//1 3569//1 4917//1
f 4917//1 3569//1 3571//1
f 3559//1 3561//1 4917//1
f 3561//1 3563//1 4917//1
f 4917//1 3563//1 3565//1
f 3553//1 3555//1 4917//1
f 3555//1 3557//1 4917//1
f 4917//1 3557//1 3559//1
f 3547//1 3549//1 4917//1
f 3549//1 3551//1 4917//1
f 4917//1 3551//1 3553//1
f 3541//1 3543//1 4917//1
f 3543//1 3545//1 4917//1
f 4917//1 3545//1 3547//1
f 3535//1 3537//1 4917//1
f 3537//1 3539//1 4917//1
f 4917//1 3539//1 3541//1
f 3529//1 3531//1 4918//1
f 3531//1 3485//1 4918//1
f 4918//1 3485//1 3487//1
f 3523//1 3525//1 4918//1
f 3525//1 3527//1 4918//1
f 4918//1 3527//1 3529//1
f 3517//1 3519//1 4918//1
f 3519//1 3521//1 4918//1
f 4918//1 3521//1 3523//1
f 3511//1 3513//1 4918//1
f 3513//1 3515//1 4918//1
f 4918//1 3515//1 3517//1
f 3505//1 3507//1 4918//1
f 3507//1 3509//1 4918//1
f 4918//1 3509//1 3511//1
f 3499//1 3501//1 4918//1
f 3501//1 3503//1 4918//1
f 4918//1 3503//1 3505//1
f 3493//1 3495//1 4918//1
f 3495//1 3497//1 4918//1
f 4918//1 3497//1 3499//1
f 3487//1 3489//1 4918//1
f 3489//1 3491//1 4918//1
f 4918//1 3491//1 3493//1
f 3481//1 3483//1 4919//1
f 3483//1 3437//1 4919//1
f 4919//1 3437//1 3439//1
f 3475//1 3477//1 4919//1
f 3477//1 3479//1 4919//1
f 4919//1 3479//1 3481//1
f 3469//1 3471//1 4919//1
f 3471//1 3473//1 4919//1
f 4919//1 3473//1 3475//1
f 3463//1 3465//1 4919//1
f 3465//1 3467//1 4919//1
f 4919//1 3467//1 3469//1
f 3457//1 3459//1 4919//1
f 3459//1 3461//1 4919//1
f 4919//1 3461//1 3463//1
f 3451//1 3453//1 4919//1
f 3453//1 3455//1 4919//1
f 4919//1 3455//1 3457//1
f 3445//1 3447//1 4919//1
f 3447//1 3449//1 4919//1
f 4919//1 3449//1 3451//1
f 3439//1 3441//1 4919//1
f 3441//1 3443//1 4919//1
f 4919//1 3443//1 3445//1
f 3433//1 3435//1 4920//1
f 3435//1 3389//1 4920//1
f 4920//1 3389//1 3391//1
f 3427//1 3429//1 4920//1
f 3429//1 3431//1 4920//1
f 4920//1 3431//1 3433//1
f 3421//1 3423//1 4920//1
f 3423//1 3425//1 4920//1
f 4920//1 3425//1 3427//1
f 3415//1 3417//1 4920//1
f 3417//1 3419//1 4920//1
f 4920//1 3419//1 3421//1
f 3409//1 3411//1 4920//1
f 3411//1 3413//1 4920//1
f 4920//1 3413//1 3415//1
f 3403//1 3405//1 4920//1
f 3405//1 3407//1 4920//1
f 4920//1 3407//1 3409//1
f 3397//1 3399//1 4920//1
f 3399//1 3401//1 4920//1
f 4920//1 3401//1 3403//1
f 3391//1 3393//1 4920//1
f 3393//1 3395//1 4920//1
f 4920//1 3395//1 3397//1
f 3374//1 3375//1 4921//1
f 3375//1 3376//1 4921//1
f 4921//1 3376//1 3377//1
f 3383//1 3379//1 4921//1
f 3379//1 3378//1 4921//1
f 4921//1 3378//1 3374//1
f 3380//1 3381//1 4921//1
f 3381//1 3382//1 4921//1
f 4921//1 3382//1 3383//1
f 3388//1 3385//1 4921//1
f 3385//1 3384//1 4921//1
f 4921//1 3384//1 3380//1
f 3367//1 3386//1 4921//1
f 3386//1 3387//1 4921//1
f 4921//1 3387//1 3388//1
f 3371//1 3365//1 4921//1
f 3365//1 3366//1 4921//1
f 4921//1 3366//1 3367//1
f 3368//1 3369//1 4921//1
f 3369//1 3370//1 4921//1
f 4921//1 3370//1 3371//1
f 3377//1 3373//1 4921//1
f 3373//1 3372//1 4921//1
f 4921//1 3372//1 3368//1
