# https://github.com/mikedh/trimesh
v -0.02806636 -0.03026666 -0.03027084
v -0.02806636 -0.03026666 -0.02933574
v -0.02806636 -0.03018918 -0.03110891
v -0.02722469 -0.03053136 -0.03027084
v -0.02722469 -0.03053781 -0.02933574
v -0.02806636 -0.03026020 -0.02924311
v -0.02806636 -0.03017627 -0.03120153
v -0.02722469 -0.03043451 -0.03120153
v -0.02655020 -0.03073149 -0.03027084
v -0.02657326 -0.03073795 -0.02933574
v -0.02722469 -0.03044743 -0.02840505
v -0.02644067 -0.03069276 -0.02840505
v -0.02806636 -0.03017627 -0.02840505
v -0.02806636 -0.03000841 -0.03211899
v -0.02722469 -0.03026020 -0.03213664
v -0.02628501 -0.03069921 -0.03124564
v -0.02597371 -0.03082833 -0.03096776
v -0.02608324 -0.03086061 -0.03027084
v -0.02610630 -0.03086707 -0.02933574
v -0.02597371 -0.03083479 -0.02840505
v -0.02584112 -0.03079605 -0.02790662
v -0.02722469 -0.03026020 -0.02746994
v -0.02806636 -0.02999550 -0.02750964
v -0.02806636 -0.02988575 -0.03269240
v -0.02629078 -0.03029894 -0.03306733
v -0.02629078 -0.03052490 -0.03213664
v -0.02787612 -0.02991157 -0.03281150
v -0.02576041 -0.03077669 -0.03158969
v -0.02540875 -0.03091226 -0.03124564
v -0.02442295 -0.03113823 -0.03120153
v -0.02348904 -0.03134482 -0.03120153
v -0.02348904 -0.03146103 -0.03027084
v -0.02535686 -0.03103493 -0.03027084
v -0.02442295 -0.03128672 -0.02933574
v -0.02535686 -0.03106075 -0.02933574
v -0.02535686 -0.03099619 -0.02840505
v -0.02559899 -0.03072504 -0.02728469
v -0.02621007 -0.03060237 -0.02754493
v -0.02348904 -0.03132545 -0.02746994
v -0.02531651 -0.03086061 -0.02754493
v -0.02629078 -0.03028602 -0.02653484
v -0.02781271 -0.02989866 -0.02688330
v -0.02806636 -0.02972434 -0.02663188
v -0.02806636 -0.02980827 -0.03299675
v -0.02725928 -0.03001487 -0.03310261
v -0.02697680 -0.02992448 -0.03373337
v -0.02629654 -0.03000841 -0.03402889
v -0.02535686 -0.03024083 -0.03400243
v -0.02535686 -0.03051844 -0.03306733
v -0.02540875 -0.03072504 -0.03218957
v -0.02447484 -0.03092518 -0.03218957
v -0.02348904 -0.03114468 -0.03213664
v -0.02255513 -0.03133191 -0.03213664
v -0.02255513 -0.03152559 -0.03120153
v -0.02203629 -0.03171282 -0.03063694
v -0.02348904 -0.03149977 -0.02933574
v -0.02250901 -0.03165471 -0.03030172
v -0.02272231 -0.03166763 -0.02933574
v -0.02348904 -0.03146103 -0.02840505
v -0.02497638 -0.03081542 -0.02693182
v -0.02255513 -0.03133836 -0.02653484
v -0.02442295 -0.03108012 -0.02746994
v -0.02246865 -0.03158370 -0.02755816
v -0.02531651 -0.03060237 -0.02658777
v -0.02296444 -0.03077023 -0.02518953
v -0.02629078 -0.02998905 -0.02578941
v -0.02686727 -0.02989220 -0.02599231
v -0.02719587 -0.02999550 -0.02655690
v -0.02806636 -0.02968561 -0.02652161
v -0.02806636 -0.02976308 -0.03316437
v -0.02759941 -0.02982764 -0.03343343
v -0.02806636 -0.02951775 -0.03400243
v -0.02725928 -0.02974371 -0.03402889
v -0.02661361 -0.02982119 -0.03435530
v -0.02599100 -0.02989866 -0.03459789
v -0.02348904 -0.03032476 -0.03493312
v -0.02348328 -0.03064756 -0.03396714
v -0.02316620 -0.03082188 -0.03362751
v -0.02378881 -0.03075732 -0.03341137
v -0.02552981 -0.02979536 -0.03521982
v -0.02348328 -0.03091226 -0.03308938
v -0.02420389 -0.03084125 -0.03278944
v -0.02482073 -0.03077669 -0.03253361
v -0.02255513 -0.03109949 -0.03306733
v -0.02162698 -0.03148040 -0.03213664
v -0.02168463 -0.03166117 -0.03121918
v -0.02141944 -0.03175801 -0.03091924
v -0.01975915 -0.03208727 -0.03027084
v -0.02069307 -0.03194524 -0.03027084
v -0.01975915 -0.03215829 -0.02933574
v -0.02216888 -0.03173864 -0.03001501
v -0.02266466 -0.03164826 -0.02840505
v -0.02225535 -0.03175155 -0.02933574
v -0.02162698 -0.03184839 -0.02840505
v -0.02219771 -0.03174510 -0.02840505
v -0.02209394 -0.03172573 -0.02793309
v -0.02348904 -0.03109304 -0.02653484
v -0.02348904 -0.03086707 -0.02586439
v -0.02162698 -0.03126735 -0.02560856
v -0.02261278 -0.03099619 -0.02554240
v -0.02184605 -0.03167408 -0.02731115
v -0.02156933 -0.03157724 -0.02659660
v -0.02027800 -0.03173864 -0.02603641
v -0.02348904 -0.03034413 -0.02467346
v -0.02580653 -0.02985347 -0.02515424
v -0.02543757 -0.03013753 -0.02552034
v -0.02234183 -0.03086061 -0.02499545
v -0.02748987 -0.02978891 -0.02626578
v -0.02719587 -0.02962105 -0.02565267
v -0.02806636 -0.02927242 -0.02555122
v -0.02806636 -0.02923368 -0.03484490
v -0.02722469 -0.02944674 -0.03493312
v -0.02629654 -0.02971143 -0.03491989
v -0.02255513 -0.03018273 -0.03586822
v -0.02255513 -0.03051199 -0.03493312
v -0.02255513 -0.03073149 -0.03428031
v -0.02490720 -0.02985992 -0.03540949
v -0.02442295 -0.02991157 -0.03554623
v -0.02255513 -0.03087353 -0.03381276
v -0.02629078 -0.02936281 -0.03586822
v -0.02584688 -0.02893025 -0.03728411
v -0.02527039 -0.02964042 -0.03578000
v -0.02162698 -0.03124798 -0.03306733
v -0.02167310 -0.03094454 -0.03407300
v -0.01975915 -0.03168699 -0.03243657
v -0.02068154 -0.03162889 -0.03210135
v -0.02098708 -0.03169991 -0.03154117
v -0.02036447 -0.03174510 -0.03176612
v -0.01975915 -0.03193878 -0.03120153
v -0.01882524 -0.03221639 -0.03027084
v -0.01882524 -0.03229386 -0.02933574
v -0.01975915 -0.03217120 -0.02840505
v -0.02162698 -0.03186131 -0.02933574
v -0.01882524 -0.03231323 -0.02840505
v -0.01975915 -0.03210018 -0.02746994
v -0.01975915 -0.03135773 -0.02467346
v -0.01917114 -0.03169991 -0.02521600
v -0.01884830 -0.03158370 -0.02469993
v -0.02122344 -0.03173218 -0.02694946
v -0.02062965 -0.03178383 -0.02659660
v -0.01975915 -0.03193878 -0.02653484
v -0.01882524 -0.03211310 -0.02653484
v -0.01975915 -0.03179029 -0.02586880
v -0.01855429 -0.03176446 -0.02502633
v -0.02178840 -0.03070567 -0.02437352
v -0.02348904 -0.02997613 -0.02399860
v -0.02405400 -0.02988575 -0.02415739
v -0.02467084 -0.02978891 -0.02433823
v -0.02543757 -0.02971143 -0.02466023
v -0.02629078 -0.02943382 -0.02467346
v -0.02796260 -0.02902063 -0.02496899
v -0.02629078 -0.02976954 -0.02532186
v -0.01882524 -0.03117696 -0.02374277
v -0.02069307 -0.03086061 -0.02407799
v -0.02116579 -0.03079605 -0.02420150
v -0.02806636 -0.02909165 -0.02518512
v -0.02806636 -0.02905937 -0.03533892
v -0.02794530 -0.02900127 -0.03559916
v -0.02722469 -0.02909811 -0.03589028
v -0.02162698 -0.03034413 -0.03586822
v -0.02344869 -0.02998905 -0.03588587
v -0.02310856 -0.02987284 -0.03638429
v -0.02255513 -0.02975663 -0.03699740
v -0.02185758 -0.02982119 -0.03716943
v -0.02167310 -0.03067339 -0.03490666
v -0.02201323 -0.03077669 -0.03443028
v -0.02373117 -0.02980827 -0.03620786
v -0.02691338 -0.02896899 -0.03644604
v -0.02621007 -0.02903355 -0.03677245
v -0.02220347 -0.02894962 -0.03919401
v -0.02348904 -0.02925951 -0.03773402
v -0.02535686 -0.02922723 -0.03680332
v -0.02646949 -0.02884632 -0.03706797
v -0.02806636 -0.02795538 -0.03811335
v -0.02631384 -0.02782626 -0.03958658
v -0.02601406 -0.02804577 -0.03926459
v -0.02551252 -0.02791665 -0.03988652
v -0.02488991 -0.02799412 -0.04006736
v -0.02255513 -0.02806513 -0.04117449
v -0.02255513 -0.02832983 -0.04053491
v -0.02344869 -0.02966624 -0.03673716
v -0.02069307 -0.03138356 -0.03306733
v -0.01926914 -0.03171927 -0.03259095
v -0.02069307 -0.03087998 -0.03473022
v -0.01975915 -0.03124152 -0.03400243
v -0.01975915 -0.03178383 -0.03196902
v -0.01890595 -0.03184194 -0.03222485
v -0.01882524 -0.03205499 -0.03120153
v -0.01789133 -0.03231323 -0.03027084
v -0.01789133 -0.03240362 -0.02933574
v -0.01882524 -0.03225513 -0.02746994
v -0.01789133 -0.03237779 -0.02746994
v -0.01789133 -0.03242299 -0.02840505
v -0.01553926 -0.03265541 -0.02715678
v -0.01789133 -0.03166117 -0.02438675
v -0.01789133 -0.03139001 -0.02374277
v -0.01789133 -0.03204853 -0.02560856
v -0.01789133 -0.03224867 -0.02653484
v -0.01695742 -0.03219702 -0.02560856
v -0.01884830 -0.03186776 -0.02556004
v -0.01789133 -0.03182903 -0.02485431
v -0.02153474 -0.03048616 -0.02383099
v -0.02256089 -0.03009880 -0.02369866
v -0.02225535 -0.02991157 -0.02319141
v -0.02287796 -0.02980827 -0.02335902
v -0.02684997 -0.02895607 -0.02415739
v -0.02747258 -0.02884632 -0.02434706
v -0.02806636 -0.02877530 -0.02459406
v -0.02806636 -0.02891734 -0.02484989
v -0.01789133 -0.03098328 -0.02291353
v -0.01882524 -0.03086707 -0.02312966
v -0.01968998 -0.03095100 -0.02373395
v -0.01932679 -0.03080251 -0.02325757
v -0.02069307 -0.03060883 -0.02361044
v -0.02806636 -0.02891734 -0.03572707
v -0.02806636 -0.02882695 -0.03596526
v -0.02158086 -0.02998905 -0.03683861
v -0.02069307 -0.03014399 -0.03680332
v -0.01975915 -0.03064756 -0.03581529
v -0.02069307 -0.03072504 -0.03519777
v -0.02162698 -0.02900127 -0.03932634
v -0.02062389 -0.02873011 -0.04045111
v -0.01882524 -0.02863972 -0.04146560
v -0.01831793 -0.02891734 -0.04098482
v -0.02753599 -0.02887860 -0.03622109
v -0.02806636 -0.02849769 -0.03679891
v -0.02722469 -0.02874948 -0.03677245
v -0.02157510 -0.02813615 -0.04149648
v -0.02162698 -0.02851706 -0.04053491
v -0.02162698 -0.02881404 -0.03979389
v -0.02806636 -0.02812969 -0.03769432
v -0.02806636 -0.02776170 -0.03856767
v -0.02806636 -0.02733560 -0.03955129
v -0.02629078 -0.02741953 -0.04053491
v -0.02526463 -0.02773587 -0.04044228
v -0.02442295 -0.02749700 -0.04146560
v -0.02255513 -0.02786500 -0.04164204
v -0.02185181 -0.02794247 -0.04182288
v -0.01890595 -0.03163535 -0.03304527
v -0.01865230 -0.03175801 -0.03271887
v -0.01975915 -0.03093163 -0.03499046
v -0.01882524 -0.03107367 -0.03493312
v -0.01882524 -0.03136419 -0.03400243
v -0.01789133 -0.03196460 -0.03213664
v -0.01789133 -0.03215183 -0.03120153
v -0.01695742 -0.03239716 -0.03027084
v -0.01594856 -0.03259730 -0.02926517
v -0.01695742 -0.03249400 -0.02933574
v -0.01558537 -0.03266186 -0.02890347
v -0.01602351 -0.03250691 -0.02653484
v -0.01559114 -0.03266186 -0.02840505
v -0.01517607 -0.03268769 -0.02746994
v -0.01416145 -0.03275870 -0.02746994
v -0.01491665 -0.03268123 -0.02684801
v -0.01602351 -0.03165471 -0.02346047
v -0.01700354 -0.03158370 -0.02376923
v -0.01602351 -0.03182903 -0.02392361
v -0.01602351 -0.03134482 -0.02280767
v -0.01704966 -0.03107367 -0.02271504
v -0.01602351 -0.03208727 -0.02467346
v -0.01602351 -0.03233260 -0.02560856
v -0.01882524 -0.03060883 -0.02266211
v -0.02162698 -0.03000841 -0.02304144
v -0.01975915 -0.03000196 -0.02212840
v -0.02037023 -0.02990512 -0.02227395
v -0.02162698 -0.02969852 -0.02257389
v -0.02256089 -0.02957586 -0.02285178
v -0.02780118 -0.02803285 -0.02321788
v -0.02629078 -0.02905291 -0.02400742
v -0.02806636 -0.02825882 -0.02372072
v -0.01741861 -0.03078960 -0.02234453
v -0.01789133 -0.03073149 -0.02244598
v -0.01975915 -0.03028602 -0.03680332
v -0.01887713 -0.03004069 -0.03780900
v -0.01882524 -0.03069276 -0.03605348
v -0.01944785 -0.03081542 -0.03546683
v -0.02007046 -0.03077023 -0.03533451
v -0.01882524 -0.03042160 -0.03680332
v -0.02069307 -0.02831046 -0.04146560
v -0.02122920 -0.02800703 -0.04196403
v -0.01975915 -0.02813615 -0.04224633
v -0.01885407 -0.02819425 -0.04246687
v -0.01789133 -0.02837503 -0.04240071
v -0.01796051 -0.02878821 -0.04142149
v -0.01769532 -0.02895607 -0.04108186
v -0.01602351 -0.02936926 -0.04053491
v -0.01789133 -0.02976308 -0.03888525
v -0.02806636 -0.02729686 -0.03963951
v -0.02806636 -0.02708381 -0.04012029
v -0.02713245 -0.02718065 -0.04050845
v -0.02629078 -0.02712900 -0.04115243
v -0.02501674 -0.02709672 -0.04200814
v -0.02533957 -0.02724521 -0.04149207
v -0.02442295 -0.02717419 -0.04215370
v -0.02255513 -0.02750346 -0.04240071
v -0.02157510 -0.02776170 -0.04232572
v -0.01789133 -0.03146749 -0.03400243
v -0.01714766 -0.03169991 -0.03344225
v -0.01789133 -0.03179029 -0.03285119
v -0.01695742 -0.03204853 -0.03213664
v -0.01882524 -0.03085416 -0.03558593
v -0.01789133 -0.03091226 -0.03574472
v -0.01789133 -0.03117696 -0.03493312
v -0.01602351 -0.03231969 -0.03120153
v -0.01602351 -0.03247463 -0.03027084
v -0.01457652 -0.03265541 -0.02978124
v -0.01508959 -0.03263604 -0.02957834
v -0.01508959 -0.03268123 -0.02911079
v -0.01322753 -0.03282326 -0.02840505
v -0.01416145 -0.03276516 -0.02840505
v -0.01508959 -0.03270060 -0.02840505
v -0.01517607 -0.03260376 -0.02653925
v -0.01508959 -0.03244881 -0.02560856
v -0.01229362 -0.03286845 -0.02746994
v -0.01229362 -0.03282326 -0.02653484
v -0.01229362 -0.03271997 -0.02573207
v -0.01372908 -0.03266186 -0.02605847
v -0.01544702 -0.03170636 -0.02331933
v -0.01511842 -0.03188713 -0.02367661
v -0.01511842 -0.03155142 -0.02285619
v -0.01511265 -0.03102202 -0.02181081
v -0.01602351 -0.03095100 -0.02204459
v -0.01508959 -0.03222285 -0.02467346
v -0.01789133 -0.03038287 -0.02187698
v -0.01879642 -0.03010525 -0.02184169
v -0.01846206 -0.02989220 -0.02136090
v -0.02068154 -0.02956294 -0.02192991
v -0.02159816 -0.02919495 -0.02183728
v -0.02316620 -0.02896899 -0.02227395
v -0.02378881 -0.02886569 -0.02242833
v -0.02806636 -0.02768422 -0.02284737
v -0.02806636 -0.02818780 -0.02361044
v -0.01544125 -0.03076377 -0.02145353
v -0.01602351 -0.03069276 -0.02157704
v -0.01704966 -0.03061529 -0.02189021
v -0.01789133 -0.03019564 -0.03773402
v -0.01789133 -0.03053781 -0.03680332
v -0.02069307 -0.02783272 -0.04253303
v -0.01975915 -0.02791665 -0.04271388
v -0.01856006 -0.02802640 -0.04293883
v -0.01695742 -0.02849769 -0.04240071
v -0.01789133 -0.02807805 -0.04303587
v -0.01695742 -0.02881404 -0.04166409
v -0.01543549 -0.02891088 -0.04189787
v -0.01602351 -0.02905937 -0.04134210
v -0.01511265 -0.02908519 -0.04154059
v -0.01508959 -0.02947256 -0.04053491
v -0.01578715 -0.02988575 -0.03920724
v -0.01695742 -0.02999550 -0.03855885
v -0.02676350 -0.02705799 -0.04100246
v -0.02806636 -0.02687722 -0.04055256
v -0.02563934 -0.02699988 -0.04182288
v -0.02533957 -0.02679974 -0.04235219
v -0.02442295 -0.02692241 -0.04262125
v -0.02314891 -0.02709027 -0.04292119
v -0.02255513 -0.02716774 -0.04304910
v -0.02162698 -0.02727104 -0.04323436
v -0.01602351 -0.03135773 -0.03493312
v -0.01602351 -0.03161598 -0.03409065
v -0.01652505 -0.03172573 -0.03354370
v -0.01602351 -0.03189359 -0.03306733
v -0.01508959 -0.03220348 -0.03213664
v -0.01602351 -0.03105430 -0.03586822
v -0.01602351 -0.03067984 -0.03695329
v -0.01668070 -0.03080897 -0.03639312
v -0.01508959 -0.03239070 -0.03120153
v -0.01508959 -0.03254565 -0.03027084
v -0.01422486 -0.03260376 -0.03022232
v -0.01229362 -0.03263604 -0.03058401
v -0.01395391 -0.03266832 -0.02987828
v -0.01229362 -0.03281035 -0.02933574
v -0.01322753 -0.03276516 -0.02933574
v -0.01422486 -0.03270705 -0.02941513
v -0.01229362 -0.03287491 -0.02840505
v -0.01408650 -0.03255856 -0.02569237
v -0.01322753 -0.03242944 -0.02467346
v -0.01416145 -0.03233260 -0.02467346
v -0.01135971 -0.03290719 -0.02746994
v -0.01135971 -0.03287491 -0.02653484
v -0.01142312 -0.03274579 -0.02552476
v -0.01176902 -0.03265541 -0.02515866
v -0.01482441 -0.03175155 -0.02320023
v -0.01416145 -0.03160952 -0.02261800
v -0.01416145 -0.03204208 -0.02374277
v -0.01416145 -0.03124152 -0.02187698
v -0.01481864 -0.03082833 -0.02133885
v -0.01322753 -0.03215829 -0.02374277
v -0.01695742 -0.03010525 -0.02104773
v -0.01789133 -0.02997613 -0.02124181
v -0.01789133 -0.02964687 -0.02077426
v -0.01879642 -0.02952421 -0.02100804
v -0.02069307 -0.02905937 -0.02122858
v -0.02126956 -0.02896253 -0.02135649
v -0.02189217 -0.02885278 -0.02150205
v -0.02655020 -0.02792310 -0.02244157
v -0.02806636 -0.02718711 -0.02215045
v -0.01416145 -0.03062174 -0.02076103
v -0.01511265 -0.03055072 -0.02099480
v -0.01610998 -0.03020209 -0.02085366
v -0.01602351 -0.03040223 -0.03773402
v -0.02076801 -0.02733560 -0.04342402
v -0.01918267 -0.02796829 -0.04282415
v -0.01975915 -0.02758093 -0.04333140
v -0.01885407 -0.02778107 -0.04328288
v -0.01789133 -0.02781980 -0.04349901
v -0.01602351 -0.02861390 -0.04240071
v -0.01695742 -0.02788436 -0.04361369
v -0.01695742 -0.02813615 -0.04314614
v -0.01511265 -0.02874948 -0.04233454
v -0.01481288 -0.02894316 -0.04198167
v -0.01416145 -0.02920786 -0.04146560
v -0.01416145 -0.02956294 -0.04053491
v -0.01508959 -0.03015690 -0.03866912
v -0.02713245 -0.02674809 -0.04137739
v -0.02629078 -0.02689659 -0.04161999
v -0.02806636 -0.02638010 -0.04148766
v -0.02806636 -0.02630908 -0.04161999
v -0.02806636 -0.02612831 -0.04193316
v -0.02535686 -0.02630908 -0.04314173
v -0.02445178 -0.02642529 -0.04340197
v -0.02255513 -0.02687076 -0.04351224
v -0.02162698 -0.02699343 -0.04370191
v -0.02113696 -0.02705153 -0.04379454
v -0.01508959 -0.03143521 -0.03493312
v -0.01508959 -0.03165471 -0.03422297
v -0.01602351 -0.03174510 -0.03362309
v -0.01508959 -0.03178383 -0.03375542
v -0.01508959 -0.03196460 -0.03306733
v -0.01416145 -0.03225513 -0.03213664
v -0.01416145 -0.03202271 -0.03306733
v -0.01602351 -0.03084125 -0.03648574
v -0.01508959 -0.03088644 -0.03661807
v -0.01508959 -0.03113177 -0.03586822
v -0.01508959 -0.03072504 -0.03708121
v -0.01416145 -0.03244235 -0.03120153
v -0.01229362 -0.03253274 -0.03120153
v -0.01152113 -0.03264895 -0.03068105
v -0.01135971 -0.03283617 -0.02933574
v -0.01135971 -0.03291365 -0.02840505
v -0.01322753 -0.03259084 -0.02547624
v -0.01229362 -0.03251337 -0.02467346
v -0.01229362 -0.03226158 -0.02374277
v -0.01042580 -0.03293302 -0.02746994
v -0.01042580 -0.03290719 -0.02653484
v -0.01042580 -0.03280389 -0.02560856
v -0.01042580 -0.03268769 -0.02499104
v -0.01142312 -0.03259084 -0.02472639
v -0.01322753 -0.03168054 -0.02245480
v -0.01416145 -0.03179675 -0.02308114
v -0.01322753 -0.03185485 -0.02291794
v -0.01322753 -0.03139001 -0.02187698
v -0.01231668 -0.03101556 -0.02087130
v -0.01264528 -0.03077023 -0.02051402
v -0.01322753 -0.03071858 -0.02060665
v -0.01235127 -0.03189359 -0.02272827
v -0.01585056 -0.02994385 -0.02035523
v -0.01647317 -0.02985347 -0.02048314
v -0.01610998 -0.02963396 -0.02002883
v -0.01789133 -0.02918203 -0.02014792
v -0.01882524 -0.02902709 -0.02034641
v -0.01933255 -0.02893671 -0.02045668
v -0.02806636 -0.02684494 -0.02169172
v -0.01322753 -0.03033122 -0.02001118
v -0.01412109 -0.03010525 -0.01995825
v -0.01508959 -0.03004069 -0.02020526
v -0.01508959 -0.03049262 -0.03773402
v -0.02051436 -0.02711609 -0.04387834
v -0.01975915 -0.02718711 -0.04398421
v -0.01882524 -0.02727749 -0.04410771
v -0.01789133 -0.02735497 -0.04421357
v -0.01602351 -0.02819425 -0.04325200
v -0.01547008 -0.02798121 -0.04378131
v -0.01416145 -0.02876239 -0.04251539
v -0.01512995 -0.02821362 -0.04341520
v -0.01416145 -0.02897544 -0.04204784
v -0.01322753 -0.02927888 -0.04146560
v -0.01135971 -0.02972434 -0.04062754
v -0.01202844 -0.02987284 -0.04010706
v -0.01416145 -0.02979536 -0.03989093
v -0.01416145 -0.03023437 -0.03866912
v -0.02806636 -0.02581196 -0.04237424
v -0.02722469 -0.02596045 -0.04263448
v -0.02663091 -0.02607666 -0.04279768
v -0.02600830 -0.02619287 -0.04296530
v -0.02478037 -0.02608957 -0.04375484
v -0.02415777 -0.02617996 -0.04386952
v -0.02348904 -0.02627680 -0.04398421
v -0.02255513 -0.02640592 -0.04414299
v -0.02166157 -0.02648340 -0.04434148
v -0.02137332 -0.02618642 -0.04479580
v -0.02076801 -0.02679329 -0.04422239
v -0.01975915 -0.02683202 -0.04445175
v -0.01416145 -0.03149977 -0.03493312
v -0.01416145 -0.03168699 -0.03432883
v -0.01322753 -0.03230032 -0.03213664
v -0.01322753 -0.03183548 -0.03394509
v -0.01322753 -0.03206790 -0.03306733
v -0.01416145 -0.03091872 -0.03671952
v -0.01416145 -0.03076377 -0.03718707
v -0.01416145 -0.03119633 -0.03586822
v -0.01416145 -0.03057009 -0.03773402
v -0.01135971 -0.03236488 -0.03213664
v -0.01042580 -0.03257793 -0.03121918
v -0.01126747 -0.03257793 -0.03110891
v -0.01089852 -0.03265541 -0.03073839
v -0.01042580 -0.03285554 -0.02933574
v -0.01042580 -0.03293302 -0.02840505
v -0.01135971 -0.03234551 -0.02374277
v -0.01135971 -0.03202271 -0.02280767
v -0.00855797 -0.03297175 -0.02746994
v -0.00762982 -0.03286200 -0.02560856
v -0.00855797 -0.03284909 -0.02560856
v -0.00949188 -0.03282972 -0.02560856
v -0.00855797 -0.03293302 -0.02653484
v -0.00855797 -0.03271997 -0.02482784
v -0.00949188 -0.03261021 -0.02444410
v -0.01042580 -0.03259084 -0.02452790
v -0.01042580 -0.03239716 -0.02374277
v -0.01269716 -0.03171282 -0.02236217
v -0.01235127 -0.03155142 -0.02192550
v -0.01135971 -0.03119633 -0.02094187
v -0.01202267 -0.03082188 -0.02041698
v -0.01231668 -0.03055072 -0.02006852
v -0.01229362 -0.03004069 -0.01927016
v -0.01208032 -0.03175155 -0.02227395
v -0.01508959 -0.02971789 -0.01973771
v -0.01602351 -0.02911747 -0.01930103
v -0.01735520 -0.02889797 -0.01957010
v -0.01789133 -0.02880758 -0.01968037
v -0.01882524 -0.02864618 -0.01987886
v -0.02806636 -0.02632199 -0.02103009
v -0.01378096 -0.02987929 -0.01951276
v -0.01440357 -0.02980827 -0.01961420
v -0.01882524 -0.02692887 -0.04457526
v -0.01789133 -0.02701279 -0.04468112
v -0.01738402 -0.02705153 -0.04472523
v -0.01702660 -0.02736788 -0.04435472
v -0.01602351 -0.02756156 -0.04426650
v -0.01512995 -0.02772296 -0.04419592
v -0.01484747 -0.02801349 -0.04383865
v -0.01416145 -0.02835566 -0.04333140
v -0.01322753 -0.02880113 -0.04259478
v -0.01229362 -0.02904646 -0.04220663
v -0.01135971 -0.02940800 -0.04146560
v -0.01042580 -0.02974371 -0.04068047
v -0.01042580 -0.02991157 -0.04021733
v -0.01135971 -0.02989220 -0.04015999
v -0.01229362 -0.03035704 -0.03866912
v -0.01353307 -0.03078314 -0.03724000
v -0.02806636 -0.02537295 -0.04296089
v -0.02255513 -0.02600565 -0.04461055
v -0.02806636 -0.02531485 -0.04302705
v -0.02675773 -0.02519218 -0.04379895
v -0.02629078 -0.02529548 -0.04390922
v -0.02535686 -0.02550207 -0.04412535
v -0.02482073 -0.02516636 -0.04471199
v -0.02449213 -0.02568284 -0.04428855
v -0.02199593 -0.02609603 -0.04470317
v -0.02255513 -0.02554081 -0.04504722
v -0.02188640 -0.02512116 -0.04561181
v -0.02126379 -0.02522446 -0.04569121
v -0.02069307 -0.02576032 -0.04534275
v -0.02069307 -0.02626389 -0.04487520
v -0.01322753 -0.03125443 -0.03586822
v -0.01229362 -0.03130608 -0.03586822
v -0.01269716 -0.03171927 -0.03445675
v -0.01229362 -0.03210664 -0.03306733
v -0.01234551 -0.03183548 -0.03409065
v -0.01135971 -0.03190004 -0.03400243
v -0.01229362 -0.03100265 -0.03680332
v -0.01042580 -0.03238425 -0.03213664
v -0.01135971 -0.03213892 -0.03306733
v -0.00949188 -0.03257793 -0.03125446
v -0.00855797 -0.03267477 -0.03081338
v -0.00949188 -0.03266832 -0.03078691
v -0.01042580 -0.03266186 -0.03075603
v -0.00949188 -0.03273933 -0.03027084
v -0.00855797 -0.03286845 -0.02933574
v -0.00762982 -0.03295884 -0.02840505
v -0.00949188 -0.03294593 -0.02840505
v -0.00855797 -0.03220994 -0.02280767
v -0.01042580 -0.03209373 -0.02280767
v -0.01135971 -0.03179029 -0.02218574
v -0.00762982 -0.03297821 -0.02746994
v -0.00762982 -0.03293947 -0.02653484
v -0.00669591 -0.03284909 -0.02560856
v -0.00482809 -0.03271351 -0.02486754
v -0.00576200 -0.03271997 -0.02483225
v -0.00669591 -0.03272642 -0.02480579
v -0.00762982 -0.03272642 -0.02479255
v -0.00762982 -0.03262958 -0.02432500
v -0.00855797 -0.03262313 -0.02436470
v -0.00855797 -0.03248755 -0.02374277
v -0.01135971 -0.03158370 -0.02171818
v -0.01042580 -0.03163535 -0.02162115
v -0.01042580 -0.03129317 -0.02094187
v -0.00949188 -0.03071858 -0.01967596
v -0.01042580 -0.03091872 -0.02023613
v -0.01135971 -0.03086707 -0.02033317
v -0.01135971 -0.03059592 -0.01986562
v -0.01135971 -0.03013108 -0.01913783
v -0.01229362 -0.02972434 -0.01880261
v -0.01412109 -0.02953712 -0.01915106
v -0.01416145 -0.02902709 -0.01848502
v -0.01470911 -0.02894962 -0.01857765
v -0.01504924 -0.02920140 -0.01903638
v -0.01533172 -0.02885278 -0.01869675
v -0.01602351 -0.02873657 -0.01883348
v -0.01785098 -0.02829110 -0.01904079
v -0.01882524 -0.02818134 -0.01932309
v -0.02806636 -0.02599273 -0.02063311
v -0.01322753 -0.02961459 -0.01895699
v -0.01975915 -0.02636719 -0.04497665
v -0.01882524 -0.02646403 -0.04506928
v -0.01789133 -0.02654796 -0.04515308
v -0.01676141 -0.02709027 -0.04476934
v -0.01705542 -0.02660606 -0.04521483
v -0.01602351 -0.02667062 -0.04528982
v -0.01602351 -0.02713546 -0.04482227
v -0.01508959 -0.02719356 -0.04488402
v -0.01416145 -0.02771005 -0.04435031
v -0.01416145 -0.02804577 -0.04388275
v -0.01229362 -0.02849124 -0.04333140
v -0.01229362 -0.02883341 -0.04267418
v -0.01135971 -0.02907228 -0.04227279
v -0.01135971 -0.02886569 -0.04274034
v -0.01042580 -0.02909811 -0.04231690
v -0.01042580 -0.02944674 -0.04146560
v -0.00855797 -0.02976954 -0.04075104
v -0.00949188 -0.02992448 -0.04024821
v -0.01042580 -0.03044743 -0.03866912
v -0.01135971 -0.03040869 -0.03866912
v -0.01229362 -0.03065402 -0.03781341
v -0.01229362 -0.03081542 -0.03734586
v -0.02806636 -0.02490811 -0.04345490
v -0.02738034 -0.02505015 -0.04365339
v -0.02255513 -0.02499850 -0.04551477
v -0.02419812 -0.02526965 -0.04480463
v -0.02806636 -0.02446910 -0.04388275
v -0.02806636 -0.02441745 -0.04392686
v -0.02668279 -0.02421731 -0.04470317
v -0.02535686 -0.02456594 -0.04497665
v -0.02459590 -0.02413984 -0.04558094
v -0.02439989 -0.02471443 -0.04519278
v -0.02348904 -0.02482418 -0.04537804
v -0.02348904 -0.02538586 -0.04491048
v -0.02397329 -0.02426251 -0.04566915
v -0.02255513 -0.02452720 -0.04586323
v -0.02159239 -0.02477254 -0.04593380
v -0.02069307 -0.02472734 -0.04615876
v -0.02069307 -0.02529548 -0.04574855
v -0.01882524 -0.02597982 -0.04553683
v -0.01135971 -0.03104784 -0.03680332
v -0.01135971 -0.03134482 -0.03586822
v -0.01135971 -0.03160952 -0.03502134
v -0.01135971 -0.03175155 -0.03455379
v -0.01042580 -0.03192587 -0.03400243
v -0.01135971 -0.03084125 -0.03741644
v -0.01042580 -0.03215829 -0.03306733
v -0.00855797 -0.03218411 -0.03306733
v -0.00855797 -0.03239716 -0.03213664
v -0.00855797 -0.03257793 -0.03128093
v -0.00762982 -0.03267477 -0.03082220
v -0.00762982 -0.03274579 -0.03027084
v -0.00762982 -0.03286200 -0.02933574
v -0.00669591 -0.03293947 -0.02840505
v -0.00762982 -0.03224222 -0.02280767
v -0.00807372 -0.03172573 -0.02140942
v -0.01042580 -0.03182257 -0.02208870
v -0.00949188 -0.03167408 -0.02153293
v -0.00482809 -0.03292010 -0.02746994
v -0.00669591 -0.03292656 -0.02653484
v -0.00482809 -0.03281035 -0.02560856
v -0.00389417 -0.03270060 -0.02493811
v -0.00482809 -0.03261667 -0.02439999
v -0.00576200 -0.03249400 -0.02374277
v -0.00669591 -0.03262958 -0.02433823
v -0.00762982 -0.03250691 -0.02374277
v -0.00949188 -0.03138356 -0.02094187
v -0.00809102 -0.03078960 -0.01954363
v -0.00855797 -0.03045388 -0.01907608
v -0.00949188 -0.03034413 -0.01907608
v -0.01042580 -0.03066048 -0.01976859
v -0.01050650 -0.03015045 -0.01898786
v -0.01086969 -0.02985347 -0.01861294
v -0.01135971 -0.02981473 -0.01867028
v -0.01135971 -0.02943382 -0.01814539
v -0.01135971 -0.02901418 -0.01756757
v -0.01192467 -0.02894962 -0.01764255
v -0.01225903 -0.02920786 -0.01809246
v -0.01234551 -0.02847187 -0.01719264
v -0.01416145 -0.02864618 -0.01801747
v -0.01487053 -0.02807159 -0.01758521
v -0.01510112 -0.02846541 -0.01814098
v -0.01549314 -0.02796829 -0.01770430
v -0.01695742 -0.02811678 -0.01846738
v -0.01751085 -0.02801994 -0.01857765
v -0.02806636 -0.02552789 -0.02011704
v -0.01789133 -0.02607021 -0.04562063
v -0.01734943 -0.02611540 -0.04565592
v -0.01508959 -0.02672873 -0.04535157
v -0.01416145 -0.02723876 -0.04493254
v -0.01322753 -0.02774233 -0.04440324
v -0.01229362 -0.02811678 -0.04398421
v -0.01135971 -0.02854934 -0.04333140
v -0.01042580 -0.02888506 -0.04278445
v -0.00855797 -0.02912393 -0.04237865
v -0.00855797 -0.02949838 -0.04146560
v -0.00762982 -0.02951775 -0.04146560
v -0.00762982 -0.02977599 -0.04077310
v -0.00762982 -0.02994385 -0.04030555
v -0.00855797 -0.03016981 -0.03959981
v -0.01042580 -0.03069921 -0.03793251
v -0.01135971 -0.03067984 -0.03788398
v -0.02722469 -0.02406882 -0.04458849
v -0.02806636 -0.02379121 -0.04443411
v -0.02786459 -0.02342967 -0.04480904
v -0.02535686 -0.02394616 -0.04543979
v -0.02535686 -0.02347486 -0.04576619
v -0.02434224 -0.02381058 -0.04586764
v -0.02348904 -0.02379121 -0.04610583
v -0.02259548 -0.02375248 -0.04636607
v -0.02162698 -0.02401717 -0.04644546
v -0.02069307 -0.02416566 -0.04654250
v -0.01953432 -0.02432061 -0.04663954
v -0.01981104 -0.02466924 -0.04635284
v -0.01882524 -0.02487583 -0.04638371
v -0.01882524 -0.02551498 -0.04591616
v -0.01042580 -0.03108012 -0.03680332
v -0.01042580 -0.03137064 -0.03586822
v -0.00949188 -0.03139001 -0.03586822
v -0.01042580 -0.03175801 -0.03459348
v -0.00949188 -0.03176446 -0.03461113
v -0.00855797 -0.03177092 -0.03462436
v -0.00855797 -0.03194524 -0.03400243
v -0.00762982 -0.03218411 -0.03306733
v -0.00762982 -0.03195169 -0.03400243
v -0.00762982 -0.03239716 -0.03213664
v -0.00762982 -0.03257793 -0.03128534
v -0.00669591 -0.03266186 -0.03078250
v -0.00669591 -0.03273288 -0.03027084
v -0.00669591 -0.03257148 -0.03124564
v -0.00669591 -0.03284263 -0.02933574
v -0.00482809 -0.03288782 -0.02840505
v -0.00669591 -0.03224222 -0.02280767
v -0.00576200 -0.03191296 -0.02187698
v -0.00669591 -0.03173218 -0.02139619
v -0.00771053 -0.03186776 -0.02178435
v -0.00482809 -0.03154496 -0.02091982
v -0.00482809 -0.03112532 -0.02001118
v -0.00576200 -0.03110595 -0.02001118
v -0.00771053 -0.03155142 -0.02103009
v -0.00771630 -0.03099619 -0.01991855
v -0.00855797 -0.03146103 -0.02094187
v -0.00389417 -0.03288137 -0.02746994
v -0.00482809 -0.03287491 -0.02653484
v -0.00389417 -0.03277807 -0.02560856
v -0.00296026 -0.03267477 -0.02506603
v -0.00389417 -0.03244235 -0.02374277
v -0.00482809 -0.03247463 -0.02374277
v -0.00482809 -0.03222930 -0.02280767
v -0.00576200 -0.03082833 -0.01947306
v -0.00576200 -0.03057655 -0.01900551
v -0.00576200 -0.03011171 -0.01821596
v -0.00762982 -0.03006006 -0.01830418
v -0.00855797 -0.03001487 -0.01837475
v -0.00949188 -0.02995031 -0.01847179
v -0.01024708 -0.02989866 -0.01855119
v -0.00949188 -0.02964042 -0.01800424
v -0.01050650 -0.02962105 -0.01820273
v -0.01042580 -0.02909811 -0.01745729
v -0.00916329 -0.02801994 -0.01577676
v -0.01135971 -0.02863972 -0.01710001
v -0.01213797 -0.02807805 -0.01664128
v -0.01276058 -0.02798766 -0.01674274
v -0.01416145 -0.02817489 -0.01745729
v -0.01322753 -0.02791665 -0.01682654
v -0.01416145 -0.02776170 -0.01698974
v -0.01490512 -0.02716128 -0.01663246
v -0.01552773 -0.02704507 -0.01675597
v -0.02806636 -0.02508888 -0.01964949
v -0.01789133 -0.02560537 -0.04598673
v -0.01602351 -0.02620578 -0.04573090
v -0.01700930 -0.02574740 -0.04598232
v -0.01416145 -0.02677392 -0.04540009
v -0.01508959 -0.02626389 -0.04578383
v -0.01322753 -0.02727749 -0.04496341
v -0.01229362 -0.02777461 -0.04444734
v -0.01135971 -0.02780043 -0.04448704
v -0.01135971 -0.02814261 -0.04401949
v -0.01042580 -0.02858808 -0.04333140
v -0.00949188 -0.02862036 -0.04333140
v -0.00949188 -0.02889797 -0.04281533
v -0.00762982 -0.02913039 -0.04239188
v -0.00855797 -0.02891088 -0.04284179
v -0.00762982 -0.02891734 -0.04285943
v -0.00669591 -0.02913039 -0.04238747
v -0.00669591 -0.02951130 -0.04146560
v -0.00669591 -0.02977599 -0.04076869
v -0.00669591 -0.03018273 -0.03959981
v -0.00762982 -0.03049908 -0.03866912
v -0.00855797 -0.03048616 -0.03866912
v -0.00949188 -0.03086707 -0.03749142
v -0.02806636 -0.02364918 -0.04454880
v -0.02806636 -0.02336511 -0.04476493
v -0.02806636 -0.02308104 -0.04495900
v -0.02726504 -0.02284862 -0.04543538
v -0.02584688 -0.02333929 -0.04567356
v -0.02535686 -0.02286154 -0.04614553
v -0.02488414 -0.02239024 -0.04659543
v -0.02451519 -0.02284217 -0.04642341
v -0.02348904 -0.02315852 -0.04650280
v -0.02230724 -0.02341676 -0.04665278
v -0.02162698 -0.02355234 -0.04673217
v -0.02069307 -0.02370083 -0.04682039
v -0.01981104 -0.02387514 -0.04685567
v -0.01882524 -0.02440454 -0.04669688
v -0.01789133 -0.02497267 -0.04645429
v -0.00855797 -0.03087353 -0.03751788
v -0.00762982 -0.03111886 -0.03680332
v -0.00855797 -0.03140293 -0.03586822
v -0.00949188 -0.03162889 -0.03507868
v -0.00762982 -0.03177092 -0.03463318
v -0.00855797 -0.03163535 -0.03509191
v -0.00669591 -0.03217120 -0.03306733
v -0.00669591 -0.03176446 -0.03461554
v -0.00669591 -0.03193878 -0.03400243
v -0.00669591 -0.03237779 -0.03213664
v -0.00615401 -0.03265541 -0.03074721
v -0.00553140 -0.03264895 -0.03068546
v -0.00482809 -0.03264249 -0.03060607
v -0.00482809 -0.03232614 -0.03213664
v -0.00482809 -0.03252628 -0.03120153
v -0.00482809 -0.03279098 -0.02933574
v -0.00389417 -0.03284909 -0.02840505
v -0.00482809 -0.03191296 -0.02187698
v -0.00482809 -0.03173218 -0.02138296
v -0.00576200 -0.03173218 -0.02138737
v -0.00391723 -0.03157078 -0.02102568
v -0.00389417 -0.03111886 -0.02001118
v -0.00424007 -0.03173218 -0.02139178
v -0.00389417 -0.03083479 -0.01945541
v -0.00482809 -0.03083479 -0.01945100
v -0.00296026 -0.03282326 -0.02746994
v -0.00296026 -0.03278453 -0.02653484
v -0.00389417 -0.03283617 -0.02653484
v -0.00296026 -0.03271997 -0.02560856
v -0.00247601 -0.03265541 -0.02513660
v -0.00109820 -0.03246818 -0.02467346
v -0.00109820 -0.03226804 -0.02374277
v -0.00202635 -0.03232614 -0.02374277
v -0.00296026 -0.03215183 -0.02280767
v -0.00389417 -0.03220348 -0.02280767
v -0.00391723 -0.03186131 -0.02179758
v -0.00482809 -0.03058946 -0.01898345
v -0.00482809 -0.03012462 -0.01818068
v -0.00482809 -0.02983410 -0.01771312
v -0.00482809 -0.02951130 -0.01721029
v -0.00576200 -0.02945965 -0.01721029
v -0.00576200 -0.02904000 -0.01657953
v -0.00762982 -0.02975017 -0.01784104
v -0.00855797 -0.02970498 -0.01790720
v -0.00849456 -0.02918203 -0.01714853
v -0.00949188 -0.02916912 -0.01734702
v -0.00875974 -0.02887860 -0.01680008
v -0.00949188 -0.02881404 -0.01687947
v -0.00978589 -0.02794893 -0.01585615
v -0.01042580 -0.02787791 -0.01593996
v -0.01135971 -0.02816843 -0.01652660
v -0.00849456 -0.02858808 -0.01636340
v -0.00855797 -0.02806513 -0.01571941
v -0.00762982 -0.02774233 -0.01517247
v -0.00855797 -0.02766486 -0.01525186
v -0.00855797 -0.02719356 -0.01472256
v -0.00928435 -0.02712255 -0.01480637
v -0.01135971 -0.02776170 -0.01606346
v -0.01135971 -0.02729686 -0.01555180
v -0.01238586 -0.02770359 -0.01630606
v -0.01229362 -0.02716128 -0.01569736
v -0.01281246 -0.02707735 -0.01578999
v -0.01416145 -0.02729041 -0.01649573
v -0.01343507 -0.02696760 -0.01590026
v -0.01416145 -0.02683202 -0.01602817
v -0.01486476 -0.02623161 -0.01571500
v -0.02806636 -0.02462404 -0.01920840
v -0.01695742 -0.02505015 -0.04650722
v -0.01602351 -0.02565702 -0.04615435
v -0.01229362 -0.02683848 -0.04546184
v -0.01416145 -0.02630908 -0.04581912
v -0.01508959 -0.02557954 -0.04630873
v -0.01416145 -0.02570221 -0.04628667
v -0.01229362 -0.02730977 -0.04499429
v -0.01042580 -0.02781980 -0.04451351
v -0.01135971 -0.02733560 -0.04502076
v -0.01042580 -0.02816197 -0.04404596
v -0.00855797 -0.02864618 -0.04333140
v -0.00762982 -0.02865264 -0.04333140
v -0.00669591 -0.02891734 -0.04285061
v -0.00576200 -0.02891088 -0.04284179
v -0.00482809 -0.02911747 -0.04236101
v -0.00482809 -0.02948547 -0.04146560
v -0.00576200 -0.02976954 -0.04075104
v -0.00482809 -0.03015045 -0.03959981
v -0.00576200 -0.03047971 -0.03866912
v -0.00669591 -0.03049262 -0.03866912
v -0.00762982 -0.03072504 -0.03799867
v -0.00482809 -0.02976308 -0.04072899
v -0.00482809 -0.02992448 -0.04026144
v -0.00855797 -0.03071858 -0.03798102
v -0.02806636 -0.02289382 -0.04508251
v -0.02760517 -0.02233859 -0.04563387
v -0.02451519 -0.02201579 -0.04682480
v -0.02426153 -0.02252582 -0.04667042
v -0.02806636 -0.02172527 -0.04581471
v -0.02806636 -0.02109257 -0.04611906
v -0.02806636 -0.02098927 -0.04616758
v -0.02656173 -0.02129271 -0.04653809
v -0.02593912 -0.02153804 -0.04663513
v -0.02535686 -0.02174463 -0.04671453
v -0.02259548 -0.02292610 -0.04683803
v -0.02162698 -0.02286154 -0.04707622
v -0.02069307 -0.02286154 -0.04723060
v -0.01882524 -0.02379121 -0.04704975
v -0.01789133 -0.02450783 -0.04675863
v -0.00762982 -0.03087998 -0.03753112
v -0.00669591 -0.03111240 -0.03680332
v -0.00762982 -0.03140938 -0.03586822
v -0.00762982 -0.03163535 -0.03510073
v -0.00482809 -0.03211955 -0.03306733
v -0.00669591 -0.03162889 -0.03507868
v -0.00482809 -0.03135773 -0.03586822
v -0.00482809 -0.03160952 -0.03499487
v -0.00482809 -0.03188713 -0.03400243
v -0.00389417 -0.03248755 -0.03120153
v -0.00389417 -0.03262313 -0.03044287
v -0.00389417 -0.03229386 -0.03213664
v -0.00336380 -0.03266186 -0.02984740
v -0.00301791 -0.03269414 -0.02933133
v -0.00296026 -0.03278453 -0.02840505
v -0.00060819 -0.03265541 -0.02795955
v -0.00296026 -0.03149331 -0.02094187
v -0.00202635 -0.03104139 -0.02001118
v -0.00151327 -0.03079605 -0.01953481
v -0.00296026 -0.03082188 -0.01948188
v -0.00296026 -0.03186776 -0.02194755
v -0.00202635 -0.03167408 -0.02154616
v -0.00202635 -0.03144812 -0.02094187
v -0.00296026 -0.03058301 -0.01901874
v -0.00389417 -0.03058946 -0.01898786
v -0.00202635 -0.03275870 -0.02746994
v -0.00065431 -0.03265541 -0.02714795
v -0.00202635 -0.03271997 -0.02653484
v -0.00185340 -0.03263604 -0.02544977
v -0.00016429 -0.03250691 -0.02560856
v -0.00016429 -0.03237779 -0.02467346
v -0.00016429 -0.03217766 -0.02374277
v -0.00016429 -0.03195169 -0.02280767
v -0.00109820 -0.03203562 -0.02280767
v -0.00202635 -0.03209373 -0.02280767
v -0.00109820 -0.03181611 -0.02208870
v -0.00202635 -0.03184194 -0.02201371
v -0.00389417 -0.03012462 -0.01816744
v -0.00389417 -0.02984055 -0.01769989
v -0.00389417 -0.02953066 -0.01721029
v -0.00389417 -0.02907874 -0.01652219
v -0.00482809 -0.02906583 -0.01653542
v -0.00669591 -0.02900127 -0.01664128
v -0.00762982 -0.02931761 -0.01721029
v -0.00482809 -0.02873011 -0.01607228
v -0.00482809 -0.02826527 -0.01544153
v -0.00576200 -0.02869783 -0.01611639
v -0.00813713 -0.02893025 -0.01673391
v -0.01042580 -0.02741307 -0.01542830
v -0.00762982 -0.02812969 -0.01564002
v -0.00669591 -0.02780689 -0.01509748
v -0.00576200 -0.02740662 -0.01447114
v -0.00576200 -0.02700634 -0.01400359
v -0.00669591 -0.02734205 -0.01455054
v -0.00762982 -0.02727749 -0.01463434
v -0.00762982 -0.02685785 -0.01416679
v -0.00855797 -0.02676746 -0.01425501
v -0.00990696 -0.02704507 -0.01489017
v -0.00855797 -0.02630263 -0.01376982
v -0.00930741 -0.02620578 -0.01386244
v -0.01042580 -0.02698051 -0.01496075
v -0.01135971 -0.02685139 -0.01508425
v -0.01229362 -0.02669645 -0.01523422
v -0.01229362 -0.02623161 -0.01477549
v -0.01416145 -0.02636719 -0.01558268
v -0.01341201 -0.02601210 -0.01498280
v -0.01206879 -0.02529548 -0.01385362
v -0.02806636 -0.02408819 -0.01874526
v -0.01477829 -0.02521155 -0.04661308
v -0.01602351 -0.02512116 -0.04655132
v -0.01695742 -0.02458531 -0.04680715
v -0.01322753 -0.02634136 -0.04584559
v -0.01229362 -0.02637364 -0.04586764
v -0.01135971 -0.02686430 -0.04548831
v -0.01416145 -0.02523737 -0.04663072
v -0.01322753 -0.02573449 -0.04631314
v -0.00855797 -0.02784563 -0.04454880
v -0.01042580 -0.02734851 -0.04503840
v -0.00855797 -0.02818780 -0.04408124
v -0.00762982 -0.02819425 -0.04408565
v -0.00669591 -0.02864618 -0.04333140
v -0.00482809 -0.02862036 -0.04333140
v -0.00482809 -0.02890442 -0.04282856
v -0.00389417 -0.02910456 -0.04232572
v -0.00389417 -0.02945965 -0.04146560
v -0.00389417 -0.02975017 -0.04069811
v -0.00389417 -0.02991157 -0.04023056
v -0.00389417 -0.03012462 -0.03959981
v -0.00482809 -0.03046034 -0.03866912
v -0.00669591 -0.03071858 -0.03798985
v -0.00576200 -0.03086707 -0.03749583
v -0.02806636 -0.02223530 -0.04551477
v -0.02806636 -0.02180274 -0.04577060
v -0.02348904 -0.02192541 -0.04707180
v -0.02601983 -0.01880712 -0.04758788
v -0.02806636 -0.02015644 -0.04650280
v -0.02806636 -0.01918157 -0.04686009
v -0.02806636 -0.01757401 -0.04744673
v -0.02806636 -0.01714791 -0.04760111
v -0.02729387 -0.01733513 -0.04775549
v -0.02255513 -0.02192541 -0.04725265
v -0.02163851 -0.02188667 -0.04742468
v -0.02069307 -0.02216428 -0.04747761
v -0.02004740 -0.02231277 -0.04751289
v -0.01974186 -0.02279052 -0.04738057
v -0.01882524 -0.02301003 -0.04742027
v -0.01789133 -0.02315206 -0.04747761
v -0.01789133 -0.02379121 -0.04716885
v -0.00482809 -0.03106721 -0.03680332
v -0.00669591 -0.03139647 -0.03586822
v -0.00389417 -0.03208727 -0.03306733
v -0.00389417 -0.03104139 -0.03680332
v -0.00389417 -0.03132545 -0.03586822
v -0.00418818 -0.03173218 -0.03449203
v -0.00388264 -0.03182903 -0.03408182
v -0.00296026 -0.03243590 -0.03120153
v -0.00202635 -0.03237134 -0.03120153
v -0.00109820 -0.03230678 -0.03120153
v -0.00109820 -0.03245527 -0.03027084
v -0.00202635 -0.03251983 -0.03027084
v -0.00301791 -0.03259730 -0.03020027
v -0.00296026 -0.03224222 -0.03213664
v -0.00109820 -0.03255856 -0.02933574
v -0.00109820 -0.03267477 -0.02813598
v -0.00060819 -0.03265541 -0.02776988
v -0.00101749 -0.03268769 -0.02746112
v -0.00016429 -0.03248109 -0.02933574
v -0.00024500 -0.03258439 -0.02832565
v 0.00263168 -0.03224867 -0.02840505
v 0.00263168 -0.03228095 -0.02746994
v 0.00076962 -0.03250046 -0.02746994
v -0.00024500 -0.03261667 -0.02746112
v -0.00116162 -0.03096391 -0.01993620
v -0.00016429 -0.03074440 -0.01964067
v -0.00116162 -0.03058301 -0.01916430
v -0.00202635 -0.03057009 -0.01904961
v -0.00109820 -0.03139001 -0.02094187
v -0.00202635 -0.03009880 -0.01818509
v -0.00296026 -0.03011171 -0.01817185
v 0.00263168 -0.03224867 -0.02653484
v 0.00076962 -0.03246172 -0.02653484
v -0.00016429 -0.03256502 -0.02653484
v -0.00087914 -0.03263604 -0.02653484
v -0.00118468 -0.03260376 -0.02569678
v 0.00076962 -0.03239716 -0.02560856
v 0.00076962 -0.03227449 -0.02467346
v 0.00076962 -0.03207436 -0.02374277
v 0.00078692 -0.03183548 -0.02274591
v 0.00048714 -0.03174510 -0.02228719
v -0.00016429 -0.03177738 -0.02219456
v -0.00016429 -0.03131254 -0.02094187
v -0.00296026 -0.02984055 -0.01770871
v -0.00202635 -0.02951775 -0.01721029
v -0.00296026 -0.02907874 -0.01651337
v -0.00296026 -0.02875593 -0.01604582
v -0.00389417 -0.02874948 -0.01605464
v -0.00389417 -0.02828464 -0.01541948
v -0.00576200 -0.02822654 -0.01549446
v -0.00389417 -0.02793601 -0.01495193
v -0.00482809 -0.02791019 -0.01497839
v -0.00576200 -0.02787145 -0.01502691
v -0.00513363 -0.02704507 -0.01395948
v -0.00669591 -0.02693532 -0.01408299
v -0.00573317 -0.02647048 -0.01340371
v -0.00669591 -0.02647048 -0.01357574
v -0.00762982 -0.02638656 -0.01367278
v -0.00602718 -0.02608957 -0.01304643
v -0.00669591 -0.02602501 -0.01311260
v -0.00762982 -0.02592817 -0.01320522
v -0.00855797 -0.02582488 -0.01330226
v -0.00923246 -0.02526320 -0.01294939
v -0.00958412 -0.02568930 -0.01345223
v -0.00993002 -0.02611540 -0.01395507
v -0.01135971 -0.02638656 -0.01462552
v -0.01135971 -0.02589589 -0.01415797
v -0.01234551 -0.02563119 -0.01425501
v -0.01135971 -0.02542460 -0.01373894
v -0.00985507 -0.02515344 -0.01304643
v -0.01042580 -0.02503723 -0.01313024
v -0.01135971 -0.02485001 -0.01327139
v -0.02806636 -0.01399734 -0.01012203
v -0.02806636 -0.01447509 -0.01050137
v -0.02806636 -0.01504323 -0.01096010
v -0.02806636 -0.01552098 -0.01135266
v -0.01602351 -0.02465633 -0.04684685
v -0.01508959 -0.02480482 -0.04683803
v -0.01416145 -0.02472734 -0.04694830
v -0.01695742 -0.02379121 -0.04725265
v -0.01135971 -0.02639947 -0.04588970
v -0.00855797 -0.02690304 -0.04552800
v -0.01322753 -0.02526965 -0.04665278
v -0.01135971 -0.02578614 -0.04635725
v -0.00855797 -0.02737433 -0.04506046
v -0.00762982 -0.02784563 -0.04455321
v -0.00576200 -0.02818134 -0.04406360
v -0.00482809 -0.02816843 -0.04404596
v -0.00389417 -0.02858162 -0.04333140
v -0.00389417 -0.02889151 -0.04279327
v -0.00202635 -0.02905937 -0.04222427
v -0.00296026 -0.02942091 -0.04146560
v -0.00296026 -0.02973080 -0.04064077
v -0.00296026 -0.02989220 -0.04017322
v -0.00389417 -0.03043451 -0.03866912
v -0.00296026 -0.03008589 -0.03959981
v -0.00389417 -0.03069276 -0.03788840
v -0.00482809 -0.03085416 -0.03746495
v -0.02629078 -0.01725766 -0.04803778
v -0.02631384 -0.01823253 -0.04770697
v -0.02806636 -0.01705752 -0.04763198
v -0.02722469 -0.01632799 -0.04808630
v -0.02535686 -0.01725766 -0.04819658
v -0.02348904 -0.01739324 -0.04838183
v -0.01942479 -0.02243544 -0.04754818
v -0.02255513 -0.01759983 -0.04843476
v -0.02205358 -0.01770959 -0.04846123
v -0.01882524 -0.02254519 -0.04757905
v -0.01695742 -0.02326181 -0.04751289
v -0.01789133 -0.02268722 -0.04761875
v -0.01646164 -0.02331992 -0.04753054
v -0.00296026 -0.03182903 -0.03392303
v -0.00296026 -0.03203562 -0.03306733
v -0.00296026 -0.03082188 -0.03735909
v -0.00296026 -0.03099619 -0.03680332
v -0.00296026 -0.03128026 -0.03586822
v -0.00356558 -0.03171927 -0.03444792
v -0.00388264 -0.03161598 -0.03485813
v -0.00109820 -0.03211955 -0.03213664
v -0.00016429 -0.03222930 -0.03120153
v -0.00016429 -0.03237779 -0.03027084
v -0.00202635 -0.03197752 -0.03306733
v -0.00109820 -0.03191941 -0.03306733
v 0.00076962 -0.03228095 -0.03027084
v 0.00076962 -0.03237779 -0.02933574
v 0.00076962 -0.03246172 -0.02840505
v 0.00263168 -0.03217120 -0.02933574
v 0.00356560 -0.03205499 -0.02933574
v 0.00356560 -0.03211955 -0.02840505
v 0.00356560 -0.03215183 -0.02746994
v -0.00016429 -0.03096391 -0.02010822
v 0.00076962 -0.03069921 -0.01973771
v 0.00076962 -0.03037641 -0.01907608
v -0.00016429 -0.03046034 -0.01907608
v 0.00076962 -0.03091872 -0.02020085
v -0.00016429 -0.03004069 -0.01827771
v -0.00109820 -0.03007943 -0.01822037
v -0.00109820 -0.02981473 -0.01775282
v -0.00202635 -0.02982764 -0.01772195
v 0.00169777 -0.03228741 -0.02560856
v 0.00356560 -0.03211310 -0.02653484
v 0.00263168 -0.03217120 -0.02560856
v 0.00169777 -0.03216474 -0.02467346
v 0.00169777 -0.03197106 -0.02374277
v 0.00237803 -0.03175155 -0.02315612
v 0.00169777 -0.03167408 -0.02252537
v 0.00110975 -0.03170636 -0.02239746
v 0.00169777 -0.03146103 -0.02187698
v 0.00169777 -0.03111886 -0.02094187
v 0.00076962 -0.03121570 -0.02094187
v 0.00169777 -0.03086707 -0.02030230
v -0.00109820 -0.02947902 -0.01721029
v -0.00109820 -0.02905291 -0.01653983
v -0.00202635 -0.02907228 -0.01651337
v -0.00202635 -0.02876239 -0.01605023
v -0.00296026 -0.02829110 -0.01539301
v -0.00296026 -0.02795538 -0.01492987
v -0.00296026 -0.02754865 -0.01440939
v -0.00389417 -0.02750346 -0.01440939
v -0.00389417 -0.02709027 -0.01390214
v -0.00451678 -0.02707090 -0.01392861
v -0.00482809 -0.02737433 -0.01432558
v -0.00389417 -0.02621870 -0.01290529
v -0.00482809 -0.02617350 -0.01295822
v -0.00540458 -0.02614122 -0.01299350
v -0.00571012 -0.02565056 -0.01255242
v -0.00669591 -0.02556018 -0.01265387
v -0.00762982 -0.02546334 -0.01275973
v -0.00855797 -0.02535358 -0.01286118
v -0.00855797 -0.02479836 -0.01239363
v -0.00903069 -0.02426251 -0.01207605
v -0.02806636 -0.01347440 -0.00972065
v -0.01508959 -0.02388805 -0.04735410
v -0.01322753 -0.02472734 -0.04698800
v -0.01416145 -0.02392679 -0.04738498
v -0.01610421 -0.02372665 -0.04735851
v -0.01042580 -0.02641238 -0.04590293
v -0.00949188 -0.02642529 -0.04591175
v -0.00855797 -0.02643820 -0.04591616
v -0.00762982 -0.02643820 -0.04591616
v -0.00762982 -0.02690304 -0.04552359
v -0.00762982 -0.02737433 -0.04506046
v -0.01229362 -0.02472734 -0.04702329
v -0.01229362 -0.02529548 -0.04667042
v -0.00949188 -0.02581196 -0.04637489
v -0.01135971 -0.02532130 -0.04668365
v -0.00669591 -0.02736788 -0.04504722
v -0.00576200 -0.02782626 -0.04453115
v -0.00389417 -0.02814906 -0.04401508
v -0.00482809 -0.02780689 -0.04451351
v -0.00296026 -0.02852997 -0.04333140
v -0.00202635 -0.02883986 -0.04269182
v -0.00109820 -0.02902709 -0.04216252
v -0.00109820 -0.02931761 -0.04146560
v -0.00202635 -0.02936926 -0.04146560
v -0.00202635 -0.02970498 -0.04057902
v -0.00088490 -0.02984701 -0.04002766
v -0.00202635 -0.02987284 -0.04011147
v -0.00296026 -0.03039578 -0.03866912
v -0.02629078 -0.01632799 -0.04829803
v -0.02806636 -0.01632799 -0.04785694
v -0.02806636 -0.01548870 -0.04807748
v -0.02719587 -0.01537249 -0.04832890
v -0.02686150 -0.01504968 -0.04849211
v -0.02544334 -0.01632799 -0.04841271
v -0.02462472 -0.01663788 -0.04843917
v -0.02400212 -0.01681219 -0.04847005
v -0.02348904 -0.01692840 -0.04849652
v -0.02255513 -0.01713500 -0.04853180
v -0.02169616 -0.01734159 -0.04854945
v -0.02143097 -0.01779997 -0.04848328
v -0.01789133 -0.02192541 -0.04780401
v -0.01882524 -0.02192541 -0.04772902
v -0.01695742 -0.02279698 -0.04764522
v -0.01583903 -0.02336511 -0.04755259
v -0.00296026 -0.03169991 -0.03439058
v -0.00202635 -0.03167408 -0.03428031
v -0.00038912 -0.03174510 -0.03360545
v -0.00109820 -0.03059592 -0.03773402
v -0.00229730 -0.03080251 -0.03730175
v -0.00200329 -0.03091872 -0.03688272
v -0.00202635 -0.03122861 -0.03586822
v -0.00202635 -0.03149331 -0.03493312
v 0.00022772 -0.03171927 -0.03350841
v -0.00016429 -0.03204208 -0.03213664
v 0.00076962 -0.03195815 -0.03213664
v 0.00076962 -0.03213892 -0.03120153
v 0.00263168 -0.03207436 -0.03027084
v 0.00356560 -0.03195815 -0.03027084
v 0.00513941 -0.03175155 -0.03000178
v 0.00449951 -0.03191296 -0.02933574
v 0.00531812 -0.03178383 -0.02933574
v 0.00449951 -0.03197106 -0.02840505
v 0.00449951 -0.03200334 -0.02746994
v 0.00599838 -0.03173864 -0.02680832
v 0.00169777 -0.03065402 -0.01983916
v 0.00169777 -0.03027957 -0.01907608
v 0.00169777 -0.02995677 -0.01842768
v 0.00076962 -0.03000196 -0.01834829
v 0.00076962 -0.02974371 -0.01788074
v 0.00076962 -0.02934344 -0.01721029
v 0.00076962 -0.02899481 -0.01662805
v 0.00356560 -0.03203562 -0.02560856
v 0.00263168 -0.03204853 -0.02467346
v 0.00266627 -0.03183548 -0.02368102
v 0.00300064 -0.03171282 -0.02333256
v 0.00266627 -0.03163535 -0.02282972
v 0.00263168 -0.03134482 -0.02187698
v 0.00240109 -0.03082833 -0.02039493
v -0.00016429 -0.02902709 -0.01658394
v -0.00109820 -0.02874948 -0.01607228
v -0.00109820 -0.02794893 -0.01493869
v -0.00202635 -0.02829110 -0.01538860
v -0.00202635 -0.02795538 -0.01492546
v -0.00202635 -0.02756156 -0.01440939
v -0.00202635 -0.02712900 -0.01385362
v -0.00296026 -0.02711609 -0.01387126
v -0.00296026 -0.02672873 -0.01340371
v -0.00296026 -0.02625743 -0.01286118
v -0.00296026 -0.02582488 -0.01239804
v -0.00389417 -0.02577968 -0.01243774
v -0.00389417 -0.02531485 -0.01196136
v -0.00482809 -0.02525029 -0.01202311
v -0.00539305 -0.02520509 -0.01206281
v -0.00600989 -0.02514699 -0.01211574
v -0.00669591 -0.02506306 -0.01218632
v -0.00762982 -0.02493394 -0.01229218
v -0.00669591 -0.02459822 -0.01180257
v -0.00762982 -0.02446910 -0.01191284
v -0.00549681 -0.01452029 -0.00390713
v -0.00577353 -0.01443636 -0.00390713
v -0.00638461 -0.01424913 -0.00390713
v -0.00654602 -0.01419748 -0.00390713
v -0.00667862 -0.01415229 -0.00390713
v -0.00837926 -0.01348731 -0.00390713
v -0.00949188 -0.01304830 -0.00390713
v -0.02806636 -0.01296437 -0.00934131
v -0.01508959 -0.02342321 -0.04757023
v -0.01229362 -0.02397844 -0.04742027
v -0.01416145 -0.02346195 -0.04758788
v -0.00855797 -0.02581842 -0.04638371
v -0.00762982 -0.02581196 -0.04638371
v -0.00576200 -0.02640592 -0.04588970
v -0.00669591 -0.02689013 -0.04551477
v -0.01135971 -0.02472734 -0.04705416
v -0.01042580 -0.02533421 -0.04669247
v -0.00855797 -0.02535358 -0.04670570
v -0.00576200 -0.02735497 -0.04503840
v -0.00482809 -0.02734205 -0.04501635
v -0.00389417 -0.02777461 -0.04447822
v -0.00202635 -0.02809096 -0.04393127
v -0.00389417 -0.02730977 -0.04498547
v -0.00202635 -0.02847187 -0.04333140
v -0.00109820 -0.02880758 -0.04262566
v -0.00016429 -0.02899481 -0.04207871
v -0.00016429 -0.02925305 -0.04146560
v -0.00016429 -0.02960814 -0.04053491
v -0.00115585 -0.02970498 -0.04044669
v -0.00016429 -0.02982119 -0.03995268
v -0.00016429 -0.03023437 -0.03866912
v -0.02629078 -0.01571466 -0.04843035
v -0.02581229 -0.01585669 -0.04846564
v -0.02806636 -0.01443636 -0.04832449
v -0.02806636 -0.01441699 -0.04832890
v -0.02774353 -0.01405545 -0.04847887
v -0.02719587 -0.01440408 -0.04853180
v -0.02629078 -0.01446218 -0.04865089
v -0.02629078 -0.01524982 -0.04852739
v -0.02348904 -0.01632799 -0.04860237
v -0.02544334 -0.01548224 -0.04856709
v -0.02255513 -0.01632799 -0.04867295
v -0.01975915 -0.01725766 -0.04867736
v -0.01975915 -0.01804530 -0.04854062
v -0.02069307 -0.01790327 -0.04850975
v -0.01913655 -0.01861344 -0.04845682
v -0.01602351 -0.02192541 -0.04789223
v -0.01508959 -0.02286154 -0.04772461
v -0.01882524 -0.01825835 -0.04855385
v -0.01851394 -0.01870382 -0.04847446
v -0.01789133 -0.01923968 -0.04839065
v -0.00109820 -0.03143521 -0.03493312
v -0.00011241 -0.03162889 -0.03394950
v -0.00016429 -0.03136419 -0.03493312
v -0.00016429 -0.03053136 -0.03773402
v -0.00016429 -0.03087998 -0.03662248
v -0.00109820 -0.03091226 -0.03672393
v -0.00109820 -0.03117051 -0.03586822
v 0.00263168 -0.03169991 -0.03245863
v 0.00153059 -0.03175155 -0.03274092
v 0.00076962 -0.03128672 -0.03493312
v 0.00169777 -0.03119633 -0.03493312
v 0.00263168 -0.03109949 -0.03493312
v 0.00263168 -0.03133836 -0.03400243
v 0.00263168 -0.03156433 -0.03306733
v 0.00169777 -0.03203562 -0.03120153
v 0.00263168 -0.03192587 -0.03120153
v 0.00356560 -0.03180320 -0.03122800
v 0.00424585 -0.03175801 -0.03093247
v 0.00486846 -0.03170636 -0.03062371
v 0.00578508 -0.03170636 -0.02933574
v 0.00544495 -0.03166117 -0.03029731
v 0.00636157 -0.03151268 -0.03027084
v 0.00551413 -0.03180320 -0.02847121
v 0.00596956 -0.03173864 -0.02820656
v 0.00542766 -0.03184839 -0.02746994
v 0.00602720 -0.03174510 -0.02746994
v 0.00649416 -0.03166117 -0.02746994
v 0.00729548 -0.03149977 -0.02746994
v 0.00729548 -0.03146103 -0.02653484
v 0.00633274 -0.03164826 -0.02651279
v 0.00583120 -0.03171282 -0.02619080
v 0.00263168 -0.03016981 -0.01907608
v 0.00263168 -0.02989866 -0.01853795
v 0.00169777 -0.02969852 -0.01796013
v 0.00169777 -0.02925951 -0.01721029
v 0.00169777 -0.02894962 -0.01669863
v 0.00169777 -0.02865909 -0.01623108
v 0.00076962 -0.02869783 -0.01616491
v 0.00356560 -0.03191296 -0.02467346
v 0.00566401 -0.03168699 -0.02560856
v 0.00503564 -0.03173218 -0.02507485
v 0.00356560 -0.03177092 -0.02398978
v 0.00407867 -0.03173218 -0.02417503
v 0.00356560 -0.03166763 -0.02352664
v 0.00356560 -0.03149331 -0.02280767
v 0.00356560 -0.03120279 -0.02187698
v 0.00356560 -0.03091226 -0.02108302
v 0.00268357 -0.03096391 -0.02086689
v 0.00356560 -0.03073795 -0.02061547
v 0.00449951 -0.03033122 -0.02001118
v 0.00268357 -0.03062820 -0.02005529
v -0.00016429 -0.02872365 -0.01611639
v -0.00016429 -0.02825882 -0.01542830
v -0.00016429 -0.02792956 -0.01496516
v -0.00016429 -0.02752282 -0.01440939
v -0.00016429 -0.02711609 -0.01387126
v -0.00109820 -0.02754865 -0.01440939
v -0.00109820 -0.02712255 -0.01385803
v -0.00109820 -0.02674809 -0.01339048
v -0.00202635 -0.02674164 -0.01339048
v -0.00202635 -0.02627680 -0.01283912
v -0.00202635 -0.02585070 -0.01237157
v -0.00296026 -0.02536004 -0.01190843
v -0.00296026 -0.02486292 -0.01144529
v -0.00389417 -0.02479836 -0.01149381
v -0.00389417 -0.02433352 -0.01108360
v -0.00447643 -0.02428187 -0.01112771
v -0.00572741 -0.02479190 -0.01176728
v -0.00576200 -0.02413338 -0.01123357
v -0.00301791 -0.01515298 -0.00390713
v -0.00964177 -0.01298374 -0.00390713
v -0.02806636 -0.01135035 -0.00823860
v -0.01135971 -0.02399780 -0.04743350
v -0.01416145 -0.02286154 -0.04775108
v -0.01229362 -0.02351360 -0.04760111
v -0.00576200 -0.02577323 -0.04635725
v -0.00762982 -0.02534713 -0.04670129
v -0.00482809 -0.02638656 -0.04587205
v -0.00576200 -0.02687076 -0.04550154
v -0.01042580 -0.02472734 -0.04706739
v -0.00949188 -0.02534067 -0.04670129
v -0.00855797 -0.02472734 -0.04708063
v -0.00482809 -0.02685139 -0.04548389
v -0.00296026 -0.02774233 -0.04443852
v -0.00202635 -0.02770359 -0.04439882
v -0.00109820 -0.02805222 -0.04387834
v -0.00109820 -0.02840085 -0.04333140
v -0.00389417 -0.02681266 -0.04545302
v -0.00202635 -0.02723230 -0.04490607
v -0.00016429 -0.02876239 -0.04254626
v 0.00076962 -0.02894962 -0.04198609
v 0.00161130 -0.02907228 -0.04152294
v 0.00076962 -0.02953712 -0.04053491
v 0.00076962 -0.02978245 -0.03983800
v 0.00076962 -0.02993740 -0.03937486
v 0.00076962 -0.03016336 -0.03866912
v -0.02806636 -0.01437180 -0.04833772
v -0.02806636 -0.01377784 -0.04843917
v -0.02806636 -0.01352605 -0.04847005
v -0.02806636 -0.01271258 -0.04856268
v -0.02806636 -0.01175063 -0.04866854
v -0.02722469 -0.01352605 -0.04863325
v -0.02629078 -0.01352605 -0.04873470
v -0.02442295 -0.01446218 -0.04879204
v -0.02348904 -0.01539186 -0.04876117
v -0.02442295 -0.01539186 -0.04867736
v -0.02255513 -0.01539186 -0.04881851
v -0.01882524 -0.01725766 -0.04871706
v -0.01789133 -0.01819379 -0.04860678
v -0.01602351 -0.02005960 -0.04829803
v -0.01508959 -0.02192541 -0.04793193
v -0.01789133 -0.01877484 -0.04848769
v -0.00016429 -0.03110595 -0.03586822
v 0.00076962 -0.03069921 -0.03696211
v 0.00076962 -0.03084125 -0.03649898
v 0.00356560 -0.03164180 -0.03211899
v 0.00326006 -0.03174510 -0.03179259
v 0.00356560 -0.03145457 -0.03306733
v 0.00076962 -0.03102202 -0.03586822
v 0.00263168 -0.03088644 -0.03573149
v 0.00356560 -0.03083479 -0.03555505
v 0.00356560 -0.03099619 -0.03493312
v 0.00356560 -0.03122861 -0.03400243
v 0.00449951 -0.03151268 -0.03213664
v 0.00542766 -0.03137710 -0.03213664
v 0.00542766 -0.03153205 -0.03120153
v 0.00588308 -0.03171927 -0.02882849
v 0.00636157 -0.03160307 -0.02933574
v 0.00636157 -0.03137710 -0.03120153
v 0.00729548 -0.03120924 -0.03120153
v 0.00729548 -0.03133836 -0.03027084
v 0.00631545 -0.03166117 -0.02847121
v 0.00729548 -0.03147394 -0.02840505
v 0.00822939 -0.03130608 -0.02746994
v 0.00636157 -0.03155787 -0.02560856
v 0.00822939 -0.03126735 -0.02653484
v 0.00449951 -0.02998905 -0.01927457
v 0.00449951 -0.02976308 -0.01880702
v 0.00375007 -0.02981473 -0.01869233
v 0.00449951 -0.02941445 -0.01814539
v 0.00449951 -0.02904646 -0.01747053
v 0.00263168 -0.02964042 -0.01807040
v 0.00356560 -0.02911102 -0.01735584
v 0.00254521 -0.02912393 -0.01715294
v 0.00217049 -0.02892379 -0.01674274
v 0.00254521 -0.02864618 -0.01636781
v 0.00263168 -0.02813615 -0.01559591
v 0.00169777 -0.02818780 -0.01552534
v 0.00076962 -0.02822654 -0.01546800
v 0.00538154 -0.03161598 -0.02472639
v 0.00470128 -0.03168054 -0.02445292
v 0.00636157 -0.03142875 -0.02467346
v 0.00542766 -0.03140938 -0.02374277
v 0.00443609 -0.03159015 -0.02381334
v 0.00449951 -0.03133836 -0.02280767
v 0.00535848 -0.03090581 -0.02185492
v 0.00449951 -0.03105430 -0.02187698
v 0.00449951 -0.03066693 -0.02081396
v 0.00542766 -0.03017627 -0.02001118
v 0.00542766 -0.02991157 -0.01942895
v 0.00076962 -0.02790373 -0.01500044
v 0.00076962 -0.02747763 -0.01440939
v 0.00076962 -0.02709672 -0.01389773
v -0.00016429 -0.02674809 -0.01340371
v -0.00016429 -0.02627680 -0.01283030
v -0.00109820 -0.02627680 -0.01283030
v -0.00109820 -0.02586361 -0.01236275
v -0.00109820 -0.02539878 -0.01185991
v -0.00202635 -0.02538586 -0.01188197
v -0.00202635 -0.02490166 -0.01141442
v -0.00202635 -0.02443682 -0.01099538
v -0.00296026 -0.02439808 -0.01103067
v -0.00176116 -0.01536603 -0.00390713
v -0.00202635 -0.01532730 -0.00390713
v -0.00277002 -0.01519817 -0.00390713
v -0.00509904 -0.02421086 -0.01117623
v -0.01029897 -0.01269322 -0.00390713
v -0.02806636 -0.01128579 -0.00819890
v -0.01042580 -0.02400426 -0.04743791
v -0.01135971 -0.02353297 -0.04760552
v -0.01322753 -0.02286154 -0.04776431
v -0.01416145 -0.02192541 -0.04795839
v -0.00576200 -0.02530839 -0.04667483
v -0.00482809 -0.02574095 -0.04633960
v -0.00762982 -0.02472734 -0.04706739
v -0.00296026 -0.02629617 -0.04580148
v -0.00855797 -0.02399780 -0.04744232
v -0.00109820 -0.02764549 -0.04434589
v -0.00109820 -0.02718065 -0.04484873
v -0.00043524 -0.02801349 -0.04382982
v -0.00014123 -0.02824590 -0.04341520
v 0.00076962 -0.02824590 -0.04325641
v -0.00202635 -0.02670936 -0.04537363
v 0.00076962 -0.02871074 -0.04245364
v 0.00125387 -0.02892379 -0.04193757
v 0.00186495 -0.02889151 -0.04187140
v 0.00263168 -0.02905937 -0.04130681
v 0.00263168 -0.02936926 -0.04053491
v 0.00169777 -0.02974371 -0.03971890
v 0.00169777 -0.02989866 -0.03925576
v 0.00230885 -0.02987284 -0.03917195
v -0.02806636 -0.01082095 -0.04873911
v -0.02722469 -0.01259638 -0.04871265
v -0.02722469 -0.01166024 -0.04877881
v -0.02629078 -0.01259638 -0.04879645
v -0.02348904 -0.01446218 -0.04885820
v -0.02255513 -0.01446218 -0.04889349
v -0.02162698 -0.01539186 -0.04884056
v -0.01882524 -0.01632799 -0.04882292
v -0.01789133 -0.01725766 -0.04874352
v -0.01602351 -0.01819379 -0.04866413
v -0.01602351 -0.01895561 -0.04852739
v -0.01508959 -0.02005960 -0.04833331
v -0.01508959 -0.01951083 -0.04844800
v 0.00169777 -0.03037641 -0.03773402
v 0.00263168 -0.03029248 -0.03773402
v 0.00142682 -0.03080897 -0.03639753
v 0.00449951 -0.03111240 -0.03400243
v 0.00449951 -0.03132545 -0.03306733
v 0.00263168 -0.03075086 -0.03619904
v 0.00356560 -0.03047325 -0.03680332
v 0.00449951 -0.03036350 -0.03680332
v 0.00410750 -0.03080251 -0.03544037
v 0.00542766 -0.03118987 -0.03306733
v 0.00636157 -0.03104784 -0.03306733
v 0.00636157 -0.03122861 -0.03213664
v 0.00729548 -0.03142875 -0.02933574
v 0.00729548 -0.03106721 -0.03213664
v 0.00884624 -0.03082188 -0.03184993
v 0.00822939 -0.03103493 -0.03120153
v 0.00822939 -0.03115114 -0.03027084
v 0.00822939 -0.03128026 -0.02840505
v 0.00916330 -0.03108012 -0.02840505
v 0.00916330 -0.03109949 -0.02746994
v 0.00729548 -0.03136419 -0.02560856
v 0.00916330 -0.03105430 -0.02653484
v 0.00916330 -0.03095746 -0.02560856
v 0.00822939 -0.03116405 -0.02560856
v 0.00542766 -0.02968561 -0.01896581
v 0.00542766 -0.02925951 -0.01814539
v 0.00542766 -0.02896899 -0.01760285
v 0.00449951 -0.02876885 -0.01700298
v 0.00356560 -0.02883986 -0.01689270
v 0.00279310 -0.02888506 -0.01680449
v 0.00356560 -0.02845896 -0.01627518
v 0.00429774 -0.02803285 -0.01575029
v 0.00356560 -0.02807805 -0.01567972
v 0.00356560 -0.02776815 -0.01521217
v 0.00263168 -0.02781980 -0.01512836
v 0.00169777 -0.02786500 -0.01505779
v 0.00729548 -0.03123507 -0.02467346
v 0.00878859 -0.03081542 -0.02411769
v 0.00636157 -0.03123507 -0.02374277
v 0.00542766 -0.03118342 -0.02280767
v 0.00636157 -0.03084125 -0.02219456
v 0.00562366 -0.03074440 -0.02153293
v 0.00500105 -0.03079605 -0.02139178
v 0.00535848 -0.03060237 -0.02102568
v 0.00636157 -0.03038287 -0.02094187
v 0.00629815 -0.03000196 -0.01998913
v 0.00594073 -0.02986638 -0.01952599
v 0.00170353 -0.02734205 -0.01432999
v 0.00139223 -0.02707090 -0.01392420
v 0.00076962 -0.02672873 -0.01343018
v 0.00076962 -0.02625743 -0.01284795
v 0.00076962 -0.02585716 -0.01238039
v -0.00016429 -0.02587007 -0.01236275
v -0.00016429 -0.02540523 -0.01185109
v -0.00016429 -0.02494685 -0.01138795
v -0.00109820 -0.02492748 -0.01139677
v -0.00109820 -0.02446264 -0.01096451
v 0.00076962 -0.01564364 -0.00390713
v -0.00000287 -0.01557908 -0.00390713
v -0.00086184 -0.01548870 -0.00390713
v -0.01085816 -0.01240915 -0.00390713
v -0.02806636 -0.01004623 -0.00747993
v -0.02806636 -0.01073057 -0.00786367
v -0.01135971 -0.02286154 -0.04778196
v -0.00949188 -0.02353297 -0.04760111
v -0.01229362 -0.02192541 -0.04798044
v -0.01416145 -0.02005960 -0.04835537
v -0.01229362 -0.02008542 -0.04837742
v -0.01229362 -0.02098927 -0.04818334
v -0.00482809 -0.02527611 -0.04665278
v -0.00669591 -0.02472734 -0.04704093
v -0.00576200 -0.02472734 -0.04701005
v -0.00482809 -0.02472734 -0.04697036
v -0.00389417 -0.02522446 -0.04662190
v -0.00389417 -0.02568930 -0.04630432
v -0.00762982 -0.02397198 -0.04743350
v -0.00202635 -0.02624452 -0.04575737
v -0.00202635 -0.02565702 -0.04616758
v -0.00855797 -0.02353297 -0.04759670
v -0.00014123 -0.02764549 -0.04419151
v 0.00018737 -0.02797475 -0.04377689
v -0.00100596 -0.02653504 -0.04538686
v 0.00034879 -0.02706444 -0.04473846
v 0.00070621 -0.02738725 -0.04433266
v 0.00076962 -0.02793601 -0.04372397
v 0.00169777 -0.02818780 -0.04315496
v 0.00161130 -0.02869137 -0.04230808
v -0.00125385 -0.02618642 -0.04571326
v 0.00263168 -0.02884632 -0.04176995
v 0.00356560 -0.02900127 -0.04117008
v 0.00356560 -0.02925951 -0.04053491
v 0.00356560 -0.02959522 -0.03959981
v 0.00292569 -0.02984055 -0.03908374
v 0.00262015 -0.02971789 -0.03952924
v 0.00262015 -0.02998259 -0.03873087
v -0.02806636 -0.00988482 -0.04879204
v -0.02722469 -0.01073057 -0.04882733
v -0.02629078 -0.01166024 -0.04883615
v -0.02722469 -0.00979444 -0.04886702
v -0.02255513 -0.01259638 -0.04892437
v -0.01975915 -0.01446218 -0.04892437
v -0.01882524 -0.01539186 -0.04890231
v -0.02722469 -0.00886476 -0.04889349
v -0.02722469 -0.00792863 -0.04891554
v -0.02348904 -0.01166024 -0.04892437
v -0.01602351 -0.01632799 -0.04887144
v -0.01508959 -0.01725766 -0.04880528
v -0.01602351 -0.01725766 -0.04878763
v -0.01508959 -0.01819379 -0.04869059
v -0.01508959 -0.01903954 -0.04854062
v -0.01416145 -0.01909119 -0.04854945
v -0.01416145 -0.01955603 -0.04845682
v 0.00356560 -0.03019564 -0.03773402
v 0.00356560 -0.02995677 -0.03851033
v 0.00444762 -0.03087998 -0.03495517
v 0.00594073 -0.03079605 -0.03449645
v 0.00542766 -0.03024729 -0.03680332
v 0.00449951 -0.03008589 -0.03773402
v 0.00568131 -0.02982764 -0.03811335
v 0.00542766 -0.03050553 -0.03586822
v 0.00542766 -0.03071212 -0.03509632
v 0.00656334 -0.03075086 -0.03428031
v 0.00698994 -0.03081542 -0.03365838
v 0.00730125 -0.03088644 -0.03308497
v 0.00916330 -0.03104139 -0.02933574
v 0.00795268 -0.03082833 -0.03278503
v 0.00857529 -0.03077023 -0.03247186
v 0.00825245 -0.03088644 -0.03214987
v 0.00916330 -0.03070567 -0.03214987
v 0.01009722 -0.03050553 -0.03213664
v 0.00946884 -0.03075732 -0.03139120
v 0.00916330 -0.03085416 -0.03113096
v 0.00916330 -0.03095746 -0.03027084
v 0.00992427 -0.03086061 -0.02933574
v 0.00999921 -0.03087998 -0.02840505
v 0.01001651 -0.03089290 -0.02746994
v 0.00992427 -0.03086707 -0.02653484
v 0.00973403 -0.03081542 -0.02560856
v 0.00963026 -0.03078960 -0.02514101
v 0.00822939 -0.03103493 -0.02467346
v 0.00729548 -0.02904000 -0.01839240
v 0.00627509 -0.02909165 -0.01811451
v 0.00590614 -0.02892379 -0.01767343
v 0.00627509 -0.02863972 -0.01730291
v 0.00542766 -0.02869137 -0.01713530
v 0.00542766 -0.02822654 -0.01635899
v 0.00456292 -0.02826527 -0.01619138
v 0.00492035 -0.02798121 -0.01582087
v 0.00456292 -0.02775524 -0.01540183
v 0.00449951 -0.02723230 -0.01462552
v 0.00356560 -0.02729686 -0.01454172
v 0.00263168 -0.02734851 -0.01447114
v 0.00817174 -0.03086707 -0.02377806
v 0.00729548 -0.03104139 -0.02374277
v 0.00912295 -0.03084770 -0.02476609
v 0.00941119 -0.03073795 -0.02451908
v 0.01103113 -0.03014399 -0.02374277
v 0.01009722 -0.03038932 -0.02374277
v 0.00912295 -0.03064756 -0.02377806
v 0.00916330 -0.03039578 -0.02280767
v 0.00844846 -0.03073795 -0.02349576
v 0.00636157 -0.03100911 -0.02280767
v 0.00684582 -0.03079605 -0.02233129
v 0.00636157 -0.03067339 -0.02172701
v 0.00729548 -0.03018918 -0.02094187
v 0.00786044 -0.02987929 -0.02042580
v 0.00729548 -0.02993740 -0.02029348
v 0.00721477 -0.03058301 -0.02196078
v 0.00729548 -0.02973080 -0.01983034
v 0.00729548 -0.02937572 -0.01907608
v 0.00263168 -0.02701279 -0.01400359
v 0.00201484 -0.02704507 -0.01396389
v 0.00263168 -0.02619287 -0.01293175
v 0.00169777 -0.02622515 -0.01288764
v 0.00169777 -0.02582488 -0.01242009
v 0.00263168 -0.02532776 -0.01192608
v 0.00169777 -0.02536004 -0.01189079
v 0.00076962 -0.02538586 -0.01186874
v 0.00076962 -0.02493394 -0.01140118
v 0.00076962 -0.02446910 -0.01095569
v -0.00016429 -0.02447555 -0.01095128
v -0.00016429 -0.02390742 -0.01048373
v 0.00169777 -0.01565656 -0.00390713
v -0.01338319 -0.01111148 -0.00390713
v -0.02806636 -0.00886476 -0.00684477
v -0.00949188 -0.02286154 -0.04777313
v -0.01135971 -0.02098927 -0.04818775
v -0.01042580 -0.02098927 -0.04818775
v -0.01321600 -0.01921385 -0.04854062
v -0.01135971 -0.02010479 -0.04837742
v -0.01229362 -0.01912347 -0.04857150
v -0.01135971 -0.01912347 -0.04858032
v -0.01135971 -0.01963995 -0.04847446
v -0.00669591 -0.02392679 -0.04742027
v -0.00576200 -0.02387514 -0.04740262
v -0.00389417 -0.02379121 -0.04732322
v -0.00389417 -0.02472734 -0.04690420
v -0.00340992 -0.02519218 -0.04659984
v -0.00304674 -0.02556663 -0.04631755
v -0.00762982 -0.02350714 -0.04758788
v -0.00279308 -0.02514699 -0.04657338
v -0.00202635 -0.02508888 -0.04653809
v -0.00109820 -0.02499850 -0.04648075
v -0.00100596 -0.02575386 -0.04597350
v -0.00855797 -0.02286154 -0.04776431
v 0.00070621 -0.02665771 -0.04502076
v 0.00097139 -0.02700634 -0.04468553
v 0.00169777 -0.02738725 -0.04413858
v 0.00169777 -0.02785208 -0.04362251
v 0.00263168 -0.02849769 -0.04240071
v 0.00263168 -0.02811033 -0.04303587
v -0.00063125 -0.02612185 -0.04566474
v 0.00356560 -0.02878176 -0.04163763
v 0.00426315 -0.02895607 -0.04106863
v 0.00542766 -0.02936926 -0.03959981
v 0.00449951 -0.02948547 -0.03959981
v 0.00454563 -0.02910456 -0.04060990
v 0.00449951 -0.02975663 -0.03881027
v 0.00356560 -0.02980827 -0.03897788
v -0.02806636 -0.00895515 -0.04884056
v -0.02806636 -0.00886476 -0.04884497
v -0.02806636 -0.00801902 -0.04887584
v -0.01882524 -0.01446218 -0.04892878
v -0.02722469 -0.00606283 -0.04894201
v -0.02722469 -0.00419702 -0.04895524
v -0.01416145 -0.01539186 -0.04893760
v -0.01602351 -0.01539186 -0.04892878
v -0.01416145 -0.01632799 -0.04889349
v -0.01508959 -0.01632799 -0.04888467
v -0.02806636 -0.00708934 -0.04889790
v -0.02806636 -0.00615321 -0.04891995
v -0.02806636 -0.00522354 -0.04893319
v -0.01416145 -0.01725766 -0.04881410
v -0.01229362 -0.01819379 -0.04872588
v -0.01416145 -0.01819379 -0.04870382
v 0.00539307 -0.02971789 -0.03859413
v 0.00636157 -0.03037641 -0.03586822
v 0.00729548 -0.03023437 -0.03586822
v 0.00729548 -0.03047325 -0.03493312
v 0.00636157 -0.02992448 -0.03749142
v 0.00636157 -0.03011817 -0.03680332
v 0.00505870 -0.02986638 -0.03823686
v 0.00636157 -0.02978245 -0.03795456
v 0.00822939 -0.03053136 -0.03400243
v 0.00730125 -0.03069276 -0.03398038
v 0.00976285 -0.03082188 -0.03027084
v 0.01022981 -0.03071212 -0.03027084
v 0.00825245 -0.03071212 -0.03308497
v 0.00916330 -0.03035704 -0.03400243
v 0.00916330 -0.03053781 -0.03306733
v 0.01009722 -0.03034413 -0.03306733
v 0.01103113 -0.03013108 -0.03306733
v 0.01103113 -0.03028602 -0.03213664
v 0.01001074 -0.03066693 -0.03113096
v 0.00964756 -0.03079605 -0.03076927
v 0.01103113 -0.03058946 -0.02933574
v 0.01046617 -0.03076377 -0.02840505
v 0.01103113 -0.03062174 -0.02840505
v 0.01048347 -0.03077023 -0.02746994
v 0.01103113 -0.03057655 -0.02653484
v 0.01020098 -0.03069276 -0.02560856
v 0.01103113 -0.03047325 -0.02560856
v 0.01103113 -0.03033767 -0.02467346
v 0.01000498 -0.03062820 -0.02476609
v 0.00795844 -0.02896899 -0.01852472
v 0.00729548 -0.02878821 -0.01792485
v 0.00652875 -0.02886569 -0.01778811
v 0.00729548 -0.02838794 -0.01721029
v 0.00729548 -0.02805222 -0.01663687
v 0.00636157 -0.02814261 -0.01649573
v 0.00542766 -0.02793601 -0.01589144
v 0.00641922 -0.02734851 -0.01526069
v 0.00614827 -0.02710318 -0.01481519
v 0.00542766 -0.02716128 -0.01473138
v 0.00449951 -0.02690304 -0.01416238
v 0.00356560 -0.02696115 -0.01407416
v 0.01009722 -0.03015690 -0.02280767
v 0.01242047 -0.02985347 -0.02422355
v 0.01176327 -0.02993740 -0.02374277
v 0.01154420 -0.02987284 -0.02321347
v 0.01126172 -0.02979536 -0.02259153
v 0.01098501 -0.02993740 -0.02286501
v 0.01063912 -0.02987929 -0.02228277
v 0.01009722 -0.02995031 -0.02208429
v 0.00822939 -0.03033122 -0.02187698
v 0.00817174 -0.03064111 -0.02286942
v 0.00819480 -0.02999550 -0.02092423
v 0.00848305 -0.02980827 -0.02059783
v 0.00819480 -0.02964687 -0.02007293
v 0.00825245 -0.02914330 -0.01901433
v 0.00333500 -0.02615413 -0.01297145
v 0.00263168 -0.02661252 -0.01347870
v 0.00263168 -0.02579260 -0.01246420
v 0.00356560 -0.02527611 -0.01197901
v 0.00263168 -0.02488229 -0.01145852
v 0.00169777 -0.02491457 -0.01142765
v 0.00169777 -0.02444327 -0.01097333
v 0.00169777 -0.02388805 -0.01050578
v 0.00076962 -0.02390742 -0.01049255
v 0.00356560 -0.01559199 -0.00390713
v -0.01408074 -0.01070474 -0.00390713
v -0.02806636 -0.00825789 -0.00653601
v -0.00855797 -0.02007897 -0.04837301
v -0.00855797 -0.02098927 -0.04817452
v -0.01042580 -0.02010479 -0.04837742
v -0.01135971 -0.01819379 -0.04873029
v -0.01042580 -0.01912347 -0.04858032
v -0.01042580 -0.01963995 -0.04847446
v -0.00669591 -0.02345549 -0.04757464
v -0.00576200 -0.02340385 -0.04755700
v -0.00506445 -0.02336511 -0.04754377
v -0.00478773 -0.02372020 -0.04740703
v -0.00444760 -0.02330701 -0.04752613
v -0.00202635 -0.02379121 -0.04717326
v -0.00202635 -0.02462404 -0.04680274
v -0.00762982 -0.02286154 -0.04774667
v -0.00109820 -0.02452720 -0.04674981
v -0.00016429 -0.02440454 -0.04668365
v 0.00115011 -0.02423023 -0.04658661
v 0.00080998 -0.02466924 -0.04638371
v -0.00016429 -0.02487583 -0.04641018
v 0.00076962 -0.02550207 -0.04587205
v -0.00016429 -0.02607021 -0.04562946
v 0.00076962 -0.02596691 -0.04555447
v 0.00169777 -0.02645112 -0.04499429
v 0.00169777 -0.02691595 -0.04460614
v 0.00263168 -0.02727749 -0.04402390
v 0.00263168 -0.02774233 -0.04350342
v 0.00399220 -0.02798121 -0.04285502
v 0.00363477 -0.02827818 -0.04248892
v 0.00449951 -0.02823945 -0.04231249
v 0.00454563 -0.02874302 -0.04141267
v 0.00488576 -0.02891088 -0.04097600
v 0.00542766 -0.02905937 -0.04040259
v 0.00636157 -0.02923368 -0.03959981
v 0.00636157 -0.02955649 -0.03866912
v -0.01229362 -0.01539186 -0.04894642
v -0.02806636 -0.00326089 -0.04895524
v -0.02806636 -0.00242160 -0.04895965
v -0.02722469 -0.00233121 -0.04896407
v -0.01229362 -0.01632799 -0.04890672
v -0.01042580 -0.01725766 -0.04883174
v 0.00696688 -0.02987929 -0.03734145
v 0.00822939 -0.02991157 -0.03652103
v 0.00875400 -0.02986638 -0.03637547
v 0.00822939 -0.03031185 -0.03493312
v 0.00728395 -0.02972434 -0.03768550
v 0.00916330 -0.03014399 -0.03493312
v 0.01103113 -0.03041515 -0.03120153
v 0.01103113 -0.03051199 -0.03027084
v 0.01007992 -0.02995677 -0.03492871
v 0.01071406 -0.02989220 -0.03461554
v 0.01009722 -0.03015690 -0.03400243
v 0.01102536 -0.02995677 -0.03399361
v 0.01160762 -0.02988575 -0.03368044
v 0.01179786 -0.02994385 -0.03306733
v 0.01204575 -0.03001487 -0.03221162
v 0.01195928 -0.03026666 -0.03027084
v 0.01195928 -0.03033767 -0.02933574
v 0.01195928 -0.03036995 -0.02840505
v 0.01103113 -0.03062174 -0.02746994
v 0.01195928 -0.03036350 -0.02746994
v 0.01195928 -0.03031185 -0.02653484
v 0.01195928 -0.03020855 -0.02560856
v 0.01205152 -0.03002778 -0.02458965
v 0.00858105 -0.02889797 -0.01866587
v 0.00825245 -0.02871720 -0.01818509
v 0.00816598 -0.02818134 -0.01717941
v 0.00780856 -0.02800057 -0.01672509
v 0.00729548 -0.02776815 -0.01617373
v 0.00636157 -0.02785208 -0.01602817
v 0.00729548 -0.02729686 -0.01544153
v 0.00677087 -0.02704507 -0.01489459
v 0.00641922 -0.02680620 -0.01446673
v 0.00542766 -0.02682557 -0.01426383
v 0.00636157 -0.02628326 -0.01373012
v 0.00542766 -0.02636073 -0.01362867
v 0.00542766 -0.02601210 -0.01316112
v 0.00449951 -0.02643175 -0.01354045
v 0.00395761 -0.02611540 -0.01302438
v 0.00361748 -0.02643820 -0.01339048
v 0.01289319 -0.02976308 -0.02458965
v 0.01382710 -0.02945319 -0.02467346
v 0.01382710 -0.02925305 -0.02374277
v 0.01289319 -0.02957586 -0.02374277
v 0.01223023 -0.02979536 -0.02374277
v 0.01258189 -0.02990512 -0.02484548
v 0.01190163 -0.02967270 -0.02286501
v 0.01348121 -0.02896899 -0.02222102
v 0.01195928 -0.02934344 -0.02187698
v 0.01098501 -0.02965978 -0.02193432
v 0.01009722 -0.02978245 -0.02161674
v 0.00958991 -0.02984701 -0.02143589
v 0.00923248 -0.03006652 -0.02179758
v 0.00896730 -0.02992448 -0.02121976
v 0.00923248 -0.02975017 -0.02092423
v 0.01103113 -0.02901418 -0.02026701
v 0.00916330 -0.02938863 -0.02001118
v 0.00916330 -0.02905291 -0.01927898
v 0.00361748 -0.02581842 -0.01261417
v 0.00495493 -0.02519218 -0.01208046
v 0.00356560 -0.02483064 -0.01151587
v 0.00356560 -0.02436580 -0.01104390
v 0.00263168 -0.02441745 -0.01099980
v 0.00263168 -0.02386223 -0.01053224
v 0.00453410 -0.01551452 -0.00390713
v -0.01414415 -0.01066601 -0.00390713
v -0.02806636 -0.00779305 -0.00635075
v -0.00762982 -0.02098927 -0.04815688
v -0.00949188 -0.01962704 -0.04847446
v -0.00855797 -0.01961413 -0.04847005
v -0.00803913 -0.01960122 -0.04846564
v -0.01042580 -0.01819379 -0.04873029
v -0.00855797 -0.01912347 -0.04857150
v -0.00576200 -0.02286154 -0.04768492
v -0.00389417 -0.01886522 -0.04851416
v -0.00165740 -0.01863281 -0.04846123
v -0.00389417 -0.02321662 -0.04750848
v -0.00109820 -0.01856179 -0.04844800
v 0.00636157 -0.01618595 -0.04857591
v -0.00296026 -0.02305522 -0.04747319
v -0.00109820 -0.02286154 -0.04735851
v -0.00109820 -0.02379121 -0.04707180
v -0.00482809 -0.01893624 -0.04852739
v 0.00080998 -0.02386869 -0.04678069
v 0.00169777 -0.02364272 -0.04673217
v 0.00246450 -0.02346841 -0.04666160
v 0.00169777 -0.02411401 -0.04652927
v 0.00169777 -0.02472734 -0.04618522
v 0.00169777 -0.02537295 -0.04578825
v 0.00169777 -0.02583779 -0.04546184
v 0.00263168 -0.02631554 -0.04488402
v 0.00263168 -0.02678038 -0.04448704
v 0.00413632 -0.02709027 -0.04382982
v 0.00356560 -0.02716128 -0.04390481
v 0.00335806 -0.02620578 -0.04479580
v 0.00363477 -0.02769714 -0.04328288
v 0.00449951 -0.02792310 -0.04278004
v 0.00542766 -0.02814261 -0.04215370
v 0.00542766 -0.02854934 -0.04146560
v 0.00542766 -0.02886569 -0.04086573
v 0.00693806 -0.02894316 -0.04010706
v 0.00729548 -0.02940800 -0.03866912
v 0.00726666 -0.02906583 -0.03963951
v -0.01042580 -0.01539186 -0.04894642
v -0.01135971 -0.01632799 -0.04891113
v -0.02722469 0.00046427 -0.04896848
v -0.02806636 -0.00055579 -0.04896407
v -0.00855797 -0.01632799 -0.04890672
v -0.00855797 -0.01725766 -0.04882292
v 0.00822939 -0.02955649 -0.03773402
v 0.00822939 -0.02977599 -0.03698858
v 0.00910566 -0.02969206 -0.03673275
v 0.00937661 -0.02980827 -0.03613287
v 0.00975709 -0.02988575 -0.03551094
v 0.01195928 -0.03017627 -0.03120153
v 0.01037970 -0.02982119 -0.03523747
v 0.01102536 -0.02974371 -0.03492871
v 0.01133667 -0.02982119 -0.03430237
v 0.01193622 -0.02972434 -0.03399361
v 0.01289319 -0.02944028 -0.03400243
v 0.01289319 -0.02962750 -0.03306733
v 0.01241470 -0.02985347 -0.03257772
v 0.01257612 -0.02990512 -0.03195579
v 0.01273754 -0.02995031 -0.03120153
v 0.01296237 -0.02997613 -0.03024879
v 0.01289319 -0.03006006 -0.02933574
v 0.01289319 -0.03008589 -0.02840505
v 0.01289319 -0.03007298 -0.02746994
v 0.01341780 -0.02987284 -0.02679949
v 0.01296813 -0.02999550 -0.02650838
v 0.01333132 -0.02984701 -0.02618197
v 0.01275483 -0.02996322 -0.02560856
v 0.00916330 -0.02882695 -0.01881143
v 0.01009722 -0.02822008 -0.01809246
v 0.00916330 -0.02847832 -0.01814539
v 0.00979168 -0.02803285 -0.01760285
v 0.00916330 -0.02811033 -0.01747053
v 0.00916330 -0.02784563 -0.01700298
v 0.00843116 -0.02792956 -0.01684860
v 0.00921519 -0.02734851 -0.01620020
v 0.00816598 -0.02769068 -0.01635899
v 0.00822939 -0.02720002 -0.01560032
v 0.00729548 -0.02699343 -0.01497839
v 0.00729548 -0.02659315 -0.01440939
v 0.00729548 -0.02619287 -0.01385803
v 0.00636157 -0.02592817 -0.01326698
v 0.00449951 -0.02607666 -0.01307290
v 0.00636157 -0.02546334 -0.01268915
v 0.00542766 -0.02554081 -0.01258771
v 0.01322179 -0.02980827 -0.02560856
v 0.01382710 -0.02960168 -0.02560856
v 0.01476101 -0.02924014 -0.02560856
v 0.01480137 -0.02907874 -0.02471757
v 0.01447853 -0.02900127 -0.02374277
v 0.01432288 -0.02893671 -0.02323111
v 0.01380981 -0.02903355 -0.02287824
v 0.01289319 -0.02933052 -0.02280767
v 0.01286437 -0.02905937 -0.02189462
v 0.01410382 -0.02884632 -0.02260918
v 0.01380981 -0.02872365 -0.02189462
v 0.01286437 -0.02872365 -0.02098157
v 0.01315261 -0.02885278 -0.02159909
v 0.01253000 -0.02895607 -0.02131680
v 0.01190163 -0.02903355 -0.02098157
v 0.01154997 -0.02894316 -0.02043462
v 0.01103113 -0.02927888 -0.02094187
v 0.01009722 -0.02953066 -0.02094187
v 0.01010875 -0.02912393 -0.01996266
v 0.01042582 -0.02889151 -0.01961862
v 0.00980321 -0.02896899 -0.01944659
v 0.01010875 -0.02873011 -0.01911137
v 0.00542766 -0.02515344 -0.01212457
v 0.00537001 -0.02460468 -0.01154233
v 0.00501258 -0.02426896 -0.01113653
v 0.00361748 -0.02372020 -0.01051019
v 0.00334076 -0.02336511 -0.01018379
v 0.00542766 -0.01535312 -0.00390713
v 0.00396337 -0.02331346 -0.01021907
v 0.00449951 -0.02379121 -0.01067780
v 0.00537001 -0.02385577 -0.01084983
v -0.01465146 -0.01032384 -0.00390713
v -0.02806636 -0.00564964 -0.00552592
v -0.00576200 -0.01898789 -0.04854062
v -0.00768747 -0.01920094 -0.04854062
v -0.00855797 -0.01819379 -0.04872147
v -0.00762982 -0.01819379 -0.04870824
v -0.00669591 -0.01904600 -0.04854945
v -0.00482809 -0.01819379 -0.04865089
v -0.00389417 -0.01819379 -0.04862443
v 0.00263168 -0.01632799 -0.04871706
v 0.00356560 -0.01632799 -0.04868177
v 0.00636157 -0.01539186 -0.04873470
v 0.00729548 -0.01539186 -0.04866854
v 0.00729548 -0.01605038 -0.04853180
v -0.00016429 -0.02379121 -0.04694389
v 0.00790656 -0.01592125 -0.04848769
v 0.00916330 -0.01632799 -0.04813041
v 0.00308711 -0.02331992 -0.04659543
v 0.00960720 -0.01771604 -0.04752613
v 0.00449951 -0.02437226 -0.04573531
v 0.00356560 -0.02456594 -0.04585000
v 0.00271816 -0.02378476 -0.04645870
v 0.00356560 -0.02379121 -0.04626462
v 0.00265474 -0.02479190 -0.04592939
v 0.00236073 -0.02526320 -0.04571326
v 0.00398067 -0.02610894 -0.04472082
v 0.00362901 -0.02654796 -0.04443411
v 0.00542766 -0.02732914 -0.04315496
v 0.00446492 -0.02739370 -0.04338874
v 0.00446492 -0.02664480 -0.04412094
v 0.00475893 -0.02698697 -0.04373279
v 0.00542766 -0.02779398 -0.04262125
v 0.00676511 -0.02797475 -0.04191110
v 0.00729548 -0.02820717 -0.04133328
v 0.00726666 -0.02869783 -0.04046434
v 0.00636157 -0.02876885 -0.04068488
v 0.00756066 -0.02888506 -0.03997473
v 0.00822939 -0.02924660 -0.03866912
v 0.00822939 -0.02900127 -0.03932634
v 0.00729548 -0.01166024 -0.04892878
v 0.00542766 -0.01259638 -0.04892878
v -0.00762982 -0.01539186 -0.04893760
v -0.02806636 0.00046427 -0.04896407
v -0.02722469 0.00233007 -0.04896407
v -0.01229362 0.01539072 -0.04894642
v -0.01042580 0.01539072 -0.04894642
v 0.00729548 0.01165910 -0.04892878
v 0.00822939 0.00419588 -0.04892878
v 0.00822939 -0.00419702 -0.04892878
v -0.00389417 -0.01632799 -0.04886262
v -0.00389417 -0.01539186 -0.04891554
v -0.00016429 -0.01539186 -0.04888467
v 0.00916330 -0.02937572 -0.03773402
v 0.01009722 -0.02945965 -0.03680332
v 0.01007992 -0.02973080 -0.03584176
v 0.01103113 -0.02950484 -0.03586822
v 0.01195928 -0.02949838 -0.03493312
v 0.01289319 -0.02922077 -0.03493312
v 0.01338897 -0.02893671 -0.03543596
v 0.01353886 -0.02900127 -0.03493312
v 0.01386169 -0.02909811 -0.03399361
v 0.01382710 -0.02930470 -0.03306733
v 0.01382710 -0.02946610 -0.03213664
v 0.01289319 -0.02976308 -0.03221162
v 0.01320449 -0.02980827 -0.03120153
v 0.01331403 -0.02984055 -0.03054873
v 0.01338897 -0.02986638 -0.02992679
v 0.01345238 -0.02988575 -0.02933574
v 0.01348697 -0.02989866 -0.02840505
v 0.01346391 -0.02989220 -0.02746994
v 0.01393087 -0.02973080 -0.02746994
v 0.01376945 -0.02973080 -0.02650838
v 0.01103113 -0.02811678 -0.01837916
v 0.01040852 -0.02794893 -0.01774841
v 0.01009722 -0.02775524 -0.01725881
v 0.01009722 -0.02725812 -0.01642074
v 0.00956108 -0.02703862 -0.01583851
v 0.00893847 -0.02711609 -0.01572383
v 0.00822939 -0.02689013 -0.01513277
v 0.00816598 -0.02637364 -0.01436528
v 0.00781432 -0.02613477 -0.01392861
v 0.00729548 -0.02583133 -0.01339048
v 0.00729548 -0.02536650 -0.01280384
v 0.00636157 -0.02506306 -0.01222160
v 0.01476101 -0.02934989 -0.02653484
v 0.01547586 -0.02904000 -0.02653484
v 0.01535480 -0.02898190 -0.02560856
v 0.01526256 -0.02893671 -0.02505720
v 0.01513573 -0.02888506 -0.02443527
v 0.01494549 -0.02880113 -0.02374277
v 0.01468607 -0.02867846 -0.02287824
v 0.01483019 -0.02826527 -0.02181081
v 0.01391358 -0.02828464 -0.02085366
v 0.01217258 -0.02883986 -0.02069487
v 0.01366568 -0.02811678 -0.02020967
v 0.01295084 -0.02825236 -0.01994061
v 0.01190163 -0.02866555 -0.02007734
v 0.01193622 -0.02817489 -0.01906285
v 0.01103113 -0.02845896 -0.01907608
v 0.01103113 -0.02880113 -0.01980387
v 0.00636157 -0.02459822 -0.01172759
v 0.00563519 -0.02421086 -0.01118946
v 0.00705335 -0.01502386 -0.00390713
v 0.00636157 -0.02366209 -0.01086747
v 0.00738772 -0.01495284 -0.00390713
v -0.01688247 -0.00875501 -0.00390713
v -0.02806636 -0.00559799 -0.00551269
v -0.01738402 -0.00838701 -0.00390713
v -0.01792016 -0.00794154 -0.00390713
v -0.00669591 -0.01819379 -0.04869059
v -0.00109820 -0.01632799 -0.04881410
v -0.00016429 -0.01632799 -0.04879645
v 0.00076962 -0.01632799 -0.04876999
v 0.00449951 -0.01539186 -0.04880086
v 0.00636157 -0.01446218 -0.04881851
v 0.00729548 -0.01446218 -0.04878322
v 0.00822363 -0.01541122 -0.04854945
v 0.00822939 -0.01446218 -0.04868618
v 0.00852917 -0.01572757 -0.04843917
v 0.01009722 -0.01539186 -0.04825392
v 0.01009722 -0.01632799 -0.04793193
v 0.00449951 -0.02379121 -0.04604408
v 0.01061029 -0.01683802 -0.04755259
v 0.01009722 -0.01751591 -0.04743350
v 0.01009722 -0.01819379 -0.04708063
v 0.00990697 -0.02259684 -0.04483991
v 0.00917483 -0.02288736 -0.04497665
v 0.00886930 -0.02344258 -0.04480463
v 0.00818327 -0.02280343 -0.04540009
v 0.00729548 -0.02310687 -0.04556329
v 0.00677087 -0.02328118 -0.04564710
v 0.00614827 -0.02346841 -0.04574414
v 0.00534695 -0.02378476 -0.04581912
v 0.00497799 -0.02426896 -0.04566915
v 0.00449951 -0.02484355 -0.04544420
v 0.00356560 -0.02503723 -0.04556770
v 0.00298334 -0.02514699 -0.04563828
v 0.00362901 -0.02574095 -0.04506487
v 0.00449951 -0.02553435 -0.04497665
v 0.00449951 -0.02600565 -0.04464142
v 0.00542766 -0.02639301 -0.04402390
v 0.00636157 -0.02718065 -0.04299176
v 0.00618862 -0.02624452 -0.04389599
v 0.00644804 -0.02656732 -0.04352548
v 0.00542766 -0.02685785 -0.04361810
v 0.00690347 -0.02709027 -0.04289472
v 0.00641922 -0.02770359 -0.04236101
v 0.00724936 -0.02736788 -0.04243158
v 0.00729548 -0.02788436 -0.04180083
v 0.00822939 -0.02807805 -0.04112597
v 0.00822939 -0.02842022 -0.04053491
v 0.00822939 -0.02880113 -0.03979389
v 0.00877129 -0.02894316 -0.03917637
v 0.00911142 -0.02905937 -0.03867353
v 0.00822939 -0.00606283 -0.04892437
v 0.00822939 -0.00886476 -0.04891113
v 0.00822939 -0.01073057 -0.04889349
v 0.00822939 -0.01166024 -0.04888467
v 0.00729548 -0.01259638 -0.04891554
v 0.00636157 -0.01259638 -0.04892437
v -0.02806636 0.00233007 -0.04895965
v -0.02722469 0.00419588 -0.04895524
v -0.01416145 0.01539072 -0.04894201
v -0.01135971 0.01632685 -0.04891113
v -0.00762982 0.01539072 -0.04893760
v 0.00636157 0.01259524 -0.04892878
v -0.01042580 0.01632685 -0.04891113
v -0.00855797 0.01632685 -0.04890672
v 0.00822939 0.00979330 -0.04890672
v 0.00822939 0.00886362 -0.04891113
v 0.00822939 0.00606169 -0.04892437
v 0.00729548 0.01259524 -0.04891995
v 0.00916330 0.00233007 -0.04890672
v 0.00916330 -0.00233121 -0.04890672
v 0.00076962 -0.01539186 -0.04887144
v 0.00169777 -0.01539186 -0.04885820
v 0.00356560 -0.01539186 -0.04882733
v 0.00636157 -0.01352605 -0.04888467
v 0.00990697 -0.02898835 -0.03836918
v 0.01052958 -0.02891734 -0.03817510
v 0.01016639 -0.02912393 -0.03781341
v 0.01103113 -0.02923368 -0.03680332
v 0.01195928 -0.02924660 -0.03586822
v 0.01438053 -0.02896253 -0.03367602
v 0.01189010 -0.02900772 -0.03673275
v 0.01246082 -0.02893671 -0.03637106
v 0.01214952 -0.02883341 -0.03699299
v 0.01282401 -0.02866555 -0.03673275
v 0.01382710 -0.02818780 -0.03678127
v 0.01375216 -0.02862036 -0.03579765
v 0.01472066 -0.02812969 -0.03578000
v 0.01476101 -0.02840731 -0.03493312
v 0.01400581 -0.02878821 -0.03493312
v 0.01472066 -0.02871720 -0.03399361
v 0.01453042 -0.02902709 -0.03306733
v 0.01480713 -0.02908519 -0.03210576
v 0.01382710 -0.02960168 -0.03120153
v 0.01476101 -0.02924014 -0.03120153
v 0.01375216 -0.02971789 -0.03024879
v 0.01391934 -0.02973080 -0.02933574
v 0.01395393 -0.02974371 -0.02840505
v 0.01476101 -0.02943382 -0.02840505
v 0.01476101 -0.02940800 -0.02746994
v 0.01160762 -0.02802640 -0.01854236
v 0.01103113 -0.02785854 -0.01791161
v 0.01111760 -0.02738079 -0.01711766
v 0.01086395 -0.02714837 -0.01659718
v 0.01009722 -0.02696760 -0.01595319
v 0.01018946 -0.02647694 -0.01525186
v 0.00994156 -0.02621224 -0.01475344
v 0.00921519 -0.02682557 -0.01538419
v 0.00916330 -0.02631554 -0.01461229
v 0.00843693 -0.02606375 -0.01402123
v 0.00816598 -0.02576677 -0.01356250
v 0.00822939 -0.02525674 -0.01293175
v 0.00729548 -0.02495976 -0.01233629
v 0.00729548 -0.02449492 -0.01183345
v 0.01553927 -0.02906583 -0.02746994
v 0.01600623 -0.02885278 -0.02746994
v 0.01594282 -0.02882049 -0.02653484
v 0.01582176 -0.02876239 -0.02560856
v 0.01561998 -0.02870428 -0.02471757
v 0.01569493 -0.02843959 -0.02374277
v 0.01571799 -0.02818134 -0.02284737
v 0.01542398 -0.02809096 -0.02207987
v 0.01518185 -0.02796829 -0.02145794
v 0.01483019 -0.02789082 -0.02085366
v 0.01428830 -0.02798766 -0.02048755
v 0.01391358 -0.02788436 -0.01994061
v 0.01330250 -0.02796829 -0.01958774
v 0.01267989 -0.02807805 -0.01936279
v 0.01223023 -0.02792956 -0.01874085
v 0.00636157 -0.02412693 -0.01126004
v 0.00729548 -0.02354588 -0.01096892
v 0.00792385 -0.01479790 -0.00390713
v 0.00822939 -0.02341030 -0.01107919
v -0.02806636 -0.00512669 -0.00539359
v -0.01841017 -0.00752190 -0.00390713
v 0.00729548 -0.01352605 -0.04886262
v 0.00822939 -0.01352605 -0.04878763
v 0.00922095 -0.01541122 -0.04839947
v 0.00894424 -0.01510779 -0.04850093
v 0.00956685 -0.01485600 -0.04845682
v 0.01016063 -0.01359707 -0.04854945
v 0.01051805 -0.01395861 -0.04846123
v 0.01016063 -0.01451383 -0.04842594
v 0.01103113 -0.01446218 -0.04820540
v 0.01103113 -0.01539186 -0.04797162
v 0.01096195 -0.01626988 -0.04765845
v 0.01255883 -0.01692195 -0.04665719
v 0.01223599 -0.01754173 -0.04651163
v 0.01096195 -0.01719310 -0.04723060
v 0.01155574 -0.01592125 -0.04756141
v 0.01161338 -0.01781934 -0.04664837
v 0.01095619 -0.01815506 -0.04674981
v 0.01052382 -0.02236442 -0.04471641
v 0.00949190 -0.02321662 -0.04467230
v 0.01007416 -0.02380412 -0.04405478
v 0.00917483 -0.02376539 -0.04446940
v 0.00777397 -0.02426896 -0.04473846
v 0.00814292 -0.02376539 -0.04489284
v 0.00729548 -0.02379121 -0.04518837
v 0.00641922 -0.02378476 -0.04547948
v 0.00729548 -0.02439808 -0.04482227
v 0.00629815 -0.02474026 -0.04494136
v 0.00534695 -0.02463696 -0.04531629
v 0.00542766 -0.02533421 -0.04483109
v 0.00542766 -0.02579905 -0.04449145
v 0.00681123 -0.02611540 -0.04379454
v 0.00822939 -0.02725167 -0.04214488
v 0.00724936 -0.02661897 -0.04317261
v 0.00752607 -0.02694823 -0.04276240
v 0.00871364 -0.02800057 -0.04101128
v 0.00822939 -0.02771651 -0.04158911
v 0.00908260 -0.02816843 -0.04053491
v 0.00911142 -0.02868492 -0.03953365
v 0.00939390 -0.02886569 -0.03899111
v 0.00916330 -0.00606283 -0.04888908
v 0.00916330 -0.00699250 -0.04888026
v 0.01103113 -0.00606283 -0.04878322
v 0.01103113 -0.00699250 -0.04876999
v 0.01103113 -0.00886476 -0.04872588
v 0.00822939 -0.01259638 -0.04885820
v -0.02806636 0.00325975 -0.04895524
v -0.02722469 0.00512555 -0.04895083
v -0.01882524 0.01446104 -0.04892878
v -0.01975915 0.01446104 -0.04892437
v -0.01508959 0.01539072 -0.04893760
v -0.01416145 0.01632685 -0.04889790
v -0.01135971 0.01725652 -0.04883174
v -0.00389417 0.01539072 -0.04891554
v -0.00016429 0.01539072 -0.04888467
v -0.00949188 0.01725652 -0.04883174
v -0.00855797 0.01725652 -0.04882733
v -0.00482809 0.01632685 -0.04887584
v 0.00822939 0.01165910 -0.04888467
v 0.01103113 0.00606169 -0.04878322
v 0.00916330 0.00606169 -0.04888908
v 0.00636157 0.01352491 -0.04888908
v 0.00729548 0.01352491 -0.04886702
v 0.00822939 0.01259524 -0.04886262
v 0.01009722 0.00325975 -0.04885820
v 0.01103113 0.00233007 -0.04881410
v 0.01103113 0.00046427 -0.04881851
v 0.01103113 -0.00046541 -0.04881851
v 0.01103113 -0.00233121 -0.04881410
v 0.01009722 -0.00326089 -0.04885820
v 0.01016639 -0.02879467 -0.03867353
v 0.01103113 -0.02851706 -0.03866912
v 0.01189010 -0.02865264 -0.03765903
v 0.01152691 -0.02893671 -0.03729293
v 0.01103113 -0.02900772 -0.03750465
v 0.01499737 -0.02882049 -0.03306733
v 0.01288742 -0.02821362 -0.03772519
v 0.01351003 -0.02806513 -0.03740761
v 0.01413264 -0.02789728 -0.03707680
v 0.01438053 -0.02803931 -0.03645487
v 0.01523374 -0.02799412 -0.03540949
v 0.01537209 -0.02807805 -0.03493312
v 0.01571222 -0.02819425 -0.03395391
v 0.01569493 -0.02844604 -0.03306733
v 0.01514726 -0.02888506 -0.03239688
v 0.01526256 -0.02894316 -0.03177494
v 0.01476101 -0.02933698 -0.03027084
v 0.01534903 -0.02898190 -0.03120153
v 0.01545857 -0.02903355 -0.03027084
v 0.01476101 -0.02940800 -0.02933574
v 0.01553351 -0.02906583 -0.02933574
v 0.01556233 -0.02907874 -0.02840505
v 0.01193622 -0.02772942 -0.01819832
v 0.01195928 -0.02724521 -0.01734702
v 0.01148656 -0.02705799 -0.01674715
v 0.01103113 -0.02636073 -0.01545035
v 0.01055841 -0.02612185 -0.01487694
v 0.01018946 -0.02589589 -0.01443144
v 0.00916330 -0.02597337 -0.01414474
v 0.00908260 -0.02545042 -0.01344341
v 0.00871941 -0.02519864 -0.01300233
v 0.00822939 -0.02484355 -0.01246420
v 0.00822939 -0.02437872 -0.01195695
v 0.00729548 -0.02401072 -0.01136590
v 0.01602929 -0.02885923 -0.02840505
v 0.01662884 -0.02853643 -0.02840505
v 0.01662884 -0.02851060 -0.02746994
v 0.01662884 -0.02845250 -0.02653484
v 0.01672108 -0.02826527 -0.02551593
v 0.01654813 -0.02821362 -0.02467346
v 0.01635212 -0.02809741 -0.02374277
v 0.01620800 -0.02801994 -0.02318259
v 0.01604082 -0.02792310 -0.02256066
v 0.01571799 -0.02781980 -0.02181081
v 0.01577563 -0.02740016 -0.02086689
v 0.01544704 -0.02718065 -0.02001118
v 0.01476101 -0.02752928 -0.02001118
v 0.01429406 -0.02705799 -0.01860853
v 0.01382710 -0.02749054 -0.01907608
v 0.01382710 -0.02716128 -0.01843651
v 0.01295084 -0.02783272 -0.01906285
v 0.01292202 -0.02732914 -0.01809687
v 0.01262224 -0.02713546 -0.01754110
v 0.00823516 -0.01470751 -0.00390713
v 0.00822939 -0.02387514 -0.01148940
v 0.00871364 -0.02333283 -0.01114094
v -0.01940750 -0.00665678 -0.00390713
v -0.01982833 -0.00628879 -0.00390713
v -0.02806636 -0.00503631 -0.00537154
v 0.01009722 -0.01259638 -0.04865530
v 0.01070830 -0.01333237 -0.04850093
v 0.01150385 -0.01215091 -0.04847005
v 0.01133090 -0.01277069 -0.04841712
v 0.01242623 -0.01492056 -0.04753054
v 0.01187280 -0.01251245 -0.04826715
v 0.01195928 -0.01352605 -0.04803778
v 0.01403464 -0.01259638 -0.04742909
v 0.01341780 -0.01315160 -0.04755259
v 0.01177480 -0.01539186 -0.04764963
v 0.01288166 -0.01631507 -0.04679392
v 0.01288166 -0.01724475 -0.04636166
v 0.01353886 -0.01788390 -0.04574855
v 0.01289319 -0.01539186 -0.04716003
v 0.01381557 -0.01535958 -0.04676305
v 0.01349850 -0.01599873 -0.04666160
v 0.01103113 -0.02214491 -0.04459731
v 0.01107148 -0.02290673 -0.04413858
v 0.01016639 -0.02288736 -0.04457526
v 0.01410958 -0.01943982 -0.04465024
v 0.01078900 -0.02350069 -0.04391804
v 0.00974556 -0.02433998 -0.04385629
v 0.00916330 -0.02452075 -0.04397979
v 0.00863293 -0.02515344 -0.04377248
v 0.00801033 -0.02533421 -0.04390481
v 0.00729548 -0.02486292 -0.04451351
v 0.00656334 -0.02505660 -0.04464583
v 0.00594073 -0.02521155 -0.04474728
v 0.00637886 -0.02566347 -0.04427091
v 0.00729548 -0.02552144 -0.04404596
v 0.00729548 -0.02599273 -0.04369750
v 0.00822939 -0.02631554 -0.04303146
v 0.00884047 -0.02712255 -0.04200373
v 0.00908836 -0.02750346 -0.04143032
v 0.00822939 -0.02678038 -0.04260801
v 0.00933625 -0.02787791 -0.04084367
v 0.00988392 -0.02809096 -0.04022174
v 0.01015487 -0.02829755 -0.03967038
v 0.01103113 -0.00326089 -0.04880968
v 0.01103113 -0.00419702 -0.04880086
v 0.01195928 -0.00326089 -0.04874352
v 0.01195928 -0.00419702 -0.04872588
v 0.01195928 -0.00512669 -0.04870824
v 0.01103113 -0.00979444 -0.04869941
v 0.01195928 -0.00606283 -0.04868618
v 0.01103113 -0.01073057 -0.04865089
v -0.02806636 0.00410549 -0.04894642
v -0.02722469 0.00606169 -0.04894201
v -0.02255513 0.01259524 -0.04892437
v -0.02255513 0.01446104 -0.04889349
v -0.01882524 0.01539072 -0.04890231
v -0.02255513 0.01352491 -0.04891113
v -0.01508959 0.01632685 -0.04888908
v -0.01416145 0.01725652 -0.04881410
v -0.01322753 0.01725652 -0.04882292
v -0.01135971 0.01819265 -0.04873470
v 0.00076962 0.01539072 -0.04887144
v -0.01042580 0.01819265 -0.04873470
v -0.00855797 0.01819265 -0.04872588
v -0.00296026 0.01632685 -0.04884938
v 0.01103113 0.00699136 -0.04876999
v 0.01195928 0.00325975 -0.04874352
v 0.01195928 0.00233007 -0.04875235
v 0.01103113 0.00419588 -0.04880086
v 0.01103113 0.00325975 -0.04880968
v 0.00356560 0.01539072 -0.04883174
v 0.00822939 0.01352491 -0.04879204
v 0.00636157 0.01446104 -0.04882292
v 0.00729548 0.01446104 -0.04878763
v 0.01009722 0.01259524 -0.04865971
v 0.01103113 0.01072943 -0.04865530
v 0.01103113 0.00979330 -0.04869941
v 0.01103113 0.00886362 -0.04872588
v 0.01195928 0.00046427 -0.04876117
v 0.01195928 -0.00046541 -0.04876117
v 0.01103113 -0.02814261 -0.03939250
v 0.01159032 -0.02803285 -0.03920283
v 0.01192469 -0.02817489 -0.03865147
v 0.01256459 -0.02806513 -0.03833389
v 0.01318720 -0.02789728 -0.03802954
v 0.01382710 -0.02769714 -0.03772519
v 0.01468030 -0.02719356 -0.03764139
v 0.01522797 -0.02705799 -0.03727088
v 0.01472066 -0.02765840 -0.03678127
v 0.01540092 -0.02718065 -0.03680332
v 0.01565457 -0.02750346 -0.03581088
v 0.01628871 -0.02716128 -0.03559475
v 0.01583328 -0.02776815 -0.03493312
v 0.01603505 -0.02790373 -0.03423179
v 0.01619647 -0.02801349 -0.03360986
v 0.01631177 -0.02808450 -0.03306733
v 0.01648472 -0.02819425 -0.03213664
v 0.01561998 -0.02869137 -0.03210576
v 0.01581599 -0.02874948 -0.03120153
v 0.01592552 -0.02880758 -0.03027084
v 0.01600047 -0.02884632 -0.02933574
v 0.01195928 -0.02697406 -0.01687947
v 0.01179209 -0.02623806 -0.01564002
v 0.01103113 -0.02605084 -0.01498280
v 0.01077747 -0.02526965 -0.01384921
v 0.01009722 -0.02537295 -0.01371247
v 0.00934202 -0.02510825 -0.01311260
v 0.00907107 -0.02470152 -0.01257447
v 0.00880588 -0.02428833 -0.01204517
v 0.01662884 -0.02849769 -0.02933574
v 0.01727451 -0.02811033 -0.02933574
v 0.01730333 -0.02812969 -0.02840505
v 0.01728604 -0.02811678 -0.02746994
v 0.01723992 -0.02809096 -0.02653484
v 0.01716498 -0.02803931 -0.02576294
v 0.01709580 -0.02798766 -0.02514101
v 0.01701509 -0.02794247 -0.02467346
v 0.01681332 -0.02781980 -0.02374277
v 0.01656542 -0.02769068 -0.02284737
v 0.01714768 -0.02710318 -0.02224749
v 0.01664037 -0.02730332 -0.02191226
v 0.01613882 -0.02704507 -0.02050961
v 0.01523374 -0.02705799 -0.01953922
v 0.01466877 -0.02715483 -0.01916871
v 0.01491667 -0.02689013 -0.01891729
v 0.01545280 -0.02627035 -0.01837916
v 0.01471489 -0.02656732 -0.01818068
v 0.01451889 -0.02624452 -0.01748376
v 0.01383286 -0.02640592 -0.01718823
v 0.01382710 -0.02688367 -0.01796895
v 0.01324485 -0.02701279 -0.01775723
v 0.01292202 -0.02682557 -0.01722352
v 0.00911142 -0.01437825 -0.00390713
v 0.00942849 -0.02419149 -0.01214221
v 0.00907107 -0.02376539 -0.01164378
v 0.01009722 -0.02360399 -0.01183786
v 0.01044311 -0.01386177 -0.00390713
v 0.01023557 -0.01394569 -0.00390713
v -0.02004740 -0.00609511 -0.00390713
v -0.02806636 -0.00410663 -0.00514658
v 0.01101960 -0.01251245 -0.04852298
v 0.01103113 -0.01166024 -0.04858914
v 0.01169409 -0.01073057 -0.04853621
v 0.01157303 -0.01166024 -0.04849211
v 0.01572375 -0.00690857 -0.04764081
v 0.01616765 -0.00654058 -0.04753495
v 0.01532597 -0.00886476 -0.04757023
v 0.01525103 -0.00937479 -0.04753936
v 0.01796053 -0.00916174 -0.04657338
v 0.01734945 -0.00979444 -0.04669247
v 0.01420182 -0.01191849 -0.04749966
v 0.01436900 -0.01502386 -0.04663513
v 0.01622530 -0.01222838 -0.04662631
v 0.01657119 -0.01256410 -0.04639695
v 0.01762617 -0.01264157 -0.04591175
v 0.01718227 -0.01042713 -0.04663513
v 0.01684791 -0.01166024 -0.04650280
v 0.01416146 -0.01759338 -0.04560299
v 0.01477254 -0.01821316 -0.04498988
v 0.01446701 -0.01881358 -0.04481786
v 0.01411535 -0.01564364 -0.04651604
v 0.01538939 -0.01602455 -0.04574414
v 0.01477254 -0.01633444 -0.04589852
v 0.01141161 -0.02325536 -0.04375484
v 0.01178633 -0.02263557 -0.04394451
v 0.01508961 -0.01853597 -0.04466348
v 0.01470913 -0.02002086 -0.04399744
v 0.01436324 -0.02059545 -0.04384306
v 0.01339473 -0.02148639 -0.04381659
v 0.01107148 -0.02380412 -0.04356076
v 0.01036817 -0.02412047 -0.04370632
v 0.01014334 -0.02475317 -0.04336227
v 0.00991850 -0.02538586 -0.04301381
v 0.00916330 -0.02499204 -0.04365780
v 0.00912872 -0.02568284 -0.04315055
v 0.00828128 -0.02565056 -0.04354312
v 0.00879435 -0.02617350 -0.04291237
v 0.01009722 -0.02723876 -0.04120977
v 0.00912872 -0.02657378 -0.04238747
v 0.00946308 -0.02697406 -0.04184494
v 0.01050652 -0.02796829 -0.04002766
v 0.01015487 -0.02774879 -0.04053491
v 0.01195928 -0.00139508 -0.04875676
v 0.01289319 -0.00046541 -0.04861119
v 0.01289319 -0.00233121 -0.04859355
v 0.01282401 -0.00419702 -0.04856709
v 0.01195928 -0.00699250 -0.04865530
v 0.01183245 -0.00979444 -0.04856268
v 0.01271448 -0.00606283 -0.04854062
v -0.02806636 0.00512555 -0.04893319
v -0.02806636 0.00606169 -0.04891995
v -0.02722469 0.00792749 -0.04891554
v -0.02348904 0.01259524 -0.04891113
v -0.02348904 0.01165910 -0.04892437
v -0.02348904 0.01446104 -0.04886262
v -0.02255513 0.01539072 -0.04882292
v -0.01975915 0.01539072 -0.04888467
v -0.02722469 0.00886362 -0.04889790
v -0.01602351 0.01632685 -0.04887584
v -0.01508959 0.01725652 -0.04880528
v -0.01416145 0.01819265 -0.04870824
v -0.01135971 0.01912233 -0.04858032
v -0.01042580 0.01912233 -0.04858032
v -0.00855797 0.01912233 -0.04857150
v -0.00762982 0.01819265 -0.04871265
v -0.00109820 0.01632685 -0.04881851
v 0.01195928 0.00606169 -0.04869059
v 0.01195928 0.00419588 -0.04872588
v 0.01289319 0.00233007 -0.04859355
v 0.01282978 0.00419588 -0.04857150
v 0.01289319 0.00046427 -0.04861119
v 0.00449951 0.01539072 -0.04880528
v -0.00016429 0.01632685 -0.04880086
v 0.00263168 0.01632685 -0.04872588
v 0.01017216 0.01360238 -0.04854945
v 0.00822939 0.01446104 -0.04869059
v 0.00636157 0.01539072 -0.04874352
v 0.00729548 0.01539072 -0.04867736
v 0.01071406 0.01334414 -0.04850534
v 0.01102536 0.01251776 -0.04852739
v 0.01103113 0.01165910 -0.04859355
v 0.01169986 0.01072943 -0.04853621
v 0.01183822 0.00979330 -0.04856709
v 0.01195928 0.00699136 -0.04865971
v 0.01103113 -0.02784563 -0.03986005
v 0.01198234 -0.02754219 -0.03961304
v 0.01221293 -0.02787791 -0.03895582
v 0.01288742 -0.02768422 -0.03865147
v 0.01337744 -0.02707090 -0.03914549
v 0.01374639 -0.02720002 -0.03858531
v 0.01431135 -0.02707090 -0.03821921
v 0.01493396 -0.02682557 -0.03789281
v 0.01532021 -0.02620578 -0.03830302
v 0.01558539 -0.02650276 -0.03761492
v 0.01621376 -0.02617350 -0.03733263
v 0.01586787 -0.02681266 -0.03680332
v 0.01607541 -0.02698697 -0.03621668
v 0.01694591 -0.02692887 -0.03493312
v 0.01707850 -0.02704507 -0.03443910
v 0.01647895 -0.02730332 -0.03493312
v 0.01725721 -0.02628326 -0.03564768
v 0.01664037 -0.02753574 -0.03402448
v 0.01723415 -0.02717419 -0.03381717
v 0.01677873 -0.02776815 -0.03306733
v 0.01695167 -0.02789082 -0.03213664
v 0.01669802 -0.02824590 -0.03121918
v 0.01704967 -0.02796184 -0.03153676
v 0.01714768 -0.02802640 -0.03091483
v 0.01662884 -0.02841376 -0.03027084
v 0.01289319 -0.02633491 -0.01642956
v 0.01241470 -0.02612185 -0.01581646
v 0.01204575 -0.02592817 -0.01533567
v 0.01195928 -0.02541169 -0.01459465
v 0.01106572 -0.02554726 -0.01434323
v 0.01140008 -0.02515344 -0.01399036
v 0.01112913 -0.02476608 -0.01343018
v 0.01086395 -0.02437872 -0.01288323
v 0.01009722 -0.02498558 -0.01324933
v 0.01009722 -0.02452075 -0.01272885
v 0.01720533 -0.02806513 -0.03027084
v 0.01774146 -0.02777461 -0.02933574
v 0.01777029 -0.02780043 -0.02840505
v 0.01775299 -0.02778752 -0.02746994
v 0.01770687 -0.02774879 -0.02653484
v 0.01751087 -0.02774233 -0.02551593
v 0.01756275 -0.02753574 -0.02467346
v 0.01758004 -0.02729041 -0.02383099
v 0.01727451 -0.02720002 -0.02280767
v 0.01774146 -0.02681266 -0.02280767
v 0.01812195 -0.02621224 -0.02216368
v 0.01755122 -0.02658669 -0.02189462
v 0.01732639 -0.02632845 -0.02094187
v 0.01716498 -0.02618642 -0.02036846
v 0.01695744 -0.02695469 -0.02162556
v 0.01664037 -0.02683848 -0.02086689
v 0.01662884 -0.02641238 -0.02003765
v 0.01631754 -0.02624452 -0.01933632
v 0.01606964 -0.02605729 -0.01871439
v 0.01573528 -0.02588298 -0.01809687
v 0.01513573 -0.02607021 -0.01775723
v 0.01480137 -0.02588298 -0.01718823
v 0.01414417 -0.02604438 -0.01686183
v 0.01352156 -0.02619933 -0.01662805
v 0.01009722 -0.02406882 -0.01226130
v 0.01080053 -0.02344904 -0.01197018
v 0.01104266 -0.01360998 -0.00390713
v -0.02041059 -0.00577230 -0.00390713
v -0.02806636 -0.00326089 -0.00495251
v 0.01239164 -0.00914237 -0.04845241
v 0.01476101 -0.00699250 -0.04792751
v 0.01569493 -0.00606283 -0.04771579
v 0.01636365 -0.00419702 -0.04760111
v 0.01683061 -0.00419702 -0.04744673
v 0.01756275 -0.00419702 -0.04720413
v 0.01756275 -0.00606283 -0.04708504
v 0.01756275 -0.00699250 -0.04699682
v 0.01816230 -0.00792863 -0.04666160
v 0.01807006 -0.00853550 -0.04661749
v 0.02073921 -0.00699250 -0.04562504
v 0.01842748 -0.00885185 -0.04640577
v 0.01988024 -0.00928441 -0.04566033
v 0.01849666 -0.00979444 -0.04620728
v 0.01781064 -0.00979444 -0.04651163
v 0.01688826 -0.01465586 -0.04556329
v 0.01626565 -0.01505614 -0.04571326
v 0.01471489 -0.01535958 -0.04633960
v 0.01797782 -0.01298374 -0.04564269
v 0.01730910 -0.01352605 -0.04577060
v 0.01756275 -0.01166024 -0.04619846
v 0.01816807 -0.01236396 -0.04573531
v 0.01752240 -0.01073702 -0.04642782
v 0.01477254 -0.01727057 -0.04546184
v 0.01541821 -0.01791618 -0.04483550
v 0.01600623 -0.01567592 -0.04558976
v 0.01569493 -0.01633444 -0.04544861
v 0.01508961 -0.01665079 -0.04559858
v 0.01240317 -0.02237087 -0.04379013
v 0.01203998 -0.02290673 -0.04364016
v 0.01259918 -0.02347486 -0.04296971
v 0.01723415 -0.01785808 -0.04387393
v 0.01532597 -0.01968515 -0.04385629
v 0.01710156 -0.01960122 -0.04287267
v 0.01613306 -0.02050507 -0.04285061
v 0.01356768 -0.02258393 -0.04299617
v 0.01290472 -0.02288090 -0.04318584
v 0.01289319 -0.02216428 -0.04365780
v 0.01192469 -0.02378476 -0.04311526
v 0.01158456 -0.02432707 -0.04291678
v 0.01103113 -0.02452720 -0.04306675
v 0.01053535 -0.02517281 -0.04285502
v 0.01017216 -0.02568284 -0.04263889
v 0.00941696 -0.02600565 -0.04276681
v 0.01065065 -0.02710318 -0.04105539
v 0.01009722 -0.02632845 -0.04212282
v 0.01009722 -0.02679329 -0.04167291
v 0.01063912 -0.02617350 -0.04197726
v 0.01099078 -0.02734851 -0.04054373
v 0.01389052 -0.00046541 -0.04836860
v 0.01337168 -0.00289935 -0.04847005
v 0.01297390 -0.00323506 -0.04855827
v 0.01203422 -0.00884539 -0.04856268
v 0.01262224 -0.00699250 -0.04851857
v 0.01334285 -0.00352559 -0.04846123
v 0.01476101 -0.00326089 -0.04811277
v 0.01476101 -0.00419702 -0.04807748
v 0.01318143 -0.00606283 -0.04841712
v -0.02806636 0.00783711 -0.04888026
v -0.02629078 0.01259524 -0.04879645
v -0.02629078 0.01352491 -0.04873911
v -0.02629078 0.01446104 -0.04865530
v -0.02348904 0.01539072 -0.04876558
v -0.02722469 0.00979330 -0.04886702
v -0.02629078 0.01165910 -0.04884056
v -0.02255513 0.01632685 -0.04867736
v -0.01975915 0.01725652 -0.04868177
v -0.01882524 0.01725652 -0.04872147
v -0.01882524 0.01632685 -0.04882292
v -0.01602351 0.01725652 -0.04878763
v -0.01508959 0.01819265 -0.04869500
v -0.01416145 0.01909650 -0.04855385
v -0.01229362 0.01912233 -0.04857150
v -0.01135971 0.01964527 -0.04847446
v -0.01229362 0.02009074 -0.04837742
v -0.01042580 0.01964527 -0.04847446
v -0.00949188 0.01963236 -0.04847446
v -0.00767018 0.01919980 -0.04854503
v -0.00855797 0.02008428 -0.04837301
v -0.00669591 0.01905131 -0.04855385
v -0.00669591 0.01819265 -0.04869500
v 0.01271448 0.00606169 -0.04854503
v 0.01297390 0.00323392 -0.04855827
v 0.01337168 0.00290466 -0.04847005
v 0.01389052 0.00046427 -0.04836860
v 0.01334285 0.00353090 -0.04846123
v 0.01476101 0.00325975 -0.04811277
v -0.00482809 0.01819265 -0.04865530
v -0.00389417 0.01819265 -0.04862884
v -0.00389417 0.01887054 -0.04851416
v 0.00356560 0.01632685 -0.04869059
v 0.01053535 0.01397038 -0.04846123
v 0.00824092 0.01541654 -0.04855385
v 0.00636157 0.01620418 -0.04858032
v 0.00729548 0.01606860 -0.04854062
v 0.00793538 0.01593303 -0.04849211
v 0.01150962 0.01215622 -0.04847005
v 0.01157303 0.01165910 -0.04849652
v 0.01476101 0.00699136 -0.04793193
v 0.01239164 0.00914769 -0.04845682
v 0.01262800 0.00699136 -0.04851857
v 0.01175174 -0.02720002 -0.04023938
v 0.01237435 -0.02702571 -0.04002325
v 0.01289319 -0.02721293 -0.03934398
v 0.01289319 -0.02683848 -0.03981153
v 0.01342933 -0.02617996 -0.04012470
v 0.01371757 -0.02650922 -0.03950277
v 0.01440936 -0.02621870 -0.03923812
v 0.01400005 -0.02683848 -0.03884114
v 0.01466877 -0.02652213 -0.03857208
v 0.01503196 -0.02594754 -0.03892495
v 0.01565457 -0.02562474 -0.03862501
v 0.01594282 -0.02591526 -0.03795456
v 0.01704967 -0.02608312 -0.03626961
v 0.01640401 -0.02634136 -0.03680332
v 0.01817960 -0.02347486 -0.03836918
v 0.01785100 -0.02409465 -0.03798544
v 0.01845054 -0.02375248 -0.03768109
v 0.01809889 -0.02432707 -0.03736350
v 0.01989753 -0.02332637 -0.03633577
v 0.01895209 -0.02424959 -0.03632254
v 0.01800088 -0.02516636 -0.03630049
v 0.01756851 -0.02640592 -0.03486255
v 0.01804700 -0.02614122 -0.03450527
v 0.01755122 -0.02678683 -0.03407741
v 0.01820266 -0.02536650 -0.03567856
v 0.01787982 -0.02598628 -0.03512720
v 0.01739557 -0.02729686 -0.03306733
v 0.01786253 -0.02691595 -0.03306733
v 0.01762040 -0.02738079 -0.03213664
v 0.01749934 -0.02769714 -0.03121918
v 0.01767229 -0.02772296 -0.03027084
v 0.01289319 -0.02601856 -0.01596201
v 0.01261071 -0.02527611 -0.01476667
v 0.01195928 -0.02503078 -0.01412709
v 0.01148656 -0.02425605 -0.01301556
v 0.01832948 -0.02730977 -0.02933574
v 0.01835254 -0.02732914 -0.02840505
v 0.01834101 -0.02732269 -0.02746994
v 0.01829489 -0.02728395 -0.02653484
v 0.01820842 -0.02721293 -0.02560856
v 0.01809312 -0.02711609 -0.02467346
v 0.01802971 -0.02705799 -0.02420150
v 0.01790288 -0.02695469 -0.02357957
v 0.01826030 -0.02634782 -0.02280767
v 0.01872726 -0.02588944 -0.02280767
v 0.01905009 -0.02528257 -0.02216809
v 0.01850819 -0.02566993 -0.02185492
v 0.01795476 -0.02605729 -0.02154175
v 0.01779335 -0.02589589 -0.02094187
v 0.01810465 -0.02526965 -0.02035082
v 0.01753393 -0.02563119 -0.02005088
v 0.01728027 -0.02537295 -0.01927457
v 0.01694014 -0.02599273 -0.01974653
v 0.01669225 -0.02571512 -0.01899668
v 0.01639248 -0.02539878 -0.01814539
v 0.01619071 -0.02521800 -0.01764255
v 0.01563151 -0.02538586 -0.01728527
v 0.01527985 -0.02523092 -0.01669421
v 0.01466877 -0.02535358 -0.01634135
v 0.01429982 -0.02519218 -0.01580763
v 0.01383286 -0.02581196 -0.01630165
v 0.01323332 -0.02512762 -0.01496075
v 0.01142314 -0.02328118 -0.01211133
v 0.01174598 -0.01320325 -0.00390713
v -0.02095825 -0.00517189 -0.00390713
v -0.02806636 -0.00233121 -0.00480254
v 0.01476101 -0.00606283 -0.04799368
v 0.01569493 -0.00419702 -0.04781283
v 0.01643860 -0.00326089 -0.04762316
v 0.01756275 -0.00326089 -0.04725265
v 0.01849666 -0.00419702 -0.04686891
v 0.01849666 -0.00326089 -0.04692625
v 0.01843325 -0.00606283 -0.04676305
v 0.01831219 -0.00699250 -0.04671894
v 0.01877914 -0.00699250 -0.04651604
v 0.01942481 -0.00699250 -0.04622492
v 0.02129264 -0.00699250 -0.04529864
v 0.02129264 -0.00792863 -0.04512662
v 0.02057779 -0.00792863 -0.04554565
v 0.02032413 -0.00892932 -0.04550154
v 0.02081991 -0.00648893 -0.04566033
v 0.02035872 -0.00979444 -0.04530746
v 0.01977070 -0.00979444 -0.04560740
v 0.01930375 -0.00979444 -0.04582795
v 0.01911927 -0.01054980 -0.04573973
v 0.01812771 -0.01504323 -0.04478257
v 0.01659425 -0.01537894 -0.04541773
v 0.01849666 -0.01352605 -0.04519278
v 0.01918845 -0.01352605 -0.04484873
v 0.01899244 -0.01403608 -0.04475169
v 0.01949975 -0.01265448 -0.04499870
v 0.01985718 -0.01300311 -0.04471199
v 0.01835831 -0.01166024 -0.04582795
v 0.01942481 -0.01166024 -0.04531188
v 0.01571799 -0.01727703 -0.04499429
v 0.01604082 -0.01759338 -0.04466789
v 0.01785676 -0.01755464 -0.04370191
v 0.01755699 -0.01537249 -0.04493254
v 0.01786253 -0.01566947 -0.04465024
v 0.01724568 -0.01600518 -0.04480904
v 0.01322179 -0.02320371 -0.04277563
v 0.01296237 -0.02384932 -0.04244923
v 0.01270871 -0.02449492 -0.04211841
v 0.01220717 -0.02409465 -0.04274034
v 0.01689979 -0.01847786 -0.04369309
v 0.01755122 -0.01818088 -0.04349460
v 0.01747051 -0.01903954 -0.04299617
v 0.01803547 -0.01866509 -0.04287267
v 0.01909045 -0.01878775 -0.04203019
v 0.01815077 -0.01971097 -0.04202578
v 0.01746475 -0.01996921 -0.04233013
v 0.01624836 -0.02153804 -0.04199491
v 0.01528562 -0.02244835 -0.04197285
v 0.01103113 -0.02499850 -0.04272270
v 0.01171139 -0.02535358 -0.04206548
v 0.01098501 -0.02566347 -0.04221545
v 0.01095619 -0.02654796 -0.04142591
v 0.01127325 -0.02692241 -0.04086132
v 0.01126172 -0.02597337 -0.04180083
v 0.01476101 -0.00046541 -0.04815247
v 0.01476101 -0.00139508 -0.04814364
v 0.01476101 -0.00233121 -0.04813041
v 0.01569493 -0.00233121 -0.04787899
v 0.01569493 -0.00326089 -0.04785694
v -0.02806636 0.00876678 -0.04884938
v -0.02722469 0.01072943 -0.04882733
v -0.02722469 0.01165910 -0.04878322
v -0.02722469 0.01259524 -0.04871265
v -0.02722469 0.01352491 -0.04863325
v -0.02720163 0.01440294 -0.04853621
v -0.02687303 0.01505500 -0.04849652
v -0.02619854 0.01537780 -0.04851857
v -0.02535686 0.01539072 -0.04859796
v -0.02348904 0.01632685 -0.04860678
v -0.02255513 0.01714677 -0.04853180
v -0.02207664 0.01772136 -0.04846564
v -0.01975915 0.01805062 -0.04854503
v -0.01883101 0.01826367 -0.04855385
v -0.01789133 0.01819265 -0.04860678
v -0.01602351 0.01819265 -0.04866854
v -0.01508959 0.01904486 -0.04854503
v -0.01416145 0.01956134 -0.04846123
v -0.01356766 0.01958071 -0.04846564
v -0.01135971 0.02011011 -0.04837742
v -0.01416145 0.02192427 -0.04795839
v -0.01229362 0.02098813 -0.04818334
v -0.01135971 0.02098813 -0.04818775
v -0.01042580 0.02011011 -0.04837742
v -0.00767018 0.01996807 -0.04838183
v -0.01042580 0.02098813 -0.04818775
v -0.00949188 0.02286040 -0.04777313
v -0.00855797 0.02286040 -0.04776431
v -0.00482809 0.01894156 -0.04853180
v 0.01476101 0.00606169 -0.04799368
v 0.01476101 0.00419588 -0.04807748
v 0.01476101 0.00233007 -0.04813041
v 0.01476101 0.00139394 -0.04814364
v 0.01476101 0.00046427 -0.04815247
v 0.01569493 0.00325975 -0.04785694
v 0.01569493 0.00233007 -0.04787899
v -0.00224542 0.01870268 -0.04847887
v -0.00576200 0.02286040 -0.04768492
v -0.00506445 0.02336397 -0.04754377
v 0.01133667 0.01278246 -0.04842153
v 0.01017216 0.01451915 -0.04843035
v 0.01009722 0.01539072 -0.04826274
v 0.01103113 0.01446104 -0.04820981
v 0.00855799 0.01574580 -0.04844358
v 0.00957838 0.01486777 -0.04845682
v -0.00162281 0.01863812 -0.04846123
v -0.00109820 0.01857356 -0.04844800
v -0.00444760 0.02330587 -0.04752613
v -0.00389417 0.02321548 -0.04750848
v -0.00296026 0.02305408 -0.04747319
v -0.00109820 0.02286040 -0.04735851
v -0.00202635 0.02379007 -0.04717326
v -0.00109820 0.02379007 -0.04707180
v -0.00016429 0.02379007 -0.04694389
v 0.00080998 0.02386755 -0.04678069
v 0.00169777 0.02364158 -0.04673217
v 0.00916330 0.01632685 -0.04814364
v 0.01187857 0.01251776 -0.04827156
v 0.01796053 0.00916060 -0.04657338
v 0.01525103 0.00937365 -0.04753936
v 0.01532597 0.00886362 -0.04757023
v 0.01616765 0.00653944 -0.04753495
v 0.01572375 0.00690743 -0.04764081
v 0.01569493 0.00606169 -0.04771579
v 0.01206881 -0.02666416 -0.04060549
v 0.01238588 -0.02609603 -0.04097159
v 0.01289319 -0.02637364 -0.04032319
v 0.01289319 -0.02590235 -0.04079074
v 0.01341203 -0.02523092 -0.04103775
v 0.01373486 -0.02557309 -0.04045993
v 0.01440936 -0.02529548 -0.04016881
v 0.01405193 -0.02591526 -0.03986005
v 0.01472066 -0.02562474 -0.03956452
v 0.01537209 -0.02532776 -0.03927341
v 0.01980529 -0.02137018 -0.03903081
v 0.01911927 -0.02255164 -0.03838682
v 0.01880220 -0.02317143 -0.03799426
v 0.01939022 -0.02282926 -0.03768991
v 0.01998401 -0.02248063 -0.03738556
v 0.02091792 -0.02155095 -0.03738556
v 0.02065850 -0.02222238 -0.03680332
v 0.02081991 -0.02238379 -0.03632254
v 0.02055473 -0.02286799 -0.03595203
v 0.02068732 -0.02318434 -0.03514043
v 0.02002436 -0.02345549 -0.03586822
v 0.01975917 -0.02412047 -0.03514925
v 0.01882526 -0.02505660 -0.03514925
v 0.01913657 -0.02443682 -0.03570061
v 0.01843901 -0.02560537 -0.03482726
v 0.01899244 -0.02522446 -0.03452732
v 0.01864079 -0.02581842 -0.03400243
v 0.01817383 -0.02625743 -0.03400243
v 0.01797782 -0.02701279 -0.03244981
v 0.01838137 -0.02644466 -0.03306733
v 0.01808159 -0.02710318 -0.03182787
v 0.01816230 -0.02717419 -0.03120153
v 0.01826030 -0.02725167 -0.03027084
v 0.01291048 -0.02552789 -0.01530038
v 0.01266836 -0.02439163 -0.01379628
v 0.01195928 -0.02456594 -0.01360220
v 0.01195928 -0.02413338 -0.01313465
v 0.01195928 -0.02366209 -0.01271121
v 0.01879067 -0.02690950 -0.02933574
v 0.01881950 -0.02692887 -0.02840505
v 0.01880797 -0.02691595 -0.02746994
v 0.01876185 -0.02687722 -0.02653484
v 0.01867538 -0.02679329 -0.02560856
v 0.01856008 -0.02668353 -0.02467346
v 0.01905586 -0.02621870 -0.02467346
v 0.01898092 -0.02614768 -0.02414857
v 0.01845054 -0.02654796 -0.02386627
v 0.01886562 -0.02603147 -0.02352664
v 0.01917692 -0.02542460 -0.02280767
v 0.01888868 -0.02511471 -0.02154616
v 0.01826607 -0.02543106 -0.02094187
v 0.01995518 -0.02432707 -0.02221220
v 0.01979953 -0.02415921 -0.02159027
v 0.01917116 -0.02448201 -0.02094187
v 0.01873302 -0.02494685 -0.02094187
v 0.01901550 -0.02432061 -0.02037728
v 0.01974765 -0.02317788 -0.01979064
v 0.01883103 -0.02412047 -0.01975535
v 0.01790288 -0.02506306 -0.01972889
v 0.01706697 -0.02515990 -0.01865264
v 0.01589670 -0.02496622 -0.01702062
v 0.01713615 -0.02430124 -0.01762491
v 0.01624836 -0.02434644 -0.01664570
v 0.01561422 -0.02465633 -0.01635899
v 0.01532597 -0.02434644 -0.01571500
v 0.01492243 -0.02496622 -0.01607228
v 0.01435747 -0.02430770 -0.01482401
v 0.01382710 -0.02494685 -0.01517247
v 0.01382710 -0.02532130 -0.01563561
v 0.01382710 -0.02448201 -0.01463434
v 0.01329097 -0.02421731 -0.01398595
v 0.01263953 -0.02346841 -0.01288764
v 0.01283554 -0.01250599 -0.00390713
v -0.02252630 -0.00319633 -0.00390713
v -0.02304514 -0.00233121 -0.00390713
v -0.02806636 -0.00224083 -0.00479371
v 0.01647319 -0.00233121 -0.04763640
v 0.01756275 -0.00233121 -0.04727912
v 0.01849666 -0.00233121 -0.04695712
v 0.01906162 -0.00419702 -0.04664395
v 0.01913080 -0.00326089 -0.04667483
v 0.01916539 -0.00233121 -0.04669247
v 0.01889444 -0.00606283 -0.04657338
v 0.02196713 -0.00699250 -0.04487079
v 0.02207090 -0.00606283 -0.04494136
v 0.02183453 -0.00792863 -0.04478257
v 0.02133299 -0.00876792 -0.04494577
v 0.02107357 -0.00979444 -0.04489725
v 0.02045096 -0.00613384 -0.04585882
v 0.02035872 -0.00419702 -0.04606172
v 0.02087180 -0.00586914 -0.04568680
v 0.02147711 -0.00419702 -0.04550595
v 0.02122346 -0.00613384 -0.04545743
v 0.02093521 -0.01048524 -0.04480463
v 0.02042790 -0.01076931 -0.04501635
v 0.02018578 -0.01166024 -0.04491490
v 0.01943057 -0.01080804 -0.04553242
v 0.01874455 -0.01466232 -0.04462378
v 0.01846207 -0.01537249 -0.04446499
v 0.02001859 -0.01238332 -0.04481345
v 0.02034143 -0.01265448 -0.04450469
v 0.02111969 -0.01259638 -0.04399744
v 0.02158665 -0.01259638 -0.04367985
v 0.02094674 -0.01323553 -0.04388275
v 0.02039331 -0.01353896 -0.04410771
v 0.02010507 -0.01429432 -0.04394451
v 0.01925186 -0.01539186 -0.04399303
v 0.01755699 -0.01632153 -0.04449145
v 0.01847360 -0.01629571 -0.04401508
v 0.01814500 -0.01692840 -0.04386952
v 0.01895209 -0.01771604 -0.04285943
v 0.01826030 -0.01819379 -0.04302705
v 0.01904433 -0.01595999 -0.04385629
v 0.01876761 -0.01657977 -0.04367544
v 0.01923457 -0.01708980 -0.04305351
v 0.01431712 -0.02333929 -0.04194639
v 0.01382710 -0.02355234 -0.04210959
v 0.01333132 -0.02423023 -0.04191110
v 0.01233400 -0.02511471 -0.04187140
v 0.01872726 -0.01819379 -0.04270065
v 0.01941328 -0.01816797 -0.04221986
v 0.01998977 -0.01784516 -0.04201255
v 0.01971306 -0.01846495 -0.04178759
v 0.01877338 -0.01940754 -0.04178759
v 0.01782217 -0.02033076 -0.04178318
v 0.01719956 -0.02062773 -0.04201255
v 0.01822571 -0.02071812 -0.04115684
v 0.01438630 -0.02434644 -0.04107304
v 0.01205152 -0.02572158 -0.04152294
v 0.01176327 -0.02630263 -0.04117890
v 0.01569493 -0.00046541 -0.04790546
v 0.01652507 -0.00046541 -0.04764963
v -0.02806636 0.00886362 -0.04884497
v -0.02806636 0.00979330 -0.04879645
v -0.02806636 0.01072943 -0.04874352
v -0.02806636 0.01165910 -0.04867736
v -0.02806636 0.01298260 -0.04853621
v -0.02774929 0.01405431 -0.04847887
v -0.02806636 0.01539072 -0.04810395
v -0.02720163 0.01537780 -0.04833331
v -0.02722469 0.01632685 -0.04809071
v -0.02619854 0.01623646 -0.04833331
v -0.02645219 0.01567478 -0.04842153
v -0.02582959 0.01586201 -0.04846564
v -0.02806636 0.01437066 -0.04834213
v -0.02401364 0.01681751 -0.04847005
v -0.02348904 0.01693372 -0.04849652
v -0.02255513 0.01761161 -0.04843917
v -0.02069307 0.02216314 -0.04747761
v -0.02004740 0.02231163 -0.04751289
v -0.01942479 0.02243430 -0.04754818
v -0.01882524 0.02254405 -0.04757905
v -0.01882524 0.02192427 -0.04772902
v -0.01789133 0.02192427 -0.04780401
v -0.01914808 0.01861875 -0.04845682
v -0.01852547 0.01870914 -0.04847446
v -0.01789133 0.01877370 -0.04849211
v -0.01602351 0.01896093 -0.04852739
v -0.01508959 0.01950969 -0.04844800
v -0.01508959 0.02005846 -0.04833331
v -0.01508959 0.02098813 -0.04813482
v -0.01508959 0.02192427 -0.04793193
v -0.01416145 0.02286040 -0.04775108
v -0.01322753 0.02286040 -0.04776431
v -0.01229362 0.02192427 -0.04798044
v -0.01135971 0.02286040 -0.04778196
v -0.00762982 0.02286040 -0.04774667
v -0.00855797 0.02353183 -0.04759670
v -0.00762982 0.02350600 -0.04758788
v 0.01569493 0.00419588 -0.04781283
v 0.01569493 0.00046427 -0.04790546
v 0.01643860 0.00325975 -0.04762316
v 0.01647319 0.00233007 -0.04763640
v 0.01652507 0.00046427 -0.04764963
v -0.00576200 0.02340271 -0.04755700
v -0.00576200 0.02387400 -0.04740262
v -0.00478773 0.02371906 -0.04740703
v 0.00922672 0.01541654 -0.04840388
v 0.01103113 0.01539072 -0.04798044
v 0.01009722 0.01632685 -0.04794516
v 0.01205728 0.01455143 -0.04777313
v 0.01342356 0.01315046 -0.04755700
v 0.01195928 0.01352491 -0.04804220
v -0.00389417 0.02379007 -0.04732322
v -0.00202635 0.02462290 -0.04680274
v -0.00109820 0.02452606 -0.04674981
v -0.00016429 0.02440340 -0.04668365
v 0.00115011 0.02422909 -0.04658661
v 0.00246450 0.02346727 -0.04666160
v 0.00961873 0.01772136 -0.04753054
v 0.01420182 0.01191735 -0.04749966
v 0.01734945 0.00979330 -0.04669247
v 0.01781641 0.00979330 -0.04651163
v 0.01849666 0.00979330 -0.04620728
v 0.01988024 0.00928327 -0.04566033
v 0.01842748 0.00885071 -0.04640577
v 0.02073921 0.00699136 -0.04562504
v 0.01807006 0.00853436 -0.04661749
v 0.01756275 0.00699136 -0.04700123
v 0.01756275 0.00606169 -0.04708504
v 0.01756275 0.00419588 -0.04720413
v 0.01683061 0.00419588 -0.04744673
v 0.01636365 0.00419588 -0.04760111
v 0.01289319 -0.02543106 -0.04121418
v 0.01296813 -0.02477254 -0.04171702
v 0.01382710 -0.02401717 -0.04173908
v 0.01403464 -0.02496622 -0.04079074
v 0.01470913 -0.02467569 -0.04049080
v 0.01789135 -0.02133790 -0.04088337
v 0.01728604 -0.02257747 -0.04023938
v 0.01503196 -0.02501141 -0.03989534
v 0.01695167 -0.02319725 -0.03993062
v 0.01790864 -0.02228049 -0.03994827
v 0.01918269 -0.02166071 -0.03934398
v 0.01948823 -0.02105384 -0.03966156
v 0.01979953 -0.02042760 -0.03997473
v 0.02009930 -0.02075040 -0.03935280
v 0.02101016 -0.01979490 -0.03934398
v 0.02072191 -0.02041468 -0.03900876
v 0.02038755 -0.02102801 -0.03870882
v 0.02005319 -0.02162197 -0.03840888
v 0.01974188 -0.02224175 -0.03800749
v 0.02032990 -0.02189958 -0.03769873
v 0.02110240 -0.02175755 -0.03680332
v 0.02067579 -0.02129917 -0.03800749
v 0.02125805 -0.02095054 -0.03768550
v 0.02182877 -0.02060191 -0.03736350
v 0.02177689 -0.02241607 -0.03450527
v 0.02156935 -0.02126043 -0.03680332
v 0.02173077 -0.02142183 -0.03627402
v 0.02085450 -0.02335220 -0.03451850
v 0.01992636 -0.02428833 -0.03452732
v 0.01937293 -0.02467569 -0.03484049
v 0.01911927 -0.02535358 -0.03400243
v 0.01884832 -0.02601856 -0.03306733
v 0.01894056 -0.02610249 -0.03254685
v 0.01904433 -0.02620578 -0.03192491
v 0.01862926 -0.02676101 -0.03120153
v 0.01872726 -0.02684494 -0.03027084
v 0.01296813 -0.02384286 -0.01343459
v 0.01922304 -0.02638010 -0.03027084
v 0.01928645 -0.02643820 -0.02933574
v 0.01930375 -0.02646403 -0.02840505
v 0.01929222 -0.02645112 -0.02746994
v 0.01925186 -0.02641238 -0.02653484
v 0.01916539 -0.02632845 -0.02560856
v 0.01963235 -0.02584424 -0.02560856
v 0.01952281 -0.02572803 -0.02467346
v 0.01989753 -0.02519218 -0.02420150
v 0.01938446 -0.02561182 -0.02386627
v 0.01964388 -0.02492103 -0.02280767
v 0.02007048 -0.02445619 -0.02280767
v 0.02086027 -0.02335865 -0.02226954
v 0.02162123 -0.02223530 -0.02171377
v 0.02071038 -0.02320371 -0.02164761
v 0.02096404 -0.02254519 -0.02094187
v 0.01992636 -0.02336511 -0.02041257
v 0.02067003 -0.02222238 -0.01983034
v 0.02004742 -0.02255164 -0.01931868
v 0.01820842 -0.02444327 -0.01927898
v 0.01913080 -0.02350069 -0.01930103
v 0.01763769 -0.02480482 -0.01896581
v 0.01733792 -0.02450138 -0.01814539
v 0.01799512 -0.02422377 -0.01865705
v 0.01807006 -0.02337157 -0.01762491
v 0.01687096 -0.02403654 -0.01700298
v 0.01718227 -0.02341676 -0.01664128
v 0.01722262 -0.02251936 -0.01568413
v 0.01628295 -0.02344258 -0.01569736
v 0.01594858 -0.02406237 -0.01602376
v 0.01532597 -0.02341676 -0.01478431
v 0.01498008 -0.02404300 -0.01509307
v 0.01465725 -0.02370083 -0.01449320
v 0.01433441 -0.02335865 -0.01391537
v 0.01382710 -0.02401717 -0.01417120
v 0.01382710 -0.02355234 -0.01373453
v 0.01326214 -0.02324890 -0.01307290
v 0.01382710 -0.01183456 -0.00390713
v 0.01373486 -0.01189912 -0.00390713
v 0.01312955 -0.01231231 -0.00390713
v -0.02806636 -0.00139508 -0.00472314
v -0.02368505 -0.00040085 -0.00390713
v -0.02806636 -0.00039439 -0.00464375
v 0.01699203 -0.00046541 -0.04749966
v 0.01756275 -0.00046541 -0.04731440
v 0.01849666 -0.00046541 -0.04699241
v 0.01921728 -0.00046541 -0.04671453
v 0.01959776 -0.00326089 -0.04646752
v 0.02035872 -0.00233121 -0.04615876
v 0.02365048 -0.00663096 -0.04381659
v 0.02321811 -0.00696022 -0.04405037
v 0.02316046 -0.00606283 -0.04421798
v 0.02139640 -0.00512669 -0.04545743
v 0.02215160 -0.00512669 -0.04498988
v 0.02272233 -0.00389358 -0.04475169
v 0.02308552 -0.00420348 -0.04447822
v 0.02230149 -0.00792863 -0.04447381
v 0.02166735 -0.00901971 -0.04467230
v 0.02229573 -0.00981381 -0.04407683
v 0.02264739 -0.01013661 -0.04376807
v 0.02101016 -0.00419702 -0.04575737
v 0.02035872 -0.00326089 -0.04612347
v 0.02230149 -0.00420348 -0.04498988
v 0.02154053 -0.00326089 -0.04554565
v 0.02222655 -0.00326089 -0.04512221
v 0.02204207 -0.01073057 -0.04398862
v 0.02226690 -0.01257055 -0.04317261
v 0.02196136 -0.01352605 -0.04302705
v 0.02250903 -0.01073057 -0.04367103
v 0.02179995 -0.01406190 -0.04289913
v 0.02072768 -0.01385531 -0.04373279
v 0.01988600 -0.01491411 -0.04379454
v 0.01971882 -0.01539186 -0.04367544
v 0.01985718 -0.01674763 -0.04283738
v 0.01949975 -0.01734805 -0.04270506
v 0.02039908 -0.01541122 -0.04319466
v 0.02073344 -0.01573403 -0.04279768
v 0.02011083 -0.01612785 -0.04302264
v 0.01944787 -0.01635381 -0.04334904
v 0.02039908 -0.01639255 -0.04264771
v 0.02032413 -0.01719956 -0.04217575
v 0.02087180 -0.01685093 -0.04197285
v 0.02061238 -0.01747071 -0.04173908
v 0.02034143 -0.01816797 -0.04145237
v 0.02006472 -0.01884586 -0.04116125
v 0.01915386 -0.01978844 -0.04116566
v 0.01884832 -0.02041468 -0.04089660
v -0.02806636 0.01352491 -0.04847005
v -0.02806636 0.01632685 -0.04785694
v -0.02806636 0.01695954 -0.04766727
v -0.02729387 0.01733399 -0.04775549
v -0.02629078 0.01725652 -0.04804220
v -0.02535686 0.01725652 -0.04820099
v -0.02535686 0.01644951 -0.04840388
v -0.02436530 0.01717905 -0.04833772
v -0.02163851 0.02188553 -0.04742468
v -0.02069307 0.02286040 -0.04723060
v -0.01974186 0.02278938 -0.04738057
v -0.01882524 0.02300889 -0.04742027
v -0.01789133 0.02315092 -0.04747761
v -0.01789133 0.02268608 -0.04761875
v -0.01695742 0.02279584 -0.04764522
v -0.01508959 0.02286040 -0.04772461
v -0.01602351 0.02192427 -0.04789223
v -0.01789133 0.02005846 -0.04821422
v -0.01789133 0.01924499 -0.04839065
v -0.01602351 0.01942576 -0.04843035
v -0.01602351 0.02005846 -0.04829803
v -0.01416145 0.02346081 -0.04758788
v -0.01229362 0.02351246 -0.04760111
v -0.01135971 0.02353183 -0.04760552
v -0.00949188 0.02353183 -0.04760111
v -0.00669591 0.02345435 -0.04757464
v -0.00855797 0.02399666 -0.04744232
v -0.00762982 0.02397084 -0.04743350
v -0.00669591 0.02392565 -0.04742027
v 0.01756275 0.00325975 -0.04725265
v 0.01756275 0.00233007 -0.04727912
v 0.01756275 0.00046427 -0.04731440
v 0.01699203 0.00046427 -0.04749966
v -0.00482809 0.02472620 -0.04697036
v 0.01096772 0.01627520 -0.04766727
v 0.01156727 0.01592657 -0.04756141
v 0.01224752 0.01539072 -0.04745114
v 0.01242623 0.01492588 -0.04753054
v 0.01061606 0.01684333 -0.04755700
v 0.01622530 0.01223369 -0.04662631
v 0.01684791 0.01165910 -0.04650280
v 0.01718803 0.01042599 -0.04663513
v -0.00389417 0.02472620 -0.04690420
v -0.00279308 0.02514585 -0.04657338
v -0.00202635 0.02508774 -0.04653809
v -0.00109820 0.02499736 -0.04648075
v 0.00169777 0.02411287 -0.04652927
v 0.00080998 0.02466810 -0.04638371
v 0.00169777 0.02472620 -0.04618522
v 0.00308711 0.02331878 -0.04659543
v 0.01009722 0.01819265 -0.04708945
v 0.01009722 0.01752768 -0.04743791
v 0.00449951 0.02379007 -0.04604408
v 0.00534695 0.02378362 -0.04581912
v 0.00614827 0.02346727 -0.04574414
v 0.00677087 0.02328004 -0.04564710
v 0.00729548 0.02310573 -0.04556329
v 0.00818327 0.02280229 -0.04540009
v 0.00886930 0.02344144 -0.04480463
v 0.00990697 0.02259570 -0.04483991
v 0.01052382 0.02236328 -0.04471641
v 0.01752240 0.01073588 -0.04642782
v 0.01756275 0.01165910 -0.04619846
v 0.01911927 0.01054866 -0.04573973
v 0.01930375 0.00979330 -0.04582795
v 0.02032413 0.00892818 -0.04550154
v 0.01977070 0.00979330 -0.04560740
v 0.02035872 0.00979330 -0.04530746
v 0.01942481 0.00699136 -0.04622492
v 0.02057779 0.00792749 -0.04554565
v 0.02129264 0.00792749 -0.04512662
v 0.02129264 0.00699136 -0.04529864
v 0.02081991 0.00648779 -0.04566033
v 0.01877914 0.00699136 -0.04651604
v 0.01816230 0.00792749 -0.04666160
v 0.01831219 0.00699136 -0.04671894
v 0.01843325 0.00606169 -0.04676305
v 0.01849666 0.00419588 -0.04686891
v 0.01849666 0.00325975 -0.04692625
v 0.01823724 -0.02165425 -0.04026144
v 0.01885985 -0.02135727 -0.03996591
v 0.01917692 -0.02073749 -0.04027467
v 0.02011083 -0.01980781 -0.04026585
v 0.02072768 -0.01949146 -0.03997032
v 0.02132146 -0.01915575 -0.03963510
v 0.02163276 -0.01944627 -0.03897788
v 0.02130416 -0.02007251 -0.03868235
v 0.02159241 -0.02035012 -0.03798544
v 0.02199595 -0.02078914 -0.03680332
v 0.02187489 -0.01972388 -0.03835595
v 0.02216313 -0.01998213 -0.03764580
v 0.02271656 -0.01962059 -0.03730616
v 0.02246291 -0.02025328 -0.03680332
v 0.02226114 -0.02103447 -0.03592997
v 0.02279151 -0.02064065 -0.03558593
v 0.02294716 -0.02082142 -0.03493312
v 0.02266468 -0.02142829 -0.03438617
v 0.02238797 -0.02188667 -0.03404654
v 0.02186336 -0.02251291 -0.03400243
v 0.02142523 -0.02297775 -0.03400243
v 0.02022037 -0.02460468 -0.03306733
v 0.01931528 -0.02555372 -0.03306733
v 0.01958623 -0.02488229 -0.03400243
v 0.01945940 -0.02568930 -0.03222926
v 0.01997248 -0.02527611 -0.03190727
v 0.01960352 -0.02583133 -0.03120153
v 0.01913657 -0.02629617 -0.03120153
v 0.01969000 -0.02591526 -0.03027084
v 0.01975341 -0.02597337 -0.02933574
v 0.01977070 -0.02599273 -0.02840505
v 0.01975917 -0.02598628 -0.02746994
v 0.01971882 -0.02593463 -0.02653484
v 0.02006472 -0.02537941 -0.02560856
v 0.01995518 -0.02526320 -0.02467346
v 0.02080262 -0.02423023 -0.02431177
v 0.02159241 -0.02313915 -0.02374277
v 0.02112545 -0.02365563 -0.02374277
v 0.02095827 -0.02347486 -0.02280767
v 0.02175959 -0.02239670 -0.02233570
v 0.02277998 -0.02062773 -0.02124181
v 0.02189218 -0.02161551 -0.02114918
v 0.02148288 -0.02192541 -0.02088012
v 0.02107934 -0.02191895 -0.02009058
v 0.02083721 -0.02240316 -0.02045668
v 0.02095251 -0.02160260 -0.01934514
v 0.02039908 -0.02196414 -0.01901874
v 0.01983412 -0.02233214 -0.01869675
v 0.01964388 -0.02213200 -0.01814539
v 0.01899821 -0.02242898 -0.01763373
v 0.01905009 -0.02154450 -0.01664128
v 0.01877338 -0.02127334 -0.01601935
v 0.01815077 -0.02158323 -0.01567531
v 0.01879644 -0.02036304 -0.01505338
v 0.01817383 -0.02067293 -0.01474020
v 0.01721109 -0.02063419 -0.01384039
v 0.01625989 -0.02155095 -0.01386244
v 0.01495702 -0.02308750 -0.01416238
v 0.01718803 -0.01968515 -0.01293616
v 0.01437477 -0.01135035 -0.00390713
v -0.02368505 0.00039971 -0.00390713
v -0.02806636 0.00039325 -0.00464375
v 0.01849666 0.00046427 -0.04699241
v 0.02035872 -0.00046541 -0.04620287
v 0.01921728 0.00046427 -0.04671453
v 0.02111392 -0.00233121 -0.04580589
v 0.02114275 -0.00139508 -0.04581912
v 0.02369659 -0.00606283 -0.04385629
v 0.02430191 -0.00419702 -0.04356517
v 0.02480345 -0.00419702 -0.04309762
v 0.02465357 -0.00606283 -0.04295648
v 0.02459592 -0.00670843 -0.04290354
v 0.02548371 -0.00741860 -0.04192433
v 0.02453250 -0.00732822 -0.04283738
v 0.02356977 -0.00725074 -0.04375484
v 0.02316046 -0.00512669 -0.04432384
v 0.02322388 -0.00326089 -0.04446940
v 0.02383495 -0.00419702 -0.04396215
v 0.02299328 -0.00792863 -0.04400626
v 0.02284916 -0.00886476 -0.04390922
v 0.02274539 -0.00951037 -0.04383865
v 0.02363895 -0.01029156 -0.04287708
v 0.02317775 -0.01065310 -0.04314173
v 0.02346024 -0.00792863 -0.04367103
v 0.02309705 -0.00981381 -0.04347696
v 0.02107357 -0.00326089 -0.04578825
v 0.02158088 -0.00233121 -0.04556770
v 0.02222655 -0.00233121 -0.04516632
v 0.02274539 -0.01224775 -0.04291237
v 0.02260703 -0.01286753 -0.04278445
v 0.02242256 -0.01352605 -0.04262125
v 0.02287222 -0.01166024 -0.04302705
v 0.02276268 -0.01410064 -0.04199932
v 0.02218043 -0.01439116 -0.04235660
v 0.02193831 -0.01519172 -0.04209636
v 0.02173077 -0.01581796 -0.04190669
v 0.02134452 -0.01546287 -0.04244923
v 0.02107357 -0.01632799 -0.04214488
v 0.02154053 -0.01632799 -0.04173026
v 0.02183453 -0.01688321 -0.04106863
v 0.02122346 -0.01718019 -0.04140385
v 0.02068732 -0.01849723 -0.04086573
v 0.02095251 -0.01787745 -0.04111715
v 0.02101016 -0.01886522 -0.04024379
v 0.02039908 -0.01916866 -0.04056579
v 0.01977070 -0.01946564 -0.04088778
v -0.02806636 0.01706284 -0.04763198
v -0.02703445 0.01794732 -0.04760993
v -0.02664243 0.01856711 -0.04749966
v -0.02601983 0.01880598 -0.04758788
v -0.02631384 0.01823139 -0.04770697
v -0.02348904 0.02192427 -0.04707180
v -0.02255513 0.02192427 -0.04725265
v -0.02162698 0.02286040 -0.04707622
v -0.02069307 0.02369969 -0.04682039
v -0.01882524 0.02379007 -0.04704975
v -0.01789133 0.02379007 -0.04716885
v -0.01695742 0.02326067 -0.04751289
v -0.01646164 0.02331878 -0.04753054
v -0.01583903 0.02336397 -0.04755259
v -0.01508959 0.02342207 -0.04757023
v -0.01416145 0.02392565 -0.04738498
v -0.01229362 0.02397730 -0.04742027
v -0.01135971 0.02399666 -0.04743350
v -0.01042580 0.02400312 -0.04743791
v -0.00855797 0.02472620 -0.04708063
v -0.00762982 0.02472620 -0.04706739
v -0.00669591 0.02472620 -0.04704093
v -0.00576200 0.02472620 -0.04701005
v 0.01849666 0.00233007 -0.04695712
v -0.00576200 0.02530725 -0.04667483
v -0.00482809 0.02527497 -0.04665278
v -0.00389417 0.02522332 -0.04662190
v 0.01194198 0.01724361 -0.04678510
v 0.01191316 0.01627520 -0.04724824
v 0.01349850 0.01599759 -0.04666160
v 0.01381557 0.01535844 -0.04676746
v 0.01436900 0.01502272 -0.04663513
v 0.01762617 0.01264043 -0.04591175
v 0.01657119 0.01256296 -0.04639695
v 0.01096772 0.01719842 -0.04723501
v -0.00340992 0.02519104 -0.04659984
v -0.00202635 0.02565588 -0.04616758
v 0.00076962 0.02550093 -0.04587205
v -0.00016429 0.02487469 -0.04641018
v -0.00100596 0.02575272 -0.04597350
v 0.00356560 0.02456480 -0.04585000
v 0.00449951 0.02437112 -0.04573531
v 0.00356560 0.02379007 -0.04626462
v 0.00271816 0.02378362 -0.04645870
v 0.00169777 0.02537181 -0.04578825
v 0.00265474 0.02479076 -0.04592939
v 0.00236073 0.02526206 -0.04571326
v 0.01096195 0.01815392 -0.04675422
v 0.01161338 0.01782466 -0.04665278
v 0.00497799 0.02426782 -0.04566915
v 0.00641922 0.02378362 -0.04547948
v 0.00729548 0.02379007 -0.04518837
v 0.00814292 0.02376425 -0.04489284
v 0.00777397 0.02426782 -0.04473846
v 0.00917483 0.02376425 -0.04446940
v 0.01007416 0.02380298 -0.04405478
v 0.00949190 0.02321548 -0.04467230
v 0.01016639 0.02288622 -0.04457526
v 0.01107148 0.02290559 -0.04413858
v 0.01103113 0.02214377 -0.04459731
v 0.01410958 0.01943868 -0.04465024
v 0.01287589 0.01819265 -0.04588529
v 0.01835831 0.01165910 -0.04582795
v 0.01816807 0.01236282 -0.04573531
v 0.01943057 0.01080690 -0.04553242
v 0.02133299 0.00876678 -0.04494577
v 0.02107357 0.00979330 -0.04489725
v 0.02018578 0.01165910 -0.04491490
v 0.02042790 0.01076817 -0.04501635
v 0.02093521 0.01048410 -0.04480463
v 0.02183453 0.00792749 -0.04478257
v 0.02196713 0.00699136 -0.04487079
v 0.02207090 0.00606169 -0.04494136
v 0.02122346 0.00613270 -0.04545743
v 0.02147711 0.00419588 -0.04550595
v 0.02087180 0.00586800 -0.04568680
v 0.02035872 0.00419588 -0.04606172
v 0.02045096 0.00613270 -0.04585882
v 0.01889444 0.00606169 -0.04657338
v 0.01906162 0.00419588 -0.04664395
v 0.01913080 0.00325975 -0.04667483
v 0.01916539 0.00233007 -0.04669247
v 0.02163276 -0.01851014 -0.03992621
v 0.02189218 -0.01882649 -0.03930428
v 0.02219772 -0.01909119 -0.03862942
v 0.02262433 -0.02044696 -0.03620786
v 0.02275115 -0.01873610 -0.03828096
v 0.02249750 -0.01935589 -0.03792810
v 0.02362742 -0.01772896 -0.03820157
v 0.02357553 -0.01858761 -0.03716943
v 0.02335070 -0.01912347 -0.03683420
v 0.02366201 -0.01964641 -0.03547566
v 0.02284916 -0.01978844 -0.03680332
v 0.02314893 -0.02004669 -0.03584176
v 0.02341412 -0.02025974 -0.03493312
v 0.02355247 -0.02042760 -0.03424503
v 0.02365624 -0.02056317 -0.03362309
v 0.02276845 -0.02155095 -0.03376424
v 0.02288375 -0.02168653 -0.03306733
v 0.02248597 -0.02215137 -0.03306733
v 0.02201901 -0.02268077 -0.03306733
v 0.02159241 -0.02314560 -0.03306733
v 0.02112545 -0.02364272 -0.03306733
v 0.02078532 -0.02421731 -0.03248068
v 0.02038178 -0.02474671 -0.03219398
v 0.01986871 -0.02516636 -0.03252920
v 0.02088909 -0.02432707 -0.03185875
v 0.02005319 -0.02536004 -0.03120153
v 0.02013389 -0.02545042 -0.03027084
v 0.02018578 -0.02550853 -0.02933574
v 0.02020307 -0.02552789 -0.02840505
v 0.02019154 -0.02552144 -0.02746994
v 0.02015119 -0.02546979 -0.02653484
v 0.02061238 -0.02495976 -0.02653484
v 0.02053167 -0.02486292 -0.02560856
v 0.02087756 -0.02431415 -0.02493370
v 0.02049132 -0.02466278 -0.02464258
v 0.02170194 -0.02326181 -0.02443969
v 0.02200748 -0.02267431 -0.02374277
v 0.02142523 -0.02295838 -0.02280767
v 0.02184607 -0.02248708 -0.02280767
v 0.02247444 -0.02212554 -0.02374277
v 0.02235914 -0.02187376 -0.02280326
v 0.02264162 -0.02139601 -0.02249008
v 0.02291257 -0.02078914 -0.02187698
v 0.02313164 -0.02002732 -0.02099921
v 0.02283762 -0.01978199 -0.02001118
v 0.02271080 -0.01962059 -0.01950393
v 0.02246291 -0.02024683 -0.02001118
v 0.02160394 -0.02127334 -0.02001118
v 0.02173653 -0.02142829 -0.02052725
v 0.02363895 -0.01961413 -0.02137855
v 0.02184030 -0.02061482 -0.01941130
v 0.02165006 -0.02040177 -0.01878937
v 0.02075074 -0.02137664 -0.01872321
v 0.02008777 -0.02166071 -0.01814539
v 0.01991483 -0.02147994 -0.01764696
v 0.01967270 -0.02122815 -0.01702503
v 0.01996671 -0.02060837 -0.01665452
v 0.01907892 -0.02064710 -0.01567531
v 0.01940175 -0.02002732 -0.01537537
v 0.01909621 -0.01974325 -0.01473579
v 0.01783370 -0.02033721 -0.01411827
v 0.01877338 -0.01940754 -0.01411386
v 0.01815077 -0.01971743 -0.01383157
v 0.01751087 -0.02000795 -0.01352281
v 0.01781064 -0.01937525 -0.01320964
v 0.01812195 -0.01874902 -0.01292734
v 0.01807006 -0.01777415 -0.01204076
v 0.01490514 -0.01078222 -0.00390713
v -0.02806636 0.00050300 -0.00464816
v -0.02304514 0.00233007 -0.00390713
v 0.02116581 -0.00046541 -0.04582795
v 0.02035872 0.00046427 -0.04620287
v 0.02035872 0.00233007 -0.04615876
v 0.02160971 -0.00139508 -0.04558535
v 0.02163276 -0.00046541 -0.04559858
v 0.02435379 -0.00326089 -0.04361369
v 0.02527041 -0.00419702 -0.04265654
v 0.02485534 -0.00326089 -0.04314614
v 0.02512052 -0.00606283 -0.04251098
v 0.02519547 -0.00512669 -0.04258596
v 0.02554136 -0.00679236 -0.04198609
v 0.02584690 -0.00706352 -0.04155382
v 0.02635998 -0.00699250 -0.04091425
v 0.02578925 -0.00792863 -0.04137739
v 0.02566242 -0.00886476 -0.04122301
v 0.02556442 -0.00959430 -0.04109509
v 0.02540877 -0.00792863 -0.04184053
v 0.02458439 -0.01033029 -0.04195962
v 0.02466510 -0.00979444 -0.04203901
v 0.02371389 -0.00979444 -0.04295207
v 0.02385225 -0.00886476 -0.04307557
v 0.02445180 -0.00792863 -0.04276240
v 0.02398484 -0.00792863 -0.04320348
v 0.02388684 -0.00326089 -0.04400185
v 0.02279151 -0.00233121 -0.04479580
v 0.02325270 -0.00233121 -0.04449145
v 0.02446333 -0.01095008 -0.04183612
v 0.02350635 -0.01091134 -0.04275357
v 0.02222655 -0.00046541 -0.04522806
v 0.02281457 -0.00139508 -0.04481345
v 0.02384072 -0.01166024 -0.04213164
v 0.02369659 -0.01228003 -0.04199932
v 0.02355247 -0.01290627 -0.04186258
v 0.02339106 -0.01352605 -0.04171702
v 0.02292410 -0.01352605 -0.04215370
v 0.02371389 -0.01413938 -0.04109068
v 0.02256091 -0.01472688 -0.04180965
v 0.02288951 -0.01521754 -0.04118772
v 0.02268197 -0.01583733 -0.04098482
v 0.02204207 -0.01632799 -0.04126270
v 0.02250326 -0.01632799 -0.04081280
v 0.02275692 -0.01687675 -0.04014235
v 0.02217466 -0.01719310 -0.04048198
v 0.02157512 -0.01750299 -0.04082603
v 0.02129264 -0.01819379 -0.04053491
v 0.02188642 -0.01789036 -0.04020410
v -0.02806636 0.01810227 -0.04725706
v -0.02593912 0.02153690 -0.04663513
v -0.02535686 0.02174349 -0.04671453
v -0.02451519 0.02201465 -0.04682480
v -0.02426153 0.02252468 -0.04667042
v -0.02259548 0.02292496 -0.04683803
v -0.02162698 0.02355120 -0.04673217
v -0.02069307 0.02416452 -0.04654250
v -0.01953432 0.02431947 -0.04663954
v -0.01981104 0.02387400 -0.04685567
v -0.01882524 0.02440340 -0.04669688
v -0.01789133 0.02450669 -0.04675863
v -0.01695742 0.02379007 -0.04725265
v -0.01695742 0.02458417 -0.04680715
v -0.01610421 0.02372551 -0.04735851
v -0.01508959 0.02388691 -0.04735410
v -0.01416145 0.02472620 -0.04694830
v -0.01322753 0.02472620 -0.04698800
v -0.01229362 0.02472620 -0.04702329
v -0.01135971 0.02472620 -0.04705416
v -0.01042580 0.02472620 -0.04706739
v -0.00855797 0.02535244 -0.04670570
v -0.00762982 0.02534599 -0.04670129
v -0.00576200 0.02577209 -0.04635725
v -0.00482809 0.02573981 -0.04633960
v -0.00389417 0.02568816 -0.04630432
v -0.00304674 0.02556549 -0.04631755
v 0.01223599 0.01754705 -0.04651163
v 0.01256459 0.01692081 -0.04665719
v 0.01288166 0.01631393 -0.04679392
v 0.01538939 0.01602987 -0.04574414
v 0.01412111 0.01564896 -0.04651604
v 0.01288166 0.01724361 -0.04636166
v 0.01416146 0.01759224 -0.04560299
v 0.01446701 0.01697246 -0.04574855
v 0.01477254 0.01633330 -0.04589852
v 0.01626565 0.01505500 -0.04571326
v 0.01688826 0.01465472 -0.04556329
v 0.01730910 0.01352491 -0.04577060
v 0.01797782 0.01298260 -0.04564269
v -0.00296026 0.02629503 -0.04580148
v -0.00202635 0.02624338 -0.04575737
v -0.00125385 0.02618528 -0.04571326
v -0.00016429 0.02606907 -0.04562946
v 0.00076962 0.02596577 -0.04555447
v -0.00063125 0.02612071 -0.04566474
v 0.00356560 0.02503609 -0.04556770
v 0.00449951 0.02484241 -0.04544420
v 0.00169777 0.02583665 -0.04546184
v 0.00298334 0.02514585 -0.04563828
v 0.00398067 0.02610780 -0.04472082
v 0.00362901 0.02573981 -0.04506487
v 0.01353886 0.01788276 -0.04574855
v 0.00534695 0.02463582 -0.04531629
v 0.00629815 0.02473912 -0.04494136
v 0.00729548 0.02439694 -0.04482227
v 0.00656334 0.02505546 -0.04464583
v 0.00729548 0.02486178 -0.04451351
v 0.00801033 0.02533307 -0.04390481
v 0.00863293 0.02515230 -0.04377248
v 0.00916330 0.02451961 -0.04397979
v 0.00974556 0.02433884 -0.04385629
v 0.01078900 0.02349955 -0.04391804
v 0.01141161 0.02325422 -0.04375484
v 0.01178633 0.02263443 -0.04394451
v 0.01508961 0.01853483 -0.04466348
v 0.01446701 0.01881244 -0.04481786
v 0.01339473 0.02148525 -0.04381659
v 0.01436324 0.02059431 -0.04384306
v 0.01470913 0.02001972 -0.04399744
v 0.01942481 0.01165910 -0.04531188
v 0.01949975 0.01265334 -0.04499870
v 0.02001859 0.01238218 -0.04481345
v 0.02166735 0.00901857 -0.04467230
v 0.02230149 0.00792749 -0.04447381
v 0.02264739 0.01013547 -0.04376807
v 0.02229573 0.00981267 -0.04407683
v 0.02204207 0.01072943 -0.04398862
v 0.02321811 0.00695908 -0.04405037
v 0.02365048 0.00662982 -0.04381659
v 0.02215160 0.00512555 -0.04498988
v 0.02139640 0.00512555 -0.04545743
v 0.02316046 0.00606169 -0.04421798
v 0.02308552 0.00420234 -0.04447822
v 0.02272233 0.00389244 -0.04475169
v 0.02101016 0.00419588 -0.04575737
v 0.02230149 0.00420234 -0.04498988
v 0.02222655 0.00325975 -0.04512221
v 0.02154053 0.00325975 -0.04554565
v 0.02035872 0.00325975 -0.04612347
v 0.01959776 0.00325975 -0.04646752
v 0.02220349 -0.01816151 -0.03957334
v 0.02250903 -0.01750299 -0.03984241
v 0.02276268 -0.01781288 -0.03922048
v 0.02413473 -0.01731577 -0.03780459
v 0.02442874 -0.01752882 -0.03702387
v 0.02380613 -0.01796783 -0.03757964
v 0.02295293 -0.01721893 -0.03956011
v 0.02361589 -0.01677991 -0.03911903
v 0.02384072 -0.01710272 -0.03849710
v 0.02446333 -0.01664434 -0.03802954
v 0.02459015 -0.01777415 -0.03640194
v 0.02438262 -0.01842621 -0.03586822
v 0.02388107 -0.01912347 -0.03581970
v 0.02452097 -0.01861344 -0.03529922
v 0.02377154 -0.01978844 -0.03493312
v 0.02463051 -0.01875547 -0.03467729
v 0.02440568 -0.01937525 -0.03400243
v 0.02389260 -0.02009188 -0.03396273
v 0.02425003 -0.02000795 -0.03306292
v 0.02374272 -0.02067293 -0.03306733
v 0.02335070 -0.02113776 -0.03306733
v 0.02262433 -0.02231277 -0.03213664
v 0.02170194 -0.02326181 -0.03240570
v 0.02095251 -0.02439808 -0.03120153
v 0.02052014 -0.02486292 -0.03120153
v 0.02179418 -0.02335865 -0.03178377
v 0.02065273 -0.02500495 -0.02933574
v 0.02192101 -0.02350069 -0.03027084
v 0.02067003 -0.02501786 -0.02840505
v 0.02109087 -0.02455303 -0.02840505
v 0.02107934 -0.02454012 -0.02746994
v 0.02154629 -0.02402363 -0.02746994
v 0.02150017 -0.02397198 -0.02653484
v 0.02183453 -0.02340385 -0.02560856
v 0.02177689 -0.02334574 -0.02506162
v 0.02207666 -0.02291319 -0.02472198
v 0.02260703 -0.02228695 -0.02467346
v 0.02286069 -0.02166071 -0.02374277
v 0.02362742 -0.02053089 -0.02327081
v 0.02351788 -0.02038240 -0.02264888
v 0.02337376 -0.02020163 -0.02187698
v 0.02348906 -0.01940754 -0.02075662
v 0.02356400 -0.01857470 -0.01967155
v 0.02363318 -0.01774187 -0.01859530
v 0.02290681 -0.01910410 -0.01914665
v 0.02253785 -0.01939462 -0.01888200
v 0.02373119 -0.01973680 -0.02187698
v 0.02448639 -0.01855533 -0.02162556
v 0.02467086 -0.01789036 -0.02094187
v 0.02456133 -0.01773541 -0.02046550
v 0.02136758 -0.02014353 -0.01803071
v 0.02191525 -0.01977553 -0.01837034
v 0.02060085 -0.02103447 -0.01806158
v 0.02102745 -0.02075040 -0.01831741
v 0.02106204 -0.01985946 -0.01721029
v 0.02013389 -0.02095054 -0.01728527
v 0.02087756 -0.01964641 -0.01668098
v 0.01970153 -0.02031784 -0.01603259
v 0.01998977 -0.01969806 -0.01569736
v 0.01971882 -0.01940108 -0.01507543
v 0.02000130 -0.01878130 -0.01475344
v 0.01970729 -0.01845849 -0.01413151
v 0.01908468 -0.01878775 -0.01383157
v 0.01874455 -0.01843267 -0.01320964
v 0.01937293 -0.01813569 -0.01353163
v 0.01903280 -0.01780643 -0.01294498
v 0.01897515 -0.01681219 -0.01206281
v 0.01919422 -0.01632799 -0.01186874
v 0.01890021 -0.01579859 -0.01119387
v 0.01572375 -0.00984609 -0.00390713
v -0.02806636 0.00139394 -0.00472314
v -0.02252630 0.00319519 -0.00390713
v -0.02806636 0.00233007 -0.00480254
v 0.02116581 0.00046427 -0.04582795
v 0.02114275 0.00139394 -0.04581912
v 0.02111392 0.00233007 -0.04580589
v 0.02163276 0.00046427 -0.04559858
v 0.02438262 -0.00233121 -0.04364016
v 0.02488416 -0.00233121 -0.04317702
v 0.02575466 -0.00419702 -0.04218899
v 0.02560478 -0.00606283 -0.04204784
v 0.02532230 -0.00326089 -0.04270506
v 0.02622162 -0.00419702 -0.04168174
v 0.02614667 -0.00512669 -0.04158470
v 0.02613514 -0.00610156 -0.04139944
v 0.02641186 -0.00643728 -0.04098041
v 0.02670011 -0.00699250 -0.04044669
v 0.02659634 -0.00792863 -0.04030555
v 0.02625621 -0.00792863 -0.04076869
v 0.02527041 -0.00886476 -0.04168615
v 0.02547795 -0.01021408 -0.04098482
v 0.02519547 -0.00985900 -0.04143032
v 0.02486687 -0.01067246 -0.04150089
v 0.02391566 -0.00233121 -0.04402390
v 0.02330458 -0.00046541 -0.04452233
v 0.02474004 -0.01166024 -0.04120977
v 0.02430768 -0.01166024 -0.04167733
v 0.02222655 0.00046427 -0.04522806
v 0.02408861 -0.01258346 -0.04146560
v 0.02386378 -0.01352605 -0.04124947
v 0.02448062 -0.01288690 -0.04090101
v 0.02433073 -0.01352605 -0.04071576
v 0.02458439 -0.01403608 -0.04009824
v 0.02405402 -0.01439762 -0.04048639
v 0.02351212 -0.01475916 -0.04087014
v 0.02344294 -0.01641192 -0.03965274
v 0.02357553 -0.01577922 -0.04000120
v -0.02806636 0.01819911 -0.04722178
v -0.02806636 0.02016176 -0.04650280
v -0.02656173 0.02129157 -0.04653809
v -0.02488414 0.02238910 -0.04659543
v -0.02230724 0.02341562 -0.04665278
v -0.02162698 0.02401603 -0.04644546
v -0.02069307 0.02472620 -0.04615876
v -0.01981104 0.02466810 -0.04635284
v -0.01882524 0.02487469 -0.04638371
v -0.01789133 0.02497153 -0.04645429
v -0.01695742 0.02504901 -0.04650722
v -0.01602351 0.02465519 -0.04684685
v -0.01477829 0.02521041 -0.04661308
v -0.01508959 0.02480368 -0.04683803
v -0.01416145 0.02523623 -0.04663072
v -0.01322753 0.02526851 -0.04665278
v -0.01229362 0.02529434 -0.04667042
v -0.01135971 0.02532016 -0.04668365
v -0.01042580 0.02533307 -0.04669247
v -0.00949188 0.02533953 -0.04670129
v -0.00949188 0.02581082 -0.04637489
v -0.00855797 0.02581728 -0.04638371
v -0.00762982 0.02581082 -0.04638371
v -0.00576200 0.02640478 -0.04588970
v -0.00482809 0.02638542 -0.04587205
v 0.01786253 0.01566833 -0.04465024
v 0.01601200 0.01567478 -0.04558976
v 0.01477254 0.01726943 -0.04546184
v 0.01571799 0.01727589 -0.04499429
v 0.01569493 0.01633330 -0.04544861
v 0.01477254 0.01821202 -0.04498988
v 0.01541821 0.01791504 -0.04483550
v 0.01659425 0.01537780 -0.04541773
v 0.01812771 0.01504209 -0.04478257
v 0.01899244 0.01403494 -0.04475169
v 0.01918845 0.01352491 -0.04484873
v 0.01849666 0.01352491 -0.04519278
v 0.01985718 0.01300197 -0.04471199
v -0.00389417 0.02681152 -0.04545302
v -0.00202635 0.02670822 -0.04537363
v -0.00100596 0.02653390 -0.04538686
v 0.00070621 0.02665657 -0.04502076
v 0.00169777 0.02644998 -0.04499429
v 0.00449951 0.02553321 -0.04497665
v 0.00542766 0.02533307 -0.04483109
v 0.00263168 0.02631440 -0.04488402
v 0.00335806 0.02620464 -0.04479580
v 0.00449951 0.02600451 -0.04464142
v 0.00362901 0.02654682 -0.04443411
v 0.00413632 0.02708913 -0.04382982
v 0.00446492 0.02664366 -0.04412094
v 0.00542766 0.02639187 -0.04402390
v 0.00594073 0.02521041 -0.04474728
v 0.00637886 0.02566233 -0.04427091
v 0.00681123 0.02611426 -0.04379454
v 0.00729548 0.02552030 -0.04404596
v 0.00729548 0.02599159 -0.04369750
v 0.00828128 0.02564942 -0.04354312
v 0.00912872 0.02568170 -0.04315055
v 0.00916330 0.02499090 -0.04365780
v 0.00991850 0.02538472 -0.04301381
v 0.01014334 0.02475203 -0.04336227
v 0.01036817 0.02411933 -0.04370632
v 0.01107148 0.02380298 -0.04356076
v 0.01203998 0.02290559 -0.04364016
v 0.01240317 0.02236973 -0.04379013
v 0.01259918 0.02347372 -0.04296971
v 0.01532597 0.01968401 -0.04385629
v 0.01723415 0.01785694 -0.04387393
v 0.01289319 0.02216314 -0.04365780
v 0.01290472 0.02287976 -0.04318584
v 0.01356768 0.02258279 -0.04299617
v 0.01613306 0.02050393 -0.04285061
v 0.01710156 0.01960008 -0.04287267
v 0.02034143 0.01265334 -0.04450469
v 0.02111969 0.01259524 -0.04399744
v 0.02284916 0.00886362 -0.04390922
v 0.02299328 0.00792749 -0.04400626
v 0.02356977 0.00724960 -0.04375484
v 0.02250903 0.01072943 -0.04367103
v 0.02317775 0.01065196 -0.04314173
v 0.02363895 0.01029042 -0.04287708
v 0.02309705 0.00981267 -0.04347696
v 0.02346024 0.00792749 -0.04367103
v 0.02274539 0.00950923 -0.04383865
v 0.02465357 0.00606169 -0.04295648
v 0.02480345 0.00419588 -0.04309762
v 0.02430191 0.00419588 -0.04356517
v 0.02369659 0.00606169 -0.04385629
v 0.02453250 0.00732708 -0.04283738
v 0.02548371 0.00741746 -0.04192433
v 0.02459592 0.00670729 -0.04290354
v 0.02316046 0.00512555 -0.04432384
v 0.02383495 0.00419588 -0.04396215
v 0.02322388 0.00325975 -0.04446940
v 0.02107357 0.00325975 -0.04578825
v 0.02222655 0.00233007 -0.04516632
v 0.02158088 0.00233007 -0.04556770
v 0.02463051 -0.01690903 -0.03740761
v 0.02463051 -0.01504323 -0.03922930
v 0.02443450 -0.01566301 -0.03896465
v 0.02414049 -0.01639900 -0.03873087
v 0.02465357 -0.01602455 -0.03834271
v 0.02546065 -0.01486891 -0.03813540
v 0.02531077 -0.01543059 -0.03779136
v 0.02472275 -0.01796137 -0.03586822
v 0.02475734 -0.01723829 -0.03674598
v 0.02520123 -0.01723184 -0.03585499
v 0.02537994 -0.01754173 -0.03493312
v 0.02488416 -0.01825835 -0.03496841
v 0.02525312 -0.01816797 -0.03405536
v 0.02474004 -0.01891042 -0.03400243
v 0.02460745 -0.01965932 -0.03274974
v 0.02386378 -0.02082142 -0.03213664
v 0.02348330 -0.02128625 -0.03213664
v 0.02301634 -0.02184793 -0.03213664
v 0.02268774 -0.02238379 -0.03162498
v 0.02209972 -0.02291319 -0.03211017
v 0.02141947 -0.02388805 -0.03120153
v 0.02184607 -0.02341676 -0.03120153
v 0.02154629 -0.02402363 -0.02933574
v 0.02238797 -0.02297775 -0.03027084
v 0.02197289 -0.02356525 -0.02840505
v 0.02196713 -0.02355234 -0.02746994
v 0.02192101 -0.02350069 -0.02653484
v 0.02238797 -0.02297129 -0.02653484
v 0.02236491 -0.02279052 -0.02559092
v 0.02267044 -0.02236442 -0.02526893
v 0.02298751 -0.02182211 -0.02467346
v 0.02332764 -0.02109257 -0.02374277
v 0.02370812 -0.02062773 -0.02374277
v 0.02457862 -0.01962059 -0.02415298
v 0.02406555 -0.01815506 -0.02006852
v 0.02423273 -0.01721893 -0.01910696
v 0.02446333 -0.01663142 -0.01881143
v 0.02428462 -0.01632153 -0.01814098
v 0.02377731 -0.01719310 -0.01822919
v 0.02365624 -0.01683802 -0.01762491
v 0.02343718 -0.01746426 -0.01797336
v 0.02281457 -0.01788390 -0.01749258
v 0.02310858 -0.01812278 -0.01822478
v 0.02277998 -0.01877484 -0.01847620
v 0.02435379 -0.01930424 -0.02280767
v 0.02468239 -0.01883940 -0.02280767
v 0.02481499 -0.01822607 -0.02191226
v 0.02531653 -0.01743198 -0.02187698
v 0.02550677 -0.01681865 -0.02136973
v 0.02513782 -0.01718019 -0.02101245
v 0.02537994 -0.01659914 -0.02074780
v 0.02471122 -0.01721893 -0.02009499
v 0.02224384 -0.01915575 -0.01811451
v 0.02170771 -0.01953020 -0.01774841
v 0.02156935 -0.01918157 -0.01712648
v 0.02174806 -0.01864572 -0.01676038
v 0.02156359 -0.01841976 -0.01627518
v 0.02107357 -0.01907828 -0.01633253
v 0.02088909 -0.01872965 -0.01573706
v 0.02061238 -0.01935589 -0.01605905
v 0.02062391 -0.01841330 -0.01511513
v 0.02030684 -0.01812278 -0.01447555
v 0.01998401 -0.01783871 -0.01385362
v 0.01966117 -0.01632799 -0.01229659
v 0.01987447 -0.01583733 -0.01209369
v 0.01593129 -0.00958784 -0.00390713
v -0.02095825 0.00517075 -0.00390713
v -0.02806636 0.00325975 -0.00495251
v 0.02160971 0.00139394 -0.04558535
v 0.02442874 -0.00046541 -0.04368427
v 0.02535112 -0.00233121 -0.04273152
v 0.02493028 -0.00046541 -0.04321672
v 0.02539724 -0.00046541 -0.04277563
v 0.02580655 -0.00326089 -0.04223750
v 0.02627350 -0.00326089 -0.04175231
v 0.02657904 -0.00419702 -0.04121860
v 0.02693070 -0.00512669 -0.04053491
v 0.02735154 -0.00461021 -0.04005854
v 0.02724200 -0.00606283 -0.03990416
v 0.02716706 -0.00699250 -0.03980271
v 0.02742071 -0.00771558 -0.03923371
v 0.02711518 -0.00798674 -0.03956893
v 0.02641186 -0.00928441 -0.04004972
v 0.02634268 -0.00979444 -0.03995268
v 0.02653869 -0.01073057 -0.03929546
v 0.02619856 -0.01073057 -0.03976301
v 0.02645221 -0.01126642 -0.03917195
v 0.02539147 -0.01073057 -0.04086132
v 0.02396178 -0.00046541 -0.04405478
v 0.02330458 0.00046427 -0.04452233
v 0.02461321 -0.01226066 -0.04106863
v 0.02281457 0.00139394 -0.04481345
v 0.02525312 -0.01172480 -0.04052609
v 0.02486110 -0.01258346 -0.04056579
v 0.02469392 -0.01352605 -0.04024821
v 0.02543183 -0.01385531 -0.03904404
v 0.02476887 -0.01439116 -0.03956452
v 0.02518970 -0.01353896 -0.03956893
v -0.02806636 0.02090421 -0.04620287
v -0.02806636 0.02098813 -0.04616758
v -0.02760517 0.02233745 -0.04563387
v -0.02535686 0.02286040 -0.04614553
v -0.02535686 0.02347372 -0.04576619
v -0.02434224 0.02380944 -0.04586764
v -0.02451519 0.02284103 -0.04642341
v -0.02348904 0.02315738 -0.04650280
v -0.02806636 0.02172413 -0.04581471
v -0.02259548 0.02375134 -0.04636607
v -0.02397329 0.02426137 -0.04566915
v -0.02255513 0.02452606 -0.04586323
v -0.02159239 0.02477140 -0.04593380
v -0.02126379 0.02522332 -0.04569121
v -0.02069307 0.02529434 -0.04574855
v -0.01882524 0.02551384 -0.04591616
v -0.01789133 0.02560423 -0.04598673
v -0.01700930 0.02574626 -0.04598232
v -0.01602351 0.02565588 -0.04615435
v -0.01508959 0.02557840 -0.04630873
v -0.01602351 0.02512002 -0.04655132
v -0.01416145 0.02570107 -0.04628667
v -0.01322753 0.02573335 -0.04631314
v -0.01135971 0.02578500 -0.04635725
v -0.00949188 0.02642415 -0.04591175
v -0.00855797 0.02643706 -0.04591616
v -0.00762982 0.02643706 -0.04591616
v -0.00669591 0.02688899 -0.04551477
v -0.00576200 0.02686962 -0.04550154
v -0.00482809 0.02685025 -0.04548389
v 0.01846207 0.01537135 -0.04446499
v 0.01724568 0.01600404 -0.04480904
v 0.01755699 0.01632039 -0.04449145
v 0.01847360 0.01629457 -0.04401508
v 0.01604082 0.01759224 -0.04466789
v 0.01785676 0.01755350 -0.04370191
v 0.01874455 0.01466118 -0.04462378
v 0.02010507 0.01429318 -0.04394451
v 0.02039331 0.01353782 -0.04410771
v 0.02094674 0.01323439 -0.04388275
v 0.02158665 0.01259524 -0.04367985
v 0.01925186 0.01539072 -0.04399303
v -0.00389417 0.02730863 -0.04498547
v -0.00202635 0.02723116 -0.04490607
v -0.00109820 0.02717951 -0.04484873
v 0.00034879 0.02706330 -0.04473846
v 0.00097139 0.02700520 -0.04468553
v 0.00169777 0.02691481 -0.04460614
v 0.00542766 0.02579791 -0.04449145
v 0.00263168 0.02677924 -0.04448704
v 0.00618862 0.02624338 -0.04389599
v 0.00356560 0.02716014 -0.04390481
v 0.00363477 0.02769600 -0.04328288
v 0.00449951 0.02792196 -0.04278004
v 0.00446492 0.02739256 -0.04338874
v 0.00542766 0.02732800 -0.04315496
v 0.00475893 0.02698583 -0.04373279
v 0.00644804 0.02656618 -0.04352548
v 0.00690347 0.02708913 -0.04289472
v 0.00724936 0.02661783 -0.04317261
v 0.00822939 0.02631440 -0.04303146
v 0.00879435 0.02617236 -0.04291237
v 0.00941696 0.02600451 -0.04276681
v 0.01017216 0.02568170 -0.04263889
v 0.01053535 0.02517167 -0.04285502
v 0.01103113 0.02452606 -0.04306675
v 0.01192469 0.02378362 -0.04311526
v 0.01158456 0.02432593 -0.04291678
v 0.01322179 0.02320257 -0.04277563
v 0.01220717 0.02409351 -0.04274034
v 0.01270871 0.02449378 -0.04211841
v 0.01296237 0.02384818 -0.04244923
v 0.01689979 0.01847672 -0.04369309
v 0.01528562 0.02244721 -0.04197285
v 0.01815077 0.01970983 -0.04202578
v 0.01909045 0.01878661 -0.04203019
v 0.01803547 0.01866395 -0.04287267
v 0.01747051 0.01903840 -0.04299617
v 0.01755122 0.01817974 -0.04349460
v 0.01624836 0.02153690 -0.04199491
v 0.01746475 0.01996807 -0.04233013
v 0.02371389 0.00979330 -0.04295207
v 0.02385225 0.00886362 -0.04307557
v 0.02398484 0.00792749 -0.04320348
v 0.02287222 0.01165910 -0.04302705
v 0.02226690 0.01256941 -0.04317261
v 0.02274539 0.01224661 -0.04291237
v 0.02458439 0.01032915 -0.04195962
v 0.02350635 0.01091020 -0.04275357
v 0.02446333 0.01094894 -0.04183612
v 0.02512052 0.00606169 -0.04251098
v 0.02519547 0.00512555 -0.04258596
v 0.02527041 0.00419588 -0.04265654
v 0.02485534 0.00325975 -0.04314614
v 0.02435379 0.00325975 -0.04361369
v 0.02445180 0.00792749 -0.04276240
v 0.02466510 0.00979330 -0.04203901
v 0.02540877 0.00792749 -0.04184053
v 0.02556442 0.00959316 -0.04109509
v 0.02566242 0.00886362 -0.04122301
v 0.02578925 0.00792749 -0.04137739
v 0.02635998 0.00699136 -0.04091425
v 0.02584690 0.00706238 -0.04155382
v 0.02554136 0.00679122 -0.04198609
v 0.02388684 0.00325975 -0.04400185
v 0.02325270 0.00233007 -0.04449145
v 0.02279151 0.00233007 -0.04479580
v 0.02526465 -0.01633444 -0.03682979
v 0.02540877 -0.01665725 -0.03615934
v 0.02543759 -0.01576631 -0.03715620
v 0.02529347 -0.01452029 -0.03870441
v 0.02482652 -0.01536603 -0.03866030
v 0.02562207 -0.01424913 -0.03842211
v 0.02581231 -0.01452029 -0.03779136
v 0.02640033 -0.01487537 -0.03627402
v 0.02580078 -0.01543059 -0.03682979
v 0.02555289 -0.01689612 -0.03553741
v 0.02547218 -0.01769022 -0.03440382
v 0.02535688 -0.01846495 -0.03306733
v 0.02557019 -0.01784516 -0.03378189
v 0.02544912 -0.01860053 -0.03232630
v 0.02466510 -0.01974971 -0.03213664
v 0.02433073 -0.02021454 -0.03213664
v 0.02394449 -0.02092471 -0.03120153
v 0.02356977 -0.02138955 -0.03120153
v 0.02279151 -0.02250645 -0.03027084
v 0.02238220 -0.02279698 -0.03127211
v 0.02361589 -0.02144120 -0.03065459
v 0.02332188 -0.02186084 -0.03031495
v 0.02243409 -0.02302939 -0.02933574
v 0.02243985 -0.02303585 -0.02840505
v 0.02243409 -0.02302294 -0.02746994
v 0.02278574 -0.02250645 -0.02653484
v 0.02272809 -0.02243544 -0.02589086
v 0.02354671 -0.02136373 -0.02560856
v 0.02345447 -0.02124752 -0.02467346
v 0.02382919 -0.02078268 -0.02467346
v 0.02471122 -0.01981427 -0.02560856
v 0.02542030 -0.01855533 -0.02467346
v 0.02562207 -0.01792264 -0.02374277
v 0.02530500 -0.01838748 -0.02374277
v 0.02518394 -0.01813569 -0.02282531
v 0.02429615 -0.02015644 -0.02467346
v 0.02438262 -0.02027911 -0.02560856
v 0.02460745 -0.01687675 -0.01943336
v 0.02522429 -0.01630216 -0.02001559
v 0.02559901 -0.01510779 -0.01932309
v 0.02528770 -0.01540477 -0.01903638
v 0.02544912 -0.01484955 -0.01870116
v 0.02464780 -0.01600518 -0.01844974
v 0.02447486 -0.01572112 -0.01782781
v 0.02428462 -0.01540477 -0.01720146
v 0.02379460 -0.01626343 -0.01727204
v 0.02346024 -0.01652813 -0.01700298
v 0.02263586 -0.01670890 -0.01589144
v 0.02283762 -0.01699296 -0.01651337
v 0.02260703 -0.01761275 -0.01687065
v 0.02195560 -0.01891042 -0.01738231
v 0.02257821 -0.01850369 -0.01785427
v 0.02552983 -0.01778706 -0.02315171
v 0.02543183 -0.01761920 -0.02252978
v 0.02559325 -0.01696714 -0.02187698
v 0.02658481 -0.01521109 -0.02187698
v 0.02648104 -0.01502386 -0.02125504
v 0.02617550 -0.01535958 -0.02094187
v 0.02636574 -0.01481081 -0.02063311
v 0.02555866 -0.01597936 -0.02032876
v 0.02175959 -0.01772896 -0.01580763
v 0.02119463 -0.01807113 -0.01546359
v 0.02175383 -0.01677991 -0.01488576
v 0.02087756 -0.01778706 -0.01481519
v 0.02086603 -0.01684447 -0.01390214
v 0.02060661 -0.01746426 -0.01419326
v 0.02061238 -0.01632799 -0.01321846
v 0.01993212 -0.01683802 -0.01297586
v 0.02081415 -0.01584378 -0.01301997
v 0.02064697 -0.01374556 -0.01133061
v 0.02002436 -0.01416520 -0.01102626
v 0.01978223 -0.01479144 -0.01124680
v 0.01631177 -0.00908427 -0.00390713
v -0.02071036 0.00542253 -0.00390713
v -0.02004740 0.00609397 -0.00390713
v -0.02806636 0.00335659 -0.00497456
v 0.02442874 0.00046427 -0.04368427
v 0.02583537 -0.00233121 -0.04226397
v 0.02588725 -0.00046541 -0.04230808
v 0.02493028 0.00046427 -0.04321672
v 0.02539724 0.00046427 -0.04277563
v 0.02630233 -0.00233121 -0.04178759
v 0.02663093 -0.00326089 -0.04128476
v 0.02739766 -0.00399043 -0.04012029
v 0.02764555 -0.00426158 -0.03968803
v 0.02748989 -0.00699250 -0.03933516
v 0.02783579 -0.00699250 -0.03866912
v 0.02833157 -0.00763165 -0.03735909
v 0.02759943 -0.00798674 -0.03873969
v 0.02734001 -0.00833536 -0.03910138
v 0.02667128 -0.00979444 -0.03948513
v 0.02689035 -0.01073057 -0.03866912
v 0.02559901 -0.01145365 -0.04021292
v 0.02739189 -0.01127934 -0.03733704
v 0.02659634 -0.01160860 -0.03865147
v 0.02649257 -0.01229940 -0.03832948
v 0.02631962 -0.01188621 -0.03895582
v 0.02556442 -0.01323553 -0.03923371
v 0.02570278 -0.01259638 -0.03941896
v 0.02547218 -0.01207343 -0.04003649
v 0.02396178 0.00046427 -0.04405478
v 0.02391566 0.00233007 -0.04402390
v 0.02576619 -0.01353896 -0.03870441
v -0.02806636 0.02218897 -0.04554124
v -0.02806636 0.02279584 -0.04514867
v -0.02726504 0.02284748 -0.04543538
v -0.02584688 0.02333815 -0.04567356
v -0.02535686 0.02394502 -0.04543979
v -0.02459590 0.02413870 -0.04558094
v -0.02348904 0.02379007 -0.04610583
v -0.02348904 0.02482304 -0.04537804
v -0.02255513 0.02499736 -0.04551477
v -0.02188640 0.02512002 -0.04561181
v -0.02137332 0.02618528 -0.04479580
v -0.02069307 0.02575918 -0.04534275
v -0.01882524 0.02597868 -0.04553683
v -0.01789133 0.02606907 -0.04562063
v -0.01734943 0.02611426 -0.04565592
v -0.01602351 0.02620464 -0.04573090
v -0.01508959 0.02626275 -0.04578383
v -0.01416145 0.02630794 -0.04581912
v -0.01322753 0.02634022 -0.04584559
v -0.01229362 0.02637250 -0.04586764
v -0.01135971 0.02639833 -0.04588970
v -0.01042580 0.02641124 -0.04590293
v -0.00855797 0.02690190 -0.04552800
v -0.00762982 0.02690190 -0.04552359
v -0.00576200 0.02735383 -0.04503840
v -0.00482809 0.02734091 -0.04501635
v 0.01904433 0.01595885 -0.04385629
v 0.01814500 0.01692726 -0.04386952
v 0.01826030 0.01819265 -0.04302705
v 0.01895209 0.01771490 -0.04285943
v 0.01923457 0.01708866 -0.04305351
v 0.01876761 0.01657863 -0.04367544
v 0.01988600 0.01491297 -0.04379454
v 0.02072768 0.01385417 -0.04373279
v 0.02179995 0.01406076 -0.04289913
v 0.02196136 0.01352491 -0.04302705
v 0.01971882 0.01539072 -0.04367544
v -0.00482809 0.02780575 -0.04451351
v -0.00389417 0.02777347 -0.04447822
v -0.00296026 0.02774119 -0.04443852
v -0.00202635 0.02770245 -0.04439882
v -0.00109820 0.02764435 -0.04434589
v -0.00014123 0.02764435 -0.04419151
v 0.00070621 0.02738611 -0.04433266
v 0.00169777 0.02738611 -0.04413858
v 0.00263168 0.02727635 -0.04402390
v 0.00263168 0.02774119 -0.04350342
v 0.00399220 0.02798007 -0.04285502
v 0.00676511 0.02797361 -0.04191110
v 0.00542766 0.02779284 -0.04262125
v 0.00449951 0.02823831 -0.04231249
v 0.00542766 0.02814147 -0.04215370
v 0.00636157 0.02717951 -0.04299176
v 0.00542766 0.02685671 -0.04361810
v 0.00641922 0.02770245 -0.04236101
v 0.00724936 0.02736674 -0.04243158
v 0.00822939 0.02725053 -0.04214488
v 0.00752607 0.02694709 -0.04276240
v 0.00822939 0.02677924 -0.04260801
v 0.00912872 0.02657264 -0.04238747
v 0.01009722 0.02632731 -0.04212282
v 0.01063912 0.02617236 -0.04197726
v 0.01098501 0.02566233 -0.04221545
v 0.01171139 0.02535244 -0.04206548
v 0.01103113 0.02499736 -0.04272270
v 0.01382710 0.02355120 -0.04210959
v 0.01431712 0.02333815 -0.04194639
v 0.01233400 0.02511357 -0.04187140
v 0.01333132 0.02422909 -0.04191110
v 0.01438630 0.02434530 -0.04107304
v 0.01877338 0.01940640 -0.04178759
v 0.01719956 0.02062659 -0.04201255
v 0.01782217 0.02032962 -0.04178318
v 0.01971306 0.01846381 -0.04178759
v 0.01998977 0.01784402 -0.04201255
v 0.01941328 0.01816683 -0.04221986
v 0.01872726 0.01819265 -0.04270065
v 0.01822571 0.02071698 -0.04115684
v 0.02260703 0.01286639 -0.04278445
v 0.02384072 0.01165910 -0.04213164
v 0.02486687 0.01067132 -0.04150089
v 0.02547795 0.01021294 -0.04098482
v 0.02519547 0.00985786 -0.04143032
v 0.02527041 0.00886362 -0.04168615
v 0.02430768 0.01165910 -0.04167733
v 0.02474004 0.01165910 -0.04120977
v 0.02560478 0.00606169 -0.04204784
v 0.02575466 0.00419588 -0.04218899
v 0.02532230 0.00325975 -0.04270506
v 0.02488416 0.00233007 -0.04317702
v 0.02438262 0.00233007 -0.04364016
v 0.02625621 0.00792749 -0.04076869
v 0.02659634 0.00792749 -0.04030555
v 0.02670011 0.00699136 -0.04044669
v 0.02641186 0.00643614 -0.04098041
v 0.02613514 0.00610042 -0.04139944
v 0.02614667 0.00512555 -0.04158470
v 0.02622162 0.00419588 -0.04168174
v 0.02559325 -0.01603101 -0.03653426
v 0.02636574 -0.01291918 -0.03808247
v 0.02626197 -0.01357770 -0.03775607
v 0.02639456 -0.01391987 -0.03720471
v 0.02627927 -0.01452674 -0.03685626
v 0.02654445 -0.01425559 -0.03658278
v 0.02670011 -0.01452674 -0.03592556
v 0.02652716 -0.01510133 -0.03565209
v 0.02565089 -0.01707689 -0.03493312
v 0.02634845 -0.01572757 -0.03515807
v 0.02626774 -0.01650876 -0.03400243
v 0.02578349 -0.01732868 -0.03405536
v 0.02567395 -0.01800011 -0.03306733
v 0.02636574 -0.01668953 -0.03332316
v 0.02616397 -0.01719310 -0.03303204
v 0.02572007 -0.01825190 -0.03206165
v 0.02553560 -0.01872319 -0.03120153
v 0.02474004 -0.01985301 -0.03120153
v 0.02441144 -0.02031784 -0.03120153
v 0.02448062 -0.02042114 -0.03027084
v 0.02396178 -0.02107966 -0.03031495
v 0.02283186 -0.02255810 -0.02933574
v 0.02366201 -0.02149930 -0.03003266
v 0.02283762 -0.02256456 -0.02840505
v 0.02283186 -0.02255810 -0.02746994
v 0.02365624 -0.02149930 -0.02682596
v 0.02360436 -0.02142829 -0.02620844
v 0.02391566 -0.02089243 -0.02560856
v 0.02446333 -0.02039532 -0.02653484
v 0.02479192 -0.01993048 -0.02653484
v 0.02523006 -0.01906536 -0.02558651
v 0.02552407 -0.01871028 -0.02588204
v 0.02576619 -0.01826481 -0.02558651
v 0.02572584 -0.01808404 -0.02467346
v 0.02623315 -0.01721247 -0.02461612
v 0.02641762 -0.01677346 -0.02426325
v 0.02600832 -0.01725766 -0.02374277
v 0.02574890 -0.01540477 -0.02001559
v 0.02578349 -0.01450737 -0.01903638
v 0.02561054 -0.01422331 -0.01835711
v 0.02546065 -0.01393278 -0.01773518
v 0.02532806 -0.01450737 -0.01808364
v 0.02483228 -0.01540477 -0.01814098
v 0.02466510 -0.01509488 -0.01751022
v 0.02365624 -0.01590834 -0.01669863
v 0.02446909 -0.01477853 -0.01688829
v 0.02365048 -0.01496575 -0.01577676
v 0.02314893 -0.01630862 -0.01629724
v 0.02194983 -0.01725766 -0.01558268
v 0.02362742 -0.01399734 -0.01487694
v 0.02259550 -0.01570820 -0.01500044
v 0.02171924 -0.01579859 -0.01399477
v 0.02650986 -0.01600518 -0.02302380
v 0.02571431 -0.01728994 -0.02282531
v 0.02672316 -0.01546933 -0.02275032
v 0.02730542 -0.01480435 -0.02349135
v 0.02722471 -0.01448155 -0.02275474
v 0.02694800 -0.01446218 -0.02187698
v 0.02663093 -0.01448155 -0.02094187
v 0.02651563 -0.01418457 -0.02027583
v 0.02623315 -0.01448155 -0.01998472
v 0.02156935 -0.01641192 -0.01434764
v 0.02105628 -0.01632799 -0.01368601
v 0.02166159 -0.01479790 -0.01311701
v 0.02130993 -0.01448155 -0.01253036
v 0.02087180 -0.01312577 -0.01110124
v 0.01650201 -0.00877438 -0.00390713
v -0.01982833 0.00628765 -0.00390713
v -0.02806636 0.00518366 -0.00540683
v -0.02806636 0.00419588 -0.00516864
v 0.02635421 -0.00046541 -0.04184494
v 0.02588725 0.00046427 -0.04230808
v 0.02535112 0.00233007 -0.04273152
v 0.02665398 -0.00233121 -0.04132004
v 0.02709788 -0.00326089 -0.04063195
v 0.02742648 -0.00326089 -0.04016440
v 0.02780696 -0.00326089 -0.03959981
v 0.02820474 -0.00326089 -0.03894700
v 0.02815862 -0.00419702 -0.03885437
v 0.02762249 -0.00512669 -0.03953365
v 0.02838922 -0.00699250 -0.03747819
v 0.02837769 -0.00419702 -0.03838682
v 0.02869476 -0.00699250 -0.03680332
v 0.02849299 -0.00794154 -0.03685184
v 0.02810097 -0.00794154 -0.03769432
v 0.02825662 -0.00825789 -0.03719589
v 0.02749566 -0.00886476 -0.03848827
v 0.02732848 -0.01014307 -0.03813540
v 0.02724777 -0.01073057 -0.03796779
v 0.02780120 -0.01073057 -0.03680332
v 0.02751872 -0.01161505 -0.03678127
v 0.02741495 -0.01227357 -0.03645487
v 0.02713247 -0.01258992 -0.03678127
v 0.02670011 -0.01357770 -0.03685626
v 0.02652139 -0.01329363 -0.03746054
v 0.02665398 -0.01260283 -0.03775607
v -0.02806636 0.02307990 -0.04495900
v -0.02786459 0.02342853 -0.04480904
v -0.02668279 0.02421617 -0.04470317
v -0.02535686 0.02456480 -0.04497665
v -0.02482073 0.02516522 -0.04471199
v -0.02439989 0.02471329 -0.04519278
v -0.02419812 0.02526851 -0.04480463
v -0.02348904 0.02538472 -0.04491048
v -0.02255513 0.02553967 -0.04504722
v -0.02166157 0.02648226 -0.04434148
v -0.02113696 0.02705039 -0.04379454
v -0.02076801 0.02679215 -0.04422239
v -0.01975915 0.02683088 -0.04445175
v -0.01882524 0.02692773 -0.04457526
v -0.02069307 0.02626275 -0.04487520
v -0.02199593 0.02609489 -0.04470317
v -0.01975915 0.02636605 -0.04497665
v -0.01882524 0.02646289 -0.04506928
v -0.01789133 0.02654682 -0.04515308
v -0.01705542 0.02660492 -0.04521483
v -0.01602351 0.02666948 -0.04528982
v -0.01508959 0.02672759 -0.04535157
v -0.01416145 0.02677278 -0.04540009
v -0.01229362 0.02683734 -0.04546184
v -0.01135971 0.02686316 -0.04548831
v -0.01042580 0.02734737 -0.04503840
v -0.00855797 0.02737319 -0.04506046
v -0.00762982 0.02737319 -0.04506046
v -0.00669591 0.02736674 -0.04504722
v -0.00576200 0.02782512 -0.04453115
v 0.02011083 0.01612671 -0.04302264
v 0.02073344 0.01573289 -0.04279768
v 0.02039908 0.01541008 -0.04319466
v 0.01944787 0.01635267 -0.04334904
v 0.01949975 0.01734691 -0.04270506
v 0.01985718 0.01674649 -0.04283738
v 0.02218043 0.01439002 -0.04235660
v 0.02276268 0.01409950 -0.04199932
v 0.02242256 0.01352491 -0.04262125
v 0.02134452 0.01546173 -0.04244923
v 0.02173077 0.01581682 -0.04190669
v 0.02193831 0.01519058 -0.04209636
v -0.00482809 0.02816729 -0.04404596
v -0.00389417 0.02814792 -0.04401508
v -0.00202635 0.02808982 -0.04393127
v -0.00109820 0.02805108 -0.04387834
v -0.00043524 0.02801235 -0.04382982
v 0.00018737 0.02797361 -0.04377689
v 0.00076962 0.02793487 -0.04372397
v 0.00169777 0.02785094 -0.04362251
v 0.00263168 0.02810919 -0.04303587
v 0.00822939 0.02807691 -0.04112597
v 0.00729548 0.02788322 -0.04180083
v 0.00729548 0.02820603 -0.04133328
v 0.00363477 0.02827704 -0.04248892
v 0.00263168 0.02849655 -0.04240071
v 0.00356560 0.02878062 -0.04163763
v 0.00454563 0.02874188 -0.04141267
v 0.00542766 0.02854820 -0.04146560
v 0.00884047 0.02712141 -0.04200373
v 0.00822939 0.02771537 -0.04158911
v 0.00908836 0.02750232 -0.04143032
v 0.00946308 0.02697292 -0.04184494
v 0.01126172 0.02597223 -0.04180083
v 0.01009722 0.02679215 -0.04167291
v 0.01065065 0.02710204 -0.04105539
v 0.01095619 0.02654682 -0.04142591
v 0.01205152 0.02572044 -0.04152294
v 0.01382710 0.02401603 -0.04173908
v 0.01238588 0.02609489 -0.04097159
v 0.01289319 0.02542992 -0.04121418
v 0.01341203 0.02522978 -0.04103775
v 0.01296813 0.02477140 -0.04171702
v 0.01403464 0.02496508 -0.04079074
v 0.01440936 0.02529434 -0.04016881
v 0.01470913 0.02467455 -0.04049080
v 0.01789135 0.02133676 -0.04088337
v 0.01915386 0.01978730 -0.04116566
v 0.02006472 0.01884472 -0.04116125
v 0.02034143 0.01816683 -0.04145237
v 0.02061238 0.01746957 -0.04173908
v 0.02087180 0.01684979 -0.04197285
v 0.02032413 0.01719842 -0.04217575
v 0.02039908 0.01639141 -0.04264771
v 0.01884832 0.02041354 -0.04089660
v 0.02355247 0.01290513 -0.04186258
v 0.02369659 0.01227889 -0.04199932
v 0.02292410 0.01352491 -0.04215370
v 0.02339106 0.01352491 -0.04171702
v 0.02539147 0.01072943 -0.04086132
v 0.02645221 0.01126528 -0.03917195
v 0.02619856 0.01072943 -0.03976301
v 0.02653869 0.01072943 -0.03929546
v 0.02634268 0.00979330 -0.03995268
v 0.02641186 0.00928327 -0.04004972
v 0.02408861 0.01258232 -0.04146560
v 0.02461321 0.01225952 -0.04106863
v 0.02627350 0.00325975 -0.04175231
v 0.02580655 0.00325975 -0.04223750
v 0.02711518 0.00798560 -0.03956893
v 0.02742071 0.00771444 -0.03923371
v 0.02716706 0.00699136 -0.03980271
v 0.02724200 0.00606169 -0.03990416
v 0.02735154 0.00460907 -0.04005854
v 0.02693070 0.00512555 -0.04053491
v 0.02657904 0.00419588 -0.04121860
v 0.02729389 -0.01289981 -0.03615493
v 0.02716129 -0.01350023 -0.03585058
v 0.02728236 -0.01379721 -0.03514484
v 0.02711518 -0.01439116 -0.03487578
v 0.02725930 -0.01469460 -0.03400243
v 0.02734001 -0.01488828 -0.03346872
v 0.02661363 -0.01540477 -0.03488019
v 0.02689611 -0.01539186 -0.03400243
v 0.02645221 -0.01683802 -0.03270123
v 0.02623891 -0.01738678 -0.03213664
v 0.02716706 -0.01536603 -0.03312026
v 0.02601985 -0.01819379 -0.03027084
v 0.02630809 -0.01750945 -0.03120153
v 0.02637151 -0.01763211 -0.03027084
v 0.02560478 -0.01882003 -0.03027084
v 0.02452097 -0.02046633 -0.02933574
v 0.02329882 -0.02199642 -0.02933574
v 0.02368506 -0.02153158 -0.02933574
v 0.02411167 -0.02098927 -0.02933574
v 0.02330458 -0.02199642 -0.02840505
v 0.02329882 -0.02198997 -0.02746994
v 0.02367930 -0.02151867 -0.02746994
v 0.02450945 -0.02045988 -0.02746994
v 0.02394449 -0.02106675 -0.02652602
v 0.02525888 -0.01925905 -0.02653484
v 0.02558172 -0.01878775 -0.02653484
v 0.02597373 -0.01819379 -0.02653484
v 0.02634845 -0.01759338 -0.02653484
v 0.02627350 -0.01745134 -0.02560856
v 0.02646951 -0.01687675 -0.02488518
v 0.02634845 -0.01665725 -0.02374277
v 0.02717859 -0.01552743 -0.02467346
v 0.02738036 -0.01496575 -0.02411328
v 0.02709788 -0.01532730 -0.02377806
v 0.02637727 -0.01387468 -0.01965390
v 0.02559901 -0.01330654 -0.01749258
v 0.02529923 -0.01358416 -0.01719264
v 0.02446333 -0.01378429 -0.01596642
v 0.02465357 -0.01415875 -0.01658835
v 0.02484957 -0.01446218 -0.01720146
v 0.02577772 -0.01358416 -0.01808364
v 0.02635421 -0.01195722 -0.01783222
v 0.02648680 -0.01133744 -0.01756315
v 0.02427308 -0.01446218 -0.01627518
v 0.02377154 -0.01436534 -0.01541507
v 0.02422697 -0.01349377 -0.01539301
v 0.02441144 -0.01275132 -0.01511072
v 0.02456133 -0.01213154 -0.01487694
v 0.02374848 -0.01352605 -0.01471815
v 0.02268774 -0.01304830 -0.01301997
v 0.02275692 -0.01408773 -0.01386685
v 0.02192678 -0.01517881 -0.01373894
v 0.02750719 -0.01448155 -0.02377806
v 0.02830851 -0.01217027 -0.02322229
v 0.02743801 -0.01418457 -0.02302821
v 0.02725930 -0.01373910 -0.02187698
v 0.02709788 -0.01344858 -0.02102127
v 0.02726506 -0.01284171 -0.02076103
v 0.02739189 -0.01221547 -0.02039052
v 0.02710365 -0.01255764 -0.02005088
v 0.02665975 -0.01354542 -0.01998472
v 0.02221502 -0.01444281 -0.01349193
v 0.02188065 -0.01417166 -0.01288323
v 0.02178842 -0.01310641 -0.01204958
v 0.02075650 -0.01200887 -0.01028965
v 0.01688826 -0.00810940 -0.00390713
v 0.02093521 -0.01138909 -0.01009557
v -0.01898090 0.00702364 -0.00390713
v -0.01792592 0.00793395 -0.00390713
v -0.02806636 0.00564850 -0.00552592
v 0.02669434 -0.00046541 -0.04137739
v 0.02667704 -0.00139508 -0.04135092
v 0.02635421 0.00046427 -0.04184494
v 0.02583537 0.00233007 -0.04226397
v 0.02712094 -0.00233121 -0.04066283
v 0.02744954 -0.00233121 -0.04019969
v 0.02785308 -0.00233121 -0.03959981
v 0.02826815 -0.00046541 -0.03909256
v 0.02825086 -0.00139508 -0.03904404
v 0.02822780 -0.00233121 -0.03899552
v 0.02909830 -0.00326089 -0.03698858
v 0.02849875 -0.00517834 -0.03781341
v 0.02883311 -0.00606283 -0.03680332
v 0.02926548 -0.00419702 -0.03642840
v 0.02923089 -0.00471996 -0.03635342
v 0.02919054 -0.00534620 -0.03621227
v 0.02907524 -0.00693440 -0.03579324
v 0.02886770 -0.00792863 -0.03586822
v 0.02839498 -0.00886476 -0.03656073
v 0.02818168 -0.00886476 -0.03702828
v 0.02807791 -0.00977507 -0.03674598
v 0.02832004 -0.00944581 -0.03640194
v 0.02823933 -0.01007205 -0.03618139
v 0.02816439 -0.01074994 -0.03586822
v 0.02787038 -0.01166024 -0.03586822
v -0.02806636 0.02364804 -0.04454880
v -0.02806636 0.02374488 -0.04447381
v -0.02722469 0.02406768 -0.04458849
v -0.02806636 0.02435821 -0.04398421
v -0.02738034 0.02504901 -0.04365339
v -0.02675773 0.02519104 -0.04379895
v -0.02629078 0.02529434 -0.04390922
v -0.02535686 0.02550093 -0.04412535
v -0.02478037 0.02608843 -0.04375484
v -0.02449213 0.02568170 -0.04428855
v -0.02255513 0.02600451 -0.04461055
v -0.02255513 0.02640478 -0.04414299
v -0.02255513 0.02716660 -0.04304910
v -0.02162698 0.02726990 -0.04323436
v -0.02076801 0.02733446 -0.04342402
v -0.01885407 0.02777993 -0.04328288
v -0.02051436 0.02711495 -0.04387834
v -0.02162698 0.02699229 -0.04370191
v -0.01975915 0.02718597 -0.04398421
v -0.01882524 0.02727635 -0.04410771
v -0.01789133 0.02701165 -0.04468112
v -0.02415777 0.02617882 -0.04386952
v -0.02348904 0.02627566 -0.04398421
v -0.01738402 0.02705039 -0.04472523
v -0.01676141 0.02708913 -0.04476934
v -0.01602351 0.02713432 -0.04482227
v -0.01508959 0.02719242 -0.04488402
v -0.01416145 0.02723762 -0.04493254
v -0.01322753 0.02727635 -0.04496341
v -0.01229362 0.02730863 -0.04499429
v -0.01135971 0.02733446 -0.04502076
v -0.00855797 0.02784449 -0.04454880
v -0.00762982 0.02784449 -0.04455321
v -0.00576200 0.02818020 -0.04406360
v 0.02107357 0.01632685 -0.04214488
v 0.02256091 0.01472574 -0.04180965
v 0.02371389 0.01413824 -0.04109068
v 0.02268197 0.01583619 -0.04098482
v 0.02288951 0.01521640 -0.04118772
v 0.02154053 0.01632685 -0.04173026
v 0.02204207 0.01632685 -0.04126270
v -0.00482809 0.02861922 -0.04333140
v -0.00389417 0.02858048 -0.04333140
v -0.00296026 0.02852883 -0.04333140
v -0.00202635 0.02847073 -0.04333140
v -0.00109820 0.02839971 -0.04333140
v -0.00014123 0.02824476 -0.04341520
v 0.00076962 0.02824476 -0.04325641
v 0.00169777 0.02818666 -0.04315496
v 0.00871364 0.02799943 -0.04101128
v 0.00822939 0.02841908 -0.04053491
v 0.00908260 0.02816729 -0.04053491
v 0.00726666 0.02869669 -0.04046434
v 0.00161130 0.02869023 -0.04230808
v 0.00263168 0.02884518 -0.04176995
v 0.00426315 0.02895493 -0.04106863
v 0.00488576 0.02890974 -0.04097600
v 0.00542766 0.02886455 -0.04086573
v 0.00636157 0.02876771 -0.04068488
v 0.01009722 0.02723762 -0.04120977
v 0.00933625 0.02787677 -0.04084367
v 0.01176327 0.02630149 -0.04117890
v 0.01015487 0.02774765 -0.04053491
v 0.01099078 0.02734737 -0.04054373
v 0.01175174 0.02719888 -0.04023938
v 0.01127325 0.02692127 -0.04086132
v 0.01289319 0.02590121 -0.04079074
v 0.01206881 0.02666302 -0.04060549
v 0.01237435 0.02702457 -0.04002325
v 0.01289319 0.02637250 -0.04032319
v 0.01342933 0.02617882 -0.04012470
v 0.01373486 0.02557195 -0.04045993
v 0.01405193 0.02591412 -0.03986005
v 0.01472066 0.02562360 -0.03956452
v 0.01503196 0.02501027 -0.03989534
v 0.01728604 0.02257633 -0.04023938
v 0.01823724 0.02165311 -0.04026144
v 0.01977070 0.01946450 -0.04088778
v 0.02101016 0.01886408 -0.04024379
v 0.02068732 0.01849609 -0.04086573
v 0.02039908 0.01916752 -0.04056579
v 0.02095251 0.01787631 -0.04111715
v 0.02122346 0.01717905 -0.04140385
v 0.02183453 0.01688207 -0.04106863
v 0.01917692 0.02073635 -0.04027467
v 0.01979953 0.02042646 -0.03997473
v 0.02011083 0.01980667 -0.04026585
v 0.02386378 0.01352491 -0.04124947
v 0.02525312 0.01172366 -0.04052609
v 0.02559901 0.01145251 -0.04021292
v 0.02631962 0.01188507 -0.03895582
v 0.02649257 0.01229826 -0.03832948
v 0.02659634 0.01160746 -0.03865147
v 0.02739189 0.01127820 -0.03733704
v 0.02689035 0.01072943 -0.03866912
v 0.02547218 0.01207229 -0.04003649
v 0.02570278 0.01259524 -0.03941896
v 0.02556442 0.01323439 -0.03923371
v 0.02543183 0.01385417 -0.03904404
v 0.02667128 0.00979330 -0.03948513
v 0.02734001 0.00833422 -0.03910138
v 0.02448062 0.01288576 -0.04090101
v 0.02663093 0.00325975 -0.04128476
v 0.02630233 0.00233007 -0.04178759
v 0.02833157 0.00763051 -0.03735909
v 0.02783579 0.00699136 -0.03866912
v 0.02748989 0.00699136 -0.03933516
v 0.02759943 0.00798560 -0.03873969
v 0.02764555 0.00426044 -0.03968803
v 0.02739766 0.00398929 -0.04012029
v 0.02751872 -0.01258992 -0.03585058
v 0.02740342 -0.01317097 -0.03553300
v 0.02737460 -0.01403608 -0.03452291
v 0.02780696 -0.01259638 -0.03493312
v 0.02747836 -0.01350023 -0.03487578
v 0.02744954 -0.01422976 -0.03400243
v 0.02772626 -0.01352605 -0.03400243
v 0.02832580 -0.01222192 -0.03366279
v 0.02756484 -0.01453320 -0.03312026
v 0.02741495 -0.01503032 -0.03284678
v 0.02682693 -0.01632799 -0.03213664
v 0.02649833 -0.01692195 -0.03213664
v 0.02721895 -0.01561136 -0.03213664
v 0.02607750 -0.01819379 -0.02933574
v 0.02563360 -0.01886522 -0.02933574
v 0.02640033 -0.01768376 -0.02933574
v 0.02728812 -0.01573403 -0.03120153
v 0.02733424 -0.01581796 -0.03054873
v 0.02663093 -0.01716082 -0.03027084
v 0.02737460 -0.01588897 -0.02992679
v 0.02531077 -0.01933652 -0.02933574
v 0.02451521 -0.02046633 -0.02840505
v 0.02368506 -0.02153158 -0.02840505
v 0.02562207 -0.01885231 -0.02746994
v 0.02605444 -0.01819379 -0.02746994
v 0.02653292 -0.01698651 -0.02560856
v 0.02638880 -0.01765794 -0.02746994
v 0.02736307 -0.01586961 -0.02697593
v 0.02660787 -0.01712208 -0.02653484
v 0.02731695 -0.01578568 -0.02635841
v 0.02725930 -0.01567592 -0.02560856
v 0.02743225 -0.01506260 -0.02467346
v 0.02784155 -0.01446218 -0.02560856
v 0.02768590 -0.01446218 -0.02467346
v 0.02810097 -0.01344858 -0.02473962
v 0.02636574 -0.01291918 -0.01874526
v 0.02725930 -0.01189266 -0.01976859
v 0.02708635 -0.01161505 -0.01912901
v 0.02662516 -0.01165379 -0.01814539
v 0.02616973 -0.01165379 -0.01723234
v 0.02566242 -0.01158923 -0.01630606
v 0.02478616 -0.01349377 -0.01627518
v 0.02513205 -0.01158923 -0.01541948
v 0.02460745 -0.01316451 -0.01573265
v 0.02550677 -0.01123414 -0.01578117
v 0.02738613 -0.01126642 -0.01947306
v 0.02695953 -0.01073057 -0.01814539
v 0.02659057 -0.01073057 -0.01735584
v 0.02634268 -0.01073057 -0.01689270
v 0.02405402 -0.01251890 -0.01445791
v 0.02466510 -0.01166024 -0.01472256
v 0.02447486 -0.01101464 -0.01405211
v 0.02362165 -0.01118249 -0.01301997
v 0.02354671 -0.01289981 -0.01404329
v 0.02245138 -0.01268030 -0.01252595
v 0.02203054 -0.01346149 -0.01256124
v 0.02254362 -0.01352605 -0.01319640
v 0.02341412 -0.01081450 -0.01252595
v 0.02275115 -0.01130516 -0.01201429
v 0.02258397 -0.01192494 -0.01220396
v 0.02836039 -0.01230585 -0.02374277
v 0.02746684 -0.01255764 -0.02102127
v 0.02859675 -0.01166024 -0.02374277
v 0.02840075 -0.01162796 -0.02286942
v 0.02810097 -0.01162796 -0.02189903
v 0.02778967 -0.01166024 -0.02094187
v 0.02748989 -0.01161505 -0.02005088
v 0.02174230 -0.01022054 -0.01023231
v 0.01699203 -0.00792863 -0.00390713
v -0.01706695 0.00861184 -0.00390713
v -0.01688247 0.00875387 -0.00390713
v -0.01508959 0.01000635 -0.00390713
v -0.01414415 0.01066487 -0.00390713
v -0.02806636 0.00779191 -0.00635075
v 0.02749566 -0.00046541 -0.04026144
v 0.02669434 0.00046427 -0.04137739
v 0.02714400 -0.00139508 -0.04069370
v 0.02665398 0.00233007 -0.04132004
v 0.02667704 0.00139394 -0.04135092
v 0.02789920 -0.00139508 -0.03959981
v 0.02848146 -0.00046541 -0.03862501
v 0.02793956 -0.00046541 -0.03959981
v 0.02826815 0.00046427 -0.03909256
v 0.02846416 -0.00139508 -0.03857649
v 0.02844110 -0.00233121 -0.03852797
v 0.02930584 -0.00326089 -0.03652103
v 0.02912136 -0.00233121 -0.03703269
v 0.02943843 -0.00419702 -0.03586822
v 0.02951914 -0.00326089 -0.03586822
v 0.02957679 -0.00512669 -0.03493312
v 0.02927125 -0.00606283 -0.03556387
v 0.02919054 -0.00720555 -0.03526835
v 0.02912712 -0.00797382 -0.03495076
v 0.02891959 -0.00886476 -0.03493312
v 0.02864287 -0.00886476 -0.03586822
v 0.02841228 -0.00977507 -0.03586822
v 0.02826239 -0.01107274 -0.03529040
v 0.02815286 -0.01166670 -0.03496399
v -0.02806636 0.02487469 -0.04348578
v -0.02806636 0.02527497 -0.04307557
v -0.02663091 0.02607552 -0.04279768
v -0.02600830 0.02619173 -0.04296530
v -0.02535686 0.02630794 -0.04314173
v -0.02445178 0.02642415 -0.04340197
v -0.02255513 0.02686962 -0.04351224
v -0.02806636 0.02531371 -0.04302705
v -0.02314891 0.02708913 -0.04292119
v -0.02255513 0.02750232 -0.04240071
v -0.02157510 0.02776056 -0.04232572
v -0.02069307 0.02783158 -0.04253303
v -0.01975915 0.02791551 -0.04271388
v -0.01918267 0.02796715 -0.04282415
v -0.01856006 0.02802526 -0.04293883
v -0.01975915 0.02757979 -0.04333140
v -0.01789133 0.02781866 -0.04349901
v -0.01789133 0.02735383 -0.04421357
v -0.01702660 0.02736674 -0.04435472
v -0.01602351 0.02756042 -0.04426650
v -0.01512995 0.02772182 -0.04419592
v -0.01416145 0.02770891 -0.04435031
v -0.01322753 0.02774119 -0.04440324
v -0.01229362 0.02777347 -0.04444734
v -0.01135971 0.02779929 -0.04448704
v -0.01042580 0.02781866 -0.04451351
v -0.00855797 0.02818666 -0.04408124
v -0.00762982 0.02819311 -0.04408565
v 0.02458439 0.01403494 -0.04009824
v 0.02433073 0.01352491 -0.04071576
v 0.02351212 0.01475802 -0.04087014
v 0.02405402 0.01439648 -0.04048639
v 0.02250326 0.01632685 -0.04081280
v 0.02275692 0.01687561 -0.04014235
v -0.00669591 0.02864504 -0.04333140
v -0.00576200 0.02890974 -0.04284179
v -0.00482809 0.02890328 -0.04282856
v -0.00389417 0.02889037 -0.04279327
v -0.00202635 0.02883872 -0.04269182
v -0.00109820 0.02880644 -0.04262566
v -0.00016429 0.02876125 -0.04254626
v 0.00076962 0.02870960 -0.04244923
v 0.00988392 0.02808982 -0.04022174
v 0.00756066 0.02888392 -0.03997473
v 0.00822939 0.02879999 -0.03979389
v 0.00911142 0.02868378 -0.03953365
v 0.00186495 0.02889037 -0.04187140
v 0.00263168 0.02905823 -0.04130681
v 0.00356560 0.02900013 -0.04117008
v 0.00356560 0.02925837 -0.04053491
v 0.00454563 0.02910342 -0.04060990
v 0.00542766 0.02905823 -0.04040259
v 0.00693806 0.02894202 -0.04010706
v 0.01050652 0.02796715 -0.04002766
v 0.01103113 0.02784449 -0.03986005
v 0.01198234 0.02754105 -0.03961304
v 0.01289319 0.02683734 -0.03981153
v 0.01289319 0.02721179 -0.03934398
v 0.01337744 0.02706976 -0.03914549
v 0.01371757 0.02650808 -0.03950277
v 0.01440936 0.02621756 -0.03923812
v 0.01537209 0.02532662 -0.03927341
v 0.01695167 0.02319611 -0.03993062
v 0.01790864 0.02227935 -0.03994827
v 0.01885985 0.02135613 -0.03996591
v 0.02163276 0.01850900 -0.03992621
v 0.02188642 0.01788922 -0.04020410
v 0.02129264 0.01819265 -0.04053491
v 0.02072768 0.01949032 -0.03997032
v 0.02157512 0.01750185 -0.04082603
v 0.02217466 0.01719196 -0.04048198
v 0.01948823 0.02105270 -0.03966156
v 0.01980529 0.02136904 -0.03903081
v 0.02009930 0.02074926 -0.03935280
v 0.02486110 0.01258232 -0.04056579
v 0.02576619 0.01353782 -0.03870441
v 0.02562207 0.01424799 -0.03842211
v 0.02636574 0.01291804 -0.03808247
v 0.02665398 0.01260169 -0.03775607
v 0.02751872 0.01161391 -0.03678127
v 0.02780120 0.01072943 -0.03680332
v 0.02724777 0.01072943 -0.03796779
v 0.02652139 0.01329249 -0.03746054
v 0.02639456 0.01391873 -0.03720471
v 0.02670011 0.01357656 -0.03685626
v 0.02713247 0.01258878 -0.03678127
v 0.02741495 0.01227243 -0.03645487
v 0.02732848 0.01014193 -0.03813540
v 0.02469392 0.01352491 -0.04024821
v 0.02518970 0.01353782 -0.03956893
v 0.02476887 0.01439002 -0.03956452
v 0.02529347 0.01451915 -0.03870441
v 0.02749566 0.00886362 -0.03848827
v 0.02709788 0.00325975 -0.04063195
v 0.02869476 0.00699136 -0.03680332
v 0.02838922 0.00699136 -0.03747819
v 0.02810097 0.00794040 -0.03769432
v 0.02849299 0.00794040 -0.03685184
v 0.02837769 0.00419588 -0.03838682
v 0.02815862 0.00419588 -0.03885437
v 0.02762249 0.00512555 -0.03953365
v 0.02825662 0.00825675 -0.03719589
v 0.02820474 0.00325975 -0.03894700
v 0.02780696 0.00325975 -0.03959981
v 0.02742648 0.00325975 -0.04016440
v 0.02823933 -0.01197659 -0.03428472
v 0.02839498 -0.01240269 -0.03306733
v 0.02821627 -0.01287399 -0.03306733
v 0.02796838 -0.01352605 -0.03306733
v 0.02843534 -0.01166670 -0.03398479
v 0.02866593 -0.01166024 -0.03306733
v 0.02777237 -0.01446218 -0.03213664
v 0.02827968 -0.01302248 -0.03249833
v 0.02747260 -0.01514653 -0.03213664
v 0.02738036 -0.01589543 -0.02933574
v 0.02737460 -0.01588897 -0.02840505
v 0.02736883 -0.01587606 -0.02746994
v 0.02753601 -0.01526919 -0.03120153
v 0.02755907 -0.01546287 -0.03024879
v 0.02764555 -0.01539186 -0.02933574
v 0.02762249 -0.01539186 -0.02746994
v 0.02753601 -0.01544351 -0.02661424
v 0.02750719 -0.01521109 -0.02560856
v 0.02797991 -0.01446218 -0.02653484
v 0.02815862 -0.01366163 -0.02560856
v 0.02834310 -0.01319033 -0.02560856
v 0.02857369 -0.01259638 -0.02560856
v 0.02841804 -0.01262220 -0.02473962
v 0.02532806 -0.01073057 -0.01515483
v 0.02598526 -0.01073057 -0.01627518
v 0.02560478 -0.01073057 -0.01561797
v 0.02776661 -0.01073057 -0.02001118
v 0.02747260 -0.01073057 -0.01928780
v 0.02726506 -0.01073057 -0.01882025
v 0.02721895 -0.00985254 -0.01813657
v 0.02642339 -0.01025928 -0.01674274
v 0.02712094 -0.00881957 -0.01726763
v 0.02724777 -0.00792863 -0.01697210
v 0.02483228 -0.01071120 -0.01438292
v 0.02461321 -0.01038840 -0.01387126
v 0.02376577 -0.01056271 -0.01282148
v 0.02352941 -0.01002040 -0.01219955
v 0.02289528 -0.01073057 -0.01184227
v 0.02264162 -0.01013661 -0.01120270
v 0.02875817 -0.01166024 -0.02467346
v 0.02888500 -0.01073057 -0.02374277
v 0.02866593 -0.01073057 -0.02280767
v 0.02832580 -0.01129225 -0.02222543
v 0.02823357 -0.01097590 -0.02160350
v 0.02811827 -0.01069183 -0.02098598
v 0.01795476 -0.00606283 -0.00390713
v 0.01781641 -0.00635335 -0.00390713
v 0.01750510 -0.00700541 -0.00390713
v 0.01710156 -0.00773495 -0.00390713
v -0.01382708 0.01084564 -0.00390713
v -0.02806636 0.00825675 -0.00653601
v -0.02806636 0.00783711 -0.00636839
v 0.02749566 0.00046427 -0.04026144
v 0.02712094 0.00233007 -0.04066283
v 0.02714400 0.00139394 -0.04069370
v 0.02916171 -0.00046541 -0.03712532
v 0.02848146 0.00046427 -0.03862501
v 0.02793956 0.00046427 -0.03959981
v 0.02789920 0.00139394 -0.03959981
v 0.02785308 0.00233007 -0.03959981
v 0.02825086 0.00139394 -0.03904404
v 0.02936925 -0.00046541 -0.03666218
v 0.02964596 -0.00046541 -0.03586822
v 0.02969785 -0.00419702 -0.03493312
v 0.02977856 -0.00326089 -0.03493312
v 0.02986503 -0.00139508 -0.03493312
v 0.02983044 -0.00512669 -0.03400243
v 0.02957102 -0.00699250 -0.03400243
v 0.02931737 -0.00693440 -0.03495076
v 0.02927125 -0.00768976 -0.03464641
v 0.02937501 -0.00797382 -0.03405536
v 0.02920783 -0.00830954 -0.03439941
v 0.02929430 -0.00867108 -0.03377747
v 0.02915018 -0.00893578 -0.03405536
v 0.02871782 -0.01073057 -0.03400243
v 0.02834886 -0.01135681 -0.03466847
v -0.02722469 0.02595931 -0.04263448
v -0.02781847 0.02616591 -0.04200373
v -0.02722469 0.02626921 -0.04216693
v -0.02533957 0.02679860 -0.04235219
v -0.02442295 0.02692127 -0.04262125
v -0.02806636 0.02581082 -0.04237424
v -0.02442295 0.02717305 -0.04215370
v -0.02255513 0.02786386 -0.04164204
v -0.02185181 0.02794133 -0.04182288
v -0.02122920 0.02800589 -0.04196403
v -0.01789133 0.02807691 -0.04303587
v -0.01885407 0.02819311 -0.04246687
v -0.01789133 0.02837389 -0.04240071
v -0.01695742 0.02788322 -0.04361369
v -0.01547008 0.02798007 -0.04378131
v -0.01484747 0.02801235 -0.04383865
v -0.01416145 0.02804463 -0.04388275
v -0.01229362 0.02811564 -0.04398421
v -0.01135971 0.02814147 -0.04401949
v -0.01042580 0.02816083 -0.04404596
v -0.00855797 0.02864504 -0.04333140
v -0.00762982 0.02865150 -0.04333140
v 0.02357553 0.01577808 -0.04000120
v 0.02463051 0.01504209 -0.03922930
v 0.02250903 0.01750185 -0.03984241
v 0.02276268 0.01781174 -0.03922048
v 0.02295293 0.01721779 -0.03956011
v 0.02362742 0.01772782 -0.03820157
v 0.02361589 0.01677877 -0.03911903
v 0.02344294 0.01641078 -0.03965274
v -0.00669591 0.02891620 -0.04285061
v -0.00669591 0.02912925 -0.04238747
v -0.00482809 0.02911633 -0.04236101
v -0.00389417 0.02910342 -0.04232572
v -0.00202635 0.02905823 -0.04222427
v -0.00109820 0.02902595 -0.04216252
v -0.00016429 0.02899367 -0.04207871
v 0.00076962 0.02894848 -0.04198609
v 0.00125387 0.02892265 -0.04193757
v 0.01015487 0.02829641 -0.03967038
v 0.01103113 0.02814147 -0.03939250
v 0.00726666 0.02906469 -0.03963951
v 0.00822939 0.02900013 -0.03932634
v 0.00877129 0.02894202 -0.03917637
v 0.00939390 0.02886455 -0.03899111
v 0.01016639 0.02879353 -0.03867353
v 0.00161130 0.02907114 -0.04152294
v 0.00263168 0.02936812 -0.04053491
v 0.00449951 0.02948433 -0.03959981
v 0.00542766 0.02936812 -0.03959981
v 0.00636157 0.02923254 -0.03959981
v 0.01159032 0.02803171 -0.03920283
v 0.01221293 0.02787677 -0.03895582
v 0.01288742 0.02768308 -0.03865147
v 0.01318720 0.02789614 -0.03802954
v 0.01382710 0.02769600 -0.03772519
v 0.01374639 0.02719888 -0.03858531
v 0.01431135 0.02706976 -0.03821921
v 0.01400005 0.02683734 -0.03884114
v 0.01532021 0.02620464 -0.03830302
v 0.01503196 0.02594640 -0.03892495
v 0.01466877 0.02652099 -0.03857208
v 0.01565457 0.02562360 -0.03862501
v 0.01817960 0.02347372 -0.03836918
v 0.01918269 0.02165957 -0.03934398
v 0.02132146 0.01915461 -0.03963510
v 0.02189218 0.01882535 -0.03930428
v 0.02220349 0.01816037 -0.03957334
v 0.02101016 0.01979376 -0.03934398
v 0.01911927 0.02255050 -0.03838682
v 0.02005319 0.02162083 -0.03840888
v 0.02038755 0.02102687 -0.03870882
v 0.02072191 0.02041354 -0.03900876
v 0.02626197 0.01357656 -0.03775607
v 0.02546065 0.01486777 -0.03813540
v 0.02581231 0.01451915 -0.03779136
v 0.02787038 0.01165910 -0.03586822
v 0.02816439 0.01074880 -0.03586822
v 0.02823933 0.01007091 -0.03618139
v 0.02832004 0.00944467 -0.03640194
v 0.02807791 0.00977393 -0.03674598
v 0.02627927 0.01452560 -0.03685626
v 0.02654445 0.01425445 -0.03658278
v 0.02729389 0.01289867 -0.03615493
v 0.02482652 0.01536489 -0.03866030
v 0.02465357 0.01602341 -0.03834271
v 0.02818168 0.00886362 -0.03702828
v 0.02744954 0.00233007 -0.04019969
v 0.02907524 0.00693326 -0.03579324
v 0.02919054 0.00534506 -0.03621227
v 0.02923089 0.00471882 -0.03635342
v 0.02883311 0.00606169 -0.03680332
v 0.02886770 0.00792749 -0.03586822
v 0.02849875 0.00517720 -0.03781341
v 0.02839498 0.00886362 -0.03656073
v 0.02926548 0.00419588 -0.03642840
v 0.02909830 0.00325975 -0.03698858
v 0.02822780 0.00233007 -0.03899552
v 0.02894265 -0.01073057 -0.03306733
v 0.02882159 -0.01166024 -0.03213664
v 0.02789920 -0.01446218 -0.03120153
v 0.02832004 -0.01313869 -0.03187640
v 0.02818745 -0.01371973 -0.03120153
v 0.02845840 -0.01266739 -0.03216751
v 0.02802026 -0.01446218 -0.03027084
v 0.02807215 -0.01446218 -0.02933574
v 0.02804909 -0.01446218 -0.02746994
v 0.02822780 -0.01382949 -0.02653484
v 0.02870629 -0.01259638 -0.02653484
v 0.02891382 -0.01166024 -0.02560856
v 0.02544336 -0.01010433 -0.01496516
v 0.02822204 -0.01000103 -0.02070369
v 0.02830851 -0.00938125 -0.02043462
v 0.02827968 -0.00834828 -0.01957892
v 0.02791650 -0.00886476 -0.01907608
v 0.02738613 -0.00848385 -0.01762049
v 0.02573737 -0.00979444 -0.01530038
v 0.02733424 -0.00732822 -0.01679567
v 0.02687305 -0.00792863 -0.01627518
v 0.02652139 -0.00963949 -0.01657953
v 0.02625044 -0.00792863 -0.01518129
v 0.02746107 -0.00792863 -0.01743965
v 0.02521853 -0.00979444 -0.01445791
v 0.02472275 -0.00979444 -0.01372130
v 0.02314893 -0.00976216 -0.01162614
v 0.02365048 -0.00939416 -0.01204958
v 0.02275115 -0.00760583 -0.01013968
v 0.02248020 -0.00699250 -0.00953098
v 0.02186913 -0.00770913 -0.00916047
v 0.02915018 -0.01091134 -0.02560856
v 0.02923089 -0.01028510 -0.02510572
v 0.02917901 -0.01008496 -0.02448379
v 0.02953067 -0.00886476 -0.02467346
v 0.02920783 -0.00925858 -0.02337667
v 0.02840075 -0.01069183 -0.02189903
v 0.02928854 -0.00863880 -0.02304144
v 0.02913865 -0.00891641 -0.02276356
v 0.02920207 -0.00830308 -0.02241951
v 0.02889076 -0.00886476 -0.02187698
v 0.02838345 -0.00973633 -0.02098598
v 0.02082568 -0.00652121 -0.00741377
v 0.01821995 -0.00533975 -0.00390713
v 0.02201325 -0.00699250 -0.00899285
v -0.01321024 0.01119427 -0.00390713
v -0.02806636 0.00886362 -0.00684477
v 0.02916171 0.00046427 -0.03712532
v 0.02846416 0.00139394 -0.03857649
v 0.02936925 0.00046427 -0.03666218
v 0.02990538 -0.00046541 -0.03493312
v 0.02964596 0.00046427 -0.03586822
v 0.03014751 -0.00356432 -0.03349959
v 0.02995150 -0.00419702 -0.03400243
v 0.03016480 -0.00294454 -0.03356134
v 0.03009563 -0.00046541 -0.03423179
v 0.03011868 -0.00419702 -0.03334521
v 0.02992268 -0.00606283 -0.03306733
v 0.02979008 -0.00699250 -0.03306733
v 0.02962290 -0.00792863 -0.03306733
v 0.02937501 -0.00893578 -0.03313790
v 0.02921360 -0.00929086 -0.03349077
v -0.02806636 0.02588830 -0.04226397
v -0.02806636 0.02630794 -0.04161999
v -0.02563934 0.02699874 -0.04182288
v -0.02501674 0.02709558 -0.04200814
v -0.02806636 0.02634668 -0.04155382
v -0.02442295 0.02749586 -0.04146560
v -0.02488991 0.02799298 -0.04006736
v -0.02255513 0.02806399 -0.04117449
v -0.02157510 0.02813501 -0.04149648
v -0.02069307 0.02830932 -0.04146560
v -0.01882524 0.02863858 -0.04146560
v -0.01975915 0.02813501 -0.04224633
v -0.01695742 0.02849655 -0.04240071
v -0.01602351 0.02861276 -0.04240071
v -0.01695742 0.02813501 -0.04314614
v -0.01796051 0.02878707 -0.04142149
v -0.01602351 0.02819311 -0.04325200
v -0.01512995 0.02821248 -0.04341520
v -0.01416145 0.02835452 -0.04333140
v -0.01229362 0.02849010 -0.04333140
v -0.01135971 0.02854820 -0.04333140
v -0.01042580 0.02858694 -0.04333140
v -0.00949188 0.02861922 -0.04333140
v -0.00855797 0.02890974 -0.04284179
v -0.00762982 0.02891620 -0.04285943
v 0.02443450 0.01566187 -0.03896465
v 0.02219772 0.01909005 -0.03862942
v 0.02275115 0.01873496 -0.03828096
v 0.02249750 0.01935475 -0.03792810
v 0.02271656 0.01961945 -0.03730616
v 0.02357553 0.01858647 -0.03716943
v 0.02380613 0.01796669 -0.03757964
v 0.02442874 0.01752768 -0.03702387
v 0.02413473 0.01731463 -0.03780459
v 0.02446333 0.01664320 -0.03802954
v 0.02384072 0.01710158 -0.03849710
v 0.02414049 0.01639786 -0.03873087
v -0.00762982 0.02912925 -0.04239188
v -0.00762982 0.02951661 -0.04146560
v -0.00669591 0.02951016 -0.04146560
v -0.00482809 0.02948433 -0.04146560
v -0.00389417 0.02945851 -0.04146560
v -0.00296026 0.02941977 -0.04146560
v -0.00202635 0.02936812 -0.04146560
v -0.00109820 0.02931647 -0.04146560
v -0.00016429 0.02925191 -0.04146560
v 0.01103113 0.02851592 -0.03866912
v 0.00729548 0.02940686 -0.03866912
v 0.00822939 0.02924546 -0.03866912
v 0.00911142 0.02905823 -0.03867353
v 0.01052958 0.02891620 -0.03817510
v 0.00076962 0.02953598 -0.04053491
v 0.00169777 0.02974257 -0.03971890
v 0.00230885 0.02987170 -0.03917195
v 0.00262015 0.02971675 -0.03952924
v 0.00292569 0.02983941 -0.03908374
v 0.00356560 0.02959408 -0.03959981
v 0.00449951 0.02975549 -0.03881027
v 0.00539307 0.02971675 -0.03859413
v 0.00636157 0.02955535 -0.03866912
v 0.01256459 0.02806399 -0.03833389
v 0.01192469 0.02817375 -0.03865147
v 0.01351003 0.02806399 -0.03740761
v 0.01413264 0.02789614 -0.03707680
v 0.01468030 0.02719242 -0.03764139
v 0.01522797 0.02705685 -0.03727088
v 0.01493396 0.02682443 -0.03789281
v 0.01558539 0.02650162 -0.03761492
v 0.01621376 0.02617236 -0.03733263
v 0.01594282 0.02591412 -0.03795456
v 0.01880220 0.02317029 -0.03799426
v 0.01785100 0.02409351 -0.03798544
v 0.02163276 0.01944513 -0.03897788
v 0.02032990 0.02189844 -0.03769873
v 0.02091792 0.02154981 -0.03738556
v 0.02067579 0.02129803 -0.03800749
v 0.01974188 0.02224061 -0.03800749
v 0.02125805 0.02094940 -0.03768550
v 0.02159241 0.02034898 -0.03798544
v 0.02130416 0.02007137 -0.03868235
v 0.02640033 0.01487423 -0.03627402
v 0.02531077 0.01542945 -0.03779136
v 0.02580078 0.01542945 -0.03682979
v 0.02815286 0.01166556 -0.03496399
v 0.02826239 0.01107160 -0.03529040
v 0.02751872 0.01258878 -0.03585058
v 0.02740342 0.01316983 -0.03553300
v 0.02841228 0.00977393 -0.03586822
v 0.02864287 0.00886362 -0.03586822
v 0.02670011 0.01452560 -0.03592556
v 0.02716129 0.01349909 -0.03585058
v 0.02919054 0.00720441 -0.03526835
v 0.02927125 0.00606169 -0.03556387
v 0.02957679 0.00512555 -0.03493312
v 0.02943843 0.00419588 -0.03586822
v 0.02891959 0.00886362 -0.03493312
v 0.02912712 0.00797268 -0.03495076
v 0.02951914 0.00325975 -0.03586822
v 0.02930584 0.00325975 -0.03652103
v 0.02912136 0.00233007 -0.03703269
v 0.02844110 0.00233007 -0.03852797
v 0.02915595 -0.00983317 -0.03313790
v 0.02927701 -0.00954911 -0.03286884
v 0.02920207 -0.01016889 -0.03242334
v 0.02911559 -0.01067892 -0.03212340
v 0.02920207 -0.01111148 -0.03057519
v 0.02894841 -0.01166024 -0.03120153
v 0.02861405 -0.01259638 -0.03120153
v 0.02836616 -0.01325489 -0.03120153
v 0.02824510 -0.01388113 -0.03027084
v 0.02827392 -0.01394569 -0.02933574
v 0.02826239 -0.01391341 -0.02746994
v 0.02875817 -0.01259638 -0.02746994
v 0.02923089 -0.01120832 -0.02695387
v 0.02907524 -0.01157632 -0.02660101
v 0.02920207 -0.01110502 -0.02633636
v 0.02554136 -0.00948455 -0.01479755
v 0.02544912 -0.00826435 -0.01401241
v 0.02534536 -0.00886476 -0.01416679
v 0.02860252 -0.00886476 -0.02094187
v 0.02884464 -0.00792863 -0.02094187
v 0.02837769 -0.00886476 -0.02023613
v 0.02849875 -0.00799319 -0.01993620
v 0.02836039 -0.00772849 -0.01938043
v 0.02663669 -0.00699250 -0.01543712
v 0.02637151 -0.00699250 -0.01496957
v 0.02843534 -0.00699250 -0.01920840
v 0.02823357 -0.00699250 -0.01874085
v 0.02754178 -0.00701187 -0.01714853
v 0.02789344 -0.00512669 -0.01721029
v 0.02739189 -0.00670843 -0.01668539
v 0.02642915 -0.00374509 -0.01394184
v 0.02642339 -0.00650830 -0.01488576
v 0.02604867 -0.00699250 -0.01440939
v 0.02555289 -0.00764456 -0.01385803
v 0.02576043 -0.00794154 -0.01435646
v 0.02563936 -0.00886476 -0.01463434
v 0.02521276 -0.00794154 -0.01351840
v 0.02437685 -0.00792863 -0.01233629
v 0.02385801 -0.00784470 -0.01159967
v 0.02363318 -0.00747671 -0.01113653
v 0.02286645 -0.00699250 -0.00999853
v 0.02260703 -0.00621777 -0.00938101
v 0.02171924 -0.00637917 -0.00839298
v 0.02944419 -0.00979444 -0.02560856
v 0.02968632 -0.00886476 -0.02560856
v 0.02974973 -0.00792863 -0.02467346
v 0.02959408 -0.00792863 -0.02374277
v 0.02935195 -0.00891641 -0.02371189
v 0.02937501 -0.00796737 -0.02276356
v 0.02927701 -0.00768330 -0.02217250
v 0.01853702 -0.00437779 -0.00390713
v -0.02806636 0.01014838 -0.00753727
v -0.01042580 0.01262751 -0.00390713
v 0.02990538 0.00046427 -0.03493312
v 0.02986503 0.00139394 -0.03493312
v 0.03021669 -0.00419702 -0.03288207
v 0.03023975 -0.00326089 -0.03314231
v 0.03019939 -0.00139508 -0.03368926
v 0.03037810 -0.00046541 -0.03306733
v 0.03029740 -0.00233121 -0.03306733
v 0.03021669 -0.00046541 -0.03376424
v 0.03009563 0.00046427 -0.03423179
v 0.03017633 -0.00479743 -0.03269682
v 0.03006104 -0.00512024 -0.03303204
v 0.02993997 -0.00699250 -0.03213664
v 0.02977856 -0.00792863 -0.03213664
v 0.02956526 -0.00886476 -0.03213664
v -0.02629078 0.02689545 -0.04161999
v -0.02806636 0.02687608 -0.04055256
v -0.02676350 0.02705685 -0.04100246
v -0.02629078 0.02712786 -0.04115243
v -0.02629078 0.02741839 -0.04053491
v -0.02533957 0.02724407 -0.04149207
v -0.02526463 0.02773473 -0.04044228
v -0.02551252 0.02791551 -0.03988652
v -0.02584688 0.02892911 -0.03728411
v -0.02255513 0.02832869 -0.04053491
v -0.02220347 0.02894848 -0.03919401
v -0.02162698 0.02851592 -0.04053491
v -0.02062389 0.02872897 -0.04045111
v -0.02185758 0.02982005 -0.03716943
v -0.01831793 0.02891620 -0.04098482
v -0.01695742 0.02881290 -0.04166409
v -0.01543549 0.02890974 -0.04189787
v -0.01511265 0.02874834 -0.04233454
v -0.01769532 0.02895493 -0.04108186
v -0.01602351 0.02905823 -0.04134210
v -0.01416145 0.02876125 -0.04251539
v -0.01322753 0.02879999 -0.04259478
v -0.01229362 0.02883227 -0.04267418
v -0.01135971 0.02886455 -0.04274034
v -0.01042580 0.02888392 -0.04278445
v -0.00949188 0.02889683 -0.04281533
v -0.00855797 0.02912279 -0.04237865
v 0.02187489 0.01972274 -0.03835595
v 0.02216313 0.01998099 -0.03764580
v 0.02284916 0.01978730 -0.03680332
v 0.02366201 0.01964527 -0.03547566
v 0.02335070 0.01912233 -0.03683420
v 0.02182877 0.02060077 -0.03736350
v 0.02246291 0.02025214 -0.03680332
v 0.02262433 0.02044582 -0.03620786
v 0.02459015 0.01777301 -0.03640194
v 0.02463051 0.01690789 -0.03740761
v -0.00855797 0.02949724 -0.04146560
v -0.00855797 0.02976840 -0.04075104
v -0.00762982 0.02977485 -0.04077310
v -0.00669591 0.02977485 -0.04076869
v -0.00576200 0.02976840 -0.04075104
v -0.00482809 0.02976194 -0.04072899
v -0.00389417 0.02974903 -0.04069811
v -0.00296026 0.02972966 -0.04064077
v -0.00202635 0.02970384 -0.04057902
v -0.00115585 0.02970384 -0.04044669
v -0.00088490 0.02984587 -0.04002766
v -0.00016429 0.02960700 -0.04053491
v 0.01189010 0.02865150 -0.03765903
v 0.00728395 0.02972320 -0.03768550
v 0.00822939 0.02955535 -0.03773402
v 0.00916330 0.02937458 -0.03773402
v 0.00990697 0.02898721 -0.03836918
v 0.01016639 0.02912279 -0.03781341
v 0.01103113 0.02923254 -0.03680332
v 0.01103113 0.02900658 -0.03750465
v 0.01152691 0.02893557 -0.03729293
v -0.00016429 0.02982005 -0.03995268
v 0.00076962 0.02978131 -0.03983800
v 0.00169777 0.02989752 -0.03925576
v 0.00076962 0.03016222 -0.03866912
v 0.00076962 0.03069807 -0.03696211
v 0.00169777 0.03037527 -0.03773402
v 0.00262015 0.02998145 -0.03873087
v 0.00356560 0.02980713 -0.03897788
v 0.00356560 0.02995563 -0.03851033
v 0.00356560 0.03019450 -0.03773402
v 0.00449951 0.03008475 -0.03773402
v 0.00505870 0.02986524 -0.03823686
v 0.00568131 0.02982650 -0.03811335
v 0.00636157 0.02978131 -0.03795456
v 0.01288742 0.02821248 -0.03772519
v 0.01382710 0.02818666 -0.03678127
v 0.01438053 0.02803817 -0.03645487
v 0.01523374 0.02799298 -0.03540949
v 0.01472066 0.02765726 -0.03678127
v 0.01540092 0.02717951 -0.03680332
v 0.01607541 0.02698583 -0.03621668
v 0.01586787 0.02681152 -0.03680332
v 0.01640401 0.02634022 -0.03680332
v 0.01704967 0.02608198 -0.03626961
v 0.01800088 0.02516522 -0.03630049
v 0.01895209 0.02424845 -0.03632254
v 0.01989753 0.02332523 -0.03633577
v 0.01809889 0.02432593 -0.03736350
v 0.01845054 0.02375134 -0.03768109
v 0.01939022 0.02282812 -0.03768991
v 0.01998401 0.02247949 -0.03738556
v 0.02065850 0.02222124 -0.03680332
v 0.02081991 0.02238265 -0.03632254
v 0.02110240 0.02175641 -0.03680332
v 0.02652716 0.01510019 -0.03565209
v 0.02559325 0.01602987 -0.03653426
v 0.02540877 0.01665611 -0.03615934
v 0.02555289 0.01689498 -0.03553741
v 0.02543759 0.01576517 -0.03715620
v 0.02834886 0.01135567 -0.03466847
v 0.02780696 0.01259524 -0.03493312
v 0.02823933 0.01197545 -0.03428472
v 0.02871782 0.01072943 -0.03400243
v 0.02728236 0.01379607 -0.03514484
v 0.02711518 0.01439002 -0.03487578
v 0.02927125 0.00768862 -0.03464641
v 0.02957102 0.00699136 -0.03400243
v 0.02931737 0.00693326 -0.03495076
v 0.02983044 0.00512555 -0.03400243
v 0.02969785 0.00419588 -0.03493312
v 0.02915018 0.00893464 -0.03405536
v 0.02929430 0.00866994 -0.03377747
v 0.02920783 0.00830840 -0.03439941
v 0.02937501 0.00797268 -0.03405536
v 0.02977856 0.00325975 -0.03493312
v 0.02968632 -0.00886476 -0.03120153
v 0.02928277 -0.01048524 -0.03120153
v 0.02932890 -0.01077576 -0.03026643
v 0.02924242 -0.01125351 -0.02995326
v 0.02908677 -0.01160214 -0.03026643
v 0.02873511 -0.01259638 -0.03027084
v 0.02878699 -0.01259638 -0.02933574
v 0.02844687 -0.01346149 -0.02840505
v 0.02877546 -0.01259638 -0.02840505
v 0.02908101 -0.01169252 -0.02746994
v 0.02923666 -0.01122769 -0.02746994
v 0.02936348 -0.01073057 -0.02746994
v 0.02959985 -0.00979444 -0.02746994
v 0.02983044 -0.00886476 -0.02746994
v 0.02979008 -0.00886476 -0.02653484
v 0.02955372 -0.00979444 -0.02653484
v 0.02931160 -0.01076931 -0.02660101
v 0.02918477 -0.00719910 -0.02155057
v 0.02873511 -0.00699250 -0.02001118
v 0.02624468 -0.00614676 -0.01444468
v 0.02869476 -0.00512669 -0.01907608
v 0.02839498 -0.00512669 -0.01837475
v 0.02827968 -0.00646310 -0.01863499
v 0.02830274 -0.00379674 -0.01765137
v 0.02808944 -0.00413891 -0.01728968
v 0.02752448 -0.00512669 -0.01642515
v 0.02739189 -0.00390004 -0.01575470
v 0.02457286 -0.00378383 -0.01112771
v 0.02561630 -0.00419702 -0.01282589
v 0.02611785 -0.00411309 -0.01356692
v 0.02573160 -0.00606283 -0.01358015
v 0.02563360 -0.00699250 -0.01373012
v 0.02742071 -0.00326089 -0.01569736
v 0.02644645 -0.00326089 -0.01391096
v 0.02615244 -0.00326089 -0.01344341
v 0.02568548 -0.00326089 -0.01271562
v 0.02537994 -0.00326089 -0.01224807
v 0.02531653 -0.00699250 -0.01326698
v 0.02480345 -0.00694085 -0.01250831
v 0.02449215 -0.00721846 -0.01216867
v 0.02421544 -0.00694085 -0.01168789
v 0.02370812 -0.00699250 -0.01103949
v 0.02384072 -0.00606283 -0.01088070
v 0.02269350 -0.00559799 -0.00927956
v 0.01877914 -0.00355787 -0.00390713
v 0.01859467 -0.00419702 -0.00390713
v 0.02990538 -0.00792863 -0.02560856
v 0.02992268 -0.00699250 -0.02467346
v 0.02976703 -0.00699250 -0.02374277
v 0.02957102 -0.00699250 -0.02280767
v 0.02932313 -0.00692794 -0.02186815
v -0.02806636 0.01072943 -0.00786367
v -0.00949188 0.01304716 -0.00390713
v -0.02806636 0.01134921 -0.00823860
v 0.03016480 0.00294340 -0.03356134
v 0.03040693 -0.00326089 -0.03213664
v 0.03032622 -0.00419702 -0.03213664
v 0.03053376 -0.00046541 -0.03213664
v 0.03037810 0.00046427 -0.03306733
v 0.03021669 0.00046427 -0.03376424
v 0.03019939 0.00139394 -0.03368926
v 0.03021092 -0.00512024 -0.03211017
v 0.03013021 -0.00541722 -0.03240129
v 0.03012445 -0.00721201 -0.03044728
v 0.03008410 -0.00602409 -0.03211017
v 0.03015904 -0.00747671 -0.02982534
v 0.03003798 -0.00784470 -0.03018704
v 0.02980161 -0.00886476 -0.03027084
v -0.02806636 0.02695355 -0.04038935
v -0.02713245 0.02717951 -0.04050845
v -0.02631384 0.02782512 -0.03958658
v -0.02787612 0.02710849 -0.04018204
v -0.02806636 0.02720534 -0.03984241
v -0.02806636 0.02729572 -0.03963951
v -0.02601406 0.02804463 -0.03926459
v -0.02621007 0.02903241 -0.03677245
v -0.02629078 0.02936167 -0.03586822
v -0.02552981 0.02979422 -0.03521982
v -0.02527039 0.02963928 -0.03578000
v -0.02535686 0.02922609 -0.03680332
v -0.02255513 0.02975549 -0.03699740
v -0.02348904 0.02925837 -0.03773402
v -0.02646949 0.02884518 -0.03706797
v -0.02162698 0.02900013 -0.03932634
v -0.02162698 0.02881290 -0.03979389
v -0.02158086 0.02998791 -0.03683861
v -0.02069307 0.03014285 -0.03680332
v -0.02255513 0.03018159 -0.03586822
v -0.02162698 0.03034299 -0.03586822
v -0.01887713 0.03003955 -0.03780900
v -0.01789133 0.02976194 -0.03888525
v -0.01602351 0.02936812 -0.04053491
v -0.01511265 0.02908405 -0.04154059
v -0.01481288 0.02894202 -0.04198167
v -0.01416145 0.02897430 -0.04204784
v -0.01229362 0.02904532 -0.04220663
v -0.01135971 0.02907114 -0.04227279
v -0.01042580 0.02909697 -0.04231690
v 0.02314893 0.02004555 -0.03584176
v 0.02452097 0.01861230 -0.03529922
v 0.02438262 0.01842507 -0.03586822
v 0.02388107 0.01912233 -0.03581970
v 0.02279151 0.02063951 -0.03558593
v 0.02341412 0.02025860 -0.03493312
v 0.02156935 0.02125929 -0.03680332
v 0.02199595 0.02078800 -0.03680332
v 0.02226114 0.02103333 -0.03592997
v 0.02472275 0.01796023 -0.03586822
v 0.02520123 0.01723070 -0.03585499
v 0.02475734 0.01723715 -0.03674598
v 0.02526465 0.01633330 -0.03682979
v -0.01042580 0.02944560 -0.04146560
v -0.01042580 0.02974257 -0.04068047
v -0.01042580 0.02991043 -0.04021733
v -0.00949188 0.02992334 -0.04024821
v -0.00855797 0.03016867 -0.03959981
v -0.00762982 0.02994271 -0.04030555
v -0.00669591 0.03018159 -0.03959981
v -0.00482809 0.02992334 -0.04026144
v -0.00389417 0.02991043 -0.04023056
v -0.00296026 0.02989106 -0.04017322
v -0.00202635 0.02987170 -0.04011147
v -0.00296026 0.03039464 -0.03866912
v -0.00296026 0.03082074 -0.03735909
v -0.00109820 0.03059478 -0.03773402
v -0.00016429 0.03023323 -0.03866912
v 0.01214952 0.02883227 -0.03699299
v 0.00696688 0.02987815 -0.03734145
v 0.00822939 0.02977485 -0.03698858
v 0.00875400 0.02986524 -0.03637547
v 0.00910566 0.02969092 -0.03673275
v 0.01009722 0.02945851 -0.03680332
v 0.01103113 0.02950370 -0.03586822
v 0.01195928 0.02924546 -0.03586822
v 0.01189010 0.02900658 -0.03673275
v 0.00076962 0.02993626 -0.03937486
v -0.00016429 0.03053022 -0.03773402
v 0.00263168 0.03029134 -0.03773402
v -0.00016429 0.03087884 -0.03662248
v 0.00076962 0.03084011 -0.03649898
v 0.00263168 0.03074972 -0.03619904
v 0.00356560 0.03047211 -0.03680332
v 0.00449951 0.03036236 -0.03680332
v 0.00636157 0.02992334 -0.03749142
v 0.00542766 0.03024615 -0.03680332
v 0.01282401 0.02866441 -0.03673275
v 0.01338897 0.02893557 -0.03543596
v 0.01375216 0.02861922 -0.03579765
v 0.01472066 0.02812855 -0.03578000
v 0.01603505 0.02790259 -0.03423179
v 0.01583328 0.02776701 -0.03493312
v 0.01628871 0.02716014 -0.03559475
v 0.01565457 0.02750232 -0.03581088
v 0.01476101 0.02840617 -0.03493312
v 0.01537209 0.02807691 -0.03493312
v 0.01725721 0.02628212 -0.03564768
v 0.01820266 0.02536536 -0.03567856
v 0.02002436 0.02345435 -0.03586822
v 0.02068732 0.02318320 -0.03514043
v 0.02055473 0.02286685 -0.03595203
v 0.01913657 0.02443568 -0.03570061
v 0.01882526 0.02505546 -0.03514925
v 0.01975917 0.02411933 -0.03514925
v 0.02177689 0.02241493 -0.03450527
v 0.02173077 0.02142069 -0.03627402
v 0.02634845 0.01572643 -0.03515807
v 0.02661363 0.01540363 -0.03488019
v 0.02734001 0.01488714 -0.03346872
v 0.02725930 0.01469346 -0.03400243
v 0.02537994 0.01754059 -0.03493312
v 0.02547218 0.01768908 -0.03440382
v 0.02565089 0.01707575 -0.03493312
v 0.02843534 0.01166556 -0.03398479
v 0.02747836 0.01349909 -0.03487578
v 0.02772626 0.01352491 -0.03400243
v 0.02832580 0.01222078 -0.03366279
v 0.02866593 0.01165910 -0.03306733
v 0.02894265 0.01072943 -0.03306733
v 0.02921360 0.00928972 -0.03349077
v 0.02737460 0.01403494 -0.03452291
v 0.02979008 0.00699136 -0.03306733
v 0.02992268 0.00606169 -0.03306733
v 0.03011868 0.00419588 -0.03334521
v 0.02962290 0.00792749 -0.03306733
v 0.02995150 0.00419588 -0.03400243
v 0.03014751 0.00356318 -0.03349959
v 0.02937501 0.00893464 -0.03313790
v 0.02939231 -0.01073057 -0.02933574
v 0.02924819 -0.01127288 -0.02933574
v 0.02909253 -0.01173772 -0.02933574
v 0.02985926 -0.00886476 -0.02933574
v 0.02908677 -0.01171835 -0.02840505
v 0.02984774 -0.00886476 -0.02840505
v 0.03004374 -0.00792863 -0.02746994
v 0.03000915 -0.00792863 -0.02653484
v 0.02961137 -0.00512669 -0.02187698
v 0.02913289 -0.00606283 -0.02078308
v 0.02906371 -0.00692794 -0.02102127
v 0.02906948 -0.00508150 -0.02008176
v 0.02913289 -0.00419702 -0.01984357
v 0.02883888 -0.00419702 -0.01907608
v 0.02844110 -0.00413891 -0.01810569
v 0.02893688 -0.00326089 -0.01907608
v 0.02812403 -0.00326089 -0.01714412
v 0.02771473 -0.00326089 -0.01627518
v 0.02757060 -0.00420348 -0.01621343
v 0.02287222 -0.00419702 -0.00905461
v 0.02333917 -0.00419702 -0.00965448
v 0.02441721 -0.00512669 -0.01134825
v 0.02457862 -0.00659868 -0.01205399
v 0.02503405 -0.00606283 -0.01254360
v 0.02542030 -0.00606283 -0.01311260
v 0.02460168 -0.00326089 -0.01108360
v 0.02343141 -0.00326089 -0.00953539
v 0.02296446 -0.00326089 -0.00893110
v 0.02777237 -0.00233121 -0.01627518
v 0.02788767 -0.00046541 -0.01627518
v 0.02750719 -0.00046541 -0.01553416
v 0.02684423 -0.00139508 -0.01440939
v 0.02618703 -0.00233121 -0.01339048
v 0.02650986 -0.00139508 -0.01380510
v 0.02625621 -0.00046541 -0.01328462
v 0.02573737 -0.00044604 -0.01246420
v 0.02572007 -0.00233121 -0.01265828
v 0.02545489 -0.00139508 -0.01213780
v 0.02464780 -0.00233121 -0.01102626
v 0.02510899 -0.00139508 -0.01161290
v 0.02430191 -0.00606283 -0.01149822
v 0.02249173 -0.00419702 -0.00858706
v 0.02084298 -0.00378383 -0.00646102
v 0.01885985 -0.00326089 -0.00390713
v 0.03007833 -0.00699250 -0.02561738
v 0.03018210 -0.00667615 -0.02593938
v 0.03013021 -0.00634044 -0.02531745
v 0.03007257 -0.00604346 -0.02470434
v 0.03012445 -0.00537203 -0.02440881
v 0.03006104 -0.00508796 -0.02379129
v 0.03013021 -0.00419702 -0.02345165
v 0.02985926 -0.00512669 -0.02280767
v 0.02971514 -0.00606283 -0.02280767
v -0.02806636 0.01302134 -0.00938101
v -0.00654602 0.01419634 -0.00390713
v -0.00903069 0.02426137 -0.01207605
v 0.03029740 0.00233007 -0.03306733
v 0.03023975 0.00325975 -0.03314231
v 0.03063176 -0.00326089 -0.03027084
v 0.03044152 -0.00419702 -0.03120153
v 0.03075282 -0.00046541 -0.03027084
v 0.03067211 -0.00233121 -0.03027084
v 0.03053376 0.00046427 -0.03213664
v 0.03043576 -0.00512669 -0.03027084
v 0.03019363 -0.00693440 -0.03018704
v 0.03049917 -0.00512669 -0.02933574
v 0.03036658 -0.00606283 -0.02933574
v 0.03023398 -0.00699250 -0.02933574
v 0.03015904 -0.00748316 -0.02933574
v 0.03006680 -0.00794800 -0.02933574
v -0.02806636 0.02776056 -0.03856767
v -0.02691338 0.02896785 -0.03644604
v -0.02722469 0.02909697 -0.03589028
v -0.02629654 0.02971029 -0.03491989
v -0.02490720 0.02985878 -0.03540949
v -0.02599100 0.02989752 -0.03459789
v -0.02535686 0.03023969 -0.03400243
v -0.02348904 0.03032362 -0.03493312
v -0.02344869 0.02966510 -0.03673716
v -0.02373117 0.02980713 -0.03620786
v -0.02310856 0.02987170 -0.03638429
v -0.02806636 0.02810919 -0.03773402
v -0.02806636 0.02849655 -0.03679891
v -0.02722469 0.02874834 -0.03677245
v -0.01975915 0.03028488 -0.03680332
v -0.02255513 0.03051085 -0.03493312
v -0.02344869 0.02998791 -0.03588587
v -0.02442295 0.02991043 -0.03554623
v -0.02167310 0.03067225 -0.03490666
v -0.02069307 0.03072390 -0.03519777
v -0.01975915 0.03064642 -0.03581529
v -0.01882524 0.03042046 -0.03680332
v -0.01789133 0.03019450 -0.03773402
v -0.01508959 0.02947142 -0.04053491
v -0.01695742 0.02999436 -0.03855885
v -0.01578715 0.02988461 -0.03920724
v -0.01416145 0.02920672 -0.04146560
v -0.01322753 0.02927774 -0.04146560
v -0.01135971 0.02940686 -0.04146560
v 0.02463051 0.01875433 -0.03467729
v 0.02488416 0.01825721 -0.03496841
v 0.02377154 0.01978730 -0.03493312
v 0.02355247 0.02042646 -0.03424503
v 0.02294716 0.02082028 -0.03493312
v 0.02266468 0.02142715 -0.03438617
v -0.01135971 0.02972320 -0.04062754
v -0.01135971 0.02989106 -0.04015999
v -0.01135971 0.03040755 -0.03866912
v -0.01042580 0.03044629 -0.03866912
v -0.01042580 0.03069807 -0.03793251
v -0.00855797 0.03048502 -0.03866912
v -0.00762982 0.03049794 -0.03866912
v -0.00762982 0.03072390 -0.03799867
v -0.00669591 0.03049148 -0.03866912
v -0.00576200 0.03047857 -0.03866912
v -0.00482809 0.03014931 -0.03959981
v -0.00389417 0.03012348 -0.03959981
v -0.00296026 0.03008475 -0.03959981
v -0.00389417 0.03043337 -0.03866912
v -0.00389417 0.03069162 -0.03788840
v -0.00389417 0.03104025 -0.03680332
v -0.00296026 0.03099505 -0.03680332
v -0.00200329 0.03091758 -0.03688272
v -0.00229730 0.03080137 -0.03730175
v -0.00109820 0.03091112 -0.03672393
v 0.01246082 0.02893557 -0.03637106
v 0.00822939 0.02991043 -0.03652103
v 0.00636157 0.03011703 -0.03680332
v 0.00636157 0.03037527 -0.03586822
v 0.00729548 0.03023323 -0.03586822
v 0.00937661 0.02980713 -0.03613287
v 0.00729548 0.03047211 -0.03493312
v 0.00822939 0.03031071 -0.03493312
v 0.00916330 0.03014285 -0.03493312
v 0.01007992 0.02972966 -0.03584176
v 0.01195928 0.02949724 -0.03493312
v 0.01037970 0.02982005 -0.03523747
v 0.01102536 0.02974257 -0.03492871
v 0.01133667 0.02982005 -0.03430237
v 0.01289319 0.02921963 -0.03493312
v 0.00142682 0.03080783 -0.03639753
v -0.00109820 0.03116937 -0.03586822
v -0.00016429 0.03110481 -0.03586822
v 0.00076962 0.03102088 -0.03586822
v 0.00263168 0.03088530 -0.03573149
v 0.00356560 0.03083365 -0.03555505
v 0.00410750 0.03080137 -0.03544037
v 0.00542766 0.03050439 -0.03586822
v 0.01289319 0.02943914 -0.03400243
v 0.01353886 0.02900013 -0.03493312
v 0.01438053 0.02896139 -0.03367602
v 0.01472066 0.02871606 -0.03399361
v 0.01400581 0.02878707 -0.03493312
v 0.01619647 0.02801235 -0.03360986
v 0.01664037 0.02753460 -0.03402448
v 0.01647895 0.02730218 -0.03493312
v 0.01707850 0.02704393 -0.03443910
v 0.01694591 0.02692773 -0.03493312
v 0.01571222 0.02819311 -0.03395391
v 0.01756851 0.02640478 -0.03486255
v 0.01787982 0.02598514 -0.03512720
v 0.02085450 0.02335106 -0.03451850
v 0.01843901 0.02560423 -0.03482726
v 0.01899244 0.02522332 -0.03452732
v 0.01937293 0.02467455 -0.03484049
v 0.01992636 0.02428719 -0.03452732
v 0.02142523 0.02297661 -0.03400243
v 0.02186336 0.02251177 -0.03400243
v 0.02238797 0.02188553 -0.03404654
v 0.01958623 0.02488115 -0.03400243
v 0.01931528 0.02555258 -0.03306733
v 0.02022037 0.02460354 -0.03306733
v 0.02689611 0.01539072 -0.03400243
v 0.02626774 0.01650762 -0.03400243
v 0.02716706 0.01536489 -0.03312026
v 0.02741495 0.01502918 -0.03284678
v 0.02756484 0.01453206 -0.03312026
v 0.02744954 0.01422862 -0.03400243
v 0.02636574 0.01668839 -0.03332316
v 0.02616397 0.01719196 -0.03303204
v 0.02525312 0.01816683 -0.03405536
v 0.02557019 0.01784402 -0.03378189
v 0.02578349 0.01732754 -0.03405536
v 0.02796838 0.01352491 -0.03306733
v 0.02821627 0.01287285 -0.03306733
v 0.02839498 0.01240155 -0.03306733
v 0.02882159 0.01165910 -0.03213664
v 0.02827968 0.01302134 -0.03249833
v 0.02911559 0.01067778 -0.03212340
v 0.02920207 0.01016775 -0.03242334
v 0.02927701 0.00954797 -0.03286884
v 0.02915595 0.00983203 -0.03313790
v 0.02977856 0.00792749 -0.03213664
v 0.02993997 0.00699136 -0.03213664
v 0.03017633 0.00479629 -0.03269682
v 0.03006104 0.00511910 -0.03303204
v 0.03021669 0.00419588 -0.03288207
v 0.02956526 0.00886362 -0.03213664
v 0.03007833 -0.00784470 -0.02841387
v 0.03015904 -0.00747671 -0.02873586
v 0.03014751 -0.00739923 -0.02746994
v 0.03013021 -0.00729594 -0.02653484
v 0.02974973 -0.00419702 -0.02187698
v 0.02923666 -0.00473933 -0.02043904
v 0.02927701 -0.00419702 -0.02031112
v 0.02917901 -0.00326089 -0.01969360
v 0.02860252 -0.00233121 -0.01814539
v 0.02921936 -0.00175662 -0.01956127
v 0.02923666 -0.00113684 -0.01951717
v 0.02906371 -0.00046541 -0.01900109
v 0.02834886 -0.00233121 -0.01754551
v 0.02820474 -0.00046541 -0.01695446
v 0.02259550 -0.00326089 -0.00846355
v 0.02172500 -0.00353204 -0.00745346
v 0.02348330 -0.00233121 -0.00946923
v 0.02301634 -0.00233121 -0.00886053
v 0.02265315 -0.00233121 -0.00839298
v 0.02788767 0.00046427 -0.01627518
v 0.02690187 -0.00046541 -0.01440939
v 0.02750719 0.00046427 -0.01553416
v 0.02653869 -0.00046541 -0.01375217
v 0.02625621 0.00046427 -0.01328462
v 0.02550101 -0.00012324 -0.01206281
v 0.02523582 -0.00044604 -0.01169671
v 0.02471698 -0.00046541 -0.01092040
v 0.02437685 -0.00046541 -0.01045285
v 0.02391566 -0.00046541 -0.00982210
v 0.02356977 -0.00046541 -0.00935454
v 0.02352941 -0.00139508 -0.00941189
v 0.01888291 -0.00313177 -0.00390713
v 0.03031469 -0.00606283 -0.02653484
v 0.03045305 -0.00512669 -0.02653484
v 0.03036081 -0.00512669 -0.02560856
v 0.03021669 -0.00508796 -0.02470434
v 0.03017057 -0.00474579 -0.02413092
v 0.03048764 -0.00419702 -0.02560856
v 0.03015904 -0.00372573 -0.02327522
v 0.02999186 -0.00419702 -0.02280767
v -0.02806636 0.01352491 -0.00976034
v -0.00577353 0.01443522 -0.00390713
v -0.00762982 0.02446796 -0.01191284
v -0.00855797 0.02479722 -0.01239363
v -0.00923246 0.02526206 -0.01294939
v -0.00985507 0.02515230 -0.01304643
v -0.01042580 0.02503609 -0.01313024
v -0.01135971 0.02484887 -0.01327139
v -0.02806636 0.01409950 -0.01020143
v -0.02806636 0.01358302 -0.00980445
v 0.03040693 0.00325975 -0.03213664
v 0.03069518 -0.00326089 -0.02933574
v 0.03062023 -0.00419702 -0.02933574
v 0.03055105 -0.00419702 -0.03027084
v 0.03078165 -0.00139508 -0.02933574
v 0.03082200 -0.00046541 -0.02933574
v 0.03075282 0.00046427 -0.03027084
v 0.03063176 0.00325975 -0.03027084
v 0.03067211 0.00233007 -0.03027084
v 0.03049340 -0.00512669 -0.02840505
v 0.03036081 -0.00606283 -0.02840505
v -0.02753599 0.02887746 -0.03622109
v -0.02806636 0.02882581 -0.03596526
v -0.02794530 0.02900013 -0.03559916
v -0.02722469 0.02944560 -0.03493312
v -0.02661361 0.02982005 -0.03435530
v -0.02629654 0.03000727 -0.03402889
v -0.02629078 0.03029780 -0.03306733
v -0.02535686 0.03051730 -0.03306733
v -0.02378881 0.03075618 -0.03341137
v -0.02316620 0.03082074 -0.03362751
v -0.02348328 0.03064642 -0.03396714
v -0.02255513 0.03073035 -0.03428031
v -0.02201323 0.03077555 -0.03443028
v -0.02069307 0.03087884 -0.03473022
v -0.02007046 0.03076909 -0.03533451
v -0.01975915 0.03093049 -0.03499046
v -0.01944785 0.03081428 -0.03546683
v -0.01882524 0.03069162 -0.03605348
v -0.01789133 0.03053667 -0.03680332
v -0.01602351 0.03040109 -0.03773402
v -0.01416145 0.02956180 -0.04053491
v -0.01508959 0.03015576 -0.03866912
v 0.02474004 0.01890928 -0.03400243
v 0.02440568 0.01937411 -0.03400243
v 0.02365624 0.02056203 -0.03362309
v 0.02425003 0.02000681 -0.03306292
v 0.02389260 0.02009074 -0.03396273
v 0.02276845 0.02154981 -0.03376424
v -0.01202844 0.02987170 -0.04010706
v -0.01229362 0.03035590 -0.03866912
v -0.01229362 0.03065288 -0.03781341
v -0.01135971 0.03067870 -0.03788398
v -0.01135971 0.03084011 -0.03741644
v -0.01042580 0.03107898 -0.03680332
v -0.00949188 0.03086593 -0.03749142
v -0.00855797 0.03071744 -0.03798102
v -0.00669591 0.03071744 -0.03798985
v -0.00855797 0.03087239 -0.03751788
v -0.00762982 0.03087884 -0.03753112
v -0.00669591 0.03111126 -0.03680332
v -0.00482809 0.03045920 -0.03866912
v -0.00576200 0.03086593 -0.03749583
v -0.00482809 0.03085302 -0.03746495
v -0.00482809 0.03106607 -0.03680332
v -0.00482809 0.03135659 -0.03586822
v -0.00389417 0.03132431 -0.03586822
v -0.00296026 0.03127912 -0.03586822
v -0.00202635 0.03122747 -0.03586822
v 0.00542766 0.03071098 -0.03509632
v 0.00594073 0.03079491 -0.03449645
v 0.00975709 0.02988461 -0.03551094
v 0.00822939 0.03053022 -0.03400243
v 0.00656334 0.03074972 -0.03428031
v 0.00916330 0.03035590 -0.03400243
v 0.01007992 0.02995563 -0.03492871
v 0.01193622 0.02972320 -0.03399361
v 0.01071406 0.02989106 -0.03461554
v 0.01102536 0.02995563 -0.03399361
v 0.01160762 0.02988461 -0.03368044
v -0.00109820 0.03143407 -0.03493312
v -0.00016429 0.03136305 -0.03493312
v 0.00076962 0.03128558 -0.03493312
v 0.00169777 0.03119519 -0.03493312
v 0.00263168 0.03109835 -0.03493312
v 0.00356560 0.03099505 -0.03493312
v 0.00356560 0.03122747 -0.03400243
v 0.00449951 0.03111126 -0.03400243
v 0.00444762 0.03087884 -0.03495517
v 0.01289319 0.02962636 -0.03306733
v 0.01382710 0.02930356 -0.03306733
v 0.01386169 0.02909697 -0.03399361
v 0.01453042 0.02902595 -0.03306733
v 0.01499737 0.02881935 -0.03306733
v 0.01569493 0.02844490 -0.03306733
v 0.01631177 0.02808336 -0.03306733
v 0.01677873 0.02776701 -0.03306733
v 0.01723415 0.02717305 -0.03381717
v 0.01755122 0.02678569 -0.03407741
v 0.01804700 0.02614008 -0.03450527
v 0.01864079 0.02581728 -0.03400243
v 0.01911927 0.02535244 -0.03400243
v 0.02201901 0.02267963 -0.03306733
v 0.02248597 0.02215023 -0.03306733
v 0.02112545 0.02364158 -0.03306733
v 0.02159241 0.02314446 -0.03306733
v 0.02288375 0.02168539 -0.03306733
v 0.01884832 0.02601742 -0.03306733
v 0.01894056 0.02610135 -0.03254685
v 0.01945940 0.02568816 -0.03222926
v 0.01997248 0.02527497 -0.03190727
v 0.01986871 0.02516522 -0.03252920
v 0.02038178 0.02474557 -0.03219398
v 0.02078532 0.02421617 -0.03248068
v 0.02645221 0.01683688 -0.03270123
v 0.02747260 0.01514539 -0.03213664
v 0.02777237 0.01446104 -0.03213664
v 0.02721895 0.01561022 -0.03213664
v 0.02567395 0.01799897 -0.03306733
v 0.02460745 0.01965818 -0.03274974
v 0.02535688 0.01846381 -0.03306733
v 0.02894841 0.01165910 -0.03120153
v 0.02920207 0.01111034 -0.03057519
v 0.02845840 0.01266625 -0.03216751
v 0.02832004 0.01313755 -0.03187640
v 0.02928277 0.01048410 -0.03120153
v 0.02968632 0.00886362 -0.03120153
v 0.02932890 0.01077462 -0.03026643
v 0.02980161 0.00886362 -0.03027084
v 0.03003798 0.00784356 -0.03018704
v 0.03015904 0.00747557 -0.02982534
v 0.03012445 0.00721087 -0.03044728
v 0.03008410 0.00602295 -0.03211017
v 0.03013021 0.00541608 -0.03240129
v 0.03021092 0.00511910 -0.03211017
v 0.03032622 0.00419588 -0.03213664
v 0.03021669 -0.00693440 -0.02746994
v 0.02983621 -0.00326089 -0.02187698
v 0.02988809 -0.00233121 -0.02187698
v 0.02934619 -0.00233121 -0.02007734
v 0.02870629 -0.00046541 -0.01814539
v 0.02840075 -0.00046541 -0.01741760
v 0.02965749 -0.00139508 -0.02094187
v 0.02942113 -0.00046541 -0.02001118
v 0.02925395 -0.00046541 -0.01946865
v 0.02906371 0.00046427 -0.01900109
v 0.02820474 0.00046427 -0.01695446
v 0.02143676 -0.00233121 -0.00688005
v 0.02177689 -0.00290580 -0.00739171
v 0.01902127 -0.00233121 -0.00390713
v 0.02268197 -0.00176308 -0.00835769
v 0.02274539 -0.00046541 -0.00827829
v 0.02237644 -0.00046541 -0.00781074
v 0.02153476 -0.00046541 -0.00676096
v 0.02812403 0.00325975 -0.01714412
v 0.02777237 0.00233007 -0.01627518
v 0.02742071 0.00325975 -0.01569736
v 0.02690187 0.00046427 -0.01440939
v 0.02684423 0.00139394 -0.01440939
v 0.02653869 0.00046427 -0.01375217
v 0.02650986 0.00139394 -0.01380510
v 0.02644645 0.00325975 -0.01391096
v 0.02618703 0.00233007 -0.01339048
v 0.02573737 0.00044490 -0.01246420
v 0.02550101 0.00012210 -0.01206281
v 0.02471698 0.00046427 -0.01092040
v 0.02437685 0.00046427 -0.01045285
v 0.02391566 0.00046427 -0.00982210
v 0.02315470 -0.00046541 -0.00881201
v 0.02356977 0.00046427 -0.00935454
v 0.03034352 -0.00606283 -0.02746994
v 0.03047611 -0.00512669 -0.02746994
v 0.03057411 -0.00419702 -0.02653484
v 0.03056835 -0.00326089 -0.02560856
v 0.03008410 -0.00335773 -0.02286060
v 0.03051070 -0.00139508 -0.02467346
v 0.03055682 -0.00046541 -0.02467346
v 0.03039540 -0.00046541 -0.02374277
v 0.03023975 -0.00046541 -0.02288265
v 0.03014174 -0.00046541 -0.02241510
v 0.03011868 -0.00139508 -0.02252978
v -0.00293720 0.01516475 -0.00390713
v -0.00576200 0.02413224 -0.01123357
v -0.00669591 0.02459708 -0.01180257
v -0.00762982 0.02493280 -0.01229218
v -0.00855797 0.02535244 -0.01286118
v -0.00855797 0.02582374 -0.01330226
v -0.00930741 0.02620464 -0.01386244
v -0.00958412 0.02568816 -0.01345223
v -0.01135971 0.02589475 -0.01415797
v -0.01135971 0.02542346 -0.01373894
v -0.01206879 0.02529434 -0.01385362
v -0.02806636 0.01457725 -0.01058517
v 0.03044152 0.00419588 -0.03120153
v 0.03069518 -0.00326089 -0.02840505
v 0.03082777 -0.00046541 -0.02840505
v 0.03061447 -0.00419702 -0.02840505
v 0.03082200 0.00046427 -0.02933574
v 0.03069518 0.00325975 -0.02933574
v 0.03078165 0.00139394 -0.02933574
v 0.03055105 0.00419588 -0.03027084
v 0.03062023 0.00419588 -0.02933574
v -0.02806636 0.02891620 -0.03572707
v -0.02806636 0.02905823 -0.03533892
v -0.02806636 0.02912925 -0.03514043
v -0.02806636 0.02918089 -0.03499046
v -0.02806636 0.02951661 -0.03400243
v -0.02725928 0.02974257 -0.03402889
v -0.02697680 0.02992334 -0.03373337
v -0.02725928 0.03001373 -0.03310261
v -0.02787612 0.02991043 -0.03281150
v -0.02722469 0.03025906 -0.03213664
v -0.02629078 0.03052376 -0.03213664
v -0.02540875 0.03072390 -0.03218957
v -0.02482073 0.03077555 -0.03253361
v -0.02420389 0.03084011 -0.03278944
v -0.02348328 0.03091112 -0.03308938
v -0.02255513 0.03109835 -0.03306733
v -0.02255513 0.03087239 -0.03381276
v -0.02167310 0.03094340 -0.03407300
v -0.01975915 0.03124038 -0.03400243
v -0.01882524 0.03107253 -0.03493312
v -0.01882524 0.03085302 -0.03558593
v -0.01789133 0.03091112 -0.03574472
v -0.01602351 0.03067870 -0.03695329
v -0.01508959 0.03072390 -0.03708121
v -0.01508959 0.03049148 -0.03773402
v -0.01416145 0.02979422 -0.03989093
v -0.01416145 0.03023323 -0.03866912
v 0.02374272 0.02067179 -0.03306733
v 0.02335070 0.02113662 -0.03306733
v -0.01416145 0.03056895 -0.03773402
v -0.01416145 0.03076263 -0.03718707
v -0.01353307 0.03078200 -0.03724000
v -0.01229362 0.03081428 -0.03734586
v -0.01229362 0.03100151 -0.03680332
v -0.01135971 0.03104670 -0.03680332
v -0.01135971 0.03134368 -0.03586822
v -0.01135971 0.03160838 -0.03502134
v -0.01042580 0.03136950 -0.03586822
v -0.00949188 0.03138887 -0.03586822
v -0.00762982 0.03111772 -0.03680332
v -0.00762982 0.03140824 -0.03586822
v -0.00669591 0.03139533 -0.03586822
v -0.00669591 0.03162775 -0.03507868
v -0.00669591 0.03176332 -0.03461554
v -0.00482809 0.03160838 -0.03499487
v -0.00418818 0.03173104 -0.03449203
v -0.00388264 0.03161484 -0.03485813
v -0.00356558 0.03171813 -0.03444792
v -0.00202635 0.03149217 -0.03493312
v 0.00449951 0.03132431 -0.03306733
v 0.00542766 0.03118873 -0.03306733
v 0.00825245 0.03071098 -0.03308497
v 0.00730125 0.03069162 -0.03398038
v 0.00698994 0.03081428 -0.03365838
v 0.00730125 0.03088530 -0.03308497
v 0.00795268 0.03082719 -0.03278503
v 0.00636157 0.03104670 -0.03306733
v 0.00857529 0.03076909 -0.03247186
v 0.00916330 0.03053667 -0.03306733
v 0.01009722 0.03034299 -0.03306733
v 0.01009722 0.03015576 -0.03400243
v 0.01103113 0.03012994 -0.03306733
v 0.01179786 0.02994271 -0.03306733
v -0.00202635 0.03167294 -0.03428031
v -0.00038912 0.03174396 -0.03360545
v -0.00011241 0.03162775 -0.03394950
v 0.00022772 0.03171813 -0.03350841
v 0.00263168 0.03133722 -0.03400243
v 0.00356560 0.03145343 -0.03306733
v 0.01382710 0.02946496 -0.03213664
v 0.01241470 0.02985233 -0.03257772
v 0.01257612 0.02990398 -0.03195579
v 0.01289319 0.02976194 -0.03221162
v 0.01480713 0.02908405 -0.03210576
v 0.01514726 0.02888392 -0.03239688
v 0.01648472 0.02819311 -0.03213664
v 0.01561998 0.02869023 -0.03210576
v 0.01695167 0.02788968 -0.03213664
v 0.01762040 0.02737965 -0.03213664
v 0.01739557 0.02729572 -0.03306733
v 0.01786253 0.02691481 -0.03306733
v 0.01817383 0.02625629 -0.03400243
v 0.02262433 0.02231163 -0.03213664
v 0.02170194 0.02326067 -0.03240570
v 0.02088909 0.02432593 -0.03185875
v 0.01838137 0.02644352 -0.03306733
v 0.01797782 0.02701165 -0.03244981
v 0.01904433 0.02620464 -0.03192491
v 0.01960352 0.02583019 -0.03120153
v 0.02623891 0.01738564 -0.03213664
v 0.02649833 0.01692081 -0.03213664
v 0.02682693 0.01632685 -0.03213664
v 0.02753601 0.01526805 -0.03120153
v 0.02802026 0.01446104 -0.03027084
v 0.02789920 0.01446104 -0.03120153
v 0.02728812 0.01573289 -0.03120153
v 0.02733424 0.01581682 -0.03054873
v 0.02818745 0.01371859 -0.03120153
v 0.02544912 0.01859939 -0.03232630
v 0.02572007 0.01825076 -0.03206165
v 0.02466510 0.01974857 -0.03213664
v 0.02386378 0.02082028 -0.03213664
v 0.02433073 0.02021340 -0.03213664
v 0.02908677 0.01160100 -0.03026643
v 0.02924242 0.01125237 -0.02995326
v 0.02861405 0.01259524 -0.03120153
v 0.02873511 0.01259524 -0.03027084
v 0.02836616 0.01325375 -0.03120153
v 0.02985926 0.00886362 -0.02933574
v 0.03006680 0.00794686 -0.02933574
v 0.03015904 0.00748202 -0.02933574
v 0.03023398 0.00699136 -0.02933574
v 0.03036658 0.00606169 -0.02933574
v 0.03049917 0.00512555 -0.02933574
v 0.03043576 0.00512555 -0.03027084
v 0.03019363 0.00693326 -0.03018704
v 0.02998609 -0.00046541 -0.02187698
v 0.02870629 0.00046427 -0.01814539
v 0.02840075 0.00046427 -0.01741760
v 0.02970361 -0.00046541 -0.02094187
v 0.02942113 0.00046427 -0.02001118
v 0.02925395 0.00046427 -0.01946865
v 0.02923666 0.00113570 -0.01951717
v 0.02893688 0.00325975 -0.01907608
v 0.02860252 0.00233007 -0.01814539
v 0.02834886 0.00233007 -0.01754551
v 0.01919998 -0.00074947 -0.00390713
v 0.02274539 0.00046427 -0.00827829
v 0.02237644 0.00046427 -0.00781074
v 0.01922881 -0.00046541 -0.00390713
v 0.02153476 0.00046427 -0.00676096
v 0.02771473 0.00325975 -0.01627518
v 0.02830274 0.00379560 -0.01765137
v 0.02739189 0.00389890 -0.01575470
v 0.02642915 0.00374395 -0.01394184
v 0.02615244 0.00325975 -0.01344341
v 0.02545489 0.00139394 -0.01213780
v 0.02572007 0.00233007 -0.01265828
v 0.02523582 0.00044490 -0.01169671
v 0.02510899 0.00139394 -0.01161290
v 0.02464780 0.00233007 -0.01102626
v 0.02315470 0.00046427 -0.00881201
v 0.02352941 0.00139394 -0.00941189
v 0.03059717 -0.00419702 -0.02746994
v 0.03065482 -0.00326089 -0.02653484
v 0.03061447 -0.00233121 -0.02560856
v 0.03070670 -0.00046541 -0.02560856
v 0.03055682 0.00046427 -0.02467346
v 0.03039540 0.00046427 -0.02374277
v 0.03023975 0.00046427 -0.02288265
v 0.03014174 0.00046427 -0.02241510
v -0.00232612 0.01527451 -0.00390713
v -0.00389417 0.02433238 -0.01108360
v -0.00447643 0.02428073 -0.01112771
v -0.00509904 0.02420972 -0.01117623
v -0.00572741 0.02479076 -0.01176728
v -0.00600989 0.02514585 -0.01211574
v -0.00669591 0.02506192 -0.01218632
v -0.00762982 0.02546220 -0.01275973
v -0.00762982 0.02592703 -0.01320522
v -0.00855797 0.02630149 -0.01376982
v -0.00669591 0.02555904 -0.01265387
v -0.01135971 0.02638542 -0.01462552
v -0.00993002 0.02611426 -0.01395507
v -0.00928435 0.02712141 -0.01480637
v -0.00990696 0.02704393 -0.01489017
v -0.01042580 0.02697937 -0.01496075
v -0.01135971 0.02685025 -0.01508425
v -0.01229362 0.02623047 -0.01477549
v -0.01234551 0.02563005 -0.01425501
v -0.01341201 0.02601096 -0.01498280
v -0.01486476 0.02623047 -0.01571500
v -0.02806636 0.02462290 -0.01920840
v -0.02806636 0.02413870 -0.01878937
v -0.02806636 0.01556503 -0.01139236
v -0.02806636 0.01514539 -0.01104390
v 0.03067788 -0.00326089 -0.02746994
v 0.03078741 -0.00046541 -0.02653484
v 0.03070094 -0.00233121 -0.02653484
v 0.03082777 0.00046427 -0.02840505
v 0.03069518 0.00325975 -0.02840505
v 0.03061447 0.00419588 -0.02840505
v -0.02806636 0.02976194 -0.03316437
v -0.02759941 0.02982650 -0.03343343
v -0.02806636 0.02980713 -0.03299675
v -0.02806636 0.02998145 -0.03223367
v -0.02806636 0.03000727 -0.03211899
v -0.02806636 0.03016222 -0.03129416
v -0.02722469 0.03043337 -0.03120153
v -0.02628501 0.03069807 -0.03124564
v -0.02576041 0.03077555 -0.03158969
v -0.02447484 0.03092404 -0.03218957
v -0.02348904 0.03114354 -0.03213664
v -0.02255513 0.03133077 -0.03213664
v -0.02162698 0.03124684 -0.03306733
v -0.02069307 0.03138242 -0.03306733
v -0.01882524 0.03136305 -0.03400243
v -0.01926914 0.03171813 -0.03259095
v -0.01890595 0.03163421 -0.03304527
v -0.01789133 0.03117582 -0.03493312
v -0.01602351 0.03105316 -0.03586822
v -0.01668070 0.03080783 -0.03639312
v -0.01602351 0.03084011 -0.03648574
v -0.01508959 0.03088530 -0.03661807
v 0.02301634 0.02184679 -0.03213664
v 0.02348330 0.02128511 -0.03213664
v -0.01416145 0.03091758 -0.03671952
v -0.01322753 0.03125329 -0.03586822
v -0.01229362 0.03130494 -0.03586822
v -0.01269716 0.03171813 -0.03445675
v -0.01135971 0.03175041 -0.03455379
v -0.00855797 0.03140179 -0.03586822
v -0.01042580 0.03175687 -0.03459348
v -0.00949188 0.03162775 -0.03507868
v -0.00855797 0.03163421 -0.03509191
v -0.00762982 0.03163421 -0.03510073
v -0.00762982 0.03176978 -0.03463318
v -0.00762982 0.03195055 -0.03400243
v -0.00669591 0.03193764 -0.03400243
v -0.00482809 0.03188599 -0.03400243
v -0.00388264 0.03182789 -0.03408182
v -0.00296026 0.03169877 -0.03439058
v -0.00296026 0.03182789 -0.03392303
v 0.00449951 0.03151154 -0.03213664
v 0.00542766 0.03137596 -0.03213664
v 0.00636157 0.03122747 -0.03213664
v 0.00729548 0.03106607 -0.03213664
v 0.00916330 0.03070453 -0.03214987
v 0.00825245 0.03088530 -0.03214987
v 0.00884624 0.03082074 -0.03184993
v 0.01009722 0.03050439 -0.03213664
v 0.01103113 0.03028488 -0.03213664
v 0.01204575 0.03001373 -0.03221162
v -0.00202635 0.03197638 -0.03306733
v -0.00109820 0.03191827 -0.03306733
v -0.00109820 0.03211841 -0.03213664
v -0.00016429 0.03204094 -0.03213664
v 0.00076962 0.03195701 -0.03213664
v 0.00153059 0.03175041 -0.03274092
v 0.00263168 0.03169877 -0.03245863
v 0.00263168 0.03156319 -0.03306733
v 0.00356560 0.03164066 -0.03211899
v 0.01320449 0.02980713 -0.03120153
v 0.01382710 0.02960054 -0.03120153
v 0.01476101 0.02923900 -0.03120153
v 0.01195928 0.03017513 -0.03120153
v 0.01273754 0.02994917 -0.03120153
v 0.01526256 0.02894202 -0.03177494
v 0.01669802 0.02824476 -0.03121918
v 0.01714768 0.02802526 -0.03091483
v 0.01704967 0.02796070 -0.03153676
v 0.01581599 0.02874834 -0.03120153
v 0.01749934 0.02769600 -0.03121918
v 0.01808159 0.02710204 -0.03182787
v 0.02209972 0.02291205 -0.03211017
v 0.02179418 0.02335751 -0.03178377
v 0.02268774 0.02238265 -0.03162498
v 0.02005319 0.02535890 -0.03120153
v 0.02052014 0.02486178 -0.03120153
v 0.02095251 0.02439694 -0.03120153
v 0.01913657 0.02629503 -0.03120153
v 0.01862926 0.02675987 -0.03120153
v 0.01969000 0.02591412 -0.03027084
v 0.02013389 0.02544928 -0.03027084
v 0.02630809 0.01750831 -0.03120153
v 0.02755907 0.01546173 -0.03024879
v 0.02764555 0.01539072 -0.02933574
v 0.02807215 0.01446104 -0.02933574
v 0.02827392 0.01394455 -0.02933574
v 0.02824510 0.01387999 -0.03027084
v 0.02737460 0.01588783 -0.02992679
v 0.02637151 0.01763097 -0.03027084
v 0.02663093 0.01715968 -0.03027084
v 0.02553560 0.01872205 -0.03120153
v 0.02441144 0.02031670 -0.03120153
v 0.02474004 0.01985187 -0.03120153
v 0.02601985 0.01819265 -0.03027084
v 0.02394449 0.02092357 -0.03120153
v 0.02356977 0.02138841 -0.03120153
v 0.02878699 0.01259524 -0.02933574
v 0.02909253 0.01173658 -0.02933574
v 0.02924819 0.01127174 -0.02933574
v 0.02939231 0.01072943 -0.02933574
v 0.02984774 0.00886362 -0.02840505
v 0.03007833 0.00784356 -0.02841387
v 0.03015904 0.00747557 -0.02873586
v 0.03036081 0.00606169 -0.02840505
v 0.03049340 0.00512555 -0.02840505
v 0.02998609 0.00046427 -0.02187698
v 0.02970361 0.00046427 -0.02094187
v 0.02965749 0.00139394 -0.02094187
v 0.02921936 0.00175548 -0.01956127
v 0.02917901 0.00325975 -0.01969360
v 0.02883888 0.00419588 -0.01907608
v 0.02301634 0.00233007 -0.00886053
v 0.02268197 0.00176194 -0.00835769
v 0.02265315 0.00233007 -0.00839298
v 0.01922881 0.00046427 -0.00390713
v 0.02143676 0.00233007 -0.00688005
v 0.02808944 0.00413777 -0.01728968
v 0.02844110 0.00413777 -0.01810569
v 0.02869476 0.00512555 -0.01907608
v 0.02839498 0.00512555 -0.01837475
v 0.02789344 0.00512555 -0.01721029
v 0.02757060 0.00420234 -0.01621343
v 0.02752448 0.00512555 -0.01642515
v 0.02739189 0.00670729 -0.01668539
v 0.02642339 0.00650716 -0.01488576
v 0.02624468 0.00614562 -0.01444468
v 0.02563360 0.00699136 -0.01373012
v 0.02573160 0.00606169 -0.01358015
v 0.02611785 0.00411195 -0.01356692
v 0.02561630 0.00419588 -0.01282589
v 0.02457286 0.00378269 -0.01112771
v 0.02537994 0.00325975 -0.01224807
v 0.02568548 0.00325975 -0.01271562
v 0.02733424 0.00732708 -0.01679567
v 0.02460168 0.00325975 -0.01108360
v 0.02348330 0.00233007 -0.00946923
v 0.03070670 0.00046427 -0.02560856
v 0.03061447 0.00233007 -0.02560856
v 0.03051070 0.00139394 -0.02467346
v 0.03015904 0.00372459 -0.02327522
v 0.03011868 0.00139394 -0.02252978
v 0.02983621 0.00325975 -0.02187698
v 0.02988809 0.00233007 -0.02187698
v -0.00202635 0.01532616 -0.00390713
v -0.00296026 0.02439694 -0.01103067
v -0.00389417 0.02479722 -0.01149381
v -0.00482809 0.02524915 -0.01202311
v -0.00539305 0.02520395 -0.01206281
v -0.00571012 0.02564942 -0.01255242
v -0.00669591 0.02602387 -0.01311260
v -0.00602718 0.02608843 -0.01304643
v -0.00762982 0.02638542 -0.01367278
v -0.00855797 0.02676632 -0.01425501
v -0.00855797 0.02719242 -0.01472256
v -0.00916329 0.02801880 -0.01577676
v -0.00978589 0.02794779 -0.01585615
v -0.01042580 0.02787677 -0.01593996
v -0.01042580 0.02741193 -0.01542830
v -0.01135971 0.02729572 -0.01555180
v -0.01229362 0.02716014 -0.01569736
v -0.01229362 0.02669531 -0.01523422
v -0.01416145 0.02636605 -0.01558268
v -0.01281246 0.02707621 -0.01578999
v -0.01343507 0.02696646 -0.01590026
v -0.01416145 0.02683088 -0.01602817
v -0.01552773 0.02704393 -0.01675597
v -0.02806636 0.02508774 -0.01964949
v 0.03078741 0.00046427 -0.02653484
v 0.03067788 0.00325975 -0.02746994
v 0.03070094 0.00233007 -0.02653484
v 0.03059717 0.00419588 -0.02746994
v -0.02806636 0.03017513 -0.03120153
v -0.02722469 0.03053022 -0.03027084
v -0.02655020 0.03073035 -0.03027084
v -0.02597371 0.03082719 -0.03096776
v -0.02540875 0.03091112 -0.03124564
v -0.02442295 0.03113709 -0.03120153
v -0.02348904 0.03134368 -0.03120153
v -0.02255513 0.03152445 -0.03120153
v -0.02162698 0.03147926 -0.03213664
v -0.01975915 0.03168585 -0.03243657
v -0.01789133 0.03146635 -0.03400243
v -0.01865230 0.03175687 -0.03271887
v -0.01975915 0.03178269 -0.03196902
v -0.01890595 0.03184080 -0.03222485
v -0.01602351 0.03135659 -0.03493312
v -0.01508959 0.03113063 -0.03586822
v -0.01416145 0.03119519 -0.03586822
v -0.01416145 0.03149863 -0.03493312
v -0.01416145 0.03168585 -0.03432883
v -0.01322753 0.03183434 -0.03394509
v -0.01234551 0.03183434 -0.03409065
v -0.01135971 0.03189890 -0.03400243
v -0.01042580 0.03192473 -0.03400243
v -0.00949188 0.03176332 -0.03461113
v -0.00855797 0.03176978 -0.03462436
v -0.00855797 0.03194410 -0.03400243
v -0.00855797 0.03218297 -0.03306733
v -0.00762982 0.03218297 -0.03306733
v -0.00669591 0.03217006 -0.03306733
v -0.00482809 0.03211841 -0.03306733
v -0.00389417 0.03208613 -0.03306733
v -0.00296026 0.03203448 -0.03306733
v 0.00326006 0.03174396 -0.03179259
v 0.00356560 0.03180206 -0.03122800
v 0.00424585 0.03175687 -0.03093247
v 0.00542766 0.03153091 -0.03120153
v 0.00636157 0.03137596 -0.03120153
v 0.00729548 0.03120810 -0.03120153
v 0.00822939 0.03103379 -0.03120153
v 0.00946884 0.03075618 -0.03139120
v 0.01001074 0.03066579 -0.03113096
v 0.01103113 0.03041401 -0.03120153
v -0.00296026 0.03224108 -0.03213664
v -0.00296026 0.03243476 -0.03120153
v -0.00202635 0.03237020 -0.03120153
v -0.00109820 0.03230564 -0.03120153
v -0.00016429 0.03222816 -0.03120153
v 0.00076962 0.03213778 -0.03120153
v 0.00169777 0.03203448 -0.03120153
v 0.00263168 0.03192473 -0.03120153
v 0.01331403 0.02983941 -0.03054873
v 0.01476101 0.02933584 -0.03027084
v 0.01375216 0.02971675 -0.03024879
v 0.01545857 0.02903241 -0.03027084
v 0.01534903 0.02898076 -0.03120153
v 0.01103113 0.03051085 -0.03027084
v 0.01195928 0.03026552 -0.03027084
v 0.01296237 0.02997499 -0.03024879
v 0.01662884 0.02841262 -0.03027084
v 0.01720533 0.02806399 -0.03027084
v 0.01767229 0.02772182 -0.03027084
v 0.01592552 0.02880644 -0.03027084
v 0.01816230 0.02717305 -0.03120153
v 0.02184607 0.02341562 -0.03120153
v 0.02141947 0.02388691 -0.03120153
v 0.02238220 0.02279584 -0.03127211
v 0.02238797 0.02297661 -0.03027084
v 0.02279151 0.02250531 -0.03027084
v 0.02332188 0.02185970 -0.03031495
v 0.02361589 0.02144006 -0.03065459
v 0.02192101 0.02349955 -0.03027084
v 0.01922304 0.02637896 -0.03027084
v 0.01872726 0.02684380 -0.03027084
v 0.01975341 0.02597223 -0.02933574
v 0.02018578 0.02550739 -0.02933574
v 0.02065273 0.02500381 -0.02933574
v 0.02738036 0.01589429 -0.02933574
v 0.02737460 0.01588783 -0.02840505
v 0.02762249 0.01539072 -0.02746994
v 0.02804909 0.01446104 -0.02746994
v 0.02826239 0.01391227 -0.02746994
v 0.02844687 0.01346035 -0.02840505
v 0.02640033 0.01768262 -0.02933574
v 0.02560478 0.01881889 -0.03027084
v 0.02448062 0.02042000 -0.03027084
v 0.02563360 0.01886408 -0.02933574
v 0.02607750 0.01819265 -0.02933574
v 0.02396178 0.02107852 -0.03031495
v 0.02877546 0.01259524 -0.02840505
v 0.02908677 0.01171721 -0.02840505
v 0.02923666 0.01122655 -0.02746994
v 0.02936348 0.01072943 -0.02746994
v 0.02959985 0.00979330 -0.02746994
v 0.02983044 0.00886362 -0.02746994
v 0.03004374 0.00792749 -0.02746994
v 0.03014751 0.00739809 -0.02746994
v 0.03021669 0.00693326 -0.02746994
v 0.03034352 0.00606169 -0.02746994
v 0.03047611 0.00512555 -0.02746994
v 0.02934619 0.00233007 -0.02007734
v 0.02974973 0.00419588 -0.02187698
v 0.02927701 0.00419588 -0.02031112
v 0.02913289 0.00419588 -0.01984357
v 0.02343141 0.00325975 -0.00953539
v 0.02296446 0.00325975 -0.00893110
v 0.02259550 0.00325975 -0.00846355
v 0.01913080 0.00136812 -0.00390713
v 0.02177689 0.00290466 -0.00739171
v 0.01902127 0.00233007 -0.00390713
v 0.02873511 0.00699136 -0.02001118
v 0.02843534 0.00699136 -0.01920840
v 0.02827968 0.00646196 -0.01863499
v 0.02754178 0.00701073 -0.01714853
v 0.02663669 0.00699136 -0.01543712
v 0.02637151 0.00699136 -0.01496957
v 0.02604867 0.00699136 -0.01440939
v 0.02555289 0.00764342 -0.01385803
v 0.02531653 0.00699136 -0.01326698
v 0.02457862 0.00659754 -0.01205399
v 0.02503405 0.00606169 -0.01254360
v 0.02542030 0.00606169 -0.01311260
v 0.02441721 0.00512555 -0.01134825
v 0.02384072 0.00606169 -0.01088070
v 0.02333917 0.00419588 -0.00965448
v 0.02287222 0.00419588 -0.00905461
v 0.02823357 0.00699136 -0.01874085
v 0.02836039 0.00772735 -0.01938043
v 0.02746107 0.00792749 -0.01743965
v 0.02724777 0.00792749 -0.01697210
v 0.02642339 0.01025814 -0.01674274
v 0.02687305 0.00792749 -0.01627518
v 0.02625044 0.00792749 -0.01518129
v 0.03056835 0.00325975 -0.02560856
v 0.03048764 0.00419588 -0.02560856
v 0.03013021 0.00419588 -0.02345165
v 0.02999186 0.00419588 -0.02280767
v 0.03008410 0.00335659 -0.02286060
v -0.00110973 0.01544882 -0.00390713
v -0.00202635 0.02443568 -0.01099538
v -0.00296026 0.02486178 -0.01144529
v -0.00017005 0.01555857 -0.00390713
v 0.00067738 0.01563605 -0.00390713
v -0.00389417 0.02531371 -0.01196136
v -0.00540458 0.02614008 -0.01299350
v -0.00573317 0.02646934 -0.01340371
v -0.00669591 0.02646934 -0.01357574
v -0.00762982 0.02685671 -0.01416679
v -0.00762982 0.02727635 -0.01463434
v -0.00855797 0.02766372 -0.01525186
v -0.00762982 0.02774119 -0.01517247
v -0.00855797 0.02806399 -0.01571941
v -0.00849456 0.02858694 -0.01636340
v -0.00949188 0.02881290 -0.01687947
v -0.01042580 0.02909697 -0.01745729
v -0.01135971 0.02901304 -0.01756757
v -0.01135971 0.02863858 -0.01710001
v -0.01135971 0.02816729 -0.01652660
v -0.01135971 0.02776056 -0.01606346
v -0.01213797 0.02807691 -0.01664128
v -0.01238586 0.02770245 -0.01630606
v -0.01322753 0.02791551 -0.01682654
v -0.01416145 0.02776056 -0.01698974
v -0.01416145 0.02728927 -0.01649573
v -0.01490512 0.02716014 -0.01663246
v -0.01549314 0.02796715 -0.01770430
v -0.02806636 0.02559777 -0.02019203
v 0.03065482 0.00325975 -0.02653484
v 0.03057411 0.00419588 -0.02653484
v -0.02806636 0.03025906 -0.03036347
v -0.02806636 0.03026552 -0.03027084
v -0.02722469 0.03053667 -0.02933574
v -0.02657326 0.03073681 -0.02933574
v -0.02608324 0.03085947 -0.03027084
v -0.02535686 0.03103379 -0.03027084
v -0.02348904 0.03145989 -0.03027084
v -0.02203629 0.03171168 -0.03063694
v -0.02168463 0.03166003 -0.03121918
v -0.02098708 0.03169877 -0.03154117
v -0.02068154 0.03162775 -0.03210135
v -0.02036447 0.03174396 -0.03176612
v -0.01714766 0.03169877 -0.03344225
v -0.01602351 0.03161484 -0.03409065
v -0.01789133 0.03196346 -0.03213664
v -0.01695742 0.03204739 -0.03213664
v -0.01789133 0.03178915 -0.03285119
v -0.01975915 0.03193764 -0.03120153
v -0.01882524 0.03205385 -0.03120153
v -0.01789133 0.03215069 -0.03120153
v -0.01508959 0.03165357 -0.03422297
v -0.01508959 0.03143407 -0.03493312
v -0.01508959 0.03178269 -0.03375542
v -0.01416145 0.03202157 -0.03306733
v -0.01322753 0.03206676 -0.03306733
v -0.01229362 0.03210550 -0.03306733
v -0.01135971 0.03213778 -0.03306733
v -0.01042580 0.03215715 -0.03306733
v -0.01042580 0.03238311 -0.03213664
v -0.00855797 0.03239602 -0.03213664
v -0.00762982 0.03239602 -0.03213664
v -0.00669591 0.03237665 -0.03213664
v -0.00482809 0.03232500 -0.03213664
v -0.00389417 0.03229272 -0.03213664
v 0.00356560 0.03195701 -0.03027084
v 0.00486846 0.03170522 -0.03062371
v 0.00544495 0.03166003 -0.03029731
v 0.00636157 0.03151154 -0.03027084
v 0.00916330 0.03085302 -0.03113096
v 0.00729548 0.03133722 -0.03027084
v 0.00822939 0.03115000 -0.03027084
v 0.00964756 0.03079491 -0.03076927
v 0.01022981 0.03071098 -0.03027084
v -0.00389417 0.03248641 -0.03120153
v -0.00389417 0.03262199 -0.03044287
v -0.00109820 0.03245413 -0.03027084
v -0.00016429 0.03237665 -0.03027084
v 0.00263168 0.03207322 -0.03027084
v 0.00076962 0.03227981 -0.03027084
v 0.01338897 0.02986524 -0.02992679
v 0.01476101 0.02940686 -0.02933574
v 0.01391934 0.02972966 -0.02933574
v 0.01553351 0.02906469 -0.02933574
v 0.01600047 0.02884518 -0.02933574
v 0.01103113 0.03058832 -0.02933574
v 0.01195928 0.03033653 -0.02933574
v 0.01289319 0.03005892 -0.02933574
v 0.01662884 0.02849655 -0.02933574
v 0.01727451 0.02810919 -0.02933574
v 0.01774146 0.02777347 -0.02933574
v 0.01832948 0.02730863 -0.02933574
v 0.01826030 0.02725053 -0.03027084
v 0.02243409 0.02302825 -0.02933574
v 0.02283186 0.02255696 -0.02933574
v 0.02366201 0.02149816 -0.03003266
v 0.02154629 0.02402249 -0.02933574
v 0.01928645 0.02643706 -0.02933574
v 0.01879067 0.02690836 -0.02933574
v 0.01930375 0.02646289 -0.02840505
v 0.01977070 0.02599159 -0.02840505
v 0.02020307 0.02552675 -0.02840505
v 0.02067003 0.02501672 -0.02840505
v 0.02736883 0.01587492 -0.02746994
v 0.02736307 0.01586847 -0.02697593
v 0.02753601 0.01544237 -0.02661424
v 0.02797991 0.01446104 -0.02653484
v 0.02822780 0.01382835 -0.02653484
v 0.02870629 0.01259524 -0.02653484
v 0.02875817 0.01259524 -0.02746994
v 0.02605444 0.01819265 -0.02746994
v 0.02638880 0.01765680 -0.02746994
v 0.02531077 0.01933538 -0.02933574
v 0.02452097 0.02046519 -0.02933574
v 0.02562207 0.01885117 -0.02746994
v 0.02908101 0.01169138 -0.02746994
v 0.02923089 0.01120718 -0.02695387
v 0.02979008 0.00886362 -0.02653484
v 0.03000915 0.00792749 -0.02653484
v 0.03013021 0.00729480 -0.02653484
v 0.03031469 0.00606169 -0.02653484
v 0.03045305 0.00512555 -0.02653484
v 0.02923666 0.00473819 -0.02043904
v 0.02985926 0.00512555 -0.02280767
v 0.02961137 0.00512555 -0.02187698
v 0.02906948 0.00508036 -0.02008176
v 0.01898092 0.00258186 -0.00390713
v 0.02172500 0.00353090 -0.00745346
v 0.02906371 0.00692680 -0.02102127
v 0.02918477 0.00719796 -0.02155057
v 0.02884464 0.00792749 -0.02094187
v 0.02849875 0.00799205 -0.01993620
v 0.02913289 0.00606169 -0.02078308
v 0.02437685 0.00792749 -0.01233629
v 0.02449215 0.00721732 -0.01216867
v 0.02480345 0.00693971 -0.01250831
v 0.02576043 0.00794040 -0.01435646
v 0.02563936 0.00886362 -0.01463434
v 0.02554136 0.00948341 -0.01479755
v 0.02544912 0.00826321 -0.01401241
v 0.02472275 0.00979330 -0.01372130
v 0.02521276 0.00794040 -0.01351840
v 0.02430191 0.00606169 -0.01149822
v 0.02421544 0.00693971 -0.01168789
v 0.02370812 0.00699136 -0.01103949
v 0.02260703 0.00621663 -0.00938101
v 0.02269350 0.00559685 -0.00927956
v 0.02249173 0.00419588 -0.00858706
v 0.02827968 0.00834714 -0.01957892
v 0.02738613 0.00848271 -0.01762049
v 0.02712094 0.00881843 -0.01726763
v 0.02659057 0.01072943 -0.01735584
v 0.02634268 0.01072943 -0.01689270
v 0.02598526 0.01072943 -0.01627518
v 0.02560478 0.01072943 -0.01561797
v 0.02544336 0.01010319 -0.01496516
v 0.02573737 0.00979330 -0.01530038
v 0.02652139 0.00963835 -0.01657953
v 0.03017057 0.00474465 -0.02413092
v 0.03036081 0.00512555 -0.02560856
v 0.03006104 0.00508682 -0.02379129
v 0.02976703 0.00699136 -0.02374277
v -0.00109820 0.02446150 -0.01096451
v -0.00202635 0.02490052 -0.01141442
v -0.00296026 0.02535890 -0.01190843
v 0.00076962 0.01564250 -0.00390713
v -0.00389417 0.02577854 -0.01243774
v -0.00482809 0.02617236 -0.01295822
v -0.00513363 0.02704393 -0.01395948
v -0.00576200 0.02700520 -0.01400359
v -0.00669591 0.02693418 -0.01408299
v -0.00669591 0.02734091 -0.01455054
v -0.00576200 0.02740548 -0.01447114
v -0.00669591 0.02780575 -0.01509748
v -0.00762982 0.02812855 -0.01564002
v -0.00875974 0.02887746 -0.01680008
v -0.00813713 0.02892911 -0.01673391
v -0.00949188 0.02916798 -0.01734702
v -0.01050650 0.02961991 -0.01820273
v -0.01135971 0.02981359 -0.01867028
v -0.01135971 0.02943268 -0.01814539
v -0.01229362 0.02972320 -0.01880261
v -0.01192467 0.02894848 -0.01764255
v -0.01276058 0.02798652 -0.01674274
v -0.01234551 0.02847073 -0.01719264
v -0.01416145 0.02864504 -0.01801747
v -0.01487053 0.02807045 -0.01758521
v -0.01510112 0.02846427 -0.01814098
v -0.01602351 0.02873543 -0.01883348
v -0.01695742 0.02811564 -0.01846738
v -0.01751085 0.02801880 -0.01857765
v -0.02806636 0.02599159 -0.02063311
v -0.02806636 0.03026552 -0.02933574
v -0.02722469 0.03044629 -0.02840505
v -0.02644067 0.03069162 -0.02840505
v -0.02597371 0.03083365 -0.02840505
v -0.02610630 0.03086593 -0.02933574
v -0.02535686 0.03105961 -0.02933574
v -0.02442295 0.03128558 -0.02933574
v -0.02348904 0.03149863 -0.02933574
v -0.02272231 0.03166649 -0.02933574
v -0.02250901 0.03165357 -0.03030172
v -0.02216888 0.03173750 -0.03001501
v -0.01975915 0.03215715 -0.02933574
v -0.02069307 0.03194410 -0.03027084
v -0.01975915 0.03208613 -0.03027084
v -0.02141944 0.03175687 -0.03091924
v -0.01602351 0.03189245 -0.03306733
v -0.01652505 0.03172459 -0.03354370
v -0.01602351 0.03174396 -0.03362309
v -0.01602351 0.03231855 -0.03120153
v -0.01508959 0.03220234 -0.03213664
v -0.01882524 0.03221525 -0.03027084
v -0.01789133 0.03231209 -0.03027084
v -0.01508959 0.03196346 -0.03306733
v -0.01416145 0.03225399 -0.03213664
v -0.01322753 0.03229918 -0.03213664
v -0.01135971 0.03236374 -0.03213664
v -0.01042580 0.03257679 -0.03121918
v -0.00949188 0.03257679 -0.03125446
v -0.00855797 0.03257679 -0.03128093
v -0.00762982 0.03257679 -0.03128534
v -0.00669591 0.03257034 -0.03124564
v -0.00482809 0.03252514 -0.03120153
v 0.00356560 0.03205385 -0.02933574
v 0.00513941 0.03175041 -0.03000178
v 0.00578508 0.03170522 -0.02933574
v 0.00636157 0.03160193 -0.02933574
v 0.00916330 0.03095632 -0.03027084
v 0.00729548 0.03142761 -0.02933574
v 0.00976285 0.03082074 -0.03027084
v 0.00916330 0.03104025 -0.02933574
v 0.00992427 0.03085947 -0.02933574
v -0.00482809 0.03264135 -0.03060607
v -0.00301791 0.03259616 -0.03020027
v -0.00202635 0.03251869 -0.03027084
v -0.00482809 0.03278984 -0.02933574
v -0.00389417 0.03284795 -0.02840505
v -0.00336380 0.03266072 -0.02984740
v -0.00109820 0.03255742 -0.02933574
v -0.00016429 0.03247995 -0.02933574
v 0.00263168 0.03217006 -0.02933574
v 0.00076962 0.03237665 -0.02933574
v 0.01345238 0.02988461 -0.02933574
v 0.01476101 0.02943268 -0.02840505
v 0.01395393 0.02974257 -0.02840505
v 0.01556233 0.02907760 -0.02840505
v 0.01602929 0.02885809 -0.02840505
v 0.01662884 0.02853529 -0.02840505
v 0.01046617 0.03076263 -0.02840505
v 0.01103113 0.03062060 -0.02840505
v 0.00999921 0.03087884 -0.02840505
v 0.01195928 0.03036881 -0.02840505
v 0.01289319 0.03008475 -0.02840505
v 0.01777029 0.02779929 -0.02840505
v 0.01730333 0.02812855 -0.02840505
v 0.01835254 0.02732800 -0.02840505
v 0.01881950 0.02692773 -0.02840505
v 0.02197289 0.02356411 -0.02840505
v 0.02243985 0.02303471 -0.02840505
v 0.02283762 0.02256342 -0.02840505
v 0.02329882 0.02199528 -0.02933574
v 0.02368506 0.02153044 -0.02933574
v 0.02411167 0.02098813 -0.02933574
v 0.02109087 0.02455189 -0.02840505
v 0.01929222 0.02644998 -0.02746994
v 0.01975917 0.02598514 -0.02746994
v 0.02019154 0.02552030 -0.02746994
v 0.02731695 0.01578454 -0.02635841
v 0.02634845 0.01759224 -0.02653484
v 0.02660787 0.01712094 -0.02653484
v 0.02750719 0.01520995 -0.02560856
v 0.02784155 0.01446104 -0.02560856
v 0.02815862 0.01366049 -0.02560856
v 0.02834310 0.01318919 -0.02560856
v 0.02857369 0.01259524 -0.02560856
v 0.02891382 0.01165910 -0.02560856
v 0.02907524 0.01157518 -0.02660101
v 0.02597373 0.01819265 -0.02653484
v 0.02451521 0.02046519 -0.02840505
v 0.02450945 0.02045874 -0.02746994
v 0.02368506 0.02153044 -0.02840505
v 0.02525888 0.01925791 -0.02653484
v 0.02558172 0.01878661 -0.02653484
v 0.02920207 0.01110388 -0.02633636
v 0.02931160 0.01076817 -0.02660101
v 0.02955372 0.00979330 -0.02653484
v 0.02968632 0.00886362 -0.02560856
v 0.02990538 0.00792749 -0.02560856
v 0.03018210 0.00667501 -0.02593938
v 0.02971514 0.00606169 -0.02280767
v 0.02957102 0.00699136 -0.02280767
v 0.02932313 0.00692680 -0.02186815
v 0.01885985 0.00325975 -0.00390713
v 0.02084298 0.00378269 -0.00646102
v 0.02927701 0.00768216 -0.02217250
v 0.02920207 0.00830194 -0.02241951
v 0.02889076 0.00886362 -0.02187698
v 0.02860252 0.00886362 -0.02094187
v 0.02830851 0.00938011 -0.02043462
v 0.02837769 0.00886362 -0.02023613
v 0.02365048 0.00939302 -0.01204958
v 0.02385801 0.00784356 -0.01159967
v 0.02363318 0.00747557 -0.01113653
v 0.02534536 0.00886362 -0.01416679
v 0.02521853 0.00979330 -0.01445791
v 0.02461321 0.01038726 -0.01387126
v 0.02352941 0.01001926 -0.01219955
v 0.02286645 0.00699136 -0.00999853
v 0.02171924 0.00637803 -0.00839298
v 0.01859467 0.00419588 -0.00390713
v 0.01863502 0.00406030 -0.00390713
v 0.01877914 0.00355673 -0.00390713
v 0.02248020 0.00699136 -0.00953098
v 0.02791650 0.00886362 -0.01907608
v 0.02776661 0.01072943 -0.02001118
v 0.02747260 0.01072943 -0.01928780
v 0.02721895 0.00985140 -0.01813657
v 0.02695953 0.01072943 -0.01814539
v 0.02648680 0.01133630 -0.01756315
v 0.02550677 0.01123300 -0.01578117
v 0.02532806 0.01072943 -0.01515483
v 0.02483228 0.01071006 -0.01438292
v 0.03021669 0.00508682 -0.02470434
v 0.03012445 0.00537089 -0.02440881
v 0.03013021 0.00633930 -0.02531745
v 0.02992268 0.00699136 -0.02467346
v 0.02959408 0.00792749 -0.02374277
v 0.03007257 0.00604232 -0.02470434
v -0.00016429 0.02390628 -0.01048373
v -0.00016429 0.02447441 -0.01095128
v -0.00016429 0.02494571 -0.01138795
v -0.00109820 0.02492634 -0.01139677
v -0.00202635 0.02538472 -0.01188197
v -0.00296026 0.02582374 -0.01239804
v 0.00169777 0.01565542 -0.00390713
v -0.00389417 0.02621756 -0.01290529
v -0.00451678 0.02706976 -0.01392861
v -0.00482809 0.02737319 -0.01432558
v -0.00576200 0.02787031 -0.01502691
v -0.00669591 0.02900013 -0.01664128
v -0.00762982 0.02931647 -0.01721029
v -0.00849456 0.02918089 -0.01714853
v -0.00576200 0.02822540 -0.01549446
v -0.00576200 0.02869669 -0.01611639
v -0.00949188 0.02963928 -0.01800424
v -0.01086969 0.02985233 -0.01861294
v -0.01135971 0.03012994 -0.01913783
v -0.01229362 0.03003955 -0.01927016
v -0.01378096 0.02987815 -0.01951276
v -0.01440357 0.02980713 -0.01961420
v -0.01322753 0.02961345 -0.01895699
v -0.01225903 0.02920672 -0.01809246
v -0.01416145 0.02902595 -0.01848502
v -0.01416145 0.02817375 -0.01745729
v -0.01470911 0.02894848 -0.01857765
v -0.01533172 0.02885164 -0.01869675
v -0.01602351 0.02911633 -0.01930103
v -0.01735520 0.02889683 -0.01957010
v -0.01785098 0.02828996 -0.01904079
v -0.02806636 0.02637896 -0.02110507
v -0.01882524 0.02818020 -0.01932309
v -0.01882524 0.02864504 -0.01987886
v -0.02806636 0.03017513 -0.02840505
v -0.02584112 0.03079491 -0.02790662
v -0.02535686 0.03099505 -0.02840505
v -0.02348904 0.03145989 -0.02840505
v -0.02266466 0.03164712 -0.02840505
v -0.02219771 0.03174396 -0.02840505
v -0.02162698 0.03184725 -0.02840505
v -0.02225535 0.03175041 -0.02933574
v -0.02162698 0.03186017 -0.02933574
v -0.01975915 0.03217006 -0.02840505
v -0.01882524 0.03231209 -0.02840505
v -0.01882524 0.03229272 -0.02933574
v -0.01695742 0.03239602 -0.03027084
v -0.01602351 0.03247349 -0.03027084
v -0.01508959 0.03238956 -0.03120153
v -0.01789133 0.03240248 -0.02933574
v -0.01695742 0.03249286 -0.02933574
v -0.01594856 0.03259616 -0.02926517
v -0.01416145 0.03244121 -0.03120153
v -0.01229362 0.03253160 -0.03120153
v -0.01126747 0.03257679 -0.03110891
v -0.01089852 0.03265427 -0.03073839
v -0.01042580 0.03266072 -0.03075603
v -0.00949188 0.03266718 -0.03078691
v -0.00855797 0.03267363 -0.03081338
v -0.00762982 0.03267363 -0.03082220
v -0.00669591 0.03266072 -0.03078250
v -0.00615401 0.03265427 -0.03074721
v -0.00553140 0.03264781 -0.03068546
v 0.00263168 0.03224753 -0.02840505
v 0.00356560 0.03211841 -0.02840505
v 0.00449951 0.03191182 -0.02933574
v 0.00531812 0.03178269 -0.02933574
v 0.00551413 0.03180206 -0.02847121
v 0.00588308 0.03171813 -0.02882849
v 0.00631545 0.03166003 -0.02847121
v 0.00729548 0.03147280 -0.02840505
v 0.00822939 0.03127912 -0.02840505
v 0.00916330 0.03107898 -0.02840505
v -0.00669591 0.03273174 -0.03027084
v -0.00669591 0.03284149 -0.02933574
v -0.00482809 0.03288668 -0.02840505
v -0.00389417 0.03288023 -0.02746994
v -0.00296026 0.03282212 -0.02746994
v -0.00060819 0.03265427 -0.02795955
v -0.00296026 0.03278339 -0.02840505
v -0.00301791 0.03269300 -0.02933133
v -0.00109820 0.03267363 -0.02813598
v -0.00024500 0.03258325 -0.02832565
v 0.00076962 0.03246058 -0.02840505
v 0.01348697 0.02989752 -0.02840505
v 0.01476101 0.02940686 -0.02746994
v 0.01553927 0.02906469 -0.02746994
v 0.01393087 0.02972966 -0.02746994
v 0.01346391 0.02989106 -0.02746994
v 0.01600623 0.02885164 -0.02746994
v 0.01662884 0.02850946 -0.02746994
v 0.01728604 0.02811564 -0.02746994
v 0.01001651 0.03089176 -0.02746994
v 0.01103113 0.03062060 -0.02746994
v 0.01048347 0.03076909 -0.02746994
v 0.00916330 0.03109835 -0.02746994
v 0.01195928 0.03036236 -0.02746994
v 0.01289319 0.03007184 -0.02746994
v 0.01775299 0.02778638 -0.02746994
v 0.01834101 0.02732155 -0.02746994
v 0.01880797 0.02691481 -0.02746994
v 0.02196713 0.02355120 -0.02746994
v 0.02243409 0.02302180 -0.02746994
v 0.02283186 0.02255696 -0.02746994
v 0.02330458 0.02199528 -0.02840505
v 0.02107934 0.02453898 -0.02746994
v 0.02154629 0.02402249 -0.02746994
v 0.01925186 0.02641124 -0.02653484
v 0.01971882 0.02593349 -0.02653484
v 0.02015119 0.02546865 -0.02653484
v 0.02725930 0.01567478 -0.02560856
v 0.02572584 0.01808290 -0.02467346
v 0.02627350 0.01745020 -0.02560856
v 0.02653292 0.01698537 -0.02560856
v 0.02743225 0.01506146 -0.02467346
v 0.02738036 0.01496461 -0.02411328
v 0.02768590 0.01446104 -0.02467346
v 0.02810097 0.01344744 -0.02473962
v 0.02841804 0.01262106 -0.02473962
v 0.02875817 0.01165910 -0.02467346
v 0.02915018 0.01091020 -0.02560856
v 0.02552407 0.01870914 -0.02588204
v 0.02576619 0.01826367 -0.02558651
v 0.02367930 0.02151753 -0.02746994
v 0.02365624 0.02149816 -0.02682596
v 0.02446333 0.02039418 -0.02653484
v 0.02479192 0.01992934 -0.02653484
v 0.02329882 0.02198883 -0.02746994
v 0.02523006 0.01906422 -0.02558651
v 0.02944419 0.00979330 -0.02560856
v 0.02953067 0.00886362 -0.02467346
v 0.02974973 0.00792749 -0.02467346
v 0.03007833 0.00699136 -0.02561738
v 0.02937501 0.00796623 -0.02276356
v 0.02928854 0.00863766 -0.02304144
v 0.02913865 0.00891527 -0.02276356
v 0.02866593 0.01072943 -0.02280767
v 0.02840075 0.01069069 -0.02189903
v 0.02838345 0.00973519 -0.02098598
v 0.02822204 0.00999989 -0.02070369
v 0.02275115 0.00760469 -0.01013968
v 0.02376577 0.01056157 -0.01282148
v 0.02447486 0.01101350 -0.01405211
v 0.02341412 0.01081336 -0.01252595
v 0.02289528 0.01072943 -0.01184227
v 0.02264162 0.01013547 -0.01120270
v 0.02314893 0.00976102 -0.01162614
v 0.02082568 0.00652007 -0.00741377
v 0.01821995 0.00533861 -0.00390713
v 0.01839866 0.00479629 -0.00390713
v 0.02186913 0.00770799 -0.00916047
v 0.02201325 0.00699136 -0.00899285
v 0.02811827 0.01069069 -0.02098598
v 0.02778967 0.01165910 -0.02094187
v 0.02748989 0.01161391 -0.02005088
v 0.02738613 0.01126528 -0.01947306
v 0.02726506 0.01072943 -0.01882025
v 0.02662516 0.01165265 -0.01814539
v 0.02635421 0.01195608 -0.01783222
v 0.02546065 0.01393164 -0.01773518
v 0.02559901 0.01330540 -0.01749258
v 0.02616973 0.01165265 -0.01723234
v 0.02566242 0.01158809 -0.01630606
v 0.02513205 0.01158809 -0.01541948
v 0.02466510 0.01165910 -0.01472256
v 0.02935195 0.00891527 -0.02371189
v 0.02920783 0.00925744 -0.02337667
v 0.00076962 0.02390628 -0.01049255
v 0.00076962 0.02446796 -0.01095569
v 0.00076962 0.02493280 -0.01140118
v -0.00016429 0.02540409 -0.01185109
v -0.00109820 0.02539764 -0.01185991
v -0.00202635 0.02584956 -0.01237157
v -0.00296026 0.02625629 -0.01286118
v 0.00250486 0.01562959 -0.00390713
v -0.00296026 0.02672759 -0.01340371
v -0.00389417 0.02708913 -0.01390214
v -0.00482809 0.02790905 -0.01497839
v -0.00482809 0.02826413 -0.01544153
v -0.00576200 0.02903886 -0.01657953
v -0.00762982 0.02974903 -0.01784104
v -0.00855797 0.02970384 -0.01790720
v -0.00949188 0.02994917 -0.01847179
v -0.01024708 0.02989752 -0.01855119
v -0.01050650 0.03014931 -0.01898786
v -0.00949188 0.03034299 -0.01907608
v -0.01042580 0.03065934 -0.01976859
v -0.01135971 0.03059478 -0.01986562
v -0.01231668 0.03054958 -0.02006852
v -0.01412109 0.03010411 -0.01995825
v -0.01322753 0.03071744 -0.02060665
v -0.01322753 0.03033008 -0.02001118
v -0.01508959 0.02971675 -0.01973771
v -0.01412109 0.02953598 -0.01915106
v -0.01508959 0.03003955 -0.02020526
v -0.01504924 0.02920026 -0.01903638
v -0.01610998 0.02963282 -0.02002883
v -0.01789133 0.02918089 -0.02014792
v -0.01789133 0.02880644 -0.01968037
v -0.02806636 0.02684380 -0.02169172
v -0.01882524 0.02902595 -0.02034641
v -0.01933255 0.02893557 -0.02045668
v -0.02722469 0.03025906 -0.02746994
v -0.02806636 0.02999436 -0.02750964
v -0.02621007 0.03060123 -0.02754493
v -0.02559899 0.03072390 -0.02728469
v -0.02531651 0.03085947 -0.02754493
v -0.02348904 0.03132431 -0.02746994
v -0.02246865 0.03158256 -0.02755816
v -0.02209394 0.03172459 -0.02793309
v -0.01975915 0.03209904 -0.02746994
v -0.01882524 0.03225399 -0.02746994
v -0.01789133 0.03242185 -0.02840505
v -0.01789133 0.03237665 -0.02746994
v -0.01553926 0.03265427 -0.02715678
v -0.01508959 0.03263490 -0.02957834
v -0.01457652 0.03265427 -0.02978124
v -0.01508959 0.03254451 -0.03027084
v -0.01422486 0.03260262 -0.03022232
v -0.01558537 0.03266072 -0.02890347
v -0.01229362 0.03263490 -0.03058401
v -0.01152113 0.03264781 -0.03068105
v -0.01135971 0.03283503 -0.02933574
v -0.01042580 0.03285440 -0.02933574
v -0.00949188 0.03273819 -0.03027084
v -0.00855797 0.03286731 -0.02933574
v -0.00762982 0.03274465 -0.03027084
v 0.00263168 0.03227981 -0.02746994
v 0.00356560 0.03215069 -0.02746994
v 0.00449951 0.03196992 -0.02840505
v 0.00596956 0.03173750 -0.02820656
v 0.00729548 0.03149863 -0.02746994
v 0.00649416 0.03166003 -0.02746994
v 0.00822939 0.03130494 -0.02746994
v -0.00762982 0.03286086 -0.02933574
v -0.00669591 0.03293833 -0.02840505
v -0.00482809 0.03291896 -0.02746994
v -0.00389417 0.03283503 -0.02653484
v -0.00296026 0.03278339 -0.02653484
v -0.00065431 0.03265427 -0.02714795
v -0.00202635 0.03275756 -0.02746994
v -0.00024500 0.03261553 -0.02746112
v 0.00076962 0.03249932 -0.02746994
v -0.00101749 0.03268655 -0.02746112
v -0.00060819 0.03265427 -0.02776988
v 0.01476101 0.02934875 -0.02653484
v 0.01547586 0.02903886 -0.02653484
v 0.01341780 0.02987170 -0.02679949
v 0.01376945 0.02972966 -0.02650838
v 0.01594282 0.02881935 -0.02653484
v 0.01662884 0.02845136 -0.02653484
v 0.01723992 0.02808982 -0.02653484
v 0.00916330 0.03105316 -0.02653484
v 0.00992427 0.03086593 -0.02653484
v 0.01103113 0.03057541 -0.02653484
v 0.00822939 0.03126621 -0.02653484
v 0.01195928 0.03031071 -0.02653484
v 0.01770687 0.02774765 -0.02653484
v 0.01829489 0.02728281 -0.02653484
v 0.01876185 0.02687608 -0.02653484
v 0.02192101 0.02349955 -0.02653484
v 0.02238797 0.02297015 -0.02653484
v 0.02278574 0.02250531 -0.02653484
v 0.02061238 0.02495862 -0.02653484
v 0.02150017 0.02397084 -0.02653484
v 0.01916539 0.02632731 -0.02560856
v 0.01963235 0.02584310 -0.02560856
v 0.02006472 0.02537827 -0.02560856
v 0.02717859 0.01552629 -0.02467346
v 0.02646951 0.01687561 -0.02488518
v 0.02562207 0.01792150 -0.02374277
v 0.02623315 0.01721133 -0.02461612
v 0.02542030 0.01855419 -0.02467346
v 0.02709788 0.01532616 -0.02377806
v 0.02730542 0.01480321 -0.02349135
v 0.02750719 0.01448041 -0.02377806
v 0.02641762 0.01677232 -0.02426325
v 0.02836039 0.01230471 -0.02374277
v 0.02859675 0.01165910 -0.02374277
v 0.02888500 0.01072943 -0.02374277
v 0.02923089 0.01028396 -0.02510572
v 0.02360436 0.02142715 -0.02620844
v 0.02394449 0.02106561 -0.02652602
v 0.02391566 0.02089129 -0.02560856
v 0.02382919 0.02078154 -0.02467346
v 0.02438262 0.02027797 -0.02560856
v 0.02471122 0.01981313 -0.02560856
v 0.02917901 0.01008382 -0.02448379
v 0.02840075 0.01162682 -0.02286942
v 0.02832580 0.01129111 -0.02222543
v 0.02823357 0.01097476 -0.02160350
v 0.02362165 0.01118135 -0.01301997
v 0.02456133 0.01213040 -0.01487694
v 0.02275115 0.01130402 -0.01201429
v 0.02268774 0.01304716 -0.01301997
v 0.02174230 0.01021940 -0.01023231
v 0.01795476 0.00606169 -0.00390713
v 0.01809312 0.00569369 -0.00390713
v 0.02810097 0.01162682 -0.02189903
v 0.02830851 0.01216913 -0.02322229
v 0.02746684 0.01255650 -0.02102127
v 0.02739189 0.01221433 -0.02039052
v 0.02725930 0.01189152 -0.01976859
v 0.02708635 0.01161391 -0.01912901
v 0.02637727 0.01387354 -0.01965390
v 0.02636574 0.01291804 -0.01874526
v 0.02577772 0.01358302 -0.01808364
v 0.02446333 0.01378315 -0.01596642
v 0.02529923 0.01358302 -0.01719264
v 0.02561054 0.01422217 -0.01835711
v 0.02544912 0.01484841 -0.01870116
v 0.02532806 0.01450623 -0.01808364
v 0.02466510 0.01509374 -0.01751022
v 0.02484957 0.01446104 -0.01720146
v 0.02465357 0.01415761 -0.01658835
v 0.00169777 0.02388691 -0.01050578
v 0.00340418 0.01559731 -0.00390713
v 0.00169777 0.02444213 -0.01097333
v 0.00169777 0.02491343 -0.01142765
v 0.00076962 0.02538472 -0.01186874
v 0.00076962 0.02585602 -0.01238039
v -0.00016429 0.02586893 -0.01236275
v -0.00109820 0.02586247 -0.01236275
v -0.00202635 0.02627566 -0.01283912
v -0.00202635 0.02674050 -0.01339048
v -0.00202635 0.02712786 -0.01385362
v -0.00296026 0.02711495 -0.01387126
v -0.00389417 0.02750232 -0.01440939
v -0.00389417 0.02793487 -0.01495193
v -0.00389417 0.02828350 -0.01541948
v -0.00482809 0.02872897 -0.01607228
v -0.00482809 0.02906469 -0.01653542
v -0.00576200 0.02945851 -0.01721029
v -0.00762982 0.03005892 -0.01830418
v -0.00855797 0.03001373 -0.01837475
v -0.00855797 0.03045274 -0.01907608
v -0.00949188 0.03071744 -0.01967596
v -0.01135971 0.03086593 -0.02033317
v -0.01202267 0.03082074 -0.02041698
v -0.01264528 0.03076909 -0.02051402
v -0.01416145 0.03062060 -0.02076103
v -0.01416145 0.03124038 -0.02187698
v -0.01481864 0.03082719 -0.02133885
v -0.01585056 0.02994271 -0.02035523
v -0.01511265 0.03054958 -0.02099480
v -0.01789133 0.02964573 -0.02077426
v -0.01647317 0.02985233 -0.02048314
v -0.02806636 0.02718597 -0.02215045
v -0.02126956 0.02896139 -0.02135649
v -0.01879642 0.02952307 -0.02100804
v -0.02069307 0.02905823 -0.02122858
v -0.02629078 0.03028488 -0.02653484
v -0.02781271 0.02989752 -0.02688330
v -0.02806636 0.02985233 -0.02702004
v -0.02497638 0.03081428 -0.02693182
v -0.02442295 0.03107898 -0.02746994
v -0.02255513 0.03133722 -0.02653484
v -0.02184605 0.03167294 -0.02731115
v -0.01975915 0.03193764 -0.02653484
v -0.01882524 0.03211196 -0.02653484
v -0.02122344 0.03173104 -0.02694946
v -0.01789133 0.03224753 -0.02653484
v -0.01602351 0.03250577 -0.02653484
v -0.01559114 0.03266072 -0.02840505
v -0.01491665 0.03268009 -0.02684801
v -0.01416145 0.03275756 -0.02746994
v -0.01517607 0.03268655 -0.02746994
v -0.01508959 0.03268009 -0.02911079
v -0.01395391 0.03266718 -0.02987828
v -0.01422486 0.03270591 -0.02941513
v -0.01322753 0.03276402 -0.02933574
v -0.01229362 0.03280921 -0.02933574
v -0.01508959 0.03269946 -0.02840505
v -0.01416145 0.03276402 -0.02840505
v -0.01322753 0.03282212 -0.02840505
v -0.01135971 0.03291251 -0.02840505
v -0.01042580 0.03293188 -0.02840505
v -0.00949188 0.03294479 -0.02840505
v -0.00762982 0.03295770 -0.02840505
v 0.00263168 0.03224753 -0.02653484
v 0.00356560 0.03211196 -0.02653484
v 0.00599838 0.03173750 -0.02680832
v 0.00449951 0.03200220 -0.02746994
v 0.00602720 0.03174396 -0.02746994
v 0.00542766 0.03184725 -0.02746994
v 0.00729548 0.03145989 -0.02653484
v -0.00762982 0.03297707 -0.02746994
v -0.00669591 0.03292542 -0.02653484
v -0.00482809 0.03287377 -0.02653484
v -0.00389417 0.03277693 -0.02560856
v -0.00296026 0.03271883 -0.02560856
v -0.00247601 0.03265427 -0.02513660
v -0.00185340 0.03263490 -0.02544977
v -0.00202635 0.03271883 -0.02653484
v -0.00087914 0.03263490 -0.02653484
v -0.00016429 0.03250577 -0.02560856
v -0.00016429 0.03256388 -0.02653484
v 0.00076962 0.03246058 -0.02653484
v 0.01476101 0.02923900 -0.02560856
v 0.01535480 0.02898076 -0.02560856
v 0.01296813 0.02999436 -0.02650838
v 0.01333132 0.02984587 -0.02618197
v 0.01382710 0.02960054 -0.02560856
v 0.01582176 0.02876125 -0.02560856
v 0.01672108 0.02826413 -0.02551593
v 0.01716498 0.02803817 -0.02576294
v 0.00916330 0.03095632 -0.02560856
v 0.00973403 0.03081428 -0.02560856
v 0.01020098 0.03069162 -0.02560856
v 0.01103113 0.03047211 -0.02560856
v 0.00822939 0.03116291 -0.02560856
v 0.00729548 0.03136305 -0.02560856
v 0.01195928 0.03020741 -0.02560856
v 0.01275483 0.02996208 -0.02560856
v 0.01751087 0.02774119 -0.02551593
v 0.01820842 0.02721179 -0.02560856
v 0.01867538 0.02679215 -0.02560856
v 0.02183453 0.02340271 -0.02560856
v 0.02236491 0.02278938 -0.02559092
v 0.02272809 0.02243430 -0.02589086
v 0.02053167 0.02486178 -0.02560856
v 0.01905586 0.02621756 -0.02467346
v 0.01952281 0.02572689 -0.02467346
v 0.01995518 0.02526206 -0.02467346
v 0.02087756 0.02431301 -0.02493370
v 0.02552983 0.01778592 -0.02315171
v 0.02600832 0.01725652 -0.02374277
v 0.02457862 0.01961945 -0.02415298
v 0.02530500 0.01838634 -0.02374277
v 0.02650986 0.01600404 -0.02302380
v 0.02634845 0.01665611 -0.02374277
v 0.02672316 0.01546819 -0.02275032
v 0.02658481 0.01520995 -0.02187698
v 0.02648104 0.01502272 -0.02125504
v 0.02722471 0.01448041 -0.02275474
v 0.02743801 0.01418343 -0.02302821
v 0.02354671 0.02136259 -0.02560856
v 0.02370812 0.02062659 -0.02374277
v 0.02429615 0.02015530 -0.02467346
v 0.02345447 0.02124638 -0.02467346
v 0.02405402 0.01251776 -0.01445791
v 0.02354671 0.01289867 -0.01404329
v 0.02478616 0.01349263 -0.01627518
v 0.02460745 0.01316337 -0.01573265
v 0.02441144 0.01275018 -0.01511072
v 0.02362742 0.01399620 -0.01487694
v 0.02374848 0.01352491 -0.01471815
v 0.02258397 0.01192380 -0.01220396
v 0.02275692 0.01408659 -0.01386685
v 0.02254362 0.01352491 -0.01319640
v 0.02188065 0.01417052 -0.01288323
v 0.02203054 0.01346035 -0.01256124
v 0.02178842 0.01310527 -0.01204958
v 0.02245138 0.01267916 -0.01252595
v 0.02093521 0.01138795 -0.01009557
v 0.01688826 0.00810826 -0.00390713
v 0.01699203 0.00792749 -0.00390713
v 0.01717074 0.00761114 -0.00390713
v 0.01746475 0.00708175 -0.00390713
v 0.01750510 0.00700427 -0.00390713
v 0.01756851 0.00687515 -0.00390713
v 0.02725930 0.01373796 -0.02187698
v 0.02726506 0.01284057 -0.02076103
v 0.02651563 0.01418343 -0.02027583
v 0.02710365 0.01255650 -0.02005088
v 0.02665975 0.01354428 -0.01998472
v 0.02377154 0.01436420 -0.01541507
v 0.02422697 0.01349263 -0.01539301
v 0.02578349 0.01450623 -0.01903638
v 0.02636574 0.01480967 -0.02063311
v 0.02559901 0.01510665 -0.01932309
v 0.02528770 0.01540363 -0.01903638
v 0.02446333 0.01663028 -0.01881143
v 0.02464780 0.01600404 -0.01844974
v 0.02483228 0.01540363 -0.01814098
v 0.02447486 0.01571998 -0.01782781
v 0.02446909 0.01477739 -0.01688829
v 0.02428462 0.01540363 -0.01720146
v 0.02427308 0.01446104 -0.01627518
v 0.00263168 0.02386109 -0.01053224
v 0.00356560 0.01559085 -0.00390713
v 0.00263168 0.02441631 -0.01099980
v 0.00263168 0.02488115 -0.01145852
v 0.00169777 0.02535890 -0.01189079
v 0.00169777 0.02582374 -0.01242009
v 0.00076962 0.02625629 -0.01284795
v -0.00016429 0.02627566 -0.01283030
v 0.00263168 0.02532662 -0.01192608
v -0.00109820 0.02627566 -0.01283030
v -0.00109820 0.02674695 -0.01339048
v -0.00109820 0.02712141 -0.01385803
v -0.00202635 0.02756042 -0.01440939
v -0.00296026 0.02795424 -0.01492987
v -0.00296026 0.02754751 -0.01440939
v -0.00389417 0.02874834 -0.01605464
v -0.00389417 0.02907760 -0.01652219
v -0.00482809 0.02951016 -0.01721029
v -0.00576200 0.03011057 -0.01821596
v -0.00809102 0.03078846 -0.01954363
v -0.01042580 0.03129203 -0.02094187
v -0.01135971 0.03119519 -0.02094187
v -0.01042580 0.03091758 -0.02023613
v -0.01231668 0.03101442 -0.02087130
v -0.01544125 0.03076263 -0.02145353
v -0.01322753 0.03138887 -0.02187698
v -0.01322753 0.03167940 -0.02245480
v -0.01416145 0.03160838 -0.02261800
v -0.01511842 0.03155028 -0.02285619
v -0.01511265 0.03102088 -0.02181081
v -0.01610998 0.03020095 -0.02085366
v -0.01695742 0.03010411 -0.02104773
v -0.01789133 0.02997499 -0.02124181
v -0.01846206 0.02989106 -0.02136090
v -0.02806636 0.02723762 -0.02222102
v -0.02159816 0.02919381 -0.02183728
v -0.02378881 0.02886455 -0.02242833
v -0.02189217 0.02885164 -0.02150205
v -0.02296444 0.03076909 -0.02518953
v -0.02531651 0.03060123 -0.02658777
v -0.02719587 0.02999436 -0.02655690
v -0.02686727 0.02989106 -0.02599231
v -0.02629078 0.02998791 -0.02578941
v -0.02806636 0.02972320 -0.02663188
v -0.02806636 0.02969738 -0.02655690
v -0.02348904 0.03086593 -0.02586439
v -0.02348904 0.03109190 -0.02653484
v -0.02261278 0.03099505 -0.02554240
v -0.02162698 0.03126621 -0.02560856
v -0.02027800 0.03173750 -0.02603641
v -0.02156933 0.03157610 -0.02659660
v -0.02062965 0.03178269 -0.02659660
v -0.01975915 0.03178915 -0.02586880
v -0.01789133 0.03204739 -0.02560856
v -0.01695742 0.03219588 -0.02560856
v -0.01602351 0.03233146 -0.02560856
v -0.01508959 0.03244767 -0.02560856
v -0.01517607 0.03260262 -0.02653925
v -0.01372908 0.03266072 -0.02605847
v -0.01229362 0.03271883 -0.02573207
v -0.01229362 0.03282212 -0.02653484
v -0.01229362 0.03286731 -0.02746994
v -0.01229362 0.03287377 -0.02840505
v -0.01135971 0.03290605 -0.02746994
v -0.01042580 0.03293188 -0.02746994
v -0.00855797 0.03297061 -0.02746994
v 0.00076962 0.03239602 -0.02560856
v 0.00169777 0.03228627 -0.02560856
v 0.00263168 0.03217006 -0.02560856
v 0.00356560 0.03203448 -0.02560856
v 0.00583120 0.03171168 -0.02619080
v 0.00633274 0.03164712 -0.02651279
v 0.00636157 0.03155673 -0.02560856
v -0.00762982 0.03293833 -0.02653484
v -0.00669591 0.03284795 -0.02560856
v -0.00482809 0.03280921 -0.02560856
v -0.00389417 0.03269946 -0.02493811
v -0.00296026 0.03267363 -0.02506603
v -0.00109820 0.03246704 -0.02467346
v -0.00118468 0.03260262 -0.02569678
v -0.00016429 0.03237665 -0.02467346
v 0.00076962 0.03227335 -0.02467346
v 0.01382710 0.02945205 -0.02467346
v 0.01480137 0.02907760 -0.02471757
v 0.01526256 0.02893557 -0.02505720
v 0.01322179 0.02980713 -0.02560856
v 0.01289319 0.02976194 -0.02458965
v 0.01561998 0.02870314 -0.02471757
v 0.01654813 0.02821248 -0.02467346
v 0.01709580 0.02798652 -0.02514101
v 0.00963026 0.03078846 -0.02514101
v 0.01103113 0.03033653 -0.02467346
v 0.00822939 0.03103379 -0.02467346
v 0.00729548 0.03123393 -0.02467346
v 0.01205152 0.03002664 -0.02458965
v 0.01258189 0.02990398 -0.02484548
v 0.01756275 0.02753460 -0.02467346
v 0.01809312 0.02711495 -0.02467346
v 0.01856008 0.02668239 -0.02467346
v 0.02177689 0.02334460 -0.02506162
v 0.02267044 0.02236328 -0.02526893
v 0.01898092 0.02614654 -0.02414857
v 0.01802971 0.02705685 -0.02420150
v 0.01989753 0.02519104 -0.02420150
v 0.02080262 0.02422909 -0.02431177
v 0.02049132 0.02466164 -0.02464258
v 0.02543183 0.01761806 -0.02252978
v 0.02571431 0.01728880 -0.02282531
v 0.02518394 0.01813455 -0.02282531
v 0.02481499 0.01822493 -0.02191226
v 0.02373119 0.01973566 -0.02187698
v 0.02435379 0.01930310 -0.02280767
v 0.02468239 0.01883826 -0.02280767
v 0.02362742 0.02052975 -0.02327081
v 0.02559325 0.01696600 -0.02187698
v 0.02550677 0.01681751 -0.02136973
v 0.02617550 0.01535844 -0.02094187
v 0.02663093 0.01448041 -0.02094187
v 0.02694800 0.01446104 -0.02187698
v 0.02298751 0.02182097 -0.02467346
v 0.02332764 0.02109143 -0.02374277
v 0.02259550 0.01570706 -0.01500044
v 0.02365048 0.01496461 -0.01577676
v 0.02263586 0.01670776 -0.01589144
v 0.02192678 0.01517767 -0.01373894
v 0.02221502 0.01444167 -0.01349193
v 0.02087180 0.01312463 -0.01110124
v 0.02166159 0.01479676 -0.01311701
v 0.02130993 0.01448041 -0.01253036
v 0.02075650 0.01200773 -0.01028965
v 0.01650201 0.00877324 -0.00390713
v 0.01658848 0.00862475 -0.00390713
v 0.02709788 0.01344744 -0.02102127
v 0.02623315 0.01448041 -0.01998472
v 0.02537994 0.01659800 -0.02074780
v 0.02556442 0.01597822 -0.02032876
v 0.02574890 0.01540363 -0.02001559
v 0.02460745 0.01687561 -0.01943336
v 0.02471122 0.01721779 -0.02009499
v 0.02423273 0.01721779 -0.01910696
v 0.02363318 0.01774073 -0.01859530
v 0.02428462 0.01632039 -0.01814098
v 0.02365624 0.01683688 -0.01762491
v 0.02379460 0.01626229 -0.01727204
v 0.02365624 0.01590720 -0.01669863
v 0.00334076 0.02336397 -0.01018379
v 0.00356560 0.02436466 -0.01104390
v 0.00423432 0.01553921 -0.00390713
v 0.00453410 0.01551338 -0.00390713
v 0.00356560 0.02482950 -0.01151587
v 0.00356560 0.02527497 -0.01197901
v 0.00263168 0.02579146 -0.01246420
v 0.00169777 0.02622401 -0.01288764
v 0.00076962 0.02672759 -0.01343018
v -0.00016429 0.02674695 -0.01340371
v -0.00016429 0.02711495 -0.01387126
v -0.00109820 0.02754751 -0.01440939
v -0.00202635 0.02795424 -0.01492546
v -0.00296026 0.02828996 -0.01539301
v -0.00296026 0.02875479 -0.01604582
v -0.00296026 0.02907760 -0.01651337
v -0.00389417 0.02952952 -0.01721029
v -0.00482809 0.02983296 -0.01771312
v -0.00482809 0.03012348 -0.01818068
v -0.00576200 0.03057541 -0.01900551
v -0.00576200 0.03082719 -0.01947306
v -0.00771630 0.03099505 -0.01991855
v -0.00807372 0.03172459 -0.02140942
v -0.00855797 0.03145989 -0.02094187
v -0.00949188 0.03138242 -0.02094187
v -0.01042580 0.03163421 -0.02162115
v -0.01135971 0.03158256 -0.02171818
v -0.01235127 0.03155028 -0.02192550
v -0.01741861 0.03078846 -0.02234453
v -0.01602351 0.03069162 -0.02157704
v -0.01602351 0.03094986 -0.02204459
v -0.01269716 0.03171168 -0.02236217
v -0.01322753 0.03185371 -0.02291794
v -0.01416145 0.03179561 -0.02308114
v -0.01482441 0.03175041 -0.02320023
v -0.01544702 0.03170522 -0.02331933
v -0.01602351 0.03134368 -0.02280767
v -0.01789133 0.03038173 -0.02187698
v -0.01879642 0.03010411 -0.02184169
v -0.01975915 0.03000082 -0.02212840
v -0.02037023 0.02990398 -0.02227395
v -0.02068154 0.02956180 -0.02192991
v -0.02655020 0.02792196 -0.02244157
v -0.02806636 0.02768308 -0.02284737
v -0.02316620 0.02896785 -0.02227395
v -0.02162698 0.02969738 -0.02257389
v -0.02780118 0.02803171 -0.02321788
v -0.02256089 0.02957472 -0.02285178
v -0.02543757 0.03013639 -0.02552034
v -0.02580653 0.02985233 -0.02515424
v -0.02348904 0.03034299 -0.02467346
v -0.02234183 0.03085947 -0.02499545
v -0.02748987 0.02978777 -0.02626578
v -0.02806636 0.02933584 -0.02569237
v -0.02806636 0.02927128 -0.02555122
v -0.02719587 0.02961991 -0.02565267
v -0.02806636 0.02968447 -0.02652161
v -0.01975915 0.03135659 -0.02467346
v -0.01884830 0.03158256 -0.02469993
v -0.01917114 0.03169877 -0.02521600
v -0.01855429 0.03176332 -0.02502633
v -0.01884830 0.03186662 -0.02556004
v -0.01602351 0.03208613 -0.02467346
v -0.01789133 0.03182789 -0.02485431
v -0.01508959 0.03222171 -0.02467346
v -0.01416145 0.03233146 -0.02467346
v -0.01322753 0.03242830 -0.02467346
v -0.01408650 0.03255742 -0.02569237
v -0.01176902 0.03265427 -0.02515866
v -0.01142312 0.03274465 -0.02552476
v -0.01135971 0.03287377 -0.02653484
v -0.01042580 0.03290605 -0.02653484
v -0.00855797 0.03293188 -0.02653484
v 0.00169777 0.03216360 -0.02467346
v 0.00263168 0.03204739 -0.02467346
v 0.00356560 0.03191182 -0.02467346
v 0.00503564 0.03173104 -0.02507485
v 0.00566401 0.03168585 -0.02560856
v 0.00636157 0.03142761 -0.02467346
v -0.00762982 0.03286086 -0.02560856
v -0.00482809 0.03271237 -0.02486754
v -0.00482809 0.03261553 -0.02439999
v -0.00389417 0.03244121 -0.02374277
v -0.00202635 0.03232500 -0.02374277
v -0.00109820 0.03226690 -0.02374277
v -0.00016429 0.03217652 -0.02374277
v 0.00076962 0.03207322 -0.02374277
v 0.00169777 0.03196992 -0.02374277
v 0.01382710 0.02925191 -0.02374277
v 0.01447853 0.02900013 -0.02374277
v 0.01242047 0.02985233 -0.02422355
v 0.01513573 0.02888392 -0.02443527
v 0.01569493 0.02843845 -0.02374277
v 0.01635212 0.02809627 -0.02374277
v 0.01701509 0.02794133 -0.02467346
v 0.00941119 0.03073681 -0.02451908
v 0.01000498 0.03062706 -0.02476609
v 0.00912295 0.03084656 -0.02476609
v 0.01103113 0.03014285 -0.02374277
v 0.00878859 0.03081428 -0.02411769
v 0.01758004 0.02728927 -0.02383099
v 0.02170194 0.02326067 -0.02443969
v 0.02207666 0.02291205 -0.02472198
v 0.02260703 0.02228581 -0.02467346
v 0.01845054 0.02654682 -0.02386627
v 0.01826030 0.02634668 -0.02280767
v 0.01886562 0.02603033 -0.02352664
v 0.01938446 0.02561068 -0.02386627
v 0.01727451 0.02719888 -0.02280767
v 0.01790288 0.02695355 -0.02357957
v 0.01917692 0.02542346 -0.02280767
v 0.01964388 0.02491989 -0.02280767
v 0.02007048 0.02445505 -0.02280767
v 0.02112545 0.02365449 -0.02374277
v 0.02159241 0.02313801 -0.02374277
v 0.02200748 0.02267317 -0.02374277
v 0.02531653 0.01743084 -0.02187698
v 0.02448639 0.01855419 -0.02162556
v 0.02467086 0.01788922 -0.02094187
v 0.02363895 0.01961299 -0.02137855
v 0.02351788 0.02038126 -0.02264888
v 0.02337376 0.02020049 -0.02187698
v 0.02286069 0.02165957 -0.02374277
v 0.02235914 0.02187262 -0.02280326
v 0.02264162 0.02139487 -0.02249008
v 0.02291257 0.02078800 -0.02187698
v 0.02513782 0.01717905 -0.02101245
v 0.02171924 0.01579745 -0.01399477
v 0.02314893 0.01630748 -0.01629724
v 0.02346024 0.01652699 -0.01700298
v 0.02283762 0.01699182 -0.01651337
v 0.02260703 0.01761161 -0.01687065
v 0.02174806 0.01864458 -0.01676038
v 0.02156359 0.01841862 -0.01627518
v 0.02175959 0.01772782 -0.01580763
v 0.02194983 0.01725652 -0.01558268
v 0.02175383 0.01677877 -0.01488576
v 0.02081415 0.01584264 -0.01301997
v 0.02064697 0.01374442 -0.01133061
v 0.02002436 0.01416406 -0.01102626
v 0.01616188 0.00930909 -0.00390713
v 0.01631177 0.00908313 -0.00390713
v 0.02456133 0.01773427 -0.02046550
v 0.02281457 0.01788276 -0.01749258
v 0.02343718 0.01746312 -0.01797336
v 0.02377731 0.01719196 -0.01822919
v 0.02406555 0.01815392 -0.02006852
v 0.02356400 0.01857356 -0.01967155
v 0.02271080 0.01961945 -0.01950393
v 0.02290681 0.01910296 -0.01914665
v 0.02253785 0.01939348 -0.01888200
v 0.02277998 0.01877370 -0.01847620
v 0.02310858 0.01812164 -0.01822478
v 0.00396337 0.02331232 -0.01021907
v 0.00449951 0.02379007 -0.01067780
v 0.00361748 0.02371906 -0.01051019
v 0.00501258 0.02426782 -0.01113653
v 0.00522588 0.01539072 -0.00390713
v 0.00537001 0.02385463 -0.01084983
v 0.00495493 0.02519104 -0.01208046
v 0.00361748 0.02581728 -0.01261417
v 0.00333500 0.02615299 -0.01297145
v 0.00263168 0.02619173 -0.01293175
v 0.00139223 0.02706976 -0.01392420
v 0.00076962 0.02709558 -0.01389773
v -0.00016429 0.02752168 -0.01440939
v -0.00109820 0.02794779 -0.01493869
v -0.00202635 0.02828996 -0.01538860
v -0.00202635 0.02876125 -0.01605023
v -0.00202635 0.02907114 -0.01651337
v -0.00202635 0.02951661 -0.01721029
v -0.00296026 0.02983941 -0.01770871
v -0.00389417 0.02983941 -0.01769989
v -0.00389417 0.03012348 -0.01816744
v -0.00482809 0.03058832 -0.01898345
v -0.00482809 0.03083365 -0.01945100
v -0.00482809 0.03112418 -0.02001118
v -0.00576200 0.03110481 -0.02001118
v -0.00771053 0.03155028 -0.02103009
v -0.00669591 0.03173104 -0.02139619
v -0.00771053 0.03186662 -0.02178435
v -0.00762982 0.03224108 -0.02280767
v -0.00855797 0.03220880 -0.02280767
v -0.01042580 0.03209259 -0.02280767
v -0.01042580 0.03182143 -0.02208870
v -0.00949188 0.03167294 -0.02153293
v -0.00482809 0.03154382 -0.02091982
v -0.01135971 0.03178915 -0.02218574
v -0.01208032 0.03175041 -0.02227395
v -0.01789133 0.03073035 -0.02244598
v -0.01704966 0.03107253 -0.02271504
v -0.01789133 0.03098214 -0.02291353
v -0.01704966 0.03061415 -0.02189021
v -0.01235127 0.03189245 -0.02272827
v -0.01322753 0.03215715 -0.02374277
v -0.01416145 0.03204094 -0.02374277
v -0.01511842 0.03188599 -0.02367661
v -0.01602351 0.03165357 -0.02346047
v -0.01602351 0.03182789 -0.02392361
v -0.01789133 0.03138887 -0.02374277
v -0.01882524 0.03060769 -0.02266211
v -0.02162698 0.03000727 -0.02304144
v -0.02225535 0.02991043 -0.02319141
v -0.02806636 0.02798652 -0.02328845
v -0.02287796 0.02980713 -0.02335902
v -0.02629078 0.02976840 -0.02532186
v -0.02806636 0.02900013 -0.02499986
v -0.02796260 0.02901949 -0.02496899
v -0.02629078 0.02943268 -0.02467346
v -0.02543757 0.02971029 -0.02466023
v -0.02467084 0.02978777 -0.02433823
v -0.02178840 0.03070453 -0.02437352
v -0.02405400 0.02988461 -0.02415739
v -0.02348904 0.02997499 -0.02399860
v -0.02069307 0.03085947 -0.02407799
v -0.01882524 0.03117582 -0.02374277
v -0.02116579 0.03079491 -0.02420150
v -0.01789133 0.03166003 -0.02438675
v -0.01229362 0.03226044 -0.02374277
v -0.01229362 0.03251223 -0.02467346
v -0.01322753 0.03258970 -0.02547624
v -0.01142312 0.03258970 -0.02472639
v -0.01042580 0.03268655 -0.02499104
v -0.01042580 0.03280275 -0.02560856
v -0.00949188 0.03282858 -0.02560856
v -0.00855797 0.03284795 -0.02560856
v 0.00266627 0.03183434 -0.02368102
v 0.00356560 0.03176978 -0.02398978
v 0.00407867 0.03173104 -0.02417503
v 0.00470128 0.03167940 -0.02445292
v 0.00538154 0.03161484 -0.02472639
v 0.00542766 0.03140824 -0.02374277
v 0.00636157 0.03123393 -0.02374277
v -0.00855797 0.03271883 -0.02482784
v -0.00762982 0.03272528 -0.02479255
v -0.00669591 0.03272528 -0.02480579
v -0.00576200 0.03271883 -0.02483225
v -0.00576200 0.03249286 -0.02374277
v -0.00482809 0.03247349 -0.02374277
v -0.00389417 0.03220234 -0.02280767
v -0.00296026 0.03215069 -0.02280767
v -0.00202635 0.03209259 -0.02280767
v -0.00109820 0.03203448 -0.02280767
v -0.00016429 0.03195055 -0.02280767
v 0.00078692 0.03183434 -0.02274591
v 0.00237803 0.03175041 -0.02315612
v 0.01289319 0.02957472 -0.02374277
v 0.01380981 0.02903241 -0.02287824
v 0.01432288 0.02893557 -0.02323111
v 0.01494549 0.02879999 -0.02374277
v 0.01223023 0.02979422 -0.02374277
v 0.01176327 0.02993626 -0.02374277
v 0.01571799 0.02818020 -0.02284737
v 0.01620800 0.02801880 -0.02318259
v 0.01681332 0.02781866 -0.02374277
v 0.01009722 0.03038818 -0.02374277
v 0.01009722 0.03015576 -0.02280767
v 0.01098501 0.02993626 -0.02286501
v 0.01126172 0.02979422 -0.02259153
v 0.01154420 0.02987170 -0.02321347
v 0.00729548 0.03104025 -0.02374277
v 0.00817174 0.03086593 -0.02377806
v 0.00844846 0.03073681 -0.02349576
v 0.00916330 0.03039464 -0.02280767
v 0.00912295 0.03064642 -0.02377806
v 0.02247444 0.02212440 -0.02374277
v 0.01812195 0.02621110 -0.02216368
v 0.01872726 0.02588830 -0.02280767
v 0.01774146 0.02681152 -0.02280767
v 0.01714768 0.02710204 -0.02224749
v 0.01905009 0.02528143 -0.02216809
v 0.01995518 0.02432593 -0.02221220
v 0.02086027 0.02335751 -0.02226954
v 0.02175959 0.02239556 -0.02233570
v 0.02095827 0.02347372 -0.02280767
v 0.02142523 0.02295724 -0.02280767
v 0.02184607 0.02248594 -0.02280767
v 0.02277998 0.02062659 -0.02124181
v 0.02313164 0.02002618 -0.02099921
v 0.02283762 0.01978085 -0.02001118
v 0.02348906 0.01940640 -0.02075662
v 0.02156935 0.01641078 -0.01434764
v 0.02086603 0.01684333 -0.01390214
v 0.02105628 0.01632685 -0.01368601
v 0.02195560 0.01890928 -0.01738231
v 0.02156935 0.01918043 -0.01712648
v 0.02087756 0.01964527 -0.01668098
v 0.02107357 0.01907714 -0.01633253
v 0.02119463 0.01806999 -0.01546359
v 0.02088909 0.01872851 -0.01573706
v 0.02062391 0.01841216 -0.01511513
v 0.02087756 0.01778592 -0.01481519
v 0.01987447 0.01583619 -0.01209369
v 0.02061238 0.01632685 -0.01321846
v 0.01978223 0.01479030 -0.01124680
v 0.01572375 0.00984495 -0.00390713
v 0.02257821 0.01850255 -0.01785427
v 0.02246291 0.02024569 -0.02001118
v 0.02184030 0.02061368 -0.01941130
v 0.02165006 0.02040063 -0.01878937
v 0.02191525 0.01977439 -0.01837034
v 0.02224384 0.01915461 -0.01811451
v 0.00563519 0.02420972 -0.01118946
v 0.00537001 0.02460354 -0.01154233
v 0.00542766 0.01535198 -0.00390713
v 0.00636157 0.02366095 -0.01086747
v 0.00608485 0.01522286 -0.00390713
v 0.00722054 0.01499689 -0.00390713
v 0.00542766 0.02515230 -0.01212457
v 0.00542766 0.02553967 -0.01258771
v 0.00449951 0.02607552 -0.01307290
v 0.00395761 0.02611426 -0.01302438
v 0.00361748 0.02643706 -0.01339048
v 0.00356560 0.02696001 -0.01407416
v 0.00263168 0.02701165 -0.01400359
v 0.00263168 0.02661138 -0.01347870
v 0.00201484 0.02704393 -0.01396389
v 0.00170353 0.02734091 -0.01432999
v 0.00076962 0.02747649 -0.01440939
v -0.00016429 0.02792842 -0.01496516
v -0.00016429 0.02825768 -0.01542830
v -0.00109820 0.02874834 -0.01607228
v -0.00109820 0.02905177 -0.01653983
v -0.00109820 0.02947788 -0.01721029
v -0.00109820 0.02981359 -0.01775282
v -0.00202635 0.02982650 -0.01772195
v -0.00296026 0.03011057 -0.01817185
v -0.00389417 0.03058832 -0.01898786
v -0.00389417 0.03083365 -0.01945541
v -0.00389417 0.03111772 -0.02001118
v -0.00576200 0.03173104 -0.02138737
v -0.00576200 0.03191182 -0.02187698
v -0.00669591 0.03224108 -0.02280767
v -0.00762982 0.03250577 -0.02374277
v -0.00855797 0.03248641 -0.02374277
v -0.01042580 0.03239602 -0.02374277
v -0.01135971 0.03234437 -0.02374277
v -0.01135971 0.03202157 -0.02280767
v -0.00391723 0.03156964 -0.02102568
v -0.00424007 0.03173104 -0.02139178
v -0.00482809 0.03173104 -0.02138296
v -0.01882524 0.03086593 -0.02312966
v -0.01700354 0.03158256 -0.02376923
v -0.01932679 0.03080137 -0.02325757
v -0.02069307 0.03060769 -0.02361044
v -0.02153474 0.03048502 -0.02383099
v -0.02256089 0.03009766 -0.02369866
v -0.02806636 0.02825768 -0.02372072
v -0.02629078 0.02905177 -0.02400742
v -0.02684997 0.02895493 -0.02415739
v -0.02806636 0.02877416 -0.02459406
v -0.02747258 0.02884518 -0.02434706
v -0.01968998 0.03094986 -0.02373395
v -0.01042580 0.03258970 -0.02452790
v -0.00949188 0.03260907 -0.02444410
v 0.00300064 0.03171168 -0.02333256
v 0.00356560 0.03166649 -0.02352664
v 0.00443609 0.03158901 -0.02381334
v 0.00449951 0.03133722 -0.02280767
v 0.00542766 0.03118228 -0.02280767
v 0.00636157 0.03100797 -0.02280767
v 0.00684582 0.03079491 -0.02233129
v -0.00855797 0.03262199 -0.02436470
v -0.00762982 0.03262844 -0.02432500
v -0.00669591 0.03262844 -0.02433823
v -0.00482809 0.03222816 -0.02280767
v -0.00391723 0.03186017 -0.02179758
v -0.00296026 0.03186662 -0.02194755
v -0.00202635 0.03184080 -0.02201371
v -0.00109820 0.03181497 -0.02208870
v -0.00016429 0.03177624 -0.02219456
v 0.00048714 0.03174396 -0.02228719
v 0.00110975 0.03170522 -0.02239746
v 0.00169777 0.03167294 -0.02252537
v 0.00266627 0.03163421 -0.02282972
v 0.01289319 0.02932938 -0.02280767
v 0.01348121 0.02896785 -0.02222102
v 0.01410382 0.02884518 -0.02260918
v 0.01468607 0.02867732 -0.02287824
v 0.01190163 0.02967156 -0.02286501
v 0.01542398 0.02808982 -0.02207987
v 0.01604082 0.02792196 -0.02256066
v 0.01656542 0.02768954 -0.02284737
v 0.01063912 0.02987815 -0.02228277
v 0.01098501 0.02965864 -0.02193432
v 0.01195928 0.02934230 -0.02187698
v 0.00817174 0.03063997 -0.02286942
v 0.00822939 0.03033008 -0.02187698
v 0.01009722 0.02994917 -0.02208429
v 0.01755122 0.02658555 -0.02189462
v 0.01732639 0.02632731 -0.02094187
v 0.01795476 0.02605615 -0.02154175
v 0.01850819 0.02566879 -0.02185492
v 0.01664037 0.02730218 -0.02191226
v 0.01613882 0.02704393 -0.02050961
v 0.01664037 0.02683734 -0.02086689
v 0.01695744 0.02695355 -0.02162556
v 0.01716498 0.02618528 -0.02036846
v 0.01826607 0.02542992 -0.02094187
v 0.01888868 0.02511357 -0.02154616
v 0.01917116 0.02448087 -0.02094187
v 0.01979953 0.02415807 -0.02159027
v 0.02071038 0.02320257 -0.02164761
v 0.02162123 0.02223416 -0.02171377
v 0.02189218 0.02161437 -0.02114918
v 0.02173653 0.02142715 -0.02052725
v 0.02160394 0.02127220 -0.02001118
v 0.02060661 0.01746312 -0.01419326
v 0.02030684 0.01812164 -0.01447555
v 0.01998401 0.01783757 -0.01385362
v 0.02170771 0.01952906 -0.01774841
v 0.02106204 0.01985832 -0.01721029
v 0.01991483 0.02147880 -0.01764696
v 0.02013389 0.02094940 -0.01728527
v 0.01996671 0.02060723 -0.01665452
v 0.01998977 0.01969692 -0.01569736
v 0.02061238 0.01935475 -0.01605905
v 0.02000130 0.01878016 -0.01475344
v 0.01993212 0.01683688 -0.01297586
v 0.01966117 0.01632685 -0.01229659
v 0.01919422 0.01632685 -0.01186874
v 0.01890021 0.01579745 -0.01119387
v 0.01502043 0.01065196 -0.00390713
v 0.02095251 0.02160146 -0.01934514
v 0.02075074 0.02137550 -0.01872321
v 0.02136758 0.02014239 -0.01803071
v 0.00636157 0.02412579 -0.01126004
v 0.00636157 0.02459708 -0.01172759
v 0.00729548 0.02354474 -0.01096892
v 0.00761831 0.01489360 -0.00390713
v 0.00636157 0.02506192 -0.01222160
v 0.00636157 0.02546220 -0.01268915
v 0.00542766 0.02601096 -0.01316112
v 0.00449951 0.02643061 -0.01354045
v 0.00449951 0.02690190 -0.01416238
v 0.00356560 0.02729572 -0.01454172
v 0.00263168 0.02734737 -0.01447114
v 0.00169777 0.02786386 -0.01505779
v 0.00076962 0.02790259 -0.01500044
v 0.00076962 0.02822540 -0.01546800
v 0.00076962 0.02869669 -0.01616491
v -0.00016429 0.02872251 -0.01611639
v -0.00016429 0.02902595 -0.01658394
v 0.00076962 0.02899367 -0.01662805
v 0.00076962 0.02974257 -0.01788074
v -0.00016429 0.03003955 -0.01827771
v -0.00109820 0.03007829 -0.01822037
v -0.00202635 0.03009766 -0.01818509
v 0.00076962 0.02934230 -0.01721029
v -0.00296026 0.03058187 -0.01901874
v -0.00296026 0.03082074 -0.01948188
v -0.00151327 0.03079491 -0.01953481
v -0.00202635 0.03104025 -0.02001118
v -0.00482809 0.03191182 -0.02187698
v -0.00296026 0.03149217 -0.02094187
v -0.00202635 0.03144698 -0.02094187
v -0.00202635 0.03167294 -0.02154616
v 0.00356560 0.03149217 -0.02280767
v 0.00535848 0.03090467 -0.02185492
v 0.00636157 0.03084011 -0.02219456
v 0.00636157 0.03067225 -0.02172701
v 0.00721477 0.03058187 -0.02196078
v -0.00109820 0.03138887 -0.02094187
v -0.00016429 0.03131140 -0.02094187
v 0.00076962 0.03121456 -0.02094187
v 0.00169777 0.03111772 -0.02094187
v 0.00169777 0.03145989 -0.02187698
v 0.00263168 0.03134368 -0.02187698
v 0.01286437 0.02905823 -0.02189462
v 0.01315261 0.02885164 -0.02159909
v 0.01286437 0.02872251 -0.02098157
v 0.01380981 0.02872251 -0.02189462
v 0.01483019 0.02826413 -0.02181081
v 0.01518185 0.02796715 -0.02145794
v 0.01571799 0.02781866 -0.02181081
v 0.01009722 0.02978131 -0.02161674
v 0.01103113 0.02927774 -0.02094187
v 0.01154997 0.02894202 -0.02043462
v 0.01190163 0.02903241 -0.02098157
v 0.01253000 0.02895493 -0.02131680
v 0.00819480 0.02999436 -0.02092423
v 0.00896730 0.02992334 -0.02121976
v 0.00923248 0.03006538 -0.02179758
v 0.00958991 0.02984587 -0.02143589
v 0.01779335 0.02589475 -0.02094187
v 0.01544704 0.02717951 -0.02001118
v 0.01523374 0.02705685 -0.01953922
v 0.01545280 0.02626921 -0.01837916
v 0.01606964 0.02605615 -0.01871439
v 0.01631754 0.02624338 -0.01933632
v 0.01662884 0.02641124 -0.02003765
v 0.01577563 0.02739902 -0.02086689
v 0.01694014 0.02599159 -0.01974653
v 0.01728027 0.02537181 -0.01927457
v 0.01753393 0.02563005 -0.02005088
v 0.01810465 0.02526851 -0.02035082
v 0.01873302 0.02494571 -0.02094187
v 0.01901550 0.02431947 -0.02037728
v 0.01992636 0.02336397 -0.02041257
v 0.02096404 0.02254405 -0.02094187
v 0.02148288 0.02192427 -0.02088012
v 0.02107934 0.02191781 -0.02009058
v 0.01970729 0.01845735 -0.01413151
v 0.01937293 0.01813455 -0.01353163
v 0.02102745 0.02074926 -0.01831741
v 0.02060085 0.02103333 -0.01806158
v 0.02008777 0.02165957 -0.01814539
v 0.01964388 0.02213086 -0.01814539
v 0.01899821 0.02242784 -0.01763373
v 0.01967270 0.02122701 -0.01702503
v 0.01905009 0.02154336 -0.01664128
v 0.01877338 0.02127220 -0.01601935
v 0.01907892 0.02064596 -0.01567531
v 0.01970153 0.02031670 -0.01603259
v 0.01971882 0.01939994 -0.01507543
v 0.01940175 0.02002618 -0.01537537
v 0.01909621 0.01974211 -0.01473579
v 0.01897515 0.01681105 -0.01206281
v 0.01807006 0.01777301 -0.01204076
v 0.01448430 0.01124591 -0.00390713
v 0.01490514 0.01078108 -0.00390713
v 0.02067003 0.02222124 -0.01983034
v 0.02004742 0.02255050 -0.01931868
v 0.02039908 0.02196300 -0.01901874
v 0.01983412 0.02233100 -0.01869675
v 0.00729548 0.02400958 -0.01136590
v 0.00729548 0.02449378 -0.01183345
v 0.00822939 0.02340916 -0.01107919
v 0.00810833 0.01474511 -0.00390713
v 0.00729548 0.02495862 -0.01233629
v 0.00729548 0.02536536 -0.01280384
v 0.00636157 0.02592703 -0.01326698
v 0.00636157 0.02628212 -0.01373012
v 0.00542766 0.02635959 -0.01362867
v 0.00542766 0.02682443 -0.01426383
v 0.00542766 0.02716014 -0.01473138
v 0.00449951 0.02723116 -0.01462552
v 0.00356560 0.02776701 -0.01521217
v 0.00263168 0.02781866 -0.01512836
v 0.00169777 0.02818666 -0.01552534
v 0.00169777 0.02865795 -0.01623108
v 0.00169777 0.02894848 -0.01669863
v 0.00169777 0.02925837 -0.01721029
v 0.00169777 0.02969738 -0.01796013
v 0.00076962 0.03000082 -0.01834829
v -0.00016429 0.03045920 -0.01907608
v -0.00116162 0.03058187 -0.01916430
v -0.00202635 0.03056895 -0.01904961
v -0.00016429 0.03074326 -0.01964067
v -0.00116162 0.03096277 -0.01993620
v 0.00356560 0.03120165 -0.02187698
v 0.00449951 0.03105316 -0.02187698
v 0.00500105 0.03079491 -0.02139178
v 0.00562366 0.03074326 -0.02153293
v 0.00636157 0.03038173 -0.02094187
v 0.00729548 0.03018804 -0.02094187
v -0.00016429 0.03096277 -0.02010822
v 0.00076962 0.03091758 -0.02020085
v 0.00169777 0.03086593 -0.02030230
v 0.00240109 0.03082719 -0.02039493
v 0.00268357 0.03096277 -0.02086689
v 0.00356560 0.03091112 -0.02108302
v 0.01217258 0.02883872 -0.02069487
v 0.01295084 0.02825122 -0.01994061
v 0.01366568 0.02811564 -0.02020967
v 0.01391358 0.02828350 -0.02085366
v 0.01428830 0.02798652 -0.02048755
v 0.01483019 0.02788968 -0.02085366
v 0.00923248 0.02974903 -0.02092423
v 0.01009722 0.02952952 -0.02094187
v 0.01103113 0.02901304 -0.02026701
v 0.01042582 0.02889037 -0.01961862
v 0.01103113 0.02879999 -0.01980387
v 0.01103113 0.02845782 -0.01907608
v 0.01193622 0.02817375 -0.01906285
v 0.01190163 0.02866441 -0.02007734
v 0.00786044 0.02987815 -0.02042580
v 0.00848305 0.02980713 -0.02059783
v 0.01476101 0.02752814 -0.02001118
v 0.01466877 0.02715369 -0.01916871
v 0.01429406 0.02705685 -0.01860853
v 0.01491667 0.02688899 -0.01891729
v 0.01471489 0.02656618 -0.01818068
v 0.01513573 0.02606907 -0.01775723
v 0.01573528 0.02588184 -0.01809687
v 0.01619071 0.02521686 -0.01764255
v 0.01639248 0.02539764 -0.01814539
v 0.01669225 0.02571398 -0.01899668
v 0.01706697 0.02515876 -0.01865264
v 0.01790288 0.02506192 -0.01972889
v 0.01883103 0.02411933 -0.01975535
v 0.01974765 0.02317674 -0.01979064
v 0.02083721 0.02240202 -0.02045668
v 0.01908468 0.01878661 -0.01383157
v 0.01874455 0.01843153 -0.01320964
v 0.01903280 0.01780529 -0.01294498
v 0.01799512 0.02422263 -0.01865705
v 0.01807006 0.02337043 -0.01762491
v 0.01718227 0.02341562 -0.01664128
v 0.01815077 0.02158209 -0.01567531
v 0.01879644 0.02036190 -0.01505338
v 0.01722262 0.02251822 -0.01568413
v 0.01877338 0.01940640 -0.01411386
v 0.01817383 0.02067179 -0.01474020
v 0.01812195 0.01874788 -0.01292734
v 0.01718803 0.01968401 -0.01293616
v 0.01423641 0.01150416 -0.00390713
v 0.01913080 0.02349955 -0.01930103
v 0.00822939 0.02387400 -0.01148940
v 0.00822939 0.02437758 -0.01195695
v 0.00871364 0.02333169 -0.01114094
v 0.00823516 0.01470637 -0.00390713
v 0.00822939 0.02484241 -0.01246420
v 0.00822939 0.02525560 -0.01293175
v 0.00729548 0.02583019 -0.01339048
v 0.00729548 0.02619173 -0.01385803
v 0.00729548 0.02659201 -0.01440939
v 0.00641922 0.02680506 -0.01446673
v 0.00614827 0.02710204 -0.01481519
v 0.00456292 0.02775410 -0.01540183
v 0.00429774 0.02803171 -0.01575029
v 0.00356560 0.02807691 -0.01567972
v 0.00263168 0.02813501 -0.01559591
v 0.00254521 0.02864504 -0.01636781
v 0.00217049 0.02892265 -0.01674274
v 0.00254521 0.02912279 -0.01715294
v 0.00169777 0.02995563 -0.01842768
v 0.00356560 0.02910988 -0.01735584
v 0.00263168 0.02963928 -0.01807040
v 0.00076962 0.03037527 -0.01907608
v 0.00076962 0.03069807 -0.01973771
v 0.00449951 0.03066579 -0.02081396
v 0.00535848 0.03060123 -0.02102568
v 0.00542766 0.03017513 -0.02001118
v 0.00629815 0.03000082 -0.01998913
v 0.00729548 0.02993626 -0.02029348
v 0.00169777 0.03065288 -0.01983916
v 0.00263168 0.03016867 -0.01907608
v 0.00268357 0.03062706 -0.02005529
v 0.00449951 0.03033008 -0.02001118
v 0.00356560 0.03073681 -0.02061547
v 0.01267989 0.02807691 -0.01936279
v 0.01330250 0.02796715 -0.01958774
v 0.01391358 0.02788322 -0.01994061
v 0.00916330 0.02938749 -0.02001118
v 0.01010875 0.02912279 -0.01996266
v 0.01010875 0.02872897 -0.01911137
v 0.00916330 0.02905177 -0.01927898
v 0.00980321 0.02896785 -0.01944659
v 0.01103113 0.02811564 -0.01837916
v 0.01160762 0.02802526 -0.01854236
v 0.01223023 0.02792842 -0.01874085
v 0.00729548 0.02972966 -0.01983034
v 0.00819480 0.02964573 -0.02007293
v 0.01382710 0.02748940 -0.01907608
v 0.01382710 0.02716014 -0.01843651
v 0.01382710 0.02688253 -0.01796895
v 0.01383286 0.02640478 -0.01718823
v 0.01451889 0.02624338 -0.01748376
v 0.01480137 0.02588184 -0.01718823
v 0.01527985 0.02522978 -0.01669421
v 0.01563151 0.02538472 -0.01728527
v 0.01589670 0.02496508 -0.01702062
v 0.01624836 0.02434530 -0.01664570
v 0.01713615 0.02430010 -0.01762491
v 0.01763769 0.02480368 -0.01896581
v 0.01733792 0.02450024 -0.01814539
v 0.01820842 0.02444213 -0.01927898
v 0.01781064 0.01937411 -0.01320964
v 0.01687096 0.02403540 -0.01700298
v 0.01628295 0.02344144 -0.01569736
v 0.01815077 0.01971629 -0.01383157
v 0.01532597 0.02341562 -0.01478431
v 0.01721109 0.02063305 -0.01384039
v 0.01783370 0.02033607 -0.01411827
v 0.01751087 0.02000681 -0.01352281
v 0.01625989 0.02154981 -0.01386244
v 0.01495702 0.02308636 -0.01416238
v 0.01433441 0.02335751 -0.01391537
v 0.01382710 0.01183342 -0.00390713
v 0.01326214 0.02324776 -0.01307290
v 0.00942849 0.02419035 -0.01214221
v 0.00880588 0.02428719 -0.01204517
v 0.00907107 0.02376425 -0.01164378
v 0.00907107 0.02470038 -0.01257447
v 0.00871941 0.02519750 -0.01300233
v 0.01009722 0.02360285 -0.01183786
v 0.00884047 0.01448686 -0.00390713
v 0.01002804 0.01404140 -0.00390713
v 0.00816598 0.02576563 -0.01356250
v 0.00781432 0.02613363 -0.01392861
v 0.00816598 0.02637250 -0.01436528
v 0.00729548 0.02699229 -0.01497839
v 0.00677087 0.02704393 -0.01489459
v 0.00641922 0.02734737 -0.01526069
v 0.00492035 0.02798007 -0.01582087
v 0.00456292 0.02826413 -0.01619138
v 0.00356560 0.02883872 -0.01689270
v 0.00356560 0.02845782 -0.01627518
v 0.00279310 0.02888392 -0.01680449
v 0.00263168 0.02989752 -0.01853795
v 0.00169777 0.03027843 -0.01907608
v 0.00449951 0.02904532 -0.01747053
v 0.00542766 0.02991043 -0.01942895
v 0.00594073 0.02986524 -0.01952599
v 0.00375007 0.02981359 -0.01869233
v 0.00449951 0.02976194 -0.01880702
v 0.00449951 0.02998791 -0.01927457
v 0.01295084 0.02783158 -0.01906285
v 0.00916330 0.02882581 -0.01881143
v 0.01009722 0.02821894 -0.01809246
v 0.00825245 0.02914216 -0.01901433
v 0.00858105 0.02889683 -0.01866587
v 0.01040852 0.02794779 -0.01774841
v 0.01103113 0.02785740 -0.01791161
v 0.01193622 0.02772828 -0.01819832
v 0.01262224 0.02713432 -0.01754110
v 0.01292202 0.02732800 -0.01809687
v 0.00729548 0.02937458 -0.01907608
v 0.01324485 0.02701165 -0.01775723
v 0.01352156 0.02619819 -0.01662805
v 0.01414417 0.02604324 -0.01686183
v 0.01429982 0.02519104 -0.01580763
v 0.01466877 0.02535244 -0.01634135
v 0.01492243 0.02496508 -0.01607228
v 0.01532597 0.02434530 -0.01571500
v 0.01561422 0.02465519 -0.01635899
v 0.01594858 0.02406123 -0.01602376
v 0.01465725 0.02369969 -0.01449320
v 0.01498008 0.02404186 -0.01509307
v 0.01435747 0.02430656 -0.01482401
v 0.01382710 0.02401603 -0.01417120
v 0.01382710 0.02355120 -0.01373453
v 0.01342933 0.01213040 -0.00390713
v 0.01329097 0.02421617 -0.01398595
v 0.01296813 0.02384172 -0.01343459
v 0.01263953 0.02346727 -0.01288764
v 0.01009722 0.02406768 -0.01226130
v 0.01009722 0.02451961 -0.01272885
v 0.00934202 0.02510711 -0.01311260
v 0.00908260 0.02544928 -0.01344341
v 0.00843693 0.02606261 -0.01402123
v 0.01080053 0.02344790 -0.01197018
v 0.01033934 0.01391227 -0.00390713
v 0.01076594 0.01373150 -0.00390713
v 0.01104266 0.01360884 -0.00390713
v 0.00916330 0.02631440 -0.01461229
v 0.00822939 0.02688899 -0.01513277
v 0.00822939 0.02719888 -0.01560032
v 0.00729548 0.02729572 -0.01544153
v 0.00729548 0.02776701 -0.01617373
v 0.00636157 0.02785094 -0.01602817
v 0.00542766 0.02793487 -0.01589144
v 0.00542766 0.02822540 -0.01635899
v 0.00449951 0.02876771 -0.01700298
v 0.00449951 0.02941331 -0.01814539
v 0.00542766 0.02896785 -0.01760285
v 0.00542766 0.02968447 -0.01896581
v 0.00729548 0.02903886 -0.01839240
v 0.00542766 0.02925837 -0.01814539
v 0.00916330 0.02847718 -0.01814539
v 0.00979168 0.02803171 -0.01760285
v 0.00795844 0.02896785 -0.01852472
v 0.00825245 0.02871606 -0.01818509
v 0.01009722 0.02775410 -0.01725881
v 0.01111760 0.02737965 -0.01711766
v 0.01148656 0.02705685 -0.01674715
v 0.01195928 0.02724407 -0.01734702
v 0.01195928 0.02697292 -0.01687947
v 0.01292202 0.02682443 -0.01722352
v 0.01289319 0.02633377 -0.01642956
v 0.01289319 0.02601742 -0.01596201
v 0.01323332 0.02512648 -0.01496075
v 0.01383286 0.02581082 -0.01630165
v 0.01382710 0.02494571 -0.01517247
v 0.01382710 0.02532016 -0.01563561
v 0.01382710 0.02448087 -0.01463434
v 0.01268565 0.01260815 -0.00390713
v 0.01266836 0.02439049 -0.01379628
v 0.01195928 0.02413224 -0.01313465
v 0.01195928 0.02366095 -0.01271121
v 0.01142314 0.02328004 -0.01211133
v 0.01163644 0.01327312 -0.00390713
v 0.01192469 0.01309235 -0.00390713
v 0.01148656 0.02425491 -0.01301556
v 0.01086395 0.02437758 -0.01288323
v 0.01009722 0.02498444 -0.01324933
v 0.01009722 0.02537181 -0.01371247
v 0.00916330 0.02597223 -0.01414474
v 0.00994156 0.02621110 -0.01475344
v 0.00921519 0.02682443 -0.01538419
v 0.00893847 0.02711495 -0.01572383
v 0.00816598 0.02768954 -0.01635899
v 0.00780856 0.02799943 -0.01672509
v 0.00729548 0.02805108 -0.01663687
v 0.00636157 0.02814147 -0.01649573
v 0.00542766 0.02869023 -0.01713530
v 0.00590614 0.02892265 -0.01767343
v 0.00627509 0.02863858 -0.01730291
v 0.00627509 0.02909051 -0.01811451
v 0.00729548 0.02878707 -0.01792485
v 0.00916330 0.02810919 -0.01747053
v 0.00916330 0.02784449 -0.01700298
v 0.00816598 0.02818020 -0.01717941
v 0.01009722 0.02725698 -0.01642074
v 0.01086395 0.02714723 -0.01659718
v 0.01009722 0.02696646 -0.01595319
v 0.01103113 0.02635959 -0.01545035
v 0.01179209 0.02623692 -0.01564002
v 0.01241470 0.02612071 -0.01581646
v 0.01261071 0.02527497 -0.01476667
v 0.01291048 0.02552675 -0.01530038
v 0.01195928 0.02456480 -0.01360220
v 0.01195928 0.02502964 -0.01412709
v 0.01140008 0.02515230 -0.01399036
v 0.01112913 0.02476494 -0.01343018
v 0.01077747 0.02526851 -0.01384921
v 0.01018946 0.02589475 -0.01443144
v 0.01018946 0.02647580 -0.01525186
v 0.00956108 0.02703748 -0.01583851
v 0.01055841 0.02612071 -0.01487694
v 0.00921519 0.02734737 -0.01620020
v 0.00843116 0.02792842 -0.01684860
v 0.00729548 0.02838680 -0.01721029
v 0.00652875 0.02886455 -0.01778811
v 0.01103113 0.02604970 -0.01498280
v 0.01204575 0.02592703 -0.01533567
v 0.01195928 0.02541055 -0.01459465
v 0.01106572 0.02554612 -0.01434323
f 1 2 6
f 1 6 13
f 1 13 23
f 1 23 43
f 1 43 69
f 1 69 110
f 1 110 156
f 1 156 209
f 1 209 208
f 1 208 270
f 1 270 332
f 1 332 331
f 1 331 396
f 1 396 462
f 1 462 531
f 1 531 611
f 1 611 698
f 1 698 781
f 1 781 885
f 1 885 992
f 1 992 1108
f 1 1108 1107
f 1 1107 1106
f 1 1106 1105
f 1 1105 1204
f 1 1204 1309
f 1 1309 1424
f 1 1424 1530
f 1 1530 1629
f 1 1629 1628
f 1 1628 1751
f 1 1751 1868
f 1 1868 1974
f 1 1974 2089
f 1 2089 2194
f 1 2194 2324
f 1 2324 2453
f 1 2453 2588
f 1 2588 2736
f 1 2736 2903
f 1 2903 3101
f 1 3101 3306
f 1 3306 3308
f 1 3308 3493
f 1 3493 3688
f 1 3688 3897
f 1 3897 3899
f 1 3899 4099
f 1 4099 4312
f 1 4312 4507
f 1 4507 4506
f 1 4506 4709
f 1 4709 4918
f 1 4918 5099
f 1 5099 5098
f 1 5098 5268
f 1 5268 5436
f 1 5436 5616
f 1 5616 5618
f 1 5618 5805
f 1 5805 5990
f 1 5990 5999
f 1 5999 5998
f 1 5998 6182
f 1 6182 6367
f 1 6367 6366
f 1 6366 6365
f 1 6365 6364
f 1 6364 6541
f 1 6541 6711
f 1 6711 6874
f 1 6874 7043
f 1 7043 7211
f 1 7211 7359
f 1 7359 7525
f 1 7525 7679
f 1 7679 7839
f 1 7839 7983
f 1 7983 7986
f 1 7986 7842
f 1 7842 7690
f 1 7690 7689
f 1 7689 7692
f 1 7692 7535
f 1 7535 7534
f 1 7534 7365
f 1 7365 7215
f 1 7215 7046
f 1 7046 6875
f 1 6875 6715
f 1 6715 6714
f 1 6714 6546
f 1 6546 6379
f 1 6379 6378
f 1 6378 6377
f 1 6377 6376
f 1 6376 6374
f 1 6374 6196
f 1 6196 6195
f 1 6195 6194
f 1 6194 6193
f 1 6193 6192
f 1 6192 6012
f 1 6012 5834
f 1 5834 5833
f 1 5833 5822
f 1 5822 5638
f 1 5638 5637
f 1 5637 5633
f 1 5633 5453
f 1 5453 5288
f 1 5288 5285
f 1 5285 5284
f 1 5284 5129
f 1 5129 4950
f 1 4950 4944
f 1 4944 4943
f 1 4943 4738
f 1 4738 4736
f 1 4736 4735
f 1 4735 4534
f 1 4534 4341
f 1 4341 4340
f 1 4340 4138
f 1 4138 4131
f 1 4131 4130
f 1 4130 3935
f 1 3935 3934
f 1 3934 3736
f 1 3736 3538
f 1 3538 3355
f 1 3355 3354
f 1 3354 3164
f 1 3164 3170
f 1 3170 3353
f 1 3353 3162
f 1 3162 3161
f 1 3161 3160
f 1 3160 3159
f 1 3159 3158
f 1 3158 2962
f 1 2962 2795
f 1 2795 2639
f 1 2639 2638
f 1 2638 2500
f 1 2500 2371
f 1 2371 2248
f 1 2248 2130
f 1 2130 2014
f 1 2014 1905
f 1 1905 1904
f 1 1904 1798
f 1 1798 1797
f 1 1797 1796
f 1 1796 1788
f 1 1788 1787
f 1 1787 1786
f 1 1786 1662
f 1 1662 1554
f 1 1554 1453
f 1 1453 1452
f 1 1452 1451
f 1 1451 1450
f 1 1450 1449
f 1 1449 1336
f 1 1336 1335
f 1 1335 1234
f 1 1234 1233
f 1 1233 1133
f 1 1133 1023
f 1 1023 1022
f 1 1022 1021
f 1 1021 1020
f 1 1020 916
f 1 916 915
f 1 915 914
f 1 914 1017
f 1 1017 1016
f 1 1016 910
f 1 910 806
f 1 806 805
f 1 805 804
f 1 804 716
f 1 716 640
f 1 640 639
f 1 639 635
f 1 635 552
f 1 552 550
f 1 550 481
f 1 481 418
f 1 418 417
f 1 417 416
f 1 416 351
f 1 351 289
f 1 289 288
f 1 288 233
f 1 233 232
f 1 232 174
f 1 174 231
f 1 231 226
f 1 226 216
f 1 216 215
f 1 215 157
f 1 157 111
f 1 111 72
f 1 72 70
f 1 70 44
f 1 44 24
f 1 24 14
f 1 14 7
f 1 7 3
f 1 3 4
f 1 4 5
f 1 5 2
f 2 5 6
f 3 7 8
f 3 8 4
f 4 8 9
f 4 9 10
f 4 10 5
f 5 11 6
f 5 10 12
f 5 12 11
f 6 11 13
f 7 14 8
f 8 14 15
f 8 15 16
f 8 16 17
f 8 17 9
f 9 17 18
f 9 18 19
f 9 19 10
f 10 19 20
f 10 20 12
f 11 12 21
f 11 21 13
f 12 20 21
f 13 21 22
f 13 22 23
f 14 24 15
f 15 25 26
f 15 26 16
f 15 24 27
f 15 27 25
f 16 26 28
f 16 28 17
f 17 29 30
f 17 30 31
f 17 31 32
f 17 32 33
f 17 33 18
f 17 28 29
f 18 33 34
f 18 34 35
f 18 35 19
f 19 35 36
f 19 36 20
f 20 36 21
f 21 37 38
f 21 38 22
f 21 36 39
f 21 39 40
f 21 40 37
f 22 38 37
f 22 37 41
f 22 41 42
f 22 42 23
f 23 42 43
f 24 44 27
f 25 27 45
f 25 45 46
f 25 46 47
f 25 47 48
f 25 48 49
f 25 49 50
f 25 50 26
f 26 50 28
f 27 44 45
f 28 50 51
f 28 51 31
f 28 31 30
f 28 30 29
f 31 51 52
f 31 52 53
f 31 53 54
f 31 54 55
f 31 55 32
f 32 56 34
f 32 34 33
f 32 55 57
f 32 57 58
f 32 58 56
f 34 56 59
f 34 59 35
f 35 59 36
f 36 59 39
f 37 40 60
f 37 60 41
f 39 61 60
f 39 60 62
f 39 62 40
f 39 59 63
f 39 63 61
f 40 62 60
f 41 60 64
f 41 64 65
f 41 65 66
f 41 66 67
f 41 67 68
f 41 68 42
f 42 68 43
f 43 68 69
f 44 70 71
f 44 71 45
f 45 71 46
f 46 71 72
f 46 72 73
f 46 73 74
f 46 74 47
f 47 74 75
f 47 75 48
f 48 76 77
f 48 77 78
f 48 78 79
f 48 79 49
f 48 75 80
f 48 80 76
f 49 79 81
f 49 81 82
f 49 82 83
f 49 83 50
f 50 83 51
f 51 83 52
f 52 83 82
f 52 82 81
f 52 81 53
f 53 81 84
f 53 84 123
f 53 123 85
f 53 85 54
f 54 85 86
f 54 86 55
f 55 87 88
f 55 88 89
f 55 89 90
f 55 90 91
f 55 91 57
f 55 86 87
f 56 58 92
f 56 92 59
f 57 91 58
f 58 91 93
f 58 93 94
f 58 94 95
f 58 95 92
f 59 92 96
f 59 96 63
f 60 61 97
f 60 97 98
f 60 98 64
f 61 99 100
f 61 100 97
f 61 63 101
f 61 101 102
f 61 102 103
f 61 103 99
f 63 96 101
f 64 98 65
f 65 104 105
f 65 105 106
f 65 106 66
f 65 98 100
f 65 100 107
f 65 107 104
f 66 105 67
f 66 106 105
f 67 108 68
f 67 105 109
f 67 109 110
f 67 110 108
f 68 108 69
f 69 108 110
f 70 72 71
f 72 111 73
f 73 111 74
f 74 111 112
f 74 112 113
f 74 113 75
f 75 113 80
f 76 114 115
f 76 115 116
f 76 116 77
f 76 80 117
f 76 117 118
f 76 118 114
f 77 116 78
f 78 119 84
f 78 84 81
f 78 81 79
f 78 116 119
f 80 113 120
f 80 120 121
f 80 121 122
f 80 122 117
f 84 119 124
f 84 124 123
f 85 123 125
f 85 125 126
f 85 126 127
f 85 127 86
f 86 127 87
f 87 127 128
f 87 128 129
f 87 129 130
f 87 130 88
f 88 90 89
f 88 130 131
f 88 131 90
f 90 132 133
f 90 133 91
f 90 131 134
f 90 134 132
f 91 133 93
f 92 95 96
f 93 133 94
f 94 133 132
f 94 132 135
f 94 135 96
f 94 96 95
f 96 135 101
f 97 100 98
f 99 136 107
f 99 107 100
f 99 103 137
f 99 137 138
f 99 138 136
f 101 139 102
f 101 135 139
f 102 139 103
f 103 139 140
f 103 140 141
f 103 141 142
f 103 142 143
f 103 143 144
f 103 144 137
f 104 107 145
f 104 145 146
f 104 146 147
f 104 147 148
f 104 148 105
f 105 148 149
f 105 149 150
f 105 150 151
f 105 151 110
f 105 110 152
f 105 152 109
f 107 136 153
f 107 153 154
f 107 154 155
f 107 155 145
f 109 152 110
f 110 151 156
f 111 157 112
f 112 157 158
f 112 158 159
f 112 159 113
f 113 159 120
f 114 160 115
f 114 118 161
f 114 161 162
f 114 162 163
f 114 163 164
f 114 164 160
f 115 160 165
f 115 165 166
f 115 166 116
f 116 166 124
f 116 124 119
f 117 122 167
f 117 167 118
f 118 167 161
f 120 159 168
f 120 168 169
f 120 169 121
f 121 170 171
f 121 171 163
f 121 163 172
f 121 172 122
f 121 169 173
f 121 173 174
f 121 174 175
f 121 175 176
f 121 176 177
f 121 177 178
f 121 178 179
f 121 179 180
f 121 180 170
f 122 172 181
f 122 181 167
f 123 182 183
f 123 183 125
f 123 124 182
f 124 184 185
f 124 185 182
f 124 166 184
f 125 183 186
f 125 186 128
f 125 128 126
f 126 128 127
f 128 186 129
f 129 186 187
f 129 187 188
f 129 188 130
f 130 189 190
f 130 190 131
f 130 188 245
f 130 245 189
f 131 190 193
f 131 193 134
f 132 134 191
f 132 191 135
f 134 192 191
f 134 193 194
f 134 194 192
f 135 191 142
f 135 142 141
f 135 141 139
f 136 138 153
f 137 144 138
f 138 144 195
f 138 195 196
f 138 196 153
f 139 141 140
f 142 197 143
f 142 191 198
f 142 198 261
f 142 261 199
f 142 199 197
f 143 197 200
f 143 200 144
f 144 200 197
f 144 197 201
f 144 201 195
f 145 155 202
f 145 202 203
f 145 203 146
f 146 203 204
f 146 204 205
f 146 205 147
f 147 205 148
f 148 205 206
f 148 206 150
f 148 150 149
f 150 206 207
f 150 207 151
f 151 207 208
f 151 208 209
f 151 209 156
f 153 196 210
f 153 210 211
f 153 211 212
f 153 212 154
f 154 212 213
f 154 213 155
f 155 213 214
f 155 214 202
f 157 215 158
f 158 215 216
f 158 216 159
f 159 216 168
f 160 164 217
f 160 217 218
f 160 218 273
f 160 273 219
f 160 219 220
f 160 220 165
f 161 167 162
f 162 167 163
f 163 167 181
f 163 181 172
f 163 171 170
f 163 170 164
f 164 170 221
f 164 221 222
f 164 222 223
f 164 223 224
f 164 224 218
f 164 218 217
f 165 220 184
f 165 184 166
f 168 216 225
f 168 225 226
f 168 226 227
f 168 227 173
f 168 173 169
f 170 180 228
f 170 228 229
f 170 229 230
f 170 230 221
f 173 227 226
f 173 226 231
f 173 231 174
f 174 232 175
f 175 232 233
f 175 233 234
f 175 234 177
f 175 177 176
f 177 234 235
f 177 235 178
f 178 235 236
f 178 236 237
f 178 237 179
f 179 237 238
f 179 238 228
f 179 228 180
f 182 185 183
f 183 185 239
f 183 239 240
f 183 240 187
f 183 187 186
f 184 241 185
f 184 220 241
f 185 241 242
f 185 242 243
f 185 243 239
f 187 244 245
f 187 245 188
f 187 240 244
f 189 246 247
f 189 247 248
f 189 248 190
f 189 245 304
f 189 304 246
f 190 248 249
f 190 249 193
f 191 192 194
f 191 194 250
f 191 250 198
f 193 249 251
f 193 251 194
f 194 251 252
f 194 252 253
f 194 253 254
f 194 254 250
f 195 255 256
f 195 256 196
f 195 201 257
f 195 257 255
f 196 258 259
f 196 259 210
f 196 256 255
f 196 255 258
f 197 199 260
f 197 260 201
f 198 250 261
f 199 261 323
f 199 323 260
f 201 260 257
f 202 214 204
f 202 204 203
f 204 214 262
f 204 262 263
f 204 263 264
f 204 264 265
f 204 265 266
f 204 266 267
f 204 267 268
f 204 268 205
f 205 269 206
f 205 268 269
f 206 269 268
f 206 268 270
f 206 270 207
f 207 270 208
f 210 259 271
f 210 271 272
f 210 272 211
f 211 272 262
f 211 262 213
f 211 213 212
f 213 262 214
f 216 226 225
f 218 224 274
f 218 274 273
f 219 275 276
f 219 276 277
f 219 277 220
f 219 273 278
f 219 278 275
f 220 277 241
f 221 230 222
f 222 230 229
f 222 229 279
f 222 279 223
f 223 279 280
f 223 280 281
f 223 281 282
f 223 282 283
f 223 283 284
f 223 284 224
f 224 284 285
f 224 285 286
f 224 286 287
f 224 287 274
f 228 279 229
f 228 238 280
f 228 280 279
f 233 288 234
f 234 288 289
f 234 289 290
f 234 290 291
f 234 291 292
f 234 292 293
f 234 293 235
f 235 293 236
f 236 293 292
f 236 292 294
f 236 294 237
f 237 294 295
f 237 295 238
f 238 295 296
f 238 296 280
f 239 243 297
f 239 297 240
f 240 298 299
f 240 299 300
f 240 300 244
f 240 297 298
f 241 277 276
f 241 276 242
f 242 276 301
f 242 301 302
f 242 302 303
f 242 303 297
f 242 297 243
f 244 300 304
f 244 304 245
f 246 304 305
f 246 305 306
f 246 306 307
f 246 307 247
f 247 307 249
f 247 249 248
f 249 307 308
f 249 308 309
f 249 309 310
f 249 310 311
f 249 311 251
f 250 312 313
f 250 313 261
f 250 254 312
f 251 311 252
f 252 311 253
f 253 310 309
f 253 309 314
f 253 314 315
f 253 315 254
f 253 311 310
f 254 315 316
f 254 316 317
f 254 317 312
f 255 257 318
f 255 318 258
f 257 260 319
f 257 319 318
f 258 318 320
f 258 320 321
f 258 321 322
f 258 322 259
f 259 322 271
f 260 323 319
f 261 313 323
f 262 272 324
f 262 324 325
f 262 325 264
f 262 264 263
f 264 325 326
f 264 326 265
f 265 326 327
f 265 327 266
f 266 327 328
f 266 328 329
f 266 329 267
f 267 329 330
f 267 330 268
f 268 330 331
f 268 331 332
f 268 332 270
f 271 333 334
f 271 334 272
f 271 322 333
f 272 334 335
f 272 335 324
f 273 274 278
f 274 287 336
f 274 336 278
f 275 278 337
f 275 337 302
f 275 302 301
f 275 301 276
f 278 336 337
f 280 296 338
f 280 338 339
f 280 339 340
f 280 340 282
f 280 282 281
f 282 340 283
f 283 341 284
f 283 340 342
f 283 342 341
f 284 343 344
f 284 344 345
f 284 345 285
f 284 341 343
f 285 345 286
f 286 345 346
f 286 346 347
f 286 347 348
f 286 348 349
f 286 349 336
f 286 336 287
f 289 350 291
f 289 291 290
f 289 351 350
f 291 350 352
f 291 352 292
f 292 352 353
f 292 353 354
f 292 354 294
f 294 354 355
f 294 355 295
f 295 355 356
f 295 356 296
f 296 356 357
f 296 357 338
f 297 303 358
f 297 358 359
f 297 359 298
f 298 359 360
f 298 360 361
f 298 361 299
f 299 361 300
f 300 361 362
f 300 362 304
f 302 363 303
f 302 337 364
f 302 364 365
f 302 365 363
f 303 363 358
f 304 362 366
f 304 366 367
f 304 367 305
f 305 367 306
f 306 367 368
f 306 368 369
f 306 369 370
f 306 370 371
f 306 371 372
f 306 372 373
f 306 373 308
f 306 308 307
f 308 373 372
f 308 372 374
f 308 374 309
f 309 374 314
f 312 317 313
f 313 317 375
f 313 375 376
f 313 376 377
f 313 377 323
f 314 374 439
f 314 439 378
f 314 378 379
f 314 379 315
f 315 379 380
f 315 380 316
f 316 381 317
f 316 380 381
f 317 381 375
f 318 382 383
f 318 383 320
f 318 319 382
f 319 323 384
f 319 384 382
f 320 385 321
f 320 383 385
f 321 386 333
f 321 333 322
f 321 385 386
f 323 377 387
f 323 387 384
f 324 335 334
f 324 334 388
f 324 388 389
f 324 389 326
f 324 326 325
f 326 389 390
f 326 390 391
f 326 391 392
f 326 392 393
f 326 393 328
f 326 328 327
f 328 393 330
f 328 330 329
f 330 394 395
f 330 395 331
f 330 393 394
f 331 395 396
f 333 397 398
f 333 398 399
f 333 399 334
f 333 386 397
f 334 399 388
f 336 400 337
f 336 349 400
f 337 400 364
f 338 357 401
f 338 401 339
f 339 402 340
f 339 401 402
f 340 402 401
f 340 401 403
f 340 403 404
f 340 404 405
f 340 405 342
f 341 406 344
f 341 344 343
f 341 342 406
f 342 405 407
f 342 407 408
f 342 408 406
f 344 406 409
f 344 409 410
f 344 410 346
f 344 346 345
f 346 410 411
f 346 411 347
f 347 411 412
f 347 412 413
f 347 413 400
f 347 400 348
f 348 400 349
f 350 351 352
f 351 414 415
f 351 415 352
f 351 416 414
f 352 415 417
f 352 417 353
f 353 417 418
f 353 418 419
f 353 419 354
f 354 419 420
f 354 420 355
f 355 420 421
f 355 421 356
f 356 421 422
f 356 422 423
f 356 423 357
f 357 423 401
f 358 424 425
f 358 425 359
f 358 363 433
f 358 433 424
f 359 425 427
f 359 427 426
f 359 426 360
f 360 426 361
f 361 426 427
f 361 427 428
f 361 428 362
f 362 429 435
f 362 435 366
f 362 428 430
f 362 430 429
f 363 365 431
f 363 431 432
f 363 432 433
f 364 400 434
f 364 434 432
f 364 432 431
f 364 431 365
f 366 435 368
f 366 368 367
f 368 435 436
f 368 436 369
f 369 437 371
f 369 371 370
f 369 436 437
f 371 438 439
f 371 439 374
f 371 374 372
f 371 437 438
f 375 440 441
f 375 441 376
f 375 381 440
f 376 441 508
f 376 508 442
f 376 442 377
f 377 442 387
f 378 439 443
f 378 443 444
f 378 444 379
f 379 444 445
f 379 445 380
f 380 445 446
f 380 446 447
f 380 447 381
f 381 447 441
f 381 441 440
f 382 448 383
f 382 384 449
f 382 449 448
f 383 448 385
f 384 387 450
f 384 450 449
f 385 448 451
f 385 451 452
f 385 452 453
f 385 453 454
f 385 454 386
f 386 454 397
f 387 455 450
f 387 442 455
f 388 456 389
f 388 399 456
f 389 456 457
f 389 457 390
f 390 458 459
f 390 459 460
f 390 460 391
f 390 457 458
f 391 460 392
f 392 460 393
f 393 460 461
f 393 461 462
f 393 462 396
f 393 396 394
f 394 396 395
f 397 454 463
f 397 463 464
f 397 464 465
f 397 465 398
f 398 465 456
f 398 456 399
f 400 466 434
f 400 413 466
f 401 423 404
f 401 404 403
f 404 423 467
f 404 467 468
f 404 468 405
f 405 468 469
f 405 469 470
f 405 470 407
f 406 408 471
f 406 471 409
f 407 472 408
f 407 470 472
f 408 472 471
f 409 473 410
f 409 471 474
f 409 474 473
f 410 475 411
f 410 473 475
f 411 476 412
f 411 475 476
f 412 476 477
f 412 477 478
f 412 478 479
f 412 479 413
f 413 480 501
f 413 501 466
f 413 479 480
f 414 416 415
f 415 416 417
f 418 481 482
f 418 482 483
f 418 483 484
f 418 484 419
f 419 484 485
f 419 485 420
f 420 485 421
f 421 485 422
f 422 485 486
f 422 486 487
f 422 487 488
f 422 488 423
f 423 488 489
f 423 489 490
f 423 490 491
f 423 491 492
f 423 492 467
f 424 433 500
f 424 500 493
f 424 493 494
f 424 494 425
f 425 494 427
f 427 430 428
f 427 494 430
f 429 495 436
f 429 436 435
f 429 430 497
f 429 497 495
f 430 494 496
f 430 496 497
f 432 498 433
f 432 434 499
f 432 499 498
f 433 498 500
f 434 466 501
f 434 501 499
f 436 495 502
f 436 502 503
f 436 503 504
f 436 504 437
f 437 504 505
f 437 505 438
f 438 506 507
f 438 507 439
f 438 505 506
f 439 507 510
f 439 510 443
f 441 447 508
f 442 508 509
f 442 509 455
f 443 510 444
f 444 511 512
f 444 512 513
f 444 513 445
f 444 510 514
f 444 514 511
f 445 513 515
f 445 515 446
f 446 515 516
f 446 516 517
f 446 517 447
f 447 517 518
f 447 518 508
f 448 449 450
f 448 450 519
f 448 519 520
f 448 520 451
f 450 455 519
f 451 520 452
f 452 520 521
f 452 521 522
f 452 522 453
f 453 523 454
f 453 522 523
f 454 523 524
f 454 524 463
f 455 509 525
f 455 525 519
f 456 465 526
f 456 526 458
f 456 458 457
f 458 527 459
f 458 526 527
f 459 527 528
f 459 528 529
f 459 529 460
f 460 529 530
f 460 530 531
f 460 531 461
f 461 531 462
f 463 524 464
f 464 524 532
f 464 532 533
f 464 533 465
f 465 533 526
f 467 492 534
f 467 534 468
f 468 534 469
f 469 534 535
f 469 535 470
f 470 535 536
f 470 536 537
f 470 537 472
f 471 472 474
f 472 537 538
f 472 538 539
f 472 539 540
f 472 540 474
f 473 474 541
f 473 541 542
f 473 542 475
f 474 540 541
f 475 543 476
f 475 542 543
f 476 543 544
f 476 544 477
f 477 545 546
f 477 546 547
f 477 547 478
f 477 544 545
f 478 547 548
f 478 548 549
f 478 549 499
f 478 499 501
f 478 501 480
f 478 480 479
f 481 550 482
f 482 550 483
f 483 485 484
f 483 550 485
f 485 551 486
f 485 550 552
f 485 552 553
f 485 553 554
f 485 554 555
f 485 555 556
f 485 556 557
f 485 557 551
f 486 551 558
f 486 558 487
f 487 558 488
f 488 558 489
f 489 558 490
f 490 558 559
f 490 559 560
f 490 560 561
f 490 561 562
f 490 562 563
f 490 563 534
f 490 534 492
f 490 492 491
f 493 500 564
f 493 564 565
f 493 565 494
f 494 566 496
f 494 565 566
f 495 497 567
f 495 567 572
f 495 572 502
f 496 568 497
f 496 566 568
f 497 568 569
f 497 569 567
f 498 570 564
f 498 564 500
f 498 499 570
f 499 549 570
f 502 571 503
f 502 572 659
f 502 659 571
f 503 571 573
f 503 573 574
f 503 574 575
f 503 575 576
f 503 576 505
f 503 505 504
f 505 576 506
f 506 577 574
f 506 574 578
f 506 578 579
f 506 579 580
f 506 580 507
f 506 576 577
f 507 580 510
f 508 518 581
f 508 581 582
f 508 582 509
f 509 582 583
f 509 583 525
f 510 580 584
f 510 584 585
f 510 585 514
f 511 514 585
f 511 585 672
f 511 672 586
f 511 586 587
f 511 587 588
f 511 588 589
f 511 589 590
f 511 590 515
f 511 515 512
f 512 515 513
f 515 590 591
f 515 591 592
f 515 592 516
f 516 592 593
f 516 593 517
f 517 593 518
f 518 593 581
f 519 525 594
f 519 594 520
f 520 594 521
f 521 594 595
f 521 595 596
f 521 596 597
f 521 597 598
f 521 598 599
f 521 599 522
f 522 599 600
f 522 600 523
f 523 600 601
f 523 601 524
f 524 602 532
f 524 601 686
f 524 686 602
f 525 583 594
f 526 533 603
f 526 603 604
f 526 604 605
f 526 605 606
f 526 606 527
f 527 606 605
f 527 605 607
f 527 607 608
f 527 608 528
f 528 608 609
f 528 609 529
f 529 609 530
f 530 609 610
f 530 610 611
f 530 611 531
f 532 602 533
f 533 602 612
f 533 612 603
f 534 563 613
f 534 613 614
f 534 614 535
f 535 614 615
f 535 615 536
f 536 616 539
f 536 539 538
f 536 538 537
f 536 615 617
f 536 617 618
f 536 618 616
f 539 616 619
f 539 619 620
f 539 620 621
f 539 621 540
f 540 621 622
f 540 622 541
f 541 623 624
f 541 624 542
f 541 622 623
f 542 624 543
f 543 625 544
f 543 624 626
f 543 626 625
f 544 625 627
f 544 627 628
f 544 628 545
f 545 629 546
f 545 628 629
f 546 629 630
f 546 630 631
f 546 631 632
f 546 632 547
f 547 632 633
f 547 633 548
f 548 633 549
f 549 633 634
f 549 634 570
f 551 557 556
f 551 556 558
f 552 635 636
f 552 636 553
f 553 636 556
f 553 556 554
f 554 556 555
f 556 637 560
f 556 560 638
f 556 638 558
f 556 636 639
f 556 639 640
f 556 640 641
f 556 641 642
f 556 642 643
f 556 643 644
f 556 644 645
f 556 645 637
f 558 638 646
f 558 646 559
f 559 646 560
f 560 646 638
f 560 637 647
f 560 647 648
f 560 648 649
f 560 649 561
f 561 649 650
f 561 650 651
f 561 651 562
f 562 652 563
f 562 651 652
f 563 652 613
f 564 570 565
f 565 570 653
f 565 653 654
f 565 654 655
f 565 655 566
f 566 655 656
f 566 656 568
f 567 569 572
f 568 656 569
f 569 657 572
f 569 656 657
f 570 634 658
f 570 658 653
f 571 659 660
f 571 660 661
f 571 661 573
f 572 657 659
f 573 661 662
f 573 662 574
f 574 663 578
f 574 577 575
f 574 662 663
f 575 577 576
f 578 664 665
f 578 665 579
f 578 663 664
f 579 584 580
f 579 665 743
f 579 743 666
f 579 666 671
f 579 671 584
f 581 593 667
f 581 667 668
f 581 668 582
f 582 668 669
f 582 669 583
f 583 669 670
f 583 670 595
f 583 595 594
f 584 671 672
f 584 672 585
f 586 672 673
f 586 673 587
f 587 673 674
f 587 674 675
f 587 675 588
f 588 675 676
f 588 676 677
f 588 677 589
f 589 677 591
f 589 591 590
f 591 677 678
f 591 678 592
f 592 678 593
f 593 678 667
f 595 670 679
f 595 679 596
f 596 679 680
f 596 680 597
f 597 680 681
f 597 681 682
f 597 682 683
f 597 683 599
f 597 599 598
f 599 683 600
f 600 683 601
f 601 683 682
f 601 682 684
f 601 684 685
f 601 685 686
f 602 686 687
f 602 687 688
f 602 688 689
f 602 689 690
f 602 690 612
f 603 612 690
f 603 690 604
f 604 689 691
f 604 691 692
f 604 692 605
f 604 690 689
f 605 692 693
f 605 693 694
f 605 694 607
f 607 694 608
f 608 694 695
f 608 695 696
f 608 696 609
f 609 696 697
f 609 697 611
f 609 611 610
f 611 697 698
f 613 652 614
f 614 652 699
f 614 699 615
f 615 699 700
f 615 700 617
f 616 618 619
f 617 700 618
f 618 701 620
f 618 620 619
f 618 700 701
f 620 701 785
f 620 785 702
f 620 702 621
f 621 703 704
f 621 704 622
f 621 702 703
f 622 704 623
f 623 705 626
f 623 626 624
f 623 704 705
f 625 626 627
f 626 705 706
f 626 706 627
f 627 706 793
f 627 793 707
f 627 707 708
f 627 708 628
f 628 708 629
f 629 708 709
f 629 709 710
f 629 710 711
f 629 711 712
f 629 712 630
f 630 712 631
f 631 712 713
f 631 713 658
f 631 658 714
f 631 714 632
f 632 714 633
f 633 714 658
f 633 658 634
f 635 639 636
f 637 645 647
f 640 715 641
f 640 716 715
f 641 715 717
f 641 717 718
f 641 718 642
f 642 718 643
f 643 647 645
f 643 645 644
f 643 718 719
f 643 719 720
f 643 720 647
f 647 720 721
f 647 721 722
f 647 722 723
f 647 723 648
f 648 723 649
f 649 723 650
f 650 723 724
f 650 724 725
f 650 725 726
f 650 726 727
f 650 727 651
f 651 727 728
f 651 728 652
f 652 728 699
f 653 658 729
f 653 729 654
f 654 729 655
f 655 729 730
f 655 730 731
f 655 731 656
f 656 731 732
f 656 732 657
f 657 732 733
f 657 733 734
f 657 734 735
f 657 735 660
f 657 660 659
f 658 713 729
f 660 736 738
f 660 738 661
f 660 735 737
f 660 737 736
f 661 738 739
f 661 739 662
f 662 739 663
f 663 740 741
f 663 741 664
f 663 739 742
f 663 742 740
f 664 741 665
f 665 741 743
f 666 744 671
f 666 743 834
f 666 834 744
f 667 745 836
f 667 836 746
f 667 746 747
f 667 747 748
f 667 748 668
f 667 678 745
f 668 670 669
f 668 748 747
f 668 747 749
f 668 749 750
f 668 750 751
f 668 751 752
f 668 752 753
f 668 753 680
f 668 680 754
f 668 754 670
f 670 754 679
f 671 744 835
f 671 835 755
f 671 755 846
f 671 846 756
f 671 756 672
f 672 756 673
f 673 756 757
f 673 757 674
f 674 757 758
f 674 758 759
f 674 759 675
f 675 759 760
f 675 760 676
f 676 760 761
f 676 761 745
f 676 745 678
f 676 678 677
f 679 754 680
f 680 753 762
f 680 762 763
f 680 763 764
f 680 764 765
f 680 765 681
f 681 765 766
f 681 766 682
f 682 766 684
f 684 766 767
f 684 767 768
f 684 768 685
f 685 768 769
f 685 769 770
f 685 770 686
f 686 770 771
f 686 771 687
f 687 771 688
f 688 771 772
f 688 772 773
f 688 773 689
f 689 773 774
f 689 774 691
f 691 774 692
f 692 774 775
f 692 775 776
f 692 776 693
f 693 775 777
f 693 777 778
f 693 778 695
f 693 695 694
f 693 776 775
f 695 697 696
f 695 778 779
f 695 779 780
f 695 780 781
f 695 781 698
f 695 698 697
f 699 728 782
f 699 782 700
f 700 783 701
f 700 782 784
f 700 784 783
f 701 783 786
f 701 786 785
f 702 785 787
f 702 787 788
f 702 788 703
f 703 788 704
f 704 788 789
f 704 789 790
f 704 790 705
f 705 790 791
f 705 791 706
f 706 791 792
f 706 792 793
f 707 794 709
f 707 709 708
f 707 793 795
f 707 795 796
f 707 796 794
f 709 794 797
f 709 797 798
f 709 798 799
f 709 799 710
f 710 799 711
f 711 799 800
f 711 800 801
f 711 801 802
f 711 802 712
f 712 802 713
f 713 802 803
f 713 803 729
f 715 716 804
f 715 804 717
f 717 804 805
f 717 805 806
f 717 806 807
f 717 807 808
f 717 808 718
f 718 808 719
f 719 808 809
f 719 809 810
f 719 810 720
f 720 810 811
f 720 811 812
f 720 812 721
f 721 812 722
f 722 812 813
f 722 813 723
f 723 813 814
f 723 814 724
f 724 814 815
f 724 815 725
f 725 815 816
f 725 816 817
f 725 817 727
f 725 727 726
f 727 818 728
f 727 817 818
f 728 818 782
f 729 803 819
f 729 819 820
f 729 820 731
f 729 731 730
f 731 820 821
f 731 821 822
f 731 822 732
f 732 822 733
f 733 822 824
f 733 824 734
f 734 823 737
f 734 737 735
f 734 824 928
f 734 928 823
f 736 737 827
f 736 827 825
f 736 825 738
f 737 823 826
f 737 826 827
f 738 825 828
f 738 828 742
f 738 742 739
f 740 829 741
f 740 742 829
f 741 829 830
f 741 830 831
f 741 831 743
f 742 828 832
f 742 832 833
f 742 833 829
f 743 831 834
f 744 834 835
f 745 761 836
f 746 836 837
f 746 837 838
f 746 838 747
f 747 838 749
f 749 839 840
f 749 840 750
f 749 838 837
f 749 837 841
f 749 841 839
f 750 840 842
f 750 842 843
f 750 843 762
f 750 762 751
f 751 762 753
f 751 753 752
f 755 835 844
f 755 844 845
f 755 845 846
f 756 846 757
f 757 846 845
f 757 845 847
f 757 847 848
f 757 848 758
f 758 848 849
f 758 849 850
f 758 850 851
f 758 851 759
f 759 851 959
f 759 959 852
f 759 852 853
f 759 853 760
f 760 853 761
f 761 853 854
f 761 854 841
f 761 841 836
f 762 843 855
f 762 855 763
f 763 855 856
f 763 856 764
f 764 857 858
f 764 858 859
f 764 859 765
f 764 856 857
f 765 859 860
f 765 860 861
f 765 861 862
f 765 862 766
f 766 862 769
f 766 769 767
f 767 769 768
f 769 863 864
f 769 864 770
f 769 862 863
f 770 864 771
f 771 864 865
f 771 865 866
f 771 866 772
f 772 867 868
f 772 868 869
f 772 869 773
f 772 866 870
f 772 870 871
f 772 871 872
f 772 872 873
f 772 873 874
f 772 874 875
f 772 875 867
f 773 869 774
f 774 876 877
f 774 877 878
f 774 878 775
f 774 869 876
f 775 878 777
f 777 878 879
f 777 879 880
f 777 880 778
f 778 880 881
f 778 881 779
f 779 881 882
f 779 882 883
f 779 883 780
f 780 883 884
f 780 884 781
f 781 884 885
f 782 818 886
f 782 886 784
f 783 784 786
f 784 886 887
f 784 887 786
f 785 888 892
f 785 892 787
f 785 786 889
f 785 889 888
f 786 887 890
f 786 890 891
f 786 891 889
f 787 892 789
f 787 789 788
f 789 893 895
f 789 895 790
f 789 892 894
f 789 894 893
f 790 895 791
f 791 895 792
f 792 895 896
f 792 896 795
f 792 795 793
f 794 796 797
f 795 896 796
f 796 896 897
f 796 897 898
f 796 898 797
f 797 898 899
f 797 899 1007
f 797 1007 900
f 797 900 798
f 798 900 901
f 798 901 799
f 799 901 902
f 799 902 800
f 800 903 904
f 800 904 905
f 800 905 906
f 800 906 801
f 800 902 907
f 800 907 908
f 800 908 903
f 801 906 909
f 801 909 802
f 802 909 803
f 803 909 819
f 806 910 807
f 807 911 808
f 807 910 911
f 808 911 809
f 809 911 810
f 810 912 913
f 810 913 813
f 810 813 812
f 810 812 811
f 810 911 914
f 810 914 915
f 810 915 916
f 810 916 917
f 810 917 918
f 810 918 919
f 810 919 912
f 813 913 920
f 813 920 814
f 814 920 921
f 814 921 815
f 815 921 922
f 815 922 923
f 815 923 816
f 816 923 817
f 817 923 924
f 817 924 818
f 818 924 886
f 819 925 820
f 819 909 906
f 819 906 925
f 820 925 926
f 820 926 927
f 820 927 821
f 821 927 824
f 821 824 822
f 823 928 826
f 824 927 928
f 825 827 933
f 825 933 929
f 825 929 832
f 825 832 828
f 826 928 930
f 826 930 931
f 826 931 932
f 826 932 827
f 827 932 933
f 829 833 830
f 830 833 831
f 831 833 934
f 831 934 935
f 831 935 834
f 832 936 833
f 832 929 1035
f 832 1035 936
f 833 936 934
f 834 935 835
f 835 937 938
f 835 938 939
f 835 939 940
f 835 940 844
f 835 935 937
f 836 841 837
f 839 941 942
f 839 942 840
f 839 841 941
f 840 942 943
f 840 943 944
f 840 944 842
f 841 854 945
f 841 945 946
f 841 946 947
f 841 947 941
f 842 944 948
f 842 948 949
f 842 949 855
f 842 855 843
f 844 940 950
f 844 950 951
f 844 951 845
f 845 951 952
f 845 952 953
f 845 953 848
f 845 848 847
f 848 953 954
f 848 954 849
f 849 954 955
f 849 955 956
f 849 956 850
f 850 956 957
f 850 957 958
f 850 958 959
f 850 959 851
f 852 959 960
f 852 960 853
f 853 960 961
f 853 961 945
f 853 945 854
f 855 949 962
f 855 962 856
f 856 962 963
f 856 963 857
f 857 963 964
f 857 964 858
f 858 964 965
f 858 965 966
f 858 966 859
f 859 966 860
f 860 967 968
f 860 968 861
f 860 966 969
f 860 969 970
f 860 970 971
f 860 971 967
f 861 968 862
f 862 968 863
f 863 968 972
f 863 972 864
f 864 972 865
f 865 870 866
f 865 972 870
f 867 875 868
f 868 973 877
f 868 877 876
f 868 876 869
f 868 875 973
f 870 974 871
f 870 972 974
f 871 974 872
f 872 975 976
f 872 976 977
f 872 977 978
f 872 978 979
f 872 979 873
f 872 974 975
f 873 979 874
f 874 979 980
f 874 980 981
f 874 981 875
f 875 982 877
f 875 877 973
f 875 981 983
f 875 983 984
f 875 984 982
f 877 982 985
f 877 985 986
f 877 986 879
f 877 879 878
f 879 986 987
f 879 987 880
f 880 987 988
f 880 988 882
f 880 882 881
f 882 988 883
f 883 988 989
f 883 989 884
f 884 989 988
f 884 988 990
f 884 990 991
f 884 991 885
f 885 991 992
f 886 993 994
f 886 994 890
f 886 890 887
f 886 924 995
f 886 995 993
f 888 889 996
f 888 996 997
f 888 997 998
f 888 998 894
f 888 894 892
f 889 891 1000
f 889 1000 996
f 890 994 993
f 890 993 891
f 891 993 999
f 891 999 1000
f 893 1001 1003
f 893 1003 895
f 893 894 1002
f 893 1002 1001
f 894 998 1002
f 895 1003 896
f 896 1003 1004
f 896 1004 897
f 897 1004 1005
f 897 1005 898
f 898 1005 899
f 899 1005 1006
f 899 1006 1007
f 900 1008 1009
f 900 1009 901
f 900 1007 1122
f 900 1122 1008
f 901 1009 1010
f 901 1010 907
f 901 907 902
f 903 908 1011
f 903 1011 1012
f 903 1012 1127
f 903 1127 1013
f 903 1013 904
f 904 1014 905
f 904 1013 1015
f 904 1015 926
f 904 926 1014
f 905 1014 906
f 906 1014 926
f 906 926 925
f 907 1010 1011
f 907 1011 908
f 910 1016 911
f 911 1016 1017
f 911 1017 914
f 912 1018 921
f 912 921 913
f 912 919 1019
f 912 1019 1018
f 913 921 920
f 916 1020 917
f 917 1020 918
f 918 1020 1021
f 918 1021 1022
f 918 1022 1023
f 918 1023 1024
f 918 1024 1019
f 918 1019 919
f 921 1018 1025
f 921 1025 1026
f 921 1026 922
f 922 1026 1027
f 922 1027 1028
f 922 1028 1029
f 922 1029 1030
f 922 1030 923
f 923 1030 1031
f 923 1031 1032
f 923 1032 924
f 924 1032 995
f 926 1015 1033
f 926 1033 931
f 926 931 1034
f 926 1034 927
f 927 1034 928
f 928 1034 930
f 929 933 1035
f 930 1034 931
f 931 1033 1036
f 931 1036 1037
f 931 1037 932
f 932 1038 933
f 932 1037 1038
f 933 1039 1035
f 933 1038 1039
f 934 1040 935
f 934 936 1046
f 934 1046 1040
f 935 1040 1041
f 935 1041 1042
f 935 1042 1043
f 935 1043 1044
f 935 1044 1045
f 935 1045 937
f 936 1035 1145
f 936 1145 1046
f 937 1045 1043
f 937 1043 1047
f 937 1047 938
f 938 1047 939
f 939 1048 940
f 939 1047 1048
f 940 1049 1050
f 940 1050 950
f 940 1048 1047
f 940 1047 1051
f 940 1051 1052
f 940 1052 1053
f 940 1053 1054
f 940 1054 1055
f 940 1055 1056
f 940 1056 1049
f 941 947 942
f 942 947 1057
f 942 1057 943
f 943 1058 1059
f 943 1059 1060
f 943 1060 944
f 943 1057 1058
f 944 1060 948
f 945 961 946
f 946 961 960
f 946 960 1061
f 946 1061 947
f 947 1061 1057
f 948 1060 1062
f 948 1062 949
f 949 1062 1063
f 949 1063 962
f 950 1050 951
f 951 1049 1056
f 951 1056 1055
f 951 1055 1064
f 951 1064 1065
f 951 1065 1066
f 951 1066 954
f 951 954 1067
f 951 1067 952
f 951 1050 1049
f 952 1067 1068
f 952 1068 953
f 953 1068 954
f 954 1065 1064
f 954 1064 1069
f 954 1069 1070
f 954 1070 955
f 954 1068 1067
f 954 1066 1065
f 955 1070 1071
f 955 1071 956
f 956 1071 1072
f 956 1072 957
f 957 1072 1073
f 957 1073 1074
f 957 1074 958
f 958 1074 960
f 958 960 959
f 960 1074 1075
f 960 1075 1061
f 962 1063 1076
f 962 1076 963
f 963 1076 964
f 964 1077 1186
f 964 1186 1078
f 964 1078 965
f 964 1076 1077
f 965 1078 1079
f 965 1079 1080
f 965 1080 966
f 966 1080 969
f 967 971 972
f 967 972 968
f 969 1080 1081
f 969 1081 970
f 970 1082 971
f 970 1081 1189
f 970 1189 1083
f 970 1083 1084
f 970 1084 1085
f 970 1085 1082
f 971 1082 972
f 972 1082 1085
f 972 1085 974
f 974 1085 975
f 975 1085 976
f 976 1085 1086
f 976 1086 977
f 977 1087 979
f 977 979 978
f 977 1086 1088
f 977 1088 1087
f 979 1087 980
f 980 1087 1089
f 980 1089 981
f 981 1089 1090
f 981 1090 983
f 982 984 985
f 983 1090 1091
f 983 1091 1092
f 983 1092 1093
f 983 1093 1094
f 983 1094 984
f 984 1094 1095
f 984 1095 1096
f 984 1096 1097
f 984 1097 1098
f 984 1098 986
f 984 986 985
f 986 1098 988
f 986 988 987
f 988 1098 1099
f 988 1099 991
f 988 991 1100
f 988 1100 990
f 990 1100 991
f 991 1099 1101
f 991 1101 1102
f 991 1102 1103
f 991 1103 1104
f 991 1104 1105
f 991 1105 1106
f 991 1106 1107
f 991 1107 1108
f 991 1108 992
f 993 995 1109
f 993 1109 1110
f 993 1110 1111
f 993 1111 999
f 995 1032 1112
f 995 1112 1109
f 996 1000 997
f 997 1113 998
f 997 1000 1116
f 997 1116 1113
f 998 1114 1002
f 998 1113 1209
f 998 1209 1114
f 999 1115 1000
f 999 1111 1115
f 1000 1115 1116
f 1001 1117 1118
f 1001 1118 1004
f 1001 1004 1003
f 1001 1002 1117
f 1002 1114 1117
f 1004 1119 1006
f 1004 1006 1005
f 1004 1118 1119
f 1006 1119 1120
f 1006 1120 1121
f 1006 1121 1122
f 1006 1122 1007
f 1008 1123 1124
f 1008 1124 1009
f 1008 1122 1123
f 1009 1124 1010
f 1010 1125 1126
f 1010 1126 1011
f 1010 1124 1125
f 1011 1126 1128
f 1011 1128 1012
f 1012 1128 1231
f 1012 1231 1127
f 1013 1127 1129
f 1013 1129 1015
f 1015 1130 1033
f 1015 1129 1130
f 1018 1019 1131
f 1018 1131 1025
f 1019 1024 1132
f 1019 1132 1131
f 1023 1133 1024
f 1024 1133 1134
f 1024 1134 1131
f 1024 1131 1132
f 1025 1131 1026
f 1026 1131 1135
f 1026 1135 1027
f 1027 1135 1136
f 1027 1136 1028
f 1028 1137 1030
f 1028 1030 1029
f 1028 1136 1138
f 1028 1138 1139
f 1028 1139 1137
f 1030 1137 1140
f 1030 1140 1031
f 1031 1141 1032
f 1031 1140 1142
f 1031 1142 1141
f 1032 1141 1143
f 1032 1143 1112
f 1033 1130 1129
f 1033 1129 1036
f 1035 1039 1144
f 1035 1144 1145
f 1036 1146 1147
f 1036 1147 1148
f 1036 1148 1037
f 1036 1129 1146
f 1037 1148 1149
f 1037 1149 1150
f 1037 1150 1038
f 1038 1150 1149
f 1038 1149 1039
f 1039 1149 1144
f 1040 1046 1151
f 1040 1151 1041
f 1041 1151 1042
f 1042 1152 1153
f 1042 1153 1043
f 1042 1151 1257
f 1042 1257 1152
f 1043 1045 1044
f 1043 1153 1051
f 1043 1051 1047
f 1046 1145 1154
f 1046 1154 1155
f 1046 1155 1151
f 1051 1153 1156
f 1051 1156 1157
f 1051 1157 1052
f 1052 1158 1053
f 1052 1157 1159
f 1052 1159 1158
f 1053 1158 1159
f 1053 1159 1160
f 1053 1160 1161
f 1053 1161 1162
f 1053 1162 1054
f 1054 1162 1064
f 1054 1064 1055
f 1057 1061 1163
f 1057 1163 1058
f 1058 1164 1165
f 1058 1165 1166
f 1058 1166 1059
f 1058 1163 1167
f 1058 1167 1164
f 1059 1166 1168
f 1059 1168 1169
f 1059 1169 1060
f 1060 1169 1062
f 1061 1075 1163
f 1062 1169 1170
f 1062 1170 1171
f 1062 1171 1076
f 1062 1076 1063
f 1064 1172 1069
f 1064 1162 1173
f 1064 1173 1275
f 1064 1275 1174
f 1064 1174 1172
f 1069 1172 1175
f 1069 1175 1070
f 1070 1175 1176
f 1070 1176 1071
f 1071 1176 1072
f 1072 1176 1177
f 1072 1177 1178
f 1072 1178 1179
f 1072 1179 1073
f 1073 1179 1180
f 1073 1180 1181
f 1073 1181 1182
f 1073 1182 1075
f 1073 1075 1074
f 1075 1182 1183
f 1075 1183 1167
f 1075 1167 1163
f 1076 1171 1077
f 1077 1184 1185
f 1077 1185 1186
f 1077 1171 1170
f 1077 1170 1184
f 1078 1186 1187
f 1078 1187 1079
f 1079 1187 1188
f 1079 1188 1080
f 1080 1188 1189
f 1080 1189 1081
f 1083 1189 1190
f 1083 1190 1191
f 1083 1191 1084
f 1084 1191 1192
f 1084 1192 1193
f 1084 1193 1194
f 1084 1194 1085
f 1085 1194 1086
f 1086 1193 1195
f 1086 1195 1196
f 1086 1196 1197
f 1086 1197 1088
f 1086 1194 1193
f 1087 1088 1089
f 1088 1197 1091
f 1088 1091 1089
f 1089 1091 1090
f 1091 1197 1198
f 1091 1198 1199
f 1091 1199 1092
f 1092 1199 1093
f 1093 1199 1094
f 1094 1199 1200
f 1094 1200 1201
f 1094 1201 1095
f 1095 1102 1101
f 1095 1101 1099
f 1095 1099 1096
f 1095 1201 1202
f 1095 1202 1203
f 1095 1203 1102
f 1096 1099 1097
f 1097 1099 1098
f 1102 1203 1103
f 1103 1203 1104
f 1104 1203 1105
f 1105 1203 1204
f 1109 1112 1205
f 1109 1205 1110
f 1110 1205 1111
f 1111 1206 1115
f 1111 1205 1207
f 1111 1207 1206
f 1112 1143 1208
f 1112 1208 1205
f 1113 1116 1209
f 1114 1209 1210
f 1114 1210 1211
f 1114 1211 1212
f 1114 1212 1213
f 1114 1213 1214
f 1114 1214 1117
f 1115 1206 1215
f 1115 1215 1216
f 1115 1216 1116
f 1116 1217 1210
f 1116 1210 1209
f 1116 1216 1218
f 1116 1218 1318
f 1116 1318 1217
f 1117 1214 1118
f 1118 1214 1219
f 1118 1219 1220
f 1118 1220 1119
f 1119 1220 1120
f 1120 1221 1121
f 1120 1220 1222
f 1120 1222 1221
f 1121 1221 1223
f 1121 1223 1122
f 1122 1223 1224
f 1122 1224 1123
f 1123 1225 1226
f 1123 1226 1227
f 1123 1227 1124
f 1123 1224 1225
f 1124 1227 1228
f 1124 1228 1125
f 1125 1228 1229
f 1125 1229 1230
f 1125 1230 1126
f 1126 1230 1128
f 1127 1231 1129
f 1128 1230 1231
f 1129 1231 1146
f 1131 1134 1232
f 1131 1232 1135
f 1133 1233 1134
f 1134 1233 1234
f 1134 1234 1235
f 1134 1235 1236
f 1134 1236 1232
f 1135 1232 1237
f 1135 1237 1238
f 1135 1238 1239
f 1135 1239 1136
f 1136 1239 1138
f 1137 1139 1140
f 1138 1239 1240
f 1138 1240 1139
f 1139 1240 1241
f 1139 1241 1242
f 1139 1242 1243
f 1139 1243 1244
f 1139 1244 1245
f 1139 1245 1140
f 1140 1245 1244
f 1140 1244 1142
f 1141 1142 1143
f 1142 1244 1246
f 1142 1246 1143
f 1143 1247 1205
f 1143 1205 1208
f 1143 1246 1247
f 1144 1154 1145
f 1144 1149 1248
f 1144 1248 1249
f 1144 1249 1250
f 1144 1250 1154
f 1146 1251 1252
f 1146 1252 1253
f 1146 1253 1147
f 1146 1231 1229
f 1146 1229 1251
f 1147 1253 1254
f 1147 1254 1148
f 1148 1254 1149
f 1149 1254 1255
f 1149 1255 1248
f 1151 1155 1256
f 1151 1256 1257
f 1152 1257 1258
f 1152 1258 1259
f 1152 1259 1153
f 1153 1259 1156
f 1154 1250 1155
f 1155 1250 1256
f 1156 1259 1260
f 1156 1260 1159
f 1156 1159 1157
f 1159 1260 1261
f 1159 1261 1160
f 1160 1261 1262
f 1160 1262 1263
f 1160 1263 1161
f 1161 1263 1264
f 1161 1264 1265
f 1161 1265 1266
f 1161 1266 1162
f 1162 1266 1267
f 1162 1267 1173
f 1164 1268 1165
f 1164 1167 1268
f 1165 1268 1269
f 1165 1269 1270
f 1165 1270 1271
f 1165 1271 1166
f 1166 1271 1168
f 1167 1183 1268
f 1168 1271 1272
f 1168 1272 1170
f 1168 1170 1169
f 1170 1272 1273
f 1170 1273 1274
f 1170 1274 1184
f 1172 1174 1276
f 1172 1276 1175
f 1173 1267 1275
f 1174 1275 1391
f 1174 1391 1276
f 1175 1276 1176
f 1176 1276 1277
f 1176 1277 1177
f 1177 1278 1279
f 1177 1279 1178
f 1177 1277 1278
f 1178 1279 1280
f 1178 1280 1179
f 1179 1280 1180
f 1180 1280 1181
f 1181 1280 1281
f 1181 1281 1183
f 1181 1183 1182
f 1183 1281 1268
f 1184 1274 1282
f 1184 1282 1185
f 1185 1282 1404
f 1185 1404 1283
f 1185 1283 1186
f 1186 1283 1187
f 1187 1283 1284
f 1187 1284 1285
f 1187 1285 1188
f 1188 1285 1286
f 1188 1286 1189
f 1189 1286 1287
f 1189 1287 1288
f 1189 1288 1190
f 1190 1288 1289
f 1190 1289 1191
f 1191 1289 1192
f 1192 1289 1290
f 1192 1290 1193
f 1193 1290 1291
f 1193 1291 1195
f 1195 1291 1292
f 1195 1292 1293
f 1195 1293 1196
f 1196 1293 1197
f 1197 1293 1294
f 1197 1294 1295
f 1197 1295 1296
f 1197 1296 1198
f 1198 1296 1297
f 1198 1297 1199
f 1199 1297 1200
f 1200 1297 1298
f 1200 1298 1201
f 1201 1298 1299
f 1201 1299 1202
f 1202 1300 1301
f 1202 1301 1203
f 1202 1299 1300
f 1203 1301 1302
f 1203 1302 1303
f 1203 1303 1304
f 1203 1304 1305
f 1203 1305 1306
f 1203 1306 1307
f 1203 1307 1308
f 1203 1308 1309
f 1203 1309 1204
f 1205 1247 1310
f 1205 1310 1207
f 1206 1207 1215
f 1207 1311 1215
f 1207 1310 1312
f 1207 1312 1311
f 1210 1217 1211
f 1211 1217 1313
f 1211 1313 1212
f 1212 1313 1314
f 1212 1314 1315
f 1212 1315 1316
f 1212 1316 1213
f 1213 1316 1320
f 1213 1320 1219
f 1213 1219 1214
f 1215 1311 1317
f 1215 1317 1216
f 1216 1317 1218
f 1217 1318 1319
f 1217 1319 1313
f 1218 1317 1318
f 1219 1320 1220
f 1220 1320 1321
f 1220 1321 1222
f 1221 1222 1322
f 1221 1322 1323
f 1221 1323 1223
f 1222 1321 1324
f 1222 1324 1322
f 1223 1323 1325
f 1223 1325 1224
f 1224 1325 1326
f 1224 1326 1225
f 1225 1327 1328
f 1225 1328 1226
f 1225 1326 1327
f 1226 1328 1329
f 1226 1329 1229
f 1226 1229 1330
f 1226 1330 1228
f 1226 1228 1227
f 1228 1330 1229
f 1229 1329 1331
f 1229 1331 1332
f 1229 1332 1251
f 1229 1231 1230
f 1232 1236 1333
f 1232 1333 1334
f 1232 1334 1237
f 1234 1335 1236
f 1234 1236 1235
f 1236 1335 1336
f 1236 1336 1337
f 1236 1337 1338
f 1236 1338 1339
f 1236 1339 1340
f 1236 1340 1334
f 1236 1334 1333
f 1237 1334 1238
f 1238 1334 1239
f 1239 1341 1240
f 1239 1334 1340
f 1239 1340 1342
f 1239 1342 1341
f 1240 1341 1241
f 1241 1341 1343
f 1241 1343 1242
f 1242 1344 1345
f 1242 1345 1346
f 1242 1346 1243
f 1242 1343 1344
f 1243 1346 1347
f 1243 1347 1244
f 1244 1348 1349
f 1244 1349 1246
f 1244 1347 1350
f 1244 1350 1351
f 1244 1351 1352
f 1244 1352 1348
f 1246 1349 1247
f 1247 1349 1310
f 1248 1255 1249
f 1249 1255 1353
f 1249 1353 1250
f 1250 1354 1256
f 1250 1353 1355
f 1250 1355 1354
f 1251 1332 1356
f 1251 1356 1357
f 1251 1357 1358
f 1251 1358 1253
f 1251 1253 1252
f 1253 1358 1254
f 1254 1359 1353
f 1254 1353 1255
f 1254 1358 1359
f 1256 1360 1361
f 1256 1361 1258
f 1256 1258 1257
f 1256 1354 1362
f 1256 1362 1363
f 1256 1363 1364
f 1256 1364 1365
f 1256 1365 1366
f 1256 1366 1360
f 1258 1361 1360
f 1258 1360 1259
f 1259 1360 1367
f 1259 1367 1260
f 1260 1367 1368
f 1260 1368 1261
f 1261 1368 1369
f 1261 1369 1370
f 1261 1370 1371
f 1261 1371 1262
f 1262 1372 1264
f 1262 1264 1263
f 1262 1371 1373
f 1262 1373 1374
f 1262 1374 1372
f 1264 1375 1265
f 1264 1372 1375
f 1265 1375 1376
f 1265 1376 1266
f 1266 1376 1377
f 1266 1377 1267
f 1267 1378 1379
f 1267 1379 1380
f 1267 1380 1381
f 1267 1381 1382
f 1267 1382 1383
f 1267 1383 1275
f 1267 1377 1378
f 1268 1384 1269
f 1268 1281 1384
f 1269 1384 1270
f 1270 1385 1494
f 1270 1494 1386
f 1270 1386 1272
f 1270 1272 1271
f 1270 1384 1385
f 1272 1386 1387
f 1272 1387 1273
f 1273 1387 1274
f 1274 1387 1388
f 1274 1388 1389
f 1274 1389 1390
f 1274 1390 1282
f 1275 1383 1392
f 1275 1392 1393
f 1275 1393 1391
f 1276 1391 1394
f 1276 1394 1277
f 1277 1394 1278
f 1278 1394 1395
f 1278 1395 1396
f 1278 1396 1397
f 1278 1397 1279
f 1279 1397 1280
f 1280 1397 1398
f 1280 1398 1399
f 1280 1399 1400
f 1280 1400 1281
f 1281 1400 1401
f 1281 1401 1402
f 1281 1402 1403
f 1281 1403 1384
f 1282 1390 1404
f 1283 1404 1405
f 1283 1405 1284
f 1284 1406 1407
f 1284 1407 1408
f 1284 1408 1409
f 1284 1409 1286
f 1284 1286 1285
f 1284 1405 1406
f 1286 1409 1287
f 1287 1409 1410
f 1287 1410 1288
f 1288 1410 1411
f 1288 1411 1412
f 1288 1412 1290
f 1288 1290 1289
f 1290 1412 1413
f 1290 1413 1291
f 1291 1413 1414
f 1291 1414 1292
f 1292 1414 1521
f 1292 1521 1415
f 1292 1415 1293
f 1293 1415 1294
f 1294 1415 1416
f 1294 1416 1417
f 1294 1417 1295
f 1295 1417 1418
f 1295 1418 1296
f 1296 1418 1419
f 1296 1419 1420
f 1296 1420 1297
f 1297 1420 1300
f 1297 1300 1298
f 1298 1300 1299
f 1300 1420 1421
f 1300 1421 1301
f 1301 1421 1302
f 1302 1422 1527
f 1302 1527 1526
f 1302 1526 1525
f 1302 1525 1626
f 1302 1626 1625
f 1302 1625 1624
f 1302 1624 1749
f 1302 1749 1866
f 1302 1866 1972
f 1302 1972 2084
f 1302 2084 2190
f 1302 2190 2192
f 1302 2192 2322
f 1302 2322 2448
f 1302 2448 2581
f 1302 2581 2586
f 1302 2586 2585
f 1302 2585 2734
f 1302 2734 2901
f 1302 2901 3098
f 1302 3098 3305
f 1302 3305 3304
f 1302 3304 3303
f 1302 3303 3491
f 1302 3491 3687
f 1302 3687 3896
f 1302 3896 4097
f 1302 4097 4309
f 1302 4309 4504
f 1302 4504 4705
f 1302 4705 4913
f 1302 4913 5096
f 1302 5096 5095
f 1302 5095 5094
f 1302 5094 5093
f 1302 5093 5265
f 1302 5265 5435
f 1302 5435 5610
f 1302 5610 5609
f 1302 5609 5795
f 1302 5795 5981
f 1302 5981 6139
f 1302 6139 6318
f 1302 6318 6321
f 1302 6321 6489
f 1302 6489 6652
f 1302 6652 6654
f 1302 6654 6809
f 1302 6809 6976
f 1302 6976 6995
f 1302 6995 6994
f 1302 6994 6993
f 1302 6993 7161
f 1302 7161 7160
f 1302 7160 7309
f 1302 7309 7308
f 1302 7308 7472
f 1302 7472 7471
f 1302 7471 7470
f 1302 7470 7469
f 1302 7469 7468
f 1302 7468 7467
f 1302 7467 7622
f 1302 7622 7621
f 1302 7621 7777
f 1302 7777 7776
f 1302 7776 7931
f 1302 7931 8058
f 1302 8058 8156
f 1302 8156 8155
f 1302 8155 8242
f 1302 8242 8315
f 1302 8315 8369
f 1302 8369 8413
f 1302 8413 8419
f 1302 8419 8418
f 1302 8418 8381
f 1302 8381 8380
f 1302 8380 8379
f 1302 8379 8324
f 1302 8324 8323
f 1302 8323 8247
f 1302 8247 8164
f 1302 8164 8065
f 1302 8065 7943
f 1302 7943 7942
f 1302 7942 7940
f 1302 7940 7793
f 1302 7793 7639
f 1302 7639 7638
f 1302 7638 7492
f 1302 7492 7328
f 1302 7328 7186
f 1302 7186 7018
f 1302 7018 6848
f 1302 6848 6687
f 1302 6687 6686
f 1302 6686 6683
f 1302 6683 6518
f 1302 6518 6343
f 1302 6343 6171
f 1302 6171 5991
f 1302 5991 5806
f 1302 5806 5617
f 1302 5617 5437
f 1302 5437 5267
f 1302 5267 5097
f 1302 5097 4917
f 1302 4917 4916
f 1302 4916 4915
f 1302 4915 4914
f 1302 4914 4708
f 1302 4708 4707
f 1302 4707 4505
f 1302 4505 4311
f 1302 4311 4310
f 1302 4310 4098
f 1302 4098 3898
f 1302 3898 3689
f 1302 3689 3492
f 1302 3492 3307
f 1302 3307 3100
f 1302 3100 3099
f 1302 3099 2902
f 1302 2902 2735
f 1302 2735 2587
f 1302 2587 2452
f 1302 2452 2451
f 1302 2451 2325
f 1302 2325 2196
f 1302 2196 2195
f 1302 2195 2193
f 1302 2193 2088
f 1302 2088 1973
f 1302 1973 1867
f 1302 1867 1750
f 1302 1750 1627
f 1302 1627 1529
f 1302 1529 1423
f 1302 1423 1308
f 1302 1308 1307
f 1302 1307 1306
f 1302 1306 1305
f 1302 1305 1304
f 1302 1304 1303
f 1302 1421 1422
f 1308 1423 1309
f 1309 1423 1424
f 1310 1349 1312
f 1311 1425 1317
f 1311 1312 1425
f 1312 1349 1426
f 1312 1426 1427
f 1312 1427 1425
f 1313 1319 1314
f 1314 1428 1315
f 1314 1319 1429
f 1314 1429 1535
f 1314 1535 1428
f 1315 1428 1430
f 1315 1430 1435
f 1315 1435 1431
f 1315 1431 1316
f 1316 1431 1320
f 1317 1425 1432
f 1317 1432 1318
f 1318 1432 1433
f 1318 1433 1319
f 1319 1433 1432
f 1319 1432 1434
f 1319 1434 1429
f 1320 1431 1321
f 1321 1431 1435
f 1321 1435 1324
f 1322 1436 1323
f 1322 1324 1436
f 1323 1436 1437
f 1323 1437 1438
f 1323 1438 1439
f 1323 1439 1325
f 1324 1435 1440
f 1324 1440 1441
f 1324 1441 1437
f 1324 1437 1436
f 1325 1439 1326
f 1326 1439 1442
f 1326 1442 1327
f 1327 1443 1444
f 1327 1444 1328
f 1327 1442 1443
f 1328 1445 1329
f 1328 1444 1445
f 1329 1445 1331
f 1331 1445 1446
f 1331 1446 1447
f 1331 1447 1332
f 1332 1448 1356
f 1332 1447 1448
f 1336 1449 1337
f 1337 1449 1450
f 1337 1450 1451
f 1337 1451 1452
f 1337 1452 1453
f 1337 1453 1454
f 1337 1454 1338
f 1338 1454 1339
f 1339 1454 1455
f 1339 1455 1456
f 1339 1456 1457
f 1339 1457 1458
f 1339 1458 1340
f 1340 1458 1342
f 1341 1342 1458
f 1341 1458 1457
f 1341 1457 1343
f 1343 1457 1459
f 1343 1459 1344
f 1344 1460 1461
f 1344 1461 1350
f 1344 1350 1345
f 1344 1459 1460
f 1345 1350 1347
f 1345 1347 1346
f 1348 1352 1462
f 1348 1462 1463
f 1348 1463 1349
f 1349 1463 1534
f 1349 1534 1426
f 1350 1461 1464
f 1350 1464 1352
f 1350 1352 1351
f 1352 1464 1462
f 1353 1359 1465
f 1353 1465 1355
f 1354 1355 1362
f 1355 1465 1362
f 1356 1448 1466
f 1356 1466 1357
f 1357 1467 1465
f 1357 1465 1359
f 1357 1359 1358
f 1357 1466 1467
f 1360 1468 1469
f 1360 1469 1368
f 1360 1368 1367
f 1360 1366 1470
f 1360 1470 1468
f 1362 1465 1471
f 1362 1471 1472
f 1362 1472 1363
f 1363 1472 1364
f 1364 1472 1473
f 1364 1473 1474
f 1364 1474 1365
f 1365 1474 1475
f 1365 1475 1470
f 1365 1470 1366
f 1368 1469 1369
f 1369 1469 1476
f 1369 1476 1370
f 1370 1476 1477
f 1370 1477 1478
f 1370 1478 1371
f 1371 1478 1373
f 1372 1479 1375
f 1372 1374 1480
f 1372 1480 1479
f 1373 1478 1481
f 1373 1481 1374
f 1374 1481 1482
f 1374 1482 1582
f 1374 1582 1483
f 1374 1483 1579
f 1374 1579 1480
f 1375 1479 1376
f 1376 1479 1484
f 1376 1484 1485
f 1376 1485 1379
f 1376 1379 1378
f 1376 1378 1377
f 1379 1485 1380
f 1380 1485 1584
f 1380 1584 1486
f 1380 1486 1488
f 1380 1488 1381
f 1381 1487 1382
f 1381 1488 1587
f 1381 1587 1487
f 1382 1487 1383
f 1383 1487 1392
f 1384 1403 1489
f 1384 1489 1490
f 1384 1490 1491
f 1384 1491 1385
f 1385 1491 1492
f 1385 1492 1493
f 1385 1493 1494
f 1386 1494 1495
f 1386 1495 1496
f 1386 1496 1387
f 1387 1496 1497
f 1387 1497 1388
f 1388 1497 1389
f 1389 1498 1499
f 1389 1499 1500
f 1389 1500 1390
f 1389 1497 1498
f 1390 1500 1501
f 1390 1501 1405
f 1390 1405 1404
f 1391 1393 1502
f 1391 1502 1503
f 1391 1503 1395
f 1391 1395 1394
f 1392 1487 1393
f 1393 1487 1504
f 1393 1504 1502
f 1395 1503 1505
f 1395 1505 1506
f 1395 1506 1396
f 1396 1506 1505
f 1396 1505 1507
f 1396 1507 1397
f 1397 1507 1508
f 1397 1508 1509
f 1397 1509 1398
f 1398 1509 1510
f 1398 1510 1399
f 1399 1510 1401
f 1399 1401 1400
f 1401 1510 1402
f 1402 1510 1511
f 1402 1511 1512
f 1402 1512 1489
f 1402 1489 1403
f 1405 1501 1513
f 1405 1513 1406
f 1406 1513 1514
f 1406 1514 1407
f 1407 1514 1515
f 1407 1515 1408
f 1408 1515 1616
f 1408 1616 1516
f 1408 1516 1410
f 1408 1410 1409
f 1410 1516 1411
f 1411 1516 1517
f 1411 1517 1518
f 1411 1518 1412
f 1412 1518 1413
f 1413 1518 1519
f 1413 1519 1414
f 1414 1519 1520
f 1414 1520 1521
f 1415 1521 1522
f 1415 1522 1416
f 1416 1522 1523
f 1416 1523 1524
f 1416 1524 1417
f 1417 1524 1418
f 1418 1524 1525
f 1418 1525 1526
f 1418 1526 1527
f 1418 1527 1422
f 1418 1422 1419
f 1419 1528 1420
f 1419 1422 1528
f 1420 1528 1421
f 1421 1528 1422
f 1423 1529 1424
f 1424 1529 1530
f 1425 1531 1432
f 1425 1427 1532
f 1425 1532 1531
f 1426 1533 1427
f 1426 1534 1533
f 1427 1533 1532
f 1428 1535 1536
f 1428 1536 1430
f 1429 1434 1537
f 1429 1537 1535
f 1430 1536 1538
f 1430 1538 1440
f 1430 1440 1435
f 1432 1531 1434
f 1434 1531 1539
f 1434 1539 1537
f 1437 1540 1438
f 1437 1441 1541
f 1437 1541 1540
f 1438 1540 1542
f 1438 1542 1439
f 1439 1543 1544
f 1439 1544 1442
f 1439 1542 1543
f 1440 1538 1545
f 1440 1545 1441
f 1441 1545 1541
f 1442 1544 1546
f 1442 1546 1547
f 1442 1547 1443
f 1443 1547 1444
f 1444 1547 1548
f 1444 1548 1549
f 1444 1549 1550
f 1444 1550 1445
f 1445 1550 1551
f 1445 1551 1446
f 1446 1551 1552
f 1446 1552 1447
f 1447 1552 1448
f 1448 1552 1553
f 1448 1553 1466
f 1453 1554 1555
f 1453 1555 1454
f 1454 1555 1455
f 1455 1555 1556
f 1455 1556 1557
f 1455 1557 1558
f 1455 1558 1456
f 1456 1558 1457
f 1457 1558 1459
f 1459 1558 1559
f 1459 1559 1560
f 1459 1560 1561
f 1459 1561 1460
f 1460 1561 1562
f 1460 1562 1675
f 1460 1675 1563
f 1460 1563 1461
f 1461 1563 1564
f 1461 1564 1464
f 1462 1565 1463
f 1462 1464 1564
f 1462 1564 1566
f 1462 1566 1565
f 1463 1565 1534
f 1465 1467 1471
f 1466 1553 1567
f 1466 1567 1568
f 1466 1568 1467
f 1467 1569 1471
f 1467 1568 1569
f 1468 1470 1476
f 1468 1476 1469
f 1470 1475 1570
f 1470 1570 1571
f 1470 1571 1476
f 1471 1569 1472
f 1472 1569 1572
f 1472 1572 1573
f 1472 1573 1473
f 1473 1573 1574
f 1473 1574 1575
f 1473 1575 1474
f 1474 1575 1475
f 1475 1575 1570
f 1476 1571 1576
f 1476 1576 1477
f 1477 1576 1577
f 1477 1577 1578
f 1477 1578 1478
f 1478 1578 1481
f 1479 1480 1484
f 1480 1579 1484
f 1481 1578 1580
f 1481 1580 1482
f 1482 1580 1581
f 1482 1581 1582
f 1483 1583 1579
f 1483 1582 1583
f 1484 1579 1485
f 1485 1579 1691
f 1485 1691 1584
f 1486 1584 1585
f 1486 1585 1586
f 1486 1586 1488
f 1487 1587 1603
f 1487 1603 1504
f 1488 1586 1588
f 1488 1588 1589
f 1488 1589 1590
f 1488 1590 1587
f 1489 1512 1490
f 1490 1512 1591
f 1490 1591 1592
f 1490 1592 1492
f 1490 1492 1491
f 1492 1592 1593
f 1492 1593 1493
f 1493 1495 1494
f 1493 1593 1711
f 1493 1711 1594
f 1493 1594 1595
f 1493 1595 1495
f 1495 1595 1496
f 1496 1595 1596
f 1496 1596 1497
f 1497 1596 1498
f 1498 1597 1598
f 1498 1598 1599
f 1498 1599 1499
f 1498 1596 1597
f 1499 1599 1600
f 1499 1600 1601
f 1499 1601 1500
f 1500 1601 1602
f 1500 1602 1513
f 1500 1513 1501
f 1502 1504 1505
f 1502 1505 1503
f 1504 1603 1604
f 1504 1604 1605
f 1504 1605 1505
f 1505 1605 1728
f 1505 1728 1606
f 1505 1606 1507
f 1507 1606 1508
f 1508 1606 1607
f 1508 1607 1608
f 1508 1608 1609
f 1508 1609 1509
f 1509 1609 1510
f 1510 1609 1610
f 1510 1610 1511
f 1511 1610 1611
f 1511 1611 1612
f 1511 1612 1613
f 1511 1613 1512
f 1512 1613 1591
f 1513 1602 1614
f 1513 1614 1514
f 1514 1614 1615
f 1514 1615 1515
f 1515 1615 1616
f 1516 1616 1617
f 1516 1617 1517
f 1517 1617 1618
f 1517 1618 1619
f 1517 1619 1518
f 1518 1619 1519
f 1519 1619 1620
f 1519 1620 1520
f 1520 1620 1621
f 1520 1621 1622
f 1520 1622 1521
f 1521 1622 1522
f 1522 1622 1623
f 1522 1623 1523
f 1523 1623 1624
f 1523 1624 1625
f 1523 1625 1524
f 1524 1625 1626
f 1524 1626 1525
f 1529 1627 1628
f 1529 1628 1629
f 1529 1629 1530
f 1531 1532 1539
f 1532 1533 1630
f 1532 1630 1631
f 1532 1631 1539
f 1533 1534 1632
f 1533 1632 1630
f 1534 1565 1633
f 1534 1633 1634
f 1534 1634 1635
f 1534 1635 1632
f 1535 1636 1536
f 1535 1537 1637
f 1535 1637 1638
f 1535 1638 1639
f 1535 1639 1636
f 1536 1636 1640
f 1536 1640 1641
f 1536 1641 1538
f 1537 1539 1642
f 1537 1642 1637
f 1538 1643 1545
f 1538 1641 1644
f 1538 1644 1643
f 1539 1631 1645
f 1539 1645 1766
f 1539 1766 1642
f 1540 1646 1647
f 1540 1647 1542
f 1540 1541 1646
f 1541 1545 1648
f 1541 1648 1649
f 1541 1649 1650
f 1541 1650 1646
f 1542 1647 1544
f 1542 1544 1543
f 1544 1647 1651
f 1544 1651 1652
f 1544 1652 1653
f 1544 1653 1546
f 1545 1643 1654
f 1545 1654 1648
f 1546 1653 1548
f 1546 1548 1547
f 1548 1653 1655
f 1548 1655 1549
f 1549 1656 1657
f 1549 1657 1550
f 1549 1655 1656
f 1550 1657 1782
f 1550 1782 1658
f 1550 1658 1659
f 1550 1659 1660
f 1550 1660 1553
f 1550 1553 1551
f 1551 1553 1552
f 1553 1660 1659
f 1553 1659 1661
f 1553 1661 1567
f 1554 1556 1555
f 1554 1662 1556
f 1556 1662 1786
f 1556 1786 1663
f 1556 1663 1557
f 1557 1663 1665
f 1557 1665 1664
f 1557 1664 1558
f 1558 1664 1665
f 1558 1665 1559
f 1559 1666 1667
f 1559 1667 1668
f 1559 1668 1560
f 1559 1665 1669
f 1559 1669 1670
f 1559 1670 1671
f 1559 1671 1666
f 1560 1668 1561
f 1561 1672 1673
f 1561 1673 1674
f 1561 1674 1562
f 1561 1668 1672
f 1562 1674 1675
f 1563 1675 1676
f 1563 1676 1564
f 1564 1676 1566
f 1565 1566 1633
f 1566 1676 1677
f 1566 1677 1678
f 1566 1678 1633
f 1567 1661 1568
f 1568 1679 1572
f 1568 1572 1569
f 1568 1661 1680
f 1568 1680 1679
f 1570 1681 1682
f 1570 1682 1571
f 1570 1575 1681
f 1571 1682 1576
f 1572 1679 1573
f 1573 1679 1684
f 1573 1684 1574
f 1574 1683 1575
f 1574 1684 1685
f 1574 1685 1683
f 1575 1683 1686
f 1575 1686 1687
f 1575 1687 1682
f 1575 1682 1681
f 1576 1682 1688
f 1576 1688 1577
f 1577 1689 1690
f 1577 1690 1578
f 1577 1688 1689
f 1578 1690 1580
f 1579 1583 1699
f 1579 1699 1691
f 1580 1690 1692
f 1580 1692 1693
f 1580 1693 1694
f 1580 1694 1581
f 1581 1694 1693
f 1581 1693 1695
f 1581 1695 1696
f 1581 1696 1697
f 1581 1697 1582
f 1582 1697 1698
f 1582 1698 1583
f 1583 1698 1699
f 1584 1691 1585
f 1585 1691 1700
f 1585 1700 1701
f 1585 1701 1586
f 1586 1701 1702
f 1586 1702 1588
f 1587 1590 1706
f 1587 1706 1603
f 1588 1702 1703
f 1588 1703 1589
f 1589 1703 1704
f 1589 1704 1705
f 1589 1705 1706
f 1589 1706 1590
f 1591 1613 1707
f 1591 1707 1708
f 1591 1708 1592
f 1592 1708 1709
f 1592 1709 1593
f 1593 1709 1710
f 1593 1710 1711
f 1594 1711 1712
f 1594 1712 1713
f 1594 1713 1595
f 1595 1713 1598
f 1595 1598 1597
f 1595 1597 1596
f 1598 1714 1715
f 1598 1715 1716
f 1598 1716 1600
f 1598 1600 1599
f 1598 1713 1714
f 1600 1716 1717
f 1600 1717 1601
f 1601 1717 1718
f 1601 1718 1602
f 1602 1718 1614
f 1603 1706 1604
f 1604 1719 1720
f 1604 1720 1605
f 1604 1706 1721
f 1604 1721 1722
f 1604 1722 1723
f 1604 1723 1724
f 1604 1724 1725
f 1604 1725 1726
f 1604 1726 1727
f 1604 1727 1719
f 1605 1720 1729
f 1605 1729 1728
f 1606 1728 1729
f 1606 1729 1607
f 1607 1729 1730
f 1607 1730 1608
f 1608 1730 1611
f 1608 1611 1610
f 1608 1610 1609
f 1611 1731 1732
f 1611 1732 1733
f 1611 1733 1612
f 1611 1730 1734
f 1611 1734 1731
f 1612 1733 1735
f 1612 1735 1613
f 1613 1735 1736
f 1613 1736 1707
f 1614 1718 1737
f 1614 1737 1738
f 1614 1738 1615
f 1615 1738 1739
f 1615 1739 1616
f 1616 1739 1740
f 1616 1740 1617
f 1617 1740 1741
f 1617 1741 1618
f 1618 1741 1742
f 1618 1742 1743
f 1618 1743 1744
f 1618 1744 1620
f 1618 1620 1619
f 1620 1744 1745
f 1620 1745 1621
f 1621 1745 1746
f 1621 1746 1747
f 1621 1747 1623
f 1621 1623 1622
f 1623 1747 1748
f 1623 1748 1624
f 1624 1748 1749
f 1627 1750 1628
f 1628 1750 1751
f 1630 1752 1645
f 1630 1645 1631
f 1630 1632 1635
f 1630 1635 1753
f 1630 1753 1754
f 1630 1754 1752
f 1633 1678 1755
f 1633 1755 1634
f 1634 1756 1753
f 1634 1753 1635
f 1634 1755 1757
f 1634 1757 1758
f 1634 1758 1759
f 1634 1759 1756
f 1636 1639 1640
f 1637 1642 1638
f 1638 1642 1760
f 1638 1760 1639
f 1639 1760 1761
f 1639 1761 1762
f 1639 1762 1763
f 1639 1763 1640
f 1640 1764 1644
f 1640 1644 1765
f 1640 1765 1641
f 1640 1763 1764
f 1641 1765 1644
f 1642 1766 1760
f 1643 1644 1654
f 1644 1764 1767
f 1644 1767 1768
f 1644 1768 1769
f 1644 1769 1770
f 1644 1770 1654
f 1645 1752 1771
f 1645 1771 1766
f 1646 1650 1651
f 1646 1651 1647
f 1648 1654 1772
f 1648 1772 1649
f 1649 1772 1773
f 1649 1773 1650
f 1650 1774 1651
f 1650 1773 1774
f 1651 1774 1775
f 1651 1775 1652
f 1652 1776 1653
f 1652 1775 1777
f 1652 1777 1776
f 1653 1776 1655
f 1654 1778 1772
f 1654 1770 1778
f 1655 1776 1779
f 1655 1779 1780
f 1655 1780 1656
f 1656 1780 1657
f 1657 1781 1782
f 1657 1780 1783
f 1657 1783 1781
f 1658 1782 1784
f 1658 1784 1785
f 1658 1785 1659
f 1659 1785 1680
f 1659 1680 1661
f 1663 1786 1787
f 1663 1787 1665
f 1665 1787 1788
f 1665 1788 1669
f 1666 1789 1667
f 1666 1671 1790
f 1666 1790 1791
f 1666 1791 1789
f 1667 1789 1903
f 1667 1903 1792
f 1667 1792 1793
f 1667 1793 1668
f 1668 1793 1794
f 1668 1794 1795
f 1668 1795 1672
f 1669 1788 1796
f 1669 1796 1797
f 1669 1797 1670
f 1670 1797 1798
f 1670 1798 1790
f 1670 1790 1671
f 1672 1795 1673
f 1673 1795 1794
f 1673 1794 1799
f 1673 1799 1800
f 1673 1800 1801
f 1673 1801 1675
f 1673 1675 1674
f 1675 1801 1757
f 1675 1757 1677
f 1675 1677 1676
f 1677 1757 1755
f 1677 1755 1678
f 1679 1680 1784
f 1679 1784 1802
f 1679 1802 1684
f 1680 1785 1784
f 1682 1687 1803
f 1682 1803 1804
f 1682 1804 1805
f 1682 1805 1688
f 1683 1685 1806
f 1683 1806 1807
f 1683 1807 1803
f 1683 1803 1686
f 1684 1802 1808
f 1684 1808 1685
f 1685 1808 1802
f 1685 1802 1809
f 1685 1809 1806
f 1686 1803 1687
f 1688 1805 1810
f 1688 1810 1811
f 1688 1811 1689
f 1689 1811 1810
f 1689 1810 1690
f 1690 1810 1692
f 1691 1699 1812
f 1691 1812 1813
f 1691 1813 1700
f 1692 1810 1814
f 1692 1814 1693
f 1693 1814 1815
f 1693 1815 1816
f 1693 1816 1817
f 1693 1817 1695
f 1695 1817 1696
f 1696 1817 1818
f 1696 1818 1819
f 1696 1819 1820
f 1696 1820 1697
f 1697 1820 1821
f 1697 1821 1698
f 1698 1821 1699
f 1699 1821 1812
f 1700 1813 1822
f 1700 1822 1701
f 1701 1822 1823
f 1701 1823 1702
f 1702 1823 1824
f 1702 1824 1825
f 1702 1825 1826
f 1702 1826 1703
f 1703 1826 1704
f 1704 1826 1827
f 1704 1827 1705
f 1705 1827 1828
f 1705 1828 1829
f 1705 1829 1830
f 1705 1830 1722
f 1705 1722 1721
f 1705 1721 1706
f 1707 1736 1831
f 1707 1831 1832
f 1707 1832 1708
f 1708 1832 1833
f 1708 1833 1709
f 1709 1833 1834
f 1709 1834 1710
f 1710 1834 1835
f 1710 1835 1836
f 1710 1836 1711
f 1711 1836 1712
f 1712 1836 1937
f 1712 1937 1837
f 1712 1837 1714
f 1712 1714 1713
f 1714 1837 1838
f 1714 1838 1839
f 1714 1839 1715
f 1715 1839 1840
f 1715 1840 1716
f 1716 1840 1841
f 1716 1841 1717
f 1717 1841 1842
f 1717 1842 1737
f 1717 1737 1718
f 1719 1727 1729
f 1719 1729 1720
f 1722 1830 1829
f 1722 1829 1723
f 1723 1843 1724
f 1723 1829 1844
f 1723 1844 1845
f 1723 1845 1846
f 1723 1846 1847
f 1723 1847 1848
f 1723 1848 1843
f 1724 1843 1725
f 1725 1843 1726
f 1726 1843 1849
f 1726 1849 1850
f 1726 1850 1851
f 1726 1851 1729
f 1726 1729 1852
f 1726 1852 1727
f 1727 1852 1729
f 1729 1851 1734
f 1729 1734 1730
f 1731 1734 1853
f 1731 1853 1732
f 1732 1853 1854
f 1732 1854 1855
f 1732 1855 1735
f 1732 1735 1733
f 1734 1851 1853
f 1735 1855 1856
f 1735 1856 1736
f 1736 1856 1831
f 1737 1842 1857
f 1737 1857 1858
f 1737 1858 1738
f 1738 1858 1739
f 1739 1858 1857
f 1739 1857 1859
f 1739 1859 1741
f 1739 1741 1740
f 1741 1859 1742
f 1742 1860 1861
f 1742 1861 1743
f 1742 1859 1860
f 1743 1861 1862
f 1743 1862 1744
f 1744 1862 1745
f 1745 1862 1863
f 1745 1863 1746
f 1746 1863 1864
f 1746 1864 1865
f 1746 1865 1747
f 1747 1865 1748
f 1748 1865 1749
f 1749 1865 1866
f 1750 1867 1868
f 1750 1868 1751
f 1752 1754 1869
f 1752 1869 1870
f 1752 1870 1771
f 1753 1756 1871
f 1753 1871 1754
f 1754 1871 1869
f 1756 1759 1874
f 1756 1874 1871
f 1757 1801 1800
f 1757 1800 1758
f 1758 1800 1872
f 1758 1872 1979
f 1758 1979 1873
f 1758 1873 1874
f 1758 1874 1759
f 1760 1766 1875
f 1760 1875 1876
f 1760 1876 1761
f 1761 1876 1877
f 1761 1877 1878
f 1761 1878 1762
f 1762 1878 1879
f 1762 1879 1880
f 1762 1880 1881
f 1762 1881 1763
f 1763 1881 1767
f 1763 1767 1764
f 1766 1771 1882
f 1766 1882 1875
f 1767 1881 1768
f 1768 1881 1883
f 1768 1883 1769
f 1769 1883 1884
f 1769 1884 1885
f 1769 1885 1886
f 1769 1886 1887
f 1769 1887 1888
f 1769 1888 1770
f 1770 1888 1889
f 1770 1889 1778
f 1771 1870 1975
f 1771 1975 1882
f 1772 1778 1889
f 1772 1889 1890
f 1772 1890 1891
f 1772 1891 1773
f 1773 1891 1892
f 1773 1892 1774
f 1774 1892 1893
f 1774 1893 1775
f 1775 1893 1894
f 1775 1894 1895
f 1775 1895 1777
f 1776 1777 1896
f 1776 1896 1897
f 1776 1897 1779
f 1777 1895 1897
f 1777 1897 1896
f 1779 1898 1899
f 1779 1899 1780
f 1779 1897 1898
f 1780 1899 1783
f 1781 1783 1900
f 1781 1900 1901
f 1781 1901 1902
f 1781 1902 1802
f 1781 1802 1784
f 1781 1784 1782
f 1783 1899 1900
f 1789 1791 1903
f 1790 1798 1904
f 1790 1904 1791
f 1791 1904 1905
f 1791 1905 1906
f 1791 1906 1903
f 1792 1903 2012
f 1792 2012 1907
f 1792 1907 1793
f 1793 1907 1794
f 1794 1907 1799
f 1799 1907 2012
f 1799 2012 1908
f 1799 1908 1872
f 1799 1872 1800
f 1802 1902 1809
f 1803 1807 1909
f 1803 1909 1804
f 1804 1909 1910
f 1804 1910 1911
f 1804 1911 1805
f 1805 1911 1912
f 1805 1912 1810
f 1806 1809 1909
f 1806 1909 1807
f 1809 1902 1913
f 1809 1913 1909
f 1810 1912 1914
f 1810 1914 1815
f 1810 1815 1814
f 1812 1821 1813
f 1813 1821 1915
f 1813 1915 1916
f 1813 1916 1822
f 1815 1914 1917
f 1815 1917 1918
f 1815 1918 1919
f 1815 1919 1817
f 1815 1817 1816
f 1817 1919 1920
f 1817 1920 1921
f 1817 1921 1818
f 1818 1921 1922
f 1818 1922 1819
f 1819 1915 1820
f 1819 1922 1923
f 1819 1923 1915
f 1820 1915 1821
f 1822 1916 1924
f 1822 1924 1925
f 1822 1925 1926
f 1822 1926 1824
f 1822 1824 1823
f 1824 1926 1927
f 1824 1927 1825
f 1825 1927 1826
f 1826 1927 1928
f 1826 1928 1929
f 1826 1929 1930
f 1826 1930 1828
f 1826 1828 1827
f 1828 1930 1829
f 1829 1930 1931
f 1829 1931 1844
f 1831 1856 1932
f 1831 1932 1933
f 1831 1933 1832
f 1832 1933 1934
f 1832 1934 1834
f 1832 1834 1833
f 1834 1934 1935
f 1834 1935 1835
f 1835 1935 1936
f 1835 1936 1836
f 1836 1936 1937
f 1837 1937 1838
f 1838 1938 1939
f 1838 1939 1839
f 1838 1937 1936
f 1838 1936 1938
f 1839 1939 1940
f 1839 1940 1941
f 1839 1941 1840
f 1840 1941 1841
f 1841 1941 1942
f 1841 1942 1943
f 1841 1943 1944
f 1841 1944 1945
f 1841 1945 1946
f 1841 1946 1947
f 1841 1947 1842
f 1842 1947 1857
f 1843 1848 1847
f 1843 1847 1849
f 1844 1948 1949
f 1844 1949 1950
f 1844 1950 1951
f 1844 1951 1952
f 1844 1952 1845
f 1844 1931 1953
f 1844 1953 1948
f 1845 1952 1846
f 1846 1952 1954
f 1846 1954 1847
f 1847 1954 1955
f 1847 1955 1956
f 1847 1956 1957
f 1847 1957 1849
f 1849 1957 1958
f 1849 1958 1850
f 1850 1958 1959
f 1850 1959 1960
f 1850 1960 1851
f 1851 1960 1961
f 1851 1961 1853
f 1853 1961 1854
f 1854 1961 1962
f 1854 1962 1963
f 1854 1963 1964
f 1854 1964 1855
f 1855 1964 1965
f 1855 1965 1856
f 1856 1965 1932
f 1857 1946 1966
f 1857 1966 1859
f 1857 1947 1946
f 1859 1966 1860
f 1860 1967 1968
f 1860 1968 1861
f 1860 1966 1967
f 1861 1968 1969
f 1861 1969 1970
f 1861 1970 1862
f 1862 1970 1863
f 1863 1970 1971
f 1863 1971 1864
f 1864 1971 1866
f 1864 1866 1865
f 1866 1971 1972
f 1867 1973 1868
f 1868 1973 1974
f 1869 1975 1870
f 1869 1871 1976
f 1869 1976 1977
f 1869 1977 1978
f 1869 1978 1975
f 1871 1874 1976
f 1872 1908 1979
f 1873 1980 1976
f 1873 1976 1874
f 1873 1979 2092
f 1873 2092 1980
f 1875 1882 1876
f 1876 1882 1877
f 1877 1879 1878
f 1877 1882 1981
f 1877 1981 1982
f 1877 1982 1983
f 1877 1983 1879
f 1879 1984 1880
f 1879 1983 1985
f 1879 1985 1986
f 1879 1986 1984
f 1880 1984 1987
f 1880 1987 1988
f 1880 1988 1989
f 1880 1989 1883
f 1880 1883 1881
f 1882 1975 1990
f 1882 1990 1982
f 1882 1982 1981
f 1883 1989 1884
f 1884 1989 1885
f 1885 1991 1992
f 1885 1992 1993
f 1885 1993 1994
f 1885 1994 1995
f 1885 1995 1886
f 1885 1989 1991
f 1886 1995 1996
f 1886 1996 1888
f 1886 1888 1887
f 1888 1996 1890
f 1888 1890 1889
f 1890 1997 1891
f 1890 1996 1997
f 1891 1997 1998
f 1891 1998 1892
f 1892 1999 2000
f 1892 2000 2001
f 1892 2001 1893
f 1892 1998 2002
f 1892 2002 1999
f 1893 2001 1894
f 1894 2003 1895
f 1894 2001 2003
f 1895 2003 2004
f 1895 2004 1897
f 1897 2005 2006
f 1897 2006 1898
f 1897 2004 2005
f 1898 2006 1899
f 1899 2006 2007
f 1899 2007 2008
f 1899 2008 1900
f 1900 2008 1901
f 1901 2009 1902
f 1901 2008 2010
f 1901 2010 2009
f 1902 2009 1913
f 1903 2011 2012
f 1903 1906 2013
f 1903 2013 2011
f 1905 2014 1906
f 1906 2014 2013
f 1908 2012 2015
f 1908 2015 2016
f 1908 2016 2092
f 1908 2092 1979
f 1909 1913 2017
f 1909 2017 2018
f 1909 2018 1910
f 1910 2018 1911
f 1911 2018 2017
f 1911 2017 2019
f 1911 2019 2020
f 1911 2020 1914
f 1911 1914 1912
f 1913 2009 2017
f 1914 2020 2021
f 1914 2021 1917
f 1915 1923 2022
f 1915 2022 1916
f 1916 2022 1924
f 1917 2021 2023
f 1917 2023 1918
f 1918 1920 1919
f 1918 2023 2024
f 1918 2024 2025
f 1918 2025 1920
f 1920 2025 1921
f 1921 2025 2026
f 1921 2026 2027
f 1921 2027 2028
f 1921 2028 1922
f 1922 2028 2029
f 1922 2029 1923
f 1923 2029 2030
f 1923 2030 2022
f 1924 2022 2031
f 1924 2031 2032
f 1924 2032 1925
f 1925 2032 2033
f 1925 2033 1926
f 1926 2033 2034
f 1926 2034 1928
f 1926 1928 1927
f 1928 2034 2035
f 1928 2035 2036
f 1928 2036 1929
f 1929 2036 2037
f 1929 2037 2038
f 1929 2038 2039
f 1929 2039 1930
f 1930 2039 1953
f 1930 1953 1931
f 1932 2040 2041
f 1932 2041 2042
f 1932 2042 1933
f 1932 1965 2040
f 1933 2042 2043
f 1933 2043 2044
f 1933 2044 1934
f 1934 2044 2045
f 1934 2045 2046
f 1934 2046 1935
f 1935 2046 2047
f 1935 2047 2048
f 1935 2048 2049
f 1935 2049 1936
f 1936 2049 1938
f 1938 2049 2050
f 1938 2050 1939
f 1939 2050 2051
f 1939 2051 1940
f 1940 2051 1942
f 1940 1942 1941
f 1942 2051 2052
f 1942 2052 2053
f 1942 2053 1944
f 1942 1944 1943
f 1944 2054 1945
f 1944 2053 2055
f 1944 2055 2056
f 1944 2056 2054
f 1945 2054 1946
f 1946 2054 1967
f 1946 1967 1966
f 1948 1953 2057
f 1948 2057 2058
f 1948 2058 1949
f 1949 2058 2059
f 1949 2059 2060
f 1949 2060 2061
f 1949 2061 1950
f 1950 2061 2062
f 1950 2062 2063
f 1950 2063 1951
f 1951 2063 2064
f 1951 2064 1952
f 1952 2064 1954
f 1953 2039 2057
f 1954 2064 1955
f 1955 2065 1956
f 1955 2064 2063
f 1955 2063 2066
f 1955 2066 2067
f 1955 2067 2068
f 1955 2068 2069
f 1955 2069 2065
f 1956 2065 2070
f 1956 2070 2071
f 1956 2071 2072
f 1956 2072 1957
f 1957 2072 2073
f 1957 2073 1958
f 1958 1962 1959
f 1958 2073 2074
f 1958 2074 1962
f 1959 1962 1961
f 1959 1961 1960
f 1962 2074 1963
f 1963 2075 1964
f 1963 2074 2072
f 1963 2072 2076
f 1963 2076 2075
f 1964 2075 2076
f 1964 2076 1965
f 1965 2076 2077
f 1965 2077 2078
f 1965 2078 2040
f 1967 2056 2079
f 1967 2079 2080
f 1967 2080 2081
f 1967 2081 1968
f 1967 2054 2056
f 1968 2081 1969
f 1969 2081 2082
f 1969 2082 2083
f 1969 2083 1971
f 1969 1971 1970
f 1971 2083 1972
f 1972 2083 2085
f 1972 2085 2086
f 1972 2086 2081
f 1972 2081 2087
f 1972 2087 2084
f 1973 2088 2089
f 1973 2089 1974
f 1975 1978 2090
f 1975 2090 1990
f 1976 1980 1977
f 1977 1980 1978
f 1978 1980 2091
f 1978 2091 2090
f 1980 2092 2093
f 1980 2093 2094
f 1980 2094 2091
f 1982 1990 2095
f 1982 2095 2096
f 1982 2096 2097
f 1982 2097 2098
f 1982 2098 1983
f 1983 2098 1986
f 1983 1986 1985
f 1984 1986 1987
f 1986 2098 2099
f 1986 2099 2100
f 1986 2100 2101
f 1986 2101 1987
f 1987 2101 1988
f 1988 2101 1989
f 1989 2102 1991
f 1989 2101 2102
f 1990 2090 2095
f 1991 2102 2101
f 1991 2101 1992
f 1992 2101 2103
f 1992 2103 2104
f 1992 2104 1993
f 1993 2105 1994
f 1993 2104 2106
f 1993 2106 2105
f 1994 2107 2108
f 1994 2108 1995
f 1994 2105 2109
f 1994 2109 2110
f 1994 2110 2107
f 1995 2108 2111
f 1995 2111 2112
f 1995 2112 1996
f 1996 2112 1997
f 1997 2113 2002
f 1997 2002 1998
f 1997 2112 2113
f 1999 2002 2114
f 1999 2114 2000
f 2000 2115 2116
f 2000 2116 2004
f 2000 2004 2003
f 2000 2003 2001
f 2000 2114 2113
f 2000 2113 2117
f 2000 2117 2118
f 2000 2118 2115
f 2002 2113 2114
f 2004 2116 2115
f 2004 2115 2119
f 2004 2119 2120
f 2004 2120 2005
f 2005 2121 2006
f 2005 2120 2121
f 2006 2121 2122
f 2006 2122 2123
f 2006 2123 2007
f 2007 2123 2122
f 2007 2122 2124
f 2007 2124 2008
f 2008 2124 2010
f 2009 2010 2125
f 2009 2125 2017
f 2010 2124 2126
f 2010 2126 2125
f 2011 2127 2128
f 2011 2128 2129
f 2011 2129 2015
f 2011 2015 2012
f 2011 2013 2127
f 2013 2130 2248
f 2013 2248 2131
f 2013 2131 2132
f 2013 2132 2133
f 2013 2133 2134
f 2013 2134 2135
f 2013 2135 2136
f 2013 2136 2127
f 2013 2014 2130
f 2015 2137 2016
f 2015 2129 2138
f 2015 2138 2139
f 2015 2139 2137
f 2016 2137 2092
f 2017 2125 2140
f 2017 2140 2019
f 2019 2140 2141
f 2019 2141 2020
f 2020 2141 2142
f 2020 2142 2021
f 2021 2142 2023
f 2022 2030 2031
f 2023 2142 2143
f 2023 2143 2024
f 2024 2143 2025
f 2025 2143 2144
f 2025 2144 2026
f 2026 2144 2027
f 2027 2144 2145
f 2027 2145 2146
f 2027 2146 2147
f 2027 2147 2148
f 2027 2148 2149
f 2027 2149 2028
f 2028 2149 2150
f 2028 2150 2151
f 2028 2151 2030
f 2028 2030 2029
f 2030 2151 2150
f 2030 2150 2152
f 2030 2152 2031
f 2031 2152 2153
f 2031 2153 2032
f 2032 2153 2154
f 2032 2154 2033
f 2033 2154 2155
f 2033 2155 2034
f 2034 2155 2156
f 2034 2156 2035
f 2035 2156 2157
f 2035 2157 2036
f 2036 2158 2159
f 2036 2159 2038
f 2036 2038 2037
f 2036 2157 2158
f 2038 2159 2058
f 2038 2058 2057
f 2038 2057 2039
f 2040 2078 2041
f 2041 2078 2160
f 2041 2160 2161
f 2041 2161 2043
f 2041 2043 2042
f 2043 2161 2162
f 2043 2162 2045
f 2043 2045 2044
f 2045 2162 2163
f 2045 2163 2047
f 2045 2047 2046
f 2047 2163 2164
f 2047 2164 2165
f 2047 2165 2048
f 2048 2165 2049
f 2049 2165 2166
f 2049 2166 2050
f 2050 2166 2167
f 2050 2167 2051
f 2051 2167 2168
f 2051 2168 2052
f 2052 2168 2169
f 2052 2169 2053
f 2053 2169 2170
f 2053 2170 2055
f 2055 2170 2171
f 2055 2171 2079
f 2055 2079 2056
f 2058 2159 2059
f 2059 2159 2172
f 2059 2172 2173
f 2059 2173 2174
f 2059 2174 2175
f 2059 2175 2060
f 2060 2175 2176
f 2060 2176 2061
f 2061 2176 2177
f 2061 2177 2062
f 2062 2177 2178
f 2062 2178 2066
f 2062 2066 2063
f 2065 2069 2068
f 2065 2068 2070
f 2066 2178 2179
f 2066 2179 2067
f 2067 2179 2180
f 2067 2180 2068
f 2068 2181 2070
f 2068 2180 2182
f 2068 2182 2183
f 2068 2183 2181
f 2070 2181 2071
f 2071 2181 2072
f 2072 2074 2073
f 2072 2181 2183
f 2072 2183 2184
f 2072 2184 2185
f 2072 2185 2186
f 2072 2186 2187
f 2072 2187 2076
f 2076 2187 2186
f 2076 2186 2078
f 2076 2078 2077
f 2078 2186 2160
f 2079 2171 2188
f 2079 2188 2080
f 2080 2188 2189
f 2080 2189 2081
f 2081 2189 2087
f 2081 2086 2082
f 2082 2086 2083
f 2083 2086 2085
f 2084 2087 2190
f 2087 2189 2191
f 2087 2191 2192
f 2087 2192 2190
f 2088 2193 2089
f 2089 2193 2195
f 2089 2195 2196
f 2089 2196 2194
f 2090 2197 2095
f 2090 2091 2094
f 2090 2094 2197
f 2092 2137 2093
f 2093 2197 2094
f 2093 2137 2198
f 2093 2198 2199
f 2093 2199 2197
f 2095 2197 2199
f 2095 2199 2200
f 2095 2200 2096
f 2096 2200 2097
f 2097 2200 2201
f 2097 2201 2099
f 2097 2099 2098
f 2099 2201 2202
f 2099 2202 2203
f 2099 2203 2100
f 2100 2204 2103
f 2100 2103 2101
f 2100 2203 2205
f 2100 2205 2204
f 2103 2204 2206
f 2103 2206 2104
f 2104 2206 2207
f 2104 2207 2208
f 2104 2208 2106
f 2105 2209 2110
f 2105 2110 2109
f 2105 2106 2209
f 2106 2208 2210
f 2106 2210 2211
f 2106 2211 2212
f 2106 2212 2213
f 2106 2213 2214
f 2106 2214 2215
f 2106 2215 2216
f 2106 2216 2217
f 2106 2217 2218
f 2106 2218 2219
f 2106 2219 2220
f 2106 2220 2209
f 2107 2110 2209
f 2107 2209 2221
f 2107 2221 2222
f 2107 2222 2223
f 2107 2223 2108
f 2108 2223 2111
f 2111 2223 2224
f 2111 2224 2112
f 2112 2224 2225
f 2112 2225 2113
f 2113 2225 2223
f 2113 2223 2226
f 2113 2226 2227
f 2113 2227 2228
f 2113 2228 2117
f 2115 2118 2229
f 2115 2229 2119
f 2117 2228 2118
f 2118 2228 2230
f 2118 2230 2231
f 2118 2231 2232
f 2118 2232 2233
f 2118 2233 2229
f 2119 2234 2120
f 2119 2229 2234
f 2120 2234 2233
f 2120 2233 2235
f 2120 2235 2236
f 2120 2236 2237
f 2120 2237 2121
f 2121 2238 2122
f 2121 2237 2238
f 2122 2238 2124
f 2124 2238 2239
f 2124 2239 2240
f 2124 2240 2126
f 2125 2126 2241
f 2125 2241 2140
f 2126 2240 2241
f 2127 2136 2242
f 2127 2242 2243
f 2127 2243 2244
f 2127 2244 2245
f 2127 2245 2246
f 2127 2246 2247
f 2127 2247 2128
f 2128 2247 2129
f 2129 2247 2138
f 2131 2248 2249
f 2131 2249 2250
f 2131 2250 2132
f 2132 2250 2251
f 2132 2251 2254
f 2132 2254 2133
f 2133 2252 2253
f 2133 2253 2134
f 2133 2254 2255
f 2133 2255 2252
f 2134 2256 2257
f 2134 2257 2258
f 2134 2258 2135
f 2134 2253 2259
f 2134 2259 2256
f 2135 2258 2260
f 2135 2260 2261
f 2135 2261 2136
f 2136 2261 2242
f 2137 2139 2262
f 2137 2262 2263
f 2137 2263 2264
f 2137 2264 2198
f 2138 2247 2139
f 2139 2247 2246
f 2139 2246 2265
f 2139 2265 2262
f 2140 2241 2266
f 2140 2266 2267
f 2140 2267 2268
f 2140 2268 2141
f 2141 2268 2269
f 2141 2269 2143
f 2141 2143 2142
f 2143 2269 2270
f 2143 2270 2144
f 2144 2270 2145
f 2145 2270 2146
f 2146 2271 2147
f 2146 2270 2272
f 2146 2272 2273
f 2146 2273 2274
f 2146 2274 2275
f 2146 2275 2276
f 2146 2276 2277
f 2146 2277 2278
f 2146 2278 2279
f 2146 2279 2280
f 2146 2280 2281
f 2146 2281 2271
f 2147 2271 2148
f 2148 2271 2149
f 2149 2271 2282
f 2149 2282 2283
f 2149 2283 2150
f 2150 2284 2152
f 2150 2283 2285
f 2150 2285 2284
f 2152 2284 2153
f 2153 2284 2286
f 2153 2286 2154
f 2154 2286 2287
f 2154 2287 2155
f 2155 2287 2288
f 2155 2288 2156
f 2156 2288 2157
f 2157 2288 2158
f 2158 2288 2289
f 2158 2289 2290
f 2158 2290 2172
f 2158 2172 2159
f 2160 2291 2292
f 2160 2292 2161
f 2160 2186 2291
f 2161 2292 2293
f 2161 2293 2162
f 2162 2293 2294
f 2162 2294 2163
f 2163 2294 2295
f 2163 2295 2164
f 2164 2295 2296
f 2164 2296 2297
f 2164 2297 2298
f 2164 2298 2165
f 2165 2298 2166
f 2166 2298 2299
f 2166 2299 2167
f 2167 2299 2300
f 2167 2300 2168
f 2168 2300 2301
f 2168 2301 2169
f 2169 2301 2302
f 2169 2302 2170
f 2170 2302 2303
f 2170 2303 2171
f 2171 2303 2304
f 2171 2304 2188
f 2172 2290 2173
f 2173 2305 2306
f 2173 2306 2307
f 2173 2307 2308
f 2173 2308 2174
f 2173 2290 2305
f 2174 2308 2175
f 2175 2308 2309
f 2175 2309 2176
f 2176 2309 2310
f 2176 2310 2177
f 2177 2310 2311
f 2177 2311 2178
f 2178 2311 2312
f 2178 2312 2179
f 2179 2312 2313
f 2179 2313 2314
f 2179 2314 2315
f 2179 2315 2180
f 2180 2315 2182
f 2182 2315 2316
f 2182 2316 2317
f 2182 2317 2183
f 2183 2317 2318
f 2183 2318 2184
f 2184 2318 2319
f 2184 2319 2185
f 2185 2319 2291
f 2185 2291 2186
f 2188 2304 2320
f 2188 2320 2189
f 2189 2320 2191
f 2191 2320 2321
f 2191 2321 2192
f 2192 2321 2323
f 2192 2323 2322
f 2194 2196 2325
f 2194 2325 2324
f 2198 2264 2199
f 2199 2264 2201
f 2199 2201 2200
f 2201 2264 2202
f 2202 2264 2326
f 2202 2326 2203
f 2203 2326 2327
f 2203 2327 2205
f 2204 2328 2206
f 2204 2205 2329
f 2204 2329 2328
f 2205 2330 2329
f 2205 2327 2331
f 2205 2331 2332
f 2205 2332 2330
f 2206 2328 2207
f 2207 2328 2330
f 2207 2330 2333
f 2207 2333 2332
f 2207 2332 2334
f 2207 2334 2335
f 2207 2335 2208
f 2208 2336 2210
f 2208 2335 2336
f 2209 2220 2221
f 2210 2337 2338
f 2210 2338 2339
f 2210 2339 2211
f 2210 2336 2340
f 2210 2340 2337
f 2211 2339 2341
f 2211 2341 2342
f 2211 2342 2212
f 2212 2342 2343
f 2212 2343 2213
f 2213 2343 2215
f 2213 2215 2214
f 2215 2344 2345
f 2215 2345 2346
f 2215 2346 2347
f 2215 2347 2348
f 2215 2348 2349
f 2215 2349 2217
f 2215 2217 2216
f 2215 2343 2344
f 2217 2349 2218
f 2218 2349 2350
f 2218 2350 2219
f 2219 2350 2221
f 2219 2221 2220
f 2221 2351 2352
f 2221 2352 2353
f 2221 2353 2222
f 2221 2350 2349
f 2221 2349 2351
f 2222 2354 2226
f 2222 2226 2223
f 2222 2353 2354
f 2223 2225 2224
f 2226 2354 2227
f 2227 2355 2356
f 2227 2356 2230
f 2227 2230 2228
f 2227 2354 2355
f 2229 2233 2234
f 2230 2356 2231
f 2231 2356 2233
f 2231 2233 2232
f 2233 2357 2235
f 2233 2356 2358
f 2233 2358 2359
f 2233 2359 2357
f 2235 2357 2236
f 2236 2360 2237
f 2236 2357 2361
f 2236 2361 2360
f 2237 2360 2362
f 2237 2362 2238
f 2238 2362 2363
f 2238 2363 2239
f 2239 2363 2364
f 2239 2364 2240
f 2240 2364 2267
f 2240 2267 2241
f 2241 2267 2266
f 2242 2261 2243
f 2243 2261 2365
f 2243 2365 2244
f 2244 2365 2366
f 2244 2366 2245
f 2245 2366 2367
f 2245 2367 2368
f 2245 2368 2369
f 2245 2369 2370
f 2245 2370 2246
f 2246 2370 2326
f 2246 2326 2265
f 2248 2371 2372
f 2248 2372 2249
f 2249 2372 2250
f 2250 2373 2374
f 2250 2374 2375
f 2250 2375 2376
f 2250 2376 2251
f 2250 2372 2373
f 2251 2376 2508
f 2251 2508 2377
f 2251 2377 2380
f 2251 2380 2254
f 2252 2378 2253
f 2252 2255 2378
f 2253 2378 2379
f 2253 2379 2259
f 2254 2380 2255
f 2255 2380 2381
f 2255 2381 2382
f 2255 2382 2379
f 2255 2379 2378
f 2256 2259 2383
f 2256 2383 2384
f 2256 2384 2517
f 2256 2517 2385
f 2256 2385 2257
f 2257 2385 2260
f 2257 2260 2258
f 2259 2379 2386
f 2259 2386 2387
f 2259 2387 2388
f 2259 2388 2383
f 2260 2385 2389
f 2260 2389 2390
f 2260 2390 2391
f 2260 2391 2392
f 2260 2392 2261
f 2261 2392 2393
f 2261 2393 2394
f 2261 2394 2365
f 2262 2265 2263
f 2263 2265 2264
f 2264 2265 2326
f 2267 2364 2395
f 2267 2395 2396
f 2267 2396 2397
f 2267 2397 2398
f 2267 2398 2399
f 2267 2399 2269
f 2267 2269 2268
f 2269 2399 2398
f 2269 2398 2272
f 2269 2272 2270
f 2271 2281 2400
f 2271 2400 2282
f 2272 2398 2274
f 2272 2274 2273
f 2274 2397 2401
f 2274 2401 2275
f 2274 2398 2397
f 2275 2401 2276
f 2276 2401 2402
f 2276 2402 2403
f 2276 2403 2404
f 2276 2404 2277
f 2277 2404 2278
f 2278 2404 2405
f 2278 2405 2279
f 2279 2405 2406
f 2279 2406 2281
f 2279 2281 2280
f 2281 2406 2407
f 2281 2407 2408
f 2281 2408 2400
f 2282 2400 2409
f 2282 2409 2283
f 2283 2409 2410
f 2283 2410 2285
f 2284 2285 2411
f 2284 2411 2286
f 2285 2410 2412
f 2285 2412 2413
f 2285 2413 2411
f 2286 2411 2287
f 2287 2411 2414
f 2287 2414 2288
f 2288 2414 2289
f 2289 2414 2415
f 2289 2415 2416
f 2289 2416 2305
f 2289 2305 2290
f 2291 2319 2417
f 2291 2417 2292
f 2292 2417 2418
f 2292 2418 2419
f 2292 2419 2293
f 2293 2419 2294
f 2294 2419 2295
f 2295 2419 2420
f 2295 2420 2421
f 2295 2421 2296
f 2296 2421 2297
f 2297 2299 2298
f 2297 2421 2422
f 2297 2422 2423
f 2297 2423 2299
f 2299 2423 2300
f 2300 2423 2424
f 2300 2424 2425
f 2300 2425 2301
f 2301 2425 2302
f 2302 2425 2426
f 2302 2426 2303
f 2303 2426 2427
f 2303 2427 2304
f 2304 2427 2428
f 2304 2428 2320
f 2305 2416 2306
f 2306 2429 2430
f 2306 2430 2431
f 2306 2431 2432
f 2306 2432 2307
f 2306 2416 2429
f 2307 2432 2308
f 2308 2432 2433
f 2308 2433 2434
f 2308 2434 2309
f 2309 2434 2310
f 2310 2434 2435
f 2310 2435 2436
f 2310 2436 2311
f 2311 2436 2437
f 2311 2437 2312
f 2312 2437 2438
f 2312 2438 2313
f 2313 2438 2439
f 2313 2439 2314
f 2314 2439 2440
f 2314 2440 2441
f 2314 2441 2315
f 2315 2441 2442
f 2315 2442 2316
f 2316 2442 2443
f 2316 2443 2317
f 2317 2443 2444
f 2317 2444 2445
f 2317 2445 2319
f 2317 2319 2318
f 2319 2445 2446
f 2319 2446 2447
f 2319 2447 2417
f 2320 2428 2321
f 2321 2428 2323
f 2322 2323 2448
f 2323 2428 2449
f 2323 2449 2450
f 2323 2450 2448
f 2324 2325 2451
f 2324 2451 2452
f 2324 2452 2453
f 2326 2370 2327
f 2327 2370 2454
f 2327 2454 2331
f 2328 2329 2330
f 2330 2332 2333
f 2331 2454 2455
f 2331 2455 2332
f 2332 2455 2456
f 2332 2456 2457
f 2332 2457 2334
f 2334 2458 2335
f 2334 2457 2459
f 2334 2459 2460
f 2334 2460 2461
f 2334 2461 2462
f 2334 2462 2458
f 2335 2463 2340
f 2335 2340 2336
f 2335 2458 2463
f 2337 2464 2465
f 2337 2465 2338
f 2337 2340 2464
f 2338 2465 2466
f 2338 2466 2341
f 2338 2341 2339
f 2340 2463 2458
f 2340 2458 2467
f 2340 2467 2468
f 2340 2468 2469
f 2340 2469 2464
f 2341 2466 2343
f 2341 2343 2342
f 2343 2470 2471
f 2343 2471 2472
f 2343 2472 2344
f 2343 2466 2473
f 2343 2473 2470
f 2344 2472 2345
f 2345 2472 2474
f 2345 2474 2475
f 2345 2475 2346
f 2346 2475 2347
f 2347 2475 2476
f 2347 2476 2477
f 2347 2477 2478
f 2347 2478 2479
f 2347 2479 2480
f 2347 2480 2351
f 2347 2351 2349
f 2347 2349 2348
f 2351 2480 2352
f 2352 2480 2481
f 2352 2481 2353
f 2353 2481 2354
f 2354 2482 2355
f 2354 2481 2482
f 2355 2482 2356
f 2356 2482 2480
f 2356 2480 2483
f 2356 2483 2484
f 2356 2484 2485
f 2356 2485 2358
f 2357 2359 2486
f 2357 2486 2487
f 2357 2487 2361
f 2358 2485 2359
f 2359 2485 2488
f 2359 2488 2486
f 2360 2361 2487
f 2360 2487 2489
f 2360 2489 2490
f 2360 2490 2362
f 2362 2490 2363
f 2363 2395 2364
f 2363 2490 2491
f 2363 2491 2395
f 2365 2394 2492
f 2365 2492 2493
f 2365 2493 2367
f 2365 2367 2366
f 2367 2493 2494
f 2367 2494 2368
f 2368 2494 2495
f 2368 2495 2496
f 2368 2496 2498
f 2368 2498 2369
f 2369 2497 2370
f 2369 2498 2497
f 2370 2497 2499
f 2370 2499 2454
f 2371 2500 2501
f 2371 2501 2372
f 2372 2501 2502
f 2372 2502 2373
f 2373 2502 2374
f 2374 2503 2504
f 2374 2504 2375
f 2374 2502 2505
f 2374 2505 2503
f 2375 2504 2376
f 2376 2506 2648
f 2376 2648 2507
f 2376 2507 2508
f 2376 2504 2506
f 2377 2508 2509
f 2377 2509 2511
f 2377 2511 2380
f 2379 2510 2386
f 2379 2382 2513
f 2379 2513 2510
f 2380 2511 2512
f 2380 2512 2381
f 2381 2512 2382
f 2382 2512 2513
f 2383 2514 2384
f 2383 2388 2526
f 2383 2526 2514
f 2384 2515 2516
f 2384 2516 2517
f 2384 2514 2515
f 2385 2517 2518
f 2385 2518 2389
f 2386 2510 2519
f 2386 2519 2387
f 2387 2520 2388
f 2387 2519 2521
f 2387 2521 2522
f 2387 2522 2520
f 2388 2520 2523
f 2388 2523 2524
f 2388 2524 2525
f 2388 2525 2526
f 2389 2518 2390
f 2390 2518 2516
f 2390 2516 2527
f 2390 2527 2391
f 2391 2527 2528
f 2391 2528 2392
f 2392 2528 2393
f 2393 2492 2394
f 2393 2528 2631
f 2393 2631 2492
f 2395 2491 2396
f 2396 2491 2529
f 2396 2529 2530
f 2396 2530 2531
f 2396 2531 2397
f 2397 2531 2532
f 2397 2532 2401
f 2400 2408 2409
f 2401 2532 2402
f 2402 2532 2533
f 2402 2533 2403
f 2403 2405 2404
f 2403 2533 2534
f 2403 2534 2535
f 2403 2535 2536
f 2403 2536 2537
f 2403 2537 2405
f 2405 2537 2538
f 2405 2538 2539
f 2405 2539 2540
f 2405 2540 2541
f 2405 2541 2542
f 2405 2542 2406
f 2406 2542 2543
f 2406 2543 2407
f 2407 2543 2408
f 2408 2543 2544
f 2408 2544 2545
f 2408 2545 2546
f 2408 2546 2409
f 2409 2546 2410
f 2410 2546 2547
f 2410 2547 2412
f 2411 2413 2414
f 2412 2547 2548
f 2412 2548 2413
f 2413 2548 2549
f 2413 2549 2415
f 2413 2415 2414
f 2415 2549 2429
f 2415 2429 2416
f 2417 2447 2418
f 2418 2447 2419
f 2419 2447 2550
f 2419 2550 2551
f 2419 2551 2420
f 2420 2551 2552
f 2420 2552 2421
f 2421 2552 2553
f 2421 2553 2422
f 2422 2553 2554
f 2422 2554 2423
f 2423 2554 2424
f 2424 2554 2555
f 2424 2555 2425
f 2425 2555 2556
f 2425 2556 2427
f 2425 2427 2426
f 2427 2556 2557
f 2427 2557 2449
f 2427 2449 2428
f 2429 2549 2430
f 2430 2549 2558
f 2430 2558 2559
f 2430 2559 2560
f 2430 2560 2561
f 2430 2561 2431
f 2431 2561 2562
f 2431 2562 2432
f 2432 2562 2563
f 2432 2563 2433
f 2433 2563 2564
f 2433 2564 2434
f 2434 2564 2565
f 2434 2565 2435
f 2435 2565 2566
f 2435 2566 2436
f 2436 2566 2567
f 2436 2567 2437
f 2437 2567 2568
f 2437 2568 2569
f 2437 2569 2438
f 2438 2569 2570
f 2438 2570 2439
f 2439 2570 2440
f 2440 2570 2571
f 2440 2571 2441
f 2441 2571 2572
f 2441 2572 2442
f 2442 2444 2443
f 2442 2572 2571
f 2442 2571 2573
f 2442 2573 2574
f 2442 2574 2575
f 2442 2575 2576
f 2442 2576 2577
f 2442 2577 2578
f 2442 2578 2444
f 2444 2578 2579
f 2444 2579 2446
f 2444 2446 2445
f 2446 2579 2447
f 2447 2579 2580
f 2447 2580 2550
f 2448 2450 2581
f 2449 2557 2582
f 2449 2582 2583
f 2449 2583 2450
f 2450 2583 2584
f 2450 2584 2585
f 2450 2585 2586
f 2450 2586 2581
f 2452 2587 2453
f 2453 2587 2588
f 2454 2589 2455
f 2454 2499 2590
f 2454 2590 2589
f 2455 2589 2456
f 2456 2459 2457
f 2456 2589 2590
f 2456 2590 2591
f 2456 2591 2592
f 2456 2592 2593
f 2456 2593 2594
f 2456 2594 2595
f 2456 2595 2596
f 2456 2596 2597
f 2456 2597 2598
f 2456 2598 2599
f 2456 2599 2459
f 2458 2600 2467
f 2458 2462 2601
f 2458 2601 2602
f 2458 2602 2603
f 2458 2603 2600
f 2459 2599 2460
f 2460 2599 2461
f 2461 2601 2462
f 2461 2599 2604
f 2461 2604 2605
f 2461 2605 2601
f 2464 2469 2465
f 2465 2606 2466
f 2465 2469 2606
f 2466 2606 2607
f 2466 2607 2608
f 2466 2608 2473
f 2467 2600 2468
f 2468 2600 2609
f 2468 2609 2469
f 2469 2609 2610
f 2469 2610 2611
f 2469 2611 2606
f 2470 2473 2471
f 2471 2612 2474
f 2471 2474 2472
f 2471 2473 2613
f 2471 2613 2612
f 2473 2608 2614
f 2473 2614 2615
f 2473 2615 2616
f 2473 2616 2617
f 2473 2617 2613
f 2474 2618 2619
f 2474 2619 2475
f 2474 2612 2618
f 2475 2619 2620
f 2475 2620 2621
f 2475 2621 2622
f 2475 2622 2476
f 2476 2622 2477
f 2477 2622 2623
f 2477 2623 2478
f 2478 2623 2624
f 2478 2624 2484
f 2478 2484 2483
f 2478 2483 2479
f 2479 2483 2480
f 2480 2482 2481
f 2484 2625 2485
f 2484 2624 2625
f 2485 2625 2488
f 2486 2626 2487
f 2486 2488 2627
f 2486 2627 2628
f 2486 2628 2626
f 2487 2626 2489
f 2488 2625 2627
f 2489 2629 2490
f 2489 2626 2630
f 2489 2630 2629
f 2490 2629 2529
f 2490 2529 2491
f 2492 2494 2493
f 2492 2631 2494
f 2494 2631 2632
f 2494 2632 2633
f 2494 2633 2495
f 2495 2633 2496
f 2496 2633 2634
f 2496 2634 2498
f 2497 2498 2635
f 2497 2635 2636
f 2497 2636 2499
f 2498 2634 2637
f 2498 2637 2635
f 2499 2636 2591
f 2499 2591 2590
f 2500 2638 2501
f 2501 2638 2639
f 2501 2639 2640
f 2501 2640 2641
f 2501 2641 2642
f 2501 2642 2502
f 2502 2641 2505
f 2502 2642 2641
f 2503 2643 2644
f 2503 2644 2645
f 2503 2645 2504
f 2503 2505 2641
f 2503 2641 2646
f 2503 2646 2643
f 2504 2645 2805
f 2504 2805 2647
f 2504 2647 2506
f 2506 2647 2648
f 2507 2648 2649
f 2507 2649 2509
f 2507 2509 2508
f 2509 2649 2809
f 2509 2809 2650
f 2509 2650 2651
f 2509 2651 2511
f 2510 2513 2519
f 2511 2651 2652
f 2511 2652 2512
f 2512 2652 2653
f 2512 2653 2513
f 2513 2653 2654
f 2513 2654 2519
f 2514 2526 2655
f 2514 2655 2656
f 2514 2656 2515
f 2515 2657 2516
f 2515 2656 2658
f 2515 2658 2657
f 2516 2518 2517
f 2516 2657 2659
f 2516 2659 2527
f 2519 2660 2521
f 2519 2654 2661
f 2519 2661 2662
f 2519 2662 2660
f 2520 2663 2523
f 2520 2522 2664
f 2520 2664 2663
f 2521 2660 2665
f 2521 2665 2522
f 2522 2665 2666
f 2522 2666 2664
f 2523 2663 2667
f 2523 2667 2668
f 2523 2668 2669
f 2523 2669 2524
f 2524 2669 2670
f 2524 2670 2671
f 2524 2671 2525
f 2525 2671 2672
f 2525 2672 2655
f 2525 2655 2526
f 2527 2659 2632
f 2527 2632 2528
f 2528 2632 2631
f 2529 2629 2530
f 2530 2629 2673
f 2530 2673 2674
f 2530 2674 2675
f 2530 2675 2532
f 2530 2532 2531
f 2532 2675 2676
f 2532 2676 2533
f 2533 2676 2677
f 2533 2677 2534
f 2534 2677 2678
f 2534 2678 2679
f 2534 2679 2535
f 2535 2679 2536
f 2536 2538 2537
f 2536 2679 2680
f 2536 2680 2681
f 2536 2681 2682
f 2536 2682 2683
f 2536 2683 2684
f 2536 2684 2685
f 2536 2685 2538
f 2538 2685 2540
f 2538 2540 2539
f 2540 2686 2687
f 2540 2687 2688
f 2540 2688 2541
f 2540 2685 2689
f 2540 2689 2686
f 2541 2688 2542
f 2542 2688 2690
f 2542 2690 2543
f 2543 2690 2691
f 2543 2691 2692
f 2543 2692 2544
f 2544 2692 2693
f 2544 2693 2545
f 2545 2694 2546
f 2545 2693 2695
f 2545 2695 2696
f 2545 2696 2694
f 2546 2694 2547
f 2547 2694 2697
f 2547 2697 2548
f 2548 2697 2558
f 2548 2558 2549
f 2550 2580 2698
f 2550 2698 2699
f 2550 2699 2551
f 2551 2699 2700
f 2551 2700 2552
f 2552 2700 2701
f 2552 2701 2702
f 2552 2702 2553
f 2553 2703 2704
f 2553 2704 2705
f 2553 2705 2706
f 2553 2706 2554
f 2553 2702 2703
f 2554 2706 2555
f 2555 2706 2707
f 2555 2707 2556
f 2556 2707 2582
f 2556 2582 2557
f 2558 2697 2559
f 2559 2708 2709
f 2559 2709 2710
f 2559 2710 2560
f 2559 2697 2708
f 2560 2710 2711
f 2560 2711 2561
f 2561 2711 2562
f 2562 2711 2712
f 2562 2712 2563
f 2563 2712 2713
f 2563 2713 2564
f 2564 2713 2714
f 2564 2714 2565
f 2565 2714 2715
f 2565 2715 2566
f 2566 2715 2716
f 2566 2716 2568
f 2566 2568 2567
f 2568 2716 2717
f 2568 2717 2718
f 2568 2718 2719
f 2568 2719 2720
f 2568 2720 2721
f 2568 2721 2722
f 2568 2722 2723
f 2568 2723 2570
f 2568 2570 2569
f 2570 2723 2721
f 2570 2721 2724
f 2570 2724 2725
f 2570 2725 2726
f 2570 2726 2574
f 2570 2574 2571
f 2571 2574 2573
f 2574 2726 2727
f 2574 2727 2728
f 2574 2728 2575
f 2575 2728 2576
f 2576 2728 2729
f 2576 2729 2730
f 2576 2730 2577
f 2577 2730 2731
f 2577 2731 2579
f 2577 2579 2578
f 2579 2731 2580
f 2580 2731 2698
f 2582 2732 2584
f 2582 2584 2583
f 2582 2707 2732
f 2584 2732 2733
f 2584 2733 2734
f 2584 2734 2585
f 2587 2735 2588
f 2588 2735 2736
f 2591 2636 2737
f 2591 2737 2738
f 2591 2738 2592
f 2592 2738 2593
f 2593 2738 2594
f 2594 2739 2740
f 2594 2740 2741
f 2594 2741 2742
f 2594 2742 2743
f 2594 2743 2744
f 2594 2744 2595
f 2594 2738 2739
f 2595 2744 2596
f 2596 2744 2745
f 2596 2745 2746
f 2596 2746 2597
f 2597 2746 2747
f 2597 2747 2748
f 2597 2748 2749
f 2597 2749 2750
f 2597 2750 2751
f 2597 2751 2598
f 2598 2751 2604
f 2598 2604 2599
f 2600 2752 2753
f 2600 2753 2754
f 2600 2754 2609
f 2600 2603 2755
f 2600 2755 2756
f 2600 2756 2752
f 2601 2605 2602
f 2602 2605 2757
f 2602 2757 2603
f 2603 2757 2758
f 2603 2758 2755
f 2604 2751 2759
f 2604 2759 2605
f 2605 2759 2757
f 2606 2611 2760
f 2606 2760 2761
f 2606 2761 2607
f 2607 2761 2608
f 2608 2761 2614
f 2609 2762 2610
f 2609 2754 2753
f 2609 2753 2762
f 2610 2762 2763
f 2610 2763 2764
f 2610 2764 2611
f 2611 2764 2760
f 2612 2613 2765
f 2612 2765 2766
f 2612 2766 2767
f 2612 2767 2618
f 2613 2617 2765
f 2614 2761 2768
f 2614 2768 2769
f 2614 2769 2615
f 2615 2769 2616
f 2616 2769 2770
f 2616 2770 2771
f 2616 2771 2772
f 2616 2772 2773
f 2616 2773 2617
f 2617 2773 2774
f 2617 2774 2765
f 2618 2767 2775
f 2618 2775 2776
f 2618 2776 2777
f 2618 2777 2619
f 2619 2777 2778
f 2619 2778 2620
f 2620 2778 2621
f 2621 2779 2780
f 2621 2780 2623
f 2621 2623 2622
f 2621 2778 2779
f 2623 2780 2625
f 2623 2625 2624
f 2625 2780 2627
f 2626 2628 2781
f 2626 2781 2630
f 2627 2780 2782
f 2627 2782 2628
f 2628 2783 2781
f 2628 2782 2784
f 2628 2784 2783
f 2629 2630 2785
f 2629 2785 2673
f 2630 2781 2785
f 2632 2786 2633
f 2632 2659 2821
f 2632 2821 2786
f 2633 2787 2788
f 2633 2788 2634
f 2633 2786 2787
f 2634 2788 2637
f 2635 2789 2636
f 2635 2637 2789
f 2636 2789 2790
f 2636 2790 2737
f 2637 2788 2791
f 2637 2791 2792
f 2637 2792 2793
f 2637 2793 2794
f 2637 2794 2790
f 2637 2790 2789
f 2639 2795 2646
f 2639 2646 2640
f 2640 2646 2641
f 2643 2796 2797
f 2643 2797 2798
f 2643 2798 2799
f 2643 2799 2644
f 2643 2646 2800
f 2643 2800 2801
f 2643 2801 2796
f 2644 2799 2802
f 2644 2802 2803
f 2644 2803 2804
f 2644 2804 2805
f 2644 2805 2645
f 2646 2795 2962
f 2646 2962 2800
f 2647 2805 2806
f 2647 2806 2648
f 2648 2806 2807
f 2648 2807 2649
f 2649 2807 2808
f 2649 2808 2809
f 2650 2810 2812
f 2650 2812 2651
f 2650 2809 2811
f 2650 2811 2810
f 2651 2812 2813
f 2651 2813 2652
f 2652 2814 2653
f 2652 2813 2815
f 2652 2815 2814
f 2653 2814 2816
f 2653 2816 2817
f 2653 2817 2661
f 2653 2661 2654
f 2655 2818 2658
f 2655 2658 2656
f 2655 2672 2818
f 2657 2658 2819
f 2657 2819 2820
f 2657 2820 2821
f 2657 2821 2659
f 2658 2822 2820
f 2658 2820 2819
f 2658 2818 2823
f 2658 2823 2822
f 2660 2662 2665
f 2661 2817 2824
f 2661 2824 2662
f 2662 2824 2825
f 2662 2825 2826
f 2662 2826 2827
f 2662 2827 2665
f 2663 2828 2667
f 2663 2664 2828
f 2664 2666 2829
f 2664 2829 2828
f 2665 2827 2830
f 2665 2830 2666
f 2666 2830 2831
f 2666 2831 2832
f 2666 2832 2829
f 2667 2828 2833
f 2667 2833 2668
f 2668 2833 2669
f 2669 2834 2670
f 2669 2833 2834
f 2670 2834 2835
f 2670 2835 2836
f 2670 2836 2671
f 2671 2836 2837
f 2671 2837 2818
f 2671 2818 2672
f 2673 2785 2838
f 2673 2838 2674
f 2674 2838 2839
f 2674 2839 2840
f 2674 2840 2675
f 2675 2840 2677
f 2675 2677 2676
f 2677 2679 2678
f 2677 2840 2839
f 2677 2839 2841
f 2677 2841 2842
f 2677 2842 2843
f 2677 2843 2844
f 2677 2844 2845
f 2677 2845 2679
f 2679 2845 2844
f 2679 2844 2846
f 2679 2846 2680
f 2680 2846 2681
f 2681 2846 2844
f 2681 2844 2847
f 2681 2847 2848
f 2681 2848 2849
f 2681 2849 2683
f 2681 2683 2682
f 2683 2850 2851
f 2683 2851 2684
f 2683 2849 2852
f 2683 2852 2853
f 2683 2853 2854
f 2683 2854 2855
f 2683 2855 2856
f 2683 2856 2857
f 2683 2857 2858
f 2683 2858 2850
f 2684 2851 2685
f 2685 2851 2689
f 2686 2689 2859
f 2686 2859 2687
f 2687 2859 2860
f 2687 2860 2861
f 2687 2861 2691
f 2687 2691 2688
f 2688 2691 2690
f 2689 2851 2850
f 2689 2850 2858
f 2689 2858 2862
f 2689 2862 2863
f 2689 2863 2859
f 2691 2864 2692
f 2691 2861 2865
f 2691 2865 2864
f 2692 2866 2693
f 2692 2864 2866
f 2693 2866 2867
f 2693 2867 2695
f 2694 2696 2697
f 2695 2867 2696
f 2696 2867 2868
f 2696 2868 2708
f 2696 2708 2697
f 2698 2731 2869
f 2698 2869 2699
f 2699 2869 2870
f 2699 2870 2700
f 2700 2870 2701
f 2701 2870 2871
f 2701 2871 2703
f 2701 2703 2702
f 2703 2871 2872
f 2703 2872 2704
f 2704 2872 2705
f 2705 2707 2706
f 2705 2872 2732
f 2705 2732 2707
f 2708 2868 2709
f 2709 2868 2873
f 2709 2873 2710
f 2710 2873 2874
f 2710 2874 2875
f 2710 2875 2711
f 2711 2875 2876
f 2711 2876 2712
f 2712 2876 2877
f 2712 2877 2713
f 2713 2877 2714
f 2714 2877 2878
f 2714 2878 2879
f 2714 2879 2715
f 2715 2879 2716
f 2716 2879 2880
f 2716 2880 2717
f 2717 2880 2881
f 2717 2881 2718
f 2718 2720 2719
f 2718 2881 2882
f 2718 2882 2883
f 2718 2883 2884
f 2718 2884 2885
f 2718 2885 2720
f 2720 2885 2721
f 2721 2885 2886
f 2721 2886 2887
f 2721 2887 2888
f 2721 2888 2889
f 2721 2889 2890
f 2721 2890 2725
f 2721 2725 2724
f 2721 2723 2722
f 2725 2890 2726
f 2726 2890 2891
f 2726 2891 2892
f 2726 2892 2893
f 2726 2893 2727
f 2727 2893 2894
f 2727 2894 2895
f 2727 2895 2728
f 2728 2895 2729
f 2729 2895 2896
f 2729 2896 2897
f 2729 2897 2730
f 2730 2897 2898
f 2730 2898 2731
f 2731 2898 2899
f 2731 2899 2869
f 2732 2872 2733
f 2733 2872 2900
f 2733 2900 2734
f 2734 2900 2901
f 2735 2902 2736
f 2736 2902 2903
f 2737 2790 2904
f 2737 2904 2738
f 2738 2904 2739
f 2739 2904 2905
f 2739 2905 2740
f 2740 2905 2906
f 2740 2906 2907
f 2740 2907 2741
f 2741 2907 2742
f 2742 2908 2743
f 2742 2907 2909
f 2742 2909 2908
f 2743 2910 2744
f 2743 2908 2910
f 2744 2911 2745
f 2744 2910 2911
f 2745 2911 2912
f 2745 2912 2746
f 2746 2912 2913
f 2746 2913 2747
f 2747 2914 2915
f 2747 2915 2916
f 2747 2916 2917
f 2747 2917 2749
f 2747 2749 2748
f 2747 2913 2918
f 2747 2918 2914
f 2749 2917 2919
f 2749 2919 2920
f 2749 2920 2921
f 2749 2921 2750
f 2750 2921 2922
f 2750 2922 2757
f 2750 2757 2759
f 2750 2759 2751
f 2752 2923 2924
f 2752 2924 2753
f 2752 2756 2925
f 2752 2925 2926
f 2752 2926 2927
f 2752 2927 2923
f 2753 2924 2762
f 2755 2758 2928
f 2755 2928 2929
f 2755 2929 2925
f 2755 2925 2756
f 2757 2922 2930
f 2757 2930 2758
f 2758 2930 2931
f 2758 2931 2928
f 2760 2932 2761
f 2760 2764 2932
f 2761 2932 2933
f 2761 2933 2934
f 2761 2934 2768
f 2762 2924 2935
f 2762 2935 2936
f 2762 2936 2763
f 2763 2932 2764
f 2763 2936 2937
f 2763 2937 2932
f 2765 2774 2767
f 2765 2767 2766
f 2767 2774 2773
f 2767 2773 2772
f 2767 2772 2938
f 2767 2938 2939
f 2767 2939 2940
f 2767 2940 2941
f 2767 2941 2776
f 2767 2776 2775
f 2768 2934 2942
f 2768 2942 2769
f 2769 2942 2770
f 2770 2942 2943
f 2770 2943 2934
f 2770 2934 2944
f 2770 2944 2945
f 2770 2945 2946
f 2770 2946 2947
f 2770 2947 2948
f 2770 2948 2949
f 2770 2949 2950
f 2770 2950 2771
f 2771 2950 2938
f 2771 2938 2772
f 2776 2941 2951
f 2776 2951 2777
f 2777 2951 2778
f 2778 2951 2952
f 2778 2952 2953
f 2778 2953 2779
f 2779 2953 2784
f 2779 2784 2780
f 2780 2784 2782
f 2781 2838 2785
f 2781 2783 2784
f 2781 2784 2954
f 2781 2954 2955
f 2781 2955 2838
f 2784 2953 2956
f 2784 2956 2954
f 2786 2957 2958
f 2786 2958 2787
f 2786 2821 2995
f 2786 2995 2957
f 2787 2958 2959
f 2787 2959 2792
f 2787 2792 2791
f 2787 2791 2788
f 2790 2794 2904
f 2792 2959 2960
f 2792 2960 2961
f 2792 2961 2793
f 2793 2904 2794
f 2793 2961 2904
f 2796 2801 2963
f 2796 2963 2964
f 2796 2964 2797
f 2797 2964 2965
f 2797 2965 2966
f 2797 2966 2798
f 2798 2966 2967
f 2798 2967 2968
f 2798 2968 2969
f 2798 2969 2970
f 2798 2970 2799
f 2799 2970 2971
f 2799 2971 2802
f 2800 2963 2801
f 2800 2962 2963
f 2802 2971 2972
f 2802 2972 2973
f 2802 2973 2803
f 2803 2973 2974
f 2803 2974 2975
f 2803 2975 2976
f 2803 2976 2804
f 2804 2976 2977
f 2804 2977 2807
f 2804 2807 2806
f 2804 2806 2805
f 2807 2977 2978
f 2807 2978 2808
f 2808 2978 2979
f 2808 2979 2980
f 2808 2980 2809
f 2809 2980 2811
f 2810 2811 2981
f 2810 2981 2985
f 2810 2985 2812
f 2811 2982 2983
f 2811 2983 2984
f 2811 2984 2981
f 2811 2980 2979
f 2811 2979 2982
f 2812 2985 2813
f 2813 2985 2815
f 2814 2815 2986
f 2814 2986 2816
f 2815 2985 2987
f 2815 2987 2988
f 2815 2988 2989
f 2815 2989 2986
f 2816 2990 2824
f 2816 2824 2817
f 2816 2986 2990
f 2818 2991 2992
f 2818 2992 2823
f 2818 2837 2991
f 2820 2823 2993
f 2820 2993 2994
f 2820 2994 2821
f 2820 2822 2823
f 2821 2994 2995
f 2823 2996 2997
f 2823 2997 2993
f 2823 2992 2996
f 2824 2990 2825
f 2825 2990 2826
f 2826 2998 2827
f 2826 2990 2999
f 2826 2999 3000
f 2826 3000 2998
f 2827 2998 2830
f 2828 3001 2833
f 2828 2829 3002
f 2828 3002 3003
f 2828 3003 3004
f 2828 3004 3001
f 2829 2832 3005
f 2829 3005 3006
f 2829 3006 3002
f 2830 2998 3007
f 2830 3007 3008
f 2830 3008 3009
f 2830 3009 3010
f 2830 3010 2831
f 2831 3010 3011
f 2831 3011 3012
f 2831 3012 3013
f 2831 3013 3014
f 2831 3014 3015
f 2831 3015 3016
f 2831 3016 3017
f 2831 3017 2832
f 2832 3018 3005
f 2832 3017 3018
f 2833 3001 3019
f 2833 3019 3020
f 2833 3020 3021
f 2833 3021 3022
f 2833 3022 3023
f 2833 3023 3024
f 2833 3024 2834
f 2834 3024 2835
f 2835 3024 3023
f 2835 3023 3025
f 2835 3025 2991
f 2835 2991 2836
f 2836 2991 2837
f 2838 2955 2839
f 2839 2955 3026
f 2839 3026 3027
f 2839 3027 3028
f 2839 3028 2842
f 2839 2842 2841
f 2842 3027 3029
f 2842 3029 3030
f 2842 3030 3031
f 2842 3031 3032
f 2842 3032 3033
f 2842 3033 2844
f 2842 2844 2843
f 2842 3028 3027
f 2844 3033 3034
f 2844 3034 3035
f 2844 3035 2847
f 2847 3035 2848
f 2848 3035 2852
f 2848 2852 2849
f 2852 3036 3037
f 2852 3037 3038
f 2852 3038 2853
f 2852 3035 3036
f 2853 3038 2854
f 2854 3038 3039
f 2854 3039 3040
f 2854 3040 2855
f 2855 3040 2856
f 2856 3040 3041
f 2856 3041 3042
f 2856 3042 3043
f 2856 3043 3044
f 2856 3044 3045
f 2856 3045 3046
f 2856 3046 3047
f 2856 3047 3048
f 2856 3048 3049
f 2856 3049 2862
f 2856 2862 2857
f 2857 2862 2858
f 2859 2863 2860
f 2860 2863 3050
f 2860 3050 3051
f 2860 3051 3052
f 2860 3052 3053
f 2860 3053 2861
f 2861 3053 2865
f 2862 3049 3048
f 2862 3048 2863
f 2863 3048 3050
f 2864 2865 3054
f 2864 3054 2866
f 2865 3053 3055
f 2865 3055 3054
f 2866 3054 3056
f 2866 3056 2867
f 2867 3056 3057
f 2867 3057 2868
f 2868 3057 3058
f 2868 3058 2873
f 2869 2899 3059
f 2869 3059 2870
f 2870 2899 3060
f 2870 3060 2871
f 2870 3059 2899
f 2871 3060 3061
f 2871 3061 2872
f 2872 3061 3062
f 2872 3062 3063
f 2872 3063 2900
f 2873 3058 3064
f 2873 3064 3065
f 2873 3065 2874
f 2874 3065 2875
f 2875 3065 3066
f 2875 3066 3067
f 2875 3067 2876
f 2876 3067 2877
f 2877 3067 3068
f 2877 3068 2878
f 2878 3068 3069
f 2878 3069 2879
f 2879 3069 3070
f 2879 3070 3071
f 2879 3071 3072
f 2879 3072 2880
f 2880 3072 2881
f 2881 3072 3071
f 2881 3071 3073
f 2881 3073 2882
f 2882 3073 3074
f 2882 3074 2883
f 2883 3075 3076
f 2883 3076 2884
f 2883 3074 3077
f 2883 3077 3078
f 2883 3078 3079
f 2883 3079 3075
f 2884 3076 2885
f 2885 3076 2886
f 2886 3076 2887
f 2887 3080 3081
f 2887 3081 3082
f 2887 3082 3083
f 2887 3083 3084
f 2887 3084 2888
f 2887 3076 3080
f 2888 3084 2889
f 2889 3084 3085
f 2889 3085 2890
f 2890 3085 2891
f 2891 3085 2892
f 2892 3085 2893
f 2893 3086 2895
f 2893 2895 2894
f 2893 3085 3087
f 2893 3087 3088
f 2893 3088 3086
f 2895 3086 3088
f 2895 3088 3089
f 2895 3089 3090
f 2895 3090 3091
f 2895 3091 2897
f 2895 2897 2896
f 2897 3091 3092
f 2897 3092 3093
f 2897 3093 2899
f 2897 2899 3094
f 2897 3094 2898
f 2898 3094 2899
f 2899 3093 3095
f 2899 3095 3096
f 2899 3096 3060
f 2900 3063 3097
f 2900 3097 2901
f 2901 3097 3098
f 2902 3099 2903
f 2903 3099 3100
f 2903 3100 3101
f 2904 2961 2905
f 2905 2961 2906
f 2906 2961 3102
f 2906 3102 3103
f 2906 3103 2907
f 2907 3103 3104
f 2907 3104 2909
f 2908 3105 2910
f 2908 2909 3106
f 2908 3106 3105
f 2909 3104 3107
f 2909 3107 3106
f 2910 3105 3108
f 2910 3108 2911
f 2911 3108 2912
f 2912 3108 2918
f 2912 2918 2913
f 2914 3109 2915
f 2914 2918 3110
f 2914 3110 3109
f 2915 3111 3112
f 2915 3112 2916
f 2915 3109 3111
f 2916 3112 2917
f 2917 3112 3113
f 2917 3113 2919
f 2918 3108 3114
f 2918 3114 3115
f 2918 3115 3116
f 2918 3116 3117
f 2918 3117 3118
f 2918 3118 3110
f 2919 3113 3119
f 2919 3119 3120
f 2919 3120 3121
f 2919 3121 3122
f 2919 3122 2920
f 2920 3122 2922
f 2920 2922 2921
f 2922 3122 2930
f 2923 2927 3123
f 2923 3123 3124
f 2923 3124 2936
f 2923 2936 2935
f 2923 2935 2924
f 2925 2929 2926
f 2926 2929 2927
f 2927 2929 3123
f 2928 2931 3125
f 2928 3125 2929
f 2929 3125 3126
f 2929 3126 3127
f 2929 3127 3128
f 2929 3128 3129
f 2929 3129 3130
f 2929 3130 3131
f 2929 3131 3132
f 2929 3132 3123
f 2930 3122 2931
f 2931 3122 3125
f 2932 3133 2933
f 2932 2937 2936
f 2932 2936 3133
f 2933 3133 3134
f 2933 3134 3135
f 2933 3135 2934
f 2934 3136 3137
f 2934 3137 2945
f 2934 2945 2944
f 2934 2943 2942
f 2934 3135 3138
f 2934 3138 3139
f 2934 3139 3140
f 2934 3140 3136
f 2936 3124 3134
f 2936 3134 3133
f 2938 3141 3142
f 2938 3142 2939
f 2938 2950 3141
f 2939 3142 2940
f 2940 3142 3143
f 2940 3143 3144
f 2940 3144 2941
f 2941 3144 2952
f 2941 2952 2951
f 2945 3137 3136
f 2945 3136 3145
f 2945 3145 2946
f 2946 3145 3146
f 2946 3146 3147
f 2946 3147 3148
f 2946 3148 3149
f 2946 3149 2947
f 2947 3149 3150
f 2947 3150 3151
f 2947 3151 2948
f 2948 3151 2949
f 2949 3151 3150
f 2949 3150 3152
f 2949 3152 3153
f 2949 3153 2950
f 2950 3153 3141
f 2952 3154 2956
f 2952 2956 2953
f 2952 3144 3154
f 2954 2956 3155
f 2954 3155 2955
f 2955 3155 3026
f 2956 3027 3155
f 2956 3154 3027
f 2957 3156 2958
f 2957 2995 3196
f 2957 3196 3156
f 2958 3156 2959
f 2959 3156 2960
f 2960 3102 2961
f 2960 3156 3157
f 2960 3157 3102
f 2962 3158 2963
f 2963 3158 2964
f 2964 3158 3159
f 2964 3159 3160
f 2964 3160 3161
f 2964 3161 2965
f 2965 3161 2966
f 2966 3162 3163
f 2966 3163 2967
f 2966 3161 3162
f 2967 3163 2968
f 2968 3164 3165
f 2968 3165 3166
f 2968 3166 3167
f 2968 3167 3168
f 2968 3168 3169
f 2968 3169 2969
f 2968 3163 3170
f 2968 3170 3164
f 2969 3169 3171
f 2969 3171 2970
f 2970 3171 2971
f 2971 3171 3172
f 2971 3172 2973
f 2971 2973 2972
f 2973 3172 3171
f 2973 3171 3173
f 2973 3173 3174
f 2973 3174 3175
f 2973 3175 3176
f 2973 3176 3177
f 2973 3177 3178
f 2973 3178 3179
f 2973 3179 2974
f 2974 3180 3181
f 2974 3181 2975
f 2974 3179 3180
f 2975 3181 3182
f 2975 3182 2976
f 2976 3182 3183
f 2976 3183 2978
f 2976 2978 2977
f 2978 3184 2979
f 2978 3183 3372
f 2978 3372 3184
f 2979 3184 3185
f 2979 3185 2982
f 2981 2984 2987
f 2981 2987 2985
f 2982 3185 3186
f 2982 3186 3187
f 2982 3187 3368
f 2982 3368 3188
f 2982 3188 3189
f 2982 3189 3190
f 2982 3190 2983
f 2983 3190 3191
f 2983 3191 2984
f 2984 3191 2987
f 2986 2989 3192
f 2986 3192 2990
f 2987 3191 2988
f 2988 3191 3377
f 2988 3377 3193
f 2988 3193 2989
f 2989 3193 3194
f 2989 3194 3192
f 2990 3192 2999
f 2991 3025 3195
f 2991 3195 2996
f 2991 2996 2992
f 2993 2997 3196
f 2993 3196 2994
f 2994 3196 2995
f 2996 3195 3197
f 2996 3197 3198
f 2996 3198 2997
f 2997 3198 3199
f 2997 3199 3196
f 2998 3000 3009
f 2998 3009 3007
f 2999 3192 3000
f 3000 3192 3200
f 3000 3200 3201
f 3000 3201 3202
f 3000 3202 3009
f 3001 3004 3019
f 3002 3006 3203
f 3002 3203 3003
f 3003 3204 3004
f 3003 3203 3005
f 3003 3005 3018
f 3003 3018 3205
f 3003 3205 3204
f 3004 3204 3206
f 3004 3206 3207
f 3004 3207 3208
f 3004 3208 3019
f 3005 3203 3006
f 3007 3009 3008
f 3009 3202 3209
f 3009 3209 3013
f 3009 3013 3010
f 3010 3013 3011
f 3011 3013 3012
f 3013 3209 3210
f 3013 3210 3211
f 3013 3211 3014
f 3014 3211 3212
f 3014 3212 3213
f 3014 3213 3016
f 3014 3016 3015
f 3016 3213 3017
f 3017 3213 3214
f 3017 3214 3018
f 3018 3215 3205
f 3018 3214 3215
f 3019 3208 3207
f 3019 3207 3216
f 3019 3216 3217
f 3019 3217 3020
f 3020 3217 3218
f 3020 3218 3219
f 3020 3219 3220
f 3020 3220 3221
f 3020 3221 3222
f 3020 3222 3223
f 3020 3223 3021
f 3021 3223 3224
f 3021 3224 3022
f 3022 3224 3023
f 3023 3225 3226
f 3023 3226 3227
f 3023 3227 3228
f 3023 3228 3025
f 3023 3224 3225
f 3025 3228 3195
f 3026 3155 3027
f 3027 3154 3144
f 3027 3144 3229
f 3027 3229 3030
f 3027 3030 3029
f 3030 3144 3230
f 3030 3230 3143
f 3030 3143 3231
f 3030 3231 3153
f 3030 3153 3232
f 3030 3232 3031
f 3030 3229 3144
f 3031 3232 3032
f 3032 3034 3033
f 3032 3232 3153
f 3032 3153 3233
f 3032 3233 3234
f 3032 3234 3235
f 3032 3235 3236
f 3032 3236 3034
f 3034 3236 3035
f 3035 3236 3235
f 3035 3235 3237
f 3035 3237 3238
f 3035 3238 3239
f 3035 3239 3036
f 3036 3239 3240
f 3036 3240 3241
f 3036 3241 3242
f 3036 3242 3243
f 3036 3243 3244
f 3036 3244 3245
f 3036 3245 3246
f 3036 3246 3037
f 3037 3246 3038
f 3038 3246 3247
f 3038 3247 3039
f 3039 3247 3040
f 3040 3247 3248
f 3040 3248 3041
f 3041 3249 3043
f 3041 3043 3042
f 3041 3248 3246
f 3041 3246 3250
f 3041 3250 3251
f 3041 3251 3252
f 3041 3252 3249
f 3043 3253 3044
f 3043 3249 3254
f 3043 3254 3255
f 3043 3255 3253
f 3044 3253 3045
f 3045 3253 3256
f 3045 3256 3257
f 3045 3257 3047
f 3045 3047 3046
f 3047 3257 3258
f 3047 3258 3048
f 3048 3051 3050
f 3048 3258 3051
f 3051 3259 3052
f 3051 3258 3257
f 3051 3257 3259
f 3052 3260 3053
f 3052 3259 3260
f 3053 3260 3055
f 3054 3055 3260
f 3054 3260 3261
f 3054 3261 3262
f 3054 3262 3056
f 3056 3262 3263
f 3056 3263 3057
f 3057 3263 3264
f 3057 3264 3058
f 3058 3264 3064
f 3060 3096 3062
f 3060 3062 3061
f 3062 3096 3265
f 3062 3265 3097
f 3062 3097 3063
f 3064 3264 3266
f 3064 3266 3267
f 3064 3267 3065
f 3065 3267 3268
f 3065 3268 3269
f 3065 3269 3066
f 3066 3269 3270
f 3066 3270 3067
f 3067 3270 3271
f 3067 3271 3068
f 3068 3271 3070
f 3068 3070 3069
f 3070 3271 3272
f 3070 3272 3273
f 3070 3273 3071
f 3071 3273 3274
f 3071 3274 3275
f 3071 3275 3073
f 3073 3275 3074
f 3074 3275 3274
f 3074 3274 3276
f 3074 3276 3077
f 3075 3080 3076
f 3075 3079 3080
f 3077 3276 3277
f 3077 3277 3278
f 3077 3278 3279
f 3077 3279 3280
f 3077 3280 3078
f 3078 3280 3281
f 3078 3281 3079
f 3079 3081 3080
f 3079 3281 3282
f 3079 3282 3081
f 3081 3282 3283
f 3081 3283 3082
f 3082 3283 3284
f 3082 3284 3083
f 3083 3285 3084
f 3083 3284 3286
f 3083 3286 3285
f 3084 3285 3287
f 3084 3287 3085
f 3085 3288 3087
f 3085 3287 3289
f 3085 3289 3290
f 3085 3290 3288
f 3087 3291 3088
f 3087 3288 3290
f 3087 3290 3291
f 3088 3291 3292
f 3088 3292 3293
f 3088 3293 3294
f 3088 3294 3295
f 3088 3295 3090
f 3088 3090 3089
f 3090 3295 3294
f 3090 3294 3296
f 3090 3296 3297
f 3090 3297 3092
f 3090 3092 3091
f 3092 3297 3298
f 3092 3298 3299
f 3092 3299 3300
f 3092 3300 3096
f 3092 3096 3095
f 3092 3095 3093
f 3096 3300 3301
f 3096 3301 3302
f 3096 3302 3265
f 3097 3265 3302
f 3097 3302 3303
f 3097 3303 3304
f 3097 3304 3305
f 3097 3305 3098
f 3100 3306 3101
f 3100 3307 3308
f 3100 3308 3306
f 3102 3157 3309
f 3102 3309 3310
f 3102 3310 3103
f 3103 3310 3311
f 3103 3311 3104
f 3104 3311 3312
f 3104 3312 3107
f 3105 3115 3108
f 3105 3106 3313
f 3105 3313 3115
f 3106 3107 3313
f 3107 3314 3313
f 3107 3312 3314
f 3108 3115 3114
f 3109 3110 3315
f 3109 3315 3316
f 3109 3316 3111
f 3110 3317 3315
f 3110 3118 3318
f 3110 3318 3117
f 3110 3117 3319
f 3110 3319 3320
f 3110 3320 3321
f 3110 3321 3317
f 3111 3322 3112
f 3111 3316 3322
f 3112 3323 3113
f 3112 3322 3323
f 3113 3324 3325
f 3113 3325 3119
f 3113 3323 3324
f 3115 3326 3116
f 3115 3313 3327
f 3115 3327 3326
f 3116 3326 3117
f 3117 3328 3319
f 3117 3318 3118
f 3117 3326 3329
f 3117 3329 3330
f 3117 3330 3328
f 3119 3121 3120
f 3119 3325 3331
f 3119 3331 3125
f 3119 3125 3121
f 3121 3125 3122
f 3123 3132 3138
f 3123 3138 3124
f 3124 3138 3134
f 3125 3127 3126
f 3125 3331 3127
f 3127 3331 3334
f 3127 3334 3128
f 3128 3332 3333
f 3128 3333 3129
f 3128 3334 3332
f 3129 3333 3335
f 3129 3335 3336
f 3129 3336 3337
f 3129 3337 3131
f 3129 3131 3130
f 3131 3337 3132
f 3132 3337 3338
f 3132 3338 3138
f 3134 3138 3135
f 3136 3140 3339
f 3136 3339 3340
f 3136 3340 3146
f 3136 3146 3145
f 3138 3338 3341
f 3138 3341 3342
f 3138 3342 3343
f 3138 3343 3344
f 3138 3344 3139
f 3139 3344 3339
f 3139 3339 3140
f 3141 3153 3231
f 3141 3231 3143
f 3141 3143 3142
f 3143 3230 3144
f 3146 3340 3147
f 3147 3340 3339
f 3147 3339 3345
f 3147 3345 3346
f 3147 3346 3347
f 3147 3347 3348
f 3147 3348 3349
f 3147 3349 3148
f 3148 3349 3350
f 3148 3350 3351
f 3148 3351 3149
f 3149 3351 3152
f 3149 3152 3150
f 3152 3352 3234
f 3152 3234 3153
f 3152 3351 3352
f 3153 3234 3233
f 3156 3196 3199
f 3156 3199 3157
f 3157 3199 3385
f 3157 3385 3309
f 3162 3353 3163
f 3163 3353 3170
f 3164 3354 3166
f 3164 3166 3165
f 3166 3354 3355
f 3166 3355 3356
f 3166 3356 3357
f 3166 3357 3167
f 3167 3357 3358
f 3167 3358 3359
f 3167 3359 3168
f 3168 3359 3169
f 3169 3359 3171
f 3171 3359 3360
f 3171 3360 3173
f 3173 3360 3358
f 3173 3358 3174
f 3174 3361 3362
f 3174 3362 3175
f 3174 3358 3361
f 3175 3362 3363
f 3175 3363 3364
f 3175 3364 3176
f 3176 3364 3177
f 3177 3364 3365
f 3177 3365 3366
f 3177 3366 3179
f 3177 3179 3178
f 3179 3366 3367
f 3179 3367 3368
f 3179 3368 3369
f 3179 3369 3370
f 3179 3370 3181
f 3179 3181 3180
f 3181 3371 3182
f 3181 3370 3371
f 3182 3372 3183
f 3182 3371 3373
f 3182 3373 3372
f 3184 3372 3185
f 3185 3373 3186
f 3185 3372 3373
f 3186 3373 3187
f 3187 3373 3369
f 3187 3369 3368
f 3188 3368 3374
f 3188 3374 3375
f 3188 3375 3189
f 3189 3375 3376
f 3189 3376 3191
f 3189 3191 3190
f 3191 3376 3377
f 3192 3194 3378
f 3192 3378 3200
f 3193 3377 3379
f 3193 3379 3380
f 3193 3380 3194
f 3194 3380 3381
f 3194 3381 3378
f 3195 3228 3197
f 3197 3228 3382
f 3197 3382 3383
f 3197 3383 3198
f 3198 3383 3384
f 3198 3384 3385
f 3198 3385 3199
f 3200 3378 3381
f 3200 3381 3201
f 3201 3381 3386
f 3201 3386 3209
f 3201 3209 3202
f 3204 3205 3387
f 3204 3387 3388
f 3204 3388 3389
f 3204 3389 3390
f 3204 3390 3206
f 3205 3215 3391
f 3205 3391 3387
f 3206 3390 3207
f 3207 3390 3392
f 3207 3392 3393
f 3207 3393 3394
f 3207 3394 3216
f 3209 3386 3395
f 3209 3395 3210
f 3210 3395 3396
f 3210 3396 3397
f 3210 3397 3211
f 3211 3397 3398
f 3211 3398 3212
f 3212 3398 3213
f 3213 3399 3214
f 3213 3398 3400
f 3213 3400 3401
f 3213 3401 3399
f 3214 3399 3402
f 3214 3402 3215
f 3215 3403 3404
f 3215 3404 3391
f 3215 3402 3405
f 3215 3405 3406
f 3215 3406 3407
f 3215 3407 3408
f 3215 3408 3409
f 3215 3409 3410
f 3215 3410 3411
f 3215 3411 3412
f 3215 3412 3413
f 3215 3413 3403
f 3216 3394 3217
f 3217 3394 3218
f 3218 3394 3414
f 3218 3414 3219
f 3219 3414 3415
f 3219 3415 3416
f 3219 3416 3417
f 3219 3417 3220
f 3220 3418 3222
f 3220 3222 3221
f 3220 3417 3419
f 3220 3419 3420
f 3220 3420 3418
f 3222 3421 3223
f 3222 3418 3422
f 3222 3422 3423
f 3222 3423 3424
f 3222 3424 3425
f 3222 3425 3421
f 3223 3421 3426
f 3223 3426 3427
f 3223 3427 3224
f 3224 3427 3428
f 3224 3428 3429
f 3224 3429 3225
f 3225 3429 3430
f 3225 3430 3226
f 3226 3430 3431
f 3226 3431 3382
f 3226 3382 3227
f 3227 3382 3228
f 3234 3352 3432
f 3234 3432 3235
f 3235 3432 3238
f 3235 3238 3237
f 3238 3432 3433
f 3238 3433 3239
f 3239 3433 3240
f 3240 3433 3434
f 3240 3434 3241
f 3241 3434 3352
f 3241 3352 3435
f 3241 3435 3436
f 3241 3436 3242
f 3242 3436 3243
f 3243 3436 3437
f 3243 3437 3438
f 3243 3438 3244
f 3244 3439 3245
f 3244 3438 3439
f 3245 3250 3246
f 3245 3439 3440
f 3245 3440 3251
f 3245 3251 3250
f 3246 3248 3247
f 3249 3252 3254
f 3251 3440 3252
f 3252 3441 3254
f 3252 3440 3442
f 3252 3442 3443
f 3252 3443 3444
f 3252 3444 3445
f 3252 3445 3441
f 3253 3255 3446
f 3253 3446 3447
f 3253 3447 3448
f 3253 3448 3449
f 3253 3449 3450
f 3253 3450 3451
f 3253 3451 3452
f 3253 3452 3453
f 3253 3453 3454
f 3253 3454 3455
f 3253 3455 3256
f 3254 3441 3255
f 3255 3441 3446
f 3256 3455 3257
f 3257 3455 3259
f 3259 3455 3454
f 3259 3454 3260
f 3260 3454 3261
f 3261 3454 3456
f 3261 3456 3262
f 3262 3456 3457
f 3262 3457 3458
f 3262 3458 3459
f 3262 3459 3263
f 3263 3459 3264
f 3264 3459 3266
f 3266 3459 3458
f 3266 3458 3460
f 3266 3460 3461
f 3266 3461 3267
f 3267 3461 3268
f 3268 3461 3462
f 3268 3462 3463
f 3268 3463 3269
f 3269 3463 3270
f 3270 3463 3464
f 3270 3464 3271
f 3271 3464 3272
f 3272 3464 3650
f 3272 3650 3465
f 3272 3465 3466
f 3272 3466 3273
f 3273 3466 3274
f 3274 3277 3276
f 3274 3466 3467
f 3274 3467 3468
f 3274 3468 3469
f 3274 3469 3277
f 3277 3469 3470
f 3277 3470 3471
f 3277 3471 3278
f 3278 3471 3279
f 3279 3281 3280
f 3279 3471 3472
f 3279 3472 3473
f 3279 3473 3281
f 3281 3473 3474
f 3281 3474 3475
f 3281 3475 3476
f 3281 3476 3282
f 3282 3476 3283
f 3283 3476 3475
f 3283 3475 3477
f 3283 3477 3284
f 3284 3477 3478
f 3284 3478 3479
f 3284 3479 3286
f 3285 3289 3287
f 3285 3286 3289
f 3286 3479 3289
f 3289 3479 3480
f 3289 3480 3481
f 3289 3481 3290
f 3290 3481 3482
f 3290 3482 3292
f 3290 3292 3291
f 3292 3482 3483
f 3292 3483 3293
f 3293 3483 3484
f 3293 3484 3485
f 3293 3485 3486
f 3293 3486 3294
f 3294 3486 3296
f 3296 3486 3487
f 3296 3487 3488
f 3296 3488 3489
f 3296 3489 3298
f 3296 3298 3297
f 3298 3489 3299
f 3299 3302 3301
f 3299 3301 3300
f 3299 3489 3490
f 3299 3490 3303
f 3299 3303 3302
f 3303 3490 3491
f 3307 3492 3493
f 3307 3493 3308
f 3309 3385 3384
f 3309 3384 3310
f 3310 3384 3494
f 3310 3494 3311
f 3311 3494 3496
f 3311 3496 3312
f 3312 3495 3314
f 3312 3496 3691
f 3312 3691 3495
f 3313 3314 3327
f 3314 3497 3327
f 3314 3495 3498
f 3314 3498 3497
f 3315 3317 3499
f 3315 3499 3500
f 3315 3500 3501
f 3315 3501 3502
f 3315 3502 3503
f 3315 3503 3504
f 3315 3504 3505
f 3315 3505 3506
f 3315 3506 3316
f 3316 3506 3322
f 3317 3321 3507
f 3317 3507 3499
f 3319 3328 3320
f 3320 3328 3330
f 3320 3330 3508
f 3320 3508 3321
f 3321 3508 3509
f 3321 3509 3499
f 3321 3499 3507
f 3322 3506 3510
f 3322 3510 3511
f 3322 3511 3323
f 3323 3511 3324
f 3324 3511 3512
f 3324 3512 3325
f 3325 3513 3514
f 3325 3514 3334
f 3325 3334 3331
f 3325 3512 3506
f 3325 3506 3515
f 3325 3515 3516
f 3325 3516 3513
f 3326 3327 3517
f 3326 3517 3329
f 3327 3497 3517
f 3329 3517 3518
f 3329 3518 3330
f 3330 3518 3519
f 3330 3519 3508
f 3332 3520 3521
f 3332 3521 3333
f 3332 3334 3520
f 3333 3522 3335
f 3333 3521 3522
f 3334 3514 3523
f 3334 3523 3520
f 3335 3522 3524
f 3335 3524 3525
f 3335 3525 3526
f 3335 3526 3527
f 3335 3527 3528
f 3335 3528 3342
f 3335 3342 3341
f 3335 3341 3338
f 3335 3338 3337
f 3335 3337 3336
f 3339 3344 3343
f 3339 3343 3342
f 3339 3342 3345
f 3342 3528 3527
f 3342 3527 3529
f 3342 3529 3345
f 3345 3529 3347
f 3345 3347 3346
f 3347 3529 3527
f 3347 3527 3530
f 3347 3530 3531
f 3347 3531 3532
f 3347 3532 3348
f 3348 3532 3534
f 3348 3534 3349
f 3349 3533 3350
f 3349 3534 3533
f 3350 3533 3535
f 3350 3535 3536
f 3350 3536 3537
f 3350 3537 3351
f 3351 3537 3352
f 3352 3434 3432
f 3352 3537 3435
f 3355 3538 3356
f 3356 3539 3540
f 3356 3540 3541
f 3356 3541 3542
f 3356 3542 3357
f 3356 3538 3539
f 3357 3542 3541
f 3357 3541 3543
f 3357 3543 3544
f 3357 3544 3361
f 3357 3361 3358
f 3358 3360 3359
f 3361 3544 3545
f 3361 3545 3362
f 3362 3545 3546
f 3362 3546 3547
f 3362 3547 3364
f 3362 3364 3363
f 3364 3547 3365
f 3365 3547 3548
f 3365 3548 3549
f 3365 3549 3366
f 3366 3549 3550
f 3366 3550 3367
f 3367 3550 3551
f 3367 3551 3368
f 3368 3551 3552
f 3368 3552 3374
f 3369 3373 3370
f 3370 3373 3371
f 3374 3552 3553
f 3374 3553 3554
f 3374 3554 3555
f 3374 3555 3375
f 3375 3555 3376
f 3376 3555 3556
f 3376 3556 3379
f 3376 3379 3377
f 3379 3556 3557
f 3379 3557 3558
f 3379 3558 3380
f 3380 3558 3559
f 3380 3559 3560
f 3380 3560 3381
f 3381 3560 3386
f 3382 3431 3561
f 3382 3561 3383
f 3383 3561 3494
f 3383 3494 3384
f 3386 3560 3562
f 3386 3562 3563
f 3386 3563 3564
f 3386 3564 3395
f 3387 3391 3565
f 3387 3565 3566
f 3387 3566 3388
f 3388 3567 3568
f 3388 3568 3389
f 3388 3566 3567
f 3389 3568 3390
f 3390 3568 3569
f 3390 3569 3570
f 3390 3570 3571
f 3390 3571 3392
f 3391 3404 3572
f 3391 3572 3565
f 3392 3571 3415
f 3392 3415 3393
f 3393 3415 3414
f 3393 3414 3394
f 3395 3564 3573
f 3395 3573 3396
f 3396 3573 3574
f 3396 3574 3397
f 3397 3574 3398
f 3398 3575 3576
f 3398 3576 3400
f 3398 3574 3577
f 3398 3577 3575
f 3399 3401 3578
f 3399 3578 3579
f 3399 3579 3580
f 3399 3580 3581
f 3399 3581 3402
f 3400 3576 3575
f 3400 3575 3582
f 3400 3582 3401
f 3401 3583 3578
f 3401 3582 3584
f 3401 3584 3583
f 3402 3581 3580
f 3402 3580 3405
f 3403 3585 3404
f 3403 3413 3585
f 3404 3585 3586
f 3404 3586 3572
f 3405 3580 3579
f 3405 3579 3587
f 3405 3587 3406
f 3406 3587 3407
f 3407 3587 3588
f 3407 3588 3408
f 3408 3588 3589
f 3408 3589 3409
f 3409 3589 3411
f 3409 3411 3410
f 3411 3589 3590
f 3411 3590 3591
f 3411 3591 3592
f 3411 3592 3593
f 3411 3593 3594
f 3411 3594 3413
f 3411 3413 3412
f 3413 3594 3595
f 3413 3595 3596
f 3413 3596 3597
f 3413 3597 3598
f 3413 3598 3599
f 3413 3599 3586
f 3413 3586 3585
f 3415 3600 3416
f 3415 3571 3570
f 3415 3570 3601
f 3415 3601 3600
f 3416 3419 3417
f 3416 3600 3602
f 3416 3602 3419
f 3418 3603 3422
f 3418 3420 3604
f 3418 3604 3603
f 3419 3602 3420
f 3420 3602 3605
f 3420 3605 3606
f 3420 3606 3607
f 3420 3607 3604
f 3421 3425 3426
f 3422 3603 3423
f 3423 3603 3608
f 3423 3608 3609
f 3423 3609 3424
f 3424 3609 3610
f 3424 3610 3425
f 3425 3610 3611
f 3425 3611 3612
f 3425 3612 3613
f 3425 3613 3614
f 3425 3614 3615
f 3425 3615 3616
f 3425 3616 3426
f 3426 3428 3427
f 3426 3616 3428
f 3428 3616 3429
f 3429 3616 3617
f 3429 3617 3430
f 3430 3617 3618
f 3430 3618 3431
f 3431 3618 3619
f 3431 3619 3561
f 3432 3434 3433
f 3435 3537 3536
f 3435 3536 3436
f 3436 3536 3535
f 3436 3535 3620
f 3436 3620 3437
f 3437 3620 3621
f 3437 3621 3438
f 3438 3442 3439
f 3438 3621 3622
f 3438 3622 3442
f 3439 3442 3440
f 3441 3445 3623
f 3441 3623 3446
f 3442 3622 3624
f 3442 3624 3625
f 3442 3625 3443
f 3443 3625 3444
f 3444 3625 3626
f 3444 3626 3627
f 3444 3627 3628
f 3444 3628 3629
f 3444 3629 3630
f 3444 3630 3623
f 3444 3623 3445
f 3446 3623 3447
f 3447 3623 3631
f 3447 3631 3629
f 3447 3629 3632
f 3447 3632 3448
f 3448 3632 3449
f 3449 3632 3633
f 3449 3633 3634
f 3449 3634 3635
f 3449 3635 3450
f 3450 3635 3636
f 3450 3636 3637
f 3450 3637 3451
f 3451 3637 3638
f 3451 3638 3639
f 3451 3639 3640
f 3451 3640 3453
f 3451 3453 3452
f 3453 3641 3642
f 3453 3642 3643
f 3453 3643 3454
f 3453 3640 3641
f 3454 3643 3457
f 3454 3457 3456
f 3457 3643 3642
f 3457 3642 3644
f 3457 3644 3458
f 3458 3644 3645
f 3458 3645 3646
f 3458 3646 3460
f 3460 3646 3461
f 3461 3646 3647
f 3461 3647 3648
f 3461 3648 3462
f 3462 3648 3649
f 3462 3649 3463
f 3463 3649 3650
f 3463 3650 3464
f 3465 3650 3651
f 3465 3651 3652
f 3465 3652 3653
f 3465 3653 3466
f 3466 3653 3654
f 3466 3654 3467
f 3467 3654 3653
f 3467 3653 3861
f 3467 3861 3655
f 3467 3655 3656
f 3467 3656 3468
f 3468 3656 3658
f 3468 3658 3657
f 3468 3657 3470
f 3468 3470 3469
f 3470 3657 3471
f 3471 3658 3659
f 3471 3659 3660
f 3471 3660 3661
f 3471 3661 3662
f 3471 3662 3472
f 3471 3657 3658
f 3472 3663 3664
f 3472 3664 3665
f 3472 3665 3666
f 3472 3666 3667
f 3472 3667 3668
f 3472 3668 3473
f 3472 3662 3669
f 3472 3669 3663
f 3473 3668 3474
f 3474 3668 3475
f 3475 3668 3667
f 3475 3667 3477
f 3477 3667 3670
f 3477 3670 3671
f 3477 3671 3672
f 3477 3672 3478
f 3478 3672 3479
f 3479 3672 3673
f 3479 3673 3480
f 3480 3673 3674
f 3480 3674 3481
f 3481 3674 3675
f 3481 3675 3482
f 3482 3675 3676
f 3482 3676 3483
f 3483 3676 3677
f 3483 3677 3485
f 3483 3485 3484
f 3485 3677 3678
f 3485 3678 3679
f 3485 3679 3486
f 3486 3680 3487
f 3486 3679 3681
f 3486 3681 3682
f 3486 3682 3680
f 3487 3680 3683
f 3487 3683 3490
f 3487 3490 3488
f 3488 3490 3489
f 3490 3684 3685
f 3490 3685 3686
f 3490 3686 3491
f 3490 3683 3684
f 3491 3686 3687
f 3492 3688 3493
f 3492 3689 3688
f 3494 3561 3496
f 3495 3690 3498
f 3495 3691 3900
f 3495 3900 3690
f 3496 3561 3619
f 3496 3619 3692
f 3496 3692 3691
f 3497 3518 3517
f 3497 3498 3693
f 3497 3693 3518
f 3498 3690 3694
f 3498 3694 3693
f 3499 3509 3500
f 3500 3509 3695
f 3500 3695 3697
f 3500 3697 3501
f 3501 3696 3502
f 3501 3697 3908
f 3501 3908 3696
f 3502 3698 3503
f 3502 3696 3699
f 3502 3699 3698
f 3503 3700 3504
f 3503 3698 3700
f 3504 3701 3702
f 3504 3702 3703
f 3504 3703 3704
f 3504 3704 3705
f 3504 3705 3706
f 3504 3706 3707
f 3504 3707 3708
f 3504 3708 3709
f 3504 3709 3710
f 3504 3710 3711
f 3504 3711 3712
f 3504 3712 3505
f 3504 3700 3701
f 3505 3712 3506
f 3506 3712 3710
f 3506 3710 3709
f 3506 3709 3515
f 3506 3512 3511
f 3506 3511 3510
f 3508 3713 3509
f 3508 3519 3714
f 3508 3714 3715
f 3508 3715 3920
f 3508 3920 3713
f 3509 3713 3695
f 3513 3516 3709
f 3513 3709 3707
f 3513 3707 3716
f 3513 3716 3717
f 3513 3717 3520
f 3513 3520 3523
f 3513 3523 3514
f 3515 3709 3516
f 3518 3693 3519
f 3519 3693 3718
f 3519 3718 3719
f 3519 3719 3714
f 3520 3717 3720
f 3520 3720 3521
f 3521 3720 3721
f 3521 3721 3722
f 3521 3722 3723
f 3521 3723 3724
f 3521 3724 3522
f 3522 3724 3524
f 3524 3725 3726
f 3524 3726 3525
f 3524 3724 3725
f 3525 3726 3526
f 3526 3726 3527
f 3527 3726 3725
f 3527 3725 3727
f 3527 3727 3728
f 3527 3728 3729
f 3527 3729 3530
f 3530 3729 3531
f 3531 3729 3730
f 3531 3730 3731
f 3531 3731 3732
f 3531 3732 3733
f 3531 3733 3534
f 3531 3534 3532
f 3533 3534 3734
f 3533 3734 3535
f 3534 3733 3734
f 3535 3734 3735
f 3535 3735 3620
f 3538 3736 3737
f 3538 3737 3539
f 3539 3737 3540
f 3540 3737 3541
f 3541 3737 3738
f 3541 3738 3739
f 3541 3739 3543
f 3543 3739 3545
f 3543 3545 3544
f 3545 3739 3740
f 3545 3740 3741
f 3545 3741 3742
f 3545 3742 3546
f 3546 3742 3743
f 3546 3743 3744
f 3546 3744 3745
f 3546 3745 3547
f 3547 3745 3746
f 3547 3746 3747
f 3547 3747 3548
f 3548 3748 3550
f 3548 3550 3549
f 3548 3747 3749
f 3548 3749 3748
f 3550 3748 3750
f 3550 3750 3751
f 3550 3751 3551
f 3551 3751 3552
f 3552 3751 3553
f 3553 3751 3752
f 3553 3752 3753
f 3553 3753 3754
f 3553 3754 3554
f 3554 3754 3755
f 3554 3755 3555
f 3555 3755 3756
f 3555 3756 3556
f 3556 3756 3557
f 3557 3756 3757
f 3557 3757 3758
f 3557 3758 3558
f 3558 3758 3562
f 3558 3562 3559
f 3559 3562 3560
f 3562 3758 3956
f 3562 3956 3759
f 3562 3759 3760
f 3562 3760 3563
f 3563 3760 3564
f 3564 3760 3761
f 3564 3761 3762
f 3564 3762 3574
f 3564 3574 3573
f 3565 3572 3763
f 3565 3763 3764
f 3565 3764 3566
f 3566 3764 3765
f 3566 3765 3567
f 3567 3766 3767
f 3567 3767 3568
f 3567 3765 3764
f 3567 3764 3768
f 3567 3768 3769
f 3567 3769 3770
f 3567 3770 3771
f 3567 3771 3766
f 3568 3767 3569
f 3569 3767 3772
f 3569 3772 3773
f 3569 3773 3774
f 3569 3774 3775
f 3569 3775 3570
f 3570 3775 3601
f 3572 3586 3763
f 3574 3762 3761
f 3574 3761 3776
f 3574 3776 3777
f 3574 3777 3778
f 3574 3778 3577
f 3575 3577 3779
f 3575 3779 3780
f 3575 3780 3582
f 3577 3778 3781
f 3577 3781 3779
f 3578 3583 3782
f 3578 3782 3579
f 3579 3782 3783
f 3579 3783 3587
f 3582 3780 3784
f 3582 3784 3584
f 3583 3584 3785
f 3583 3785 3782
f 3584 3784 3786
f 3584 3786 3787
f 3584 3787 3785
f 3586 3599 3788
f 3586 3788 3763
f 3587 3783 3789
f 3587 3789 3790
f 3587 3790 3791
f 3587 3791 3589
f 3587 3589 3588
f 3589 3791 3591
f 3589 3591 3590
f 3591 3791 3792
f 3591 3792 3793
f 3591 3793 3794
f 3591 3794 3795
f 3591 3795 3796
f 3591 3796 3797
f 3591 3797 3592
f 3592 3797 3593
f 3593 3798 3595
f 3593 3595 3594
f 3593 3797 3798
f 3595 3798 3596
f 3596 3798 3799
f 3596 3799 3800
f 3596 3800 3598
f 3596 3598 3597
f 3598 3801 3802
f 3598 3802 3788
f 3598 3788 3599
f 3598 3800 3803
f 3598 3803 3804
f 3598 3804 3805
f 3598 3805 3801
f 3600 3806 3602
f 3600 3601 3806
f 3601 3775 3807
f 3601 3807 3806
f 3602 3806 3808
f 3602 3808 3605
f 3603 3604 3809
f 3603 3809 3810
f 3603 3810 3608
f 3604 3607 3811
f 3604 3811 3812
f 3604 3812 3809
f 3605 3607 3606
f 3605 3808 3607
f 3607 3813 3811
f 3607 3808 3813
f 3608 3810 3814
f 3608 3814 3609
f 3609 3814 3815
f 3609 3815 3610
f 3610 3816 3612
f 3610 3612 3817
f 3610 3817 3611
f 3610 3815 3818
f 3610 3818 3819
f 3610 3819 3820
f 3610 3820 3816
f 3611 3817 3612
f 3612 3821 3613
f 3612 3816 3822
f 3612 3822 3823
f 3612 3823 3824
f 3612 3824 3821
f 3613 3821 3614
f 3614 3617 3616
f 3614 3616 3615
f 3614 3821 3825
f 3614 3825 3826
f 3614 3826 3617
f 3617 3826 3618
f 3618 3826 3619
f 3619 3826 3692
f 3620 3827 3621
f 3620 3735 3731
f 3620 3731 3828
f 3620 3828 3827
f 3621 3827 3829
f 3621 3829 3626
f 3621 3626 3622
f 3622 3626 3624
f 3623 3630 3631
f 3624 3626 3625
f 3626 3830 3831
f 3626 3831 3832
f 3626 3832 3627
f 3626 3829 3833
f 3626 3833 3731
f 3626 3731 3834
f 3626 3834 3835
f 3626 3835 3836
f 3626 3836 3830
f 3627 3832 3837
f 3627 3837 3628
f 3628 3838 3839
f 3628 3839 3629
f 3628 3837 3838
f 3629 3839 3838
f 3629 3838 3840
f 3629 3840 3632
f 3629 3631 3630
f 3632 3840 3841
f 3632 3841 3633
f 3633 3841 3840
f 3633 3840 3842
f 3633 3842 3843
f 3633 3843 3844
f 3633 3844 3845
f 3633 3845 3634
f 3634 3845 3846
f 3634 3846 3847
f 3634 3847 3636
f 3634 3636 3635
f 3636 3847 3848
f 3636 3848 3637
f 3637 3848 3638
f 3638 3848 3849
f 3638 3849 3639
f 3639 3849 3644
f 3639 3644 3641
f 3639 3641 3640
f 3641 3644 3642
f 3644 3850 3851
f 3644 3851 3645
f 3644 3849 3852
f 3644 3852 3850
f 3645 3851 3646
f 3646 3853 3647
f 3646 3851 3850
f 3646 3850 3854
f 3646 3854 3853
f 3647 3853 3648
f 3648 3853 3855
f 3648 3855 3649
f 3649 3855 3856
f 3649 3856 3857
f 3649 3857 3650
f 3650 3857 3651
f 3651 3857 3858
f 3651 3858 3859
f 3651 3859 3652
f 3652 3859 4058
f 3652 4058 3860
f 3652 3860 3861
f 3652 3861 3653
f 3655 3861 3862
f 3655 3862 3863
f 3655 3863 3656
f 3656 3863 3659
f 3656 3659 3658
f 3659 3863 3864
f 3659 3864 3660
f 3660 3864 3865
f 3660 3865 3661
f 3661 3865 3662
f 3662 3865 3866
f 3662 3866 3867
f 3662 3867 3669
f 3663 3669 3664
f 3664 3669 3665
f 3665 3669 3868
f 3665 3868 3869
f 3665 3869 3870
f 3665 3870 3871
f 3665 3871 3872
f 3665 3872 3670
f 3665 3670 3666
f 3666 3670 3667
f 3669 3867 3873
f 3669 3873 3874
f 3669 3874 3875
f 3669 3875 3876
f 3669 3876 3868
f 3670 3872 3671
f 3671 3877 3672
f 3671 3872 3878
f 3671 3878 3877
f 3672 3879 3674
f 3672 3674 3673
f 3672 3877 3880
f 3672 3880 3881
f 3672 3881 3879
f 3674 3882 3675
f 3674 3879 3881
f 3674 3881 3883
f 3674 3883 3882
f 3675 3882 3676
f 3676 3884 3677
f 3676 3882 3883
f 3676 3883 3885
f 3676 3885 3884
f 3677 3884 3678
f 3678 3884 3885
f 3678 3885 3886
f 3678 3886 3679
f 3679 3886 3887
f 3679 3887 3888
f 3679 3888 3889
f 3679 3889 3681
f 3680 3682 3683
f 3681 3684 3682
f 3681 3889 3684
f 3682 3684 3683
f 3684 3889 3685
f 3685 3889 3890
f 3685 3890 3686
f 3686 3890 3891
f 3686 3891 3892
f 3686 3892 3893
f 3686 3893 3894
f 3686 3894 3895
f 3686 3895 3687
f 3687 3895 3896
f 3688 3689 3897
f 3689 3898 3899
f 3689 3899 3897
f 3690 3900 3903
f 3690 3903 3694
f 3691 3692 3901
f 3691 3901 3900
f 3692 3826 3825
f 3692 3825 3902
f 3692 3902 3901
f 3693 3694 3718
f 3694 3903 3924
f 3694 3924 3718
f 3695 3713 3904
f 3695 3904 3905
f 3695 3905 3697
f 3696 3906 3907
f 3696 3907 3699
f 3696 3908 4105
f 3696 4105 3906
f 3697 3905 3908
f 3698 3907 3700
f 3698 3699 3907
f 3700 3907 3909
f 3700 3909 3910
f 3700 3910 3911
f 3700 3911 3701
f 3701 3911 3912
f 3701 3912 3702
f 3702 3913 3914
f 3702 3914 3915
f 3702 3915 3703
f 3702 3912 3913
f 3703 3915 3704
f 3704 3915 3705
f 3705 3916 3706
f 3705 3915 3917
f 3705 3917 3916
f 3706 3916 3707
f 3707 3709 3708
f 3707 3916 3918
f 3707 3918 3917
f 3707 3917 3919
f 3707 3919 3716
f 3710 3712 3711
f 3713 3920 3904
f 3714 3719 3715
f 3715 3719 3921
f 3715 3921 3920
f 3716 3922 3923
f 3716 3923 3720
f 3716 3720 3717
f 3716 3919 3922
f 3718 3921 3719
f 3718 3924 4121
f 3718 4121 3921
f 3720 3923 3721
f 3721 3923 3722
f 3722 3923 3925
f 3722 3925 3926
f 3722 3926 3723
f 3723 3926 3725
f 3723 3725 3724
f 3725 3926 3927
f 3725 3927 3928
f 3725 3928 3929
f 3725 3929 3930
f 3725 3930 3931
f 3725 3931 3728
f 3725 3728 3727
f 3728 3931 3731
f 3728 3731 3730
f 3728 3730 3729
f 3731 3932 3834
f 3731 3833 3829
f 3731 3829 3828
f 3731 3735 3732
f 3731 3931 3933
f 3731 3933 3932
f 3732 3735 3733
f 3733 3735 3734
f 3736 3934 3737
f 3737 3935 3936
f 3737 3936 3937
f 3737 3937 3738
f 3737 3934 3935
f 3738 3937 3739
f 3739 3937 3740
f 3740 3937 3938
f 3740 3938 3741
f 3741 3938 3742
f 3742 3938 3939
f 3742 3939 3743
f 3743 3939 3940
f 3743 3940 3744
f 3744 3940 3941
f 3744 3941 3942
f 3744 3942 3746
f 3744 3746 3745
f 3746 3942 3943
f 3746 3943 3747
f 3747 3943 3944
f 3747 3944 3749
f 3748 3749 3945
f 3748 3945 3751
f 3748 3751 3750
f 3749 3944 3946
f 3749 3946 3945
f 3751 3945 3947
f 3751 3947 3752
f 3752 3947 3946
f 3752 3946 3948
f 3752 3948 3949
f 3752 3949 3753
f 3753 3949 3754
f 3754 3949 3950
f 3754 3950 3755
f 3755 3950 3951
f 3755 3951 3952
f 3755 3952 3756
f 3756 3952 3953
f 3756 3953 3757
f 3757 3953 3952
f 3757 3952 3954
f 3757 3954 3955
f 3757 3955 3956
f 3757 3956 3758
f 3759 3956 3957
f 3759 3957 3958
f 3759 3958 3760
f 3760 3958 3776
f 3760 3776 3761
f 3763 3788 3769
f 3763 3769 3768
f 3763 3768 3764
f 3766 3959 3960
f 3766 3960 3767
f 3766 3771 3770
f 3766 3770 3961
f 3766 3961 3962
f 3766 3962 3963
f 3766 3963 3959
f 3767 3960 3772
f 3769 3788 3964
f 3769 3964 3965
f 3769 3965 3961
f 3769 3961 3770
f 3772 3960 3773
f 3773 3960 3966
f 3773 3966 3967
f 3773 3967 3968
f 3773 3968 3969
f 3773 3969 3970
f 3773 3970 3774
f 3774 3970 3775
f 3775 3970 3971
f 3775 3971 3807
f 3776 3958 3972
f 3776 3972 3973
f 3776 3973 3777
f 3777 3973 3778
f 3778 3973 3974
f 3778 3974 3975
f 3778 3975 3781
f 3779 3781 3975
f 3779 3975 3780
f 3780 3975 3976
f 3780 3976 3784
f 3782 3785 3787
f 3782 3787 3786
f 3782 3786 3977
f 3782 3977 3783
f 3783 3977 3978
f 3783 3978 3789
f 3784 3976 3979
f 3784 3979 3980
f 3784 3980 3786
f 3786 3981 3977
f 3786 3980 3982
f 3786 3982 3983
f 3786 3983 3984
f 3786 3984 3985
f 3786 3985 3981
f 3788 3802 3964
f 3789 3978 3986
f 3789 3986 3790
f 3790 3986 3792
f 3790 3792 3791
f 3792 3986 3987
f 3792 3987 3988
f 3792 3988 3989
f 3792 3989 3793
f 3793 3989 3794
f 3794 3989 3990
f 3794 3990 3991
f 3794 3991 3992
f 3794 3992 3795
f 3795 3992 3993
f 3795 3993 3796
f 3796 3993 3797
f 3797 3993 3994
f 3797 3994 3995
f 3797 3995 3996
f 3797 3996 3798
f 3798 3996 3997
f 3798 3997 3799
f 3799 3998 3999
f 3799 3999 3800
f 3799 3997 4000
f 3799 4000 3998
f 3800 3999 3803
f 3801 4001 4002
f 3801 4002 3965
f 3801 3965 3802
f 3801 3805 4001
f 3802 3965 3964
f 3803 3999 4003
f 3803 4003 4004
f 3803 4004 3804
f 3804 4004 4005
f 3804 4005 4006
f 3804 4006 4007
f 3804 4007 4001
f 3804 4001 3805
f 3806 3807 3808
f 3807 3971 3808
f 3808 3971 4008
f 3808 4008 4009
f 3808 4009 3813
f 3809 4010 3810
f 3809 3812 4010
f 3810 4010 4011
f 3810 4011 4012
f 3810 4012 3814
f 3811 3813 4013
f 3811 4013 4014
f 3811 4014 4015
f 3811 4015 4016
f 3811 4016 4017
f 3811 4017 4012
f 3811 4012 4018
f 3811 4018 3812
f 3812 4018 4010
f 3813 4009 4170
f 3813 4170 4013
f 3814 4012 3815
f 3815 4019 4020
f 3815 4020 4021
f 3815 4021 4022
f 3815 4022 3818
f 3815 4012 4023
f 3815 4023 4024
f 3815 4024 4025
f 3815 4025 4019
f 3816 3820 3822
f 3818 4022 4026
f 3818 4026 3819
f 3819 4027 4028
f 3819 4028 3820
f 3819 4026 4022
f 3819 4022 4027
f 3820 4028 3823
f 3820 3823 3822
f 3821 3824 4029
f 3821 4029 3825
f 3823 4028 4030
f 3823 4030 4031
f 3823 4031 3824
f 3824 4031 4029
f 3825 4029 3902
f 3827 3828 3829
f 3830 3836 3831
f 3831 3837 3832
f 3831 3836 4032
f 3831 4032 3837
f 3834 3932 4033
f 3834 4033 4034
f 3834 4034 4035
f 3834 4035 3835
f 3835 4035 4036
f 3835 4036 3836
f 3836 4036 4037
f 3836 4037 4038
f 3836 4038 4032
f 3837 4039 3838
f 3837 4032 4040
f 3837 4040 4041
f 3837 4041 4039
f 3838 4039 3840
f 3840 4039 4042
f 3840 4042 4043
f 3840 4043 3842
f 3842 4043 4044
f 3842 4044 4045
f 3842 4045 3843
f 3843 4045 4046
f 3843 4046 3845
f 3843 3845 3844
f 3845 4046 3846
f 3846 4047 4048
f 3846 4048 4049
f 3846 4049 3848
f 3846 3848 3847
f 3846 4046 4047
f 3848 4050 3852
f 3848 3852 4051
f 3848 4051 3849
f 3848 4049 4050
f 3849 4051 3852
f 3850 3852 4052
f 3850 4052 3854
f 3852 4050 4053
f 3852 4053 4052
f 3853 4054 3855
f 3853 3854 4054
f 3854 4053 4055
f 3854 4055 4259
f 3854 4259 4054
f 3854 4052 4053
f 3855 4054 3856
f 3856 3858 3857
f 3856 4054 4259
f 3856 4259 4056
f 3856 4056 4057
f 3856 4057 3858
f 3858 4057 4058
f 3858 4058 3859
f 3860 4058 4059
f 3860 4059 4060
f 3860 4060 3861
f 3861 4060 4061
f 3861 4061 3862
f 3862 4061 3863
f 3863 4061 4062
f 3863 4062 4064
f 3863 4064 4063
f 3863 4063 3864
f 3864 4063 3865
f 3865 4063 4064
f 3865 4064 4065
f 3865 4065 3873
f 3865 3873 3866
f 3866 3873 3867
f 3868 3876 4066
f 3868 4066 3869
f 3869 4066 3870
f 3870 3876 4067
f 3870 4067 4068
f 3870 4068 4069
f 3870 4069 4070
f 3870 4070 4071
f 3870 4071 4072
f 3870 4072 4073
f 3870 4073 4074
f 3870 4074 4075
f 3870 4075 3872
f 3870 3872 3871
f 3870 4066 3876
f 3872 4075 3878
f 3873 4065 4076
f 3873 4076 3874
f 3874 4076 4077
f 3874 4077 4078
f 3874 4078 3875
f 3875 4079 4080
f 3875 4080 4081
f 3875 4081 3876
f 3875 4078 4079
f 3876 4081 4082
f 3876 4082 4083
f 3876 4083 4067
f 3877 3878 3881
f 3877 3881 3880
f 3878 4075 4084
f 3878 4084 4085
f 3878 4085 3881
f 3881 4085 3883
f 3883 4085 4086
f 3883 4086 4087
f 3883 4087 4088
f 3883 4088 4089
f 3883 4089 4090
f 3883 4090 4091
f 3883 4091 3885
f 3885 4091 3887
f 3885 3887 3886
f 3887 4090 4092
f 3887 4092 4093
f 3887 4093 4094
f 3887 4094 3888
f 3887 4091 4090
f 3888 3891 3889
f 3888 4094 3891
f 3889 3891 3890
f 3891 4094 4095
f 3891 4095 3893
f 3891 3893 3892
f 3893 4095 3894
f 3894 4095 4096
f 3894 4096 3895
f 3895 4096 3896
f 3896 4096 4097
f 3898 4098 3899
f 3899 4098 4099
f 3900 3901 3903
f 3901 4100 3903
f 3901 3902 4100
f 3902 4029 4031
f 3902 4031 4100
f 3903 4100 3924
f 3904 3920 4101
f 3904 4101 3905
f 3905 4102 3908
f 3905 4101 4103
f 3905 4103 4104
f 3905 4104 4102
f 3906 3909 3907
f 3906 4105 4106
f 3906 4106 3909
f 3908 4102 4314
f 3908 4314 4105
f 3909 4107 3912
f 3909 3912 3911
f 3909 3911 3910
f 3909 4106 4107
f 3912 4107 4108
f 3912 4108 4109
f 3912 4109 4110
f 3912 4110 4111
f 3912 4111 3913
f 3913 4111 4112
f 3913 4112 3914
f 3914 4112 4113
f 3914 4113 4114
f 3914 4114 3917
f 3914 3917 3915
f 3916 3917 3918
f 3917 4115 4116
f 3917 4116 4117
f 3917 4117 4118
f 3917 4118 4119
f 3917 4119 3919
f 3917 4114 4115
f 3919 4119 3922
f 3920 3921 4120
f 3920 4120 4101
f 3921 4121 4337
f 3921 4337 4120
f 3922 4119 4122
f 3922 4122 3923
f 3923 4122 3925
f 3924 4100 4030
f 3924 4030 4123
f 3924 4123 4121
f 3925 4122 3926
f 3926 4122 3927
f 3927 4122 4124
f 3927 4124 4125
f 3927 4125 4126
f 3927 4126 3929
f 3927 3929 3928
f 3929 4127 4128
f 3929 4128 4033
f 3929 4033 3933
f 3929 3933 3930
f 3929 4126 4129
f 3929 4129 4127
f 3930 3933 3931
f 3932 3933 4033
f 3935 4130 3936
f 3936 4131 3937
f 3936 4130 4131
f 3937 4132 4133
f 3937 4133 4134
f 3937 4134 4135
f 3937 4135 4136
f 3937 4136 4137
f 3937 4137 3938
f 3937 4131 4138
f 3937 4138 4132
f 3938 4139 3939
f 3938 4137 4139
f 3939 4140 4141
f 3939 4141 4142
f 3939 4142 3940
f 3939 4139 4140
f 3940 4142 4143
f 3940 4143 4144
f 3940 4144 3942
f 3940 3942 3941
f 3942 4144 4145
f 3942 4145 3943
f 3943 4145 4146
f 3943 4146 3944
f 3944 4146 4147
f 3944 4147 4148
f 3944 4148 4149
f 3944 4149 4150
f 3944 4150 3946
f 3945 3946 3947
f 3946 4150 4149
f 3946 4149 4151
f 3946 4151 3948
f 3948 4151 4152
f 3948 4152 3949
f 3949 4152 4153
f 3949 4153 3950
f 3950 4153 3951
f 3951 4153 3954
f 3951 3954 3952
f 3954 4153 4361
f 3954 4361 4154
f 3954 4154 4155
f 3954 4155 3955
f 3955 4155 4156
f 3955 4156 3956
f 3956 4156 3957
f 3957 4156 4157
f 3957 4157 4158
f 3957 4158 4159
f 3957 4159 3958
f 3958 4159 3972
f 3959 4160 3967
f 3959 3967 3960
f 3959 3963 4161
f 3959 4161 3962
f 3959 3962 4162
f 3959 4162 4163
f 3959 4163 4160
f 3960 3967 3966
f 3961 3965 3962
f 3962 3965 4164
f 3962 4164 4162
f 3962 4161 3963
f 3965 4002 4165
f 3965 4165 4164
f 3967 4166 3968
f 3967 4160 4166
f 3968 3971 3969
f 3968 4166 3971
f 3969 3971 3970
f 3971 4167 4168
f 3971 4168 4169
f 3971 4169 4170
f 3971 4170 4009
f 3971 4009 4008
f 3971 4166 4171
f 3971 4171 4167
f 3972 4159 4172
f 3972 4172 4173
f 3972 4173 3973
f 3973 4173 4174
f 3973 4174 3974
f 3974 4174 4175
f 3974 4175 3975
f 3975 4175 4176
f 3975 4176 3976
f 3976 4176 4177
f 3976 4177 3979
f 3977 3981 3978
f 3978 3981 4178
f 3978 4178 3987
f 3978 3987 3986
f 3979 4177 3980
f 3980 4177 4179
f 3980 4179 3982
f 3981 3985 4180
f 3981 4180 3988
f 3981 3988 4178
f 3982 4179 3983
f 3983 4181 4182
f 3983 4182 4183
f 3983 4183 4184
f 3983 4184 4185
f 3983 4185 4186
f 3983 4186 3984
f 3983 4179 4177
f 3983 4177 4181
f 3984 4186 3985
f 3985 4186 4180
f 3987 4178 3988
f 3988 3990 3989
f 3988 4180 4187
f 3988 4187 4188
f 3988 4188 4189
f 3988 4189 4190
f 3988 4190 3990
f 3990 4190 4191
f 3990 4191 3991
f 3991 4191 3992
f 3992 3994 3993
f 3992 4191 4192
f 3992 4192 3994
f 3994 4192 4193
f 3994 4193 4194
f 3994 4194 3995
f 3995 4194 3996
f 3996 4194 4195
f 3996 4195 3997
f 3997 4196 4000
f 3997 4195 4197
f 3997 4197 4196
f 3998 4000 3999
f 3999 4000 4003
f 4000 4198 4005
f 4000 4005 4004
f 4000 4004 4003
f 4000 4196 4197
f 4000 4197 4199
f 4000 4199 4200
f 4000 4200 4201
f 4000 4201 4198
f 4001 4007 4202
f 4001 4202 4002
f 4002 4202 4165
f 4005 4198 4006
f 4006 4198 4203
f 4006 4203 4007
f 4007 4204 4205
f 4007 4205 4206
f 4007 4206 4207
f 4007 4207 4165
f 4007 4165 4208
f 4007 4208 4202
f 4007 4203 4209
f 4007 4209 4210
f 4007 4210 4204
f 4010 4018 4012
f 4010 4012 4011
f 4012 4017 4211
f 4012 4211 4212
f 4012 4212 4213
f 4012 4213 4023
f 4013 4214 4014
f 4013 4170 4215
f 4013 4215 4216
f 4013 4216 4214
f 4014 4214 4015
f 4015 4217 4211
f 4015 4211 4016
f 4015 4214 4216
f 4015 4216 4218
f 4015 4218 4219
f 4015 4219 4217
f 4016 4211 4017
f 4019 4025 4220
f 4019 4220 4221
f 4019 4221 4222
f 4019 4222 4020
f 4020 4222 4428
f 4020 4428 4223
f 4020 4223 4224
f 4020 4224 4021
f 4021 4027 4022
f 4021 4224 4027
f 4023 4213 4024
f 4024 4213 4225
f 4024 4225 4212
f 4024 4212 4211
f 4024 4211 4226
f 4024 4226 4217
f 4024 4217 4227
f 4024 4227 4228
f 4024 4228 4229
f 4024 4229 4230
f 4024 4230 4231
f 4024 4231 4232
f 4024 4232 4233
f 4024 4233 4025
f 4025 4233 4220
f 4027 4224 4234
f 4027 4234 4028
f 4028 4234 4338
f 4028 4338 4235
f 4028 4235 4236
f 4028 4236 4030
f 4030 4236 4123
f 4030 4100 4031
f 4032 4237 4238
f 4032 4238 4040
f 4032 4038 4239
f 4032 4239 4237
f 4033 4128 4240
f 4033 4240 4241
f 4033 4241 4036
f 4033 4036 4034
f 4034 4036 4035
f 4036 4241 4240
f 4036 4240 4037
f 4037 4240 4242
f 4037 4242 4243
f 4037 4243 4244
f 4037 4244 4245
f 4037 4245 4038
f 4038 4245 4239
f 4039 4041 4246
f 4039 4246 4042
f 4040 4238 4041
f 4041 4238 4246
f 4042 4247 4043
f 4042 4246 4247
f 4043 4247 4044
f 4044 4248 4046
f 4044 4046 4045
f 4044 4247 4249
f 4044 4249 4248
f 4046 4248 4250
f 4046 4250 4251
f 4046 4251 4252
f 4046 4252 4047
f 4047 4252 4456
f 4047 4456 4253
f 4047 4253 4254
f 4047 4254 4050
f 4047 4050 4048
f 4048 4050 4049
f 4050 4255 4055
f 4050 4055 4256
f 4050 4256 4053
f 4050 4254 4257
f 4050 4257 4258
f 4050 4258 4255
f 4053 4256 4055
f 4055 4255 4259
f 4056 4259 4260
f 4056 4260 4261
f 4056 4261 4057
f 4057 4261 4059
f 4057 4059 4058
f 4059 4261 4462
f 4059 4462 4262
f 4059 4262 4263
f 4059 4263 4060
f 4060 4263 4061
f 4061 4263 4264
f 4061 4264 4265
f 4061 4265 4062
f 4062 4265 4064
f 4064 4265 4266
f 4064 4266 4065
f 4065 4267 4268
f 4065 4268 4269
f 4065 4269 4270
f 4065 4270 4271
f 4065 4271 4077
f 4065 4077 4076
f 4065 4266 4272
f 4065 4272 4273
f 4065 4273 4267
f 4067 4083 4068
f 4068 4083 4274
f 4068 4274 4275
f 4068 4275 4276
f 4068 4276 4277
f 4068 4277 4278
f 4068 4278 4279
f 4068 4279 4069
f 4069 4071 4070
f 4069 4279 4280
f 4069 4280 4071
f 4071 4280 4281
f 4071 4281 4282
f 4071 4282 4283
f 4071 4283 4284
f 4071 4284 4285
f 4071 4285 4072
f 4072 4285 4073
f 4073 4285 4286
f 4073 4286 4087
f 4073 4087 4287
f 4073 4287 4288
f 4073 4288 4075
f 4073 4075 4074
f 4075 4288 4287
f 4075 4287 4084
f 4077 4271 4078
f 4078 4271 4289
f 4078 4289 4290
f 4078 4290 4079
f 4079 4290 4080
f 4080 4082 4081
f 4080 4290 4291
f 4080 4291 4292
f 4080 4292 4293
f 4080 4293 4294
f 4080 4294 4082
f 4082 4275 4083
f 4082 4294 4295
f 4082 4295 4296
f 4082 4296 4275
f 4083 4275 4274
f 4084 4287 4085
f 4085 4287 4086
f 4086 4287 4087
f 4087 4286 4284
f 4087 4284 4088
f 4088 4284 4297
f 4088 4297 4089
f 4089 4297 4090
f 4090 4297 4298
f 4090 4298 4092
f 4092 4298 4299
f 4092 4299 4300
f 4092 4300 4301
f 4092 4301 4302
f 4092 4302 4093
f 4093 4302 4301
f 4093 4301 4094
f 4094 4301 4303
f 4094 4303 4304
f 4094 4304 4095
f 4095 4304 4096
f 4096 4304 4303
f 4096 4303 4305
f 4096 4305 4306
f 4096 4306 4307
f 4096 4307 4308
f 4096 4308 4097
f 4097 4308 4307
f 4097 4307 4309
f 4098 4310 4099
f 4099 4310 4311
f 4099 4311 4312
f 4101 4120 4337
f 4101 4337 4313
f 4101 4313 4316
f 4101 4316 4103
f 4102 4104 4315
f 4102 4315 4314
f 4103 4316 4317
f 4103 4317 4104
f 4104 4317 4509
f 4104 4509 4315
f 4105 4314 4318
f 4105 4318 4106
f 4106 4319 4107
f 4106 4318 4319
f 4107 4319 4320
f 4107 4320 4109
f 4107 4109 4108
f 4109 4320 4321
f 4109 4321 4322
f 4109 4322 4110
f 4110 4322 4111
f 4111 4322 4112
f 4112 4322 4323
f 4112 4323 4324
f 4112 4324 4325
f 4112 4325 4326
f 4112 4326 4113
f 4113 4326 4327
f 4113 4327 4115
f 4113 4115 4114
f 4115 4327 4116
f 4116 4328 4118
f 4116 4118 4117
f 4116 4327 4326
f 4116 4326 4328
f 4118 4124 4329
f 4118 4329 4119
f 4118 4328 4330
f 4118 4330 4331
f 4118 4331 4332
f 4118 4332 4333
f 4118 4333 4127
f 4118 4127 4334
f 4118 4334 4335
f 4118 4335 4336
f 4118 4336 4124
f 4119 4329 4124
f 4119 4124 4122
f 4121 4123 4235
f 4121 4235 4338
f 4121 4338 4337
f 4123 4236 4235
f 4124 4336 4125
f 4125 4336 4126
f 4126 4336 4129
f 4127 4339 4242
f 4127 4242 4240
f 4127 4240 4128
f 4127 4129 4334
f 4127 4333 4339
f 4129 4336 4335
f 4129 4335 4334
f 4132 4340 4341
f 4132 4341 4342
f 4132 4342 4343
f 4132 4343 4133
f 4132 4138 4340
f 4133 4343 4134
f 4134 4343 4344
f 4134 4344 4345
f 4134 4345 4135
f 4135 4346 4137
f 4135 4137 4136
f 4135 4345 4140
f 4135 4140 4346
f 4137 4346 4139
f 4139 4346 4140
f 4140 4345 4347
f 4140 4347 4348
f 4140 4348 4349
f 4140 4349 4141
f 4141 4349 4142
f 4142 4349 4143
f 4143 4349 4350
f 4143 4350 4351
f 4143 4351 4144
f 4144 4351 4352
f 4144 4352 4145
f 4145 4352 4353
f 4145 4353 4146
f 4146 4353 4354
f 4146 4354 4147
f 4147 4354 4355
f 4147 4355 4356
f 4147 4356 4148
f 4148 4356 4149
f 4149 4356 4151
f 4151 4356 4357
f 4151 4357 4358
f 4151 4358 4152
f 4152 4358 4359
f 4152 4359 4360
f 4152 4360 4153
f 4153 4360 4361
f 4154 4361 4362
f 4154 4362 4155
f 4155 4362 4156
f 4156 4362 4363
f 4156 4363 4157
f 4157 4363 4562
f 4157 4562 4364
f 4157 4364 4158
f 4158 4364 4365
f 4158 4365 4159
f 4159 4365 4172
f 4160 4163 4366
f 4160 4366 4166
f 4162 4164 4163
f 4163 4164 4367
f 4163 4367 4366
f 4164 4165 4367
f 4165 4202 4208
f 4165 4207 4206
f 4165 4206 4368
f 4165 4368 4369
f 4165 4369 4370
f 4165 4370 4371
f 4165 4371 4366
f 4165 4366 4367
f 4166 4366 4171
f 4167 4169 4168
f 4167 4171 4372
f 4167 4372 4373
f 4167 4373 4169
f 4169 4373 4374
f 4169 4374 4375
f 4169 4375 4170
f 4170 4375 4215
f 4171 4366 4376
f 4171 4376 4372
f 4172 4365 4377
f 4172 4377 4378
f 4172 4378 4379
f 4172 4379 4380
f 4172 4380 4173
f 4173 4380 4174
f 4174 4380 4381
f 4174 4381 4382
f 4174 4382 4383
f 4174 4383 4175
f 4175 4383 4176
f 4176 4383 4384
f 4176 4384 4177
f 4177 4384 4385
f 4177 4385 4181
f 4180 4186 4187
f 4181 4385 4386
f 4181 4386 4182
f 4182 4386 4387
f 4182 4387 4183
f 4183 4388 4389
f 4183 4389 4185
f 4183 4185 4184
f 4183 4387 4390
f 4183 4390 4391
f 4183 4391 4388
f 4185 4392 4186
f 4185 4389 4392
f 4186 4393 4187
f 4186 4392 4188
f 4186 4188 4393
f 4187 4393 4188
f 4188 4392 4394
f 4188 4394 4388
f 4188 4388 4395
f 4188 4395 4396
f 4188 4396 4397
f 4188 4397 4189
f 4189 4397 4190
f 4190 4397 4398
f 4190 4398 4191
f 4191 4398 4399
f 4191 4399 4192
f 4192 4399 4400
f 4192 4400 4401
f 4192 4401 4193
f 4193 4402 4194
f 4193 4401 4402
f 4194 4402 4403
f 4194 4403 4404
f 4194 4404 4195
f 4195 4404 4197
f 4197 4404 4199
f 4198 4201 4405
f 4198 4405 4406
f 4198 4406 4203
f 4199 4404 4403
f 4199 4403 4407
f 4199 4407 4200
f 4200 4408 4405
f 4200 4405 4201
f 4200 4407 4408
f 4203 4406 4409
f 4203 4409 4209
f 4204 4410 4205
f 4204 4210 4411
f 4204 4411 4412
f 4204 4412 4410
f 4205 4413 4414
f 4205 4414 4415
f 4205 4415 4416
f 4205 4416 4206
f 4205 4410 4413
f 4206 4416 4369
f 4206 4369 4368
f 4209 4409 4417
f 4209 4417 4412
f 4209 4412 4411
f 4209 4411 4210
f 4211 4217 4226
f 4212 4225 4213
f 4215 4375 4418
f 4215 4418 4216
f 4216 4418 4419
f 4216 4419 4218
f 4217 4420 4421
f 4217 4421 4422
f 4217 4422 4423
f 4217 4423 4227
f 4217 4219 4420
f 4218 4419 4219
f 4219 4419 4424
f 4219 4424 4425
f 4219 4425 4420
f 4220 4426 4221
f 4220 4233 4426
f 4221 4426 4222
f 4222 4426 4427
f 4222 4427 4632
f 4222 4632 4428
f 4223 4428 4429
f 4223 4429 4224
f 4224 4429 4430
f 4224 4430 4234
f 4227 4423 4228
f 4228 4431 4229
f 4228 4423 4421
f 4228 4421 4431
f 4229 4431 4230
f 4230 4431 4231
f 4231 4431 4432
f 4231 4432 4433
f 4231 4433 4434
f 4231 4434 4232
f 4232 4434 4435
f 4232 4435 4233
f 4233 4435 4436
f 4233 4436 4437
f 4233 4437 4426
f 4234 4430 4338
f 4237 4239 4438
f 4237 4438 4238
f 4238 4438 4244
f 4238 4244 4246
f 4239 4245 4438
f 4242 4339 4332
f 4242 4332 4439
f 4242 4439 4440
f 4242 4440 4441
f 4242 4441 4243
f 4243 4442 4244
f 4243 4441 4442
f 4244 4438 4245
f 4244 4442 4443
f 4244 4443 4444
f 4244 4444 4445
f 4244 4445 4246
f 4246 4446 4247
f 4246 4445 4447
f 4246 4447 4446
f 4247 4448 4449
f 4247 4449 4249
f 4247 4446 4447
f 4247 4447 4448
f 4248 4249 4450
f 4248 4450 4250
f 4249 4449 4448
f 4249 4448 4451
f 4249 4451 4452
f 4249 4452 4450
f 4250 4450 4453
f 4250 4453 4454
f 4250 4454 4455
f 4250 4455 4456
f 4250 4456 4251
f 4251 4456 4252
f 4253 4456 4457
f 4253 4457 4458
f 4253 4458 4257
f 4253 4257 4254
f 4255 4459 4259
f 4255 4258 4460
f 4255 4460 4459
f 4257 4460 4258
f 4257 4458 4460
f 4259 4459 4461
f 4259 4461 4260
f 4260 4461 4462
f 4260 4462 4261
f 4262 4462 4463
f 4262 4463 4464
f 4262 4464 4263
f 4263 4464 4264
f 4264 4464 4465
f 4264 4465 4266
f 4264 4266 4265
f 4266 4465 4466
f 4266 4466 4273
f 4266 4273 4272
f 4267 4467 4468
f 4267 4468 4268
f 4267 4273 4466
f 4267 4466 4467
f 4268 4468 4469
f 4268 4469 4470
f 4268 4470 4471
f 4268 4471 4269
f 4269 4471 4472
f 4269 4472 4473
f 4269 4473 4474
f 4269 4474 4289
f 4269 4289 4270
f 4270 4289 4271
f 4275 4296 4475
f 4275 4475 4276
f 4276 4475 4295
f 4276 4295 4278
f 4276 4278 4277
f 4278 4295 4476
f 4278 4476 4477
f 4278 4477 4478
f 4278 4478 4479
f 4278 4479 4279
f 4279 4479 4480
f 4279 4480 4280
f 4280 4480 4479
f 4280 4479 4481
f 4280 4481 4281
f 4281 4482 4282
f 4281 4481 4483
f 4281 4483 4484
f 4281 4484 4482
f 4282 4482 4283
f 4283 4482 4485
f 4283 4485 4284
f 4284 4299 4486
f 4284 4486 4297
f 4284 4286 4285
f 4284 4485 4484
f 4284 4484 4487
f 4284 4487 4488
f 4284 4488 4489
f 4284 4489 4299
f 4289 4474 4490
f 4289 4490 4491
f 4289 4491 4290
f 4290 4491 4490
f 4290 4490 4291
f 4291 4490 4292
f 4292 4490 4492
f 4292 4492 4493
f 4292 4493 4293
f 4293 4493 4494
f 4293 4494 4495
f 4293 4495 4496
f 4293 4496 4295
f 4293 4295 4294
f 4295 4475 4296
f 4295 4496 4497
f 4295 4497 4498
f 4295 4498 4476
f 4297 4486 4299
f 4297 4299 4298
f 4299 4489 4499
f 4299 4499 4301
f 4299 4301 4300
f 4301 4499 4489
f 4301 4489 4500
f 4301 4500 4305
f 4301 4305 4303
f 4305 4489 4501
f 4305 4501 4502
f 4305 4502 4503
f 4305 4503 4306
f 4305 4500 4489
f 4306 4503 4307
f 4307 4503 4309
f 4309 4503 4504
f 4311 4505 4506
f 4311 4506 4507
f 4311 4507 4312
f 4313 4337 4338
f 4313 4338 4430
f 4313 4430 4429
f 4313 4429 4316
f 4314 4315 4508
f 4314 4508 4318
f 4315 4509 4712
f 4315 4712 4508
f 4316 4429 4317
f 4317 4429 4510
f 4317 4510 4509
f 4318 4511 4319
f 4318 4508 4511
f 4319 4512 4320
f 4319 4511 4512
f 4320 4512 4513
f 4320 4513 4514
f 4320 4514 4321
f 4321 4514 4515
f 4321 4515 4516
f 4321 4516 4517
f 4321 4517 4322
f 4322 4517 4516
f 4322 4516 4323
f 4323 4518 4324
f 4323 4516 4519
f 4323 4519 4518
f 4324 4518 4520
f 4324 4520 4521
f 4324 4521 4522
f 4324 4522 4325
f 4325 4522 4523
f 4325 4523 4524
f 4325 4524 4326
f 4326 4524 4525
f 4326 4525 4328
f 4328 4525 4526
f 4328 4526 4330
f 4330 4526 4527
f 4330 4527 4528
f 4330 4528 4529
f 4330 4529 4530
f 4330 4530 4531
f 4330 4531 4441
f 4330 4441 4532
f 4330 4532 4533
f 4330 4533 4332
f 4330 4332 4331
f 4332 4533 4439
f 4332 4339 4333
f 4341 4534 4535
f 4341 4535 4342
f 4342 4535 4343
f 4343 4535 4344
f 4344 4536 4537
f 4344 4537 4345
f 4344 4535 4536
f 4345 4537 4538
f 4345 4538 4539
f 4345 4539 4347
f 4347 4538 4348
f 4347 4539 4538
f 4348 4538 4349
f 4349 4538 4540
f 4349 4540 4541
f 4349 4541 4542
f 4349 4542 4350
f 4350 4543 4544
f 4350 4544 4545
f 4350 4545 4546
f 4350 4546 4547
f 4350 4547 4548
f 4350 4548 4351
f 4350 4542 4549
f 4350 4549 4543
f 4351 4548 4352
f 4352 4548 4550
f 4352 4550 4551
f 4352 4551 4353
f 4353 4551 4552
f 4353 4552 4354
f 4354 4552 4553
f 4354 4553 4554
f 4354 4554 4555
f 4354 4555 4355
f 4355 4555 4356
f 4356 4555 4556
f 4356 4556 4357
f 4357 4556 4557
f 4357 4557 4358
f 4358 4557 4359
f 4359 4557 4558
f 4359 4558 4360
f 4360 4558 4362
f 4360 4362 4361
f 4362 4558 4559
f 4362 4559 4560
f 4362 4560 4561
f 4362 4561 4363
f 4363 4561 4562
f 4364 4562 4563
f 4364 4563 4365
f 4365 4563 4377
f 4366 4564 4565
f 4366 4565 4566
f 4366 4566 4376
f 4366 4371 4567
f 4366 4567 4564
f 4369 4568 4569
f 4369 4569 4370
f 4369 4416 4415
f 4369 4415 4568
f 4370 4569 4371
f 4371 4569 4567
f 4372 4376 4374
f 4372 4374 4373
f 4374 4570 4571
f 4374 4571 4572
f 4374 4572 4375
f 4374 4376 4566
f 4374 4566 4565
f 4374 4565 4573
f 4374 4573 4574
f 4374 4574 4575
f 4374 4575 4570
f 4375 4572 4418
f 4377 4563 4576
f 4377 4576 4577
f 4377 4577 4378
f 4378 4577 4578
f 4378 4578 4379
f 4379 4578 4380
f 4380 4578 4579
f 4380 4579 4381
f 4381 4579 4580
f 4381 4580 4581
f 4381 4581 4382
f 4382 4581 4582
f 4382 4582 4383
f 4383 4582 4384
f 4384 4582 4583
f 4384 4583 4385
f 4385 4583 4386
f 4386 4583 4387
f 4387 4583 4584
f 4387 4584 4390
f 4388 4585 4586
f 4388 4586 4395
f 4388 4394 4389
f 4388 4391 4587
f 4388 4587 4585
f 4389 4394 4392
f 4390 4588 4589
f 4390 4589 4590
f 4390 4590 4591
f 4390 4591 4592
f 4390 4592 4391
f 4390 4584 4588
f 4391 4592 4587
f 4395 4586 4396
f 4396 4593 4397
f 4396 4586 4594
f 4396 4594 4595
f 4396 4595 4593
f 4397 4593 4398
f 4398 4593 4399
f 4399 4593 4596
f 4399 4596 4400
f 4400 4596 4401
f 4401 4597 4402
f 4401 4596 4598
f 4401 4598 4599
f 4401 4599 4600
f 4401 4600 4597
f 4402 4597 4403
f 4403 4597 4601
f 4403 4601 4407
f 4405 4408 4406
f 4406 4408 4602
f 4406 4602 4409
f 4407 4601 4603
f 4407 4603 4604
f 4407 4604 4605
f 4407 4605 4606
f 4407 4606 4408
f 4408 4606 4605
f 4408 4605 4602
f 4409 4602 4605
f 4409 4605 4607
f 4409 4607 4608
f 4409 4608 4609
f 4409 4609 4610
f 4409 4610 4417
f 4410 4412 4417
f 4410 4417 4611
f 4410 4611 4413
f 4413 4611 4612
f 4413 4612 4613
f 4413 4613 4414
f 4414 4614 4615
f 4414 4615 4616
f 4414 4616 4617
f 4414 4617 4569
f 4414 4569 4568
f 4414 4568 4415
f 4414 4613 4614
f 4417 4610 4618
f 4417 4618 4611
f 4418 4619 4620
f 4418 4620 4419
f 4418 4572 4621
f 4418 4621 4622
f 4418 4622 4619
f 4419 4620 4424
f 4420 4425 4623
f 4420 4623 4421
f 4421 4623 4624
f 4421 4624 4625
f 4421 4625 4626
f 4421 4626 4627
f 4421 4627 4628
f 4421 4628 4432
f 4421 4432 4431
f 4421 4423 4422
f 4424 4620 4619
f 4424 4619 4629
f 4424 4629 4630
f 4424 4630 4425
f 4425 4630 4623
f 4426 4437 4427
f 4427 4437 4631
f 4427 4631 4632
f 4428 4510 4429
f 4428 4632 4713
f 4428 4713 4510
f 4432 4628 4633
f 4432 4633 4634
f 4432 4634 4433
f 4433 4634 4635
f 4433 4635 4434
f 4434 4636 4637
f 4434 4637 4638
f 4434 4638 4639
f 4434 4639 4437
f 4434 4437 4435
f 4434 4635 4636
f 4435 4437 4436
f 4437 4639 4631
f 4439 4533 4440
f 4440 4533 4532
f 4440 4532 4441
f 4441 4531 4443
f 4441 4443 4442
f 4443 4531 4640
f 4443 4640 4444
f 4444 4640 4641
f 4444 4641 4642
f 4444 4642 4643
f 4444 4643 4445
f 4445 4643 4644
f 4445 4644 4645
f 4445 4645 4646
f 4445 4646 4447
f 4447 4646 4647
f 4447 4647 4448
f 4448 4647 4645
f 4448 4645 4451
f 4450 4452 4648
f 4450 4648 4649
f 4450 4649 4453
f 4451 4645 4452
f 4452 4645 4650
f 4452 4650 4648
f 4453 4651 4454
f 4453 4649 4652
f 4453 4652 4653
f 4453 4653 4651
f 4454 4651 4654
f 4454 4654 4457
f 4454 4457 4455
f 4455 4457 4456
f 4457 4655 4460
f 4457 4460 4458
f 4457 4654 4655
f 4459 4460 4656
f 4459 4656 4461
f 4460 4657 4656
f 4460 4655 4658
f 4460 4658 4657
f 4461 4656 4657
f 4461 4657 4659
f 4461 4659 4660
f 4461 4660 4462
f 4462 4660 4463
f 4463 4661 4662
f 4463 4662 4466
f 4463 4466 4663
f 4463 4663 4464
f 4463 4660 4661
f 4464 4663 4465
f 4465 4663 4466
f 4466 4662 4467
f 4467 4664 4468
f 4467 4662 4664
f 4468 4664 4469
f 4469 4665 4666
f 4469 4666 4470
f 4469 4664 4665
f 4470 4666 4471
f 4471 4667 4668
f 4471 4668 4472
f 4471 4666 4667
f 4472 4668 4669
f 4472 4669 4473
f 4473 4670 4474
f 4473 4669 4671
f 4473 4671 4672
f 4473 4672 4673
f 4473 4673 4670
f 4474 4670 4490
f 4476 4498 4497
f 4476 4497 4477
f 4477 4497 4674
f 4477 4674 4478
f 4478 4675 4676
f 4478 4676 4677
f 4478 4677 4678
f 4478 4678 4679
f 4478 4679 4481
f 4478 4481 4479
f 4478 4674 4680
f 4478 4680 4681
f 4478 4681 4682
f 4478 4682 4675
f 4481 4679 4678
f 4481 4678 4483
f 4482 4484 4485
f 4483 4683 4484
f 4483 4678 4683
f 4484 4683 4684
f 4484 4684 4487
f 4487 4684 4677
f 4487 4677 4685
f 4487 4685 4686
f 4487 4686 4687
f 4487 4687 4688
f 4487 4688 4689
f 4487 4689 4690
f 4487 4690 4488
f 4488 4690 4691
f 4488 4691 4489
f 4489 4691 4501
f 4490 4673 4493
f 4490 4493 4492
f 4490 4670 4673
f 4493 4673 4672
f 4493 4672 4692
f 4493 4692 4693
f 4493 4693 4694
f 4493 4694 4494
f 4494 4694 4695
f 4494 4695 4495
f 4495 4695 4496
f 4496 4695 4696
f 4496 4696 4697
f 4496 4697 4497
f 4497 4697 4698
f 4497 4698 4699
f 4497 4699 4700
f 4497 4700 4674
f 4501 4691 4701
f 4501 4701 4702
f 4501 4702 4502
f 4502 4702 4503
f 4503 4702 4703
f 4503 4703 4704
f 4503 4704 4504
f 4504 4704 4706
f 4504 4706 4705
f 4505 4707 4506
f 4506 4707 4708
f 4506 4708 4709
f 4508 4710 4711
f 4508 4711 4511
f 4508 4712 4920
f 4508 4920 4710
f 4509 4510 4713
f 4509 4713 4712
f 4511 4714 4512
f 4511 4711 4921
f 4511 4921 4714
f 4512 4714 4715
f 4512 4715 4513
f 4513 4715 4514
f 4514 4715 4716
f 4514 4716 4717
f 4514 4717 4718
f 4514 4718 4719
f 4514 4719 4515
f 4515 4720 4519
f 4515 4519 4516
f 4515 4719 4720
f 4518 4519 4721
f 4518 4721 4722
f 4518 4722 4520
f 4519 4720 4723
f 4519 4723 4724
f 4519 4724 4722
f 4519 4722 4721
f 4520 4722 4724
f 4520 4724 4725
f 4520 4725 4726
f 4520 4726 4727
f 4520 4727 4521
f 4521 4728 4729
f 4521 4729 4523
f 4521 4523 4522
f 4521 4727 4728
f 4523 4729 4524
f 4524 4729 4730
f 4524 4730 4525
f 4525 4730 4527
f 4525 4527 4526
f 4527 4730 4731
f 4527 4731 4732
f 4527 4732 4733
f 4527 4733 4734
f 4527 4734 4528
f 4528 4734 4529
f 4529 4640 4531
f 4529 4531 4530
f 4529 4734 4640
f 4534 4735 4535
f 4535 4735 4736
f 4535 4736 4737
f 4535 4737 4536
f 4536 4737 4738
f 4536 4738 4538
f 4536 4538 4537
f 4538 4739 4740
f 4538 4740 4741
f 4538 4741 4742
f 4538 4742 4743
f 4538 4743 4744
f 4538 4744 4745
f 4538 4745 4549
f 4538 4549 4540
f 4538 4738 4739
f 4540 4549 4541
f 4541 4549 4542
f 4543 4549 4746
f 4543 4746 4544
f 4544 4747 4748
f 4544 4748 4749
f 4544 4749 4750
f 4544 4750 4751
f 4544 4751 4546
f 4544 4546 4545
f 4544 4746 4752
f 4544 4752 4747
f 4546 4751 4547
f 4547 4751 4753
f 4547 4753 4754
f 4547 4754 4755
f 4547 4755 4551
f 4547 4551 4550
f 4547 4550 4548
f 4549 4745 4756
f 4549 4756 4757
f 4549 4757 4746
f 4551 4755 4552
f 4552 4755 4758
f 4552 4758 4553
f 4553 4758 4554
f 4554 4758 4759
f 4554 4759 4760
f 4554 4760 4761
f 4554 4761 4555
f 4555 4761 4762
f 4555 4762 4556
f 4556 4762 4763
f 4556 4763 4764
f 4556 4764 4557
f 4557 4764 4765
f 4557 4765 4558
f 4558 4765 4559
f 4559 4765 4968
f 4559 4968 4766
f 4559 4766 4560
f 4560 4766 4767
f 4560 4767 4561
f 4561 4767 4562
f 4562 4767 4563
f 4563 4767 4768
f 4563 4768 4576
f 4564 4567 4569
f 4564 4569 4565
f 4565 4569 4617
f 4565 4617 4769
f 4565 4769 4574
f 4565 4574 4573
f 4570 4575 4770
f 4570 4770 4571
f 4571 4770 4771
f 4571 4771 4621
f 4571 4621 4572
f 4574 4772 4773
f 4574 4773 4771
f 4574 4771 4770
f 4574 4770 4575
f 4574 4769 4615
f 4574 4615 4774
f 4574 4774 4775
f 4574 4775 4772
f 4576 4768 4776
f 4576 4776 4777
f 4576 4777 4577
f 4577 4777 4778
f 4577 4778 4578
f 4578 4778 4779
f 4578 4779 4780
f 4578 4780 4579
f 4579 4780 4580
f 4580 4780 4781
f 4580 4781 4782
f 4580 4782 4581
f 4581 4782 4582
f 4582 4782 4783
f 4582 4783 4583
f 4583 4783 4584
f 4584 4783 4589
f 4584 4589 4588
f 4585 4784 4586
f 4585 4587 4785
f 4585 4785 4786
f 4585 4786 4784
f 4586 4784 4594
f 4587 4592 4787
f 4587 4787 4785
f 4589 4783 4788
f 4589 4788 4789
f 4589 4789 4590
f 4590 4789 4790
f 4590 4790 4791
f 4590 4791 4591
f 4591 4791 4592
f 4592 4791 4792
f 4592 4792 4793
f 4592 4793 4787
f 4593 4595 4794
f 4593 4794 4596
f 4594 4784 4595
f 4595 4784 4795
f 4595 4795 4794
f 4596 4794 4599
f 4596 4599 4598
f 4597 4600 4796
f 4597 4796 4603
f 4597 4603 4601
f 4599 4794 4797
f 4599 4797 4798
f 4599 4798 4799
f 4599 4799 4800
f 4599 4800 4600
f 4600 4800 4796
f 4603 4801 4605
f 4603 4605 4604
f 4603 4796 4802
f 4603 4802 4803
f 4603 4803 4804
f 4603 4804 4805
f 4603 4805 4801
f 4605 4801 4805
f 4605 4805 4806
f 4605 4806 4607
f 4607 4806 4608
f 4608 4806 4805
f 4608 4805 4807
f 4608 4807 4808
f 4608 4808 4809
f 4608 4809 4810
f 4608 4810 4610
f 4608 4610 4609
f 4610 4810 4811
f 4610 4811 4618
f 4611 4812 4612
f 4611 4618 4812
f 4612 4813 4814
f 4612 4814 4613
f 4612 4812 4815
f 4612 4815 4813
f 4613 4814 4816
f 4613 4816 4817
f 4613 4817 4614
f 4614 4817 4615
f 4615 4818 4774
f 4615 4769 4617
f 4615 4617 4616
f 4615 4817 4818
f 4618 4811 4819
f 4618 4819 4820
f 4618 4820 4821
f 4618 4821 4812
f 4619 4622 4822
f 4619 4822 4629
f 4621 4771 4622
f 4622 4771 4822
f 4623 4630 4823
f 4623 4823 4824
f 4623 4824 4624
f 4624 4825 4826
f 4624 4826 4827
f 4624 4827 4828
f 4624 4828 4829
f 4624 4829 4626
f 4624 4626 4625
f 4624 4824 4823
f 4624 4823 4830
f 4624 4830 4831
f 4624 4831 4832
f 4624 4832 4833
f 4624 4833 4825
f 4626 4834 4627
f 4626 4829 4835
f 4626 4835 4834
f 4627 4834 4633
f 4627 4633 4628
f 4629 4822 4630
f 4630 4822 4836
f 4630 4836 4823
f 4631 4837 4838
f 4631 4838 4632
f 4631 4639 4837
f 4632 4838 4713
f 4633 4835 4634
f 4633 4834 4835
f 4634 4839 4840
f 4634 4840 4841
f 4634 4841 4635
f 4634 4835 4842
f 4634 4842 4839
f 4635 4841 4636
f 4636 4841 4637
f 4637 4843 4844
f 4637 4844 4639
f 4637 4639 4638
f 4637 4841 4843
f 4639 4844 4837
f 4640 4734 4845
f 4640 4845 4846
f 4640 4846 4641
f 4641 4846 4642
f 4642 4847 4644
f 4642 4644 4643
f 4642 4846 4848
f 4642 4848 4849
f 4642 4849 4847
f 4644 4847 4645
f 4645 4647 4646
f 4645 4847 4850
f 4645 4850 4851
f 4645 4851 4852
f 4645 4852 4853
f 4645 4853 4854
f 4645 4854 4650
f 4648 4855 4856
f 4648 4856 4649
f 4648 4650 4854
f 4648 4854 4857
f 4648 4857 4855
f 4649 4856 4652
f 4651 4858 4859
f 4651 4859 4654
f 4651 4653 4860
f 4651 4860 4858
f 4652 4856 4855
f 4652 4855 4861
f 4652 4861 4862
f 4652 4862 4653
f 4653 4863 4864
f 4653 4864 4860
f 4653 4862 4863
f 4654 4859 4865
f 4654 4865 4655
f 4655 4866 4867
f 4655 4867 4658
f 4655 4865 4866
f 4657 4658 4867
f 4657 4867 4659
f 4659 4867 4660
f 4660 4867 4661
f 4661 4867 4662
f 4662 4867 4866
f 4662 4866 4865
f 4662 4865 4868
f 4662 4868 4664
f 4664 4868 4665
f 4665 4868 4666
f 4666 4868 4869
f 4666 4869 4667
f 4667 4870 4668
f 4667 4869 4871
f 4667 4871 4872
f 4667 4872 4873
f 4667 4873 4874
f 4667 4874 4875
f 4667 4875 4870
f 4668 4870 4669
f 4669 4870 4875
f 4669 4875 4671
f 4671 4875 4876
f 4671 4876 4672
f 4672 4876 4877
f 4672 4877 4878
f 4672 4878 4879
f 4672 4879 4692
f 4674 4880 4680
f 4674 4700 4699
f 4674 4699 4881
f 4674 4881 4882
f 4674 4882 4883
f 4674 4883 4880
f 4675 4682 4884
f 4675 4884 4885
f 4675 4885 4676
f 4676 4687 4886
f 4676 4886 4677
f 4676 4885 4887
f 4676 4887 4687
f 4677 4684 4678
f 4677 4886 4888
f 4677 4888 4687
f 4677 4687 4686
f 4677 4686 4685
f 4678 4684 4683
f 4680 4880 4681
f 4681 4883 4682
f 4681 4880 4883
f 4682 4889 4884
f 4682 4883 4890
f 4682 4890 4891
f 4682 4891 4892
f 4682 4892 4893
f 4682 4893 4889
f 4687 4894 4688
f 4687 4888 4886
f 4687 4887 4895
f 4687 4895 4896
f 4687 4896 4897
f 4687 4897 4894
f 4688 4894 4898
f 4688 4898 4689
f 4689 4899 4703
f 4689 4703 4900
f 4689 4900 4702
f 4689 4702 4901
f 4689 4901 4690
f 4689 4898 4897
f 4689 4897 4902
f 4689 4902 4903
f 4689 4903 4904
f 4689 4904 4899
f 4690 4901 4702
f 4690 4702 4701
f 4690 4701 4691
f 4692 4879 4905
f 4692 4905 4693
f 4693 4906 4695
f 4693 4695 4694
f 4693 4905 4907
f 4693 4907 4908
f 4693 4908 4909
f 4693 4909 4910
f 4693 4910 4906
f 4695 4906 4697
f 4695 4697 4696
f 4697 4906 4698
f 4698 4906 4910
f 4698 4910 4911
f 4698 4911 4881
f 4698 4881 4699
f 4702 4900 4703
f 4703 4899 4904
f 4703 4904 4912
f 4703 4912 4706
f 4703 4706 4704
f 4705 4706 4912
f 4705 4912 4913
f 4708 4914 4709
f 4709 4914 4915
f 4709 4915 4916
f 4709 4916 4917
f 4709 4917 4918
f 4710 4919 4711
f 4710 4920 5100
f 4710 5100 4919
f 4711 4919 4921
f 4712 4713 4838
f 4712 4838 4922
f 4712 4922 4923
f 4712 4923 4920
f 4714 4921 4919
f 4714 4919 4715
f 4715 4919 4924
f 4715 4924 4716
f 4716 4924 4717
f 4717 4925 4928
f 4717 4928 4718
f 4717 4924 4926
f 4717 4926 5105
f 4717 5105 4927
f 4717 4927 5104
f 4717 5104 4925
f 4718 4928 4929
f 4718 4929 4719
f 4719 4929 4720
f 4720 4930 4723
f 4720 4929 4928
f 4720 4928 4931
f 4720 4931 4930
f 4723 4932 4724
f 4723 4930 4933
f 4723 4933 4932
f 4724 4932 4725
f 4725 4932 4934
f 4725 4934 4935
f 4725 4935 4936
f 4725 4936 4726
f 4726 4936 4727
f 4727 4936 4937
f 4727 4937 4938
f 4727 4938 4939
f 4727 4939 4731
f 4727 4731 4728
f 4728 4731 4729
f 4729 4731 4730
f 4731 4939 4732
f 4732 4940 4941
f 4732 4941 4733
f 4732 4939 4940
f 4733 4941 4734
f 4734 4941 4942
f 4734 4942 4846
f 4734 4846 4845
f 4736 4738 4737
f 4738 4943 4739
f 4739 4943 4944
f 4739 4944 4740
f 4740 4944 4741
f 4741 4944 4743
f 4741 4743 4742
f 4743 4945 4946
f 4743 4946 4947
f 4743 4947 4948
f 4743 4948 4949
f 4743 4949 4752
f 4743 4752 4756
f 4743 4756 4745
f 4743 4745 4744
f 4743 4944 4950
f 4743 4950 4945
f 4746 4757 4752
f 4747 4752 4949
f 4747 4949 4951
f 4747 4951 4952
f 4747 4952 4953
f 4747 4953 4748
f 4748 4953 4954
f 4748 4954 4749
f 4749 4954 4955
f 4749 4955 4956
f 4749 4956 4957
f 4749 4957 4958
f 4749 4958 4750
f 4750 4959 4753
f 4750 4753 4751
f 4750 4958 4957
f 4750 4957 4959
f 4752 4757 4756
f 4753 4959 4754
f 4754 4959 4960
f 4754 4960 4755
f 4755 4960 4758
f 4758 4960 4961
f 4758 4961 4962
f 4758 4962 4963
f 4758 4963 4759
f 4759 4963 4760
f 4760 4963 4761
f 4761 4963 4964
f 4761 4964 4762
f 4762 4964 4965
f 4762 4965 4966
f 4762 4966 4763
f 4763 4966 4967
f 4763 4967 4764
f 4764 4967 4765
f 4765 4967 4968
f 4766 4968 5143
f 4766 5143 4969
f 4766 4969 4970
f 4766 4970 4767
f 4767 4970 4768
f 4768 4970 4776
f 4771 4971 4972
f 4771 4972 4836
f 4771 4836 4822
f 4771 4773 4772
f 4771 4772 4973
f 4771 4973 4974
f 4771 4974 4971
f 4772 4775 4975
f 4772 4975 4976
f 4772 4976 4973
f 4774 4818 4775
f 4775 4818 4975
f 4776 4970 4977
f 4776 4977 4978
f 4776 4978 4979
f 4776 4979 4980
f 4776 4980 4777
f 4777 4980 4778
f 4778 4980 4981
f 4778 4981 4779
f 4779 4981 4982
f 4779 4982 4780
f 4780 4982 4983
f 4780 4983 4782
f 4780 4782 4781
f 4782 4983 4984
f 4782 4984 4788
f 4782 4788 4783
f 4784 4786 4985
f 4784 4985 4795
f 4785 4787 4986
f 4785 4986 4987
f 4785 4987 4988
f 4785 4988 4786
f 4786 4988 4985
f 4787 4793 4792
f 4787 4792 4986
f 4788 4984 4989
f 4788 4989 4789
f 4789 4989 4990
f 4789 4990 4991
f 4789 4991 4790
f 4790 4991 4992
f 4790 4992 4993
f 4790 4993 4791
f 4791 4993 4994
f 4791 4994 4995
f 4791 4995 4792
f 4792 4995 4986
f 4794 4795 4797
f 4795 4985 4996
f 4795 4996 4797
f 4796 4800 4802
f 4797 4996 4798
f 4798 4996 4997
f 4798 4997 4799
f 4799 4803 4800
f 4799 4997 4998
f 4799 4998 4803
f 4800 4803 4802
f 4803 4999 4805
f 4803 4805 4804
f 4803 4998 5000
f 4803 5000 5001
f 4803 5001 4999
f 4805 4999 5001
f 4805 5001 5002
f 4805 5002 5003
f 4805 5003 4807
f 4807 5003 4808
f 4808 5004 4809
f 4808 5003 5004
f 4809 5004 4810
f 4810 5005 5006
f 4810 5006 4811
f 4810 5004 5005
f 4811 5007 4819
f 4811 5006 5007
f 4812 4821 4815
f 4813 5008 5009
f 4813 5009 5010
f 4813 5010 4814
f 4813 4815 5011
f 4813 5011 5008
f 4814 5010 4816
f 4815 4821 5011
f 4816 5012 4818
f 4816 4818 4817
f 4816 5010 5012
f 4818 4976 4975
f 4818 5012 5013
f 4818 5013 4976
f 4819 5007 5014
f 4819 5014 4820
f 4820 5014 5015
f 4820 5015 5016
f 4820 5016 5011
f 4820 5011 4821
f 4823 4836 5017
f 4823 5017 4830
f 4825 4833 5018
f 4825 5018 4826
f 4826 5018 5019
f 4826 5019 5020
f 4826 5020 5021
f 4826 5021 4828
f 4826 4828 4827
f 4828 5022 5023
f 4828 5023 5024
f 4828 5024 4829
f 4828 5021 5025
f 4828 5025 5026
f 4828 5026 5027
f 4828 5027 5028
f 4828 5028 5029
f 4828 5029 5022
f 4829 5024 5030
f 4829 5030 4835
f 4830 5017 5031
f 4830 5031 5032
f 4830 5032 4831
f 4831 5032 4832
f 4832 5032 4833
f 4833 5032 4971
f 4833 4971 5033
f 4833 5033 5034
f 4833 5034 5019
f 4833 5019 5018
f 4835 5035 4842
f 4835 5030 5035
f 4836 4972 4971
f 4836 4971 5031
f 4836 5031 5017
f 4837 4844 5036
f 4837 5036 4922
f 4837 4922 4838
f 4839 5037 5038
f 4839 5038 4840
f 4839 4842 5039
f 4839 5039 5040
f 4839 5040 5037
f 4840 5038 5041
f 4840 5041 5042
f 4840 5042 4841
f 4841 5042 5043
f 4841 5043 4843
f 4842 5035 5044
f 4842 5044 5039
f 4843 5043 5042
f 4843 5042 5045
f 4843 5045 5046
f 4843 5046 4844
f 4844 5046 5047
f 4844 5047 5036
f 4846 4942 4848
f 4847 4849 4851
f 4847 4851 4850
f 4848 5048 4849
f 4848 4942 5048
f 4849 5048 4851
f 4851 5048 4852
f 4852 5049 5050
f 4852 5050 5051
f 4852 5051 4853
f 4852 5048 5052
f 4852 5052 5053
f 4852 5053 5049
f 4853 5054 4854
f 4853 5051 5055
f 4853 5055 5054
f 4854 5056 4857
f 4854 5054 5056
f 4855 4857 4861
f 4857 5056 4861
f 4858 4869 4868
f 4858 4868 4859
f 4858 4860 4869
f 4859 4868 4865
f 4860 4871 4869
f 4860 4864 5057
f 4860 5057 5058
f 4860 5058 5059
f 4860 5059 4871
f 4861 5056 4862
f 4862 5056 5060
f 4862 5060 5061
f 4862 5061 4864
f 4862 4864 4863
f 4864 5061 5062
f 4864 5062 5057
f 4871 5059 4872
f 4872 5059 5063
f 4872 5063 5064
f 4872 5064 4874
f 4872 4874 4873
f 4874 5064 5065
f 4874 5065 4875
f 4875 5065 4876
f 4876 5065 4877
f 4877 5065 5066
f 4877 5066 5067
f 4877 5067 4879
f 4877 4879 4878
f 4879 5067 5068
f 4879 5068 5069
f 4879 5069 5070
f 4879 5070 4905
f 4881 4911 4890
f 4881 4890 4882
f 4882 4890 4883
f 4884 4889 4885
f 4885 4889 4887
f 4887 4889 5071
f 4887 5071 4895
f 4889 4893 5072
f 4889 5072 5073
f 4889 5073 5071
f 4890 4911 5074
f 4890 5074 5075
f 4890 5075 5076
f 4890 5076 4891
f 4891 5076 5077
f 4891 5077 4892
f 4892 5078 4893
f 4892 5077 5079
f 4892 5079 5080
f 4892 5080 5078
f 4893 5078 5072
f 4894 4897 4898
f 4895 5071 5081
f 4895 5081 4896
f 4896 5081 5082
f 4896 5082 5083
f 4896 5083 4897
f 4897 5083 4902
f 4902 5083 5084
f 4902 5084 5085
f 4902 5085 4903
f 4903 5085 5086
f 4903 5086 4912
f 4903 4912 4904
f 4905 5070 4907
f 4907 5087 5088
f 4907 5088 5089
f 4907 5089 4908
f 4907 5070 5087
f 4908 5089 5090
f 4908 5090 4909
f 4909 5090 4910
f 4910 5090 5091
f 4910 5091 5092
f 4910 5092 5074
f 4910 5074 4911
f 4912 5086 5093
f 4912 5093 5094
f 4912 5094 5095
f 4912 5095 5096
f 4912 5096 4913
f 4917 5097 5098
f 4917 5098 5099
f 4917 5099 4918
f 4919 4926 4924
f 4919 5100 5105
f 4919 5105 4926
f 4920 4923 5100
f 4922 5101 5102
f 4922 5102 4923
f 4922 5036 5101
f 4923 5102 5100
f 4925 5103 4928
f 4925 5104 5269
f 4925 5269 5103
f 4927 5105 5106
f 4927 5106 5107
f 4927 5107 5046
f 4927 5046 5108
f 4927 5108 5270
f 4927 5270 5104
f 4928 5103 4931
f 4930 4931 5109
f 4930 5109 5110
f 4930 5110 4933
f 4931 5103 5109
f 4932 5111 4934
f 4932 4933 5112
f 4932 5112 5111
f 4933 5110 5113
f 4933 5113 5112
f 4934 5111 5275
f 4934 5275 5114
f 4934 5114 5115
f 4934 5115 4935
f 4935 5115 5116
f 4935 5116 4936
f 4936 5116 5115
f 4936 5115 5117
f 4936 5117 4937
f 4937 5118 5119
f 4937 5119 4938
f 4937 5117 5118
f 4938 5119 5120
f 4938 5120 5121
f 4938 5121 5122
f 4938 5122 4941
f 4938 4941 4939
f 4939 4941 4940
f 4941 5122 5123
f 4941 5123 4942
f 4942 5123 5048
f 4945 5124 5125
f 4945 5125 4946
f 4945 4950 5124
f 4946 5125 4947
f 4947 5125 5126
f 4947 5126 5127
f 4947 5127 5128
f 4947 5128 4948
f 4948 5128 4951
f 4948 4951 4949
f 4950 5129 5124
f 4951 5128 5130
f 4951 5130 4952
f 4952 5131 5132
f 4952 5132 4953
f 4952 5130 5131
f 4953 5132 5133
f 4953 5133 4954
f 4954 5133 4955
f 4955 5133 4957
f 4955 4957 4956
f 4957 5134 4959
f 4957 5133 5135
f 4957 5135 5136
f 4957 5136 5134
f 4959 5134 5137
f 4959 5137 4960
f 4960 5137 5138
f 4960 5138 4961
f 4961 5138 4962
f 4962 5138 4963
f 4963 5138 5139
f 4963 5139 4964
f 4964 5139 5140
f 4964 5140 5141
f 4964 5141 4965
f 4965 5141 4966
f 4966 5141 4967
f 4967 5141 5142
f 4967 5142 5143
f 4967 5143 4968
f 4969 5143 5144
f 4969 5144 4970
f 4970 5144 5145
f 4970 5145 4977
f 4971 5032 5031
f 4971 4974 5146
f 4971 5146 5147
f 4971 5147 5033
f 4973 5146 4974
f 4973 4976 5146
f 4976 5013 5009
f 4976 5009 5008
f 4976 5008 5148
f 4976 5148 5149
f 4976 5149 5150
f 4976 5150 5151
f 4976 5151 5152
f 4976 5152 5153
f 4976 5153 5146
f 4977 5145 5154
f 4977 5154 4978
f 4978 5154 5155
f 4978 5155 5156
f 4978 5156 4979
f 4979 5156 5157
f 4979 5157 4980
f 4980 5157 5158
f 4980 5158 4981
f 4981 5158 5159
f 4981 5159 4982
f 4982 5159 5160
f 4982 5160 4983
f 4983 5160 5161
f 4983 5161 5162
f 4983 5162 4989
f 4983 4989 4984
f 4985 4988 5163
f 4985 5163 5164
f 4985 5164 4996
f 4986 4995 5165
f 4986 5165 5166
f 4986 5166 5167
f 4986 5167 4987
f 4987 5167 5168
f 4987 5168 4988
f 4988 5168 5169
f 4988 5169 5163
f 4989 5162 5170
f 4989 5170 4990
f 4990 5170 5171
f 4990 5171 4992
f 4990 4992 4991
f 4992 5171 5340
f 4992 5340 5172
f 4992 5172 5173
f 4992 5173 4993
f 4993 5173 4994
f 4994 5173 5174
f 4994 5174 4995
f 4995 5174 5165
f 4996 5164 5175
f 4996 5175 4997
f 4997 5175 4998
f 4998 5175 5176
f 4998 5176 5000
f 5000 5176 5001
f 5001 5176 5177
f 5001 5177 5178
f 5001 5178 5179
f 5001 5179 5180
f 5001 5180 5181
f 5001 5181 5182
f 5001 5182 5003
f 5001 5003 5002
f 5003 5183 5184
f 5003 5184 5004
f 5003 5182 5181
f 5003 5181 5185
f 5003 5185 5183
f 5004 5184 5186
f 5004 5186 5187
f 5004 5187 5015
f 5004 5015 5188
f 5004 5188 5006
f 5004 5006 5005
f 5006 5188 5007
f 5007 5188 5014
f 5008 5011 5189
f 5008 5189 5190
f 5008 5190 5191
f 5008 5191 5148
f 5009 5013 5012
f 5009 5012 5010
f 5011 5016 5192
f 5011 5192 5189
f 5014 5188 5015
f 5015 5187 5193
f 5015 5193 5194
f 5015 5194 5195
f 5015 5195 5196
f 5015 5196 5192
f 5015 5192 5016
f 5019 5026 5197
f 5019 5197 5020
f 5019 5034 5198
f 5019 5198 5199
f 5019 5199 5026
f 5020 5197 5021
f 5021 5197 5025
f 5022 5200 5023
f 5022 5029 5200
f 5023 5200 5201
f 5023 5201 5202
f 5023 5202 5203
f 5023 5203 5204
f 5023 5204 5030
f 5023 5030 5024
f 5025 5197 5026
f 5026 5199 5205
f 5026 5205 5206
f 5026 5206 5027
f 5027 5206 5207
f 5027 5207 5029
f 5027 5029 5028
f 5029 5207 5200
f 5030 5204 5035
f 5033 5147 5034
f 5034 5147 5208
f 5034 5208 5209
f 5034 5209 5198
f 5035 5210 5044
f 5035 5204 5210
f 5036 5047 5211
f 5036 5211 5101
f 5037 5212 5213
f 5037 5213 5214
f 5037 5214 5215
f 5037 5215 5038
f 5037 5040 5216
f 5037 5216 5212
f 5038 5215 5217
f 5038 5217 5041
f 5039 5044 5040
f 5040 5044 5210
f 5040 5210 5218
f 5040 5218 5216
f 5041 5217 5215
f 5041 5215 5214
f 5041 5214 5219
f 5041 5219 5220
f 5041 5220 5045
f 5041 5045 5042
f 5045 5220 5221
f 5045 5221 5046
f 5046 5221 5108
f 5046 5107 5211
f 5046 5211 5047
f 5048 5123 5052
f 5049 5055 5050
f 5049 5053 5055
f 5050 5055 5051
f 5052 5123 5122
f 5052 5122 5053
f 5053 5122 5222
f 5053 5222 5223
f 5053 5223 5055
f 5054 5224 5056
f 5054 5055 5225
f 5054 5225 5226
f 5054 5226 5224
f 5055 5223 5227
f 5055 5227 5225
f 5056 5224 5228
f 5056 5228 5060
f 5057 5062 5058
f 5058 5062 5063
f 5058 5063 5059
f 5060 5228 5061
f 5061 5228 5062
f 5062 5228 5229
f 5062 5229 5230
f 5062 5230 5063
f 5063 5230 5064
f 5064 5230 5066
f 5064 5066 5065
f 5066 5230 5231
f 5066 5231 5067
f 5067 5231 5068
f 5068 5231 5069
f 5069 5231 5232
f 5069 5232 5233
f 5069 5233 5087
f 5069 5087 5070
f 5071 5073 5234
f 5071 5234 5081
f 5072 5078 5073
f 5073 5078 5234
f 5074 5092 5235
f 5074 5235 5236
f 5074 5236 5237
f 5074 5237 5075
f 5075 5077 5076
f 5075 5237 5238
f 5075 5238 5239
f 5075 5239 5077
f 5077 5239 5079
f 5078 5240 5234
f 5078 5080 5241
f 5078 5241 5242
f 5078 5242 5243
f 5078 5243 5244
f 5078 5244 5240
f 5079 5239 5080
f 5080 5239 5245
f 5080 5245 5241
f 5081 5234 5082
f 5082 5234 5246
f 5082 5246 5247
f 5082 5247 5084
f 5082 5084 5083
f 5084 5248 5086
f 5084 5086 5085
f 5084 5247 5249
f 5084 5249 5250
f 5084 5250 5248
f 5086 5248 5250
f 5086 5250 5251
f 5086 5251 5252
f 5086 5252 5093
f 5087 5233 5253
f 5087 5253 5088
f 5088 5253 5254
f 5088 5254 5255
f 5088 5255 5256
f 5088 5256 5257
f 5088 5257 5089
f 5089 5258 5091
f 5089 5091 5090
f 5089 5257 5259
f 5089 5259 5260
f 5089 5260 5261
f 5089 5261 5262
f 5089 5262 5258
f 5091 5258 5263
f 5091 5263 5235
f 5091 5235 5092
f 5093 5264 5265
f 5093 5252 5266
f 5093 5266 5264
f 5097 5267 5098
f 5098 5267 5268
f 5100 5102 5101
f 5100 5101 5211
f 5100 5211 5106
f 5100 5106 5105
f 5103 5269 5271
f 5103 5271 5109
f 5104 5270 5269
f 5106 5211 5107
f 5108 5221 5384
f 5108 5384 5270
f 5109 5271 5273
f 5109 5273 5110
f 5110 5272 5113
f 5110 5273 5438
f 5110 5438 5272
f 5111 5112 5274
f 5111 5274 5275
f 5112 5113 5276
f 5112 5276 5274
f 5113 5272 5277
f 5113 5277 5276
f 5114 5275 5278
f 5114 5278 5115
f 5115 5278 5279
f 5115 5279 5280
f 5115 5280 5281
f 5115 5281 5118
f 5115 5118 5117
f 5118 5120 5119
f 5118 5281 5120
f 5120 5281 5282
f 5120 5282 5283
f 5120 5283 5122
f 5120 5122 5121
f 5122 5283 5222
f 5124 5129 5284
f 5124 5284 5125
f 5125 5284 5285
f 5125 5285 5127
f 5125 5127 5126
f 5127 5286 5287
f 5127 5287 5128
f 5127 5285 5288
f 5127 5288 5286
f 5128 5287 5130
f 5130 5287 5289
f 5130 5289 5131
f 5131 5289 5290
f 5131 5290 5291
f 5131 5291 5132
f 5132 5291 5292
f 5132 5292 5133
f 5133 5292 5293
f 5133 5293 5294
f 5133 5294 5295
f 5133 5295 5135
f 5134 5136 5296
f 5134 5296 5297
f 5134 5297 5298
f 5134 5298 5137
f 5135 5295 5294
f 5135 5294 5136
f 5136 5294 5299
f 5136 5299 5296
f 5137 5298 5138
f 5138 5298 5300
f 5138 5300 5301
f 5138 5301 5139
f 5139 5301 5302
f 5139 5302 5140
f 5140 5302 5303
f 5140 5303 5141
f 5141 5303 5304
f 5141 5304 5142
f 5142 5304 5305
f 5142 5305 5143
f 5143 5305 5306
f 5143 5306 5144
f 5144 5307 5308
f 5144 5308 5145
f 5144 5306 5307
f 5145 5308 5154
f 5146 5153 5147
f 5147 5309 5209
f 5147 5209 5208
f 5147 5153 5152
f 5147 5152 5309
f 5148 5191 5149
f 5149 5151 5150
f 5149 5191 5190
f 5149 5190 5151
f 5151 5190 5310
f 5151 5310 5311
f 5151 5311 5312
f 5151 5312 5313
f 5151 5313 5314
f 5151 5314 5315
f 5151 5315 5316
f 5151 5316 5317
f 5151 5317 5318
f 5151 5318 5319
f 5151 5319 5152
f 5152 5319 5320
f 5152 5320 5309
f 5154 5308 5155
f 5155 5321 5322
f 5155 5322 5323
f 5155 5323 5156
f 5155 5308 5321
f 5156 5323 5324
f 5156 5324 5325
f 5156 5325 5157
f 5157 5325 5326
f 5157 5326 5158
f 5158 5326 5327
f 5158 5327 5328
f 5158 5328 5159
f 5159 5328 5329
f 5159 5329 5160
f 5160 5329 5170
f 5160 5170 5161
f 5161 5170 5162
f 5163 5169 5330
f 5163 5330 5164
f 5164 5330 5175
f 5165 5174 5331
f 5165 5331 5332
f 5165 5332 5166
f 5166 5332 5333
f 5166 5333 5167
f 5167 5333 5334
f 5167 5334 5168
f 5168 5334 5169
f 5169 5334 5330
f 5170 5329 5335
f 5170 5335 5171
f 5171 5335 5336
f 5171 5336 5337
f 5171 5337 5338
f 5171 5338 5339
f 5171 5339 5340
f 5172 5340 5341
f 5172 5341 5173
f 5173 5341 5342
f 5173 5342 5343
f 5173 5343 5174
f 5174 5343 5331
f 5175 5344 5176
f 5175 5330 5345
f 5175 5345 5344
f 5176 5344 5177
f 5177 5344 5178
f 5178 5344 5346
f 5178 5346 5347
f 5178 5347 5179
f 5179 5347 5348
f 5179 5348 5181
f 5179 5181 5180
f 5181 5349 5350
f 5181 5350 5185
f 5181 5348 5349
f 5183 5185 5350
f 5183 5350 5349
f 5183 5349 5351
f 5183 5351 5352
f 5183 5352 5353
f 5183 5353 5186
f 5183 5186 5184
f 5186 5353 5187
f 5187 5354 5193
f 5187 5353 5352
f 5187 5352 5355
f 5187 5355 5354
f 5189 5192 5356
f 5189 5356 5190
f 5190 5356 5310
f 5192 5196 5356
f 5193 5354 5194
f 5194 5357 5358
f 5194 5358 5359
f 5194 5359 5195
f 5194 5354 5360
f 5194 5360 5357
f 5195 5359 5361
f 5195 5361 5362
f 5195 5362 5363
f 5195 5363 5196
f 5196 5363 5356
f 5198 5364 5199
f 5198 5209 5318
f 5198 5318 5365
f 5198 5365 5366
f 5198 5366 5364
f 5199 5364 5205
f 5200 5367 5368
f 5200 5368 5201
f 5200 5207 5369
f 5200 5369 5370
f 5200 5370 5367
f 5201 5368 5202
f 5202 5368 5371
f 5202 5371 5372
f 5202 5372 5203
f 5203 5372 5216
f 5203 5216 5218
f 5203 5218 5210
f 5203 5210 5204
f 5205 5364 5206
f 5206 5364 5373
f 5206 5373 5207
f 5207 5370 5369
f 5207 5373 5374
f 5207 5374 5370
f 5209 5309 5320
f 5209 5320 5319
f 5209 5319 5318
f 5212 5216 5375
f 5212 5375 5213
f 5213 5376 5377
f 5213 5377 5378
f 5213 5378 5214
f 5213 5375 5376
f 5214 5378 5219
f 5216 5372 5379
f 5216 5379 5380
f 5216 5380 5375
f 5219 5378 5381
f 5219 5381 5382
f 5219 5382 5220
f 5220 5382 5383
f 5220 5383 5270
f 5220 5270 5384
f 5220 5384 5221
f 5222 5283 5385
f 5222 5385 5386
f 5222 5386 5387
f 5222 5387 5388
f 5222 5388 5223
f 5223 5388 5389
f 5223 5389 5390
f 5223 5390 5227
f 5224 5226 5228
f 5225 5227 5391
f 5225 5391 5392
f 5225 5392 5226
f 5226 5392 5393
f 5226 5393 5228
f 5227 5390 5391
f 5228 5393 5394
f 5228 5394 5229
f 5229 5394 5230
f 5230 5394 5395
f 5230 5395 5231
f 5231 5395 5232
f 5232 5395 5396
f 5232 5396 5397
f 5232 5397 5398
f 5232 5398 5233
f 5233 5398 5399
f 5233 5399 5253
f 5234 5240 5400
f 5234 5400 5401
f 5234 5401 5402
f 5234 5402 5246
f 5235 5263 5236
f 5236 5262 5403
f 5236 5403 5404
f 5236 5404 5405
f 5236 5405 5237
f 5236 5263 5262
f 5237 5405 5406
f 5237 5406 5407
f 5237 5407 5245
f 5237 5245 5239
f 5237 5239 5238
f 5240 5244 5400
f 5241 5408 5409
f 5241 5409 5244
f 5241 5244 5242
f 5241 5245 5407
f 5241 5407 5410
f 5241 5410 5411
f 5241 5411 5412
f 5241 5412 5413
f 5241 5413 5414
f 5241 5414 5415
f 5241 5415 5416
f 5241 5416 5408
f 5242 5244 5243
f 5244 5409 5417
f 5244 5417 5418
f 5244 5418 5419
f 5244 5419 5420
f 5244 5420 5400
f 5246 5402 5247
f 5247 5402 5401
f 5247 5401 5418
f 5247 5418 5421
f 5247 5421 5422
f 5247 5422 5249
f 5249 5422 5423
f 5249 5423 5424
f 5249 5424 5250
f 5250 5424 5251
f 5251 5266 5252
f 5251 5424 5425
f 5251 5425 5426
f 5251 5426 5427
f 5251 5427 5264
f 5251 5264 5266
f 5253 5399 5428
f 5253 5428 5254
f 5254 5428 5255
f 5255 5428 5256
f 5256 5429 5611
f 5256 5611 5430
f 5256 5430 5431
f 5256 5431 5432
f 5256 5432 5257
f 5256 5428 5429
f 5257 5432 5431
f 5257 5431 5259
f 5258 5262 5263
f 5259 5433 5261
f 5259 5261 5260
f 5259 5431 5433
f 5261 5433 5434
f 5261 5434 5404
f 5261 5404 5262
f 5262 5404 5403
f 5264 5427 5265
f 5265 5427 5435
f 5267 5436 5268
f 5267 5437 5436
f 5269 5270 5383
f 5269 5383 5271
f 5271 5383 5382
f 5271 5382 5273
f 5272 5438 5446
f 5272 5446 5277
f 5273 5382 5381
f 5273 5381 5439
f 5273 5439 5438
f 5274 5440 5278
f 5274 5278 5275
f 5274 5276 5441
f 5274 5441 5440
f 5276 5277 5442
f 5276 5442 5443
f 5276 5443 5444
f 5276 5444 5441
f 5277 5445 5442
f 5277 5446 5624
f 5277 5624 5445
f 5278 5440 5447
f 5278 5447 5448
f 5278 5448 5279
f 5279 5448 5447
f 5279 5447 5280
f 5280 5449 5450
f 5280 5450 5281
f 5280 5447 5449
f 5281 5450 5451
f 5281 5451 5282
f 5282 5451 5386
f 5282 5386 5385
f 5282 5385 5283
f 5286 5288 5452
f 5286 5452 5453
f 5286 5453 5454
f 5286 5454 5455
f 5286 5455 5287
f 5287 5455 5456
f 5287 5456 5457
f 5287 5457 5289
f 5288 5453 5452
f 5289 5458 5290
f 5289 5457 5458
f 5290 5458 5459
f 5290 5459 5460
f 5290 5460 5291
f 5291 5460 5461
f 5291 5461 5292
f 5292 5461 5462
f 5292 5462 5463
f 5292 5463 5293
f 5293 5463 5464
f 5293 5464 5294
f 5294 5464 5465
f 5294 5465 5466
f 5294 5466 5299
f 5296 5299 5467
f 5296 5467 5468
f 5296 5468 5297
f 5297 5300 5298
f 5297 5468 5469
f 5297 5469 5300
f 5299 5466 5470
f 5299 5470 5471
f 5299 5471 5468
f 5299 5468 5467
f 5300 5469 5301
f 5301 5469 5472
f 5301 5472 5302
f 5302 5472 5473
f 5302 5473 5474
f 5302 5474 5303
f 5303 5474 5475
f 5303 5475 5304
f 5304 5475 5476
f 5304 5476 5305
f 5305 5476 5306
f 5306 5476 5477
f 5306 5477 5307
f 5307 5477 5478
f 5307 5478 5308
f 5308 5478 5321
f 5310 5356 5479
f 5310 5479 5311
f 5311 5479 5312
f 5312 5479 5480
f 5312 5480 5313
f 5313 5481 5482
f 5313 5482 5483
f 5313 5483 5314
f 5313 5480 5484
f 5313 5484 5485
f 5313 5485 5486
f 5313 5486 5481
f 5314 5483 5487
f 5314 5487 5315
f 5315 5487 5316
f 5316 5487 5488
f 5316 5488 5318
f 5316 5318 5317
f 5318 5488 5365
f 5321 5478 5322
f 5322 5478 5489
f 5322 5489 5490
f 5322 5490 5491
f 5322 5491 5492
f 5322 5492 5323
f 5323 5492 5324
f 5324 5492 5493
f 5324 5493 5494
f 5324 5494 5495
f 5324 5495 5325
f 5325 5495 5326
f 5326 5495 5496
f 5326 5496 5497
f 5326 5497 5327
f 5327 5497 5328
f 5328 5497 5498
f 5328 5498 5499
f 5328 5499 5500
f 5328 5500 5329
f 5329 5500 5335
f 5330 5501 5345
f 5330 5334 5501
f 5331 5343 5502
f 5331 5502 5503
f 5331 5503 5332
f 5332 5503 5504
f 5332 5504 5333
f 5333 5505 5334
f 5333 5504 5505
f 5334 5505 5504
f 5334 5504 5506
f 5334 5506 5507
f 5334 5507 5508
f 5334 5508 5509
f 5334 5509 5501
f 5335 5500 5510
f 5335 5510 5511
f 5335 5511 5336
f 5336 5511 5700
f 5336 5700 5512
f 5336 5512 5337
f 5337 5512 5513
f 5337 5513 5514
f 5337 5514 5515
f 5337 5515 5516
f 5337 5516 5339
f 5337 5339 5338
f 5339 5517 5340
f 5339 5516 5518
f 5339 5518 5517
f 5340 5517 5341
f 5341 5517 5518
f 5341 5518 5519
f 5341 5519 5342
f 5342 5519 5520
f 5342 5520 5521
f 5342 5521 5522
f 5342 5522 5523
f 5342 5523 5343
f 5343 5523 5502
f 5344 5345 5501
f 5344 5501 5524
f 5344 5524 5346
f 5346 5524 5525
f 5346 5525 5347
f 5347 5525 5526
f 5347 5526 5527
f 5347 5527 5528
f 5347 5528 5349
f 5347 5349 5348
f 5349 5528 5529
f 5349 5529 5530
f 5349 5530 5531
f 5349 5531 5352
f 5349 5352 5351
f 5352 5531 5532
f 5352 5532 5533
f 5352 5533 5534
f 5352 5534 5535
f 5352 5535 5536
f 5352 5536 5537
f 5352 5537 5538
f 5352 5538 5355
f 5354 5355 5538
f 5354 5538 5539
f 5354 5539 5360
f 5356 5363 5479
f 5357 5360 5540
f 5357 5540 5358
f 5358 5540 5536
f 5358 5536 5541
f 5358 5541 5542
f 5358 5542 5543
f 5358 5543 5484
f 5358 5484 5361
f 5358 5361 5359
f 5360 5539 5540
f 5361 5484 5362
f 5362 5484 5479
f 5362 5479 5363
f 5364 5544 5373
f 5364 5366 5545
f 5364 5545 5546
f 5364 5546 5547
f 5364 5547 5544
f 5365 5548 5366
f 5365 5488 5548
f 5366 5548 5545
f 5367 5549 5368
f 5367 5370 5550
f 5367 5550 5551
f 5367 5551 5549
f 5368 5549 5552
f 5368 5552 5379
f 5368 5379 5372
f 5368 5372 5371
f 5370 5374 5553
f 5370 5553 5550
f 5373 5544 5554
f 5373 5554 5553
f 5373 5553 5374
f 5375 5555 5556
f 5375 5556 5557
f 5375 5557 5376
f 5375 5380 5555
f 5376 5557 5556
f 5376 5556 5377
f 5377 5558 5749
f 5377 5749 5559
f 5377 5559 5378
f 5377 5556 5558
f 5378 5559 5564
f 5378 5564 5381
f 5379 5560 5561
f 5379 5561 5562
f 5379 5562 5380
f 5379 5552 5560
f 5380 5562 5563
f 5380 5563 5555
f 5381 5564 5439
f 5386 5451 5387
f 5387 5451 5388
f 5388 5451 5565
f 5388 5565 5566
f 5388 5566 5567
f 5388 5567 5389
f 5389 5567 5568
f 5389 5568 5390
f 5390 5568 5569
f 5390 5569 5570
f 5390 5570 5391
f 5391 5570 5392
f 5392 5570 5393
f 5393 5570 5394
f 5394 5570 5571
f 5394 5571 5572
f 5394 5572 5395
f 5395 5572 5573
f 5395 5573 5396
f 5396 5573 5574
f 5396 5574 5397
f 5397 5574 5575
f 5397 5575 5576
f 5397 5576 5577
f 5397 5577 5578
f 5397 5578 5579
f 5397 5579 5580
f 5397 5580 5581
f 5397 5581 5399
f 5397 5399 5398
f 5399 5581 5580
f 5399 5580 5579
f 5399 5579 5429
f 5399 5429 5428
f 5400 5420 5418
f 5400 5418 5401
f 5404 5434 5582
f 5404 5582 5583
f 5404 5583 5406
f 5404 5406 5405
f 5406 5583 5407
f 5407 5583 5410
f 5408 5416 5409
f 5409 5416 5584
f 5409 5584 5417
f 5410 5583 5585
f 5410 5585 5586
f 5410 5586 5587
f 5410 5587 5411
f 5411 5587 5412
f 5412 5587 5413
f 5413 5587 5586
f 5413 5586 5588
f 5413 5588 5589
f 5413 5589 5590
f 5413 5590 5414
f 5414 5590 5591
f 5414 5591 5415
f 5415 5592 5593
f 5415 5593 5594
f 5415 5594 5595
f 5415 5595 5596
f 5415 5596 5584
f 5415 5584 5416
f 5415 5591 5597
f 5415 5597 5598
f 5415 5598 5599
f 5415 5599 5600
f 5415 5600 5601
f 5415 5601 5592
f 5417 5596 5418
f 5417 5584 5596
f 5418 5596 5602
f 5418 5602 5603
f 5418 5603 5604
f 5418 5604 5422
f 5418 5422 5421
f 5418 5420 5419
f 5422 5604 5423
f 5423 5604 5424
f 5424 5604 5605
f 5424 5605 5606
f 5424 5606 5425
f 5425 5606 5426
f 5426 5607 5608
f 5426 5608 5609
f 5426 5609 5610
f 5426 5610 5427
f 5426 5606 5607
f 5427 5610 5435
f 5429 5579 5759
f 5429 5759 5611
f 5430 5611 5612
f 5430 5612 5613
f 5430 5613 5431
f 5431 5613 5614
f 5431 5614 5433
f 5433 5614 5434
f 5434 5614 5615
f 5434 5615 5582
f 5436 5437 5616
f 5437 5617 5618
f 5437 5618 5616
f 5438 5439 5446
f 5439 5619 5446
f 5439 5564 5619
f 5440 5441 5620
f 5440 5620 5621
f 5440 5621 5447
f 5441 5444 5620
f 5442 5445 5443
f 5443 5622 5444
f 5443 5445 5624
f 5443 5624 5623
f 5443 5623 5814
f 5443 5814 5622
f 5444 5622 5620
f 5446 5619 5625
f 5446 5625 5624
f 5447 5626 5627
f 5447 5627 5449
f 5447 5621 5626
f 5449 5628 5450
f 5449 5627 5629
f 5449 5629 5628
f 5450 5628 5630
f 5450 5630 5631
f 5450 5631 5632
f 5450 5632 5565
f 5450 5565 5451
f 5453 5633 5454
f 5454 5634 5455
f 5454 5633 5634
f 5455 5634 5456
f 5456 5635 5459
f 5456 5459 5458
f 5456 5458 5457
f 5456 5634 5636
f 5456 5636 5637
f 5456 5637 5638
f 5456 5638 5635
f 5459 5635 5639
f 5459 5639 5460
f 5460 5640 5641
f 5460 5641 5642
f 5460 5642 5643
f 5460 5643 5644
f 5460 5644 5645
f 5460 5645 5646
f 5460 5646 5462
f 5460 5462 5461
f 5460 5639 5635
f 5460 5635 5647
f 5460 5647 5640
f 5462 5646 5645
f 5462 5645 5465
f 5462 5465 5648
f 5462 5648 5649
f 5462 5649 5463
f 5463 5649 5464
f 5464 5649 5648
f 5464 5648 5465
f 5465 5650 5651
f 5465 5651 5466
f 5465 5645 5652
f 5465 5652 5653
f 5465 5653 5650
f 5466 5651 5654
f 5466 5654 5655
f 5466 5655 5656
f 5466 5656 5470
f 5468 5471 5657
f 5468 5657 5658
f 5468 5658 5469
f 5469 5658 5472
f 5470 5656 5471
f 5471 5656 5657
f 5472 5658 5659
f 5472 5659 5473
f 5473 5659 5660
f 5473 5660 5474
f 5474 5660 5475
f 5475 5660 5661
f 5475 5661 5662
f 5475 5662 5476
f 5476 5662 5478
f 5476 5478 5477
f 5478 5662 5489
f 5479 5484 5480
f 5481 5486 5663
f 5481 5663 5482
f 5482 5664 5665
f 5482 5665 5666
f 5482 5666 5483
f 5482 5663 5667
f 5482 5667 5668
f 5482 5668 5664
f 5483 5666 5665
f 5483 5665 5487
f 5484 5543 5669
f 5484 5669 5670
f 5484 5670 5485
f 5485 5670 5486
f 5486 5670 5671
f 5486 5671 5667
f 5486 5667 5663
f 5487 5665 5672
f 5487 5672 5673
f 5487 5673 5674
f 5487 5674 5488
f 5488 5674 5546
f 5488 5546 5675
f 5488 5675 5548
f 5489 5662 5676
f 5489 5676 5490
f 5490 5676 5677
f 5490 5677 5678
f 5490 5678 5679
f 5490 5679 5680
f 5490 5680 5681
f 5490 5681 5491
f 5491 5681 5492
f 5492 5681 5682
f 5492 5682 5493
f 5493 5682 5494
f 5494 5682 5683
f 5494 5683 5684
f 5494 5684 5495
f 5495 5684 5685
f 5495 5685 5496
f 5496 5685 5686
f 5496 5686 5499
f 5496 5499 5497
f 5497 5499 5498
f 5499 5510 5500
f 5499 5686 5687
f 5499 5687 5688
f 5499 5688 5689
f 5499 5689 5690
f 5499 5690 5510
f 5501 5691 5524
f 5501 5509 5691
f 5502 5523 5692
f 5502 5692 5503
f 5503 5692 5693
f 5503 5693 5694
f 5503 5694 5695
f 5503 5695 5504
f 5504 5695 5696
f 5504 5696 5506
f 5506 5696 5507
f 5507 5696 5697
f 5507 5697 5698
f 5507 5698 5699
f 5507 5699 5509
f 5507 5509 5508
f 5509 5699 5691
f 5510 5700 5511
f 5510 5690 5700
f 5512 5700 5513
f 5513 5690 5701
f 5513 5701 5514
f 5513 5700 5690
f 5514 5702 5515
f 5514 5701 5703
f 5514 5703 5704
f 5514 5704 5702
f 5515 5702 5516
f 5516 5702 5518
f 5518 5702 5519
f 5519 5702 5705
f 5519 5705 5706
f 5519 5706 5707
f 5519 5707 5520
f 5520 5522 5521
f 5520 5707 5522
f 5522 5708 5523
f 5522 5707 5709
f 5522 5709 5708
f 5523 5708 5692
f 5524 5691 5710
f 5524 5710 5525
f 5525 5710 5711
f 5525 5711 5712
f 5525 5712 5526
f 5526 5713 5527
f 5526 5712 5713
f 5527 5714 5715
f 5527 5715 5716
f 5527 5716 5717
f 5527 5717 5529
f 5527 5529 5528
f 5527 5713 5718
f 5527 5718 5719
f 5527 5719 5714
f 5529 5716 5530
f 5529 5717 5716
f 5530 5716 5720
f 5530 5720 5532
f 5530 5532 5531
f 5532 5720 5533
f 5533 5720 5534
f 5534 5721 5535
f 5534 5720 5721
f 5535 5721 5536
f 5536 5722 5723
f 5536 5723 5724
f 5536 5724 5542
f 5536 5542 5541
f 5536 5540 5537
f 5536 5721 5725
f 5536 5725 5726
f 5536 5726 5727
f 5536 5727 5722
f 5537 5540 5538
f 5538 5540 5539
f 5542 5724 5728
f 5542 5728 5729
f 5542 5729 5669
f 5542 5669 5543
f 5544 5730 5731
f 5544 5731 5732
f 5544 5732 5733
f 5544 5733 5554
f 5544 5547 5730
f 5545 5548 5675
f 5545 5675 5546
f 5546 5674 5673
f 5546 5673 5547
f 5547 5673 5672
f 5547 5672 5734
f 5547 5734 5735
f 5547 5735 5736
f 5547 5736 5730
f 5549 5551 5737
f 5549 5737 5552
f 5550 5553 5738
f 5550 5738 5551
f 5551 5738 5739
f 5551 5739 5740
f 5551 5740 5737
f 5552 5737 5741
f 5552 5741 5742
f 5552 5742 5743
f 5552 5743 5561
f 5552 5561 5560
f 5553 5744 5738
f 5553 5554 5733
f 5553 5733 5744
f 5555 5563 5556
f 5556 5745 5746
f 5556 5746 5747
f 5556 5747 5558
f 5556 5563 5748
f 5556 5748 5745
f 5558 5747 5749
f 5559 5749 5750
f 5559 5750 5564
f 5561 5748 5563
f 5561 5563 5562
f 5561 5743 5751
f 5561 5751 5748
f 5564 5750 5619
f 5565 5632 5567
f 5565 5567 5566
f 5567 5632 5568
f 5568 5752 5753
f 5568 5753 5754
f 5568 5754 5571
f 5568 5571 5570
f 5568 5570 5569
f 5568 5632 5755
f 5568 5755 5752
f 5571 5573 5572
f 5571 5754 5573
f 5573 5754 5756
f 5573 5756 5574
f 5574 5756 5575
f 5575 5756 5753
f 5575 5753 5752
f 5575 5752 5576
f 5576 5752 5577
f 5577 5752 5757
f 5577 5757 5578
f 5578 5757 5758
f 5578 5758 5759
f 5578 5759 5579
f 5582 5615 5760
f 5582 5760 5761
f 5582 5761 5762
f 5582 5762 5583
f 5583 5762 5761
f 5583 5761 5763
f 5583 5763 5764
f 5583 5764 5585
f 5585 5764 5765
f 5585 5765 5766
f 5585 5766 5588
f 5585 5588 5586
f 5588 5591 5589
f 5588 5766 5765
f 5588 5765 5767
f 5588 5767 5768
f 5588 5768 5769
f 5588 5769 5591
f 5589 5591 5770
f 5589 5770 5590
f 5590 5770 5591
f 5591 5769 5597
f 5592 5771 5772
f 5592 5772 5607
f 5592 5607 5773
f 5592 5773 5774
f 5592 5774 5775
f 5592 5775 5776
f 5592 5776 5595
f 5592 5595 5593
f 5592 5601 5777
f 5592 5777 5778
f 5592 5778 5779
f 5592 5779 5771
f 5593 5595 5594
f 5595 5776 5596
f 5596 5776 5775
f 5596 5775 5774
f 5596 5774 5602
f 5597 5769 5780
f 5597 5780 5781
f 5597 5781 5782
f 5597 5782 5783
f 5597 5783 5598
f 5598 5784 5599
f 5598 5783 5785
f 5598 5785 5786
f 5598 5786 5784
f 5599 5784 5787
f 5599 5787 5788
f 5599 5788 5600
f 5600 5788 5789
f 5600 5789 5601
f 5601 5790 5777
f 5601 5789 5791
f 5601 5791 5790
f 5602 5774 5603
f 5603 5774 5604
f 5604 5774 5605
f 5605 5774 5607
f 5605 5607 5606
f 5607 5774 5792
f 5607 5792 5773
f 5607 5772 5771
f 5607 5771 5608
f 5608 5771 5793
f 5608 5793 5794
f 5608 5794 5609
f 5609 5794 5795
f 5611 5796 5612
f 5611 5759 5953
f 5611 5953 5797
f 5611 5797 5796
f 5612 5796 5797
f 5612 5797 5798
f 5612 5798 5613
f 5613 5798 5799
f 5613 5799 5800
f 5613 5800 5801
f 5613 5801 5802
f 5613 5802 5803
f 5613 5803 5804
f 5613 5804 5614
f 5614 5804 5760
f 5614 5760 5615
f 5617 5805 5618
f 5617 5806 5807
f 5617 5807 5805
f 5619 5808 5623
f 5619 5623 5625
f 5619 5750 5809
f 5619 5809 5808
f 5620 5810 5811
f 5620 5811 5621
f 5620 5622 5810
f 5621 5811 5626
f 5622 5812 5813
f 5622 5813 5810
f 5622 5814 6006
f 5622 6006 5812
f 5623 5624 5625
f 5623 5808 5814
f 5626 5811 5815
f 5626 5815 5628
f 5626 5628 5629
f 5626 5629 5627
f 5628 5816 5630
f 5628 5815 5816
f 5630 5816 5815
f 5630 5815 5817
f 5630 5817 5818
f 5630 5818 5819
f 5630 5819 5820
f 5630 5820 5821
f 5630 5821 5755
f 5630 5755 5632
f 5630 5632 5631
f 5633 5637 5636
f 5633 5636 5634
f 5635 5638 5822
f 5635 5822 5647
f 5640 5647 5823
f 5640 5823 5641
f 5641 5823 5824
f 5641 5824 5825
f 5641 5825 5642
f 5642 5826 5643
f 5642 5825 5827
f 5642 5827 5828
f 5642 5828 5829
f 5642 5829 5826
f 5643 5830 5644
f 5643 5826 5831
f 5643 5831 5830
f 5644 5830 5645
f 5645 5830 5831
f 5645 5831 5832
f 5645 5832 5652
f 5647 5822 5833
f 5647 5833 5834
f 5647 5834 5835
f 5647 5835 5823
f 5650 5653 5651
f 5651 5653 5842
f 5651 5842 5836
f 5651 5836 5654
f 5652 5829 5837
f 5652 5837 5653
f 5652 5832 5838
f 5652 5838 5839
f 5652 5839 5829
f 5653 5837 5840
f 5653 5840 5841
f 5653 5841 5842
f 5654 5836 5843
f 5654 5843 5844
f 5654 5844 5655
f 5655 5844 5656
f 5656 5845 5657
f 5656 5844 5846
f 5656 5846 5847
f 5656 5847 5845
f 5657 5845 5848
f 5657 5848 5658
f 5658 5848 5659
f 5659 5848 5849
f 5659 5849 5660
f 5660 5849 5850
f 5660 5850 5661
f 5661 5850 5662
f 5662 5850 5676
f 5664 5851 5852
f 5664 5852 5734
f 5664 5734 5672
f 5664 5672 5665
f 5664 5668 5853
f 5664 5853 5854
f 5664 5854 5851
f 5667 5855 5668
f 5667 5671 5728
f 5667 5728 5855
f 5668 5855 5856
f 5668 5856 5854
f 5668 5854 5853
f 5669 5729 5670
f 5670 5729 5671
f 5671 5729 5728
f 5676 5850 5677
f 5677 5857 5678
f 5677 5850 5857
f 5678 5857 5858
f 5678 5858 5859
f 5678 5859 5860
f 5678 5860 5679
f 5679 5860 5680
f 5680 5860 5861
f 5680 5861 5862
f 5680 5862 5681
f 5681 5862 5863
f 5681 5863 5682
f 5682 5863 5864
f 5682 5864 5865
f 5682 5865 5866
f 5682 5866 5867
f 5682 5867 5683
f 5683 5867 5684
f 5684 5867 5868
f 5684 5868 5869
f 5684 5869 5685
f 5685 5869 5686
f 5686 5869 5687
f 5687 5870 5871
f 5687 5871 5688
f 5687 5869 5868
f 5687 5868 5870
f 5688 5871 5872
f 5688 5872 5873
f 5688 5873 5874
f 5688 5874 5875
f 5688 5875 5689
f 5689 5875 5874
f 5689 5874 5876
f 5689 5876 5703
f 5689 5703 5701
f 5689 5701 5690
f 5691 5699 5877
f 5691 5877 5711
f 5691 5711 5710
f 5692 5878 5693
f 5692 5708 5879
f 5692 5879 5880
f 5692 5880 5881
f 5692 5881 5878
f 5693 5878 5694
f 5694 5882 5695
f 5694 5878 5881
f 5694 5881 5883
f 5694 5883 5884
f 5694 5884 5885
f 5694 5885 5882
f 5695 5882 5696
f 5696 5882 5886
f 5696 5886 5697
f 5697 5887 5698
f 5697 5886 5888
f 5697 5888 5889
f 5697 5889 5890
f 5697 5890 5887
f 5698 5891 5711
f 5698 5711 5699
f 5698 5887 5891
f 5699 5711 5877
f 5702 5704 5892
f 5702 5892 5705
f 5703 5876 5893
f 5703 5893 5894
f 5703 5894 5704
f 5704 5894 5895
f 5704 5895 5892
f 5705 5892 5896
f 5705 5896 5706
f 5706 5896 5897
f 5706 5897 5707
f 5707 5897 5898
f 5707 5898 5709
f 5708 5709 5879
f 5709 5898 5899
f 5709 5899 5880
f 5709 5880 5879
f 5711 5891 5900
f 5711 5900 5901
f 5711 5901 5902
f 5711 5902 5903
f 5711 5903 5904
f 5711 5904 5718
f 5711 5718 5713
f 5711 5713 5712
f 5714 5719 5905
f 5714 5905 5906
f 5714 5906 5907
f 5714 5907 5715
f 5715 5907 5716
f 5716 5907 5908
f 5716 5908 5909
f 5716 5909 5720
f 5718 5904 5903
f 5718 5903 5719
f 5719 5903 5910
f 5719 5910 5905
f 5720 5909 5911
f 5720 5911 5912
f 5720 5912 5721
f 5721 5726 5725
f 5721 5912 5726
f 5722 5727 5723
f 5723 5913 5728
f 5723 5728 5724
f 5723 5727 5917
f 5723 5917 5913
f 5726 5912 5914
f 5726 5914 5915
f 5726 5915 5916
f 5726 5916 5727
f 5727 5916 5917
f 5728 5918 5919
f 5728 5919 5920
f 5728 5920 5856
f 5728 5856 5855
f 5728 5913 5921
f 5728 5921 5922
f 5728 5922 5923
f 5728 5923 5918
f 5730 5924 5731
f 5730 5736 5735
f 5730 5735 5925
f 5730 5925 5924
f 5731 5924 5732
f 5732 5926 5927
f 5732 5927 5928
f 5732 5928 5740
f 5732 5740 5739
f 5732 5739 5929
f 5732 5929 5744
f 5732 5744 5733
f 5732 5924 5925
f 5732 5925 5930
f 5732 5930 5931
f 5732 5931 5926
f 5734 5852 5735
f 5735 5852 5932
f 5735 5932 5933
f 5735 5933 5934
f 5735 5934 5925
f 5737 5740 5741
f 5738 5744 5739
f 5739 5744 5929
f 5740 5928 5935
f 5740 5935 5936
f 5740 5936 5937
f 5740 5937 5741
f 5741 5938 5742
f 5741 5937 5939
f 5741 5939 5938
f 5742 5938 5940
f 5742 5940 5941
f 5742 5941 5942
f 5742 5942 5943
f 5742 5943 5743
f 5743 5943 5751
f 5745 5748 5944
f 5745 5944 5945
f 5745 5945 5946
f 5745 5946 5746
f 5746 5946 5947
f 5746 5947 5747
f 5747 5948 5750
f 5747 5750 5749
f 5747 5947 5946
f 5747 5946 5948
f 5748 5751 5949
f 5748 5949 5944
f 5750 5948 5809
f 5751 5943 5942
f 5751 5942 5949
f 5752 5755 5757
f 5753 5756 5754
f 5755 5821 5757
f 5757 5821 5950
f 5757 5950 5758
f 5758 5950 5951
f 5758 5951 5952
f 5758 5952 5759
f 5759 5952 5953
f 5760 5804 5803
f 5760 5803 5954
f 5760 5954 5955
f 5760 5955 5761
f 5761 5955 5763
f 5763 5955 5764
f 5764 5955 5956
f 5764 5956 5957
f 5764 5957 5765
f 5765 5957 5767
f 5767 5958 5768
f 5767 5957 5959
f 5767 5959 5960
f 5767 5960 5961
f 5767 5961 5958
f 5768 5780 5769
f 5768 5958 5962
f 5768 5962 5963
f 5768 5963 5781
f 5768 5781 5780
f 5771 5779 5964
f 5771 5964 5965
f 5771 5965 5793
f 5773 5792 5774
f 5777 5790 5966
f 5777 5966 5778
f 5778 5966 5967
f 5778 5967 5779
f 5779 5967 5968
f 5779 5968 5964
f 5781 5963 6136
f 5781 6136 5969
f 5781 5969 5971
f 5781 5971 5782
f 5782 5970 5783
f 5782 5971 6147
f 5782 6147 5970
f 5783 5970 5972
f 5783 5972 5785
f 5784 5786 5787
f 5785 5972 5786
f 5786 5972 6149
f 5786 6149 5973
f 5786 5973 6154
f 5786 6154 5974
f 5786 5974 5787
f 5787 5974 5789
f 5787 5789 5788
f 5789 5975 5791
f 5789 5974 5975
f 5790 5791 5976
f 5790 5976 5977
f 5790 5977 5978
f 5790 5978 5979
f 5790 5979 5980
f 5790 5980 5966
f 5791 5975 5976
f 5793 5965 5794
f 5794 5965 5795
f 5795 5965 5981
f 5797 5982 5983
f 5797 5983 5984
f 5797 5984 5798
f 5797 5953 5982
f 5798 5984 5985
f 5798 5985 5799
f 5799 5985 5800
f 5800 5985 5986
f 5800 5986 5801
f 5801 5986 5802
f 5802 5986 5987
f 5802 5987 5988
f 5802 5988 5989
f 5802 5989 5803
f 5803 5989 5954
f 5805 5807 5990
f 5806 5991 5807
f 5807 5992 5993
f 5807 5993 5994
f 5807 5994 5995
f 5807 5995 5996
f 5807 5996 5997
f 5807 5997 5998
f 5807 5998 5999
f 5807 5999 5990
f 5807 5991 5992
f 5808 5809 6000
f 5808 6000 5814
f 5809 5948 6000
f 5810 6001 6002
f 5810 6002 6003
f 5810 6003 5811
f 5810 5813 6005
f 5810 6005 6004
f 5810 6004 6001
f 5811 6003 5815
f 5812 6005 5813
f 5812 6006 6187
f 5812 6187 6005
f 5814 6000 6007
f 5814 6007 6008
f 5814 6008 6006
f 5815 6003 6002
f 5815 6002 5817
f 5817 6009 6010
f 5817 6010 5818
f 5817 6002 6186
f 5817 6186 6009
f 5818 6010 5819
f 5819 5951 5820
f 5819 6010 5951
f 5820 5951 5821
f 5821 5951 5950
f 5823 5835 5834
f 5823 5834 6011
f 5823 6011 6012
f 5823 6012 5824
f 5824 6012 6013
f 5824 6013 6014
f 5824 6014 5825
f 5825 6015 5827
f 5825 6014 6015
f 5826 5839 5831
f 5826 5829 5839
f 5827 6015 6016
f 5827 6016 5828
f 5828 6017 6018
f 5828 6018 6019
f 5828 6019 6020
f 5828 6020 6021
f 5828 6021 5829
f 5828 6016 6017
f 5829 6021 6022
f 5829 6022 5837
f 5831 5839 5838
f 5831 5838 5832
f 5834 6012 6011
f 5836 5842 5843
f 5837 6022 6023
f 5837 6023 5840
f 5840 6023 6024
f 5840 6024 5841
f 5841 6025 5842
f 5841 6024 6026
f 5841 6026 6025
f 5842 6025 6027
f 5842 6027 6028
f 5842 6028 5843
f 5843 6029 5844
f 5843 6028 6029
f 5844 6029 6030
f 5844 6030 5846
f 5845 6031 5848
f 5845 5847 6030
f 5845 6030 6032
f 5845 6032 6031
f 5846 6030 5847
f 5848 6031 5849
f 5849 6031 5857
f 5849 5857 5850
f 5851 6033 5932
f 5851 5932 5852
f 5851 5854 6034
f 5851 6034 6033
f 5854 6035 6036
f 5854 6036 6037
f 5854 6037 6034
f 5854 5856 6035
f 5856 5920 6038
f 5856 6038 6035
f 5857 6039 5858
f 5857 6031 6039
f 5858 6039 6040
f 5858 6040 6041
f 5858 6041 5859
f 5859 6041 6042
f 5859 6042 5860
f 5860 6042 6043
f 5860 6043 5861
f 5861 6043 6044
f 5861 6044 6045
f 5861 6045 5862
f 5862 6045 6046
f 5862 6046 5863
f 5863 6046 5864
f 5864 6047 5865
f 5864 6046 6048
f 5864 6048 6049
f 5864 6049 6050
f 5864 6050 6047
f 5865 6047 5866
f 5866 6051 5867
f 5866 6047 6050
f 5866 6050 6052
f 5866 6052 6051
f 5867 6051 5870
f 5867 5870 5868
f 5870 6051 5871
f 5871 6051 6052
f 5871 6052 6053
f 5871 6053 6054
f 5871 6054 5872
f 5872 6054 6055
f 5872 6055 6056
f 5872 6056 6057
f 5872 6057 5873
f 5873 6057 6058
f 5873 6058 5874
f 5874 6058 5876
f 5876 6058 5893
f 5880 5899 6059
f 5880 6059 6060
f 5880 6060 5881
f 5881 6060 5883
f 5882 6061 5886
f 5882 5885 6061
f 5883 6062 5884
f 5883 6060 6063
f 5883 6063 6062
f 5884 6062 5885
f 5885 6062 6064
f 5885 6064 6065
f 5885 6065 6061
f 5886 6061 5888
f 5887 5900 5891
f 5887 5890 6066
f 5887 6066 5900
f 5888 6061 6065
f 5888 6065 6067
f 5888 6067 5889
f 5889 6067 5890
f 5890 6067 6068
f 5890 6068 6069
f 5890 6069 6066
f 5892 5895 5896
f 5893 6058 6240
f 5893 6240 6070
f 5893 6070 5894
f 5894 6070 6071
f 5894 6071 6072
f 5894 6072 5895
f 5895 6072 5896
f 5896 6072 6073
f 5896 6073 6074
f 5896 6074 5897
f 5897 6074 6075
f 5897 6075 5898
f 5898 6060 6059
f 5898 6059 5899
f 5898 6075 6076
f 5898 6076 6077
f 5898 6077 6078
f 5898 6078 6060
f 5900 6066 6069
f 5900 6069 6079
f 5900 6079 6080
f 5900 6080 6081
f 5900 6081 5901
f 5901 6081 5902
f 5902 6081 6080
f 5902 6080 6082
f 5902 6082 6083
f 5902 6083 5903
f 5903 6083 6084
f 5903 6084 5910
f 5905 5910 6084
f 5905 6084 6085
f 5905 6085 6086
f 5905 6086 6087
f 5905 6087 5906
f 5906 6087 5907
f 5907 6087 5908
f 5908 6087 6088
f 5908 6088 6089
f 5908 6089 5911
f 5908 5911 5909
f 5911 6089 5912
f 5912 6089 5914
f 5913 5917 5921
f 5914 6089 5915
f 5915 6089 6090
f 5915 6090 6091
f 5915 6091 5917
f 5915 5917 5916
f 5917 6091 5921
f 5918 5923 5919
f 5919 6092 6093
f 5919 6093 5920
f 5919 5923 6094
f 5919 6094 6095
f 5919 6095 6092
f 5920 6096 6038
f 5920 6093 6096
f 5921 6091 5922
f 5922 6091 6097
f 5922 6097 6098
f 5922 6098 6099
f 5922 6099 6100
f 5922 6100 6101
f 5922 6101 5923
f 5923 6101 6102
f 5923 6102 6103
f 5923 6103 6094
f 5925 5934 5933
f 5925 5933 5930
f 5926 5931 6104
f 5926 6104 5927
f 5927 6105 6106
f 5927 6106 5928
f 5927 6104 6107
f 5927 6107 6105
f 5928 6106 5939
f 5928 5939 5935
f 5930 5933 5931
f 5931 5933 6108
f 5931 6108 6104
f 5932 6033 6109
f 5932 6109 6110
f 5932 6110 5933
f 5933 6110 6108
f 5935 5939 5936
f 5936 5939 5937
f 5938 6111 6112
f 5938 6112 5940
f 5938 5939 6113
f 5938 6113 6111
f 5939 6114 6113
f 5939 6106 6114
f 5940 6115 6116
f 5940 6116 5949
f 5940 5949 5941
f 5940 6112 6117
f 5940 6117 6115
f 5941 5949 5942
f 5944 5949 6116
f 5944 6116 6118
f 5944 6118 6119
f 5944 6119 6120
f 5944 6120 6121
f 5944 6121 5945
f 5945 6121 6122
f 5945 6122 6123
f 5945 6123 5946
f 5946 6123 6124
f 5946 6124 6125
f 5946 6125 5948
f 5948 6125 6000
f 5951 6126 5952
f 5951 6010 6126
f 5952 6126 5982
f 5952 5982 5953
f 5954 5956 5955
f 5954 5989 5988
f 5954 5988 6127
f 5954 6127 5957
f 5954 5957 5956
f 5957 6127 6128
f 5957 6128 6129
f 5957 6129 5959
f 5958 5961 6130
f 5958 6130 6131
f 5958 6131 5962
f 5959 6129 6132
f 5959 6132 6133
f 5959 6133 5960
f 5960 6133 6134
f 5960 6134 5961
f 5961 6134 6313
f 5961 6313 6135
f 5961 6135 6309
f 5961 6309 6130
f 5962 6131 5963
f 5963 6131 6310
f 5963 6310 6136
f 5964 5968 6137
f 5964 6137 6138
f 5964 6138 6139
f 5964 6139 5965
f 5965 6139 5981
f 5966 5980 5967
f 5967 6140 5968
f 5967 5980 6141
f 5967 6141 6140
f 5968 6140 6142
f 5968 6142 6143
f 5968 6143 6137
f 5969 6136 6144
f 5969 6144 6145
f 5969 6145 6146
f 5969 6146 5971
f 5970 6147 6149
f 5970 6149 5972
f 5971 6146 6148
f 5971 6148 6147
f 5973 6149 6150
f 5973 6150 6151
f 5973 6151 6152
f 5973 6152 6153
f 5973 6153 6154
f 5974 6154 6155
f 5974 6155 5976
f 5974 5976 5975
f 5976 6155 6156
f 5976 6156 5977
f 5977 6156 6157
f 5977 6157 5978
f 5978 6157 6159
f 5978 6159 5979
f 5979 6158 5980
f 5979 6159 6333
f 5979 6333 6158
f 5980 6158 6141
f 5982 6126 5983
f 5983 6126 6160
f 5983 6160 6161
f 5983 6161 6335
f 5983 6335 6162
f 5983 6162 5987
f 5983 5987 5984
f 5984 5987 5986
f 5984 5986 5985
f 5987 6162 6336
f 5987 6336 6163
f 5987 6163 5988
f 5988 6164 6127
f 5988 6163 6165
f 5988 6165 6166
f 5988 6166 6167
f 5988 6167 6168
f 5988 6168 6169
f 5988 6169 6170
f 5988 6170 6164
f 5991 6171 6172
f 5991 6172 5992
f 5992 6173 5993
f 5992 6172 6173
f 5993 6173 6174
f 5993 6174 6175
f 5993 6175 5994
f 5994 6175 6176
f 5994 6176 6177
f 5994 6177 6178
f 5994 6178 6179
f 5994 6179 6180
f 5994 6180 5995
f 5995 6180 6181
f 5995 6181 5996
f 5996 6181 5997
f 5997 6181 5998
f 5998 6181 6182
f 6000 6125 6183
f 6000 6183 6007
f 6001 6184 6002
f 6001 6004 6185
f 6001 6185 6184
f 6002 6184 6186
f 6004 6005 6185
f 6005 6187 6371
f 6005 6371 6185
f 6006 6008 6187
f 6007 6188 6189
f 6007 6189 6187
f 6007 6187 6008
f 6007 6183 6190
f 6007 6190 6191
f 6007 6191 6188
f 6009 6161 6160
f 6009 6160 6010
f 6009 6186 6335
f 6009 6335 6161
f 6010 6160 6126
f 6012 6192 6013
f 6013 6193 6194
f 6013 6194 6014
f 6013 6192 6193
f 6014 6194 6195
f 6014 6195 6015
f 6015 6195 6196
f 6015 6196 6197
f 6015 6197 6198
f 6015 6198 6016
f 6016 6198 6017
f 6017 6198 6199
f 6017 6199 6200
f 6017 6200 6201
f 6017 6201 6202
f 6017 6202 6203
f 6017 6203 6018
f 6018 6203 6204
f 6018 6204 6205
f 6018 6205 6206
f 6018 6206 6019
f 6019 6206 6020
f 6020 6206 6207
f 6020 6207 6208
f 6020 6208 6022
f 6020 6022 6021
f 6022 6208 6209
f 6022 6209 6023
f 6023 6209 6024
f 6024 6209 6210
f 6024 6210 6026
f 6025 6026 6027
f 6026 6211 6027
f 6026 6210 6211
f 6027 6211 6212
f 6027 6212 6028
f 6028 6212 6213
f 6028 6213 6029
f 6029 6214 6030
f 6029 6213 6214
f 6030 6214 6215
f 6030 6215 6216
f 6030 6216 6032
f 6031 6217 6039
f 6031 6032 6217
f 6032 6216 6221
f 6032 6221 6218
f 6032 6218 6217
f 6033 6034 6109
f 6034 6037 6036
f 6034 6036 6109
f 6035 6219 6036
f 6035 6038 6096
f 6035 6096 6220
f 6035 6220 6219
f 6036 6219 6109
f 6039 6217 6218
f 6039 6218 6221
f 6039 6221 6222
f 6039 6222 6223
f 6039 6223 6040
f 6040 6223 6041
f 6041 6223 6224
f 6041 6224 6043
f 6041 6043 6042
f 6043 6224 6225
f 6043 6225 6226
f 6043 6226 6044
f 6044 6226 6227
f 6044 6227 6228
f 6044 6228 6229
f 6044 6229 6230
f 6044 6230 6231
f 6044 6231 6048
f 6044 6048 6045
f 6045 6048 6046
f 6048 6231 6049
f 6049 6231 6050
f 6050 6231 6232
f 6050 6232 6233
f 6050 6233 6055
f 6050 6055 6054
f 6050 6054 6052
f 6052 6054 6053
f 6055 6233 6234
f 6055 6234 6235
f 6055 6235 6236
f 6055 6236 6056
f 6056 6236 6237
f 6056 6237 6238
f 6056 6238 6239
f 6056 6239 6057
f 6057 6239 6058
f 6058 6239 6240
f 6060 6078 6077
f 6060 6077 6241
f 6060 6241 6242
f 6060 6242 6063
f 6062 6243 6064
f 6062 6063 6244
f 6062 6244 6245
f 6062 6245 6246
f 6062 6246 6247
f 6062 6247 6243
f 6063 6242 6248
f 6063 6248 6245
f 6063 6245 6244
f 6064 6243 6249
f 6064 6249 6250
f 6064 6250 6251
f 6064 6251 6252
f 6064 6252 6067
f 6064 6067 6065
f 6067 6252 6068
f 6068 6252 6251
f 6068 6251 6069
f 6069 6251 6253
f 6069 6253 6254
f 6069 6254 6079
f 6070 6240 6255
f 6070 6255 6256
f 6070 6256 6071
f 6071 6256 6257
f 6071 6257 6072
f 6072 6257 6258
f 6072 6258 6073
f 6073 6258 6074
f 6074 6259 6075
f 6074 6258 6259
f 6075 6259 6076
f 6076 6259 6432
f 6076 6432 6260
f 6076 6260 6077
f 6077 6260 6241
f 6079 6261 6080
f 6079 6254 6262
f 6079 6262 6263
f 6079 6263 6264
f 6079 6264 6261
f 6080 6261 6265
f 6080 6265 6082
f 6082 6265 6266
f 6082 6266 6083
f 6083 6266 6084
f 6084 6267 6085
f 6084 6266 6268
f 6084 6268 6267
f 6085 6269 6086
f 6085 6267 6269
f 6086 6269 6270
f 6086 6270 6271
f 6086 6271 6087
f 6087 6271 6272
f 6087 6272 6088
f 6088 6272 6273
f 6088 6273 6089
f 6089 6273 6090
f 6090 6273 6097
f 6090 6097 6091
f 6092 6274 6093
f 6092 6095 6275
f 6092 6275 6274
f 6093 6274 6096
f 6094 6103 6095
f 6095 6103 6276
f 6095 6276 6275
f 6096 6274 6220
f 6097 6273 6277
f 6097 6277 6278
f 6097 6278 6098
f 6098 6278 6279
f 6098 6279 6099
f 6099 6279 6100
f 6100 6276 6102
f 6100 6102 6101
f 6100 6279 6280
f 6100 6280 6276
f 6102 6276 6103
f 6104 6108 6281
f 6104 6281 6282
f 6104 6282 6283
f 6104 6283 6107
f 6105 6284 6285
f 6105 6285 6286
f 6105 6286 6106
f 6105 6107 6287
f 6105 6287 6288
f 6105 6288 6284
f 6106 6286 6289
f 6106 6289 6114
f 6107 6283 6287
f 6108 6110 6290
f 6108 6290 6291
f 6108 6291 6281
f 6109 6292 6290
f 6109 6290 6110
f 6109 6219 6293
f 6109 6293 6294
f 6109 6294 6292
f 6111 6295 6296
f 6111 6296 6112
f 6111 6113 6297
f 6111 6297 6298
f 6111 6298 6295
f 6112 6296 6117
f 6113 6114 6297
f 6114 6299 6297
f 6114 6289 6299
f 6115 6117 6116
f 6116 6117 6118
f 6117 6296 6118
f 6118 6300 6120
f 6118 6120 6119
f 6118 6296 6300
f 6120 6300 6301
f 6120 6301 6302
f 6120 6302 6303
f 6120 6303 6304
f 6120 6304 6305
f 6120 6305 6306
f 6120 6306 6307
f 6120 6307 6121
f 6121 6307 6306
f 6121 6306 6124
f 6121 6124 6122
f 6122 6124 6123
f 6124 6183 6125
f 6124 6306 6183
f 6127 6170 6169
f 6127 6169 6128
f 6127 6164 6170
f 6128 6169 6308
f 6128 6308 6132
f 6128 6132 6129
f 6130 6309 6310
f 6130 6310 6131
f 6132 6308 6311
f 6132 6311 6133
f 6133 6311 6481
f 6133 6481 6312
f 6133 6312 6313
f 6133 6313 6134
f 6135 6313 6314
f 6135 6314 6315
f 6135 6315 6316
f 6135 6316 6309
f 6136 6310 6317
f 6136 6317 6144
f 6137 6139 6138
f 6137 6143 6318
f 6137 6318 6139
f 6140 6141 6142
f 6141 6158 6333
f 6141 6333 6319
f 6141 6319 6320
f 6141 6320 6142
f 6142 6320 6322
f 6142 6322 6143
f 6143 6321 6318
f 6143 6322 6489
f 6143 6489 6321
f 6144 6323 6145
f 6144 6317 6316
f 6144 6316 6315
f 6144 6315 6324
f 6144 6324 6323
f 6145 6323 6146
f 6146 6323 6325
f 6146 6325 6326
f 6146 6326 6151
f 6146 6151 6148
f 6147 6148 6149
f 6148 6150 6149
f 6148 6151 6150
f 6151 6327 6152
f 6151 6326 6327
f 6152 6327 6153
f 6153 6328 6154
f 6153 6327 6329
f 6153 6329 6328
f 6154 6328 6330
f 6154 6330 6155
f 6155 6330 6331
f 6155 6331 6332
f 6155 6332 6156
f 6156 6332 6157
f 6157 6332 6159
f 6159 6332 6334
f 6159 6334 6333
f 6162 6335 6368
f 6162 6368 6336
f 6163 6336 6370
f 6163 6370 6337
f 6163 6337 6166
f 6163 6166 6165
f 6166 6337 6338
f 6166 6338 6511
f 6166 6511 6339
f 6166 6339 6340
f 6166 6340 6167
f 6167 6340 6341
f 6167 6341 6168
f 6168 6341 6342
f 6168 6342 6169
f 6169 6342 6480
f 6169 6480 6308
f 6171 6343 6344
f 6171 6344 6345
f 6171 6345 6346
f 6171 6346 6172
f 6172 6346 6347
f 6172 6347 6173
f 6173 6347 6348
f 6173 6348 6349
f 6173 6349 6174
f 6174 6349 6175
f 6175 6349 6350
f 6175 6350 6176
f 6176 6351 6352
f 6176 6352 6177
f 6176 6350 6353
f 6176 6353 6351
f 6177 6354 6355
f 6177 6355 6178
f 6177 6352 6356
f 6177 6356 6357
f 6177 6357 6358
f 6177 6358 6359
f 6177 6359 6354
f 6178 6355 6179
f 6179 6355 6354
f 6179 6354 6360
f 6179 6360 6181
f 6179 6181 6180
f 6181 6360 6361
f 6181 6361 6362
f 6181 6362 6363
f 6181 6363 6364
f 6181 6364 6365
f 6181 6365 6366
f 6181 6366 6367
f 6181 6367 6182
f 6183 6306 6190
f 6184 6368 6335
f 6184 6335 6186
f 6184 6185 6368
f 6185 6369 6370
f 6185 6370 6368
f 6185 6371 6542
f 6185 6542 6369
f 6187 6189 6371
f 6188 6372 6371
f 6188 6371 6189
f 6188 6191 6372
f 6190 6306 6191
f 6191 6373 6372
f 6191 6306 6305
f 6191 6305 6479
f 6191 6479 6373
f 6196 6374 6375
f 6196 6375 6198
f 6196 6198 6197
f 6198 6375 6199
f 6199 6375 6376
f 6199 6376 6200
f 6200 6377 6378
f 6200 6378 6201
f 6200 6376 6377
f 6201 6379 6380
f 6201 6380 6381
f 6201 6381 6202
f 6201 6378 6379
f 6202 6381 6382
f 6202 6382 6203
f 6203 6382 6383
f 6203 6383 6204
f 6204 6383 6384
f 6204 6384 6205
f 6205 6384 6206
f 6206 6384 6385
f 6206 6385 6207
f 6207 6385 6554
f 6207 6554 6386
f 6207 6386 6209
f 6207 6209 6208
f 6209 6386 6387
f 6209 6387 6210
f 6210 6388 6211
f 6210 6387 6389
f 6210 6389 6390
f 6210 6390 6388
f 6211 6213 6212
f 6211 6388 6556
f 6211 6556 6391
f 6211 6391 6213
f 6213 6391 6392
f 6213 6392 6393
f 6213 6393 6214
f 6214 6393 6394
f 6214 6394 6395
f 6214 6395 6215
f 6215 6222 6221
f 6215 6221 6216
f 6215 6395 6222
f 6219 6220 6274
f 6219 6274 6396
f 6219 6396 6397
f 6219 6397 6293
f 6222 6395 6398
f 6222 6398 6225
f 6222 6225 6223
f 6223 6225 6224
f 6225 6398 6399
f 6225 6399 6400
f 6225 6400 6226
f 6226 6400 6227
f 6227 6400 6228
f 6228 6401 6402
f 6228 6402 6230
f 6228 6230 6229
f 6228 6400 6401
f 6230 6403 6231
f 6230 6402 6404
f 6230 6404 6405
f 6230 6405 6403
f 6231 6403 6232
f 6232 6403 6406
f 6232 6406 6407
f 6232 6407 6233
f 6233 6407 6234
f 6234 6407 6235
f 6235 6407 6408
f 6235 6408 6409
f 6235 6409 6410
f 6235 6410 6236
f 6236 6410 6411
f 6236 6411 6237
f 6237 6239 6238
f 6237 6411 6412
f 6237 6412 6239
f 6239 6413 6240
f 6239 6412 6414
f 6239 6414 6413
f 6240 6413 6255
f 6241 6260 6415
f 6241 6415 6416
f 6241 6416 6242
f 6242 6416 6248
f 6243 6247 6249
f 6245 6248 6246
f 6246 6248 6417
f 6246 6417 6418
f 6246 6418 6247
f 6247 6418 6249
f 6248 6416 6417
f 6249 6419 6251
f 6249 6251 6250
f 6249 6418 6420
f 6249 6420 6421
f 6249 6421 6419
f 6251 6419 6422
f 6251 6422 6253
f 6253 6422 6423
f 6253 6423 6254
f 6254 6424 6262
f 6254 6423 6424
f 6255 6413 6414
f 6255 6414 6256
f 6256 6414 6425
f 6256 6425 6426
f 6256 6426 6258
f 6256 6258 6257
f 6258 6426 6427
f 6258 6427 6428
f 6258 6428 6429
f 6258 6429 6430
f 6258 6430 6431
f 6258 6431 6432
f 6258 6432 6259
f 6260 6432 6431
f 6260 6431 6433
f 6260 6433 6415
f 6261 6264 6263
f 6261 6263 6434
f 6261 6434 6435
f 6261 6435 6436
f 6261 6436 6265
f 6262 6424 6263
f 6263 6424 6437
f 6263 6437 6438
f 6263 6438 6434
f 6265 6439 6266
f 6265 6436 6439
f 6266 6439 6268
f 6267 6268 6440
f 6267 6440 6441
f 6267 6441 6442
f 6267 6442 6269
f 6268 6439 6443
f 6268 6443 6440
f 6269 6442 6444
f 6269 6444 6270
f 6270 6444 6445
f 6270 6445 6278
f 6270 6278 6271
f 6271 6278 6272
f 6272 6278 6277
f 6272 6277 6273
f 6274 6275 6446
f 6274 6446 6447
f 6274 6447 6448
f 6274 6448 6396
f 6275 6447 6446
f 6275 6276 6447
f 6276 6280 6449
f 6276 6449 6450
f 6276 6450 6451
f 6276 6451 6447
f 6278 6445 6279
f 6279 6452 6280
f 6279 6445 6453
f 6279 6453 6452
f 6280 6452 6617
f 6280 6617 6454
f 6280 6454 6455
f 6280 6455 6449
f 6281 6291 6456
f 6281 6456 6282
f 6282 6456 6283
f 6283 6456 6287
f 6284 6288 6457
f 6284 6457 6285
f 6285 6457 6458
f 6285 6458 6459
f 6285 6459 6460
f 6285 6460 6461
f 6285 6461 6289
f 6285 6289 6286
f 6287 6456 6288
f 6288 6462 6457
f 6288 6456 6463
f 6288 6463 6464
f 6288 6464 6462
f 6289 6461 6299
f 6290 6465 6291
f 6290 6292 6466
f 6290 6466 6467
f 6290 6467 6465
f 6291 6465 6468
f 6291 6468 6463
f 6291 6463 6456
f 6292 6294 6466
f 6293 6469 6466
f 6293 6466 6294
f 6293 6397 6448
f 6293 6448 6470
f 6293 6470 6469
f 6295 6298 6296
f 6296 6298 6471
f 6296 6471 6472
f 6296 6472 6473
f 6296 6473 6474
f 6296 6474 6300
f 6297 6299 6298
f 6298 6299 6461
f 6298 6461 6460
f 6298 6460 6471
f 6300 6475 6301
f 6300 6474 6475
f 6301 6475 6476
f 6301 6476 6477
f 6301 6477 6302
f 6302 6477 6303
f 6303 6477 6478
f 6303 6478 6304
f 6304 6478 6479
f 6304 6479 6305
f 6308 6480 6481
f 6308 6481 6311
f 6309 6316 6310
f 6310 6316 6317
f 6312 6481 6482
f 6312 6482 6483
f 6312 6483 6314
f 6312 6314 6313
f 6314 6483 6315
f 6315 6483 6484
f 6315 6484 6485
f 6315 6485 6324
f 6319 6333 6334
f 6319 6334 6486
f 6319 6486 6487
f 6319 6487 6320
f 6320 6487 6488
f 6320 6488 6322
f 6322 6488 6490
f 6322 6490 6489
f 6323 6324 6325
f 6324 6491 6325
f 6324 6485 6492
f 6324 6492 6493
f 6324 6493 6494
f 6324 6494 6495
f 6324 6495 6491
f 6325 6491 6496
f 6325 6496 6497
f 6325 6497 6498
f 6325 6498 6326
f 6326 6499 6500
f 6326 6500 6501
f 6326 6501 6502
f 6326 6502 6503
f 6326 6503 6504
f 6326 6504 6505
f 6326 6505 6506
f 6326 6506 6507
f 6326 6507 6327
f 6326 6498 6508
f 6326 6508 6499
f 6327 6507 6329
f 6328 6331 6330
f 6328 6329 6507
f 6328 6507 6506
f 6328 6506 6331
f 6331 6506 6332
f 6332 6506 6509
f 6332 6509 6510
f 6332 6510 6334
f 6334 6510 6486
f 6336 6368 6370
f 6337 6370 6338
f 6338 6370 6369
f 6338 6369 6542
f 6338 6542 6511
f 6339 6511 6512
f 6339 6512 6678
f 6339 6678 6513
f 6339 6513 6514
f 6339 6514 6340
f 6340 6514 6341
f 6341 6514 6342
f 6342 6514 6515
f 6342 6515 6516
f 6342 6516 6517
f 6342 6517 6480
f 6343 6518 6344
f 6344 6519 6520
f 6344 6520 6521
f 6344 6521 6522
f 6344 6522 6345
f 6344 6518 6519
f 6345 6522 6347
f 6345 6347 6346
f 6347 6522 6348
f 6348 6522 6523
f 6348 6523 6353
f 6348 6353 6350
f 6348 6350 6349
f 6351 6524 6352
f 6351 6353 6524
f 6352 6524 6525
f 6352 6525 6526
f 6352 6526 6527
f 6352 6527 6356
f 6353 6523 6525
f 6353 6525 6524
f 6354 6359 6535
f 6354 6535 6360
f 6356 6527 6528
f 6356 6528 6529
f 6356 6529 6530
f 6356 6530 6531
f 6356 6531 6532
f 6356 6532 6533
f 6356 6533 6357
f 6357 6533 6358
f 6358 6533 6359
f 6359 6533 6534
f 6359 6534 6535
f 6360 6536 6363
f 6360 6363 6362
f 6360 6362 6361
f 6360 6535 6537
f 6360 6537 6538
f 6360 6538 6539
f 6360 6539 6536
f 6363 6536 6539
f 6363 6539 6540
f 6363 6540 6541
f 6363 6541 6364
f 6371 6372 6543
f 6371 6543 6544
f 6371 6544 6542
f 6372 6373 6545
f 6372 6545 6543
f 6373 6479 6644
f 6373 6644 6545
f 6374 6376 6375
f 6379 6546 6380
f 6380 6546 6547
f 6380 6547 6548
f 6380 6548 6549
f 6380 6549 6381
f 6381 6549 6382
f 6382 6549 6550
f 6382 6550 6551
f 6382 6551 6552
f 6382 6552 6383
f 6383 6552 6384
f 6384 6552 6385
f 6385 6552 6553
f 6385 6553 6554
f 6386 6554 6555
f 6386 6555 6389
f 6386 6389 6387
f 6388 6390 6556
f 6389 6557 6390
f 6389 6555 6558
f 6389 6558 6559
f 6389 6559 6557
f 6390 6557 6556
f 6391 6556 6560
f 6391 6560 6392
f 6392 6395 6394
f 6392 6394 6393
f 6392 6560 6735
f 6392 6735 6561
f 6392 6561 6395
f 6395 6561 6398
f 6396 6448 6397
f 6398 6561 6562
f 6398 6562 6399
f 6399 6562 6563
f 6399 6563 6400
f 6400 6563 6564
f 6400 6564 6401
f 6401 6564 6565
f 6401 6565 6566
f 6401 6566 6402
f 6402 6566 6567
f 6402 6567 6568
f 6402 6568 6404
f 6403 6405 6406
f 6404 6568 6569
f 6404 6569 6405
f 6405 6569 6570
f 6405 6570 6406
f 6406 6570 6408
f 6406 6408 6407
f 6408 6570 6409
f 6409 6570 6571
f 6409 6571 6572
f 6409 6572 6573
f 6409 6573 6574
f 6409 6574 6410
f 6410 6574 6575
f 6410 6575 6411
f 6411 6575 6576
f 6411 6576 6412
f 6412 6576 6414
f 6414 6576 6577
f 6414 6577 6425
f 6415 6433 6578
f 6415 6578 6579
f 6415 6579 6580
f 6415 6580 6416
f 6416 6580 6581
f 6416 6581 6417
f 6417 6581 6582
f 6417 6582 6418
f 6418 6421 6420
f 6418 6582 6583
f 6418 6583 6421
f 6419 6421 6422
f 6421 6583 6584
f 6421 6584 6585
f 6421 6585 6422
f 6422 6585 6586
f 6422 6586 6423
f 6423 6586 6587
f 6423 6587 6424
f 6424 6587 6437
f 6425 6577 6588
f 6425 6588 6426
f 6426 6588 6427
f 6427 6588 6589
f 6427 6589 6590
f 6427 6590 6591
f 6427 6591 6592
f 6427 6592 6428
f 6428 6592 6429
f 6429 6592 6593
f 6429 6593 6431
f 6429 6431 6430
f 6431 6593 6594
f 6431 6594 6595
f 6431 6595 6578
f 6431 6578 6433
f 6434 6438 6596
f 6434 6596 6435
f 6435 6597 6436
f 6435 6596 6598
f 6435 6598 6597
f 6436 6597 6599
f 6436 6599 6600
f 6436 6600 6439
f 6437 6587 6601
f 6437 6601 6602
f 6437 6602 6438
f 6438 6603 6596
f 6438 6602 6603
f 6439 6600 6443
f 6440 6443 6604
f 6440 6604 6441
f 6441 6605 6606
f 6441 6606 6444
f 6441 6444 6442
f 6441 6604 6605
f 6443 6607 6604
f 6443 6600 6607
f 6444 6606 6608
f 6444 6608 6445
f 6445 6608 6453
f 6447 6609 6448
f 6447 6451 6610
f 6447 6610 6609
f 6448 6609 6611
f 6448 6611 6612
f 6448 6612 6613
f 6448 6613 6614
f 6448 6614 6615
f 6448 6615 6470
f 6449 6455 6450
f 6450 6455 6451
f 6451 6455 6616
f 6451 6616 6610
f 6452 6453 6618
f 6452 6618 6617
f 6453 6608 6618
f 6454 6619 6455
f 6454 6617 6780
f 6454 6780 6619
f 6455 6619 6620
f 6455 6620 6621
f 6455 6621 6616
f 6457 6462 6458
f 6458 6462 6622
f 6458 6622 6623
f 6458 6623 6624
f 6458 6624 6625
f 6458 6625 6459
f 6459 6625 6460
f 6460 6626 6627
f 6460 6627 6471
f 6460 6625 6626
f 6462 6464 6463
f 6462 6463 6628
f 6462 6628 6622
f 6463 6468 6628
f 6465 6629 6468
f 6465 6467 6630
f 6465 6630 6629
f 6466 6469 6630
f 6466 6630 6467
f 6468 6629 6631
f 6468 6631 6632
f 6468 6632 6628
f 6469 6470 6615
f 6469 6615 6633
f 6469 6633 6630
f 6471 6627 6634
f 6471 6634 6472
f 6472 6635 6473
f 6472 6634 6635
f 6473 6636 6474
f 6473 6635 6636
f 6474 6636 6637
f 6474 6637 6638
f 6474 6638 6475
f 6475 6639 6640
f 6475 6640 6476
f 6475 6638 6639
f 6476 6640 6477
f 6477 6640 6641
f 6477 6641 6642
f 6477 6642 6478
f 6478 6643 6644
f 6478 6644 6479
f 6478 6642 6643
f 6480 6517 6482
f 6480 6482 6481
f 6482 6517 6645
f 6482 6645 6483
f 6483 6645 6484
f 6484 6645 6517
f 6484 6517 6516
f 6484 6516 6646
f 6484 6646 6647
f 6484 6647 6648
f 6484 6648 6485
f 6485 6648 6493
f 6485 6493 6492
f 6486 6510 6649
f 6486 6649 6650
f 6486 6650 6488
f 6486 6488 6487
f 6488 6650 6651
f 6488 6651 6490
f 6489 6490 6652
f 6490 6651 6653
f 6490 6653 6654
f 6490 6654 6652
f 6491 6495 6497
f 6491 6497 6496
f 6493 6648 6655
f 6493 6655 6656
f 6493 6656 6494
f 6494 6656 6657
f 6494 6657 6495
f 6495 6657 6658
f 6495 6658 6508
f 6495 6508 6498
f 6495 6498 6497
f 6499 6508 6659
f 6499 6659 6660
f 6499 6660 6500
f 6500 6660 6661
f 6500 6661 6501
f 6501 6661 6662
f 6501 6662 6663
f 6501 6663 6664
f 6501 6664 6665
f 6501 6665 6666
f 6501 6666 6502
f 6502 6666 6505
f 6502 6505 6504
f 6502 6504 6503
f 6505 6666 6665
f 6505 6665 6664
f 6505 6664 6667
f 6505 6667 6668
f 6505 6668 6669
f 6505 6669 6670
f 6505 6670 6650
f 6505 6650 6649
f 6505 6649 6509
f 6505 6509 6506
f 6508 6658 6671
f 6508 6671 6656
f 6508 6656 6672
f 6508 6672 6673
f 6508 6673 6674
f 6508 6674 6675
f 6508 6675 6676
f 6508 6676 6677
f 6508 6677 6660
f 6508 6660 6659
f 6509 6649 6510
f 6511 6542 6544
f 6511 6544 6512
f 6512 6544 6712
f 6512 6712 6678
f 6513 6678 6514
f 6514 6678 6679
f 6514 6679 6680
f 6514 6680 6681
f 6514 6681 6646
f 6514 6646 6516
f 6514 6516 6682
f 6514 6682 6515
f 6515 6682 6516
f 6518 6683 6519
f 6519 6684 6685
f 6519 6685 6520
f 6519 6683 6686
f 6519 6686 6687
f 6519 6687 6684
f 6520 6685 6688
f 6520 6688 6521
f 6521 6688 6689
f 6521 6689 6522
f 6522 6689 6523
f 6523 6689 6525
f 6525 6689 6690
f 6525 6690 6691
f 6525 6691 6526
f 6526 6691 6527
f 6527 6692 6528
f 6527 6691 6692
f 6528 6692 6693
f 6528 6693 6694
f 6528 6694 6529
f 6529 6694 6695
f 6529 6695 6696
f 6529 6696 6697
f 6529 6697 6698
f 6529 6698 6699
f 6529 6699 6700
f 6529 6700 6701
f 6529 6701 6702
f 6529 6702 6531
f 6529 6531 6530
f 6531 6702 6703
f 6531 6703 6533
f 6531 6533 6532
f 6533 6703 6704
f 6533 6704 6705
f 6533 6705 6534
f 6534 6537 6535
f 6534 6705 6706
f 6534 6706 6537
f 6537 6706 6707
f 6537 6707 6708
f 6537 6708 6538
f 6538 6708 6709
f 6538 6709 6539
f 6539 6709 6540
f 6540 6709 6710
f 6540 6710 6541
f 6541 6710 6711
f 6543 6712 6544
f 6543 6545 6713
f 6543 6713 6712
f 6545 6644 6804
f 6545 6804 6713
f 6546 6714 6547
f 6547 6714 6715
f 6547 6715 6716
f 6547 6716 6717
f 6547 6717 6548
f 6548 6717 6879
f 6548 6879 6718
f 6548 6718 6549
f 6549 6718 6719
f 6549 6719 6720
f 6549 6720 6552
f 6549 6552 6551
f 6549 6551 6550
f 6552 6720 6721
f 6552 6721 6553
f 6553 6721 6722
f 6553 6722 6554
f 6554 6722 6723
f 6554 6723 6724
f 6554 6724 6555
f 6555 6724 6725
f 6555 6725 6558
f 6556 6557 6726
f 6556 6726 6727
f 6556 6727 6560
f 6557 6559 6728
f 6557 6728 6729
f 6557 6729 6730
f 6557 6730 6726
f 6558 6731 6559
f 6558 6725 6731
f 6559 6731 6732
f 6559 6732 6733
f 6559 6733 6728
f 6560 6727 6734
f 6560 6734 6735
f 6561 6735 6563
f 6561 6563 6562
f 6563 6735 6564
f 6564 6734 6736
f 6564 6736 6737
f 6564 6737 6565
f 6564 6735 6734
f 6565 6737 6738
f 6565 6738 6566
f 6566 6738 6567
f 6567 6738 6739
f 6567 6739 6740
f 6567 6740 6568
f 6568 6571 6570
f 6568 6570 6569
f 6568 6740 6741
f 6568 6741 6572
f 6568 6572 6571
f 6572 6742 6743
f 6572 6743 6744
f 6572 6744 6573
f 6572 6741 6742
f 6573 6744 6574
f 6574 6744 6745
f 6574 6745 6746
f 6574 6746 6575
f 6575 6746 6747
f 6575 6747 6576
f 6576 6747 6588
f 6576 6588 6577
f 6578 6595 6579
f 6579 6595 6748
f 6579 6748 6580
f 6580 6748 6749
f 6580 6749 6581
f 6581 6749 6750
f 6581 6750 6582
f 6582 6750 6751
f 6582 6751 6583
f 6583 6751 6753
f 6583 6753 6584
f 6584 6752 6585
f 6584 6753 6754
f 6584 6754 6752
f 6585 6755 6586
f 6585 6752 6755
f 6586 6755 6587
f 6587 6755 6756
f 6587 6756 6601
f 6588 6747 6757
f 6588 6757 6589
f 6589 6757 6758
f 6589 6758 6590
f 6590 6758 6591
f 6591 6758 6759
f 6591 6759 6760
f 6591 6760 6592
f 6592 6760 6593
f 6593 6761 6594
f 6593 6760 6762
f 6593 6762 6761
f 6594 6761 6595
f 6595 6761 6748
f 6596 6763 6598
f 6596 6603 6763
f 6597 6764 6599
f 6597 6598 6765
f 6597 6765 6764
f 6598 6763 6765
f 6599 6766 6767
f 6599 6767 6607
f 6599 6607 6600
f 6599 6764 6766
f 6601 6756 6768
f 6601 6768 6602
f 6602 6768 6769
f 6602 6769 6603
f 6603 6769 6770
f 6603 6770 6763
f 6604 6607 6771
f 6604 6771 6772
f 6604 6772 6605
f 6605 6772 6773
f 6605 6773 6606
f 6606 6773 6774
f 6606 6774 6775
f 6606 6775 6608
f 6607 6767 6771
f 6608 6775 6618
f 6609 6616 6612
f 6609 6612 6611
f 6609 6610 6616
f 6612 6616 6779
f 6612 6779 6776
f 6612 6776 6613
f 6613 6776 6777
f 6613 6777 6778
f 6613 6778 6614
f 6614 6778 6615
f 6615 6778 6633
f 6616 6621 6779
f 6617 6618 6781
f 6617 6781 6780
f 6618 6775 6781
f 6619 6780 6782
f 6619 6782 6783
f 6619 6783 6784
f 6619 6784 6620
f 6620 6784 6621
f 6621 6784 6785
f 6621 6785 6779
f 6622 6628 6623
f 6623 6786 6624
f 6623 6628 6786
f 6624 6786 6787
f 6624 6787 6788
f 6624 6788 6625
f 6625 6788 6789
f 6625 6789 6790
f 6625 6790 6626
f 6626 6790 6791
f 6626 6791 6792
f 6626 6792 6634
f 6626 6634 6627
f 6628 6632 6793
f 6628 6793 6794
f 6628 6794 6786
f 6629 6795 6631
f 6629 6630 6796
f 6629 6796 6795
f 6630 6633 6778
f 6630 6778 6796
f 6631 6797 6632
f 6631 6795 6797
f 6632 6797 6793
f 6634 6792 6798
f 6634 6798 6635
f 6635 6798 6636
f 6636 6799 6637
f 6636 6798 6799
f 6637 6799 6638
f 6638 6799 6639
f 6639 6800 6801
f 6639 6801 6640
f 6639 6799 6800
f 6640 6801 6641
f 6641 6802 6803
f 6641 6803 6642
f 6641 6801 6802
f 6642 6803 6804
f 6642 6804 6643
f 6643 6804 6644
f 6646 6805 6647
f 6646 6681 6806
f 6646 6806 6807
f 6646 6807 6805
f 6647 6805 6648
f 6648 6805 6808
f 6648 6808 6655
f 6650 6670 6651
f 6651 6809 6653
f 6651 6670 6810
f 6651 6810 6809
f 6653 6809 6654
f 6655 6811 6812
f 6655 6812 6813
f 6655 6813 6814
f 6655 6814 6672
f 6655 6672 6656
f 6655 6808 6815
f 6655 6815 6811
f 6656 6671 6657
f 6657 6671 6658
f 6660 6677 6661
f 6661 6677 6662
f 6662 6816 6817
f 6662 6817 6818
f 6662 6818 6663
f 6662 6677 6819
f 6662 6819 6820
f 6662 6820 6821
f 6662 6821 6822
f 6662 6822 6823
f 6662 6823 6824
f 6662 6824 6816
f 6663 6818 6664
f 6664 6668 6825
f 6664 6825 6667
f 6664 6818 6817
f 6664 6817 6826
f 6664 6826 6668
f 6667 6825 6668
f 6668 6826 6827
f 6668 6827 6828
f 6668 6828 6829
f 6668 6829 6670
f 6668 6670 6669
f 6670 6830 6810
f 6670 6829 6830
f 6672 6814 6831
f 6672 6831 6673
f 6673 6831 6832
f 6673 6832 6674
f 6674 6832 6833
f 6674 6833 6834
f 6674 6834 6675
f 6675 6834 6835
f 6675 6835 6836
f 6675 6836 6837
f 6675 6837 6838
f 6675 6838 6839
f 6675 6839 6677
f 6675 6677 6840
f 6675 6840 6676
f 6676 6840 6677
f 6677 6821 6820
f 6677 6820 6819
f 6677 6839 6821
f 6678 6712 6713
f 6678 6713 6679
f 6679 6841 6680
f 6679 6713 6804
f 6679 6804 6842
f 6679 6842 6841
f 6680 6806 6681
f 6680 6841 6843
f 6680 6843 6844
f 6680 6844 6806
f 6684 6845 6846
f 6684 6846 6685
f 6684 6687 6845
f 6685 6846 6847
f 6685 6847 6688
f 6687 6848 6845
f 6688 6847 6849
f 6688 6849 6689
f 6689 6849 6850
f 6689 6850 6851
f 6689 6851 6690
f 6690 6851 6852
f 6690 6852 6853
f 6690 6853 6691
f 6691 6853 6692
f 6692 6853 6693
f 6693 6853 6852
f 6693 6852 6854
f 6693 6854 6695
f 6693 6695 6694
f 6695 6854 6852
f 6695 6852 6855
f 6695 6855 6856
f 6695 6856 6857
f 6695 6857 6696
f 6696 6857 6697
f 6697 6858 6698
f 6697 6857 6859
f 6697 6859 6858
f 6698 6858 6699
f 6699 6860 6861
f 6699 6861 6862
f 6699 6862 6863
f 6699 6863 6700
f 6699 6858 6860
f 6700 6863 6864
f 6700 6864 6865
f 6700 6865 6701
f 6701 6704 6702
f 6701 6865 6704
f 6702 6704 6703
f 6704 6866 6705
f 6704 6865 6867
f 6704 6867 6868
f 6704 6868 6866
f 6705 6866 6706
f 6706 6866 6869
f 6706 6869 6707
f 6707 6869 6710
f 6707 6710 6709
f 6707 6709 6708
f 6710 6869 6870
f 6710 6870 6871
f 6710 6871 6872
f 6710 6872 6873
f 6710 6873 6711
f 6711 6873 6874
f 6715 6875 6716
f 6716 6875 7046
f 6716 7046 6876
f 6716 6876 6877
f 6716 6877 6717
f 6717 6877 6878
f 6717 6878 6879
f 6718 6879 6880
f 6718 6880 6881
f 6718 6881 6719
f 6719 6881 6882
f 6719 6882 6720
f 6720 6882 6883
f 6720 6883 6884
f 6720 6884 6721
f 6721 6885 6886
f 6721 6886 6887
f 6721 6887 6888
f 6721 6888 6889
f 6721 6889 6722
f 6721 6884 6885
f 6722 6889 6723
f 6723 6889 6725
f 6723 6725 6724
f 6725 6889 6731
f 6726 6730 6890
f 6726 6890 6891
f 6726 6891 6727
f 6727 6891 6892
f 6727 6892 6736
f 6727 6736 6734
f 6728 6733 6893
f 6728 6893 6729
f 6729 6890 6730
f 6729 6893 6894
f 6729 6894 6890
f 6731 6889 6895
f 6731 6895 6732
f 6732 6895 6896
f 6732 6896 6733
f 6733 6896 7058
f 6733 7058 6893
f 6736 6890 6897
f 6736 6897 6737
f 6736 6892 6890
f 6737 6897 6894
f 6737 6894 6898
f 6737 6898 6899
f 6737 6899 6738
f 6738 6899 6739
f 6739 6899 6900
f 6739 6900 6740
f 6740 6900 6742
f 6740 6742 6741
f 6742 6900 6901
f 6742 6901 6902
f 6742 6902 6743
f 6743 6902 6903
f 6743 6903 6904
f 6743 6904 6744
f 6744 6904 6905
f 6744 6905 6745
f 6745 6905 6746
f 6746 6905 6906
f 6746 6906 6747
f 6747 6906 6757
f 6748 6761 6924
f 6748 6924 6907
f 6748 6907 6908
f 6748 6908 6749
f 6749 6908 6750
f 6750 6908 6751
f 6751 6908 6909
f 6751 6909 6910
f 6751 6910 6912
f 6751 6912 6753
f 6752 6754 6911
f 6752 6911 6755
f 6753 6912 6754
f 6754 6912 6914
f 6754 6914 6911
f 6755 6911 6913
f 6755 6913 6756
f 6756 6913 6914
f 6756 6914 6915
f 6756 6915 6768
f 6757 6906 6916
f 6757 6916 6758
f 6758 6917 6918
f 6758 6918 6759
f 6758 6916 6919
f 6758 6919 6920
f 6758 6920 6921
f 6758 6921 6917
f 6759 6918 6917
f 6759 6917 6921
f 6759 6921 6922
f 6759 6922 6923
f 6759 6923 6760
f 6760 6923 6762
f 6761 6762 6925
f 6761 6925 6924
f 6762 6923 6925
f 6763 6770 6926
f 6763 6926 6765
f 6764 6927 6766
f 6764 6765 6928
f 6764 6928 6927
f 6765 6926 7096
f 6765 7096 6928
f 6766 6927 6929
f 6766 6929 6930
f 6766 6930 6767
f 6767 6930 6931
f 6767 6931 6771
f 6768 6932 6933
f 6768 6933 6935
f 6768 6935 6769
f 6768 6915 6934
f 6768 6934 6932
f 6769 6935 6770
f 6770 6936 6926
f 6770 6935 6936
f 6771 6931 6772
f 6772 6937 6773
f 6772 6931 6938
f 6772 6938 6937
f 6773 6937 6774
f 6774 6939 6940
f 6774 6940 6781
f 6774 6781 6775
f 6774 6937 6939
f 6776 6941 6942
f 6776 6942 6943
f 6776 6943 6777
f 6776 6779 6947
f 6776 6947 6941
f 6777 6943 6944
f 6777 6944 6778
f 6778 6944 6945
f 6778 6945 6946
f 6778 6946 6796
f 6779 6785 6947
f 6780 6781 6940
f 6780 6940 6782
f 6782 6948 6949
f 6782 6949 6783
f 6782 6940 7112
f 6782 7112 6948
f 6783 6949 6950
f 6783 6950 6784
f 6784 6950 6785
f 6785 6950 6947
f 6786 6794 6787
f 6787 6951 6788
f 6787 6794 6952
f 6787 6952 6953
f 6787 6953 6951
f 6788 6951 6954
f 6788 6954 6789
f 6789 6954 6955
f 6789 6955 6956
f 6789 6956 6790
f 6790 6956 6957
f 6790 6957 6958
f 6790 6958 6791
f 6791 6958 6959
f 6791 6959 6960
f 6791 6960 6799
f 6791 6799 6792
f 6792 6799 6798
f 6793 6797 6961
f 6793 6961 6952
f 6793 6952 6794
f 6795 6796 6962
f 6795 6962 6963
f 6795 6963 6797
f 6796 6946 6964
f 6796 6964 6962
f 6797 6965 6966
f 6797 6966 6961
f 6797 6963 6965
f 6799 6967 6968
f 6799 6968 6969
f 6799 6969 6800
f 6799 6960 6967
f 6800 6970 6971
f 6800 6971 6801
f 6800 6969 6967
f 6800 6967 6970
f 6801 6971 6972
f 6801 6972 6802
f 6802 6972 6803
f 6803 6972 6804
f 6804 6972 6842
f 6805 6807 6815
f 6805 6815 6808
f 6806 6973 6807
f 6806 6844 6973
f 6807 6973 6974
f 6807 6974 6975
f 6807 6975 6812
f 6807 6812 6815
f 6809 6810 6976
f 6810 6830 6977
f 6810 6977 6976
f 6811 6815 6812
f 6812 6978 6813
f 6812 6975 6978
f 6813 6979 6980
f 6813 6980 6981
f 6813 6981 6982
f 6813 6982 6983
f 6813 6983 6814
f 6813 6978 6979
f 6814 6983 6831
f 6816 6984 6985
f 6816 6985 6817
f 6816 6824 6823
f 6816 6823 6984
f 6817 6985 6986
f 6817 6986 6826
f 6821 6839 6838
f 6821 6838 6822
f 6822 6838 6987
f 6822 6987 6823
f 6823 6988 6989
f 6823 6989 6990
f 6823 6990 6984
f 6823 6987 6988
f 6826 6986 6827
f 6827 6991 6828
f 6827 6986 6991
f 6828 6992 6993
f 6828 6993 6994
f 6828 6994 6995
f 6828 6995 6829
f 6828 6991 6996
f 6828 6996 6992
f 6829 6995 6977
f 6829 6977 6830
f 6831 6997 6832
f 6831 6983 6982
f 6831 6982 6998
f 6831 6998 6999
f 6831 6999 6997
f 6832 6997 6999
f 6832 6999 7000
f 6832 7000 6833
f 6833 7000 6834
f 6834 7000 7001
f 6834 7001 7002
f 6834 7002 6835
f 6835 7002 7003
f 6835 7003 6836
f 6836 7003 6837
f 6837 7004 6838
f 6837 7003 7004
f 6838 7004 7005
f 6838 7005 6989
f 6838 6989 6988
f 6838 6988 6987
f 6841 7006 7007
f 6841 7007 6843
f 6841 6842 7006
f 6842 7008 7006
f 6842 6972 7008
f 6843 7007 6844
f 6844 7009 7143
f 6844 7143 7010
f 6844 7010 6974
f 6844 6974 6973
f 6844 7007 7011
f 6844 7011 7008
f 6844 7008 7009
f 6845 7012 7013
f 6845 7013 7014
f 6845 7014 7015
f 6845 7015 6846
f 6845 6848 7012
f 6846 7015 7016
f 6846 7016 6847
f 6847 7016 7184
f 6847 7184 7017
f 6847 7017 6849
f 6848 7018 7012
f 6849 7017 7019
f 6849 7019 6850
f 6850 7019 6851
f 6851 7019 7020
f 6851 7020 7021
f 6851 7021 7022
f 6851 7022 6855
f 6851 6855 6852
f 6855 7022 6856
f 6856 7022 6857
f 6857 7022 6859
f 6858 6859 6860
f 6859 7023 7024
f 6859 7024 7025
f 6859 7025 6860
f 6859 7022 7026
f 6859 7026 7027
f 6859 7027 7023
f 6860 7025 7028
f 6860 7028 6861
f 6861 7028 7029
f 6861 7029 6862
f 6862 6864 6863
f 6862 7029 7030
f 6862 7030 7031
f 6862 7031 6864
f 6864 7031 7032
f 6864 7032 7033
f 6864 7033 7034
f 6864 7034 7035
f 6864 7035 6865
f 6865 7035 7036
f 6865 7036 6867
f 6866 6868 7037
f 6866 7037 6869
f 6867 7036 6868
f 6868 6869 7037
f 6868 7036 7038
f 6868 7038 6869
f 6869 7038 6870
f 6870 7039 6871
f 6870 7038 7039
f 6871 7039 7040
f 6871 7040 7041
f 6871 7041 7042
f 6871 7042 6872
f 6872 7042 6873
f 6873 7042 6874
f 6874 7042 7044
f 6874 7044 7045
f 6874 7045 7043
f 6876 7046 7047
f 6876 7047 6877
f 6877 7047 6878
f 6878 7048 6879
f 6878 7047 7048
f 6879 7048 6880
f 6880 7048 7049
f 6880 7049 6881
f 6881 7049 6882
f 6882 7049 7050
f 6882 7050 6883
f 6883 7050 7051
f 6883 7051 7052
f 6883 7052 7053
f 6883 7053 6885
f 6883 6885 6884
f 6885 7053 7054
f 6885 7054 6886
f 6886 6888 6887
f 6886 7054 7055
f 6886 7055 7056
f 6886 7056 7057
f 6886 7057 6888
f 6888 7057 6895
f 6888 6895 6889
f 6890 6892 6891
f 6890 6894 6897
f 6893 7058 7059
f 6893 7059 7229
f 6893 7229 7060
f 6893 7060 6894
f 6894 7060 7064
f 6894 7064 6898
f 6895 7057 7061
f 6895 7061 6896
f 6896 7061 7062
f 6896 7062 7063
f 6896 7063 7058
f 6898 7064 7065
f 6898 7065 6899
f 6899 7065 6900
f 6900 7065 6901
f 6901 7065 7066
f 6901 7066 7067
f 6901 7067 7068
f 6901 7068 7069
f 6901 7069 7070
f 6901 7070 6902
f 6902 7070 6903
f 6903 7070 7071
f 6903 7071 6904
f 6904 7071 6905
f 6905 7071 7072
f 6905 7072 7073
f 6905 7073 6906
f 6906 7073 7074
f 6906 7074 6916
f 6907 6924 7075
f 6907 7075 7076
f 6907 7076 7077
f 6907 7077 6908
f 6908 7077 7078
f 6908 7078 6909
f 6909 7078 7079
f 6909 7079 7080
f 6909 7080 6910
f 6910 7080 7081
f 6910 7081 6912
f 6911 6914 6913
f 6912 7082 7083
f 6912 7083 6914
f 6912 7081 7082
f 6914 7083 7084
f 6914 7084 6915
f 6915 7084 6934
f 6916 7074 7085
f 6916 7085 7086
f 6916 7086 6919
f 6919 7086 7247
f 6919 7247 7087
f 6919 7087 6920
f 6920 7087 7248
f 6920 7248 7088
f 6920 7088 7089
f 6920 7089 7090
f 6920 7090 7091
f 6920 7091 7092
f 6920 7092 6921
f 6921 7092 6922
f 6922 7092 7091
f 6922 7091 7093
f 6922 7093 7090
f 6922 7090 6923
f 6923 7090 7094
f 6923 7094 6925
f 6924 6925 7094
f 6924 7094 7095
f 6924 7095 7075
f 6926 6936 7096
f 6927 7097 7098
f 6927 7098 6929
f 6927 6928 7099
f 6927 7099 7097
f 6928 7096 7100
f 6928 7100 7099
f 6929 7098 7101
f 6929 7101 6930
f 6930 7101 6931
f 6931 7102 7103
f 6931 7103 6938
f 6931 7101 7102
f 6932 6934 7104
f 6932 7104 6933
f 6933 7105 6935
f 6933 7104 7106
f 6933 7106 7105
f 6934 7084 7107
f 6934 7107 7104
f 6935 7108 6936
f 6935 7105 7108
f 6936 7109 7096
f 6936 7108 7109
f 6937 6938 7103
f 6937 7103 7110
f 6937 7110 7111
f 6937 7111 6939
f 6939 7111 6940
f 6940 7111 7112
f 6941 7113 7114
f 6941 7114 6942
f 6941 6947 7118
f 6941 7118 7113
f 6942 7114 7115
f 6942 7115 6943
f 6943 7115 7139
f 6943 7139 7116
f 6943 7116 6945
f 6943 6945 6944
f 6945 6964 6946
f 6945 7116 6964
f 6947 6950 7117
f 6947 7117 7118
f 6948 7119 6949
f 6948 7112 7119
f 6949 7120 7121
f 6949 7121 6950
f 6949 7119 7120
f 6950 7121 7117
f 6951 7122 6954
f 6951 6953 6952
f 6951 6952 7122
f 6952 6961 7123
f 6952 7123 7124
f 6952 7124 7125
f 6952 7125 7122
f 6954 7126 6955
f 6954 7122 7126
f 6955 7126 7127
f 6955 7127 7128
f 6955 7128 7129
f 6955 7129 6956
f 6956 7129 6957
f 6957 7129 6958
f 6958 7129 7130
f 6958 7130 7131
f 6958 7131 6959
f 6959 7131 7132
f 6959 7132 6967
f 6959 6967 6960
f 6961 6966 7133
f 6961 7133 7134
f 6961 7134 7123
f 6962 6964 6963
f 6963 6964 7135
f 6963 7135 7136
f 6963 7136 7137
f 6963 7137 7138
f 6963 7138 6965
f 6964 7116 7139
f 6964 7139 7135
f 6965 7138 7140
f 6965 7140 7133
f 6965 7133 6966
f 6967 7132 7141
f 6967 7141 6970
f 6967 6969 6968
f 6970 7142 7143
f 6970 7143 6971
f 6970 7141 7142
f 6971 7143 7009
f 6971 7009 7144
f 6971 7144 6972
f 6972 7144 7009
f 6972 7009 7008
f 6974 7010 7145
f 6974 7145 6978
f 6974 6978 6975
f 6976 6977 6995
f 6978 7145 6979
f 6979 7145 7146
f 6979 7146 7147
f 6979 7147 7148
f 6979 7148 6980
f 6980 6982 6981
f 6980 7148 7149
f 6980 7149 7150
f 6980 7150 6982
f 6982 7150 7151
f 6982 7151 6998
f 6984 7152 6986
f 6984 6986 6985
f 6984 6990 7152
f 6986 7152 6996
f 6986 6996 6991
f 6989 7153 6990
f 6989 7005 7154
f 6989 7154 7153
f 6990 7153 7155
f 6990 7155 7156
f 6990 7156 7157
f 6990 7157 7158
f 6990 7158 7152
f 6992 7159 7160
f 6992 7160 7161
f 6992 7161 6993
f 6992 6996 7159
f 6996 7152 7157
f 6996 7157 7162
f 6996 7162 7163
f 6996 7163 7159
f 6998 7151 7164
f 6998 7164 7165
f 6998 7165 7166
f 6998 7166 7167
f 6998 7167 6999
f 6999 7167 7168
f 6999 7168 7000
f 7000 7168 7001
f 7001 7168 7167
f 7001 7167 7002
f 7002 7167 7169
f 7002 7169 7170
f 7002 7170 7171
f 7002 7171 7172
f 7002 7172 7173
f 7002 7173 7003
f 7003 7173 7174
f 7003 7174 7175
f 7003 7175 7004
f 7004 7175 7176
f 7004 7176 7005
f 7005 7176 7154
f 7006 7008 7011
f 7006 7011 7007
f 7010 7143 7142
f 7010 7142 7177
f 7010 7177 7178
f 7010 7178 7146
f 7010 7146 7145
f 7012 7179 7013
f 7012 7018 7179
f 7013 7179 7180
f 7013 7180 7014
f 7014 7180 7181
f 7014 7181 7182
f 7014 7182 7183
f 7014 7183 7015
f 7015 7183 7016
f 7016 7183 7184
f 7017 7184 7185
f 7017 7185 7019
f 7018 7186 7179
f 7019 7185 7020
f 7020 7185 7187
f 7020 7187 7188
f 7020 7188 7189
f 7020 7189 7021
f 7021 7189 7022
f 7022 7189 7190
f 7022 7190 7026
f 7023 7027 7191
f 7023 7191 7024
f 7024 7191 7192
f 7024 7192 7193
f 7024 7193 7025
f 7025 7193 7028
f 7026 7190 7027
f 7027 7190 7191
f 7028 7193 7346
f 7028 7346 7194
f 7028 7194 7195
f 7028 7195 7029
f 7029 7195 7196
f 7029 7196 7030
f 7030 7196 7197
f 7030 7197 7198
f 7030 7198 7199
f 7030 7199 7200
f 7030 7200 7031
f 7031 7201 7032
f 7031 7200 7202
f 7031 7202 7203
f 7031 7203 7201
f 7032 7201 7033
f 7033 7204 7205
f 7033 7205 7034
f 7033 7201 7206
f 7033 7206 7204
f 7034 7205 7035
f 7035 7205 7036
f 7036 7205 7204
f 7036 7204 7038
f 7038 7204 7207
f 7038 7207 7040
f 7038 7040 7039
f 7040 7207 7204
f 7040 7204 7208
f 7040 7208 7209
f 7040 7209 7041
f 7041 7210 7042
f 7041 7209 7210
f 7042 7210 7045
f 7042 7045 7044
f 7043 7045 7212
f 7043 7212 7213
f 7043 7213 7211
f 7045 7210 7212
f 7046 7214 7047
f 7046 7215 7214
f 7047 7214 7216
f 7047 7216 7217
f 7047 7217 7218
f 7047 7218 7219
f 7047 7219 7048
f 7048 7219 7049
f 7049 7219 7220
f 7049 7220 7221
f 7049 7221 7050
f 7050 7221 7051
f 7051 7221 7052
f 7052 7222 7055
f 7052 7055 7054
f 7052 7054 7053
f 7052 7221 7222
f 7055 7222 7223
f 7055 7223 7056
f 7056 7224 7061
f 7056 7061 7057
f 7056 7223 7225
f 7056 7225 7226
f 7056 7226 7224
f 7058 7063 7227
f 7058 7227 7228
f 7058 7228 7059
f 7059 7228 7229
f 7060 7229 7230
f 7060 7230 7064
f 7061 7224 7231
f 7061 7231 7062
f 7062 7231 7063
f 7063 7231 7227
f 7064 7230 7065
f 7065 7230 7232
f 7065 7232 7233
f 7065 7233 7066
f 7066 7233 7067
f 7067 7233 7234
f 7067 7234 7235
f 7067 7235 7068
f 7068 7235 7236
f 7068 7236 7069
f 7069 7236 7070
f 7070 7236 7235
f 7070 7235 7237
f 7070 7237 7071
f 7071 7237 7238
f 7071 7238 7085
f 7071 7085 7072
f 7072 7085 7073
f 7073 7085 7074
f 7075 7095 7094
f 7075 7094 7090
f 7075 7090 7239
f 7075 7239 7240
f 7075 7240 7076
f 7076 7240 7394
f 7076 7394 7241
f 7076 7241 7078
f 7076 7078 7077
f 7078 7241 7079
f 7079 7241 7242
f 7079 7242 7080
f 7080 7242 7081
f 7081 7242 7082
f 7082 7243 7245
f 7082 7245 7083
f 7082 7242 7244
f 7082 7244 7243
f 7083 7245 7084
f 7084 7245 7107
f 7085 7238 7246
f 7085 7246 7086
f 7086 7246 7390
f 7086 7390 7247
f 7087 7247 7248
f 7088 7248 7400
f 7088 7400 7249
f 7088 7249 7250
f 7088 7250 7089
f 7089 7250 7251
f 7089 7251 7252
f 7089 7252 7090
f 7090 7253 7254
f 7090 7254 7239
f 7090 7093 7091
f 7090 7252 7255
f 7090 7255 7256
f 7090 7256 7253
f 7096 7109 7100
f 7097 7257 7258
f 7097 7258 7098
f 7097 7099 7257
f 7098 7258 7101
f 7099 7100 7259
f 7099 7259 7260
f 7099 7260 7257
f 7100 7109 7259
f 7101 7261 7262
f 7101 7262 7102
f 7101 7258 7261
f 7102 7262 7263
f 7102 7263 7103
f 7103 7263 7110
f 7104 7264 7265
f 7104 7265 7266
f 7104 7266 7106
f 7104 7107 7264
f 7105 7266 7108
f 7105 7106 7266
f 7107 7245 7267
f 7107 7267 7264
f 7108 7268 7259
f 7108 7259 7109
f 7108 7266 7268
f 7110 7263 7269
f 7110 7269 7270
f 7110 7270 7111
f 7111 7270 7271
f 7111 7271 7112
f 7112 7271 7119
f 7113 7272 7273
f 7113 7273 7114
f 7113 7118 7276
f 7113 7276 7272
f 7114 7273 7274
f 7114 7274 7115
f 7115 7274 7136
f 7115 7136 7139
f 7117 7121 7275
f 7117 7275 7118
f 7118 7275 7276
f 7119 7277 7120
f 7119 7271 7428
f 7119 7428 7277
f 7120 7277 7278
f 7120 7278 7279
f 7120 7279 7121
f 7121 7279 7275
f 7122 7280 7126
f 7122 7125 7281
f 7122 7281 7280
f 7123 7282 7283
f 7123 7283 7124
f 7123 7134 7284
f 7123 7284 7282
f 7124 7283 7281
f 7124 7281 7125
f 7126 7280 7127
f 7127 7285 7286
f 7127 7286 7287
f 7127 7287 7129
f 7127 7129 7128
f 7127 7280 7288
f 7127 7288 7285
f 7129 7289 7130
f 7129 7287 7289
f 7130 7289 7290
f 7130 7290 7131
f 7131 7290 7291
f 7131 7291 7132
f 7132 7291 7292
f 7132 7292 7141
f 7133 7284 7134
f 7133 7140 7284
f 7135 7139 7136
f 7136 7293 7294
f 7136 7294 7137
f 7136 7274 7293
f 7137 7294 7295
f 7137 7295 7296
f 7137 7296 7297
f 7137 7297 7298
f 7137 7298 7138
f 7138 7298 7140
f 7140 7298 7284
f 7141 7292 7299
f 7141 7299 7142
f 7142 7178 7177
f 7142 7299 7291
f 7142 7291 7178
f 7146 7178 7148
f 7146 7148 7147
f 7148 7291 7290
f 7148 7290 7300
f 7148 7300 7301
f 7148 7301 7302
f 7148 7302 7149
f 7148 7178 7291
f 7149 7302 7150
f 7150 7302 7151
f 7151 7302 7164
f 7152 7158 7157
f 7153 7154 7303
f 7153 7303 7155
f 7154 7176 7304
f 7154 7304 7303
f 7155 7305 7156
f 7155 7303 7306
f 7155 7306 7305
f 7156 7305 7157
f 7157 7305 7307
f 7157 7307 7308
f 7157 7308 7162
f 7159 7308 7309
f 7159 7309 7160
f 7159 7163 7308
f 7162 7308 7163
f 7164 7302 7165
f 7165 7302 7301
f 7165 7301 7310
f 7165 7310 7311
f 7165 7311 7312
f 7165 7312 7313
f 7165 7313 7166
f 7166 7313 7314
f 7166 7314 7167
f 7167 7314 7315
f 7167 7315 7169
f 7169 7315 7316
f 7169 7316 7317
f 7169 7317 7170
f 7170 7317 7318
f 7170 7318 7171
f 7171 7319 7320
f 7171 7320 7172
f 7171 7318 7316
f 7171 7316 7321
f 7171 7321 7322
f 7171 7322 7323
f 7171 7323 7324
f 7171 7324 7325
f 7171 7325 7326
f 7171 7326 7319
f 7172 7320 7174
f 7172 7174 7173
f 7174 7320 7175
f 7175 7320 7304
f 7175 7304 7176
f 7179 7327 7180
f 7179 7186 7328
f 7179 7328 7327
f 7180 7327 7329
f 7180 7329 7181
f 7181 7330 7331
f 7181 7331 7182
f 7181 7329 7330
f 7182 7331 7332
f 7182 7332 7333
f 7182 7333 7334
f 7182 7334 7183
f 7183 7334 7184
f 7184 7334 7335
f 7184 7335 7185
f 7185 7335 7187
f 7187 7336 7337
f 7187 7337 7338
f 7187 7338 7188
f 7187 7335 7336
f 7188 7338 7339
f 7188 7339 7189
f 7189 7339 7340
f 7189 7340 7190
f 7190 7341 7342
f 7190 7342 7191
f 7190 7340 7504
f 7190 7504 7341
f 7191 7343 7344
f 7191 7344 7345
f 7191 7345 7192
f 7191 7342 7343
f 7192 7345 7193
f 7193 7345 7346
f 7194 7346 7196
f 7194 7196 7195
f 7196 7346 7197
f 7197 7346 7347
f 7197 7347 7348
f 7197 7348 7198
f 7198 7348 7349
f 7198 7349 7199
f 7199 7349 7350
f 7199 7350 7200
f 7200 7350 7351
f 7200 7351 7202
f 7201 7203 7352
f 7201 7352 7206
f 7202 7352 7203
f 7202 7351 7353
f 7202 7353 7354
f 7202 7354 7352
f 7204 7206 7355
f 7204 7355 7208
f 7206 7352 7356
f 7206 7356 7355
f 7208 7357 7209
f 7208 7355 7358
f 7208 7358 7357
f 7209 7357 7212
f 7209 7212 7210
f 7211 7213 7360
f 7211 7360 7359
f 7212 7357 7361
f 7212 7361 7362
f 7212 7362 7360
f 7212 7360 7213
f 7214 7363 7217
f 7214 7217 7216
f 7214 7215 7364
f 7214 7364 7363
f 7215 7365 7364
f 7217 7363 7366
f 7217 7366 7218
f 7218 7366 7367
f 7218 7367 7219
f 7219 7367 7366
f 7219 7366 7368
f 7219 7368 7220
f 7220 7369 7221
f 7220 7368 7369
f 7221 7369 7222
f 7222 7370 7371
f 7222 7371 7223
f 7222 7369 7372
f 7222 7372 7370
f 7223 7373 7374
f 7223 7374 7226
f 7223 7226 7225
f 7223 7371 7373
f 7224 7226 7375
f 7224 7375 7231
f 7226 7376 7377
f 7226 7377 7378
f 7226 7378 7375
f 7226 7374 7376
f 7227 7231 7379
f 7227 7379 7228
f 7228 7380 7232
f 7228 7232 7230
f 7228 7230 7229
f 7228 7379 7381
f 7228 7381 7382
f 7228 7382 7383
f 7228 7383 7380
f 7231 7375 7384
f 7231 7384 7385
f 7231 7385 7386
f 7231 7386 7379
f 7232 7380 7383
f 7232 7383 7233
f 7233 7383 7234
f 7234 7383 7387
f 7234 7387 7388
f 7234 7388 7235
f 7235 7388 7389
f 7235 7389 7390
f 7235 7390 7237
f 7237 7390 7246
f 7237 7246 7238
f 7239 7391 7240
f 7239 7254 7391
f 7240 7392 7393
f 7240 7393 7394
f 7240 7391 7392
f 7241 7394 7242
f 7242 7395 7244
f 7242 7394 7396
f 7242 7396 7395
f 7243 7397 7267
f 7243 7267 7245
f 7243 7244 7393
f 7243 7393 7397
f 7244 7395 7393
f 7247 7390 7398
f 7247 7398 7248
f 7248 7398 7399
f 7248 7399 7400
f 7249 7401 7250
f 7249 7400 7401
f 7250 7401 7402
f 7250 7402 7403
f 7250 7403 7404
f 7250 7404 7405
f 7250 7405 7251
f 7251 7406 7407
f 7251 7407 7408
f 7251 7408 7409
f 7251 7409 7391
f 7251 7391 7254
f 7251 7254 7253
f 7251 7253 7256
f 7251 7256 7255
f 7251 7255 7252
f 7251 7405 7406
f 7257 7410 7258
f 7257 7260 7410
f 7258 7411 7415
f 7258 7415 7261
f 7258 7410 7411
f 7259 7268 7412
f 7259 7412 7413
f 7259 7413 7260
f 7260 7413 7414
f 7260 7414 7410
f 7261 7415 7262
f 7262 7415 7416
f 7262 7416 7417
f 7262 7417 7263
f 7263 7417 7269
f 7264 7418 7265
f 7264 7267 7418
f 7265 7418 7419
f 7265 7419 7266
f 7266 7420 7421
f 7266 7421 7424
f 7266 7424 7268
f 7266 7419 7420
f 7267 7422 7418
f 7267 7397 7563
f 7267 7563 7423
f 7267 7423 7422
f 7268 7424 7425
f 7268 7425 7413
f 7268 7413 7412
f 7269 7417 7426
f 7269 7426 7427
f 7269 7427 7270
f 7270 7427 7271
f 7271 7427 7428
f 7272 7429 7273
f 7272 7276 7432
f 7272 7432 7429
f 7273 7429 7430
f 7273 7430 7431
f 7273 7431 7274
f 7274 7431 7293
f 7275 7279 7432
f 7275 7432 7276
f 7277 7433 7278
f 7277 7428 7433
f 7278 7433 7434
f 7278 7434 7435
f 7278 7435 7279
f 7279 7435 7436
f 7279 7436 7432
f 7280 7281 7288
f 7281 7283 7288
f 7282 7437 7438
f 7282 7438 7288
f 7282 7288 7283
f 7282 7284 7439
f 7282 7439 7440
f 7282 7440 7437
f 7284 7298 7439
f 7285 7441 7286
f 7285 7288 7442
f 7285 7442 7441
f 7286 7441 7443
f 7286 7443 7444
f 7286 7444 7445
f 7286 7445 7446
f 7286 7446 7447
f 7286 7447 7311
f 7286 7311 7287
f 7287 7311 7289
f 7288 7438 7442
f 7289 7311 7290
f 7290 7311 7300
f 7291 7299 7292
f 7293 7448 7295
f 7293 7295 7294
f 7293 7431 7448
f 7295 7448 7296
f 7296 7449 7439
f 7296 7439 7450
f 7296 7450 7297
f 7296 7448 7451
f 7296 7451 7449
f 7297 7450 7439
f 7297 7439 7298
f 7300 7310 7301
f 7300 7311 7310
f 7303 7304 7452
f 7303 7452 7453
f 7303 7453 7306
f 7304 7320 7454
f 7304 7454 7455
f 7304 7455 7319
f 7304 7319 7456
f 7304 7456 7457
f 7304 7457 7458
f 7304 7458 7452
f 7305 7306 7459
f 7305 7459 7307
f 7306 7453 7458
f 7306 7458 7457
f 7306 7457 7460
f 7306 7460 7461
f 7306 7461 7462
f 7306 7462 7463
f 7306 7463 7464
f 7306 7464 7465
f 7306 7465 7459
f 7307 7459 7464
f 7307 7464 7466
f 7307 7466 7467
f 7307 7467 7468
f 7307 7468 7469
f 7307 7469 7470
f 7307 7470 7471
f 7307 7471 7472
f 7307 7472 7308
f 7311 7447 7473
f 7311 7473 7312
f 7312 7474 7313
f 7312 7473 7474
f 7313 7474 7475
f 7313 7475 7476
f 7313 7476 7314
f 7314 7476 7316
f 7314 7316 7315
f 7316 7476 7477
f 7316 7477 7475
f 7316 7475 7321
f 7316 7318 7317
f 7319 7326 7478
f 7319 7478 7457
f 7319 7457 7479
f 7319 7479 7456
f 7319 7455 7454
f 7319 7454 7320
f 7321 7475 7480
f 7321 7480 7322
f 7322 7480 7481
f 7322 7481 7482
f 7322 7482 7483
f 7322 7483 7484
f 7322 7484 7485
f 7322 7485 7323
f 7323 7485 7486
f 7323 7486 7487
f 7323 7487 7324
f 7324 7488 7326
f 7324 7326 7325
f 7324 7487 7489
f 7324 7489 7488
f 7326 7488 7490
f 7326 7490 7478
f 7327 7491 7493
f 7327 7493 7329
f 7327 7328 7492
f 7327 7492 7491
f 7329 7493 7330
f 7330 7493 7494
f 7330 7494 7495
f 7330 7495 7331
f 7331 7495 7332
f 7332 7496 7643
f 7332 7643 7497
f 7332 7497 7498
f 7332 7498 7333
f 7332 7495 7499
f 7332 7499 7496
f 7333 7498 7500
f 7333 7500 7334
f 7334 7500 7335
f 7335 7500 7336
f 7336 7501 7337
f 7336 7500 7501
f 7337 7501 7502
f 7337 7502 7503
f 7337 7503 7504
f 7337 7504 7505
f 7337 7505 7338
f 7338 7505 7339
f 7339 7505 7340
f 7340 7505 7504
f 7341 7506 7342
f 7341 7504 7506
f 7342 7506 7343
f 7343 7507 7508
f 7343 7508 7344
f 7343 7506 7507
f 7344 7508 7509
f 7344 7509 7345
f 7345 7509 7510
f 7345 7510 7347
f 7345 7347 7346
f 7347 7510 7348
f 7348 7510 7511
f 7348 7511 7512
f 7348 7512 7513
f 7348 7513 7349
f 7349 7513 7512
f 7349 7512 7350
f 7350 7512 7514
f 7350 7514 7351
f 7351 7514 7353
f 7352 7354 7515
f 7352 7515 7356
f 7353 7514 7516
f 7353 7516 7517
f 7353 7517 7518
f 7353 7518 7519
f 7353 7519 7520
f 7353 7520 7354
f 7354 7520 7515
f 7355 7356 7521
f 7355 7521 7522
f 7355 7522 7523
f 7355 7523 7358
f 7356 7515 7521
f 7357 7358 7523
f 7357 7523 7524
f 7357 7524 7361
f 7359 7360 7525
f 7360 7362 7524
f 7360 7524 7526
f 7360 7526 7527
f 7360 7527 7528
f 7360 7528 7525
f 7361 7524 7362
f 7363 7529 7530
f 7363 7530 7366
f 7363 7364 7531
f 7363 7531 7532
f 7363 7532 7533
f 7363 7533 7529
f 7364 7365 7534
f 7364 7534 7535
f 7364 7535 7531
f 7366 7536 7537
f 7366 7537 7368
f 7366 7530 7536
f 7368 7537 7538
f 7368 7538 7539
f 7368 7539 7540
f 7368 7540 7541
f 7368 7541 7369
f 7369 7541 7372
f 7370 7372 7542
f 7370 7542 7540
f 7370 7540 7371
f 7371 7540 7543
f 7371 7543 7544
f 7371 7544 7545
f 7371 7545 7546
f 7371 7546 7373
f 7372 7541 7540
f 7372 7540 7542
f 7373 7546 7374
f 7374 7546 7547
f 7374 7547 7548
f 7374 7548 7376
f 7375 7378 7384
f 7376 7548 7549
f 7376 7549 7550
f 7376 7550 7551
f 7376 7551 7377
f 7377 7551 7552
f 7377 7552 7386
f 7377 7386 7385
f 7377 7385 7384
f 7377 7384 7378
f 7379 7386 7553
f 7379 7553 7382
f 7379 7382 7381
f 7382 7553 7383
f 7383 7553 7387
f 7386 7552 7553
f 7387 7553 7552
f 7387 7552 7554
f 7387 7554 7555
f 7387 7555 7556
f 7387 7556 7388
f 7388 7556 7389
f 7389 7556 7398
f 7389 7398 7390
f 7391 7409 7407
f 7391 7407 7557
f 7391 7557 7558
f 7391 7558 7559
f 7391 7559 7560
f 7391 7560 7392
f 7392 7560 7393
f 7393 7561 7562
f 7393 7562 7397
f 7393 7395 7396
f 7393 7396 7394
f 7393 7560 7561
f 7397 7562 7563
f 7398 7556 7708
f 7398 7708 7564
f 7398 7564 7399
f 7399 7564 7715
f 7399 7715 7565
f 7399 7565 7566
f 7399 7566 7400
f 7400 7566 7401
f 7401 7566 7567
f 7401 7567 7568
f 7401 7568 7403
f 7401 7403 7402
f 7403 7568 7569
f 7403 7569 7407
f 7403 7407 7404
f 7404 7407 7570
f 7404 7570 7405
f 7405 7570 7406
f 7406 7570 7407
f 7407 7569 7571
f 7407 7571 7572
f 7407 7572 7557
f 7407 7409 7408
f 7410 7414 7573
f 7410 7573 7574
f 7410 7574 7575
f 7410 7575 7411
f 7411 7575 7415
f 7413 7576 7414
f 7413 7425 7576
f 7414 7576 7577
f 7414 7577 7573
f 7415 7578 7579
f 7415 7579 7416
f 7415 7575 7578
f 7416 7579 7580
f 7416 7580 7417
f 7417 7580 7426
f 7418 7422 7583
f 7418 7583 7581
f 7418 7581 7419
f 7419 7581 7420
f 7420 7581 7421
f 7421 7582 7424
f 7421 7581 7582
f 7422 7423 7584
f 7422 7584 7583
f 7423 7563 7714
f 7423 7714 7584
f 7424 7582 7585
f 7424 7585 7586
f 7424 7586 7425
f 7425 7586 7576
f 7426 7587 7427
f 7426 7580 7587
f 7427 7588 7428
f 7427 7587 7588
f 7428 7588 7589
f 7428 7589 7433
f 7429 7590 7430
f 7429 7432 7590
f 7430 7591 7431
f 7430 7590 7591
f 7431 7591 7448
f 7432 7436 7590
f 7433 7592 7434
f 7433 7589 7593
f 7433 7593 7592
f 7434 7594 7435
f 7434 7592 7594
f 7435 7594 7595
f 7435 7595 7596
f 7435 7596 7436
f 7436 7596 7595
f 7436 7595 7737
f 7436 7737 7590
f 7437 7597 7598
f 7437 7598 7441
f 7437 7441 7438
f 7437 7440 7599
f 7437 7599 7600
f 7437 7600 7597
f 7438 7441 7442
f 7439 7601 7602
f 7439 7602 7603
f 7439 7603 7599
f 7439 7599 7440
f 7439 7449 7604
f 7439 7604 7601
f 7441 7444 7443
f 7441 7598 7597
f 7441 7597 7605
f 7441 7605 7444
f 7444 7605 7606
f 7444 7606 7445
f 7445 7607 7481
f 7445 7481 7608
f 7445 7608 7609
f 7445 7609 7446
f 7445 7606 7607
f 7446 7609 7473
f 7446 7473 7447
f 7448 7591 7451
f 7449 7451 7610
f 7449 7610 7739
f 7449 7739 7611
f 7449 7611 7604
f 7451 7591 7610
f 7452 7458 7453
f 7456 7479 7457
f 7457 7612 7460
f 7457 7478 7613
f 7457 7613 7614
f 7457 7614 7612
f 7459 7465 7464
f 7460 7462 7461
f 7460 7612 7615
f 7460 7615 7616
f 7460 7616 7462
f 7462 7617 7464
f 7462 7464 7463
f 7462 7616 7618
f 7462 7618 7619
f 7462 7619 7617
f 7464 7617 7620
f 7464 7620 7466
f 7466 7621 7622
f 7466 7622 7467
f 7466 7620 7621
f 7473 7623 7474
f 7473 7609 7608
f 7473 7608 7623
f 7474 7623 7608
f 7474 7608 7475
f 7475 7477 7476
f 7475 7608 7481
f 7475 7481 7624
f 7475 7624 7480
f 7478 7490 7613
f 7480 7624 7481
f 7481 7607 7625
f 7481 7625 7626
f 7481 7626 7627
f 7481 7627 7482
f 7482 7627 7626
f 7482 7626 7484
f 7482 7484 7483
f 7484 7628 7629
f 7484 7629 7630
f 7484 7630 7631
f 7484 7631 7632
f 7484 7632 7485
f 7484 7626 7628
f 7485 7487 7486
f 7485 7632 7487
f 7487 7632 7633
f 7487 7633 7489
f 7488 7489 7613
f 7488 7613 7490
f 7489 7633 7634
f 7489 7634 7635
f 7489 7635 7613
f 7491 7636 7637
f 7491 7637 7493
f 7491 7492 7638
f 7491 7638 7639
f 7491 7639 7636
f 7493 7637 7494
f 7494 7640 7641
f 7494 7641 7499
f 7494 7499 7495
f 7494 7637 7640
f 7496 7642 7798
f 7496 7798 7643
f 7496 7499 7642
f 7497 7643 7644
f 7497 7644 7645
f 7497 7645 7498
f 7498 7645 7501
f 7498 7501 7500
f 7499 7641 7642
f 7501 7645 7502
f 7502 7645 7646
f 7502 7646 7647
f 7502 7647 7503
f 7503 7647 7648
f 7503 7648 7504
f 7504 7648 7803
f 7504 7803 7649
f 7504 7649 7506
f 7506 7649 7650
f 7506 7650 7507
f 7507 7650 7651
f 7507 7651 7652
f 7507 7652 7508
f 7508 7652 7653
f 7508 7653 7509
f 7509 7653 7654
f 7509 7654 7655
f 7509 7655 7510
f 7510 7655 7656
f 7510 7656 7657
f 7510 7657 7658
f 7510 7658 7659
f 7510 7659 7660
f 7510 7660 7511
f 7511 7660 7661
f 7511 7661 7512
f 7512 7661 7662
f 7512 7662 7663
f 7512 7663 7514
f 7514 7663 7516
f 7515 7664 7665
f 7515 7665 7521
f 7515 7520 7666
f 7515 7666 7664
f 7516 7663 7517
f 7517 7667 7668
f 7517 7668 7669
f 7517 7669 7670
f 7517 7670 7518
f 7517 7663 7667
f 7518 7670 7671
f 7518 7671 7519
f 7519 7672 7520
f 7519 7671 7672
f 7520 7672 7666
f 7521 7665 7522
f 7522 7665 7673
f 7522 7673 7523
f 7523 7673 7524
f 7524 7673 7674
f 7524 7674 7675
f 7524 7675 7676
f 7524 7676 7677
f 7524 7677 7526
f 7525 7528 7678
f 7525 7678 7679
f 7526 7680 7527
f 7526 7677 7681
f 7526 7681 7680
f 7527 7682 7679
f 7527 7679 7678
f 7527 7678 7528
f 7527 7680 7683
f 7527 7683 7682
f 7529 7533 7684
f 7529 7684 7685
f 7529 7685 7686
f 7529 7686 7687
f 7529 7687 7538
f 7529 7538 7536
f 7529 7536 7530
f 7531 7535 7688
f 7531 7688 7532
f 7532 7685 7533
f 7532 7688 7689
f 7532 7689 7690
f 7532 7690 7691
f 7532 7691 7685
f 7533 7685 7684
f 7535 7692 7688
f 7536 7538 7537
f 7538 7687 7539
f 7539 7687 7693
f 7539 7693 7694
f 7539 7694 7695
f 7539 7695 7540
f 7540 7695 7696
f 7540 7696 7543
f 7543 7697 7544
f 7543 7696 7697
f 7544 7698 7545
f 7544 7697 7696
f 7544 7696 7699
f 7544 7699 7698
f 7545 7698 7700
f 7545 7700 7546
f 7546 7700 7547
f 7547 7700 7701
f 7547 7701 7702
f 7547 7702 7703
f 7547 7703 7549
f 7547 7549 7548
f 7549 7704 7550
f 7549 7703 7704
f 7550 7704 7705
f 7550 7705 7551
f 7551 7705 7706
f 7551 7706 7552
f 7552 7706 7554
f 7554 7707 7555
f 7554 7706 7707
f 7555 7707 7556
f 7556 7707 7708
f 7557 7572 7709
f 7557 7709 7558
f 7558 7709 7710
f 7558 7710 7559
f 7559 7710 7711
f 7559 7711 7560
f 7560 7711 7712
f 7560 7712 7713
f 7560 7713 7561
f 7561 7713 7563
f 7561 7563 7562
f 7563 7713 7712
f 7563 7712 7714
f 7564 7708 7715
f 7565 7715 7716
f 7565 7716 7566
f 7566 7716 7567
f 7567 7716 7717
f 7567 7717 7718
f 7567 7718 7568
f 7568 7718 7719
f 7568 7719 7720
f 7568 7720 7569
f 7569 7720 7721
f 7569 7721 7571
f 7571 7721 7722
f 7571 7722 7572
f 7572 7722 7723
f 7572 7723 7709
f 7573 7724 7725
f 7573 7725 7574
f 7573 7577 7726
f 7573 7726 7724
f 7574 7725 7727
f 7574 7727 7575
f 7575 7727 7578
f 7576 7586 7577
f 7577 7586 7726
f 7578 7727 7728
f 7578 7728 7579
f 7579 7728 7729
f 7579 7729 7730
f 7579 7730 7580
f 7580 7730 7587
f 7581 7731 7732
f 7581 7732 7582
f 7581 7583 7733
f 7581 7733 7731
f 7582 7734 7726
f 7582 7726 7585
f 7582 7732 7731
f 7582 7731 7734
f 7583 7584 7735
f 7583 7735 7733
f 7584 7714 7735
f 7585 7726 7586
f 7587 7730 7736
f 7587 7736 7593
f 7587 7593 7588
f 7588 7593 7589
f 7590 7737 7738
f 7590 7738 7591
f 7591 7738 7739
f 7591 7739 7610
f 7592 7593 7740
f 7592 7740 7741
f 7592 7741 7742
f 7592 7742 7743
f 7592 7743 7594
f 7593 7736 7744
f 7593 7744 7745
f 7593 7745 7740
f 7594 7743 7746
f 7594 7746 7747
f 7594 7747 7748
f 7594 7748 7749
f 7594 7749 7750
f 7594 7750 7595
f 7595 7750 7751
f 7595 7751 7737
f 7597 7752 7606
f 7597 7606 7605
f 7597 7600 7752
f 7599 7603 7600
f 7600 7603 7753
f 7600 7753 7754
f 7600 7754 7752
f 7601 7755 7753
f 7601 7753 7602
f 7601 7604 7756
f 7601 7756 7757
f 7601 7757 7755
f 7602 7753 7603
f 7604 7611 7758
f 7604 7758 7759
f 7604 7759 7760
f 7604 7760 7761
f 7604 7761 7756
f 7606 7752 7754
f 7606 7754 7762
f 7606 7762 7625
f 7606 7625 7607
f 7611 7739 7758
f 7612 7763 7615
f 7612 7614 7763
f 7613 7635 7764
f 7613 7764 7614
f 7614 7764 7765
f 7614 7765 7633
f 7614 7633 7766
f 7614 7766 7767
f 7614 7767 7768
f 7614 7768 7769
f 7614 7769 7770
f 7614 7770 7771
f 7614 7771 7772
f 7614 7772 7763
f 7615 7618 7616
f 7615 7763 7618
f 7617 7619 7773
f 7617 7773 7774
f 7617 7774 7775
f 7617 7775 7776
f 7617 7776 7777
f 7617 7777 7621
f 7617 7621 7620
f 7618 7763 7773
f 7618 7773 7619
f 7625 7762 7778
f 7625 7778 7629
f 7625 7629 7626
f 7626 7629 7628
f 7629 7778 7630
f 7630 7778 7631
f 7631 7779 7780
f 7631 7780 7633
f 7631 7633 7781
f 7631 7781 7632
f 7631 7778 7782
f 7631 7782 7783
f 7631 7783 7784
f 7631 7784 7785
f 7631 7785 7786
f 7631 7786 7787
f 7631 7787 7788
f 7631 7788 7779
f 7632 7781 7633
f 7633 7765 7634
f 7633 7780 7766
f 7634 7765 7635
f 7635 7765 7764
f 7636 7789 7790
f 7636 7790 7791
f 7636 7791 7637
f 7636 7639 7789
f 7637 7791 7792
f 7637 7792 7640
f 7639 7793 7794
f 7639 7794 7792
f 7639 7792 7790
f 7639 7790 7789
f 7640 7795 7641
f 7640 7792 7795
f 7641 7795 7796
f 7641 7796 7642
f 7642 7796 7797
f 7642 7797 7798
f 7643 7798 7644
f 7644 7799 7800
f 7644 7800 7646
f 7644 7646 7645
f 7644 7798 7799
f 7646 7800 7801
f 7646 7801 7802
f 7646 7802 7647
f 7647 7802 7648
f 7648 7802 7803
f 7649 7803 7804
f 7649 7804 7650
f 7650 7804 7651
f 7651 7805 7806
f 7651 7806 7652
f 7651 7804 7805
f 7652 7806 7807
f 7652 7807 7808
f 7652 7808 7653
f 7653 7808 7654
f 7654 7809 7810
f 7654 7810 7655
f 7654 7808 7809
f 7655 7810 7656
f 7656 7811 7812
f 7656 7812 7813
f 7656 7813 7657
f 7656 7810 7811
f 7657 7813 7814
f 7657 7814 7658
f 7658 7815 7816
f 7658 7816 7817
f 7658 7817 7818
f 7658 7818 7819
f 7658 7819 7820
f 7658 7820 7821
f 7658 7821 7659
f 7658 7814 7813
f 7658 7813 7812
f 7658 7812 7822
f 7658 7822 7815
f 7659 7821 7660
f 7660 7821 7661
f 7661 7821 7823
f 7661 7823 7662
f 7662 7823 7824
f 7662 7824 7667
f 7662 7667 7663
f 7664 7825 7665
f 7664 7666 7826
f 7664 7826 7827
f 7664 7827 7825
f 7665 7825 7828
f 7665 7828 7673
f 7666 7672 7826
f 7667 7824 7829
f 7667 7829 7668
f 7668 7829 7830
f 7668 7830 7831
f 7668 7831 7669
f 7669 7831 7670
f 7670 7831 7832
f 7670 7832 7671
f 7671 7833 7672
f 7671 7832 7834
f 7671 7834 7833
f 7672 7833 7835
f 7672 7835 7826
f 7673 7828 7825
f 7673 7825 7836
f 7673 7836 7674
f 7674 7836 7675
f 7675 7836 7837
f 7675 7837 7838
f 7675 7838 7676
f 7676 7838 7681
f 7676 7681 7677
f 7679 7682 7839
f 7680 7681 7683
f 7681 7838 7683
f 7682 7683 7838
f 7682 7838 7840
f 7682 7840 7839
f 7685 7691 7841
f 7685 7841 7690
f 7685 7690 7842
f 7685 7842 7843
f 7685 7843 7844
f 7685 7844 7845
f 7685 7845 7846
f 7685 7846 7686
f 7686 7847 7687
f 7686 7846 7848
f 7686 7848 7849
f 7686 7849 7847
f 7687 7850 7851
f 7687 7851 7693
f 7687 7847 7852
f 7687 7852 7850
f 7688 7692 7689
f 7690 7841 7691
f 7693 7851 7694
f 7694 7853 7696
f 7694 7696 7695
f 7694 7851 7835
f 7694 7835 7853
f 7696 7853 7699
f 7698 7699 7834
f 7698 7834 7832
f 7698 7832 7700
f 7699 7853 7834
f 7700 7832 7831
f 7700 7831 7830
f 7700 7830 7701
f 7701 7830 7854
f 7701 7854 7702
f 7702 7855 7703
f 7702 7854 7972
f 7702 7972 7855
f 7703 7855 7856
f 7703 7856 7704
f 7704 7856 7855
f 7704 7855 7857
f 7704 7857 7705
f 7705 7858 7859
f 7705 7859 7706
f 7705 7857 7858
f 7706 7859 7707
f 7707 7859 7860
f 7707 7860 7861
f 7707 7861 7715
f 7707 7715 7708
f 7709 7723 7710
f 7710 7723 7862
f 7710 7862 7863
f 7710 7863 7711
f 7711 7863 7864
f 7711 7864 7865
f 7711 7865 7866
f 7711 7866 7712
f 7712 7866 7714
f 7714 7866 7867
f 7714 7867 7868
f 7714 7868 7735
f 7715 7861 7869
f 7715 7869 7870
f 7715 7870 7871
f 7715 7871 7872
f 7715 7872 7716
f 7716 7872 7717
f 7717 7873 7874
f 7717 7874 7718
f 7717 7872 7873
f 7718 7874 7875
f 7718 7875 7876
f 7718 7876 7877
f 7718 7877 7719
f 7719 7877 7878
f 7719 7878 7720
f 7720 7878 7879
f 7720 7879 7721
f 7721 7879 7880
f 7721 7880 7722
f 7722 7880 7723
f 7723 7880 7881
f 7723 7881 7862
f 7724 7726 7882
f 7724 7882 7883
f 7724 7883 7884
f 7724 7884 7725
f 7725 7884 7885
f 7725 7885 7727
f 7726 7886 7882
f 7726 7734 7887
f 7726 7887 7886
f 7727 7885 7728
f 7728 7888 7889
f 7728 7889 7729
f 7728 7885 7888
f 7729 7889 7890
f 7729 7890 7730
f 7730 7890 7736
f 7731 7733 7735
f 7731 7735 7734
f 7734 7735 7891
f 7734 7891 7892
f 7734 7892 7893
f 7734 7893 7894
f 7734 7894 7895
f 7734 7895 7887
f 7735 7868 7896
f 7735 7896 7897
f 7735 7897 7898
f 7735 7898 7899
f 7735 7899 7900
f 7735 7900 7891
f 7736 7890 7744
f 7737 7751 7739
f 7737 7739 7738
f 7739 7751 7901
f 7739 7901 7758
f 7740 7745 7741
f 7741 7902 7903
f 7741 7903 7742
f 7741 7745 7904
f 7741 7904 7902
f 7742 7903 7746
f 7742 7746 7743
f 7744 7905 7904
f 7744 7904 7745
f 7744 7890 7905
f 7746 7906 7907
f 7746 7907 7747
f 7746 7903 7906
f 7747 7907 7748
f 7748 7907 7908
f 7748 7908 7909
f 7748 7909 7910
f 7748 7910 7749
f 7749 7910 7911
f 7749 7911 7750
f 7750 7911 7912
f 7750 7912 7751
f 7751 7912 7901
f 7753 7755 7754
f 7754 7778 7762
f 7754 7755 7778
f 7755 7757 7761
f 7755 7761 7913
f 7755 7913 7914
f 7755 7914 7915
f 7755 7915 7784
f 7755 7784 7916
f 7755 7916 7778
f 7756 7761 7757
f 7758 7901 7759
f 7759 7901 7909
f 7759 7909 7760
f 7760 7909 7761
f 7761 7909 7913
f 7763 7772 7917
f 7763 7917 7918
f 7763 7918 7919
f 7763 7919 7773
f 7766 7780 7779
f 7766 7779 7767
f 7767 7779 7768
f 7768 7920 7921
f 7768 7921 7922
f 7768 7922 7769
f 7768 7779 7920
f 7769 7922 7923
f 7769 7923 7770
f 7770 7924 7772
f 7770 7772 7771
f 7770 7923 7925
f 7770 7925 7924
f 7772 7918 7917
f 7772 7924 7926
f 7772 7926 7927
f 7772 7927 7918
f 7773 7928 7774
f 7773 7919 7918
f 7773 7918 7929
f 7773 7929 7928
f 7774 7928 7775
f 7775 7928 7930
f 7775 7930 7776
f 7776 7930 7928
f 7776 7928 7931
f 7778 7916 7782
f 7779 7788 7787
f 7779 7787 7932
f 7779 7932 7920
f 7782 7916 7783
f 7783 7916 7784
f 7784 7786 7785
f 7784 7915 7913
f 7784 7913 7933
f 7784 7933 7934
f 7784 7934 7786
f 7786 7934 7935
f 7786 7935 7936
f 7786 7936 7787
f 7787 7936 7937
f 7787 7937 7920
f 7787 7920 7932
f 7790 7792 7791
f 7792 7794 7938
f 7792 7938 7939
f 7792 7939 7795
f 7793 7940 7794
f 7794 7941 7938
f 7794 7940 7942
f 7794 7942 7943
f 7794 7943 7941
f 7795 7939 7944
f 7795 7944 7945
f 7795 7945 7946
f 7795 7946 7947
f 7795 7947 7796
f 7796 7947 7797
f 7797 7947 7948
f 7797 7948 7949
f 7797 7949 7950
f 7797 7950 7951
f 7797 7951 7798
f 7798 7951 7952
f 7798 7952 7799
f 7799 7952 7953
f 7799 7953 7954
f 7799 7954 7800
f 7800 7954 7801
f 7801 7954 7955
f 7801 7955 7802
f 7802 7955 7956
f 7802 7956 7957
f 7802 7957 7804
f 7802 7804 7803
f 7804 7957 7805
f 7805 7958 7806
f 7805 7957 7958
f 7806 7958 7959
f 7806 7959 7960
f 7806 7960 7961
f 7806 7961 7807
f 7807 7961 8083
f 7807 8083 7962
f 7807 7962 7809
f 7807 7809 7808
f 7809 7963 7810
f 7809 7962 7963
f 7810 7963 7964
f 7810 7964 7811
f 7811 7964 7812
f 7812 7964 7965
f 7812 7965 7822
f 7815 7966 7967
f 7815 7967 7817
f 7815 7817 7816
f 7815 7822 7966
f 7817 7967 8089
f 7817 8089 7968
f 7817 7968 7969
f 7817 7969 7970
f 7817 7970 7818
f 7818 7970 7971
f 7818 7971 7972
f 7818 7972 7819
f 7819 7973 7823
f 7819 7823 7820
f 7819 7972 7973
f 7820 7823 7821
f 7822 7965 7974
f 7822 7974 7975
f 7822 7975 7976
f 7822 7976 7966
f 7823 7973 7824
f 7824 7973 7829
f 7825 7827 7977
f 7825 7977 7836
f 7826 7835 7827
f 7827 7835 7851
f 7827 7851 7977
f 7829 7973 7854
f 7829 7854 7830
f 7833 7834 7853
f 7833 7853 7978
f 7833 7978 7835
f 7835 7978 7853
f 7836 7977 7979
f 7836 7979 7980
f 7836 7980 7838
f 7836 7838 7837
f 7838 7980 7981
f 7838 7981 7982
f 7838 7982 7849
f 7838 7849 7840
f 7839 7840 7984
f 7839 7984 7985
f 7839 7985 7983
f 7840 7849 7848
f 7840 7848 7846
f 7840 7846 7985
f 7840 7985 7984
f 7842 7986 7843
f 7843 7986 7987
f 7843 7987 7844
f 7844 7987 7985
f 7844 7985 7846
f 7844 7846 7845
f 7847 7849 7982
f 7847 7982 7981
f 7847 7981 7852
f 7850 7988 7851
f 7850 7852 7979
f 7850 7979 7988
f 7851 7988 7977
f 7852 7981 7980
f 7852 7980 7979
f 7854 7973 7972
f 7855 7972 7857
f 7857 7972 7971
f 7857 7971 7989
f 7857 7989 7858
f 7858 7869 7859
f 7858 7989 7990
f 7858 7990 7869
f 7859 7869 7860
f 7860 7869 7861
f 7862 7881 7991
f 7862 7991 7863
f 7863 7991 7864
f 7864 7991 7992
f 7864 7992 7993
f 7864 7993 7867
f 7864 7867 7865
f 7865 7867 7866
f 7867 7994 7995
f 7867 7995 7996
f 7867 7996 7868
f 7867 7993 7992
f 7867 7992 7994
f 7868 7996 7997
f 7868 7997 7896
f 7869 7990 7998
f 7869 7998 7999
f 7869 7999 7870
f 7870 7999 8000
f 7870 8000 7871
f 7871 8000 7872
f 7872 8000 7873
f 7873 7969 7968
f 7873 7968 8001
f 7873 8001 7874
f 7873 8000 7969
f 7874 8001 7875
f 7875 8001 8002
f 7875 8002 8003
f 7875 8003 8004
f 7875 8004 8005
f 7875 8005 7876
f 7876 8005 7877
f 7877 8005 7878
f 7878 8005 8006
f 7878 8006 7879
f 7879 8006 8007
f 7879 8007 7880
f 7880 8007 8008
f 7880 8008 8009
f 7880 8009 7881
f 7881 8009 8010
f 7881 8010 7991
f 7882 8011 7883
f 7882 7886 8011
f 7883 8012 8013
f 7883 8013 7884
f 7883 8011 8012
f 7884 8013 8014
f 7884 8014 7885
f 7885 8014 7888
f 7886 7887 7895
f 7886 7895 8015
f 7886 8015 8011
f 7888 8014 8016
f 7888 8016 8017
f 7888 8017 7889
f 7889 8017 8018
f 7889 8018 7890
f 7890 8018 7905
f 7891 7900 7892
f 7892 7900 7899
f 7892 7899 8019
f 7892 8019 7894
f 7892 7894 7893
f 7894 8015 7895
f 7894 8019 8020
f 7894 8020 8021
f 7894 8021 8012
f 7894 8012 8015
f 7896 7997 7897
f 7897 7997 7898
f 7898 7997 8022
f 7898 8022 7899
f 7899 8023 8024
f 7899 8024 8019
f 7899 8022 7997
f 7899 7997 8023
f 7901 7912 7909
f 7902 7904 7905
f 7902 7905 8025
f 7902 8025 8026
f 7902 8026 8027
f 7902 8027 8028
f 7902 8028 7906
f 7902 7906 7903
f 7905 8018 8017
f 7905 8017 8029
f 7905 8029 8030
f 7905 8030 8031
f 7905 8031 8032
f 7905 8032 8033
f 7905 8033 8026
f 7905 8026 8025
f 7906 8028 8034
f 7906 8034 8035
f 7906 8035 8036
f 7906 8036 8037
f 7906 8037 7907
f 7907 8037 8038
f 7907 8038 8039
f 7907 8039 7908
f 7908 8039 7909
f 7909 7912 7911
f 7909 7911 7910
f 7909 8039 7913
f 7913 8039 8040
f 7913 8040 8041
f 7913 8041 8042
f 7913 8042 7933
f 7913 7915 7914
f 7918 7927 7926
f 7918 7926 8043
f 7918 8043 8044
f 7918 8044 8045
f 7918 8045 7929
f 7920 7937 8046
f 7920 8046 7921
f 7921 8046 7922
f 7922 8046 8047
f 7922 8047 8048
f 7922 8048 8049
f 7922 8049 8050
f 7922 8050 8051
f 7922 8051 8052
f 7922 8052 7925
f 7922 7925 7923
f 7924 7925 7926
f 7925 8052 8053
f 7925 8053 7926
f 7926 8053 8044
f 7926 8044 8043
f 7928 7929 8054
f 7928 8054 8055
f 7928 8055 8056
f 7928 8056 8057
f 7928 8057 7931
f 7929 8045 8054
f 7931 8057 8058
f 7933 8042 7934
f 7934 8042 8059
f 7934 8059 7935
f 7935 8059 8060
f 7935 8060 8061
f 7935 8061 7936
f 7936 8047 8046
f 7936 8046 7937
f 7936 8061 8047
f 7938 7941 8062
f 7938 8062 8063
f 7938 8063 7939
f 7939 8063 7944
f 7941 8064 8062
f 7941 7943 8064
f 7943 8065 8064
f 7944 8066 8067
f 7944 8067 7945
f 7944 8063 8066
f 7945 8067 8068
f 7945 8068 7946
f 7946 8068 8069
f 7946 8069 7947
f 7947 8069 8070
f 7947 8070 7948
f 7948 8070 7949
f 7949 8070 8071
f 7949 8071 8072
f 7949 8072 7950
f 7950 7952 7951
f 7950 8072 7953
f 7950 7953 7952
f 7953 8072 8073
f 7953 8073 8074
f 7953 8074 7954
f 7954 8074 7955
f 7955 8074 7956
f 7956 8075 8076
f 7956 8076 8077
f 7956 8077 7957
f 7956 8074 8075
f 7957 8077 8078
f 7957 8078 7958
f 7958 8078 7959
f 7959 8078 8079
f 7959 8079 7960
f 7960 8080 8081
f 7960 8081 8082
f 7960 8082 8083
f 7960 8083 7961
f 7960 8079 8084
f 7960 8084 8080
f 7962 8083 7963
f 7963 8083 8085
f 7963 8085 7964
f 7964 8085 8086
f 7964 8086 7965
f 7965 8086 8087
f 7965 8087 8088
f 7965 8088 7974
f 7966 7976 7967
f 7967 7976 8089
f 7968 8089 8001
f 7969 7998 7970
f 7969 8000 7999
f 7969 7999 7998
f 7970 7998 7990
f 7970 7990 7989
f 7970 7989 7971
f 7974 8088 8090
f 7974 8090 7975
f 7975 8090 8091
f 7975 8091 8092
f 7975 8092 8003
f 7975 8003 8002
f 7975 8002 8001
f 7975 8001 8089
f 7975 8089 7976
f 7977 7988 7979
f 7983 7987 7986
f 7983 7985 7987
f 7991 8010 8093
f 7991 8093 7992
f 7992 8093 7994
f 7994 8093 8094
f 7994 8094 7995
f 7995 8094 8095
f 7995 8095 7997
f 7995 7997 7996
f 7997 8096 8097
f 7997 8097 8023
f 7997 8095 8096
f 8003 8092 8004
f 8004 8092 8005
f 8005 8092 8098
f 8005 8098 8099
f 8005 8099 8006
f 8006 8099 8007
f 8007 8099 8100
f 8007 8100 8101
f 8007 8101 8102
f 8007 8102 8008
f 8008 8102 8103
f 8008 8103 8009
f 8009 8103 8010
f 8010 8103 8093
f 8011 8015 8012
f 8012 8021 8104
f 8012 8104 8105
f 8012 8105 8106
f 8012 8106 8107
f 8012 8107 8013
f 8013 8107 8108
f 8013 8108 8014
f 8014 8108 8016
f 8016 8109 8110
f 8016 8110 8017
f 8016 8108 8109
f 8017 8110 8029
f 8019 8024 8111
f 8019 8111 8020
f 8020 8112 8113
f 8020 8113 8021
f 8020 8111 8112
f 8021 8113 8114
f 8021 8114 8115
f 8021 8115 8104
f 8023 8097 8116
f 8023 8116 8117
f 8023 8117 8118
f 8023 8118 8024
f 8024 8118 8119
f 8024 8119 8111
f 8026 8033 8027
f 8027 8033 8120
f 8027 8120 8034
f 8027 8034 8028
f 8029 8110 8030
f 8030 8121 8122
f 8030 8122 8123
f 8030 8123 8124
f 8030 8124 8125
f 8030 8125 8126
f 8030 8126 8033
f 8030 8033 8031
f 8030 8110 8127
f 8030 8127 8121
f 8031 8033 8032
f 8033 8126 8125
f 8033 8125 8128
f 8033 8128 8129
f 8033 8129 8130
f 8033 8130 8131
f 8033 8131 8120
f 8034 8131 8132
f 8034 8132 8035
f 8034 8120 8131
f 8035 8132 8036
f 8036 8132 8133
f 8036 8133 8134
f 8036 8134 8135
f 8036 8135 8037
f 8037 8135 8038
f 8038 8135 8039
f 8039 8135 8040
f 8040 8135 8136
f 8040 8136 8041
f 8041 8136 8137
f 8041 8137 8042
f 8042 8137 8059
f 8044 8053 8045
f 8045 8055 8054
f 8045 8053 8138
f 8045 8138 8139
f 8045 8139 8055
f 8047 8061 8140
f 8047 8140 8060
f 8047 8060 8141
f 8047 8141 8048
f 8048 8141 8060
f 8048 8060 8142
f 8048 8142 8143
f 8048 8143 8144
f 8048 8144 8145
f 8048 8145 8049
f 8049 8145 8050
f 8050 8145 8146
f 8050 8146 8147
f 8050 8147 8148
f 8050 8148 8149
f 8050 8149 8051
f 8051 8150 8053
f 8051 8053 8052
f 8051 8149 8151
f 8051 8151 8150
f 8053 8150 8152
f 8053 8152 8138
f 8055 8139 8153
f 8055 8153 8056
f 8056 8153 8154
f 8056 8154 8057
f 8057 8154 8155
f 8057 8155 8156
f 8057 8156 8058
f 8059 8137 8157
f 8059 8157 8158
f 8059 8158 8159
f 8059 8159 8060
f 8060 8140 8061
f 8060 8159 8160
f 8060 8160 8142
f 8062 8161 8162
f 8062 8162 8063
f 8062 8064 8161
f 8063 8162 8066
f 8064 8163 8161
f 8064 8065 8163
f 8065 8164 8163
f 8066 8165 8166
f 8066 8166 8067
f 8066 8162 8165
f 8067 8166 8167
f 8067 8167 8068
f 8068 8167 8168
f 8068 8168 8169
f 8068 8169 8070
f 8068 8070 8069
f 8070 8170 8171
f 8070 8171 8172
f 8070 8172 8071
f 8070 8169 8168
f 8070 8168 8170
f 8071 8172 8173
f 8071 8173 8174
f 8071 8174 8072
f 8072 8174 8073
f 8073 8174 8175
f 8073 8175 8075
f 8073 8075 8074
f 8075 8175 8076
f 8076 8175 8176
f 8076 8176 8079
f 8076 8079 8078
f 8076 8078 8077
f 8079 8177 8178
f 8079 8178 8084
f 8079 8176 8177
f 8080 8179 8262
f 8080 8262 8180
f 8080 8180 8081
f 8080 8084 8178
f 8080 8178 8179
f 8081 8180 8181
f 8081 8181 8182
f 8081 8182 8082
f 8082 8182 8183
f 8082 8183 8083
f 8083 8183 8085
f 8085 8183 8086
f 8086 8183 8087
f 8087 8183 8182
f 8087 8182 8184
f 8087 8184 8185
f 8087 8185 8088
f 8088 8185 8091
f 8088 8091 8090
f 8091 8185 8098
f 8091 8098 8092
f 8093 8103 8186
f 8093 8186 8187
f 8093 8187 8094
f 8094 8187 8188
f 8094 8188 8189
f 8094 8189 8095
f 8095 8189 8096
f 8096 8189 8190
f 8096 8190 8097
f 8097 8190 8191
f 8097 8191 8116
f 8098 8185 8192
f 8098 8192 8099
f 8099 8192 8193
f 8099 8193 8194
f 8099 8194 8100
f 8100 8194 8101
f 8101 8103 8102
f 8101 8194 8195
f 8101 8195 8103
f 8103 8195 8196
f 8103 8196 8197
f 8103 8197 8186
f 8104 8115 8106
f 8104 8106 8105
f 8106 8115 8198
f 8106 8198 8199
f 8106 8199 8200
f 8106 8200 8201
f 8106 8201 8107
f 8107 8201 8108
f 8108 8201 8202
f 8108 8202 8203
f 8108 8203 8109
f 8109 8203 8127
f 8109 8127 8110
f 8111 8119 8204
f 8111 8204 8205
f 8111 8205 8112
f 8112 8205 8113
f 8113 8205 8206
f 8113 8206 8207
f 8113 8207 8208
f 8113 8208 8209
f 8113 8209 8210
f 8113 8210 8211
f 8113 8211 8199
f 8113 8199 8198
f 8113 8198 8114
f 8114 8198 8115
f 8116 8212 8213
f 8116 8213 8117
f 8116 8191 8212
f 8117 8213 8204
f 8117 8204 8119
f 8117 8119 8118
f 8121 8127 8203
f 8121 8203 8214
f 8121 8214 8122
f 8122 8214 8215
f 8122 8215 8216
f 8122 8216 8217
f 8122 8217 8123
f 8123 8218 8219
f 8123 8219 8220
f 8123 8220 8124
f 8123 8217 8216
f 8123 8216 8218
f 8124 8220 8221
f 8124 8221 8222
f 8124 8222 8223
f 8124 8223 8128
f 8124 8128 8125
f 8128 8223 8224
f 8128 8224 8129
f 8129 8224 8225
f 8129 8225 8130
f 8130 8225 8131
f 8131 8225 8226
f 8131 8226 8227
f 8131 8227 8133
f 8131 8133 8132
f 8133 8227 8157
f 8133 8157 8134
f 8134 8157 8228
f 8134 8228 8135
f 8135 8228 8137
f 8135 8137 8136
f 8137 8228 8157
f 8138 8152 8229
f 8138 8229 8139
f 8139 8229 8230
f 8139 8230 8154
f 8139 8154 8231
f 8139 8231 8153
f 8142 8160 8143
f 8143 8160 8232
f 8143 8232 8144
f 8144 8233 8146
f 8144 8146 8145
f 8144 8232 8233
f 8146 8233 8234
f 8146 8234 8147
f 8147 8235 8236
f 8147 8236 8148
f 8147 8234 8237
f 8147 8237 8235
f 8148 8236 8151
f 8148 8151 8149
f 8150 8151 8152
f 8151 8236 8152
f 8152 8238 8229
f 8152 8236 8239
f 8152 8239 8238
f 8153 8231 8154
f 8154 8230 8240
f 8154 8240 8241
f 8154 8241 8242
f 8154 8242 8155
f 8157 8227 8158
f 8158 8160 8159
f 8158 8227 8226
f 8158 8226 8243
f 8158 8243 8160
f 8160 8243 8232
f 8161 8244 8245
f 8161 8245 8162
f 8161 8163 8244
f 8162 8245 8165
f 8163 8246 8244
f 8163 8164 8247
f 8163 8247 8246
f 8165 8248 8249
f 8165 8249 8166
f 8165 8245 8248
f 8166 8249 8250
f 8166 8250 8167
f 8167 8250 8251
f 8167 8251 8168
f 8168 8251 8252
f 8168 8252 8253
f 8168 8253 8170
f 8170 8253 8254
f 8170 8254 8171
f 8171 8254 8255
f 8171 8255 8172
f 8172 8255 8256
f 8172 8256 8173
f 8173 8256 8257
f 8173 8257 8258
f 8173 8258 8174
f 8174 8258 8175
f 8175 8258 8176
f 8176 8258 8259
f 8176 8259 8260
f 8176 8260 8177
f 8177 8260 8178
f 8178 8260 8261
f 8178 8261 8179
f 8179 8261 8263
f 8179 8263 8264
f 8179 8264 8336
f 8179 8336 8262
f 8180 8262 8265
f 8180 8265 8181
f 8181 8265 8184
f 8181 8184 8182
f 8184 8265 8266
f 8184 8266 8193
f 8184 8193 8192
f 8184 8192 8185
f 8186 8197 8267
f 8186 8267 8187
f 8187 8267 8188
f 8188 8267 8268
f 8188 8268 8189
f 8189 8268 8190
f 8190 8269 8270
f 8190 8270 8271
f 8190 8271 8212
f 8190 8212 8191
f 8190 8268 8269
f 8193 8266 8272
f 8193 8272 8194
f 8194 8272 8195
f 8195 8272 8273
f 8195 8273 8274
f 8195 8274 8275
f 8195 8275 8276
f 8195 8276 8196
f 8196 8276 8197
f 8197 8276 8267
f 8199 8211 8277
f 8199 8277 8278
f 8199 8278 8200
f 8200 8278 8279
f 8200 8279 8202
f 8200 8202 8201
f 8202 8214 8203
f 8202 8279 8216
f 8202 8216 8214
f 8204 8213 8206
f 8204 8206 8205
f 8206 8213 8280
f 8206 8280 8281
f 8206 8281 8207
f 8207 8282 8209
f 8207 8209 8208
f 8207 8281 8280
f 8207 8280 8283
f 8207 8283 8284
f 8207 8284 8282
f 8209 8282 8285
f 8209 8285 8286
f 8209 8286 8210
f 8210 8286 8287
f 8210 8287 8211
f 8211 8287 8277
f 8212 8271 8288
f 8212 8288 8289
f 8212 8289 8213
f 8213 8289 8280
f 8214 8216 8215
f 8216 8279 8290
f 8216 8290 8291
f 8216 8291 8292
f 8216 8292 8293
f 8216 8293 8294
f 8216 8294 8218
f 8218 8294 8219
f 8219 8295 8296
f 8219 8296 8220
f 8219 8294 8295
f 8220 8296 8297
f 8220 8297 8221
f 8221 8224 8222
f 8221 8297 8296
f 8221 8296 8298
f 8221 8298 8299
f 8221 8299 8300
f 8221 8300 8224
f 8222 8224 8223
f 8224 8232 8301
f 8224 8301 8225
f 8224 8300 8302
f 8224 8302 8233
f 8224 8233 8232
f 8225 8301 8303
f 8225 8303 8226
f 8226 8303 8243
f 8229 8240 8230
f 8229 8238 8304
f 8229 8304 8240
f 8232 8303 8301
f 8232 8243 8303
f 8233 8302 8300
f 8233 8300 8305
f 8233 8305 8234
f 8234 8305 8299
f 8234 8299 8237
f 8235 8237 8236
f 8236 8237 8239
f 8237 8306 8239
f 8237 8299 8306
f 8238 8239 8307
f 8238 8307 8304
f 8239 8306 8308
f 8239 8308 8309
f 8239 8309 8310
f 8239 8310 8307
f 8240 8304 8241
f 8241 8304 8311
f 8241 8311 8309
f 8241 8309 8312
f 8241 8312 8313
f 8241 8313 8314
f 8241 8314 8242
f 8242 8314 8316
f 8242 8316 8315
f 8244 8317 8318
f 8244 8318 8245
f 8244 8246 8319
f 8244 8319 8317
f 8245 8320 8321
f 8245 8321 8248
f 8245 8318 8320
f 8246 8322 8319
f 8246 8247 8323
f 8246 8323 8324
f 8246 8324 8322
f 8248 8321 8249
f 8249 8321 8325
f 8249 8325 8250
f 8250 8325 8326
f 8250 8326 8251
f 8251 8326 8252
f 8252 8326 8327
f 8252 8327 8328
f 8252 8328 8329
f 8252 8329 8253
f 8253 8329 8254
f 8254 8329 8330
f 8254 8330 8331
f 8254 8331 8255
f 8255 8331 8256
f 8256 8331 8332
f 8256 8332 8333
f 8256 8333 8334
f 8256 8334 8259
f 8256 8259 8257
f 8257 8259 8258
f 8259 8335 8260
f 8259 8334 8335
f 8260 8335 8261
f 8261 8335 8333
f 8261 8333 8263
f 8262 8336 8273
f 8262 8273 8337
f 8262 8337 8265
f 8263 8338 8264
f 8263 8333 8338
f 8264 8338 8336
f 8265 8337 8272
f 8265 8272 8266
f 8267 8276 8275
f 8267 8275 8269
f 8267 8269 8268
f 8269 8275 8339
f 8269 8339 8340
f 8269 8340 8270
f 8270 8340 8288
f 8270 8288 8271
f 8272 8337 8273
f 8273 8336 8341
f 8273 8341 8342
f 8273 8342 8343
f 8273 8343 8274
f 8274 8343 8275
f 8275 8343 8339
f 8277 8287 8278
f 8278 8287 8344
f 8278 8344 8291
f 8278 8291 8290
f 8278 8290 8279
f 8280 8289 8283
f 8282 8284 8283
f 8282 8283 8345
f 8282 8345 8346
f 8282 8346 8285
f 8283 8289 8347
f 8283 8347 8348
f 8283 8348 8345
f 8285 8349 8350
f 8285 8350 8286
f 8285 8346 8349
f 8286 8350 8351
f 8286 8351 8287
f 8287 8351 8352
f 8287 8352 8353
f 8287 8353 8344
f 8288 8340 8354
f 8288 8354 8347
f 8288 8347 8289
f 8291 8353 8355
f 8291 8355 8292
f 8291 8344 8353
f 8292 8355 8293
f 8293 8356 8357
f 8293 8357 8294
f 8293 8355 8356
f 8294 8357 8295
f 8295 8357 8358
f 8295 8358 8359
f 8295 8359 8296
f 8296 8358 8360
f 8296 8360 8361
f 8296 8361 8362
f 8296 8362 8299
f 8296 8299 8298
f 8296 8359 8358
f 8299 8362 8361
f 8299 8361 8363
f 8299 8363 8306
f 8299 8305 8300
f 8304 8307 8311
f 8306 8363 8361
f 8306 8361 8308
f 8307 8310 8311
f 8308 8364 8313
f 8308 8313 8312
f 8308 8312 8309
f 8308 8361 8365
f 8308 8365 8364
f 8309 8311 8310
f 8313 8364 8314
f 8314 8364 8366
f 8314 8366 8367
f 8314 8367 8368
f 8314 8368 8316
f 8315 8316 8369
f 8316 8368 8370
f 8316 8370 8371
f 8316 8371 8372
f 8316 8372 8369
f 8317 8319 8322
f 8317 8322 8373
f 8317 8373 8374
f 8317 8374 8320
f 8317 8320 8318
f 8320 8374 8375
f 8320 8375 8321
f 8321 8375 8376
f 8321 8376 8377
f 8321 8377 8325
f 8322 8378 8373
f 8322 8324 8379
f 8322 8379 8380
f 8322 8380 8381
f 8322 8381 8378
f 8325 8377 8326
f 8326 8377 8327
f 8327 8382 8383
f 8327 8383 8328
f 8327 8377 8382
f 8328 8383 8384
f 8328 8384 8385
f 8328 8385 8329
f 8329 8385 8330
f 8330 8385 8386
f 8330 8386 8387
f 8330 8387 8388
f 8330 8388 8331
f 8331 8388 8389
f 8331 8389 8332
f 8332 8389 8390
f 8332 8390 8333
f 8333 8335 8334
f 8333 8390 8338
f 8336 8338 8391
f 8336 8391 8341
f 8338 8392 8391
f 8338 8390 8432
f 8338 8432 8392
f 8339 8343 8342
f 8339 8342 8393
f 8339 8393 8340
f 8340 8393 8394
f 8340 8394 8354
f 8341 8391 8342
f 8342 8391 8395
f 8342 8395 8393
f 8345 8348 8346
f 8346 8348 8396
f 8346 8396 8397
f 8346 8397 8349
f 8347 8354 8398
f 8347 8398 8348
f 8348 8399 8396
f 8348 8398 8399
f 8349 8397 8400
f 8349 8400 8401
f 8349 8401 8350
f 8350 8401 8402
f 8350 8402 8403
f 8350 8403 8351
f 8351 8403 8352
f 8352 8403 8402
f 8352 8402 8404
f 8352 8404 8405
f 8352 8405 8355
f 8352 8355 8353
f 8354 8394 8398
f 8355 8405 8356
f 8356 8405 8406
f 8356 8406 8407
f 8356 8407 8408
f 8356 8408 8409
f 8356 8409 8357
f 8357 8409 8358
f 8358 8408 8410
f 8358 8410 8366
f 8358 8366 8360
f 8358 8409 8411
f 8358 8411 8408
f 8360 8366 8361
f 8361 8366 8365
f 8364 8365 8366
f 8366 8412 8370
f 8366 8370 8367
f 8366 8410 8412
f 8367 8370 8368
f 8369 8372 8413
f 8370 8414 8415
f 8370 8415 8371
f 8370 8412 8408
f 8370 8408 8414
f 8371 8415 8372
f 8372 8415 8416
f 8372 8416 8417
f 8372 8417 8418
f 8372 8418 8419
f 8372 8419 8413
f 8373 8420 8421
f 8373 8421 8374
f 8373 8378 8420
f 8374 8421 8422
f 8374 8422 8375
f 8375 8422 8423
f 8375 8423 8376
f 8376 8423 8424
f 8376 8424 8377
f 8377 8424 8382
f 8378 8417 8420
f 8378 8381 8417
f 8381 8418 8417
f 8382 8424 8425
f 8382 8425 8426
f 8382 8426 8383
f 8383 8426 8427
f 8383 8427 8384
f 8384 8427 8428
f 8384 8428 8429
f 8384 8429 8386
f 8384 8386 8385
f 8386 8429 8430
f 8386 8430 8431
f 8386 8431 8387
f 8387 8431 8389
f 8387 8389 8388
f 8389 8431 8432
f 8389 8432 8390
f 8391 8392 8395
f 8392 8433 8395
f 8392 8432 8434
f 8392 8434 8433
f 8393 8395 8435
f 8393 8435 8394
f 8394 8435 8436
f 8394 8436 8398
f 8395 8433 8435
f 8396 8399 8397
f 8397 8437 8438
f 8397 8438 8400
f 8397 8399 8437
f 8398 8436 8399
f 8399 8436 8439
f 8399 8439 8437
f 8400 8438 8440
f 8400 8440 8441
f 8400 8441 8401
f 8401 8441 8402
f 8402 8441 8442
f 8402 8442 8443
f 8402 8443 8444
f 8402 8444 8404
f 8404 8444 8445
f 8404 8445 8406
f 8404 8406 8405
f 8406 8445 8407
f 8407 8445 8446
f 8407 8446 8447
f 8407 8447 8408
f 8408 8411 8409
f 8408 8447 8446
f 8408 8446 8414
f 8408 8412 8410
f 8414 8448 8415
f 8414 8446 8449
f 8414 8449 8448
f 8415 8448 8420
f 8415 8420 8416
f 8416 8420 8417
f 8420 8448 8449
f 8420 8449 8450
f 8420 8450 8451
f 8420 8451 8421
f 8421 8451 8452
f 8421 8452 8422
f 8422 8452 8423
f 8423 8452 8453
f 8423 8453 8424
f 8424 8453 8425
f 8425 8454 8455
f 8425 8455 8426
f 8425 8453 8456
f 8425 8456 8454
f 8426 8455 8427
f 8427 8457 8428
f 8427 8455 8457
f 8428 8457 8429
f 8429 8457 8458
f 8429 8458 8439
f 8429 8439 8459
f 8429 8459 8430
f 8430 8459 8434
f 8430 8434 8431
f 8431 8434 8432
f 8433 8434 8459
f 8433 8459 8460
f 8433 8460 8435
f 8435 8460 8436
f 8436 8460 8459
f 8436 8459 8439
f 8437 8439 8438
f 8438 8439 8458
f 8438 8458 8457
f 8438 8457 8440
f 8440 8457 8455
f 8440 8455 8442
f 8440 8442 8441
f 8442 8455 8454
f 8442 8454 8456
f 8442 8456 8443
f 8443 8456 8461
f 8443 8461 8444
f 8444 8461 8462
f 8444 8462 8445
f 8445 8462 8446
f 8446 8462 8463
f 8446 8463 8449
f 8449 8463 8450
f 8450 8463 8464
f 8450 8464 8452
f 8450 8452 8451
f 8452 8464 8461
f 8452 8461 8456
f 8452 8456 8453
f 8461 8464 8463
f 8461 8463 8462

