# https://github.com/mikedh/trimesh
v -0.04956430 -0.01487920 -0.03871850
v -0.05026200 -0.01330440 -0.03919090
v -0.05081260 -0.01389790 -0.03770840
v -0.05009040 -0.01551010 -0.03708090
v -0.04876310 -0.01645910 -0.03816680
v -0.04828160 -0.01589890 -0.03952930
v -0.04884120 -0.01435910 -0.04027770
v -0.05204050 -0.01054100 -0.03852430
v -0.05245190 -0.00864836 -0.03901840
v -0.05301020 -0.00924382 -0.03751970
v -0.05262440 -0.01089640 -0.03714970
v -0.05140980 -0.01234150 -0.03824710
v -0.05084130 -0.01165650 -0.03967270
v -0.05119370 -0.01021210 -0.03997110
v -0.04959930 -0.01270680 -0.04061290
v -0.05000000 -0.01098950 -0.04124410
v -0.04828450 -0.01347820 -0.04168870
v -0.04869370 -0.01210340 -0.04209340
v -0.05052290 -0.00926197 -0.04145330
v -0.04908500 -0.01040970 -0.04258780
v -0.04942870 -0.00867082 -0.04295400
v -0.04978630 -0.00651760 -0.04331600
v -0.05069520 -0.00751980 -0.04197480
v -0.04814970 -0.00915173 -0.04406780
v -0.04856040 -0.00744035 -0.04432730
v -0.05003950 -0.00427395 -0.04357250
v -0.05094340 -0.00572676 -0.04223000
v -0.04873210 -0.00561150 -0.04456940
v -0.05272530 -0.00676412 -0.03933090
v -0.05340020 -0.00737449 -0.03786920
v -0.05153710 -0.00831352 -0.04053260
v -0.05201480 -0.00622601 -0.04066060
v -0.05218670 -0.00396475 -0.04107840
v -0.05306320 -0.00467496 -0.03950610
v -0.05370760 -0.00563857 -0.03802440
v -0.05023670 -0.00164055 -0.04372590
v -0.05115270 -0.00344102 -0.04247020
v -0.04894420 -0.00343775 -0.04472370
v -0.05025440 0.00099746 -0.04372460
v -0.05131320 -0.00079887 -0.04257310
v -0.04914060 -0.00088459 -0.04484830
v -0.05232950 -0.00151521 -0.04116840
v -0.05331960 -0.00247475 -0.03949760
v -0.05397760 -0.00323191 -0.03815480
v -0.05227250 0.00107316 -0.04131550
v -0.05336310 0.00002419 -0.03959900
v -0.05418800 -0.00072492 -0.03806910
v -0.05403640 -0.01039880 -0.03421760
v -0.05447770 -0.00846194 -0.03480320
v -0.05493420 -0.00912423 -0.03302330
v -0.05449180 -0.01093880 -0.03232930
v -0.05357280 -0.01201220 -0.03385680
v -0.05304390 -0.01155810 -0.03548520
v -0.05355300 -0.00994583 -0.03597020
v -0.05438440 -0.01280470 -0.02989700
v -0.05501700 -0.01113050 -0.03054510
v -0.05527560 -0.01144290 -0.02882940
v -0.05468870 -0.01314640 -0.02792000
v -0.05364960 -0.01433980 -0.02947810
v -0.05342420 -0.01403420 -0.03105920
v -0.05396870 -0.01259250 -0.03181920
v -0.05538700 -0.00939383 -0.03118470
v -0.05595970 -0.00957694 -0.02907120
v -0.05181790 -0.01484580 -0.03436710
v -0.05259450 -0.01329400 -0.03467540
v -0.05303990 -0.01366630 -0.03292090
v -0.05240830 -0.01514110 -0.03215800
v -0.05102200 -0.01635310 -0.03362880
v -0.05070180 -0.01584750 -0.03536570
v -0.05133590 -0.01431380 -0.03623900
v -0.04992650 -0.01736130 -0.03453770
v -0.05034760 -0.01783030 -0.03218270
v -0.04903000 -0.01867070 -0.03380030
v -0.04859040 -0.01833900 -0.03568190
v -0.04944210 -0.01688200 -0.03642960
v -0.05253990 -0.01566240 -0.03022710
v -0.05134410 -0.01668470 -0.03187570
v -0.05285020 -0.01580810 -0.02805160
v -0.05168530 -0.01700560 -0.02930000
v -0.05051120 -0.01812030 -0.03012140
v -0.04915950 -0.01919730 -0.03172160
v -0.05032990 -0.01846530 -0.02785390
v -0.04931620 -0.01940300 -0.02924210
v -0.05209740 -0.01265820 -0.03661900
v -0.05641160 -0.01044500 -0.02541020
v -0.05695480 -0.00872603 -0.02596100
v -0.05713370 -0.00909388 -0.02419680
v -0.05651550 -0.01085520 -0.02324650
v -0.05551180 -0.01231330 -0.02484730
v -0.05556330 -0.01175100 -0.02678900
v -0.05613760 -0.01022660 -0.02745230
v -0.05476850 -0.01338690 -0.02586340
v -0.05386720 -0.01458390 -0.02722560
v -0.05467790 -0.01370340 -0.02327030
v -0.05367080 -0.01499350 -0.02476580
v -0.05739150 -0.00918199 -0.02192340
v -0.05665250 -0.01095100 -0.02097480
v -0.05558930 -0.01250000 -0.02237420
v -0.05747800 -0.00932154 -0.01925900
v -0.05663750 -0.01104150 -0.01841370
v -0.05574830 -0.01237600 -0.01979050
v -0.05464080 -0.01377740 -0.02080290
v -0.05371650 -0.01492590 -0.02219790
v -0.05470800 -0.01352100 -0.01830090
v -0.05350510 -0.01482640 -0.01965880
v -0.05282060 -0.01599930 -0.02569660
v -0.05156530 -0.01729660 -0.02701420
v -0.05253410 -0.01614150 -0.02308480
v -0.05165260 -0.01724260 -0.02435930
v -0.05041600 -0.01835570 -0.02520810
v -0.04935110 -0.01946000 -0.02663670
v -0.05029450 -0.01811820 -0.02280120
v -0.04915970 -0.01920130 -0.02402750
v -0.05256080 -0.01589710 -0.02065320
v -0.05147930 -0.01701770 -0.02186060
v -0.05249090 -0.01546660 -0.01823310
v -0.05137340 -0.01664570 -0.01961320
v -0.05029720 -0.01756340 -0.02041990
v -0.04873640 -0.01881750 -0.02156550
v -0.05013730 -0.01706590 -0.01839450
v -0.04870220 -0.01805210 -0.01898650
v -0.05495560 -0.00673416 -0.03480330
v -0.05540790 -0.00729790 -0.03304480
v -0.05390000 -0.00810042 -0.03646350
v -0.05424510 -0.00618372 -0.03663320
v -0.05458060 -0.00386522 -0.03682580
v -0.05511030 -0.00474667 -0.03516880
v -0.05583030 -0.00494369 -0.03319990
v -0.05668110 -0.00617257 -0.02976350
v -0.05690820 -0.00411923 -0.03003420
v -0.05721510 -0.00480534 -0.02846030
v -0.05704330 -0.00655401 -0.02813400
v -0.05631720 -0.00806946 -0.02963620
v -0.05601920 -0.00747028 -0.03117170
v -0.05629260 -0.00568137 -0.03140260
v -0.05470690 -0.00162572 -0.03680970
v -0.05528920 -0.00226855 -0.03528280
v -0.05603840 -0.00239306 -0.03330300
v -0.05467520 0.00092982 -0.03688300
v -0.05532920 0.00038240 -0.03541970
v -0.05601670 0.00023551 -0.03345340
v -0.05699440 -0.00162026 -0.03020630
v -0.05731960 -0.00259969 -0.02862890
v -0.05653120 -0.00345911 -0.03139580
v -0.05691150 0.00092501 -0.03025060
v -0.05732490 0.00001289 -0.02886290
v -0.05666580 -0.00087661 -0.03160270
v -0.05674430 -0.00826995 -0.02770580
v -0.05739660 -0.00692969 -0.02630800
v -0.05777140 -0.00697056 -0.02419580
v -0.05772160 -0.00490325 -0.02645350
v -0.05815340 -0.00470605 -0.02420100
v -0.05804470 -0.00700572 -0.02207130
v -0.05822770 -0.00724619 -0.01972220
v -0.05850380 -0.00465357 -0.02214060
v -0.05872650 -0.00510583 -0.01993950
v -0.05791340 -0.00253680 -0.02655500
v -0.05838990 -0.00224993 -0.02415570
v -0.05782770 0.00010324 -0.02686240
v -0.05842210 0.00011543 -0.02442140
v -0.05880640 -0.00224729 -0.02191770
v -0.05898660 -0.00287272 -0.02028150
v -0.05887290 0.00030955 -0.02199480
v -0.05905310 -0.00028904 -0.02019990
v -0.05915490 -0.00357962 -0.01859680
v -0.05924950 -0.00143938 -0.01864230
v -0.05937610 -0.00205805 -0.01707220
v -0.05921780 -0.00389373 -0.01667700
v -0.05882160 -0.00543227 -0.01789200
v -0.05946530 -0.00215972 -0.01499920
v -0.05932520 -0.00407506 -0.01439960
v -0.05893100 -0.00556648 -0.01566550
v -0.05923340 0.00105483 -0.01875560
v -0.05932480 0.00033954 -0.01722660
v -0.05954940 0.00011940 -0.01505210
v -0.05951410 -0.00236704 -0.01272650
v -0.05925170 -0.00418491 -0.01192270
v -0.05894240 -0.00553966 -0.01346540
v -0.05946480 -0.00257908 -0.01015270
v -0.05918790 -0.00413141 -0.00950995
v -0.05892550 -0.00562927 -0.01115690
v -0.05957140 0.00000322 -0.01252550
v -0.05952920 -0.00029456 -0.01014610
v -0.05941190 -0.00230817 -0.00781780
v -0.05916240 -0.00386044 -0.00721353
v -0.05883180 -0.00546840 -0.00874562
v -0.05928560 -0.00185323 -0.00561278
v -0.05913940 -0.00361645 -0.00530354
v -0.05865260 -0.00547789 -0.00640494
v -0.05945790 -0.00014543 -0.00781384
v -0.05945130 -0.00008492 -0.00579121
v -0.05905680 -0.00322105 -0.00405531
v -0.05918310 -0.00214132 -0.00347802
v -0.05905990 -0.00330814 -0.00337041
v -0.05857780 -0.00469665 -0.00393057
v -0.05937030 0.00013377 -0.00388840
v -0.05913960 -0.00110706 -0.00201493
v -0.05911640 0.00021633 -0.00212107
v -0.05893250 -0.00004741 -0.00091507
v -0.05884810 -0.00240115 -0.00160528
v -0.05744790 -0.00942105 -0.01670930
v -0.05652410 -0.01100710 -0.01584900
v -0.05574650 -0.01223860 -0.01744050
v -0.05733110 -0.00942975 -0.01441520
v -0.05636510 -0.01087200 -0.01368260
v -0.05559070 -0.01207490 -0.01517680
v -0.05464650 -0.01318650 -0.01591440
v -0.05363740 -0.01435210 -0.01748270
v -0.05445670 -0.01282120 -0.01401800
v -0.05279180 -0.01426340 -0.01483600
v -0.05725900 -0.00933158 -0.01221500
v -0.05627090 -0.01054200 -0.01186230
v -0.05512710 -0.01195070 -0.01283110
v -0.05626340 -0.01043380 -0.01060310
v -0.05692230 -0.00942537 -0.01008650
v -0.05615290 -0.01028460 -0.01019350
v -0.05528800 -0.01109330 -0.01017490
v -0.05437200 -0.01268680 -0.01286400
v -0.05424330 -0.01249440 -0.01235590
v -0.05308790 -0.01322980 -0.01224900
v -0.05403280 -0.01227460 -0.01085100
v -0.05218040 -0.01511490 -0.01615330
v -0.05060100 -0.01635980 -0.01705150
v -0.05171980 -0.01506320 -0.01501760
v -0.05171850 -0.01480340 -0.01419770
v -0.05056710 -0.01547660 -0.01443650
v -0.04954830 -0.01708930 -0.01725420
v -0.04965480 -0.01670640 -0.01638810
v -0.04844690 -0.01736390 -0.01663430
v -0.04840770 -0.01675610 -0.01490490
v -0.04953130 -0.01546610 -0.01280200
v -0.05075980 -0.01466470 -0.01258500
v -0.04950160 -0.01510770 -0.01187850
v -0.04834150 -0.01564250 -0.01222750
v -0.05228540 -0.01288930 -0.00966408
v -0.05064370 -0.01371560 -0.00990519
v -0.04848700 -0.01476040 -0.01037950
v -0.05599580 -0.01012360 -0.00859076
v -0.05455190 -0.01088670 -0.00751497
v -0.05288610 -0.01210920 -0.00837259
v -0.05394700 -0.01089400 -0.00623167
v -0.05513960 -0.01004990 -0.00632145
v -0.05405530 -0.01059730 -0.00566575
v -0.05287200 -0.01112850 -0.00559674
v -0.05167320 -0.01283910 -0.00844918
v -0.05177160 -0.01249110 -0.00765039
v -0.05068060 -0.01283420 -0.00767902
v -0.05054550 -0.01212250 -0.00571417
v -0.04852620 -0.01367850 -0.00777892
v -0.04950520 -0.01262260 -0.00602067
v -0.04843860 -0.01230010 -0.00482707
v -0.04822530 -0.01305790 -0.00620997
v -0.05365240 -0.01031100 -0.00418718
v -0.05220310 -0.01046150 -0.00287286
v -0.05043860 -0.01129380 -0.00347030
v -0.05161340 -0.01019650 -0.00158771
v -0.05277660 -0.00965165 -0.00156634
v -0.05051380 -0.00997921 -0.00048292
v -0.05029140 -0.01063910 -0.00185571
v -0.04805120 -0.01170440 -0.00339635
v -0.04807570 -0.01028410 -0.00038152
v -0.04814940 -0.01092830 -0.00176513
v -0.05828640 -0.00748009 -0.01720310
v -0.05824220 -0.00754082 -0.01482360
v -0.05816630 -0.00749563 -0.01250430
v -0.05807560 -0.00735566 -0.01022070
v -0.05801090 -0.00716873 -0.00810018
v -0.05690480 -0.00885068 -0.00728262
v -0.05781920 -0.00710201 -0.00587535
v -0.05662970 -0.00852482 -0.00497249
v -0.05752830 -0.00697473 -0.00356783
v -0.05634590 -0.00820797 -0.00300005
v -0.05512060 -0.00928064 -0.00363742
v -0.05599800 -0.00796290 -0.00171750
v -0.05670600 -0.00696328 -0.00093252
v -0.05600420 -0.00785988 -0.00104451
v -0.05492950 -0.00847305 -0.00107048
v -0.05803490 -0.00500246 -0.00130804
v -0.04549930 -0.01942750 -0.03900580
v -0.04625080 -0.01809450 -0.03971720
v -0.04677840 -0.01873230 -0.03823830
v -0.04611300 -0.02006600 -0.03728120
v -0.04474860 -0.02088050 -0.03818910
v -0.04408680 -0.02030980 -0.03970180
v -0.04488590 -0.01874780 -0.04049870
v -0.04113120 -0.02381010 -0.03907600
v -0.04187050 -0.02256700 -0.03972190
v -0.04246320 -0.02321780 -0.03829670
v -0.04176600 -0.02452090 -0.03739680
v -0.04029230 -0.02514230 -0.03817960
v -0.03966430 -0.02455970 -0.03958630
v -0.04037700 -0.02314350 -0.04044710
v -0.04094360 -0.01950320 -0.04314420
v -0.04164730 -0.01799940 -0.04383270
v -0.04261640 -0.01882610 -0.04247720
v -0.04182850 -0.02026150 -0.04188400
v -0.04041070 -0.02094810 -0.04236040
v -0.03927080 -0.01998860 -0.04385150
v -0.04010410 -0.01846390 -0.04445120
v -0.04325040 -0.02173690 -0.03903160
v -0.04381700 -0.02240440 -0.03746400
v -0.04260450 -0.02097630 -0.04053690
v -0.04346180 -0.01952420 -0.04112590
v -0.04408880 -0.01810810 -0.04192150
v -0.04115630 -0.02184200 -0.04102260
v -0.03961140 -0.02237780 -0.04178970
v -0.03430270 -0.02795520 -0.03862520
v -0.03552160 -0.02689620 -0.03960850
v -0.03579750 -0.02760270 -0.03798040
v -0.03466350 -0.02860170 -0.03665830
v -0.03315940 -0.02883070 -0.03742840
v -0.03240540 -0.02854240 -0.03895640
v -0.03388090 -0.02734290 -0.04004810
v -0.03122790 -0.02934510 -0.03787810
v -0.03047770 -0.02897530 -0.03938550
v -0.03201410 -0.02784260 -0.04061630
v -0.03227140 -0.01941260 -0.04771520
v -0.03269200 -0.01769780 -0.04828530
v -0.03405990 -0.01903920 -0.04717400
v -0.03341850 -0.02059580 -0.04664160
v -0.03178300 -0.02102290 -0.04716860
v -0.03036020 -0.01971930 -0.04828960
v -0.03093760 -0.01810130 -0.04862990
v -0.03644260 -0.02345320 -0.04300500
v -0.03710000 -0.02197680 -0.04374190
v -0.03806990 -0.02305840 -0.04225950
v -0.03719400 -0.02441060 -0.04164940
v -0.03582800 -0.02487760 -0.04207950
v -0.03480980 -0.02413900 -0.04341610
v -0.03547180 -0.02259090 -0.04425900
v -0.03874810 -0.02573790 -0.03870450
v -0.03915030 -0.02651980 -0.03689280
v -0.03748840 -0.02709330 -0.03735140
v -0.03707740 -0.02646200 -0.03907770
v -0.03809170 -0.02501780 -0.04029140
v -0.03893860 -0.02375520 -0.04099140
v -0.03642640 -0.02572220 -0.04070220
v -0.03466780 -0.02617450 -0.04136700
v -0.03877730 -0.02154380 -0.04299200
v -0.03770670 -0.02043470 -0.04447740
v -0.03839540 -0.01896070 -0.04509140
v -0.03620590 -0.02111420 -0.04491640
v -0.03654540 -0.01935260 -0.04583720
v -0.03724610 -0.01766970 -0.04640170
v -0.03501090 -0.02001870 -0.04623500
v -0.03555460 -0.01831730 -0.04684610
v -0.03409440 -0.02539770 -0.04264760
v -0.03312640 -0.02467060 -0.04400070
v -0.03397170 -0.02322820 -0.04465430
v -0.03234850 -0.02602390 -0.04304430
v -0.03293680 -0.02686920 -0.04155990
v -0.03124230 -0.02730610 -0.04203140
v -0.03050210 -0.02656620 -0.04354570
v -0.03164960 -0.02519130 -0.04430960
v -0.03224260 -0.02370740 -0.04519760
v -0.03278390 -0.02212980 -0.04602370
v -0.03057980 -0.02427040 -0.04565780
v -0.03120030 -0.02260890 -0.04648950
v -0.03446940 -0.02156020 -0.04554350
v -0.04085160 -0.01056230 -0.04811610
v -0.04131390 -0.00884495 -0.04834850
v -0.04281720 -0.01033710 -0.04736080
v -0.04212330 -0.01198470 -0.04701160
v -0.04069190 -0.01256760 -0.04751870
v -0.03918160 -0.01114030 -0.04856810
v -0.03933220 -0.00912124 -0.04898110
v -0.04554390 -0.01512110 -0.04306640
v -0.04604030 -0.01342410 -0.04384890
v -0.04688960 -0.01439420 -0.04242750
v -0.04624030 -0.01587380 -0.04190590
v -0.04486860 -0.01669650 -0.04242510
v -0.04402780 -0.01575760 -0.04383590
v -0.04458350 -0.01435250 -0.04433060
v -0.04748360 -0.01735090 -0.03893430
v -0.04821440 -0.01782320 -0.03724630
v -0.04682470 -0.01668430 -0.04051620
v -0.04753990 -0.01522090 -0.04106170
v -0.04556520 -0.01744000 -0.04113690
v -0.04735360 -0.01274840 -0.04307720
v -0.04796790 -0.01084930 -0.04355050
v -0.04654800 -0.01176230 -0.04429430
v -0.04672820 -0.01024460 -0.04483610
v -0.04505100 -0.01260400 -0.04505550
v -0.04542200 -0.01071750 -0.04561870
v -0.04592220 -0.00856666 -0.04604690
v -0.04374540 -0.01139350 -0.04634140
v -0.04429310 -0.00955553 -0.04667500
v -0.04338830 -0.01734630 -0.04306410
v -0.04247800 -0.01654810 -0.04432300
v -0.04304890 -0.01489170 -0.04502000
v -0.04355960 -0.01315300 -0.04572660
v -0.04137040 -0.01539590 -0.04573910
v -0.04178350 -0.01373540 -0.04641030
v -0.04073110 -0.01701730 -0.04507880
v -0.03882700 -0.01733520 -0.04589860
v -0.03960650 -0.01572160 -0.04637600
v -0.04002110 -0.01409030 -0.04705740
v -0.04293500 -0.00829085 -0.04774780
v -0.04330520 -0.00624474 -0.04799200
v -0.04442680 -0.00803704 -0.04698770
v -0.04168250 -0.00690417 -0.04853130
v -0.04320170 -0.00406110 -0.04827610
v -0.04453930 -0.00572775 -0.04736440
v -0.04176410 -0.00471678 -0.04872840
v -0.03961610 -0.00687528 -0.04925260
v -0.03991490 -0.00448721 -0.04938760
v -0.04326650 -0.00159560 -0.04840780
v -0.04436170 -0.00327927 -0.04776420
v -0.04189320 -0.00215375 -0.04891950
v -0.04333820 0.00094730 -0.04838080
v -0.04456260 -0.00063514 -0.04785190
v -0.04199960 0.00038468 -0.04891550
v -0.04004620 -0.00204230 -0.04947960
v -0.04003220 0.00025084 -0.04951360
v -0.04723500 -0.00818271 -0.04516300
v -0.04731060 -0.00629840 -0.04557510
v -0.04756990 -0.00393404 -0.04582260
v -0.04574980 -0.00676629 -0.04652010
v -0.04590430 -0.00481342 -0.04675740
v -0.04773910 -0.00142039 -0.04591940
v -0.04594090 -0.00250886 -0.04692710
v -0.04780790 0.00108888 -0.04587100
v -0.04605260 -0.00000460 -0.04698290
v -0.03641150 -0.01478770 -0.04816050
v -0.03696170 -0.01322360 -0.04859620
v -0.03850970 -0.01472230 -0.04751070
v -0.03769820 -0.01599520 -0.04707510
v -0.03620010 -0.01681350 -0.04744230
v -0.03476120 -0.01535570 -0.04850840
v -0.03518610 -0.01367890 -0.04896480
v -0.03870840 -0.01275780 -0.04819230
v -0.03731010 -0.01143500 -0.04902530
v -0.03732660 -0.00912538 -0.04946790
v -0.03520040 -0.01159560 -0.04947660
v -0.03556190 -0.00960960 -0.04979890
v -0.03440840 -0.01719710 -0.04784080
v -0.03314360 -0.01592680 -0.04874250
v -0.03310250 -0.01379730 -0.04941540
v -0.03131300 -0.01619200 -0.04920950
v -0.03142960 -0.01441340 -0.04965360
v -0.03333910 -0.01199560 -0.04979310
v -0.03399700 -0.01041490 -0.05006500
v -0.03177590 -0.01267630 -0.05003420
v -0.03188200 -0.01043210 -0.05032160
v -0.03275010 -0.00866236 -0.05033500
v -0.03014830 -0.01104310 -0.05049400
v -0.03061440 -0.00878521 -0.05063500
v -0.03742350 -0.00700185 -0.04971460
v -0.03754350 -0.00497282 -0.04993290
v -0.03559840 -0.00769454 -0.05005450
v -0.03581880 -0.00553009 -0.05022430
v -0.03802500 -0.00291236 -0.04993500
v -0.03817410 -0.00041188 -0.04989580
v -0.03640920 -0.00322178 -0.05016290
v -0.03671600 -0.00116837 -0.05008670
v -0.03450480 -0.00410602 -0.05039420
v -0.03518860 -0.00190205 -0.05029700
v -0.03666490 0.00117209 -0.05006870
v -0.03541180 0.00052663 -0.05016770
v -0.03385860 -0.00812226 -0.05026570
v -0.03441670 -0.00600271 -0.05038540
v -0.03278410 -0.00671027 -0.05053060
v -0.03284360 -0.00440641 -0.05062200
v -0.03077040 -0.00660423 -0.05076160
v -0.03068470 -0.00428881 -0.05082100
v -0.03309380 -0.00190116 -0.05063020
v -0.03337410 0.00059798 -0.05049020
v -0.03055740 -0.00195358 -0.05089340
v -0.03059450 0.00046833 -0.05082590
v -0.02774860 -0.02811600 -0.04296260
v -0.02884010 -0.02691030 -0.04410130
v -0.02968910 -0.02762350 -0.04260380
v -0.02819390 -0.02883490 -0.04143970
v -0.02635940 -0.02917980 -0.04165860
v -0.02593660 -0.02838290 -0.04346080
v -0.02731570 -0.02710150 -0.04460850
v -0.02997650 -0.02853970 -0.04084880
v -0.02847940 -0.02942230 -0.03976850
v -0.02936420 -0.02987190 -0.03815430
v -0.02665320 -0.02984110 -0.04002570
v -0.02745920 -0.03017550 -0.03875460
v -0.02433430 -0.02956630 -0.04179310
v -0.02411440 -0.02883810 -0.04356590
v -0.02541100 -0.02743220 -0.04504280
v -0.02349890 -0.02782480 -0.04530020
v -0.02404720 -0.02644940 -0.04652620
v -0.02215140 -0.02908980 -0.04383780
v -0.02125380 -0.02847310 -0.04524970
v -0.02222820 -0.02694440 -0.04663070
v -0.02238190 -0.02991410 -0.04209390
v -0.02546940 -0.03069780 -0.03861060
v -0.02615380 -0.03113850 -0.03712670
v -0.02422130 -0.03138300 -0.03763250
v -0.02346220 -0.03101350 -0.03895800
v -0.02501080 -0.03012040 -0.04032490
v -0.02220340 -0.03171370 -0.03764710
v -0.02177590 -0.03119460 -0.03929230
v -0.02318410 -0.03041400 -0.04064420
v -0.02779800 -0.02370410 -0.04724650
v -0.02820810 -0.02187760 -0.04807140
v -0.02969910 -0.02312520 -0.04684980
v -0.02883890 -0.02466230 -0.04617950
v -0.02716570 -0.02497370 -0.04664360
v -0.02569350 -0.02389570 -0.04786200
v -0.02643890 -0.02219340 -0.04842110
v -0.03000100 -0.02139530 -0.04766320
v -0.02850410 -0.02014370 -0.04868590
v -0.02890570 -0.01838000 -0.04921550
v -0.02643900 -0.02039100 -0.04908880
v -0.02720150 -0.01868670 -0.04954450
v -0.02513210 -0.02513760 -0.04719020
v -0.02363130 -0.02383350 -0.04841220
v -0.02441990 -0.02239250 -0.04878930
v -0.02311790 -0.02555280 -0.04758010
v -0.02174670 -0.02409460 -0.04864340
v -0.02203270 -0.02243630 -0.04926420
v -0.02443390 -0.02069580 -0.04945220
v -0.02522300 -0.01905000 -0.04983340
v -0.02265470 -0.02096420 -0.04964060
v -0.02317680 -0.01925720 -0.05006300
v -0.02365200 -0.01745710 -0.05043410
v -0.02087250 -0.01955540 -0.05024850
v -0.02153270 -0.01777910 -0.05053520
v -0.02997720 -0.02556620 -0.04485650
v -0.02802280 -0.02605110 -0.04541730
v -0.02592800 -0.02632320 -0.04608420
v -0.02003970 -0.02949760 -0.04385720
v -0.01931630 -0.02863400 -0.04549820
v -0.02059700 -0.02736920 -0.04670190
v -0.02067300 -0.03017070 -0.04238760
v -0.01810450 -0.02969300 -0.04411820
v -0.01704930 -0.02870760 -0.04589480
v -0.01831310 -0.02762750 -0.04686090
v -0.01873280 -0.03041190 -0.04254970
v -0.02109200 -0.03071930 -0.04077520
v -0.01991800 -0.03135930 -0.03970050
v -0.01902730 -0.03101290 -0.04106250
v -0.02019000 -0.03201370 -0.03784980
v -0.01771710 -0.03167780 -0.03966000
v -0.01715390 -0.03123750 -0.04115610
v -0.01837490 -0.03218600 -0.03802870
v -0.01661140 -0.03053300 -0.04298940
v -0.01516960 -0.03135070 -0.04150150
v -0.01428940 -0.03063710 -0.04341010
v -0.01615460 -0.02968930 -0.04462500
v -0.01465280 -0.02858880 -0.04627580
v -0.01624140 -0.02738230 -0.04732500
v -0.01288250 -0.03145470 -0.04177490
v -0.01198950 -0.03070160 -0.04353260
v -0.01367790 -0.02968310 -0.04500210
v -0.01215990 -0.02839910 -0.04651980
v -0.01376860 -0.02732620 -0.04758710
v -0.01512070 -0.03198800 -0.03975120
v -0.01623520 -0.03235200 -0.03818930
v -0.01282420 -0.03210870 -0.03982080
v -0.01378410 -0.03266240 -0.03809090
v -0.02096130 -0.02582880 -0.04783250
v -0.01891500 -0.02625530 -0.04793200
v -0.01974720 -0.02433820 -0.04883260
v -0.01968190 -0.02230410 -0.04958310
v -0.01685180 -0.02625230 -0.04817510
v -0.01731660 -0.02440800 -0.04905100
v -0.01746790 -0.02231820 -0.04974240
v -0.02051870 -0.02082350 -0.04995660
v -0.01874810 -0.01936460 -0.05029130
v -0.01932210 -0.01790990 -0.05059250
v -0.01820540 -0.02052850 -0.05015010
v -0.01628940 -0.01941710 -0.05042190
v -0.01698700 -0.01782020 -0.05063290
v -0.01431220 -0.02628650 -0.04838360
v -0.01488660 -0.02449780 -0.04917600
v -0.01509150 -0.02233480 -0.04990960
v -0.01205360 -0.02612500 -0.04848570
v -0.01256500 -0.02456020 -0.04924600
v -0.01249320 -0.02252230 -0.04988990
v -0.01573860 -0.02044950 -0.05029160
v -0.01411560 -0.01933560 -0.05042510
v -0.01464030 -0.01785770 -0.05063120
v -0.01320150 -0.02056100 -0.05035590
v -0.01166680 -0.01943530 -0.05047870
v -0.01222960 -0.01803160 -0.05067500
v -0.02967710 -0.01683710 -0.04951600
v -0.02974690 -0.01490590 -0.04997490
v -0.03008280 -0.01285300 -0.05028830
v -0.02821270 -0.01533920 -0.05022380
v -0.02828180 -0.01341940 -0.05048830
v -0.02764270 -0.01695230 -0.04997770
v -0.02557500 -0.01729680 -0.05025910
v -0.02630120 -0.01552400 -0.05047570
v -0.02611230 -0.01333970 -0.05075100
v -0.02813100 -0.01115480 -0.05072610
v -0.02831120 -0.00867792 -0.05082730
v -0.02599700 -0.01107430 -0.05084900
v -0.02573930 -0.00859397 -0.05094730
v -0.02398540 -0.01535670 -0.05073770
v -0.02383630 -0.01322110 -0.05086040
v -0.02154210 -0.01545940 -0.05082180
v -0.02133060 -0.01295470 -0.05096150
v -0.02355070 -0.01079730 -0.05095410
v -0.02333280 -0.00838274 -0.05098960
v -0.02112330 -0.01057270 -0.05099530
v -0.02097450 -0.00821663 -0.05095170
v -0.02833840 -0.00619802 -0.05085640
v -0.02822540 -0.00396805 -0.05091130
v -0.02562380 -0.00613775 -0.05099070
v -0.02561900 -0.00378815 -0.05097080
v -0.02800320 -0.00182660 -0.05098760
v -0.02784090 0.00046388 -0.05100290
v -0.02553280 -0.00159363 -0.05097650
v -0.02539340 0.00060502 -0.05096910
v -0.02319260 -0.00601023 -0.05095200
v -0.02314410 -0.00373816 -0.05092790
v -0.02091430 -0.00594938 -0.05092030
v -0.02089520 -0.00373241 -0.05090830
v -0.02311990 -0.00154286 -0.05092280
v -0.02309670 0.00065076 -0.05091860
v -0.02088500 -0.00153099 -0.05090360
v -0.02088170 0.00066716 -0.05090230
v -0.01913960 -0.01547560 -0.05086880
v -0.01889960 -0.01286300 -0.05099260
v -0.01667060 -0.01566350 -0.05083540
v -0.01654360 -0.01291390 -0.05096590
v -0.01876800 -0.01042740 -0.05095060
v -0.01871020 -0.00814946 -0.05091910
v -0.01649840 -0.01039030 -0.05092680
v -0.01649320 -0.00813472 -0.05090840
v -0.01435460 -0.01574850 -0.05079100
v -0.01432810 -0.01292670 -0.05096190
v -0.01213780 -0.01576260 -0.05078350
v -0.01213000 -0.01292970 -0.05096270
v -0.01429550 -0.01038220 -0.05092260
v -0.01429130 -0.00812797 -0.05090470
v -0.01209910 -0.01038240 -0.05092290
v -0.01209290 -0.00812773 -0.05090430
v -0.01869340 -0.00593056 -0.05090710
v -0.01868680 -0.00372685 -0.05090290
v -0.01648850 -0.00592503 -0.05090280
v -0.01648690 -0.00372522 -0.05090150
v -0.01868430 -0.00152808 -0.05090160
v -0.01868370 0.00067009 -0.05090110
v -0.01648630 -0.00152718 -0.05090110
v -0.01648630 0.00067049 -0.05090100
v -0.01428970 -0.00592307 -0.05090170
v -0.01428900 -0.00372455 -0.05090110
v -0.01209160 -0.00592286 -0.05090140
v -0.01209140 -0.00372448 -0.05090100
v -0.01428880 -0.00152693 -0.05090100
v -0.01428880 0.00067055 -0.05090090
v -0.01209130 -0.00152690 -0.05090100
v -0.01209130 0.00067056 -0.05090090
v -0.04742730 -0.01916290 -0.03648540
v -0.04793610 -0.01970280 -0.03432770
v -0.04648290 -0.02059030 -0.03566640
v -0.04808190 -0.02011960 -0.03225880
v -0.04687470 -0.02094330 -0.03355080
v -0.04524920 -0.02149870 -0.03644010
v -0.04580970 -0.02191380 -0.03417980
v -0.04432200 -0.02280450 -0.03583810
v -0.04588760 -0.02232450 -0.03193340
v -0.04469770 -0.02319010 -0.03365550
v -0.04812260 -0.02050530 -0.03005010
v -0.04706560 -0.02130990 -0.03136000
v -0.04807360 -0.02046820 -0.02770650
v -0.04703780 -0.02139700 -0.02884910
v -0.04604590 -0.02231150 -0.02955460
v -0.04496660 -0.02335240 -0.03103610
v -0.04582160 -0.02225800 -0.02723280
v -0.04489250 -0.02336630 -0.02856180
v -0.04303800 -0.02379120 -0.03660790
v -0.04354270 -0.02421280 -0.03450630
v -0.04213820 -0.02502220 -0.03570020
v -0.04383290 -0.02446640 -0.03197300
v -0.04250260 -0.02536300 -0.03355470
v -0.04080140 -0.02573510 -0.03643450
v -0.04105720 -0.02634780 -0.03410560
v -0.03935890 -0.02704710 -0.03511540
v -0.04124350 -0.02657600 -0.03161510
v -0.03949140 -0.02747940 -0.03278940
v -0.04385520 -0.02444140 -0.02937180
v -0.04269790 -0.02557580 -0.03098660
v -0.04364060 -0.02423630 -0.02702760
v -0.04266580 -0.02547200 -0.02849230
v -0.04131470 -0.02654620 -0.02915190
v -0.03961840 -0.02761880 -0.03030990
v -0.04130570 -0.02621690 -0.02708320
v -0.03964450 -0.02734710 -0.02779260
v -0.04812380 -0.02015740 -0.02503740
v -0.04701830 -0.02120710 -0.02653750
v -0.04808100 -0.01965490 -0.02278660
v -0.04630700 -0.02096460 -0.02361030
v -0.04576010 -0.02177000 -0.02496410
v -0.04467970 -0.02304230 -0.02627410
v -0.04520360 -0.02174470 -0.02384510
v -0.04535210 -0.02135290 -0.02294480
v -0.04391610 -0.02245740 -0.02337050
v -0.04760100 -0.01961720 -0.02165890
v -0.04780410 -0.01923150 -0.02095760
v -0.04640010 -0.01994490 -0.02090670
v -0.04425260 -0.02128680 -0.02143480
v -0.04722100 -0.01905820 -0.01963410
v -0.04561260 -0.01939760 -0.01835150
v -0.04385690 -0.02030860 -0.01874560
v -0.04327010 -0.02386440 -0.02501070
v -0.04193270 -0.02530640 -0.02587690
v -0.04294060 -0.02348520 -0.02376410
v -0.04272130 -0.02335120 -0.02301960
v -0.04186860 -0.02403830 -0.02306630
v -0.04084460 -0.02621530 -0.02601760
v -0.04107260 -0.02579050 -0.02520510
v -0.03971480 -0.02655990 -0.02528600
v -0.04037920 -0.02572720 -0.02414290
v -0.04082160 -0.02407320 -0.02166050
v -0.04189470 -0.02270620 -0.02117800
v -0.04082280 -0.02350950 -0.02078840
v -0.03958810 -0.02448160 -0.02127440
v -0.04335710 -0.02194490 -0.02144690
v -0.04290980 -0.02174680 -0.02067040
v -0.04184800 -0.02103500 -0.01876910
v -0.04055930 -0.02187630 -0.01916260
v -0.04058690 -0.02152790 -0.01813390
v -0.03941590 -0.02249000 -0.01881230
v -0.03634090 -0.02870280 -0.03432200
v -0.03765810 -0.02774240 -0.03559690
v -0.03803180 -0.02808530 -0.03375160
v -0.03672530 -0.02897760 -0.03225140
v -0.03529130 -0.02942080 -0.03291310
v -0.03501770 -0.02903480 -0.03485980
v -0.03633210 -0.02809990 -0.03638900
v -0.03799530 -0.02840330 -0.03134800
v -0.03678260 -0.02893230 -0.02972890
v -0.03540940 -0.02953790 -0.03058000
v -0.03819580 -0.02825020 -0.02864960
v -0.03673500 -0.02871420 -0.02734040
v -0.03531460 -0.02941820 -0.02793000
v -0.03355970 -0.02938900 -0.03555710
v -0.03377010 -0.02990920 -0.03368030
v -0.03223190 -0.03028940 -0.03421710
v -0.03246240 -0.03074260 -0.03191100
v -0.03073460 -0.03122760 -0.03275200
v -0.03051680 -0.03074740 -0.03482250
v -0.03196280 -0.02979670 -0.03626440
v -0.03404550 -0.03013370 -0.03127640
v -0.03394210 -0.03011450 -0.02868150
v -0.03242730 -0.03078510 -0.02962000
v -0.03066880 -0.03144790 -0.03030430
v -0.03239020 -0.03053900 -0.02723030
v -0.03066010 -0.03126740 -0.02776080
v -0.03631460 -0.02858230 -0.02587860
v -0.03747350 -0.02792780 -0.02586540
v -0.03633250 -0.02827900 -0.02505480
v -0.03519210 -0.02873820 -0.02535940
v -0.03313990 -0.02977530 -0.02591360
v -0.03399040 -0.02860440 -0.02369820
v -0.03524580 -0.02796040 -0.02366380
v -0.03396730 -0.02815310 -0.02297300
v -0.03303100 -0.02861770 -0.02325200
v -0.03188440 -0.03047020 -0.02601440
v -0.03197620 -0.03007630 -0.02514820
v -0.03077170 -0.03052160 -0.02535930
v -0.03075040 -0.02957180 -0.02344200
v -0.03195180 -0.02790970 -0.02131560
v -0.03299390 -0.02729820 -0.02117130
v -0.03092620 -0.02735420 -0.02023220
v -0.03075250 -0.02842700 -0.02150700
v -0.03895550 -0.02597700 -0.02288210
v -0.03734170 -0.02698360 -0.02335630
v -0.03828320 -0.02565080 -0.02164250
v -0.03743640 -0.02529730 -0.02062630
v -0.03715810 -0.02621150 -0.02180560
v -0.03858910 -0.02366750 -0.01924300
v -0.03750570 -0.02306130 -0.01816790
v -0.03732630 -0.02426070 -0.01926970
v -0.03632340 -0.02571910 -0.02039090
v -0.03537170 -0.02633360 -0.02089750
v -0.03639920 -0.02363790 -0.01807640
v -0.03523180 -0.02469940 -0.01883030
v -0.03421470 -0.02549610 -0.01918480
v -0.03307270 -0.02492880 -0.01822560
v -0.03299010 -0.02603300 -0.01934480
v -0.03096150 -0.02518540 -0.01790770
v -0.03078840 -0.02647260 -0.01905890
v -0.04500290 -0.01898250 -0.01688510
v -0.04626300 -0.01844590 -0.01696550
v -0.04499800 -0.01872340 -0.01611880
v -0.04392110 -0.01913320 -0.01628710
v -0.04181980 -0.02009150 -0.01662860
v -0.04285640 -0.01880310 -0.01474780
v -0.04395530 -0.01835560 -0.01463370
v -0.04183820 -0.01839220 -0.01349810
v -0.04178940 -0.01927030 -0.01499870
v -0.03949030 -0.02087400 -0.01680340
v -0.03989990 -0.01889270 -0.01351300
v -0.03986260 -0.01968500 -0.01481730
v -0.03874020 -0.02148390 -0.01696250
v -0.03746800 -0.02089160 -0.01576530
v -0.03743300 -0.02207100 -0.01710140
v -0.03873760 -0.01939340 -0.01374260
v -0.03734670 -0.01973200 -0.01408070
v -0.03531100 -0.02131610 -0.01554470
v -0.03526970 -0.02305090 -0.01719930
v -0.03512790 -0.02024380 -0.01416050
v -0.03612760 -0.01908670 -0.01265020
v -0.03709920 -0.01879800 -0.01257500
v -0.03433460 -0.01870990 -0.01219720
v -0.03470840 -0.01937650 -0.01296300
v -0.03433900 -0.02350120 -0.01728030
v -0.03312900 -0.02226540 -0.01592820
v -0.03322660 -0.02385470 -0.01727360
v -0.03104310 -0.02273750 -0.01593560
v -0.03098670 -0.02417150 -0.01693140
v -0.03419380 -0.02191630 -0.01577910
v -0.03311770 -0.02084360 -0.01447110
v -0.03189090 -0.02144410 -0.01487110
v -0.03100040 -0.02040110 -0.01380640
v -0.03089750 -0.02163860 -0.01491470
v -0.03248880 -0.01858320 -0.01171880
v -0.03272130 -0.01950950 -0.01280630
v -0.03061250 -0.01856240 -0.01155030
v -0.03083970 -0.01948230 -0.01263370
v -0.04737620 -0.01737180 -0.01511110
v -0.04730410 -0.01700380 -0.01418150
v -0.04629180 -0.01743240 -0.01438740
v -0.04605150 -0.01663870 -0.01240570
v -0.04719560 -0.01541860 -0.01046900
v -0.04720280 -0.01497590 -0.00970930
v -0.04617270 -0.01539340 -0.00997176
v -0.04504270 -0.01721480 -0.01272990
v -0.04405900 -0.01686130 -0.01154300
v -0.04378380 -0.01757490 -0.01284810
v -0.04384560 -0.01602550 -0.00986248
v -0.04269090 -0.01727920 -0.01150620
v -0.04186270 -0.01750630 -0.01184670
v -0.04144210 -0.01667330 -0.01022310
v -0.03960830 -0.01810730 -0.01204060
v -0.04050070 -0.01699170 -0.01033970
v -0.03915400 -0.01652340 -0.00965681
v -0.03928370 -0.01721890 -0.01052760
v -0.04518570 -0.01469280 -0.00801842
v -0.04609920 -0.01442840 -0.00794385
v -0.04371470 -0.01440630 -0.00710986
v -0.04381810 -0.01514290 -0.00830988
v -0.04598100 -0.01272600 -0.00467390
v -0.04624910 -0.01335430 -0.00603734
v -0.04467370 -0.01323880 -0.00514109
v -0.04359120 -0.01336250 -0.00550254
v -0.04566470 -0.01201560 -0.00348601
v -0.04546780 -0.01023760 -0.00074200
v -0.04564720 -0.01105230 -0.00191255
v -0.04337530 -0.01222320 -0.00411123
v -0.04300070 -0.00917050 -0.00063092
v -0.04315800 -0.01067350 -0.00236008
v -0.04130270 -0.01457980 -0.00713578
v -0.04140310 -0.01549680 -0.00837873
v -0.03881920 -0.01466330 -0.00742923
v -0.03889130 -0.01579040 -0.00860112
v -0.04117260 -0.01324160 -0.00539386
v -0.03988610 -0.01253570 -0.00475202
v -0.03873970 -0.01264800 -0.00520938
v -0.03888240 -0.01357410 -0.00619992
v -0.04182760 -0.01313750 -0.00503347
v -0.04083340 -0.01145680 -0.00382363
v -0.04195980 -0.01271740 -0.00449398
v -0.04205110 -0.01113780 -0.00276797
v -0.04083930 -0.00934814 -0.00235322
v -0.03965230 -0.00955618 -0.00249842
v -0.03875710 -0.00922407 -0.00313829
v -0.03867310 -0.01123950 -0.00402723
v -0.04199530 -0.00730460 -0.00015565
v -0.04065610 -0.00656218 -0.00075340
v -0.03948090 -0.00900908 -0.00261863
v -0.03890700 -0.00730458 -0.00207648
v -0.03767130 -0.00782473 -0.00322784
v -0.03987350 -0.00426099 -0.00012052
v -0.03839120 -0.00464538 -0.00117993
v -0.03943960 -0.00300964 -0.00036379
v -0.03844700 -0.00195179 -0.00069125
v -0.03673800 -0.01667940 -0.00983259
v -0.03712680 -0.01745510 -0.01074340
v -0.03433500 -0.01681660 -0.00991781
v -0.03454900 -0.01779350 -0.01098260
v -0.03187310 -0.01682810 -0.01000680
v -0.03207560 -0.01786160 -0.01091370
v -0.02995960 -0.01659510 -0.00991656
v -0.03000700 -0.01782820 -0.01084100
v -0.03653100 -0.01463940 -0.00769828
v -0.03651250 -0.01581580 -0.00875091
v -0.03440790 -0.01457100 -0.00801148
v -0.03421810 -0.01573220 -0.00876638
v -0.03652700 -0.01216260 -0.00561882
v -0.03646620 -0.01362570 -0.00638862
v -0.03457820 -0.01131990 -0.00539269
v -0.03431030 -0.01315200 -0.00680850
v -0.03644440 -0.00961988 -0.00367734
v -0.03668570 -0.01114310 -0.00463756
v -0.03540140 -0.01145620 -0.00493978
v -0.03422790 -0.00964452 -0.00457235
v -0.03325960 -0.01016740 -0.00495655
v -0.03233310 -0.01421660 -0.00789851
v -0.03181930 -0.01567960 -0.00897082
v -0.03012940 -0.01344360 -0.00720410
v -0.03001420 -0.01527110 -0.00878582
v -0.03235850 -0.01161200 -0.00578460
v -0.03243430 -0.01323000 -0.00678725
v -0.03197370 -0.01002310 -0.00544780
v -0.03106950 -0.01319470 -0.00715619
v -0.03004020 -0.01161030 -0.00612866
v -0.02895340 -0.01191730 -0.00627769
v -0.03024700 -0.00913046 -0.00512789
v -0.03666510 -0.00713401 -0.00290233
v -0.03794240 -0.00665728 -0.00242568
v -0.03658850 -0.00508305 -0.00228877
v -0.03541430 -0.00520999 -0.00215709
v -0.03417620 -0.00748237 -0.00333163
v -0.03424450 -0.00439014 -0.00236767
v -0.03659590 -0.00246501 -0.00129854
v -0.03808520 0.00103934 -0.00074488
v -0.03643820 0.00004466 -0.00121359
v -0.03546660 -0.00437153 -0.00193879
v -0.03504630 -0.00279509 -0.00183324
v -0.03359270 -0.00117385 -0.00209401
v -0.03515220 -0.00018099 -0.00164463
v -0.03379170 0.00129188 -0.00195573
v -0.03233520 -0.00731757 -0.00407892
v -0.03266610 -0.00870202 -0.00470125
v -0.03185380 -0.00526009 -0.00322542
v -0.03128630 -0.00886209 -0.00503496
v -0.02994750 -0.00739985 -0.00448163
v -0.02919650 -0.00759915 -0.00432644
v -0.03015370 -0.00530860 -0.00357801
v -0.03167440 -0.00231940 -0.00260149
v -0.03186440 0.00074700 -0.00236039
v -0.02985010 -0.00278394 -0.00288369
v -0.02989810 0.00016765 -0.00262775
v -0.02989310 -0.03025360 -0.03662690
v -0.02868810 -0.03123150 -0.03512920
v -0.02777960 -0.03082670 -0.03688330
v -0.02886780 -0.03175580 -0.03294220
v -0.02674720 -0.03163330 -0.03534910
v -0.02695080 -0.03225350 -0.03326600
v -0.02883630 -0.03209650 -0.03045000
v -0.02883670 -0.03183500 -0.02774920
v -0.02716480 -0.03255760 -0.03126650
v -0.02713940 -0.03257430 -0.02862450
v -0.02322650 -0.03276350 -0.03421520
v -0.02449270 -0.03208230 -0.03562470
v -0.02526910 -0.03249350 -0.03388190
v -0.02377510 -0.03319230 -0.03231140
v -0.02203570 -0.03340180 -0.03255700
v -0.02114000 -0.03306260 -0.03443880
v -0.02280240 -0.03232330 -0.03579110
v -0.02554120 -0.03291520 -0.03175380
v -0.02576950 -0.03302120 -0.02944290
v -0.02409800 -0.03336970 -0.03028310
v -0.02562640 -0.03286870 -0.02735230
v -0.02404860 -0.03330800 -0.02795390
v -0.02228640 -0.03364430 -0.03026080
v -0.02225680 -0.03347260 -0.02764820
v -0.02859510 -0.03136910 -0.02546460
v -0.02978030 -0.03013830 -0.02371440
v -0.02872040 -0.02984170 -0.02259290
v -0.02848030 -0.03064760 -0.02382960
v -0.02640080 -0.03217500 -0.02586150
v -0.02758660 -0.03015470 -0.02245300
v -0.02656200 -0.03083120 -0.02299920
v -0.02981360 -0.02770440 -0.02011040
v -0.02871900 -0.02845740 -0.02064000
v -0.02637290 -0.02954760 -0.02105620
v -0.02762520 -0.02761350 -0.01913200
v -0.02862220 -0.02678690 -0.01872670
v -0.02647620 -0.02704510 -0.01809680
v -0.02657400 -0.02805170 -0.01926830
v -0.02526390 -0.03272530 -0.02609020
v -0.02535890 -0.03238230 -0.02526150
v -0.02412780 -0.03273490 -0.02546520
v -0.02197550 -0.03328050 -0.02552700
v -0.02313960 -0.03234520 -0.02375920
v -0.02408800 -0.03190070 -0.02352620
v -0.02205100 -0.03209020 -0.02261820
v -0.02186310 -0.03275810 -0.02392640
v -0.02531790 -0.03022560 -0.02133590
v -0.02432070 -0.02979920 -0.02037400
v -0.02419340 -0.03075000 -0.02156230
v -0.02537680 -0.02742990 -0.01812420
v -0.02432390 -0.02818420 -0.01848220
v -0.02317380 -0.03016290 -0.02024450
v -0.02220820 -0.03079190 -0.02073900
v -0.02209950 -0.02935310 -0.01896170
v -0.02985230 -0.02570710 -0.01795680
v -0.02008890 -0.03362840 -0.03265850
v -0.01946470 -0.03325530 -0.03453470
v -0.02084630 -0.03250180 -0.03622630
v -0.01897730 -0.03264050 -0.03643880
v -0.01752070 -0.03336400 -0.03493640
v -0.01686130 -0.03288830 -0.03659910
v -0.01772120 -0.03388640 -0.03288710
v -0.02020120 -0.03388480 -0.03035880
v -0.02015910 -0.03386250 -0.02775200
v -0.01797250 -0.03417470 -0.03036630
v -0.01794440 -0.03423330 -0.02760930
v -0.01528590 -0.03334570 -0.03530470
v -0.01450550 -0.03303980 -0.03671440
v -0.01520040 -0.03394600 -0.03323230
v -0.01283610 -0.03345170 -0.03543630
v -0.01194490 -0.03308810 -0.03683120
v -0.01269580 -0.03398220 -0.03354840
v -0.01532730 -0.03439460 -0.03071160
v -0.01547520 -0.03458550 -0.02791990
v -0.01255650 -0.03448600 -0.03107320
v -0.01281590 -0.03474770 -0.02810020
v -0.01990150 -0.03347940 -0.02511710
v -0.02095840 -0.03228390 -0.02241210
v -0.01997900 -0.03267180 -0.02286220
v -0.01792820 -0.03374830 -0.02503090
v -0.01772460 -0.03320540 -0.02293070
v -0.01878180 -0.03219080 -0.02122650
v -0.01983280 -0.03171530 -0.02103850
v -0.01779870 -0.03166970 -0.02004180
v -0.01767990 -0.03256770 -0.02142230
v -0.02105160 -0.02997630 -0.01910330
v -0.01995570 -0.02948530 -0.01813080
v -0.01984490 -0.03057150 -0.01931190
v -0.01881370 -0.02980940 -0.01795950
v -0.01774210 -0.03044580 -0.01840610
v -0.01561230 -0.03412910 -0.02504360
v -0.01545080 -0.03363200 -0.02292970
v -0.01309160 -0.03456770 -0.02530260
v -0.01296230 -0.03402260 -0.02291840
v -0.01579090 -0.03212910 -0.01998950
v -0.01568730 -0.03288930 -0.02128110
v -0.01459620 -0.03262410 -0.02023310
v -0.01350290 -0.03291700 -0.02060250
v -0.01569030 -0.03108250 -0.01847300
v -0.01343460 -0.03179930 -0.01867680
v -0.02320510 -0.02714880 -0.01709470
v -0.02448360 -0.02665710 -0.01708360
v -0.02203900 -0.02639720 -0.01591260
v -0.02213870 -0.02783490 -0.01727570
v -0.02900070 -0.02300900 -0.01569200
v -0.02873890 -0.02502570 -0.01705430
v -0.02780680 -0.02539880 -0.01710240
v -0.02637800 -0.02423500 -0.01616750
v -0.02651380 -0.02595940 -0.01708800
v -0.02773130 -0.02348210 -0.01572590
v -0.02874210 -0.02043310 -0.01355020
v -0.02870000 -0.02174660 -0.01463190
v -0.02650330 -0.02073260 -0.01341760
v -0.02649170 -0.02278340 -0.01495400
v -0.02849800 -0.01858160 -0.01139950
v -0.02870160 -0.01955280 -0.01246570
v -0.02649420 -0.01867950 -0.01133680
v -0.02641550 -0.01987930 -0.01242390
v -0.02433290 -0.02488310 -0.01605200
v -0.02526710 -0.02275510 -0.01529120
v -0.02399580 -0.02193900 -0.01403890
v -0.02423190 -0.02375220 -0.01495550
v -0.02317000 -0.02553100 -0.01568260
v -0.02195620 -0.02259900 -0.01389940
v -0.02223200 -0.02457340 -0.01507870
v -0.02531170 -0.02119830 -0.01348960
v -0.02540240 -0.01905340 -0.01147210
v -0.02410330 -0.02023250 -0.01227420
v -0.02331730 -0.02089440 -0.01265380
v -0.02210270 -0.02031210 -0.01171720
v -0.02208220 -0.02154120 -0.01273950
v -0.02336230 -0.01860390 -0.01064570
v -0.02412320 -0.01845050 -0.01057000
v -0.02201690 -0.01773630 -0.00941409
v -0.02211520 -0.01921260 -0.01072630
v -0.01988610 -0.02716450 -0.01580880
v -0.01993110 -0.02846560 -0.01696270
v -0.01874860 -0.02765510 -0.01568920
v -0.01767310 -0.02884430 -0.01655150
v -0.01666150 -0.02958080 -0.01689160
v -0.01549650 -0.02900230 -0.01592120
v -0.01542670 -0.03019250 -0.01709680
v -0.01654670 -0.02743890 -0.01464400
v -0.01766560 -0.02661940 -0.01444420
v -0.01539080 -0.02700480 -0.01384370
v -0.01549840 -0.02817050 -0.01487910
v -0.01335840 -0.02940460 -0.01561060
v -0.01329430 -0.03059260 -0.01697090
v -0.01339410 -0.02731150 -0.01344210
v -0.01315500 -0.02863240 -0.01457400
v -0.02102880 -0.02530090 -0.01475650
v -0.01967260 -0.02431670 -0.01377140
v -0.01991330 -0.02603970 -0.01476580
v -0.02094480 -0.02332950 -0.01354380
v -0.01857650 -0.02526900 -0.01373210
v -0.01870530 -0.02317900 -0.01258580
v -0.02000370 -0.02250760 -0.01280860
v -0.01743950 -0.02222440 -0.01157700
v -0.01766170 -0.02453540 -0.01308960
v -0.01999230 -0.02070320 -0.01131920
v -0.01996340 -0.01834720 -0.00940181
v -0.01987270 -0.01958270 -0.01033420
v -0.01872600 -0.02118860 -0.01125190
v -0.01874000 -0.01886150 -0.00929145
v -0.01773170 -0.02016810 -0.01004280
v -0.01643020 -0.02509260 -0.01276480
v -0.01526420 -0.02406660 -0.01186340
v -0.01547710 -0.02599670 -0.01292310
v -0.01648650 -0.02309060 -0.01161800
v -0.01345310 -0.02504470 -0.01154620
v -0.01342470 -0.02629240 -0.01242060
v -0.01427060 -0.02314370 -0.01070460
v -0.01555040 -0.02226060 -0.01087320
v -0.01309750 -0.02188740 -0.00967531
v -0.01318160 -0.02373110 -0.01087370
v -0.01651030 -0.02101120 -0.01026690
v -0.01530910 -0.02045040 -0.00935988
v -0.01425590 -0.02102540 -0.00935648
v -0.01657550 -0.01848380 -0.00830655
v -0.01775390 -0.01812800 -0.00838757
v -0.01547100 -0.01760050 -0.00715922
v -0.01543340 -0.01921690 -0.00840728
v -0.01344500 -0.01832490 -0.00707264
v -0.01346940 -0.02011700 -0.00841275
v -0.02829380 -0.01629520 -0.00955191
v -0.02839060 -0.01761800 -0.01036720
v -0.02626670 -0.01643700 -0.00922715
v -0.02630790 -0.01773300 -0.01027030
v -0.02436210 -0.01665500 -0.00906355
v -0.02315030 -0.01708350 -0.00922007
v -0.02827690 -0.01353240 -0.00761199
v -0.02841900 -0.01518180 -0.00858405
v -0.02664640 -0.01318460 -0.00730932
v -0.02652310 -0.01497130 -0.00835389
v -0.02836630 -0.01227240 -0.00649893
v -0.02822070 -0.00919386 -0.00498688
v -0.02788630 -0.01087860 -0.00556943
v -0.02750620 -0.01243890 -0.00663792
v -0.02603870 -0.00888573 -0.00480405
v -0.02660260 -0.01146450 -0.00616414
v -0.02441750 -0.01386290 -0.00709850
v -0.02424800 -0.01535100 -0.00804407
v -0.02218760 -0.01426540 -0.00676830
v -0.02221090 -0.01615390 -0.00822030
v -0.02557480 -0.01214260 -0.00619501
v -0.02433320 -0.01138620 -0.00570934
v -0.02453970 -0.01264790 -0.00655385
v -0.02438370 -0.00998081 -0.00465340
v -0.02211070 -0.01120170 -0.00479030
v -0.02212810 -0.01289650 -0.00584643
v -0.02314990 -0.01043670 -0.00471839
v -0.02764390 -0.00754467 -0.00441963
v -0.02686930 -0.00827987 -0.00457806
v -0.02842630 -0.00500805 -0.00346701
v -0.02828600 -0.00640942 -0.00397776
v -0.02627390 -0.00483839 -0.00328765
v -0.02642490 -0.00692891 -0.00390288
v -0.02828870 -0.00291304 -0.00302974
v -0.02815960 0.00000112 -0.00287368
v -0.02683120 -0.00261207 -0.00295947
v -0.02680330 0.00009818 -0.00283219
v -0.02522830 -0.00803217 -0.00427675
v -0.02439210 -0.00706801 -0.00357232
v -0.02434880 -0.00854858 -0.00400674
v -0.02395900 -0.00486092 -0.00271237
v -0.02203620 -0.00677855 -0.00285814
v -0.02219260 -0.00932568 -0.00398080
v -0.02321810 -0.00601812 -0.00267023
v -0.02496240 -0.00254758 -0.00243771
v -0.02527690 0.00008958 -0.00243405
v -0.02279590 -0.00355044 -0.00180925
v -0.02344330 -0.00238722 -0.00192949
v -0.02173250 -0.00236470 -0.00116141
v -0.02206000 -0.00490427 -0.00201397
v -0.02363570 0.00017187 -0.00191141
v -0.02220320 0.00001056 -0.00125428
v -0.02117770 -0.01640870 -0.00822565
v -0.01984070 -0.01557600 -0.00704532
v -0.01994760 -0.01719240 -0.00834363
v -0.02086500 -0.01475770 -0.00680687
v -0.01785980 -0.01621340 -0.00692304
v -0.01885270 -0.01434400 -0.00586572
v -0.01990770 -0.01341990 -0.00554337
v -0.01758080 -0.01379900 -0.00497001
v -0.01780860 -0.01500440 -0.00594586
v -0.02090390 -0.01198470 -0.00493766
v -0.02094300 -0.00983209 -0.00367531
v -0.01962060 -0.00887156 -0.00275339
v -0.01998470 -0.01122580 -0.00409555
v -0.01852690 -0.01183880 -0.00398522
v -0.01743160 -0.01094030 -0.00284022
v -0.01755500 -0.01260780 -0.00404740
v -0.01863810 -0.00993265 -0.00272877
v -0.01658430 -0.01675050 -0.00687479
v -0.01648110 -0.01425230 -0.00490324
v -0.01558010 -0.01555060 -0.00557638
v -0.01444320 -0.01642200 -0.00594351
v -0.01320540 -0.01593930 -0.00507856
v -0.01332450 -0.01722440 -0.00611343
v -0.01428210 -0.01397470 -0.00391836
v -0.01560360 -0.01347610 -0.00396293
v -0.01311440 -0.01333280 -0.00268391
v -0.01322390 -0.01478200 -0.00408069
v -0.01545040 -0.01191490 -0.00258209
v -0.01640880 -0.01007090 -0.00168845
v -0.01776070 -0.00922886 -0.00183978
v -0.01549450 -0.00925515 -0.00066701
v -0.01536200 -0.01091620 -0.00179634
v -0.01426090 -0.01239650 -0.00244758
v -0.01432040 -0.01021060 -0.00051730
v -0.01343900 -0.01164270 -0.00131751
v -0.02100300 -0.00790805 -0.00266355
v -0.02084310 -0.00590348 -0.00168063
v -0.01969630 -0.00464634 -0.00072074
v -0.01991100 -0.00698301 -0.00201821
v -0.01878870 -0.00799575 -0.00163582
v -0.01762410 -0.00700875 -0.00038082
v -0.01867000 -0.00585085 -0.00047801
v -0.02039980 -0.00231050 -0.00045962
v -0.02064790 0.00022415 -0.00045282
v -0.01636050 -0.00802268 -0.00019150
v -0.05756510 -0.00472627 0.00092023
v -0.05647460 -0.00624528 0.00133995
v -0.05507980 -0.00769119 0.00054418
v -0.05623950 -0.00600810 0.00256190
v -0.05672790 -0.00463789 0.00313653
v -0.05593490 -0.00576901 0.00327641
v -0.05503180 -0.00659244 0.00302672
v -0.05402590 -0.00858107 0.00028339
v -0.05398780 -0.00823316 0.00113984
v -0.05290800 -0.00858823 0.00113927
v -0.05269820 -0.00782466 0.00299328
v -0.05394500 -0.00636117 0.00479068
v -0.05505080 -0.00485228 0.00518757
v -0.05372850 -0.00605340 0.00543131
v -0.05261620 -0.00655289 0.00526238
v -0.05825530 -0.00238614 0.00090776
v -0.05763400 -0.00222535 0.00293122
v -0.05846550 0.00010929 0.00097337
v -0.05792880 0.00020434 0.00283463
v -0.05643850 -0.00343217 0.00490388
v -0.05689260 -0.00185811 0.00469527
v -0.05587100 -0.00215162 0.00614595
v -0.05714460 0.00047798 0.00470014
v -0.05618710 0.00034981 0.00619050
v -0.05385760 -0.00396896 0.00728211
v -0.05426760 -0.00234280 0.00747552
v -0.05272350 -0.00243338 0.00829272
v -0.05258820 -0.00489314 0.00703337
v -0.05461390 0.00030844 0.00759791
v -0.05261230 0.00020731 0.00861983
v -0.05046560 -0.00929674 0.00103305
v -0.05170790 -0.00831075 0.00280004
v -0.05029130 -0.00777166 0.00403852
v -0.05018700 -0.00861608 0.00264110
v -0.04814220 -0.00948313 0.00107804
v -0.04778190 -0.00773229 0.00395144
v -0.04787710 -0.00860766 0.00250259
v -0.05021530 -0.00703463 0.00534515
v -0.05136920 -0.00578311 0.00699415
v -0.05001460 -0.00472258 0.00769124
v -0.04993350 -0.00600618 0.00674731
v -0.04749990 -0.00656184 0.00558109
v -0.04865270 -0.00636271 0.00641205
v -0.04756240 -0.00480076 0.00713505
v -0.04632010 -0.00513243 0.00645402
v -0.05003270 -0.00269679 0.00859930
v -0.05061090 -0.00006256 0.00911247
v -0.04785070 -0.00209855 0.00825543
v -0.04898820 -0.00223591 0.00892259
v -0.04809450 -0.00121234 0.00870806
v -0.04714000 0.00089885 0.00839278
v -0.04920050 -0.00157592 0.00897623
v -0.04948630 -0.00020703 0.00920368
v -0.04540770 -0.00892479 0.00108520
v -0.04646720 -0.00895560 0.00191476
v -0.04529920 -0.00710161 0.00302854
v -0.04417860 -0.00734094 0.00197832
v -0.04430160 -0.00924886 0.00021720
v -0.04305090 -0.00688182 0.00092502
v -0.04397410 -0.00693674 0.00217528
v -0.04349570 -0.00478383 0.00288984
v -0.04217130 -0.00400891 0.00162763
v -0.04463530 -0.00512855 0.00375543
v -0.04618240 -0.00693859 0.00456548
v -0.04517020 -0.00458366 0.00515086
v -0.04282580 -0.00233057 0.00288558
v -0.04177960 -0.00128362 0.00195888
v -0.04252420 0.00061632 0.00303159
v -0.04174690 0.00137303 0.00187796
v -0.04607410 -0.00440312 0.00680151
v -0.04586090 -0.00305325 0.00707346
v -0.04465090 -0.00149963 0.00597725
v -0.04568430 -0.00068484 0.00738734
v -0.04459040 0.00111745 0.00610867
v -0.04411900 -0.00463358 0.00380489
v -0.04409880 -0.00304051 0.00432764
v -0.04355160 -0.00079608 0.00451699
v -0.04171700 -0.00686910 0.00032478
v -0.04129550 -0.00511775 0.00050461
v -0.04065140 -0.00251328 0.00055338
v -0.04061600 0.00061133 0.00070060
v -0.03972690 -0.00202325 0.00022254
v -0.03944040 -0.00090132 -0.00029849
v -0.01444090 -0.01945180 0.01857960
v -0.01561740 -0.01834430 0.01719170
v -0.01597840 -0.01858440 0.01908860
v -0.01490460 -0.01945550 0.02103880
v -0.01320330 -0.02024490 0.02035290
v -0.01271650 -0.02023900 0.01814270
v -0.01404970 -0.01916100 0.01657310
v -0.01612560 -0.01872510 0.02160280
v -0.01492880 -0.01945880 0.02340070
v -0.01331410 -0.02021500 0.02273690
v -0.01438170 -0.01951500 0.02481070
v -0.01543850 -0.01898030 0.02469200
v -0.01443310 -0.01951780 0.02542990
v -0.01320980 -0.01985640 0.02550510
v -0.02318720 -0.00817086 0.01416630
v -0.02388820 -0.00637673 0.01388140
v -0.02432880 -0.00687300 0.01543910
v -0.02376510 -0.00864666 0.01592250
v -0.02258010 -0.00975248 0.01459510
v -0.02206640 -0.00926582 0.01315140
v -0.02250940 -0.00774197 0.01263590
v -0.02420770 -0.00466497 0.01352710
v -0.02491570 -0.00488476 0.01531650
v -0.02300950 -0.00602360 0.01215610
v -0.02348390 -0.00408288 0.01195300
v -0.02371500 -0.00177635 0.01149640
v -0.02444240 -0.00268554 0.01310150
v -0.02226310 -0.00524835 0.01062980
v -0.02261300 -0.00344355 0.01042460
v -0.02518260 -0.00309607 0.01485620
v -0.02362970 0.00081772 0.01143990
v -0.02441240 -0.00021542 0.01284570
v -0.02273190 -0.00106404 0.01014550
v -0.02526590 -0.00091616 0.01441670
v -0.01883270 -0.01040820 0.00980449
v -0.01935940 -0.00886715 0.00922079
v -0.02004230 -0.00970794 0.01063730
v -0.01957140 -0.01110070 0.01125400
v -0.01811830 -0.01195040 0.01038680
v -0.01741120 -0.01116950 0.00901608
v -0.01791180 -0.00988329 0.00848357
v -0.02143480 -0.01087870 0.01373310
v -0.02206550 -0.01124360 0.01544580
v -0.02072650 -0.01218560 0.01422660
v -0.02010520 -0.01168860 0.01259470
v -0.02089150 -0.01018630 0.01215870
v -0.01886990 -0.01254660 0.01195060
v -0.01946120 -0.01311760 0.01345650
v -0.01795500 -0.01400090 0.01252010
v -0.01742210 -0.01341060 0.01118910
v -0.01988020 -0.01369680 0.01504210
v -0.01850190 -0.01450760 0.01405930
v -0.01437870 -0.01474740 0.00981052
v -0.01514460 -0.01335890 0.00899111
v -0.01595300 -0.01408950 0.01041630
v -0.01511280 -0.01551150 0.01128690
v -0.01368190 -0.01596800 0.01067400
v -0.01286650 -0.01530390 0.00926189
v -0.01381530 -0.01386680 0.00846000
v -0.01657770 -0.01482970 0.01195540
v -0.01714770 -0.01546270 0.01353360
v -0.01560070 -0.01618550 0.01274630
v -0.01766800 -0.01595830 0.01513160
v -0.01619300 -0.01668190 0.01425770
v -0.01471670 -0.01745120 0.01380910
v -0.01504160 -0.01808450 0.01551630
v -0.01355810 -0.01870790 0.01487700
v -0.01304820 -0.01819050 0.01329390
v -0.01413020 -0.01680620 0.01217120
v -0.01670830 -0.01268190 0.00973320
v -0.01591210 -0.01191490 0.00831874
v -0.01654990 -0.01038650 0.00762023
v -0.01711620 -0.00887324 0.00704081
v -0.01494110 -0.01098300 0.00677198
v -0.01550390 -0.00958429 0.00615014
v -0.01434720 -0.01253570 0.00761771
v -0.01282860 -0.01307580 0.00696881
v -0.01358130 -0.01160350 0.00618662
v -0.01394390 -0.01018740 0.00547407
v -0.01853980 -0.00366761 0.00053262
v -0.01897070 -0.00249933 0.00042708
v -0.01803100 -0.00243823 0.00126946
v -0.01747530 -0.00500595 0.00081478
v -0.01922970 0.00004662 0.00025407
v -0.01793120 0.00010576 0.00126811
v -0.01650010 -0.00584777 0.00110156
v -0.01636430 -0.00565184 0.00121455
v -0.01586800 -0.00721012 0.00082356
v -0.01473100 -0.00838763 0.00069691
v -0.01462080 -0.00807745 0.00119456
v -0.01367660 -0.00969685 0.00056205
v -0.01606320 -0.00465571 0.00271167
v -0.01507880 -0.00651361 0.00315810
v -0.01415670 -0.00797012 0.00231533
v -0.01686140 -0.00617208 0.00509859
v -0.01751140 -0.00375831 0.00467462
v -0.01805850 -0.00546926 0.00602994
v -0.01761430 -0.00729787 0.00651056
v -0.01610540 -0.00809318 0.00559595
v -0.01544150 -0.00696699 0.00431876
v -0.01630070 -0.00543394 0.00375523
v -0.01458540 -0.00860849 0.00508466
v -0.01322430 -0.00949456 0.00442496
v -0.01402820 -0.00813981 0.00375844
v -0.01640730 -0.00387678 0.00237516
v -0.01717860 -0.00242546 0.00307176
v -0.01644640 -0.00378549 0.00257941
v -0.01759780 -0.00021756 0.00257667
v -0.01784790 -0.00226063 0.00432870
v -0.01854720 -0.00344610 0.00574218
v -0.01661770 -0.00377366 0.00349488
v -0.01794760 -0.00023285 0.00413051
v -0.01874420 -0.00104268 0.00542351
v -0.02104140 -0.00639120 0.00963071
v -0.02159420 -0.00412863 0.00927229
v -0.02201940 -0.00685456 0.01117250
v -0.02058050 -0.00806765 0.01012630
v -0.01978670 -0.00727955 0.00867794
v -0.02020910 -0.00551318 0.00825488
v -0.01840710 -0.00829830 0.00793617
v -0.01896440 -0.00641547 0.00735118
v -0.01943140 -0.00405061 0.00682283
v -0.02127370 -0.00866799 0.01145510
v -0.02175250 -0.00201782 0.00884374
v -0.02054320 -0.00379128 0.00797429
v -0.02186630 0.00053427 0.00894697
v -0.02075540 -0.00119625 0.00768397
v -0.01981090 -0.00202847 0.00663967
v -0.01978510 0.00031013 0.00663980
v -0.02355280 -0.01053680 0.01826110
v -0.02423790 -0.00900399 0.01784280
v -0.02454210 -0.00926803 0.01973530
v -0.02389560 -0.01083820 0.02049720
v -0.02272080 -0.01205730 0.01893960
v -0.02241720 -0.01176130 0.01715220
v -0.02306850 -0.01027050 0.01631770
v -0.02492980 -0.00918207 0.02178780
v -0.02408260 -0.01090300 0.02291310
v -0.02295520 -0.01229330 0.02121030
v -0.02502150 -0.00924379 0.02424370
v -0.02399490 -0.01100210 0.02548740
v -0.02309420 -0.01236050 0.02385660
v -0.02476110 -0.00944915 0.02682410
v -0.02369580 -0.01095400 0.02792560
v -0.02294170 -0.01231010 0.02651300
v -0.02438150 -0.00932665 0.02935330
v -0.02332330 -0.01068140 0.03002400
v -0.02259840 -0.01215310 0.02872280
v -0.02302800 -0.01027250 0.03131640
v -0.02352040 -0.00908678 0.03193060
v -0.02295540 -0.01010520 0.03199800
v -0.02204400 -0.01136420 0.03158100
v -0.02568530 -0.00609495 0.01855540
v -0.02616080 -0.00407132 0.01816970
v -0.02633760 -0.00481819 0.01976690
v -0.02599560 -0.00637337 0.02050100
v -0.02508120 -0.00765373 0.01873420
v -0.02472990 -0.00735904 0.01713420
v -0.02535340 -0.00564184 0.01684870
v -0.02663680 -0.00477155 0.02193030
v -0.02628870 -0.00633560 0.02277920
v -0.02552730 -0.00762103 0.02104670
v -0.02679010 -0.00494952 0.02457990
v -0.02627390 -0.00641424 0.02534970
v -0.02582260 -0.00753379 0.02335760
v -0.02645480 -0.00206459 0.01789930
v -0.02686830 -0.00246580 0.01975670
v -0.02573470 -0.00377533 0.01645760
v -0.02599640 -0.00149299 0.01611020
v -0.02589410 0.00069384 0.01577650
v -0.02648450 0.00012883 0.01755620
v -0.02687440 0.00023277 0.01953510
v -0.02719800 -0.00266182 0.02205400
v -0.02729040 -0.00286414 0.02472100
v -0.02728070 0.00015900 0.02193570
v -0.02749730 -0.00002880 0.02449580
v -0.02663990 -0.00502326 0.02736780
v -0.02605460 -0.00656039 0.02776830
v -0.02566540 -0.00798372 0.02608760
v -0.02627540 -0.00492572 0.02963460
v -0.02566990 -0.00647928 0.03009010
v -0.02527550 -0.00791938 0.02872070
v -0.02563380 -0.00589359 0.03114730
v -0.02557720 -0.00490133 0.03187930
v -0.02523000 -0.00601716 0.03208620
v -0.02488220 -0.00712016 0.03129210
v -0.02360270 -0.00787624 0.03337700
v -0.02363890 -0.00705495 0.03395580
v -0.02303050 -0.00804751 0.03422180
v -0.02264090 -0.00914848 0.03345880
v -0.02473640 -0.00484935 0.03365130
v -0.02711990 -0.00296196 0.02730070
v -0.02671960 -0.00279788 0.02981290
v -0.02741850 -0.00014523 0.02720090
v -0.02705900 -0.00021070 0.02961340
v -0.02626650 -0.00266714 0.03171590
v -0.02524130 -0.00384652 0.03356990
v -0.02565400 -0.00247003 0.03332950
v -0.02476120 -0.00268079 0.03474170
v -0.02648180 -0.00007752 0.03169510
v -0.02572400 -0.00016461 0.03349260
v -0.02498690 -0.00011431 0.03491450
v -0.01905010 -0.01504830 0.01590760
v -0.02021010 -0.01419770 0.01671460
v -0.01949560 -0.01564570 0.01829130
v -0.01815430 -0.01625400 0.01681120
v -0.02057880 -0.01460410 0.01878340
v -0.01953700 -0.01600270 0.02055430
v -0.01824650 -0.01676330 0.01887510
v -0.02092290 -0.01479420 0.02126570
v -0.01947770 -0.01613940 0.02286660
v -0.01833660 -0.01710910 0.02137810
v -0.02089390 -0.01492970 0.02388310
v -0.01966560 -0.01589230 0.02529620
v -0.01832800 -0.01715970 0.02399050
v -0.02119910 -0.01267080 0.01594540
v -0.02160700 -0.01322660 0.01810530
v -0.02190010 -0.01354190 0.02039780
v -0.02212410 -0.01355280 0.02304880
v -0.02205780 -0.01353570 0.02555940
v -0.01664290 -0.01718030 0.01607320
v -0.01718560 -0.01748890 0.01820050
v -0.01724130 -0.01787710 0.02060990
v -0.01703490 -0.01803610 0.02312220
v -0.01708360 -0.01790190 0.02549040
v -0.02084980 -0.01465740 0.02646340
v -0.01952200 -0.01562140 0.02775960
v -0.01826560 -0.01690220 0.02637680
v -0.02058130 -0.01442760 0.02857610
v -0.01930110 -0.01507970 0.03003550
v -0.01782420 -0.01654900 0.02899290
v -0.01871590 -0.01511480 0.03104780
v -0.01990180 -0.01383630 0.03140770
v -0.01888060 -0.01462210 0.03191510
v -0.01778640 -0.01548790 0.03170840
v -0.02178640 -0.01335310 0.02796120
v -0.02135650 -0.01314080 0.02994540
v -0.02111560 -0.01294530 0.03107900
v -0.02095510 -0.01272870 0.03167630
v -0.02111810 -0.01081280 0.03416970
v -0.02064470 -0.01229580 0.03289450
v -0.01915660 -0.01294090 0.03418790
v -0.01767400 -0.01459870 0.03341920
v -0.01716340 -0.01745550 0.02774270
v -0.01557370 -0.01850590 0.02721850
v -0.01676390 -0.01740040 0.02888720
v -0.01694880 -0.01699340 0.02972830
v -0.01560030 -0.01774570 0.02965040
v -0.01401640 -0.01932330 0.02675680
v -0.01317860 -0.01909200 0.02902380
v -0.01621810 -0.01698420 0.03081440
v -0.01679120 -0.01546340 0.03322550
v -0.01673630 -0.01501940 0.03410210
v -0.01542280 -0.01600920 0.03364160
v -0.01469330 -0.01730020 0.03210650
v -0.01320730 -0.01810860 0.03175680
v -0.01412530 -0.01689420 0.03346970
v -0.01397410 -0.01674760 0.03406260
v -0.01307840 -0.01706950 0.03399230
v -0.02291440 -0.00601076 0.03591880
v -0.02355310 -0.00483497 0.03564010
v -0.02226590 -0.00492772 0.03695990
v -0.02191720 -0.00709934 0.03623230
v -0.02344590 -0.00256843 0.03657370
v -0.02261530 -0.00378190 0.03713730
v -0.02396750 -0.00010090 0.03608030
v -0.02238220 -0.00138665 0.03801230
v -0.02280830 -0.00009198 0.03741380
v -0.02165240 0.00022110 0.03871150
v -0.02207670 -0.00231190 0.03807650
v -0.02081300 -0.01007920 0.03534140
v -0.02130250 -0.00917871 0.03557340
v -0.02023450 -0.00934573 0.03663870
v -0.01950260 -0.01111160 0.03580180
v -0.01866960 -0.01240800 0.03548950
v -0.01842130 -0.01214780 0.03608950
v -0.01748190 -0.01286410 0.03612260
v -0.01864500 -0.01035090 0.03746870
v -0.01914050 -0.00932357 0.03773390
v -0.01758900 -0.00930553 0.03903700
v -0.01761220 -0.01134060 0.03753600
v -0.01447020 -0.01547290 0.03557970
v -0.01557740 -0.01462290 0.03562170
v -0.01451640 -0.01479760 0.03646750
v -0.01328190 -0.01569700 0.03598280
v -0.01648320 -0.01229750 0.03767620
v -0.01547760 -0.01137600 0.03909380
v -0.01560120 -0.01294700 0.03767730
v -0.01650480 -0.01030940 0.03921450
v -0.01444760 -0.01240800 0.03896690
v -0.01336380 -0.01369450 0.03829930
v -0.01438260 -0.01036540 0.04046450
v -0.01572090 -0.00952664 0.04017600
v -0.01329310 -0.00930360 0.04150660
v -0.01359320 -0.01161090 0.04000700
v -0.02073490 -0.00826831 0.03696180
v -0.02072540 -0.00609966 0.03820880
v -0.02128310 -0.00478518 0.03813710
v -0.01998430 -0.00485986 0.03919850
v -0.01977180 -0.00724676 0.03844060
v -0.01850900 -0.00812761 0.03909130
v -0.01826950 -0.00601780 0.04021280
v -0.01898700 -0.00493444 0.04006660
v -0.01702400 -0.00490599 0.04108060
v -0.01772470 -0.00734721 0.04003880
v -0.02036190 -0.00238946 0.03954930
v -0.02051770 0.00021593 0.03971890
v -0.01943330 -0.00246052 0.04035240
v -0.01792200 -0.00268004 0.04120540
v -0.01958780 0.00028127 0.04035760
v -0.01847880 -0.00009962 0.04109500
v -0.01652160 -0.00817716 0.04046220
v -0.01537350 -0.00703766 0.04122750
v -0.01626710 -0.00586809 0.04122690
v -0.01430230 -0.00818742 0.04163260
v -0.01405840 -0.00568681 0.04239360
v -0.01544150 -0.00496662 0.04194140
v -0.01331840 -0.00445212 0.04282250
v -0.01352180 -0.00715822 0.04214090
v -0.01597250 -0.00355862 0.04191670
v -0.01678970 -0.00246367 0.04181440
v -0.01514140 -0.00225471 0.04241400
v -0.01714970 0.00008000 0.04175840
v -0.01564020 0.00025480 0.04255110
v -0.01304080 -0.00205892 0.04341870
v -0.01378430 0.00002109 0.04306650
v -0.05017700 0.00343793 -0.04362000
v -0.05129390 0.00183251 -0.04259070
v -0.04917140 0.00184682 -0.04480260
v -0.05000210 0.00564345 -0.04340450
v -0.05110020 0.00419378 -0.04247750
v -0.04906740 0.00418750 -0.04461040
v -0.05199470 0.00348435 -0.04135640
v -0.05306390 0.00250575 -0.03982520
v -0.05395770 0.00178567 -0.03838890
v -0.05174470 0.00551501 -0.04127520
v -0.05277030 0.00481421 -0.03989420
v -0.05360830 0.00413204 -0.03843580
v -0.04965240 0.00775929 -0.04314670
v -0.05107540 0.00673722 -0.04179740
v -0.04857010 0.00654294 -0.04452490
v -0.04978410 0.00866883 -0.04257340
v -0.04859250 0.00939444 -0.04349520
v -0.04926460 0.00970200 -0.04283270
v -0.05012210 0.00948332 -0.04179390
v -0.05187080 0.00661558 -0.04077920
v -0.05157400 0.00740762 -0.04099340
v -0.05222780 0.00736431 -0.03982740
v -0.05346770 0.00661015 -0.03785700
v -0.05204210 0.00985359 -0.03894810
v -0.05291960 0.00921297 -0.03762950
v -0.05153310 0.00859989 -0.04040320
v -0.05200240 0.01092200 -0.03828300
v -0.05118550 0.01097320 -0.03951650
v -0.05157720 0.01177730 -0.03838920
v -0.05219170 0.01162090 -0.03729840
v -0.04979800 0.01189780 -0.04094600
v -0.04926600 0.01055670 -0.04226130
v -0.04937320 0.01307630 -0.04056320
v -0.04813940 0.01350950 -0.04163340
v -0.04918750 0.01371410 -0.04040690
v -0.04967840 0.01382810 -0.03950120
v -0.05121880 0.01338310 -0.03734630
v -0.04934070 0.01532770 -0.03853350
v -0.04818290 0.01570760 -0.03961720
v -0.04903810 0.01645890 -0.03750690
v -0.05008400 0.01517970 -0.03739100
v -0.05441470 0.00328154 -0.03704880
v -0.05513000 0.00281416 -0.03551500
v -0.05586820 0.00258066 -0.03352650
v -0.05410040 0.00542056 -0.03714070
v -0.05489320 0.00501250 -0.03547020
v -0.05556480 0.00493387 -0.03357490
v -0.05677730 0.00328386 -0.03030100
v -0.05716260 0.00269893 -0.02895380
v -0.05665560 0.00173930 -0.03162900
v -0.05670550 0.00531880 -0.03007480
v -0.05699040 0.00507424 -0.02871270
v -0.05634550 0.00423620 -0.03173040
v -0.05416960 0.00655729 -0.03666540
v -0.05388220 0.00722441 -0.03688840
v -0.05440780 0.00725695 -0.03550070
v -0.05515600 0.00726913 -0.03347370
v -0.05405620 0.00977436 -0.03474130
v -0.05481650 0.00939441 -0.03296620
v -0.05381140 0.00866486 -0.03617320
v -0.05657500 0.00673233 -0.02980390
v -0.05611190 0.00687624 -0.03093410
v -0.05644360 0.00746492 -0.02966980
v -0.05665630 0.00719807 -0.02855810
v -0.05521880 0.00969732 -0.03109480
v -0.05610490 0.00908628 -0.02870090
v -0.05760870 0.00272310 -0.02703380
v -0.05832070 0.00250288 -0.02444320
v -0.05722200 0.00515515 -0.02703010
v -0.05785710 0.00506869 -0.02454990
v -0.05874770 0.00270807 -0.02192790
v -0.05905570 0.00193815 -0.02006260
v -0.05838900 0.00507616 -0.02214170
v -0.05883310 0.00455272 -0.01935820
v -0.05694970 0.00741573 -0.02655960
v -0.05729190 0.00757543 -0.02451850
v -0.05659520 0.00898206 -0.02746820
v -0.05627660 0.00968079 -0.02735340
v -0.05642440 0.00944292 -0.02643380
v -0.05675380 0.00956034 -0.02425730
v -0.05783210 0.00736670 -0.02191670
v -0.05822220 0.00712290 -0.01933680
v -0.05714210 0.00944225 -0.02178390
v -0.05746470 0.00908751 -0.01923970
v -0.05391240 0.01116400 -0.03386570
v -0.05326830 0.01119620 -0.03517890
v -0.05363680 0.01225670 -0.03308380
v -0.05433650 0.01086350 -0.03280470
v -0.05407930 0.01235400 -0.03177910
v -0.05431350 0.01202840 -0.03093910
v -0.05484270 0.01198150 -0.02871020
v -0.05388410 0.01365210 -0.02962930
v -0.05343060 0.01386750 -0.03069220
v -0.05352190 0.01450010 -0.02842030
v -0.05424080 0.01331620 -0.02837860
v -0.05175710 0.01337870 -0.03640730
v -0.05154960 0.01407790 -0.03625260
v -0.05187460 0.01394640 -0.03519210
v -0.05259280 0.01404030 -0.03306560
v -0.05132610 0.01554580 -0.03424110
v -0.05048490 0.01588970 -0.03540930
v -0.05085830 0.01662540 -0.03300830
v -0.05180990 0.01538370 -0.03293110
v -0.04957100 0.01668460 -0.03646640
v -0.04954120 0.01789580 -0.03431220
v -0.04885500 0.01801090 -0.03533200
v -0.04886350 0.01898050 -0.03312270
v -0.05003130 0.01782410 -0.03293500
v -0.05124840 0.01688980 -0.03066440
v -0.05231250 0.01554140 -0.03083150
v -0.05166630 0.01711570 -0.02815660
v -0.05275090 0.01566700 -0.02824200
v -0.04922860 0.01929620 -0.03068730
v -0.05042720 0.01803090 -0.03034920
v -0.04947730 0.01931720 -0.02800950
v -0.05063700 0.01808550 -0.02805910
v -0.05599340 0.01132620 -0.02527850
v -0.05553840 0.01159960 -0.02632460
v -0.05543940 0.01244490 -0.02401250
v -0.05619010 0.01110570 -0.02399700
v -0.05376850 0.01453450 -0.02576640
v -0.05462620 0.01318900 -0.02599130
v -0.05398470 0.01440680 -0.02337820
v -0.05470860 0.01350590 -0.02360280
v -0.05552030 0.01239210 -0.02172090
v -0.05636600 0.01111270 -0.02181440
v -0.05573760 0.01206730 -0.01925390
v -0.05665710 0.01087050 -0.01927730
v -0.05395800 0.01444270 -0.02100050
v -0.05470340 0.01355720 -0.02148410
v -0.05358650 0.01414780 -0.01893450
v -0.05483240 0.01347280 -0.01927220
v -0.05184510 0.01672880 -0.02577570
v -0.05303680 0.01550410 -0.02561560
v -0.05180270 0.01669200 -0.02347740
v -0.05314770 0.01526470 -0.02294030
v -0.04970700 0.01902230 -0.02557880
v -0.05059780 0.01790660 -0.02577240
v -0.04918250 0.01878410 -0.02340020
v -0.05060240 0.01798030 -0.02342750
v -0.05183490 0.01640290 -0.02109210
v -0.05293130 0.01536610 -0.02080560
v -0.05144420 0.01625640 -0.01877920
v -0.05263450 0.01511900 -0.01888950
v -0.04842740 0.01881540 -0.02152790
v -0.05028230 0.01747460 -0.02097150
v -0.04870080 0.01810490 -0.01918340
v -0.05021230 0.01723840 -0.01919620
v -0.05906230 0.00322905 -0.01867650
v -0.05932350 0.00234934 -0.01689030
v -0.05942610 0.00246072 -0.01499760
v -0.05903910 0.00426237 -0.01819260
v -0.05889970 0.00526666 -0.01694810
v -0.05911410 0.00411575 -0.01699620
v -0.05892610 0.00542441 -0.01465260
v -0.05921620 0.00398384 -0.01490670
v -0.05949300 0.00222265 -0.01263860
v -0.05945210 0.00195396 -0.01004670
v -0.05896940 0.00527537 -0.01230340
v -0.05922660 0.00376036 -0.01222080
v -0.05887540 0.00491455 -0.00995328
v -0.05918490 0.00353320 -0.00986445
v -0.05936940 0.00193700 -0.00769392
v -0.05931210 0.00201132 -0.00564371
v -0.05874590 0.00483065 -0.00765732
v -0.05912360 0.00352547 -0.00762351
v -0.05853740 0.00494250 -0.00539387
v -0.05899440 0.00373558 -0.00544534
v -0.05905670 0.00251665 -0.00335762
v -0.05880900 0.00340386 -0.00242164
v -0.05884050 0.00227476 -0.00143808
v -0.05922730 0.00111414 -0.00277230
v -0.05856160 0.00425701 -0.00336800
v -0.05906360 0.00335288 -0.00455944
v -0.05836380 0.00718891 -0.01691980
v -0.05839900 0.00716596 -0.01453940
v -0.05762920 0.00886192 -0.01671230
v -0.05761290 0.00875376 -0.01435780
v -0.05837050 0.00689042 -0.01214840
v -0.05824900 0.00665833 -0.00984177
v -0.05754160 0.00870078 -0.01223090
v -0.05693420 0.00920802 -0.01020570
v -0.05809560 0.00455029 -0.00115243
v -0.05810420 0.00650477 -0.00767036
v -0.05797430 0.00642993 -0.00563884
v -0.05597380 0.01014280 -0.00906016
v -0.05594570 0.00980608 -0.00790450
v -0.05713960 0.00845502 -0.00791339
v -0.05498070 0.00994247 -0.00587393
v -0.05695010 0.00811717 -0.00564127
v -0.05757350 0.00631982 -0.00348399
v -0.05680360 0.00666551 -0.00135436
v -0.05516200 0.00911030 -0.00358485
v -0.05658770 0.00773034 -0.00368200
v -0.05513750 0.00819746 -0.00137394
v -0.05677980 0.00749147 -0.00254269
v -0.05548590 0.00790007 -0.00036919
v -0.05348680 0.01055550 -0.00467839
v -0.05346880 0.00988887 -0.00343641
v -0.05247710 0.00946935 -0.00149221
v -0.05589150 0.01181480 -0.01681450
v -0.05683060 0.01052030 -0.01661620
v -0.05568910 0.01160030 -0.01443640
v -0.05670200 0.01032610 -0.01431290
v -0.05309220 0.01391430 -0.01725030
v -0.05466690 0.01303380 -0.01690830
v -0.05244180 0.01426730 -0.01482730
v -0.05453760 0.01287380 -0.01462640
v -0.05485740 0.01189550 -0.01239550
v -0.05651690 0.01024890 -0.01216040
v -0.05544580 0.01082450 -0.01012210
v -0.05673520 0.00977677 -0.01110690
v -0.05369960 0.01264660 -0.01135230
v -0.05367350 0.01218740 -0.01005150
v -0.05315560 0.01319130 -0.01225490
v -0.05480720 0.01245190 -0.01343200
v -0.05105760 0.01486780 -0.01342790
v -0.05038690 0.01472490 -0.01223620
v -0.05074950 0.01362870 -0.00988819
v -0.05234750 0.01303810 -0.01032590
v -0.04884910 0.01506790 -0.01109750
v -0.04825310 0.01465850 -0.00985978
v -0.05040580 0.01615150 -0.01681090
v -0.05203310 0.01512700 -0.01704490
v -0.05049880 0.01520240 -0.01470410
v -0.05251800 0.01430020 -0.01563710
v -0.04856650 0.01668350 -0.01587210
v -0.04793910 0.01668790 -0.01469840
v -0.04845660 0.01725980 -0.01690250
v -0.05034290 0.01684170 -0.01798620
v -0.04858920 0.01558450 -0.01224460
v -0.05023890 0.01537350 -0.01346430
v -0.05275540 0.01189740 -0.00818423
v -0.05458470 0.01097150 -0.00805075
v -0.05311600 0.01096500 -0.00554600
v -0.05477930 0.01053700 -0.00690441
v -0.05144630 0.01235180 -0.00696884
v -0.05036310 0.01200520 -0.00573525
v -0.05098720 0.01268980 -0.00808550
v -0.05255270 0.01254130 -0.00903885
v -0.04856770 0.01368300 -0.00781212
v -0.04925520 0.01283960 -0.00642003
v -0.05023860 0.01262310 -0.00726784
v -0.04746730 0.01267870 -0.00494911
v -0.05041440 0.01133030 -0.00347204
v -0.05208020 0.01063000 -0.00373251
v -0.05092040 0.01015410 -0.00190058
v -0.05220050 0.01027730 -0.00238510
v -0.04939740 0.01025660 -0.00046183
v -0.04809650 0.01177910 -0.00344660
v -0.04849620 0.01079740 -0.00184529
v -0.04685600 0.01032040 -0.00076119
v -0.04339500 0.00331860 -0.04818700
v -0.04458780 0.00181877 -0.04778780
v -0.04200270 0.00267555 -0.04884340
v -0.04355780 0.00548091 -0.04789960
v -0.04482620 0.00407647 -0.04749200
v -0.04213810 0.00498207 -0.04853890
v -0.04000080 0.00254001 -0.04945660
v -0.03996740 0.00482415 -0.04926210
v -0.04361350 0.00765550 -0.04757470
v -0.04484260 0.00628827 -0.04714810
v -0.04208310 0.00715273 -0.04826870
v -0.04303970 0.00880202 -0.04763050
v -0.04193520 0.00940076 -0.04787640
v -0.04317240 0.00971297 -0.04736510
v -0.04419320 0.00894013 -0.04691720
v -0.04005560 0.00703221 -0.04895090
v -0.03988000 0.00932681 -0.04869340
v -0.04780800 0.00338484 -0.04574180
v -0.04611690 0.00239513 -0.04690180
v -0.04780280 0.00533232 -0.04542350
v -0.04626280 0.00466881 -0.04659050
v -0.04779070 0.00655693 -0.04524870
v -0.04658580 0.00702583 -0.04596850
v -0.04765730 0.00705550 -0.04514390
v -0.04745190 0.00855292 -0.04490380
v -0.04583800 0.00972022 -0.04569880
v -0.04079170 0.01103790 -0.04800030
v -0.03959050 0.01154820 -0.04815860
v -0.04070280 0.01195250 -0.04771480
v -0.04192710 0.01129020 -0.04729750
v -0.04776920 0.01188220 -0.04320210
v -0.04647390 0.01091930 -0.04471380
v -0.04729020 0.01309410 -0.04287380
v -0.04624080 0.01374130 -0.04334030
v -0.04707640 0.01384940 -0.04263560
v -0.04550000 0.01109430 -0.04550680
v -0.04414850 0.01176180 -0.04593410
v -0.04533390 0.01169580 -0.04526310
v -0.04492900 0.01294670 -0.04491960
v -0.04543170 0.01530300 -0.04306480
v -0.04394840 0.01559630 -0.04387290
v -0.04513020 0.01603220 -0.04264610
v -0.04632340 0.01546950 -0.04193880
v -0.04750050 0.01526680 -0.04108110
v -0.04706730 0.01603980 -0.04077530
v -0.04716470 0.01783280 -0.03873260
v -0.04623480 0.01794850 -0.03973980
v -0.04685730 0.01853510 -0.03832080
v -0.04746300 0.01838950 -0.03743260
v -0.04540640 0.01774540 -0.04103530
v -0.04413450 0.01795870 -0.04190390
v -0.04506400 0.01833580 -0.04067960
v -0.04323230 0.01432640 -0.04523080
v -0.04168120 0.01398180 -0.04629570
v -0.03954760 0.01351880 -0.04738600
v -0.04266530 0.01551490 -0.04483640
v -0.04146760 0.01616150 -0.04514710
v -0.04257310 0.01610280 -0.04459310
v -0.04307340 0.01778630 -0.04294480
v -0.04157320 0.01811190 -0.04370020
v -0.04272550 0.01844060 -0.04274120
v -0.03948270 0.01613080 -0.04626700
v -0.04048300 0.01762570 -0.04479070
v -0.03930100 0.01750130 -0.04545340
v -0.03940110 0.01867790 -0.04467020
v -0.03795400 0.00202160 -0.04992910
v -0.03718000 0.00457797 -0.05002800
v -0.03635650 0.00325052 -0.05021460
v -0.03494530 0.00285979 -0.05032150
v -0.03592270 0.00461785 -0.05027040
v -0.03481630 0.00532869 -0.05023770
v -0.03573100 0.00502440 -0.05040370
v -0.03754630 0.00685657 -0.04978150
v -0.03756460 0.00919001 -0.04936630
v -0.03555120 0.00631937 -0.05017300
v -0.03449350 0.00885301 -0.04977370
v -0.03333220 0.00279704 -0.05047600
v -0.03330970 0.00508158 -0.05038880
v -0.03070120 0.00288574 -0.05077290
v -0.03076020 0.00515312 -0.05074060
v -0.03413890 0.00769410 -0.04989740
v -0.03286670 0.00729916 -0.05031650
v -0.03371840 0.00844283 -0.05004730
v -0.03208860 0.00938143 -0.04972160
v -0.03345230 0.00978170 -0.04963810
v -0.03084900 0.00725707 -0.05065820
v -0.03098560 0.00960106 -0.05035670
v -0.03736930 0.01170950 -0.04887110
v -0.03838570 0.01336690 -0.04806040
v -0.03707530 0.01373550 -0.04820230
v -0.03827640 0.01414700 -0.04769560
v -0.03515570 0.01160720 -0.04949540
v -0.03501810 0.01407210 -0.04883860
v -0.03608530 0.01560790 -0.04793300
v -0.03467300 0.01596980 -0.04805260
v -0.03583890 0.01626460 -0.04758670
v -0.03714450 0.01564180 -0.04736980
v -0.03254380 0.01086330 -0.04979680
v -0.03294940 0.01404190 -0.04935880
v -0.03173100 0.01105300 -0.05023910
v -0.03046330 0.01181460 -0.04994630
v -0.03093480 0.01157180 -0.04978830
v -0.03126310 0.01315900 -0.04998420
v -0.03283660 0.01638470 -0.04863870
v -0.03379210 0.01776840 -0.04779420
v -0.03239580 0.01816730 -0.04790780
v -0.03348130 0.01843680 -0.04746830
v -0.03477260 0.01775450 -0.04731650
v -0.03069610 0.01568020 -0.04947980
v -0.03071310 0.01859940 -0.04847310
v -0.03721400 0.01835110 -0.04598260
v -0.03834240 0.01890150 -0.04513010
v -0.04509130 0.02014260 -0.03860870
v -0.04397050 0.02036700 -0.03971420
v -0.04477420 0.02075210 -0.03828640
v -0.04573410 0.02028250 -0.03738900
v -0.04056820 0.02008800 -0.04290090
v -0.03938560 0.02065650 -0.04324310
v -0.04039160 0.02072200 -0.04248030
v -0.04174280 0.02040400 -0.04173820
v -0.04308280 0.02015210 -0.04086170
v -0.04272910 0.02073190 -0.04065370
v -0.04282600 0.02241810 -0.03875460
v -0.04172470 0.02260160 -0.03965190
v -0.04243150 0.02301730 -0.03844860
v -0.04350350 0.02260910 -0.03744790
v -0.04088330 0.02230370 -0.04078230
v -0.03944750 0.02253840 -0.04162460
v -0.04050670 0.02291550 -0.04044950
v -0.04058160 0.02454750 -0.03863540
v -0.03948690 0.02462220 -0.03945130
v -0.04021110 0.02507600 -0.03824580
v -0.04141930 0.02459910 -0.03742480
v -0.03157830 0.01997910 -0.04764230
v -0.03040970 0.02048740 -0.04771960
v -0.03139860 0.02056600 -0.04727950
v -0.03261600 0.01990120 -0.04712630
v -0.03707630 0.01992640 -0.04496070
v -0.03837840 0.02231210 -0.04255780
v -0.03722020 0.02267090 -0.04310010
v -0.03820750 0.02288290 -0.04225610
v -0.03601640 0.01992380 -0.04568530
v -0.03485850 0.02037840 -0.04596980
v -0.03590890 0.02054510 -0.04525200
v -0.03505570 0.02233330 -0.04457890
v -0.03602570 0.02416890 -0.04264100
v -0.03523210 0.02412580 -0.04313130
v -0.03513490 0.02526560 -0.04210180
v -0.03719960 0.02456450 -0.04130750
v -0.03846430 0.02454030 -0.04047650
v -0.03805790 0.02502570 -0.04023970
v -0.03818740 0.02633870 -0.03829480
v -0.03737460 0.02603090 -0.03941870
v -0.03755930 0.02709880 -0.03740290
v -0.03942760 0.02604620 -0.03742340
v -0.03609810 0.02627730 -0.04019210
v -0.03505710 0.02626440 -0.04095810
v -0.03499260 0.02726180 -0.03906780
v -0.03595130 0.02781230 -0.03746240
v -0.03403860 0.02239890 -0.04518060
v -0.03295650 0.02285360 -0.04540050
v -0.03395500 0.02304470 -0.04477390
v -0.03074770 0.02237010 -0.04671030
v -0.03302080 0.02479620 -0.04383680
v -0.03405950 0.02540010 -0.04266190
v -0.03189360 0.02441400 -0.04482470
v -0.03103690 0.02431520 -0.04535010
v -0.03101970 0.02552460 -0.04426150
v -0.03201350 0.02656550 -0.04263350
v -0.03099530 0.02657520 -0.04323300
v -0.03087670 0.02767500 -0.04172970
v -0.03320270 0.02647500 -0.04193880
v -0.03308980 0.02770740 -0.04013960
v -0.03185390 0.02793080 -0.04070430
v -0.03393570 0.02831640 -0.03829420
v -0.03289190 0.02827000 -0.03872800
v -0.03294130 0.02889160 -0.03720910
v -0.03447590 0.02830450 -0.03718380
v -0.03094820 0.02856660 -0.03997010
v -0.03067280 0.02970640 -0.03717490
v -0.02796470 0.00286576 -0.05095460
v -0.02803420 0.00500772 -0.05094780
v -0.02536960 0.00286738 -0.05094810
v -0.02543990 0.00510921 -0.05093170
v -0.02823290 0.00729564 -0.05083970
v -0.02847660 0.00966524 -0.05065210
v -0.02559140 0.00729916 -0.05093110
v -0.02574080 0.00947688 -0.05092140
v -0.02309430 0.00286450 -0.05091270
v -0.02310300 0.00507063 -0.05090980
v -0.02088280 0.00286752 -0.05090170
v -0.02088360 0.00506638 -0.05090150
v -0.02312590 0.00726980 -0.05091290
v -0.02314670 0.00946386 -0.05091780
v -0.02088710 0.00726465 -0.05090230
v -0.02089040 0.00946042 -0.05090400
v -0.02852210 0.01194570 -0.05046590
v -0.02987340 0.01432900 -0.05001910
v -0.02838770 0.01407450 -0.05025820
v -0.02597500 0.01188190 -0.05073240
v -0.02631640 0.01434050 -0.05036040
v -0.02959580 0.01540960 -0.04990840
v -0.02859740 0.01627770 -0.04966730
v -0.02960590 0.01618880 -0.04971570
v -0.02842790 0.01814450 -0.04924120
v -0.02639510 0.01630160 -0.05006080
v -0.02740890 0.01762450 -0.04973930
v -0.02591820 0.01759950 -0.04991420
v -0.02646230 0.01902730 -0.04936560
v -0.02335470 0.01175440 -0.05088640
v -0.02375980 0.01412670 -0.05069250
v -0.02092560 0.01166880 -0.05090860
v -0.02114700 0.01394280 -0.05088310
v -0.02402810 0.01651420 -0.05034320
v -0.02416200 0.01876370 -0.04967080
v -0.02529660 0.01893310 -0.04970450
v -0.02154360 0.01631790 -0.05061920
v -0.02171400 0.01830200 -0.05034120
v -0.01868410 0.00286807 -0.05090110
v -0.01868410 0.00506551 -0.05090110
v -0.01648630 0.00286802 -0.05090100
v -0.01648620 0.00506541 -0.05090100
v -0.01868440 0.00726309 -0.05090110
v -0.01868470 0.00946039 -0.05090130
v -0.01648630 0.00726286 -0.05090100
v -0.01648630 0.00946027 -0.05090100
v -0.01428880 0.00286799 -0.05090090
v -0.01428880 0.00506541 -0.05090090
v -0.01209130 0.00286799 -0.05090090
v -0.01209130 0.00506541 -0.05090090
v -0.01428880 0.00726284 -0.05090090
v -0.01428880 0.00946027 -0.05090090
v -0.01209130 0.00726284 -0.05090090
v -0.01209130 0.00946027 -0.05090090
v -0.01869110 0.01165970 -0.05090260
v -0.01873000 0.01386070 -0.05090860
v -0.01648770 0.01165900 -0.05090160
v -0.01649340 0.01385960 -0.05090730
v -0.01894650 0.01612590 -0.05080810
v -0.01925520 0.01804550 -0.05059750
v -0.01652350 0.01604640 -0.05084730
v -0.01682330 0.01791110 -0.05072920
v -0.01428920 0.01165970 -0.05090150
v -0.01428940 0.01385780 -0.05090680
v -0.01209130 0.01166000 -0.05090120
v -0.01209080 0.01385820 -0.05090660
v -0.01428430 0.01604220 -0.05085190
v -0.01439390 0.01775710 -0.05073840
v -0.01208000 0.01604060 -0.05085470
v -0.01203260 0.01760850 -0.05065000
v -0.02848230 0.02077310 -0.04834780
v -0.02968160 0.02245050 -0.04716520
v -0.02861510 0.02295410 -0.04714820
v -0.02971970 0.02309020 -0.04682950
v -0.02639980 0.02083190 -0.04887250
v -0.02642590 0.02280410 -0.04804190
v -0.02755430 0.02458040 -0.04666900
v -0.02634170 0.02431520 -0.04730990
v -0.02662700 0.02548500 -0.04627490
v -0.02874750 0.02490310 -0.04586740
v -0.02369950 0.02039890 -0.04946350
v -0.02426660 0.02282250 -0.04869160
v -0.02290720 0.02011590 -0.04980150
v -0.02129140 0.01978280 -0.04986730
v -0.02174900 0.02135540 -0.04942180
v -0.02195430 0.02290960 -0.04905780
v -0.02426750 0.02456040 -0.04781350
v -0.02425920 0.02585900 -0.04694070
v -0.02208130 0.02524610 -0.04794940
v -0.02306400 0.02552410 -0.04767000
v -0.02992610 0.02562400 -0.04476030
v -0.02866480 0.02699030 -0.04395020
v -0.02967140 0.02765320 -0.04255480
v -0.02774590 0.02665140 -0.04489230
v -0.02666170 0.02660890 -0.04546520
v -0.02620370 0.02745920 -0.04437680
v -0.02406970 0.02680170 -0.04551680
v -0.02511510 0.02739120 -0.04483930
v -0.02195470 0.02669540 -0.04654850
v -0.02715130 0.02857940 -0.04252980
v -0.02625970 0.02828650 -0.04311070
v -0.02622330 0.02923260 -0.04168320
v -0.02877650 0.02835320 -0.04190780
v -0.02965150 0.02876610 -0.04054650
v -0.02853630 0.02940100 -0.03986860
v -0.02867990 0.03008190 -0.03823520
v -0.02647750 0.03009290 -0.03964250
v -0.02748500 0.03009040 -0.03890580
v -0.02430860 0.02837160 -0.04395050
v -0.02418480 0.02946180 -0.04190630
v -0.02280630 0.02794450 -0.04412110
v -0.02215960 0.02808840 -0.04504650
v -0.02183320 0.02861240 -0.04337040
v -0.02199000 0.02985630 -0.04125280
v -0.02442980 0.03022080 -0.04034940
v -0.02532740 0.03094950 -0.03832420
v -0.02416060 0.03093190 -0.03891260
v -0.02413910 0.03152390 -0.03739370
v -0.02654980 0.03085500 -0.03770130
v -0.02318580 0.03032130 -0.04079490
v -0.02231110 0.03070470 -0.03948040
v -0.02172900 0.03171970 -0.03729980
v -0.01945650 0.01958910 -0.05028080
v -0.01943780 0.02087400 -0.05004160
v -0.01954920 0.02265350 -0.04947980
v -0.01691400 0.01916450 -0.05055260
v -0.01698870 0.02042410 -0.05030370
v -0.01717040 0.02243990 -0.04976390
v -0.01976100 0.02482700 -0.04863250
v -0.02070570 0.02662490 -0.04737380
v -0.01960060 0.02651790 -0.04763210
v -0.01993890 0.02762950 -0.04651780
v -0.01739420 0.02460920 -0.04899730
v -0.01758970 0.02650520 -0.04789120
v -0.01747090 0.02790000 -0.04674300
v -0.01451870 0.01913190 -0.05058920
v -0.01462880 0.02038420 -0.05037890
v -0.01467360 0.02216430 -0.04996330
v -0.01211540 0.01887160 -0.05050860
v -0.01223220 0.02007560 -0.05034140
v -0.01225380 0.02210790 -0.05000150
v -0.01494790 0.02446570 -0.04914550
v -0.01519650 0.02652540 -0.04818230
v -0.01520550 0.02767000 -0.04722550
v -0.01244740 0.02436980 -0.04924880
v -0.01261220 0.02626480 -0.04847730
v -0.01262490 0.02758270 -0.04748540
v -0.01995110 0.02833030 -0.04510200
v -0.02012970 0.02923500 -0.04354190
v -0.02018930 0.03002050 -0.04219410
v -0.01777900 0.02891840 -0.04550620
v -0.01792110 0.02975290 -0.04336890
v -0.01880670 0.03027790 -0.04260780
v -0.02071370 0.03035840 -0.04036430
v -0.01952230 0.03058490 -0.04075960
v -0.01972640 0.03110700 -0.03912860
v -0.01936930 0.03193610 -0.03686960
v -0.01763560 0.03054130 -0.04140370
v -0.01713460 0.03117670 -0.03954470
v -0.01740600 0.03184880 -0.03814850
v -0.01528590 0.02885350 -0.04597560
v -0.01546540 0.02976590 -0.04433520
v -0.01651230 0.03060990 -0.04210570
v -0.01534160 0.03046430 -0.04303290
v -0.01505640 0.03090940 -0.04112270
v -0.01277370 0.02871050 -0.04630850
v -0.01267170 0.02973370 -0.04503950
v -0.01292150 0.03047530 -0.04342060
v -0.01291500 0.03134460 -0.04152630
v -0.01463630 0.03194250 -0.03991370
v -0.01485550 0.03235360 -0.03825340
v -0.01240300 0.03197050 -0.03989120
v -0.01226390 0.03251450 -0.03815680
v -0.04694000 0.01939550 -0.02017710
v -0.04692650 0.01872240 -0.01893040
v -0.03999940 0.00413360 -0.00013420
v -0.04038440 0.00588047 -0.00031799
v -0.03837340 0.00497408 -0.00128914
v -0.03834300 0.00311032 -0.00107517
v -0.04211190 0.00810314 -0.00013649
v -0.04260960 0.00963543 -0.00132341
v -0.04113080 0.00880471 -0.00170394
v -0.04045880 0.00753950 -0.00104258
v -0.03890460 0.00658969 -0.00162090
v -0.03762160 0.00759381 -0.00272816
v -0.03917480 0.00844981 -0.00220101
v -0.03815820 0.00929664 -0.00351960
v -0.03998220 0.00997491 -0.00299071
v -0.04614600 0.01829610 -0.01689500
v -0.04614440 0.01726560 -0.01468360
v -0.04802150 0.01733430 -0.01580610
v -0.04645630 0.01673990 -0.01351390
v -0.04435320 0.01847610 -0.01564730
v -0.04375560 0.01827930 -0.01461880
v -0.04574660 0.01650810 -0.01225440
v -0.04638280 0.01540540 -0.01003520
v -0.04796680 0.01541360 -0.01105670
v -0.04670130 0.01478560 -0.00876359
v -0.04329480 0.01687000 -0.01111580
v -0.04383570 0.01602380 -0.00984737
v -0.04430380 0.01725180 -0.01285700
v -0.04576000 0.01733730 -0.01353450
v -0.04181360 0.01710710 -0.01081550
v -0.04126620 0.01644500 -0.00994842
v -0.04070240 0.01869490 -0.01364430
v -0.04190450 0.01756120 -0.01206630
v -0.03880960 0.01891170 -0.01333920
v -0.03927080 0.01835250 -0.01217950
v -0.03986060 0.01721000 -0.01074890
v -0.04119710 0.01727350 -0.01089590
v -0.03852400 0.01647420 -0.00953857
v -0.04588300 0.01438590 -0.00775680
v -0.04660010 0.01337510 -0.00610170
v -0.04515590 0.01287980 -0.00462564
v -0.04283290 0.01452910 -0.00705702
v -0.04391820 0.01322930 -0.00589038
v -0.04339230 0.01281800 -0.00497153
v -0.04552730 0.01200430 -0.00348807
v -0.04604250 0.01117080 -0.00194376
v -0.04437360 0.01009810 -0.00073277
v -0.04315560 0.01188660 -0.00414614
v -0.04388870 0.01094330 -0.00229449
v -0.04467090 0.01507310 -0.00839556
v -0.04579940 0.01510960 -0.00896058
v -0.04037920 0.01445620 -0.00708121
v -0.04181710 0.01354930 -0.00588960
v -0.03815840 0.01433360 -0.00720395
v -0.03954420 0.01345980 -0.00594602
v -0.04011530 0.01254940 -0.00489548
v -0.03812150 0.01222360 -0.00518801
v -0.04180320 0.01056960 -0.00237662
v -0.04125120 0.01143030 -0.00388795
v -0.04180090 0.01267060 -0.00475690
v -0.04332890 0.01276820 -0.00475485
v -0.03934530 0.01114340 -0.00390022
v -0.04233300 0.01522310 -0.00831030
v -0.03990180 0.01559240 -0.00814196
v -0.03645050 0.00248059 -0.00177043
v -0.03696410 0.00446825 -0.00164794
v -0.03521510 0.00225374 -0.00188965
v -0.03373290 0.00358125 -0.00243230
v -0.03539250 0.00396750 -0.00217692
v -0.03414850 0.00549553 -0.00273778
v -0.03561770 0.00573260 -0.00294158
v -0.03742850 0.00628961 -0.00254377
v -0.03596100 0.00719672 -0.00288046
v -0.03667980 0.00914140 -0.00389820
v -0.03422890 0.00724324 -0.00330715
v -0.03510290 0.00864570 -0.00377248
v -0.03202110 0.00310111 -0.00252352
v -0.03200170 0.00504409 -0.00289777
v -0.02997510 0.00282022 -0.00280208
v -0.02998620 0.00477715 -0.00308216
v -0.03229850 0.00675586 -0.00354899
v -0.03344100 0.01022080 -0.00466135
v -0.03130500 0.00984844 -0.00499148
v -0.03311860 0.00863022 -0.00410324
v -0.03035330 0.00637392 -0.00370719
v -0.02879660 0.00786991 -0.00431301
v -0.03087550 0.00821530 -0.00415645
v -0.02944950 0.00950642 -0.00511823
v -0.03726080 0.01926150 -0.01329450
v -0.03647000 0.01839450 -0.01241980
v -0.03779840 0.01730460 -0.01089100
v -0.03606160 0.01655440 -0.00956875
v -0.03427020 0.01847760 -0.01181990
v -0.03557820 0.01754360 -0.01071340
v -0.03365490 0.01650480 -0.00960687
v -0.03186690 0.01860010 -0.01177450
v -0.03290260 0.01742660 -0.01078860
v -0.03124370 0.01653510 -0.00951692
v -0.02945160 0.01861360 -0.01189170
v -0.03084360 0.01760480 -0.01069670
v -0.02911180 0.01643830 -0.00964182
v -0.03591550 0.01437300 -0.00726782
v -0.03735480 0.01348390 -0.00593398
v -0.03632680 0.01186620 -0.00539126
v -0.03346340 0.01431520 -0.00735014
v -0.03485000 0.01308700 -0.00632876
v -0.03425510 0.01170190 -0.00532083
v -0.03750510 0.01070020 -0.00403383
v -0.03523720 0.01025710 -0.00442758
v -0.03732420 0.01550470 -0.00831278
v -0.03506040 0.01553610 -0.00828652
v -0.03203750 0.01145220 -0.00571645
v -0.03118820 0.01399230 -0.00759405
v -0.03290120 0.01287840 -0.00648224
v -0.03011330 0.01106770 -0.00576232
v -0.02849880 0.01226460 -0.00664100
v -0.03062640 0.01260180 -0.00647455
v -0.02946310 0.01371990 -0.00748808
v -0.03258740 0.01544840 -0.00842190
v -0.03039170 0.01527710 -0.00845607
v -0.04675590 0.01991430 -0.03616870
v -0.04633180 0.02092460 -0.03501120
v -0.04742190 0.01970160 -0.03517240
v -0.04680600 0.02115020 -0.03275530
v -0.04792750 0.02009110 -0.03299350
v -0.04454900 0.02227340 -0.03632270
v -0.04394030 0.02325620 -0.03524550
v -0.04524610 0.02208750 -0.03506840
v -0.04449980 0.02356250 -0.03287970
v -0.04579150 0.02222700 -0.03271950
v -0.04714700 0.02119720 -0.03044760
v -0.04826600 0.02028850 -0.03059210
v -0.04734660 0.02103130 -0.02806200
v -0.04847080 0.02021420 -0.02801510
v -0.04504240 0.02325260 -0.03023160
v -0.04618430 0.02217660 -0.03019300
v -0.04502460 0.02293670 -0.02771350
v -0.04616480 0.02193630 -0.02782950
v -0.04235020 0.02439310 -0.03642640
v -0.04191500 0.02529540 -0.03502740
v -0.04299060 0.02431030 -0.03523570
v -0.04229820 0.02555160 -0.03267380
v -0.04343680 0.02458120 -0.03285690
v -0.04004250 0.02633030 -0.03618580
v -0.03929750 0.02711060 -0.03496560
v -0.04062810 0.02626710 -0.03511100
v -0.03960900 0.02746240 -0.03249290
v -0.04098840 0.02656310 -0.03272850
v -0.04272980 0.02545180 -0.03016330
v -0.04379160 0.02440340 -0.03027210
v -0.04264560 0.02501590 -0.02773920
v -0.04384880 0.02413360 -0.02778880
v -0.03974890 0.02749850 -0.02999840
v -0.04138300 0.02651390 -0.03015010
v -0.03980460 0.02721930 -0.02772150
v -0.04136040 0.02604890 -0.02780880
v -0.04714650 0.02089310 -0.02571670
v -0.04824770 0.02008180 -0.02552430
v -0.04613770 0.02095290 -0.02339490
v -0.04800560 0.01983670 -0.02350740
v -0.04470500 0.02265550 -0.02554740
v -0.04586910 0.02173550 -0.02567300
v -0.04393650 0.02236790 -0.02323230
v -0.04606530 0.02133360 -0.02443520
v -0.04450330 0.02152440 -0.02218910
v -0.04654800 0.01984530 -0.02092420
v -0.04833030 0.01937500 -0.02235310
v -0.04384720 0.02123670 -0.02081710
v -0.04387510 0.02023530 -0.01870750
v -0.04557720 0.01951710 -0.01922030
v -0.04219590 0.02170980 -0.01970930
v -0.04166080 0.02115900 -0.01839290
v -0.04213700 0.02339800 -0.02226490
v -0.04180910 0.02264720 -0.02107010
v -0.04361260 0.02198970 -0.02204980
v -0.03976380 0.02343470 -0.02034190
v -0.03932470 0.02281600 -0.01897280
v -0.04143710 0.02192330 -0.01929410
v -0.03991750 0.02156470 -0.01763810
v -0.04167200 0.02511420 -0.02553920
v -0.04339900 0.02380370 -0.02546510
v -0.04218490 0.02381670 -0.02347000
v -0.04344150 0.02336190 -0.02446860
v -0.04040180 0.02552750 -0.02454730
v -0.04009350 0.02508100 -0.02342750
v -0.03983550 0.02621120 -0.02543430
v -0.04168440 0.02576320 -0.02656870
v -0.03946960 0.02463870 -0.02138670
v -0.04152080 0.02343720 -0.02211750
v -0.03741140 0.02796150 -0.03526820
v -0.03794820 0.02819530 -0.03276170
v -0.03652670 0.02798420 -0.03642840
v -0.03805370 0.02840830 -0.03023310
v -0.03815190 0.02815390 -0.02772130
v -0.03720970 0.02795270 -0.02557070
v -0.03739690 0.02668580 -0.02337610
v -0.03904900 0.02613310 -0.02354670
v -0.03553600 0.02833890 -0.02458890
v -0.03493830 0.02798430 -0.02327680
v -0.03678760 0.02543440 -0.02075760
v -0.03785070 0.02415520 -0.01965870
v -0.03919000 0.02384220 -0.02033780
v -0.03676870 0.02362360 -0.01822540
v -0.03779660 0.02559580 -0.02193700
v -0.03926470 0.02490880 -0.02261430
v -0.03547320 0.02577410 -0.01992320
v -0.03499640 0.02499020 -0.01899720
v -0.03527270 0.02385910 -0.01784270
v -0.03544830 0.02651790 -0.02123700
v -0.03311810 0.02824250 -0.02249650
v -0.03262960 0.02759600 -0.02128020
v -0.03358150 0.02628580 -0.01977610
v -0.03457780 0.02630580 -0.02037440
v -0.03222250 0.02547670 -0.01843990
v -0.03018110 0.02791280 -0.02053190
v -0.03144670 0.02675590 -0.01951050
v -0.03029280 0.02566280 -0.01796360
v -0.03614810 0.02890900 -0.03412980
v -0.03555160 0.02874060 -0.03535180
v -0.03524460 0.02948120 -0.03276440
v -0.03671220 0.02884970 -0.03281640
v -0.03514870 0.02950790 -0.03040240
v -0.03683060 0.02882890 -0.03017240
v -0.03515800 0.02949700 -0.02810720
v -0.03647800 0.02875780 -0.02779650
v -0.03276750 0.02972380 -0.03507210
v -0.03355640 0.03016480 -0.03287090
v -0.03188650 0.02984470 -0.03629770
v -0.03161170 0.03068400 -0.03401650
v -0.03084370 0.03021370 -0.03523670
v -0.03048740 0.03108640 -0.03274750
v -0.03234960 0.03037560 -0.03286250
v -0.03404510 0.03015710 -0.03046430
v -0.03381410 0.02986640 -0.02783190
v -0.03062400 0.03145790 -0.03037780
v -0.03240510 0.03078230 -0.03025020
v -0.03073300 0.03123540 -0.02787380
v -0.03240560 0.03067310 -0.02807830
v -0.03529140 0.02871140 -0.02551430
v -0.03686370 0.02859570 -0.02677810
v -0.03277490 0.02976620 -0.02577930
v -0.03309180 0.02867990 -0.02342570
v -0.03468980 0.02864900 -0.02449860
v -0.03097590 0.02988410 -0.02457130
v -0.03041790 0.02953930 -0.02333580
v -0.03089080 0.03042080 -0.02551730
v -0.03274170 0.03029590 -0.02674880
v -0.03127500 0.02856690 -0.02193550
v -0.03254590 0.02829870 -0.02218560
v -0.04418880 0.01893770 -0.01676960
v -0.04560690 0.01913980 -0.01784710
v -0.04183800 0.02011800 -0.01664310
v -0.04231940 0.01901800 -0.01513930
v -0.04365570 0.01883500 -0.01548600
v -0.03932850 0.02084780 -0.01644360
v -0.04021640 0.01958630 -0.01479060
v -0.03668090 0.02111700 -0.01564700
v -0.03733080 0.01982490 -0.01418620
v -0.03787510 0.02211440 -0.01718500
v -0.03924910 0.02175810 -0.01745260
v -0.03460220 0.02146220 -0.01547590
v -0.03516950 0.02026360 -0.01419440
v -0.03516180 0.02290080 -0.01693640
v -0.03565700 0.01913880 -0.01309290
v -0.03693250 0.01916190 -0.01292570
v -0.03294190 0.02134480 -0.01540140
v -0.03242250 0.02070510 -0.01445770
v -0.03247600 0.02237210 -0.01624720
v -0.03018540 0.02302510 -0.01612580
v -0.03124620 0.02155320 -0.01533780
v -0.03255940 0.02174740 -0.01537120
v -0.02986500 0.02084600 -0.01411170
v -0.03356430 0.01938150 -0.01290800
v -0.03126790 0.01966920 -0.01292580
v -0.03352850 0.02403600 -0.01745300
v -0.03474250 0.02404850 -0.01774800
v -0.03159160 0.02414950 -0.01721180
v -0.02810940 0.00287071 -0.00299914
v -0.02801910 0.00503988 -0.00332975
v -0.02666370 0.00291150 -0.00297621
v -0.02628900 0.00551486 -0.00337313
v -0.02768650 0.00945069 -0.00501476
v -0.02720590 0.00783325 -0.00415722
v -0.02573000 0.00912600 -0.00497760
v -0.02652760 0.00767734 -0.00467784
v -0.02839700 0.00651736 -0.00369815
v -0.02625280 0.00686795 -0.00406615
v -0.02496650 0.00278143 -0.00274810
v -0.02398320 0.00516401 -0.00308121
v -0.02360030 0.00232249 -0.00245068
v -0.02198590 0.00251268 -0.00154190
v -0.02197400 0.00596182 -0.00285433
v -0.02186070 0.00470321 -0.00207906
v -0.02360800 0.00398088 -0.00265233
v -0.02419560 0.00754279 -0.00362835
v -0.02360140 0.01059410 -0.00486779
v -0.02487290 0.00852108 -0.00459017
v -0.02564150 0.00833369 -0.00419431
v -0.02155640 0.00722521 -0.00279423
v -0.02206500 0.01081660 -0.00467756
v -0.02201690 0.00972098 -0.00401638
v -0.02750010 0.01870000 -0.01178050
v -0.02889130 0.01773610 -0.01054750
v -0.02753840 0.01644630 -0.00960746
v -0.02574000 0.01906140 -0.01136170
v -0.02686030 0.01775140 -0.01057830
v -0.02545870 0.01674030 -0.00929320
v -0.02426640 0.01898940 -0.01149580
v -0.02423170 0.01816770 -0.01064790
v -0.02317480 0.01681880 -0.00932065
v -0.02152510 0.01791240 -0.00959287
v -0.02182850 0.01669510 -0.00947231
v -0.02734120 0.01205040 -0.00659452
v -0.02822290 0.01097500 -0.00568767
v -0.02783330 0.01364860 -0.00734501
v -0.02701290 0.01219390 -0.00714008
v -0.02621300 0.01109950 -0.00616398
v -0.02591780 0.01316770 -0.00732349
v -0.02858540 0.01511680 -0.00841096
v -0.02689610 0.01524090 -0.00834595
v -0.02428620 0.01176610 -0.00567951
v -0.02329730 0.01433520 -0.00728206
v -0.02535580 0.01280410 -0.00701737
v -0.02610480 0.01235080 -0.00671624
v -0.02161580 0.01188360 -0.00518618
v -0.02127140 0.01472950 -0.00703453
v -0.02275690 0.01342570 -0.00637773
v -0.02503500 0.01535540 -0.00840880
v -0.02204890 0.01613600 -0.00829363
v -0.02060460 0.00249487 -0.00061392
v -0.01950540 0.00453859 -0.00082739
v -0.01987560 0.00817437 -0.00244248
v -0.01947990 0.00695565 -0.00211675
v -0.02139640 0.00594239 -0.00226385
v -0.01922320 0.00945253 -0.00307420
v -0.01706640 0.00691320 -0.00051878
v -0.01786340 0.00524728 -0.00015760
v -0.01755450 0.01021140 -0.00307574
v -0.01764960 0.00902063 -0.00216828
v -0.01898510 0.00811319 -0.00221597
v -0.01490910 0.00926345 -0.00067244
v -0.01590560 0.00828002 -0.00006657
v -0.01971830 0.01496090 -0.00700971
v -0.01961510 0.01364570 -0.00604666
v -0.01996360 0.01249050 -0.00520019
v -0.01988900 0.01141310 -0.00462297
v -0.02144320 0.01105080 -0.00451235
v -0.01720830 0.01119680 -0.00349288
v -0.01690360 0.01425460 -0.00533913
v -0.01800410 0.01294830 -0.00470001
v -0.01934110 0.01244390 -0.00511945
v -0.01921370 0.01584700 -0.00743000
v -0.01913350 0.01838200 -0.00935447
v -0.02015030 0.01716170 -0.00900676
v -0.02127640 0.01683720 -0.00914981
v -0.01690500 0.01668920 -0.00691718
v -0.01801300 0.01531960 -0.00652408
v -0.01931360 0.01526450 -0.00661163
v -0.01781050 0.01914700 -0.00953250
v -0.01781970 0.01792930 -0.00860245
v -0.01461170 0.01214360 -0.00266191
v -0.01570570 0.01071590 -0.00225877
v -0.01690690 0.01028600 -0.00296695
v -0.01559570 0.01454030 -0.00504985
v -0.01568260 0.01344300 -0.00452001
v -0.01359150 0.01260980 -0.00226940
v -0.01310170 0.01136560 -0.00117713
v -0.01322760 0.01008150 -0.00008439
v -0.01286710 0.01351850 -0.00298691
v -0.01579750 0.01715120 -0.00684886
v -0.01542600 0.01567680 -0.00593830
v -0.01499180 0.01798280 -0.00744399
v -0.01249240 0.01890280 -0.00736258
v -0.01372270 0.01757300 -0.00650627
v -0.01491180 0.01694540 -0.00646170
v -0.01239740 0.01638640 -0.00531497
v -0.01373320 0.01495400 -0.00460294
v -0.01498050 0.01447950 -0.00495148
v -0.02895680 0.02764270 -0.01998960
v -0.02836670 0.02691220 -0.01897760
v -0.02863350 0.02568630 -0.01793460
v -0.02959360 0.03066850 -0.03609000
v -0.02850550 0.03049250 -0.03673500
v -0.02857680 0.03115480 -0.03487990
v -0.02876690 0.03181800 -0.03278750
v -0.02660750 0.03174330 -0.03523550
v -0.02629010 0.03235100 -0.03278530
v -0.02893350 0.03205140 -0.03024220
v -0.02883900 0.03181170 -0.02760380
v -0.02724620 0.03255190 -0.03037970
v -0.02709440 0.03225840 -0.02773400
v -0.02366570 0.03244420 -0.03467890
v -0.02531990 0.03241610 -0.03413320
v -0.02172970 0.03240900 -0.03539170
v -0.02260800 0.03277890 -0.03349960
v -0.02143230 0.03270010 -0.03394740
v -0.02146290 0.03338520 -0.03185550
v -0.02393360 0.03270100 -0.03275590
v -0.02514950 0.03302630 -0.03164640
v -0.02386330 0.03320270 -0.03035780
v -0.02576070 0.03272250 -0.03026870
v -0.02398180 0.03336820 -0.02801270
v -0.02562450 0.03276310 -0.02788740
v -0.02198160 0.03351070 -0.03028420
v -0.02198190 0.03353330 -0.02796280
v -0.02861630 0.03139680 -0.02551790
v -0.02903170 0.03036870 -0.02396740
v -0.03033580 0.03041420 -0.02455760
v -0.02797120 0.03008010 -0.02248560
v -0.02606950 0.03199420 -0.02536200
v -0.02670720 0.03085540 -0.02310990
v -0.02687340 0.03012730 -0.02191990
v -0.02888610 0.02852780 -0.02098990
v -0.02608630 0.02973360 -0.02103500
v -0.02701200 0.02812310 -0.01962920
v -0.02813940 0.02834440 -0.02016400
v -0.02578450 0.02752810 -0.01832420
v -0.02414680 0.03215770 -0.02452170
v -0.02365020 0.03183740 -0.02328630
v -0.02346850 0.03007270 -0.02024030
v -0.02447510 0.02835470 -0.01906880
v -0.02443610 0.02763180 -0.01815320
v -0.02490890 0.03055190 -0.02155600
v -0.02594390 0.03055690 -0.02215500
v -0.02230170 0.03018220 -0.01979140
v -0.02159940 0.02954610 -0.01916810
v -0.02134520 0.03226820 -0.02260640
v -0.02232520 0.03094770 -0.02090060
v -0.02394040 0.03258290 -0.02558690
v -0.02593310 0.03268000 -0.02653640
v -0.02184480 0.03334440 -0.02600970
v -0.02215120 0.03264240 -0.02421430
v -0.02364230 0.03256870 -0.02443950
v -0.02092210 0.03242210 -0.03631950
v -0.01958400 0.03256420 -0.03459530
v -0.01972010 0.03355510 -0.03233730
v -0.01875760 0.03237310 -0.03571970
v -0.01769250 0.03248030 -0.03639340
v -0.01747800 0.03314410 -0.03452610
v -0.01753060 0.03356230 -0.03267990
v -0.02006770 0.03356450 -0.03019080
v -0.02002900 0.03382950 -0.02798750
v -0.01796910 0.03401870 -0.03017460
v -0.01794440 0.03423210 -0.02760930
v -0.01504950 0.03275350 -0.03680600
v -0.01511500 0.03303940 -0.03525940
v -0.01509720 0.03374080 -0.03332480
v -0.01248540 0.03293610 -0.03681190
v -0.01279470 0.03342140 -0.03514520
v -0.01268210 0.03396930 -0.03357430
v -0.01532730 0.03439350 -0.03071160
v -0.01547520 0.03458430 -0.02791990
v -0.01255650 0.03448490 -0.03107320
v -0.01281590 0.03474650 -0.02810020
v -0.01998240 0.03224930 -0.02237900
v -0.01946590 0.03176600 -0.02107470
v -0.02034640 0.03041050 -0.01954070
v -0.02146190 0.03053140 -0.01992300
v -0.01923360 0.02980540 -0.01808960
v -0.01688270 0.03200340 -0.02013590
v -0.01774120 0.03058000 -0.01885080
v -0.01773300 0.02967330 -0.01818880
v -0.01979210 0.03372460 -0.02549740
v -0.01992880 0.03279670 -0.02350150
v -0.01771070 0.03386020 -0.02542230
v -0.01742810 0.03342900 -0.02354880
v -0.01813510 0.03260160 -0.02197780
v -0.01935840 0.03269420 -0.02242720
v -0.01469740 0.03250010 -0.02023340
v -0.01533400 0.03144620 -0.01862750
v -0.01297130 0.03262680 -0.02008390
v -0.01253490 0.03185370 -0.01877930
v -0.01539270 0.03414820 -0.02533720
v -0.01534470 0.03374030 -0.02346840
v -0.01299400 0.03451420 -0.02554080
v -0.01287230 0.03421510 -0.02327070
v -0.01589380 0.03312080 -0.02169500
v -0.01288840 0.03305480 -0.02125610
v -0.02812340 0.02325280 -0.01608860
v -0.02943500 0.02189550 -0.01532010
v -0.02768960 0.02104180 -0.01397540
v -0.02689400 0.02347900 -0.01588390
v -0.02660950 0.02251730 -0.01531320
v -0.02585010 0.02138530 -0.01366330
v -0.02929700 0.01990800 -0.01273350
v -0.02694880 0.01995370 -0.01266670
v -0.02871290 0.02462230 -0.01718440
v -0.02608200 0.02452090 -0.01650590
v -0.02697210 0.02601740 -0.01759260
v -0.02818350 0.02600800 -0.01756770
v -0.02369210 0.02238200 -0.01437120
v -0.02415870 0.02134660 -0.01364440
v -0.02386680 0.02023180 -0.01240400
v -0.02124420 0.02070420 -0.01170760
v -0.02246950 0.01909170 -0.01124760
v -0.02354390 0.01926780 -0.01105100
v -0.02143560 0.02335480 -0.01387460
v -0.02244040 0.02170840 -0.01327560
v -0.02372000 0.02164880 -0.01332260
v -0.02364060 0.02522010 -0.01604300
v -0.02485270 0.02403170 -0.01533460
v -0.02610070 0.02344310 -0.01623620
v -0.02459550 0.02665850 -0.01743650
v -0.02238250 0.02590830 -0.01562500
v -0.02228610 0.02471170 -0.01519130
v -0.02163750 0.02677900 -0.01622670
v -0.02240900 0.02809280 -0.01772610
v -0.02380770 0.02763050 -0.01812150
v -0.01926200 0.02112780 -0.01137420
v -0.02050580 0.01969680 -0.01075250
v -0.02006390 0.02368790 -0.01378050
v -0.02016230 0.02254800 -0.01309350
v -0.01770550 0.02150990 -0.01122740
v -0.01734470 0.02006790 -0.01029420
v -0.01723730 0.02254120 -0.01202070
v -0.01968810 0.02467970 -0.01431720
v -0.01923240 0.02787970 -0.01603320
v -0.02040470 0.02640490 -0.01525390
v -0.02155950 0.02575000 -0.01524620
v -0.01771990 0.02811100 -0.01582090
v -0.01744300 0.02674980 -0.01476390
v -0.01779390 0.02550800 -0.01421260
v -0.01778470 0.02448450 -0.01335440
v -0.01951020 0.02372440 -0.01372000
v -0.01583780 0.02301110 -0.01203570
v -0.01575030 0.02222490 -0.01117720
v -0.01713070 0.02154460 -0.01118510
v -0.01470070 0.02078420 -0.00986760
v -0.01317530 0.02224540 -0.01019340
v -0.01355290 0.02126930 -0.00961071
v -0.01547320 0.02423190 -0.01237100
v -0.01455400 0.02736410 -0.01399450
v -0.01599350 0.02600520 -0.01361220
v -0.01734330 0.02549890 -0.01388360
v -0.01290240 0.02533440 -0.01164670
v -0.01383290 0.02376930 -0.01143730
v -0.01545270 0.02334360 -0.01185610
v -0.01266250 0.02788150 -0.01348640
v -0.01400650 0.02643530 -0.01276450
v -0.01592250 0.01954360 -0.00905144
v -0.01706250 0.01884670 -0.00905609
v -0.01348910 0.02016760 -0.00883794
v -0.02047980 0.02838000 -0.01752070
v -0.01728440 0.02897860 -0.01690200
v -0.01456800 0.02959700 -0.01622350
v -0.01592460 0.02843550 -0.01535930
v -0.01713300 0.02816280 -0.01579140
v -0.01599110 0.03015960 -0.01752470
v -0.01742570 0.03002730 -0.01763800
v -0.01266000 0.02989970 -0.01567490
v -0.01377760 0.02867150 -0.01489510
v -0.01404760 0.03061490 -0.01706250
v -0.05828650 0.00229300 0.00086752
v -0.05772790 0.00253014 0.00265089
v -0.05759470 0.00429154 0.00066473
v -0.05655330 0.00475015 0.00281154
v -0.05687930 0.00270415 0.00443170
v -0.05598650 0.00272591 0.00585975
v -0.05546970 0.00568962 0.00413529
v -0.05505980 0.00492371 0.00508208
v -0.05685830 0.00382529 0.00400500
v -0.05461830 0.00260703 0.00727342
v -0.05254960 0.00267373 0.00821244
v -0.05287360 0.00574530 0.00635245
v -0.05283790 0.00457453 0.00678792
v -0.05482120 0.00379915 0.00671591
v -0.05484380 0.00766582 0.00083465
v -0.05657670 0.00590610 0.00083490
v -0.05514100 0.00634343 0.00289926
v -0.05680350 0.00557053 0.00182111
v -0.05325960 0.00824574 0.00191710
v -0.05231830 0.00786408 0.00320591
v -0.05291920 0.00875012 0.00081845
v -0.05484370 0.00829354 -0.00033215
v -0.05285830 0.00621309 0.00501354
v -0.05457290 0.00626392 0.00419525
v -0.04977750 0.00259652 0.00872131
v -0.05034980 0.00450965 0.00746150
v -0.04810380 0.00472616 0.00754649
v -0.04720360 0.00293415 0.00804915
v -0.05032550 0.00938267 0.00066196
v -0.05105080 0.00867265 0.00240749
v -0.05240710 0.00860502 0.00181693
v -0.04944550 0.00801371 0.00390884
v -0.04770950 0.00943259 0.00094197
v -0.04882960 0.00889120 0.00242619
v -0.04700450 0.00787581 0.00369141
v -0.05043080 0.00675776 0.00503637
v -0.05094830 0.00608986 0.00671840
v -0.05222630 0.00571098 0.00584446
v -0.04812310 0.00712111 0.00518249
v -0.04668410 0.00578201 0.00612114
v -0.04859170 0.00587909 0.00628235
v -0.04837200 0.00138173 0.00897526
v -0.04947070 0.00147300 0.00921914
v -0.04279080 0.00308189 0.00308589
v -0.04197090 0.00375612 0.00178836
v -0.04303500 0.00464784 0.00284493
v -0.04248940 0.00583840 0.00149691
v -0.04569330 0.00186769 0.00729446
v -0.04480940 0.00331649 0.00591647
v -0.04611080 0.00421505 0.00684268
v -0.04510650 0.00504971 0.00537061
v -0.04355970 0.00171107 0.00455457
v -0.04392020 0.00410371 0.00433385
v -0.04437130 0.00591256 0.00388060
v -0.04550050 0.00950748 0.00052625
v -0.04428890 0.00803764 0.00167969
v -0.04515180 0.00740282 0.00310854
v -0.04624490 0.00866502 0.00211657
v -0.04356110 0.00635170 0.00249917
v -0.04287230 0.00712235 0.00105953
v -0.04354310 0.00883380 0.00027870
v -0.04589160 0.00662429 0.00471402
v -0.04111820 0.00295326 0.00078781
v -0.04140470 0.00460172 0.00091596
v -0.03976990 0.00171628 0.00028183
v -0.04157400 0.00647787 0.00039294
v -0.02337970 0.00315230 0.01144190
v -0.02448100 0.00245127 0.01311770
v -0.02273310 0.00157586 0.01005500
v -0.02540580 0.00211356 0.01511960
v -0.02343750 0.00438894 0.01193470
v -0.02257080 0.00449109 0.01080840
v -0.02309070 0.00517272 0.01174170
v -0.02378370 0.00507996 0.01306350
v -0.02471510 0.00480217 0.01489600
v -0.02327000 0.00751220 0.01371810
v -0.02427940 0.00701767 0.01544530
v -0.02294920 0.00631217 0.01229850
v -0.02296470 0.00879463 0.01439750
v -0.02205810 0.00898706 0.01321490
v -0.02279780 0.00986888 0.01527780
v -0.02354780 0.00858692 0.01550310
v -0.01891200 0.00237698 0.00003699
v -0.01758450 0.00220943 0.00118034
v -0.01733340 0.00468889 0.00072306
v -0.01930370 0.00357985 -0.00037403
v -0.01702850 0.00240334 0.00264617
v -0.01599150 0.00552211 0.00146397
v -0.01625070 0.00465384 0.00239455
v -0.01683040 0.00359151 0.00127128
v -0.01666700 0.00380131 0.00327925
v -0.01689100 0.00333038 0.00335105
v -0.01754740 0.00264693 0.00413670
v -0.01880580 0.00137266 0.00548023
v -0.01703700 0.00533616 0.00486902
v -0.01837900 0.00389065 0.00564129
v -0.01670970 0.00407765 0.00392447
v -0.01542250 0.00701367 0.00089381
v -0.01714300 0.00574438 0.00016182
v -0.01402630 0.00840034 0.00181220
v -0.01430050 0.00803320 0.00248363
v -0.01546160 0.00662761 0.00244566
v -0.01309620 0.00966653 0.00092458
v -0.01495430 0.00846214 0.00016657
v -0.01671850 0.00655402 0.00514423
v -0.01569300 0.00681189 0.00411128
v -0.01637880 0.00723877 0.00533110
v -0.01763180 0.00682992 0.00630640
v -0.01456340 0.00775764 0.00320503
v -0.01473330 0.00894318 0.00486658
v -0.01354710 0.00942635 0.00410958
v -0.01427220 0.00959610 0.00504034
v -0.01540360 0.00896605 0.00565691
v -0.02160600 0.00321559 0.00897445
v -0.02076720 0.00133093 0.00765351
v -0.02126570 0.00531564 0.00929788
v -0.02053530 0.00397362 0.00796756
v -0.01960820 0.00308750 0.00669001
v -0.01923120 0.00533899 0.00706654
v -0.02091360 0.00650948 0.00947051
v -0.01990150 0.00685007 0.00857746
v -0.02079820 0.00718960 0.00974483
v -0.02154750 0.00705531 0.01073660
v -0.01892160 0.00654025 0.00730049
v -0.01877310 0.00714220 0.00752906
v -0.01911260 0.00967290 0.00951345
v -0.02053500 0.00883746 0.01068350
v -0.01830060 0.00839226 0.00786801
v -0.02125180 0.00885830 0.01152390
v -0.02111280 0.00955142 0.01201720
v -0.01671450 0.00967519 0.00728891
v -0.01855340 0.01089810 0.00996264
v -0.01721390 0.01126840 0.00909123
v -0.01827090 0.01166290 0.01031390
v -0.01895260 0.01154980 0.01113900
v -0.02155590 0.01100510 0.01418700
v -0.02073200 0.01092890 0.01309260
v -0.02118070 0.01159250 0.01456130
v -0.02156290 0.01151720 0.01540480
v -0.01839700 0.01325290 0.01224270
v -0.01719170 0.01350040 0.01116380
v -0.01810480 0.01417530 0.01315810
v -0.01937670 0.01289100 0.01319280
v -0.01871460 0.01432510 0.01411790
v -0.01996720 0.01358990 0.01525070
v -0.01608580 0.01100700 0.00780132
v -0.01499980 0.01153300 0.00732478
v -0.01597340 0.01164380 0.00816943
v -0.01634090 0.01334400 0.01009880
v -0.01508040 0.01344750 0.00915762
v -0.01599970 0.01392490 0.01040270
v -0.01330000 0.01126340 0.00573811
v -0.01394770 0.01309600 0.00785361
v -0.01309070 0.01306590 0.00724044
v -0.01319420 0.01412570 0.00831299
v -0.01410840 0.01531370 0.01023770
v -0.01323010 0.01536260 0.00962704
v -0.01321260 0.01662180 0.01111110
v -0.01521890 0.01522280 0.01111840
v -0.01605350 0.01544840 0.01221770
v -0.01521730 0.01669550 0.01311940
v -0.01675970 0.01546120 0.01308110
v -0.01623280 0.01657620 0.01409100
v -0.01762030 0.01588170 0.01522290
v -0.01416480 0.01679180 0.01214570
v -0.01426060 0.01803280 0.01421560
v -0.01343690 0.01770880 0.01287570
v -0.01320710 0.01906150 0.01527100
v -0.01549380 0.01751190 0.01495150
v -0.02588280 0.00211927 0.01618240
v -0.02581600 0.00284207 0.01619520
v -0.02614490 0.00291221 0.01752740
v -0.02673110 0.00271565 0.01960530
v -0.02555240 0.00557820 0.01800730
v -0.02616610 0.00498149 0.01979530
v -0.02556300 0.00434638 0.01668090
v -0.02715960 0.00279299 0.02210880
v -0.02735580 0.00267048 0.02463480
v -0.02655940 0.00498115 0.02194680
v -0.02684900 0.00486516 0.02466740
v -0.02531050 0.00697205 0.01879650
v -0.02494180 0.00701679 0.01765070
v -0.02492400 0.00814359 0.01958650
v -0.02567990 0.00664707 0.01991050
v -0.02314020 0.01008600 0.01638520
v -0.02366320 0.00961149 0.01723900
v -0.02429250 0.00963193 0.01965600
v -0.02540100 0.00816018 0.02207740
v -0.02610150 0.00649357 0.02211860
v -0.02579650 0.00770398 0.02447880
v -0.02634030 0.00634394 0.02473770
v -0.02473160 0.00954491 0.02207520
v -0.02507420 0.00911796 0.02466480
v -0.02734960 0.00250851 0.02711770
v -0.02706900 0.00238555 0.02940940
v -0.02683290 0.00464857 0.02726560
v -0.02656060 0.00453882 0.02937240
v -0.02658200 0.00232766 0.03132450
v -0.02587110 0.00241368 0.03303350
v -0.02511940 0.00250136 0.03436380
v -0.02583170 0.00486209 0.03160660
v -0.02512150 0.00584773 0.03252290
v -0.02499340 0.00475164 0.03350380
v -0.02596880 0.00366844 0.03228010
v -0.02570390 0.00765901 0.02705090
v -0.02629630 0.00625865 0.02705130
v -0.02529120 0.00726114 0.02927800
v -0.02593080 0.00622644 0.02947630
v -0.02499980 0.00887422 0.02704360
v -0.02443950 0.00876392 0.02910630
v -0.02491790 0.00687873 0.03115030
v -0.02603170 0.00555887 0.03050300
v -0.02351510 0.00714575 0.03361010
v -0.02367000 0.00914785 0.03139190
v -0.02236980 0.00961174 0.03233520
v -0.02232630 0.00876666 0.03302280
v -0.02386680 0.00775118 0.03248930
v -0.02280140 0.00804520 0.03461620
v -0.02302650 0.01134860 0.01842700
v -0.02248710 0.01151620 0.01746500
v -0.02247970 0.01248330 0.01970220
v -0.02342460 0.01118840 0.01973410
v -0.02277820 0.01251220 0.02222710
v -0.02379240 0.01113530 0.02210930
v -0.02311130 0.01221560 0.02477020
v -0.02408490 0.01080120 0.02465780
v -0.02312260 0.01180820 0.02725590
v -0.02410870 0.01045960 0.02712710
v -0.02272610 0.01159160 0.02944390
v -0.02369480 0.01022450 0.02946410
v -0.02192380 0.01114370 0.03143680
v -0.02358520 0.00975499 0.03021540
v -0.02083130 0.01335540 0.01646240
v -0.02022220 0.01444300 0.01763570
v -0.02138940 0.01321320 0.01762330
v -0.02033070 0.01497130 0.01991000
v -0.02158840 0.01364430 0.02004740
v -0.02061870 0.01507490 0.02248660
v -0.02188770 0.01368920 0.02247350
v -0.02091430 0.01479940 0.02496210
v -0.02203760 0.01359760 0.02491520
v -0.01867600 0.01553750 0.01615110
v -0.01789340 0.01657500 0.01737750
v -0.01923300 0.01551410 0.01753680
v -0.01808360 0.01706240 0.01982100
v -0.01937160 0.01597870 0.02010680
v -0.01821990 0.01722120 0.02242810
v -0.01943660 0.01617400 0.02272060
v -0.01831170 0.01708150 0.02488810
v -0.01958460 0.01601890 0.02498010
v -0.01608380 0.01759550 0.01616710
v -0.01509230 0.01876570 0.01753020
v -0.01672120 0.01752840 0.01728990
v -0.01576950 0.01858330 0.01975550
v -0.01712240 0.01788990 0.01978440
v -0.01407410 0.01900380 0.01635790
v -0.01582630 0.01853000 0.02195400
v -0.01717930 0.01783090 0.02242040
v -0.01534420 0.01902400 0.02468670
v -0.01695800 0.01783550 0.02476680
v -0.02097970 0.01426900 0.02736950
v -0.02209640 0.01307830 0.02726020
v -0.02041860 0.01400020 0.02928880
v -0.02165780 0.01289820 0.02946210
v -0.02050800 0.01263410 0.03257890
v -0.02011660 0.01174530 0.03347260
v -0.02142340 0.01061740 0.03348220
v -0.01974590 0.01373430 0.03150020
v -0.02164260 0.01249570 0.03058640
v -0.01795620 0.01496690 0.03249990
v -0.01728240 0.01456760 0.03390700
v -0.01901060 0.01310200 0.03356760
v -0.01830940 0.01665990 0.02724710
v -0.01963910 0.01565410 0.02708560
v -0.01765530 0.01648750 0.02923620
v -0.01930600 0.01510940 0.02923180
v -0.01772440 0.01536340 0.03153080
v -0.01954210 0.01465510 0.03042470
v -0.01562600 0.01829870 0.02711000
v -0.01692360 0.01770520 0.02690380
v -0.01567080 0.01772020 0.02945410
v -0.01745390 0.01719130 0.02809060
v -0.01614410 0.01713260 0.03038140
v -0.01394960 0.01926710 0.02606350
v -0.01403250 0.01883600 0.02711140
v -0.01297380 0.01892250 0.02930830
v -0.01594260 0.01663390 0.03143950
v -0.01527570 0.01587210 0.03370590
v -0.01731660 0.01537580 0.03267690
v -0.01584590 0.01505970 0.03494880
v -0.01309560 0.01810000 0.03180230
v -0.01471940 0.01733610 0.03130120
v -0.01331330 0.01699910 0.03363490
v -0.01477900 0.01686300 0.03276820
v -0.01332020 0.01665330 0.03472350
v -0.01404650 0.01968970 0.01880200
v -0.01319410 0.01978950 0.01745270
v -0.01312530 0.02027450 0.02031400
v -0.01454530 0.01933220 0.01995120
v -0.01329520 0.02003470 0.02264010
v -0.01481520 0.01948130 0.02228320
v -0.01357430 0.01951500 0.02492240
v -0.01514020 0.01880350 0.02351700
v -0.02359740 0.00239329 0.03636010
v -0.02258270 0.00348079 0.03714380
v -0.02207450 0.00243124 0.03782240
v -0.02341600 0.00115480 0.03713610
v -0.02382310 0.00483157 0.03537430
v -0.02257830 0.00452303 0.03665460
v -0.02199990 0.00674966 0.03605920
v -0.02385420 0.00612550 0.03459690
v -0.02070860 0.00266683 0.03936990
v -0.02157590 0.00445774 0.03806170
v -0.02019010 0.00473230 0.03882250
v -0.01948730 0.00285764 0.04017700
v -0.01839210 0.00253424 0.04079530
v -0.01914200 0.00488536 0.03976470
v -0.01749620 0.00466491 0.04075780
v -0.02048550 0.00827646 0.03723830
v -0.01963330 0.00687516 0.03838020
v -0.02156880 0.00589645 0.03723350
v -0.02115480 0.00905747 0.03500030
v -0.02031640 0.00913465 0.03629300
v -0.01899950 0.00902703 0.03751380
v -0.01707820 0.00922210 0.03917160
v -0.01796960 0.00801929 0.03956160
v -0.01760810 0.00705343 0.04000800
v -0.01953450 0.00581485 0.03943700
v -0.01725630 0.00244007 0.04141760
v -0.01578380 0.00274118 0.04229550
v -0.01632560 0.00594730 0.04131400
v -0.01583010 0.00471657 0.04160260
v -0.01752690 0.00392760 0.04115480
v -0.01326290 0.00242778 0.04331470
v -0.01372140 0.00489921 0.04276960
v -0.01533870 0.00690592 0.04132500
v -0.01577280 0.01040130 0.03961160
v -0.01559550 0.00917862 0.04018670
v -0.01719980 0.00806563 0.04002440
v -0.01359480 0.00816075 0.04193890
v -0.01363170 0.00711922 0.04218910
v -0.01513510 0.00558936 0.04181830
v -0.01298830 0.00923405 0.04146620
v -0.01935220 0.01077110 0.03531480
v -0.02152080 0.00960676 0.03432540
v -0.01787610 0.01187270 0.03641830
v -0.01764790 0.01119950 0.03734720
v -0.01925610 0.01008480 0.03662800
v -0.01773360 0.01266120 0.03578000
v -0.01954330 0.01227920 0.03451990
v -0.01509120 0.01126350 0.03895940
v -0.01506340 0.01457870 0.03611370
v -0.01595550 0.01278890 0.03731920
v -0.01714200 0.01207790 0.03685360
v -0.01333830 0.01461080 0.03707190
v -0.01307610 0.01351480 0.03839220
v -0.01349860 0.01220940 0.03921550
v -0.01330870 0.01128490 0.04028370
v -0.01500030 0.01025260 0.03976860
v -0.01305710 0.01573310 0.03577620
v -0.01494390 0.01535360 0.03534590
v -0.01038770 -0.03147270 -0.04194330
v -0.00942202 -0.03072520 -0.04365870
v -0.01098650 -0.02969710 -0.04514170
v -0.00959566 -0.02831460 -0.04658950
v -0.01122870 -0.02707490 -0.04776380
v -0.00799396 -0.03145360 -0.04201860
v -0.00700448 -0.03066380 -0.04372520
v -0.00846328 -0.02966690 -0.04517630
v -0.00716868 -0.02824040 -0.04657900
v -0.00873876 -0.02699220 -0.04778260
v -0.01055560 -0.03217050 -0.03992660
v -0.01116310 -0.03277940 -0.03817070
v -0.00814676 -0.03216200 -0.03999290
v -0.00884342 -0.03282200 -0.03817770
v -0.00556892 -0.03133580 -0.04214430
v -0.00478777 -0.03059260 -0.04377160
v -0.00622266 -0.02965110 -0.04519820
v -0.00502701 -0.02825220 -0.04654470
v -0.00645927 -0.02691540 -0.04777600
v -0.00336603 -0.03120420 -0.04221600
v -0.00260517 -0.03049910 -0.04377310
v -0.00406695 -0.02967220 -0.04515730
v -0.00284716 -0.02856530 -0.04630540
v -0.00422558 -0.02726780 -0.04754140
v -0.00583068 -0.03206720 -0.04009760
v -0.00652828 -0.03277960 -0.03823350
v -0.00360025 -0.03194620 -0.04017270
v -0.00427241 -0.03271060 -0.03829450
v -0.00959580 -0.02607760 -0.04851220
v -0.01007680 -0.02465400 -0.04921440
v -0.01005940 -0.02253140 -0.04981510
v -0.00715614 -0.02603250 -0.04846960
v -0.00772122 -0.02464440 -0.04917590
v -0.00782476 -0.02253820 -0.04977370
v -0.01086980 -0.02062490 -0.05035260
v -0.00928169 -0.01940660 -0.05044230
v -0.00994487 -0.01801990 -0.05066040
v -0.00855845 -0.02052710 -0.05031910
v -0.00707122 -0.01934540 -0.05040530
v -0.00773567 -0.01798160 -0.05064520
v -0.00497170 -0.02605220 -0.04836480
v -0.00552687 -0.02461450 -0.04911950
v -0.00563328 -0.02252020 -0.04972100
v -0.00285503 -0.02634730 -0.04812370
v -0.00329718 -0.02480850 -0.04888540
v -0.00357388 -0.02268610 -0.04956160
v -0.00635454 -0.02050780 -0.05027320
v -0.00485049 -0.01935140 -0.05034320
v -0.00553650 -0.01797090 -0.05062460
v -0.00426223 -0.02054660 -0.05019440
v -0.00274336 -0.01943430 -0.05023780
v -0.00332643 -0.01796360 -0.05056730
v -0.00118311 -0.03098960 -0.04230660
v -0.00041475 -0.03034310 -0.04373550
v -0.00189833 -0.02974610 -0.04501150
v -0.00053619 -0.02875510 -0.04605220
v -0.00198883 -0.02747220 -0.04724910
v 0.00100515 -0.03088600 -0.04221190
v 0.00163202 -0.03030910 -0.04354690
v 0.00034305 -0.02972860 -0.04477420
v 0.00175352 -0.02873840 -0.04569040
v 0.00020871 -0.02776280 -0.04685630
v -0.00139681 -0.03169990 -0.04037600
v -0.00201911 -0.03246910 -0.03850110
v 0.00094352 -0.03140270 -0.04053300
v 0.00029804 -0.03222230 -0.03850430
v 0.00285308 -0.03044280 -0.04296540
v 0.00344989 -0.03066160 -0.04210760
v 0.00340597 -0.03043710 -0.04302150
v 0.00282240 -0.02983740 -0.04398550
v 0.00389884 -0.02857290 -0.04533870
v 0.00268350 -0.02713770 -0.04677640
v 0.00513831 -0.02938320 -0.04404050
v 0.00581775 -0.02828140 -0.04510000
v 0.00517187 -0.02713860 -0.04620050
v 0.00471979 -0.03024690 -0.04282570
v 0.00320747 -0.03131110 -0.04036610
v 0.00286908 -0.03219090 -0.03781870
v 0.00540134 -0.03117930 -0.04018700
v 0.00594105 -0.03063340 -0.04152060
v 0.00527619 -0.03182960 -0.03811230
v -0.00048894 -0.02659810 -0.04773810
v -0.00113361 -0.02506580 -0.04854770
v -0.00160464 -0.02283710 -0.04939260
v 0.00152851 -0.02655520 -0.04745560
v 0.00097563 -0.02501100 -0.04832770
v 0.00071584 -0.02309270 -0.04904860
v -0.00209401 -0.02086130 -0.04998310
v -0.00074489 -0.01951600 -0.05010840
v -0.00109799 -0.01805650 -0.05046830
v 0.00023920 -0.02104780 -0.04970130
v 0.00140857 -0.01959620 -0.05007220
v 0.00108583 -0.01810800 -0.05034170
v 0.00257218 -0.02603320 -0.04760990
v 0.00325381 -0.02632710 -0.04727650
v 0.00322845 -0.02510190 -0.04785120
v 0.00310607 -0.02302270 -0.04875110
v 0.00458358 -0.02583940 -0.04719890
v 0.00574646 -0.02444890 -0.04764450
v 0.00525305 -0.02278320 -0.04851890
v 0.00274968 -0.02038400 -0.04964880
v 0.00280824 -0.01911710 -0.05003970
v 0.00328922 -0.01911500 -0.05012540
v 0.00346222 -0.01810830 -0.05021490
v 0.00492436 -0.02076790 -0.04927920
v 0.00449262 -0.01896180 -0.04999890
v -0.00993706 -0.01576680 -0.05078180
v -0.00993283 -0.01292960 -0.05096240
v -0.00774210 -0.01576400 -0.05077770
v -0.00773601 -0.01292800 -0.05096130
v -0.00990210 -0.01038250 -0.05092280
v -0.00989535 -0.00812795 -0.05090440
v -0.00770494 -0.01038270 -0.05092270
v -0.00769790 -0.00812808 -0.05090440
v -0.00554844 -0.01575840 -0.05076580
v -0.00553997 -0.01292880 -0.05095830
v -0.00335305 -0.01575340 -0.05074900
v -0.00334169 -0.01292710 -0.05095480
v -0.00550713 -0.01038220 -0.05092270
v -0.00550056 -0.00812803 -0.05090440
v -0.00330976 -0.01038180 -0.05092300
v -0.00330314 -0.00812783 -0.05090430
v -0.00989408 -0.00592286 -0.05090140
v -0.00989393 -0.00372444 -0.05090100
v -0.00769666 -0.00592286 -0.05090140
v -0.00769650 -0.00372443 -0.05090100
v -0.00989391 -0.00152688 -0.05090090
v -0.00989391 0.00067056 -0.05090090
v -0.00769649 -0.00152688 -0.05090090
v -0.00769648 0.00067056 -0.05090090
v -0.00549925 -0.00592285 -0.05090140
v -0.00549908 -0.00372443 -0.05090100
v -0.00330184 -0.00592283 -0.05090140
v -0.00330166 -0.00372443 -0.05090100
v -0.00549906 -0.00152688 -0.05090090
v -0.00549906 0.00067056 -0.05090090
v -0.00330164 -0.00152688 -0.05090090
v -0.00330163 0.00067056 -0.05090090
v -0.00115563 -0.01573360 -0.05072730
v -0.00114730 -0.01292800 -0.05095040
v 0.00104048 -0.01596270 -0.05062040
v 0.00110535 -0.01302640 -0.05093550
v -0.00111182 -0.01038300 -0.05092320
v -0.00110551 -0.00812799 -0.05090430
v 0.00109357 -0.01040460 -0.05092630
v 0.00109368 -0.00813162 -0.05090490
v 0.00317195 -0.01600330 -0.05063820
v 0.00322837 -0.01323080 -0.05088820
v 0.00579495 -0.01759860 -0.05027060
v 0.00538719 -0.01591120 -0.05063270
v 0.00546573 -0.01347740 -0.05079250
v 0.00333482 -0.01049430 -0.05091900
v 0.00329706 -0.00814673 -0.05090740
v 0.00552724 -0.01064070 -0.05092960
v 0.00549665 -0.00816665 -0.05091270
v -0.00110438 -0.00592287 -0.05090140
v -0.00110423 -0.00372444 -0.05090100
v 0.00109335 -0.00592347 -0.05090150
v 0.00109325 -0.00372454 -0.05090100
v -0.00110421 -0.00152688 -0.05090090
v -0.00110421 0.00067056 -0.05090090
v 0.00109322 -0.00152690 -0.05090090
v 0.00109322 0.00067056 -0.05090090
v 0.00329172 -0.00592578 -0.05090190
v 0.00329081 -0.00372489 -0.05090110
v 0.00548876 -0.00592808 -0.05090280
v 0.00548779 -0.00372506 -0.05090130
v 0.00329067 -0.00152695 -0.05090100
v 0.00329064 0.00067055 -0.05090090
v 0.00548772 -0.00152694 -0.05090110
v 0.00548776 0.00067056 -0.05090100
v 0.00711092 -0.02789140 -0.04492400
v 0.00780026 -0.02856310 -0.04402340
v 0.00779256 -0.02784080 -0.04486510
v 0.00775613 -0.02694740 -0.04543420
v 0.00668337 -0.02998620 -0.04262340
v 0.00924947 -0.02977220 -0.04180530
v 0.01016420 -0.02832150 -0.04329800
v 0.00935319 -0.02699380 -0.04472220
v 0.00767473 -0.03101670 -0.03977070
v 0.00806348 -0.03043170 -0.04119150
v 0.00764784 -0.03154740 -0.03804140
v 0.00931057 -0.03043600 -0.04061480
v 0.00985109 -0.03070350 -0.03947650
v 0.01004680 -0.03028690 -0.04058370
v 0.00998785 -0.03125380 -0.03759300
v 0.01140340 -0.02798550 -0.04289330
v 0.01209000 -0.02853470 -0.04184930
v 0.01207300 -0.02784440 -0.04274740
v 0.01201520 -0.02695760 -0.04345590
v 0.01161480 -0.03075070 -0.03839110
v 0.01205300 -0.03089530 -0.03712770
v 0.01237770 -0.03045650 -0.03832430
v 0.01152570 -0.03012840 -0.03962680
v 0.01358210 -0.02832650 -0.04119270
v 0.01424230 -0.02880210 -0.03980520
v 0.01434230 -0.02802970 -0.04086600
v 0.01389970 -0.02711080 -0.04204100
v 0.01385530 -0.03016550 -0.03734840
v 0.00698449 -0.02382240 -0.04768200
v 0.00703694 -0.02506040 -0.04693880
v 0.00777314 -0.02398090 -0.04733330
v 0.00768874 -0.02277170 -0.04788510
v 0.00728571 -0.02085380 -0.04878480
v 0.00671188 -0.01895750 -0.04966220
v 0.00897269 -0.02342910 -0.04720220
v 0.01026700 -0.02194050 -0.04746910
v 0.00958501 -0.02047610 -0.04845200
v 0.00918702 -0.01828550 -0.04949200
v 0.01159960 -0.02145660 -0.04715310
v 0.01159470 -0.02252710 -0.04662640
v 0.01237480 -0.02133710 -0.04701950
v 0.01210100 -0.02022250 -0.04759910
v 0.01185660 -0.01832670 -0.04866830
v 0.01348440 -0.01914920 -0.04765710
v 0.01369580 -0.02035190 -0.04687110
v 0.01433180 -0.01912250 -0.04729210
v 0.01408070 -0.01800670 -0.04788760
v 0.00910400 -0.02603120 -0.04565020
v 0.00997294 -0.02611850 -0.04524060
v 0.00985965 -0.02500720 -0.04595960
v 0.01104630 -0.02559130 -0.04507120
v 0.01240230 -0.02413660 -0.04538920
v 0.01353920 -0.02628100 -0.04320910
v 0.01430740 -0.02592120 -0.04293210
v 0.01391440 -0.02485280 -0.04397180
v 0.01360590 -0.02370400 -0.04498340
v 0.01427890 -0.02357430 -0.04476960
v 0.01429920 -0.02238530 -0.04548130
v 0.01592310 -0.02846710 -0.03865620
v 0.01650100 -0.02861500 -0.03757080
v 0.01670360 -0.02793890 -0.03854970
v 0.01610500 -0.02727750 -0.03990750
v 0.01580570 -0.02385480 -0.04350750
v 0.01627890 -0.02501870 -0.04213060
v 0.01678130 -0.02370510 -0.04298020
v 0.01623130 -0.02252320 -0.04413410
v 0.01601450 -0.02634410 -0.04128360
v 0.01677550 -0.02600350 -0.04082510
v 0.01830790 -0.02630030 -0.03895840
v 0.01847880 -0.02694480 -0.03757010
v 0.01896110 -0.02577610 -0.03863450
v 0.01817800 -0.02547410 -0.03995260
v 0.01905860 -0.02365700 -0.04107850
v 0.01811650 -0.02260270 -0.04277220
v 0.01580480 -0.02149890 -0.04515880
v 0.01654340 -0.02118340 -0.04503690
v 0.01643100 -0.02016640 -0.04559100
v 0.01584960 -0.01793260 -0.04710650
v 0.01816890 -0.02174920 -0.04357170
v 0.01886700 -0.02131930 -0.04328470
v 0.01819510 -0.02032960 -0.04435690
v 0.01792990 -0.01899290 -0.04550140
v 0.01868790 -0.01894710 -0.04500430
v 0.01846250 -0.01790810 -0.04576150
v 0.02004070 -0.02337280 -0.04039670
v 0.02011010 -0.02399310 -0.03956450
v 0.02112530 -0.02285580 -0.03971930
v 0.02070940 -0.02207130 -0.04103920
v 0.02079210 -0.02468390 -0.03769540
v 0.02145940 -0.02336610 -0.03866770
v 0.02041280 -0.01954600 -0.04356320
v 0.02038210 -0.02051460 -0.04274370
v 0.02109000 -0.01925250 -0.04312330
v 0.02060080 -0.01808660 -0.04423250
v 0.02218060 -0.02111120 -0.04050170
v 0.02244250 -0.02162090 -0.03957960
v 0.02363550 -0.02023710 -0.03960400
v 0.02226420 -0.02027590 -0.04124500
v 0.02308700 -0.02232410 -0.03763980
v 0.02371360 -0.02098090 -0.03854750
v 0.02365640 -0.01926810 -0.04064750
v 0.02278620 -0.01831600 -0.04225420
v 0.00790560 -0.01740280 -0.05009930
v 0.00766939 -0.01563150 -0.05050780
v 0.00777169 -0.01348880 -0.05070610
v 0.00921956 -0.01712040 -0.05002280
v 0.00985316 -0.01707200 -0.04990180
v 0.00972189 -0.01553270 -0.05022600
v 0.00995423 -0.01339120 -0.05062510
v 0.00772253 -0.01089010 -0.05090210
v 0.00771833 -0.00831233 -0.05089840
v 0.00997268 -0.01084450 -0.05078180
v 0.00987810 -0.00830222 -0.05082740
v 0.01148860 -0.01586150 -0.04960510
v 0.01132560 -0.01463890 -0.05028950
v 0.01205790 -0.01435490 -0.04987060
v 0.01201790 -0.01331170 -0.05005800
v 0.01428920 -0.01589800 -0.04867460
v 0.01421340 -0.01363280 -0.04929190
v 0.01196290 -0.01098160 -0.05044830
v 0.01193640 -0.00868365 -0.05063610
v 0.01400340 -0.01247340 -0.04965530
v 0.01519370 -0.01154160 -0.04931430
v 0.01358430 -0.01108620 -0.05003980
v 0.01506010 -0.00907146 -0.04975530
v 0.01350590 -0.00880525 -0.05029640
v 0.00767690 -0.00595364 -0.05089390
v 0.00766937 -0.00373029 -0.05089200
v 0.00987563 -0.00604291 -0.05083250
v 0.00985770 -0.00373539 -0.05084150
v 0.00766963 -0.00152814 -0.05089310
v 0.00766951 0.00067031 -0.05089270
v 0.00985386 -0.00152036 -0.05084330
v 0.00985441 0.00067881 -0.05084300
v 0.01178090 -0.00625283 -0.05070500
v 0.01153900 -0.00378227 -0.05072580
v 0.01458180 -0.00657759 -0.05013920
v 0.01295070 -0.00617831 -0.05052990
v 0.01433250 -0.00420070 -0.05031190
v 0.01295290 -0.00382442 -0.05054930
v 0.01150180 -0.00143840 -0.05068660
v 0.01137470 0.00080186 -0.05059820
v 0.01401360 -0.00162547 -0.05032600
v 0.01286670 -0.00164776 -0.05058690
v 0.01387790 0.00070775 -0.05027170
v 0.01269410 0.00079470 -0.05046310
v 0.01574880 -0.01690990 -0.04768880
v 0.01655820 -0.01688390 -0.04726560
v 0.01642720 -0.01575170 -0.04775570
v 0.01666990 -0.01362540 -0.04832180
v 0.01821240 -0.01460820 -0.04739110
v 0.01839170 -0.01569970 -0.04682800
v 0.01934580 -0.01371890 -0.04709470
v 0.01806170 -0.01338200 -0.04774150
v 0.01698660 -0.01140240 -0.04861440
v 0.01695390 -0.00923172 -0.04899400
v 0.01948030 -0.01237880 -0.04745500
v 0.01915870 -0.01124460 -0.04751320
v 0.01903430 -0.00927945 -0.04810030
v 0.02076790 -0.01023880 -0.04718180
v 0.02092030 -0.01096650 -0.04678800
v 0.02178500 -0.00889763 -0.04667490
v 0.02041860 -0.00867885 -0.04749510
v 0.02044670 -0.01693160 -0.04506990
v 0.02105380 -0.01674300 -0.04487190
v 0.02097240 -0.01575020 -0.04534210
v 0.02088340 -0.01358360 -0.04629560
v 0.02245440 -0.01712550 -0.04347000
v 0.02319870 -0.01695500 -0.04297150
v 0.02276130 -0.01584940 -0.04388520
v 0.02239880 -0.01469140 -0.04493200
v 0.02331970 -0.01371670 -0.04452700
v 0.02228360 -0.01353180 -0.04544790
v 0.02352220 -0.01259070 -0.04492040
v 0.02314410 -0.01160340 -0.04546270
v 0.02316530 -0.00922543 -0.04611550
v 0.01656260 -0.00677474 -0.04950370
v 0.01618470 -0.00413249 -0.04974420
v 0.01875310 -0.00697729 -0.04868100
v 0.01843550 -0.00446910 -0.04904970
v 0.01589220 -0.00171849 -0.04987330
v 0.01597620 0.00051508 -0.04989290
v 0.01809540 -0.00200399 -0.04925300
v 0.01780030 0.00047899 -0.04928220
v 0.02183130 -0.00690613 -0.04723450
v 0.02028510 -0.00682890 -0.04794660
v 0.02135870 -0.00445697 -0.04776530
v 0.02014980 -0.00430276 -0.04832370
v 0.02118800 -0.00182831 -0.04797220
v 0.01959660 -0.00174897 -0.04859950
v 0.02092390 0.00055037 -0.04799680
v 0.01949730 0.00071054 -0.04856460
v 0.02312080 -0.00691286 -0.04653960
v 0.02294370 -0.00442284 -0.04699450
v 0.02271820 -0.00196421 -0.04717000
v 0.02241650 0.00053674 -0.04722360
v -0.01038810 -0.03355980 -0.03549450
v -0.00947333 -0.03311720 -0.03686010
v -0.01019430 -0.03392250 -0.03372650
v -0.00787260 -0.03345110 -0.03559870
v -0.00714106 -0.03307410 -0.03691110
v -0.00787994 -0.03385430 -0.03381930
v -0.01019250 -0.03448760 -0.03129760
v -0.01021050 -0.03481550 -0.02849400
v -0.00810428 -0.03453530 -0.03123860
v -0.00786557 -0.03483990 -0.02858320
v -0.00551644 -0.03333310 -0.03567040
v -0.00492275 -0.03300850 -0.03695440
v -0.00560468 -0.03379630 -0.03378390
v -0.00330137 -0.03322050 -0.03569630
v -0.00275946 -0.03290380 -0.03694230
v -0.00322853 -0.03363100 -0.03379720
v -0.00576095 -0.03448270 -0.03121160
v -0.00567465 -0.03481820 -0.02855090
v -0.00325939 -0.03426310 -0.03127390
v -0.00332369 -0.03467690 -0.02839970
v -0.01026660 -0.03477360 -0.02563450
v -0.01057410 -0.03422940 -0.02295530
v -0.00796930 -0.03485670 -0.02569340
v -0.00814416 -0.03437400 -0.02310970
v -0.01094960 -0.03336630 -0.02080510
v -0.01237830 -0.03224830 -0.01906730
v -0.01107850 -0.03178750 -0.01791880
v -0.01090820 -0.03262450 -0.01921640
v -0.00842783 -0.03368320 -0.02097580
v -0.00861740 -0.03197670 -0.01777680
v -0.00845975 -0.03294320 -0.01935190
v -0.00566166 -0.03483250 -0.02574220
v -0.00566286 -0.03441730 -0.02329870
v -0.00348122 -0.03475260 -0.02570750
v -0.00336854 -0.03435240 -0.02327000
v -0.00576711 -0.03384340 -0.02125170
v -0.00628976 -0.03236500 -0.01803620
v -0.00607749 -0.03312680 -0.01959030
v -0.00339463 -0.03380150 -0.02133680
v -0.00368434 -0.03249830 -0.01820050
v -0.00381379 -0.03317840 -0.01964840
v -0.00106444 -0.03308730 -0.03566340
v -0.00059293 -0.03270840 -0.03706830
v -0.00109429 -0.03357950 -0.03367280
v 0.00108522 -0.03304710 -0.03542450
v 0.00158554 -0.03259950 -0.03702290
v 0.00107711 -0.03350660 -0.03344260
v -0.00102396 -0.03418420 -0.03097470
v -0.00105574 -0.03453210 -0.02826810
v 0.00110511 -0.03402890 -0.03081520
v 0.00116598 -0.03434980 -0.02809470
v 0.00283959 -0.03265660 -0.03649880
v 0.00355513 -0.03289140 -0.03520570
v 0.00337910 -0.03270950 -0.03644020
v 0.00324126 -0.03334940 -0.03331950
v 0.00553227 -0.03320120 -0.03288050
v 0.00568947 -0.03281480 -0.03410880
v 0.00471221 -0.03259740 -0.03618100
v 0.00341350 -0.03380790 -0.03076250
v 0.00327248 -0.03417050 -0.02801090
v 0.00568846 -0.03347790 -0.03076530
v 0.00554531 -0.03377520 -0.02804620
v -0.00109740 -0.03454950 -0.02564800
v -0.00111435 -0.03420520 -0.02326370
v 0.00112767 -0.03433070 -0.02552080
v 0.00098294 -0.03406090 -0.02335920
v -0.00109711 -0.03369940 -0.02142990
v -0.00124147 -0.03248710 -0.01846640
v -0.00123506 -0.03308180 -0.01975670
v 0.00099135 -0.03355480 -0.02149990
v 0.00103554 -0.03229040 -0.01845660
v 0.00113453 -0.03293490 -0.01981380
v 0.00324975 -0.03407660 -0.02545020
v 0.00314415 -0.03383480 -0.02351960
v 0.00534821 -0.03379270 -0.02566740
v 0.00530418 -0.03353320 -0.02366120
v 0.00349458 -0.03310630 -0.02114000
v 0.00212619 -0.03310440 -0.02051980
v 0.00343226 -0.03235880 -0.01925610
v 0.00451950 -0.03260460 -0.02009490
v 0.00567920 -0.03254820 -0.02050170
v 0.00544800 -0.03310930 -0.02191610
v 0.00586240 -0.03187270 -0.01900380
v -0.01212770 -0.02995340 -0.01568750
v -0.01109560 -0.03054020 -0.01622300
v -0.01224570 -0.02773600 -0.01339260
v -0.01105170 -0.02888470 -0.01425190
v -0.00866719 -0.03113180 -0.01641740
v -0.01009000 -0.02964610 -0.01476830
v -0.00889406 -0.02906120 -0.01384800
v -0.00862155 -0.03024390 -0.01511900
v -0.01021740 -0.02735940 -0.01243950
v -0.01114340 -0.02674440 -0.01213470
v -0.00905196 -0.02674320 -0.01156800
v -0.00901284 -0.02795380 -0.01264130
v -0.00593164 -0.03158390 -0.01667680
v -0.00639269 -0.02945110 -0.01383220
v -0.00605126 -0.03055510 -0.01522080
v -0.00355662 -0.03175210 -0.01701900
v -0.00363815 -0.02988280 -0.01412280
v -0.00356285 -0.03081920 -0.01545330
v -0.00660299 -0.02717220 -0.01136160
v -0.00656034 -0.02838540 -0.01258520
v -0.00393886 -0.02766330 -0.01147090
v -0.00380644 -0.02879180 -0.01276030
v -0.01221380 -0.02554420 -0.01143710
v -0.01092980 -0.02278460 -0.00940486
v -0.01121920 -0.02482850 -0.01067790
v -0.01012310 -0.02508750 -0.01053510
v -0.00890831 -0.02463360 -0.00987151
v -0.00907087 -0.02576950 -0.01067300
v -0.00896883 -0.02321510 -0.00902534
v -0.00672428 -0.02436820 -0.00916653
v -0.00664887 -0.02609600 -0.01035760
v -0.00770307 -0.02375140 -0.00901117
v -0.00436900 -0.02510870 -0.00919871
v -0.00425860 -0.02646560 -0.01030070
v -0.01221910 -0.02073180 -0.00848859
v -0.01107180 -0.01969060 -0.00749896
v -0.01111090 -0.02148400 -0.00863077
v -0.01218810 -0.01891820 -0.00705385
v -0.00901336 -0.02031340 -0.00730803
v -0.00875846 -0.02182070 -0.00818365
v -0.01014780 -0.01846080 -0.00623459
v -0.01137340 -0.01802900 -0.00631010
v -0.00891622 -0.01751230 -0.00517747
v -0.00904303 -0.01902140 -0.00655467
v -0.00553641 -0.02298330 -0.00812082
v -0.00657387 -0.02274100 -0.00815165
v -0.00395068 -0.02220500 -0.00740862
v -0.00439510 -0.02364580 -0.00829558
v -0.00664324 -0.02059510 -0.00693764
v -0.00694868 -0.01789290 -0.00499591
v -0.00687291 -0.01932260 -0.00604423
v -0.00427184 -0.02066840 -0.00660592
v -0.00468310 -0.01826350 -0.00480307
v -0.00440035 -0.01970940 -0.00581495
v -0.00137692 -0.03168580 -0.01705250
v -0.00107211 -0.02999950 -0.01444090
v -0.00118326 -0.03088500 -0.01566610
v 0.00088363 -0.03151410 -0.01688340
v 0.00122999 -0.02992370 -0.01463780
v 0.00111423 -0.03074000 -0.01567940
v -0.00131780 -0.02797640 -0.01170570
v -0.00122065 -0.02902260 -0.01299100
v 0.00114194 -0.02805500 -0.01197240
v 0.00114187 -0.02903370 -0.01319550
v 0.00351511 -0.03108810 -0.01678410
v 0.00226980 -0.03090410 -0.01616560
v 0.00344617 -0.03003120 -0.01501650
v 0.00454686 -0.03035850 -0.01578300
v 0.00557448 -0.03036700 -0.01598870
v 0.00547666 -0.03119900 -0.01748380
v 0.00565229 -0.02962570 -0.01487940
v 0.00337507 -0.02798100 -0.01216360
v 0.00338226 -0.02892080 -0.01335740
v 0.00553676 -0.02779900 -0.01231010
v 0.00559518 -0.02871380 -0.01351220
v -0.00163042 -0.02558920 -0.00926921
v -0.00166032 -0.02675650 -0.01035730
v 0.00085810 -0.02575630 -0.00948163
v 0.00097027 -0.02695740 -0.01061730
v 0.00323151 -0.02581800 -0.00970216
v 0.00332803 -0.02695850 -0.01086890
v 0.00550199 -0.02579040 -0.01002830
v 0.00555472 -0.02683840 -0.01108600
v -0.00161568 -0.02228770 -0.00723386
v -0.00207213 -0.02390470 -0.00819948
v 0.00084374 -0.02255440 -0.00727758
v 0.00043767 -0.02415350 -0.00821296
v -0.00185391 -0.02089410 -0.00642952
v -0.00220158 -0.01868790 -0.00480252
v -0.00161365 -0.01998030 -0.00571624
v 0.00078914 -0.02113720 -0.00640900
v 0.00052123 -0.01910690 -0.00497163
v 0.00097770 -0.02008440 -0.00576552
v 0.00316001 -0.02269610 -0.00742820
v 0.00302118 -0.02442790 -0.00849774
v 0.00530373 -0.02284510 -0.00778296
v 0.00537280 -0.02450610 -0.00890984
v 0.00317559 -0.02120660 -0.00651829
v 0.00319006 -0.01922930 -0.00516956
v 0.00334255 -0.02016910 -0.00585699
v 0.00533458 -0.02119490 -0.00689309
v 0.00548028 -0.01916240 -0.00537121
v 0.00552856 -0.01987210 -0.00613116
v -0.01118800 -0.01641670 -0.00473850
v -0.00994944 -0.01683570 -0.00470277
v -0.01120260 -0.01425060 -0.00282967
v -0.01110300 -0.01531080 -0.00380202
v -0.01004300 -0.01473800 -0.00269759
v -0.00911130 -0.01581250 -0.00342360
v -0.01215030 -0.01236770 -0.00130211
v -0.01189390 -0.01226830 -0.00086085
v -0.01122580 -0.01279080 -0.00100574
v -0.00894755 -0.01424410 -0.00134551
v -0.00791474 -0.01639220 -0.00377769
v -0.00674960 -0.01592780 -0.00269812
v -0.00687856 -0.01689660 -0.00397094
v -0.00798325 -0.01455650 -0.00143385
v -0.00800760 -0.01435550 -0.00089167
v -0.00672880 -0.01496720 -0.00106232
v -0.00471144 -0.01617420 -0.00239431
v -0.00460596 -0.01727160 -0.00368888
v -0.00470486 -0.01571180 -0.00114222
v -0.00228991 -0.01676970 -0.00242334
v -0.00204913 -0.01782280 -0.00381365
v -0.00229910 -0.01628400 -0.00114602
v 0.00050400 -0.01733510 -0.00265914
v 0.00055296 -0.01818550 -0.00410744
v 0.00035219 -0.01681020 -0.00135688
v 0.00298100 -0.01757380 -0.00312667
v 0.00313813 -0.01832130 -0.00431752
v 0.00308991 -0.01697960 -0.00149039
v 0.00535816 -0.01732750 -0.00307768
v 0.00540616 -0.01815100 -0.00438440
v 0.00545408 -0.01672880 -0.00156012
v 0.00677026 -0.03292040 -0.03387560
v 0.00788305 -0.03261390 -0.03247080
v 0.00779142 -0.03256980 -0.03345960
v 0.00704006 -0.03234440 -0.03503950
v 0.00764088 -0.03318050 -0.03076300
v 0.00745502 -0.03335410 -0.02819650
v 0.00927788 -0.03285070 -0.03185350
v 0.00918891 -0.03288410 -0.03022030
v 0.01072510 -0.03253630 -0.03024100
v 0.00961947 -0.03244810 -0.03277690
v 0.00897976 -0.03300450 -0.02810800
v 0.01028430 -0.03282970 -0.02807110
v 0.01003610 -0.03181220 -0.03556460
v 0.01242180 -0.03130000 -0.03523200
v 0.01240400 -0.03174070 -0.03311850
v 0.01396540 -0.03069700 -0.03616890
v 0.01450430 -0.03058800 -0.03511860
v 0.01459480 -0.03035030 -0.03604440
v 0.01444020 -0.03115340 -0.03297440
v 0.01221830 -0.03220180 -0.03059890
v 0.01205950 -0.03243420 -0.02792480
v 0.01406780 -0.03159130 -0.03047250
v 0.01364810 -0.03173340 -0.02785150
v 0.00726510 -0.03338660 -0.02572450
v 0.00770890 -0.03294600 -0.02313720
v 0.00887776 -0.03303870 -0.02557710
v 0.01015980 -0.03276540 -0.02549740
v 0.00820730 -0.03311540 -0.02444500
v 0.00956160 -0.03250090 -0.02315620
v 0.00870147 -0.03250130 -0.02211140
v 0.00635998 -0.03312860 -0.02255840
v 0.00766780 -0.03243720 -0.02121060
v 0.00769131 -0.03162280 -0.01911430
v 0.00994010 -0.03188420 -0.02100870
v 0.00986592 -0.03093440 -0.01870780
v 0.01188010 -0.03232330 -0.02548090
v 0.01180710 -0.03199050 -0.02334060
v 0.01351640 -0.03172760 -0.02558470
v 0.01367190 -0.03146820 -0.02357800
v 0.01188320 -0.03145700 -0.02134960
v 0.01074230 -0.03019010 -0.01762820
v 0.01194360 -0.03020900 -0.01826840
v 0.01184250 -0.03081030 -0.01962310
v 0.01417440 -0.03063380 -0.02111620
v 0.01293150 -0.03085400 -0.02039210
v 0.01387560 -0.02991310 -0.01911290
v 0.01495960 -0.03002750 -0.02019830
v 0.01624070 -0.03025260 -0.03405060
v 0.01587490 -0.03062200 -0.03275850
v 0.01725930 -0.02984400 -0.03306800
v 0.01639070 -0.02972270 -0.03516070
v 0.01834360 -0.02786670 -0.03641770
v 0.01810040 -0.02860180 -0.03521620
v 0.01930450 -0.02740170 -0.03536640
v 0.01901790 -0.02856060 -0.03306140
v 0.01954980 -0.02774570 -0.03429550
v 0.01558010 -0.03092120 -0.03055970
v 0.01714680 -0.03036350 -0.03051090
v 0.01529920 -0.03116490 -0.02801580
v 0.01651330 -0.03067320 -0.02800690
v 0.01857980 -0.02942220 -0.03058730
v 0.01819370 -0.02978050 -0.02808260
v 0.02054410 -0.02756000 -0.03208760
v 0.02014620 -0.02823130 -0.03070590
v 0.02119400 -0.02711530 -0.03052960
v 0.02097570 -0.02685200 -0.03302210
v 0.01989720 -0.02852490 -0.02821610
v 0.02105700 -0.02737000 -0.02805070
v 0.01522860 -0.03112000 -0.02578880
v 0.01646060 -0.03043270 -0.02557260
v 0.01534540 -0.03067570 -0.02335480
v 0.01613930 -0.03003680 -0.02342930
v 0.01803730 -0.02973230 -0.02580260
v 0.01851930 -0.02877550 -0.02356780
v 0.01459840 -0.03088540 -0.02245540
v 0.01602170 -0.02972990 -0.02159550
v 0.01636290 -0.02860810 -0.01895150
v 0.01785690 -0.02877140 -0.02149250
v 0.01894990 -0.02760010 -0.02122050
v 0.01945830 -0.02793500 -0.02229770
v 0.01695810 -0.02860680 -0.02006300
v 0.01847540 -0.02693060 -0.01904110
v 0.01710520 -0.02763630 -0.01787300
v 0.01962730 -0.02862080 -0.02579990
v 0.02074870 -0.02727600 -0.02569780
v 0.01906280 -0.02891730 -0.02456370
v 0.02062120 -0.02692210 -0.02349310
v 0.02047650 -0.02583580 -0.03642180
v 0.02054700 -0.02629350 -0.03535010
v 0.02168710 -0.02511120 -0.03541030
v 0.02169820 -0.02571230 -0.03411290
v 0.02278800 -0.02339400 -0.03660450
v 0.02262280 -0.02419430 -0.03517230
v 0.02371010 -0.02285110 -0.03532770
v 0.02300210 -0.02450280 -0.03299980
v 0.02397320 -0.02328360 -0.03413170
v 0.02261210 -0.02555210 -0.03173120
v 0.02214690 -0.02612060 -0.03039010
v 0.02333800 -0.02491230 -0.03043280
v 0.02222780 -0.02620790 -0.02804090
v 0.02317440 -0.02519690 -0.02790690
v 0.02198540 -0.02592960 -0.02565230
v 0.02273080 -0.02505280 -0.02557930
v 0.02164090 -0.02645240 -0.02454350
v 0.02261150 -0.02441690 -0.02341300
v 0.02164370 -0.02538700 -0.02242950
v 0.02025210 -0.02661440 -0.02117160
v 0.02108180 -0.02518560 -0.02120710
v 0.01955580 -0.02672490 -0.01988220
v 0.02065010 -0.02466540 -0.01872370
v 0.01951740 -0.02534590 -0.01774370
v 0.02237960 -0.02405640 -0.02131340
v 0.02352970 -0.02244400 -0.02154620
v 0.02398840 -0.02275810 -0.02269000
v 0.02155200 -0.02420110 -0.01987180
v 0.02256650 -0.02208460 -0.01898700
v 0.02182320 -0.02281960 -0.01775850
v 0.00767860 -0.03023850 -0.01649190
v 0.00768917 -0.03083560 -0.01757560
v 0.00750193 -0.02935060 -0.01492960
v 0.00871080 -0.03098210 -0.01814240
v 0.00964689 -0.03007010 -0.01684770
v 0.00976642 -0.02868730 -0.01459140
v 0.00765292 -0.02745340 -0.01265640
v 0.00766277 -0.02848580 -0.01365810
v 0.00860731 -0.02865640 -0.01418460
v 0.00966579 -0.02724000 -0.01307640
v 0.01085960 -0.02759380 -0.01359970
v 0.01183000 -0.02919820 -0.01680430
v 0.01206540 -0.02759840 -0.01414620
v 0.01198860 -0.02839540 -0.01556840
v 0.01414690 -0.02838220 -0.01678290
v 0.01303980 -0.02863780 -0.01609260
v 0.01393890 -0.02728070 -0.01500240
v 0.01522200 -0.02750530 -0.01601320
v 0.00765259 -0.02542350 -0.01010740
v 0.00767644 -0.02645980 -0.01141070
v 0.00957594 -0.02447410 -0.01005520
v 0.00955382 -0.02605560 -0.01145040
v 0.01177030 -0.02628270 -0.01267910
v 0.01076420 -0.02599740 -0.01205510
v 0.01181430 -0.02473980 -0.01123070
v 0.01281990 -0.02496980 -0.01187100
v 0.01063770 -0.02327010 -0.00918977
v 0.01170770 -0.02319000 -0.00961967
v 0.01416270 -0.02457240 -0.01198310
v 0.01402960 -0.02590260 -0.01344400
v 0.01289330 -0.02469870 -0.01171740
v 0.01391700 -0.02275030 -0.01047740
v 0.01501810 -0.02329520 -0.01180220
v 0.00738239 -0.02291040 -0.00818475
v 0.00747898 -0.02432900 -0.00913750
v 0.00864849 -0.02447710 -0.00948578
v 0.00971449 -0.02284020 -0.00867757
v 0.00738403 -0.02109900 -0.00724482
v 0.00763926 -0.01855310 -0.00567996
v 0.00738053 -0.01997390 -0.00628662
v 0.00922785 -0.02103100 -0.00754864
v 0.00940149 -0.01784420 -0.00546849
v 0.00952338 -0.01951630 -0.00686940
v 0.01171940 -0.02009320 -0.00762537
v 0.01165180 -0.02192150 -0.00870538
v 0.01067070 -0.01999710 -0.00709483
v 0.01179620 -0.01834360 -0.00637459
v 0.01306790 -0.01880060 -0.00709633
v 0.01275930 -0.02223330 -0.00938910
v 0.01382230 -0.02058610 -0.00886216
v 0.01483450 -0.02066150 -0.00956023
v 0.01411320 -0.01865880 -0.00738034
v 0.01503150 -0.02900400 -0.01810550
v 0.01611780 -0.02757550 -0.01688550
v 0.01625950 -0.02606230 -0.01492540
v 0.01769890 -0.02638920 -0.01682540
v 0.01885990 -0.02496620 -0.01671170
v 0.01720730 -0.02602190 -0.01578640
v 0.01796940 -0.02421130 -0.01509570
v 0.01702490 -0.02421030 -0.01401740
v 0.01528680 -0.02588700 -0.01396910
v 0.01584740 -0.02454180 -0.01363180
v 0.01598400 -0.02278320 -0.01230690
v 0.01726510 -0.02394230 -0.01393390
v 0.01784530 -0.02210830 -0.01303570
v 0.01903970 -0.02227470 -0.01396360
v 0.01607550 -0.02000980 -0.00965976
v 0.01613240 -0.02189920 -0.01122740
v 0.01687840 -0.02177510 -0.01169540
v 0.01784080 -0.02005280 -0.01150270
v 0.01835880 -0.02014580 -0.01249320
v 0.01721100 -0.01844170 -0.00887871
v 0.01856930 -0.01772940 -0.00938161
v 0.01998200 -0.02390410 -0.01685970
v 0.02134880 -0.02266340 -0.01676050
v 0.01950720 -0.02385870 -0.01583020
v 0.02007200 -0.02222510 -0.01504460
v 0.02203570 -0.02169390 -0.01679930
v 0.02358710 -0.01955830 -0.01659240
v 0.02318390 -0.02015480 -0.01807330
v 0.02178970 -0.02144150 -0.01594750
v 0.02180470 -0.02021140 -0.01481810
v 0.02108330 -0.02022880 -0.01409320
v 0.02330310 -0.01770900 -0.01448780
v 0.02344660 -0.01830570 -0.01559030
v 0.01904470 -0.02175660 -0.01395740
v 0.01998160 -0.01992630 -0.01294500
v 0.01899710 -0.01967720 -0.01204550
v 0.01946350 -0.01849910 -0.01133070
v 0.02128830 -0.01731300 -0.01159010
v 0.02120310 -0.01979560 -0.01387700
v 0.02189470 -0.01851250 -0.01322790
v 0.01502980 -0.02017050 -0.00895052
v 0.01601510 -0.01793580 -0.00799241
v 0.00749046 -0.01701150 -0.00328980
v 0.00754993 -0.01775320 -0.00455921
v 0.00730854 -0.01634910 -0.00149704
v 0.00876617 -0.01807150 -0.00501419
v 0.00941501 -0.01665690 -0.00390763
v 0.01065050 -0.01707840 -0.00463041
v 0.00969952 -0.01548780 -0.00120001
v 0.01163290 -0.01690420 -0.00519132
v 0.01397400 -0.01588140 -0.00525023
v 0.01409580 -0.01746920 -0.00645786
v 0.01168730 -0.01543120 -0.00329104
v 0.01056470 -0.01579050 -0.00275649
v 0.01179900 -0.01448390 -0.00137401
v 0.01279840 -0.01450860 -0.00248968
v 0.01076220 -0.01463740 -0.00036795
v 0.01270110 -0.01597020 -0.00439540
v 0.01385200 -0.01445440 -0.00378214
v 0.01512330 -0.01467470 -0.00448375
v 0.01374130 -0.01279040 -0.00144850
v 0.02092700 -0.01570250 -0.00995672
v 0.02196690 -0.01605410 -0.01095180
v 0.01944170 -0.01593230 -0.00905940
v 0.02316490 -0.01576390 -0.01213810
v 0.02410190 -0.01601920 -0.01331350
v 0.02222540 -0.01540720 -0.01068700
v 0.02297470 -0.01333260 -0.01017310
v 0.02382060 -0.01383710 -0.01133380
v 0.02177810 -0.01376470 -0.00915275
v 0.01498450 -0.01752450 -0.00694401
v 0.01606560 -0.01609220 -0.00665079
v 0.01692450 -0.01602500 -0.00721567
v 0.01600240 -0.01433340 -0.00515579
v 0.01733930 -0.01765410 -0.00844511
v 0.01834510 -0.01568270 -0.00802070
v 0.01735140 -0.01546970 -0.00675282
v 0.01809670 -0.01344600 -0.00609813
v 0.01930950 -0.01379470 -0.00731827
v 0.01588860 -0.01276030 -0.00374269
v 0.01496770 -0.01279460 -0.00231447
v 0.01538800 -0.01103090 -0.00195096
v 0.01657540 -0.01125080 -0.00284372
v 0.01449290 -0.01144760 -0.00051215
v 0.01720560 -0.01303360 -0.00465968
v 0.01737570 -0.01148490 -0.00393229
v 0.01946370 -0.01059700 -0.00499905
v 0.01894200 -0.00895257 -0.00364334
v 0.01972530 -0.00959517 -0.00452114
v 0.01666620 -0.01077980 -0.00268106
v 0.01728280 -0.00971302 -0.00224665
v 0.01662980 -0.00854888 -0.00089084
v 0.02005990 -0.01541470 -0.00871712
v 0.02051900 -0.01337280 -0.00813179
v 0.01957270 -0.01324010 -0.00687430
v 0.02003010 -0.01190250 -0.00657772
v 0.02164250 -0.01071250 -0.00718586
v 0.02083000 -0.00904479 -0.00569418
v 0.02188310 -0.00923050 -0.00677583
v 0.02205610 -0.01312260 -0.00896649
v 0.02231840 -0.01179940 -0.00851299
v 0.02349370 -0.01069010 -0.00938054
v 0.02272870 -0.00897861 -0.00798260
v 0.02367900 -0.00935846 -0.00902897
v 0.01790950 -0.00698020 -0.00152074
v 0.01937690 -0.00659104 -0.00252903
v 0.01729140 -0.00733942 -0.00047598
v 0.01902150 -0.00435052 -0.00134233
v 0.01968880 -0.00494046 -0.00213848
v 0.02196270 -0.00862286 -0.00680066
v 0.02225000 -0.00746857 -0.00626110
v 0.02338690 -0.00611311 -0.00722413
v 0.02135110 -0.00632899 -0.00494809
v 0.02220420 -0.00486047 -0.00573611
v 0.02397370 -0.00385551 -0.00711362
v 0.02146970 -0.00492250 -0.00467107
v 0.02011720 -0.00884302 -0.00459314
v 0.02024850 -0.00761338 -0.00398291
v 0.02059320 -0.00450577 -0.00345715
v 0.02296230 -0.00213517 -0.00580254
v 0.02396130 -0.00126776 -0.00691460
v 0.02293890 0.00062923 -0.00599344
v 0.02422590 0.00162421 -0.00713485
v 0.01984690 -0.00432945 -0.00201904
v 0.01994150 -0.00312302 -0.00188507
v 0.02094640 -0.00159496 -0.00311676
v 0.01925940 -0.00157766 -0.00069685
v 0.02023850 -0.00089129 -0.00186384
v 0.02097720 0.00069678 -0.00314598
v 0.01935120 0.00082125 -0.00097010
v 0.02151390 -0.00450255 -0.00459246
v 0.02175790 -0.00286302 -0.00434597
v 0.02198120 -0.00069351 -0.00469058
v 0.02522080 -0.01920120 -0.03852330
v 0.02518210 -0.01991540 -0.03748290
v 0.02567520 -0.01879660 -0.03817020
v 0.02521430 -0.01810470 -0.03962230
v 0.02471270 -0.01479100 -0.04284550
v 0.02500000 -0.01581270 -0.04175590
v 0.02564060 -0.01363550 -0.04234650
v 0.02459080 -0.01364030 -0.04352460
v 0.02497150 -0.01717020 -0.04095030
v 0.02548040 -0.01686930 -0.04057790
v 0.02694220 -0.01675090 -0.03837530
v 0.02666980 -0.01796730 -0.03727090
v 0.02797580 -0.01572150 -0.03720530
v 0.02654580 -0.01600960 -0.03968000
v 0.02670240 -0.01480530 -0.04041630
v 0.02770750 -0.01329530 -0.03949830
v 0.02668490 -0.01357260 -0.04124670
v 0.02806610 -0.01466800 -0.03831700
v 0.02578800 -0.01269340 -0.04278460
v 0.02507990 -0.01144630 -0.04387490
v 0.02467930 -0.01044620 -0.04463640
v 0.02572770 -0.00939075 -0.04396300
v 0.02460440 -0.00927995 -0.04500280
v 0.02670660 -0.01064070 -0.04250680
v 0.02676860 -0.01156080 -0.04206560
v 0.02786880 -0.00921653 -0.04143490
v 0.02671090 -0.00946508 -0.04290750
v 0.02794550 -0.01148370 -0.04025750
v 0.02818150 -0.01035700 -0.04075880
v 0.02868400 -0.01234300 -0.03828490
v 0.02874510 -0.01353910 -0.03762500
v 0.02920210 -0.01115390 -0.03735710
v 0.02891360 -0.01129040 -0.03886430
v 0.02959680 -0.00967347 -0.03741750
v 0.02870410 -0.00940826 -0.03967470
v 0.02608120 -0.00713641 -0.04419470
v 0.02475510 -0.00713759 -0.04531660
v 0.02607440 -0.00464630 -0.04469620
v 0.02469610 -0.00480951 -0.04578440
v 0.02793590 -0.00703802 -0.04187430
v 0.02709130 -0.00725358 -0.04308070
v 0.02809070 -0.00461492 -0.04229320
v 0.02721590 -0.00490416 -0.04345670
v 0.02596460 -0.00222746 -0.04501340
v 0.02446980 -0.00222742 -0.04618070
v 0.02575930 0.00019831 -0.04521540
v 0.02423170 0.00038421 -0.04630510
v 0.02815320 -0.00213904 -0.04272000
v 0.02713840 -0.00225945 -0.04389070
v 0.02795900 0.00031298 -0.04297550
v 0.02686380 0.00039005 -0.04414650
v 0.02904310 -0.00819022 -0.04022270
v 0.02952430 -0.00685378 -0.03946790
v 0.02857010 -0.00705597 -0.04068520
v 0.03022870 -0.00742697 -0.03716780
v 0.02982700 -0.00445567 -0.03954890
v 0.02921130 -0.00472735 -0.04097310
v 0.03052360 -0.00492787 -0.03790710
v 0.03001120 -0.00206619 -0.03958690
v 0.02902620 -0.00213441 -0.04128680
v 0.03087450 -0.00227804 -0.03821030
v 0.03008610 0.00031340 -0.03983380
v 0.02902390 0.00032619 -0.04159770
v 0.03096860 0.00016970 -0.03812790
v 0.02488390 -0.02293840 -0.03168330
v 0.02430750 -0.02354610 -0.03039700
v 0.02548030 -0.02192140 -0.03035720
v 0.02472420 -0.02249000 -0.03282020
v 0.02425270 -0.02394480 -0.02794720
v 0.02559040 -0.02226200 -0.02803220
v 0.02491600 -0.02098600 -0.03644060
v 0.02481610 -0.02172200 -0.03522440
v 0.02579100 -0.02042000 -0.03518720
v 0.02630290 -0.02065310 -0.03294380
v 0.02686600 -0.01845080 -0.03613090
v 0.02675980 -0.01910130 -0.03527020
v 0.02740820 -0.01775620 -0.03500560
v 0.02700740 -0.01970500 -0.03298010
v 0.02795820 -0.01777320 -0.03278910
v 0.02645010 -0.02109740 -0.03025040
v 0.02638290 -0.02111660 -0.02767570
v 0.02713210 -0.01998540 -0.03026050
v 0.02789410 -0.01877070 -0.03045910
v 0.02706820 -0.02002150 -0.02772750
v 0.02751630 -0.01905490 -0.02776730
v 0.02398710 -0.02376040 -0.02580180
v 0.02523160 -0.02254660 -0.02574630
v 0.02390310 -0.02402790 -0.02471300
v 0.02448590 -0.02238810 -0.02355410
v 0.02600560 -0.02139750 -0.02558160
v 0.02574130 -0.02116820 -0.02342120
v 0.02688880 -0.01993650 -0.02534080
v 0.02721720 -0.01876470 -0.02530040
v 0.02663790 -0.01976230 -0.02326580
v 0.02745190 -0.01807720 -0.02359510
v 0.02448340 -0.02174930 -0.02161450
v 0.02565920 -0.01997420 -0.02147080
v 0.02368170 -0.02150590 -0.02033740
v 0.02444100 -0.02000640 -0.01904770
v 0.02562040 -0.01850720 -0.01911130
v 0.02621500 -0.01894910 -0.02010650
v 0.02616490 -0.02024130 -0.02244050
v 0.02674560 -0.01855100 -0.02105390
v 0.02371560 -0.01957670 -0.01754380
v 0.02450840 -0.01779830 -0.01710070
v 0.02824190 -0.01634560 -0.03506970
v 0.02833280 -0.01718220 -0.03414990
v 0.02904260 -0.01438340 -0.03627430
v 0.02898590 -0.01519570 -0.03519760
v 0.02964930 -0.01353000 -0.03513930
v 0.02892370 -0.01588050 -0.03286480
v 0.03009650 -0.01369330 -0.03292950
v 0.02899870 -0.01692040 -0.03179550
v 0.02849490 -0.01750410 -0.03035350
v 0.02942490 -0.01574860 -0.03046320
v 0.02831520 -0.01773580 -0.02775520
v 0.02944920 -0.01611860 -0.02789850
v 0.03041280 -0.01387030 -0.03046980
v 0.03037730 -0.01402180 -0.02792710
v 0.03001620 -0.01151190 -0.03475670
v 0.03052450 -0.01200950 -0.03291280
v 0.03036640 -0.00974312 -0.03575400
v 0.03079350 -0.01018970 -0.03388220
v 0.03069120 -0.01076260 -0.03284170
v 0.03116110 -0.00927184 -0.03245310
v 0.03074690 -0.00933804 -0.03435160
v 0.03078950 -0.01222400 -0.03049590
v 0.03108180 -0.01212740 -0.02806170
v 0.03135400 -0.01084990 -0.03040970
v 0.03154310 -0.00932926 -0.03032230
v 0.03127400 -0.01078720 -0.02787780
v 0.03156880 -0.00926457 -0.02793170
v 0.02751810 -0.01671070 -0.02134760
v 0.02806810 -0.01697710 -0.02226720
v 0.02648060 -0.01743980 -0.01907000
v 0.02743210 -0.01559960 -0.01906250
v 0.02812230 -0.01771410 -0.02552400
v 0.02887860 -0.01620620 -0.02544650
v 0.02761910 -0.01788150 -0.02414100
v 0.02828540 -0.01618960 -0.02337750
v 0.03008070 -0.01409490 -0.02549470
v 0.02972980 -0.01396040 -0.02325930
v 0.02833180 -0.01527340 -0.02158300
v 0.02920660 -0.01384080 -0.02119060
v 0.02815530 -0.01566180 -0.02033160
v 0.02807380 -0.01397070 -0.01906610
v 0.02779760 -0.01385620 -0.01803760
v 0.03068700 -0.01216800 -0.02552760
v 0.03044290 -0.01114180 -0.02309020
v 0.03117500 -0.01056470 -0.02554360
v 0.03158050 -0.00920855 -0.02552200
v 0.03120720 -0.01083440 -0.02434930
v 0.03092400 -0.00926705 -0.02309220
v 0.03067450 -0.00918869 -0.02253570
v 0.02984800 -0.01143020 -0.02091780
v 0.02955390 -0.01120050 -0.01912610
v 0.03065630 -0.00893852 -0.02096540
v 0.02973170 -0.00893415 -0.01902690
v 0.03043850 -0.00860861 -0.03616810
v 0.03170730 -0.00713770 -0.03274840
v 0.03077010 -0.00749291 -0.03521670
v 0.03102490 -0.00616448 -0.03588640
v 0.03133110 -0.00475021 -0.03503210
v 0.03093550 -0.00479986 -0.03691670
v 0.03212090 -0.00495604 -0.03296030
v 0.03207770 -0.00717899 -0.03066930
v 0.03218810 -0.00716284 -0.02807070
v 0.03239070 -0.00506082 -0.03053140
v 0.03243260 -0.00504983 -0.02788600
v 0.03160700 -0.00230940 -0.03523210
v 0.03115040 -0.00221837 -0.03672280
v 0.03225360 -0.00247511 -0.03313310
v 0.03179020 0.00026042 -0.03538640
v 0.03135690 0.00020672 -0.03692270
v 0.03226590 0.00028877 -0.03325400
v 0.03260670 -0.00261481 -0.03062070
v 0.03272040 -0.00259579 -0.02796220
v 0.03262900 0.00003449 -0.03059370
v 0.03277250 -0.00019685 -0.02784030
v 0.03185150 -0.00728893 -0.02531690
v 0.03162590 -0.00704818 -0.02308690
v 0.03223640 -0.00484698 -0.02525840
v 0.03191980 -0.00466401 -0.02293880
v 0.03012650 -0.00647984 -0.01885530
v 0.03022250 -0.00723119 -0.01985670
v 0.03089090 -0.00856902 -0.02184420
v 0.03081960 -0.00685678 -0.02118310
v 0.03146090 -0.00476925 -0.02097050
v 0.03093020 -0.00677725 -0.01993500
v 0.03075200 -0.00525728 -0.01940900
v 0.03055850 -0.00393914 -0.01802760
v 0.03261440 -0.00237019 -0.02550660
v 0.03219470 -0.00225646 -0.02298560
v 0.03261160 0.00006121 -0.02538500
v 0.03228480 0.00008600 -0.02304950
v 0.03168330 -0.00217449 -0.02088490
v 0.03120340 -0.00264146 -0.01938770
v 0.03056180 -0.00120848 -0.01783300
v 0.03173160 0.00038343 -0.02090070
v 0.03114050 -0.00023187 -0.01934220
v 0.03077930 0.00164432 -0.01801630
v 0.02452600 -0.01753200 -0.01549380
v 0.02466930 -0.01558090 -0.01474870
v 0.02558330 -0.01584940 -0.01573590
v 0.02600070 -0.01748680 -0.01774180
v 0.02599130 -0.01571080 -0.01701920
v 0.02728160 -0.01331130 -0.01689580
v 0.02572420 -0.01509310 -0.01590010
v 0.02613430 -0.01401450 -0.01525510
v 0.02594610 -0.01289510 -0.01396790
v 0.02444080 -0.01519910 -0.01310090
v 0.02457010 -0.01372080 -0.01244130
v 0.02660980 -0.01175980 -0.01464780
v 0.02824600 -0.01062670 -0.01593620
v 0.02604290 -0.01211720 -0.01350570
v 0.02789810 -0.00886781 -0.01460710
v 0.02827480 -0.00942749 -0.01569950
v 0.02566410 -0.01119390 -0.01243310
v 0.02427960 -0.01302470 -0.01140990
v 0.02435960 -0.01190710 -0.01082560
v 0.02445620 -0.00939111 -0.01005080
v 0.02597620 -0.00860627 -0.01118990
v 0.02655590 -0.01128000 -0.01359490
v 0.02662180 -0.01007170 -0.01285070
v 0.02817790 -0.01318540 -0.01783070
v 0.02834240 -0.01169130 -0.01758630
v 0.02890770 -0.00934199 -0.01708960
v 0.02554140 -0.00658838 -0.01001490
v 0.02617840 -0.00714372 -0.01087840
v 0.02693760 -0.00724956 -0.01204020
v 0.02828910 -0.00617129 -0.01406420
v 0.02757090 -0.00455014 -0.01221230
v 0.02864200 -0.00357379 -0.01389050
v 0.02622100 -0.00657465 -0.01067740
v 0.02640260 -0.00528909 -0.01085170
v 0.02581080 -0.00401938 -0.00939474
v 0.02799840 -0.00174762 -0.01241060
v 0.02893510 -0.00069312 -0.01410840
v 0.02678820 -0.00310514 -0.01085370
v 0.02587490 -0.00143786 -0.00940046
v 0.02805910 0.00092265 -0.01256840
v 0.02889800 0.00192619 -0.01433910
v 0.02704650 -0.00061630 -0.01079680
v 0.02591250 0.00112511 -0.00918653
v 0.02964530 -0.00706457 -0.01703740
v 0.02881820 -0.00869568 -0.01606700
v 0.02867880 -0.00755332 -0.01557240
v 0.02979540 -0.00481044 -0.01688820
v 0.02906140 -0.00512551 -0.01548350
v 0.03014300 -0.00199802 -0.01668400
v 0.02940890 -0.00259201 -0.01535390
v 0.03007730 0.00073545 -0.01695670
v 0.02960610 0.00008635 -0.01550430
v 0.02380020 -0.00878761 -0.00893603
v 0.02413580 -0.00756343 -0.00863702
v 0.02453790 -0.00543201 -0.00838901
v 0.02489110 -0.00266282 -0.00831218
v 0.02493040 -0.00018473 -0.00815104
v -0.01023740 -0.01992950 0.01405870
v -0.01150750 -0.01861210 0.01272890
v -0.01209120 -0.01922870 0.01432350
v -0.01053360 -0.02049340 0.01583480
v -0.00870169 -0.02085730 0.01529710
v -0.00850141 -0.02026960 0.01355280
v -0.00990170 -0.01904830 0.01216790
v -0.00789167 -0.01964600 0.01200530
v -0.00908282 -0.01836020 0.01068920
v -0.00668349 -0.02056600 0.01322760
v -0.00595707 -0.01994640 0.01152650
v -0.00753630 -0.01881160 0.01044850
v -0.00691033 -0.02120400 0.01476880
v -0.00458682 -0.02089310 0.01303370
v -0.00416330 -0.02024710 0.01133670
v -0.00558574 -0.01909170 0.00990146
v -0.00518218 -0.02148960 0.01459830
v -0.00368855 -0.01944170 0.00967097
v -0.00476680 -0.01843450 0.00838780
v -0.00196050 -0.02027800 0.01082030
v -0.00123383 -0.01970930 0.00928131
v -0.00288789 -0.01874340 0.00805897
v 0.00051975 -0.02036450 0.01072190
v 0.00131644 -0.01969720 0.00909210
v -0.00054012 -0.01896360 0.00776739
v -0.00239469 -0.02102080 0.01261760
v -0.00294562 -0.02169910 0.01426280
v -0.00040606 -0.02172390 0.01386300
v -0.00126196 -0.02227830 0.01586450
v 0.00109378 -0.02221190 0.01550220
v 0.00149885 -0.02162800 0.01382330
v -0.00005743 -0.02108810 0.01222700
v 0.00298373 -0.02035310 0.01065390
v 0.00380905 -0.01953210 0.00910530
v 0.00214856 -0.01899620 0.00755685
v 0.00535258 -0.02012360 0.01088040
v 0.00582858 -0.01936240 0.00937525
v 0.00462305 -0.01875410 0.00764167
v 0.00270275 -0.02183930 0.01417830
v 0.00310792 -0.02208530 0.01549690
v 0.00302711 -0.02177320 0.01432730
v 0.00242013 -0.02127450 0.01290010
v 0.00522398 -0.02071710 0.01247370
v 0.00465369 -0.02164780 0.01441800
v -0.01228660 -0.01992130 0.01619140
v -0.01062880 -0.02090290 0.01787020
v -0.01089990 -0.02103220 0.02012290
v -0.00861935 -0.02143210 0.01735040
v -0.00858538 -0.02176560 0.01993510
v -0.01125310 -0.02089820 0.02271250
v -0.01135880 -0.02056090 0.02525220
v -0.00860611 -0.02169240 0.02262930
v -0.00882657 -0.02130840 0.02518350
v -0.00708411 -0.02165890 0.01654180
v -0.00662552 -0.02208110 0.01905940
v -0.00537558 -0.02192910 0.01617360
v -0.00548481 -0.02226990 0.01801220
v -0.00381485 -0.02242550 0.01785550
v -0.00336852 -0.02217090 0.01597400
v -0.00514028 -0.02236840 0.02075130
v -0.00371496 -0.02254850 0.02008880
v -0.00644771 -0.02214410 0.02152500
v -0.00593556 -0.02175900 0.02483110
v -0.00519142 -0.02211360 0.02354670
v -0.00363671 -0.02241610 0.02246410
v -0.00470480 -0.02210300 0.02438190
v -0.00365109 -0.02186570 0.02574230
v -0.00342364 -0.02209840 0.02429910
v -0.01246210 -0.01979050 0.02771670
v -0.01078550 -0.02028840 0.02759690
v -0.01186980 -0.01962610 0.02913170
v -0.01198410 -0.01937160 0.02983390
v -0.01071030 -0.01980210 0.02958180
v -0.00893557 -0.02075880 0.02763780
v -0.00865088 -0.02017660 0.02988200
v -0.00977047 -0.01952610 0.03140850
v -0.01106440 -0.01903240 0.03139520
v -0.00970713 -0.01925910 0.03203480
v -0.00868508 -0.01953280 0.03186470
v -0.00630764 -0.02132740 0.02742440
v -0.00650539 -0.02056730 0.02995500
v -0.00385983 -0.02164110 0.02720990
v -0.00396903 -0.02100860 0.02959840
v -0.00636638 -0.01998790 0.03185650
v -0.00782867 -0.01893090 0.03372900
v -0.00881645 -0.01866080 0.03381980
v -0.00651103 -0.01869070 0.03479940
v -0.00640744 -0.01934130 0.03342340
v -0.00383593 -0.02034790 0.03162170
v -0.00401571 -0.01888870 0.03487410
v -0.00398713 -0.01962410 0.03333210
v -0.00159279 -0.02262520 0.01802620
v -0.00157734 -0.02273130 0.02032530
v 0.00097348 -0.02253270 0.01765080
v 0.00091665 -0.02275080 0.02033000
v -0.00159333 -0.02263860 0.02226730
v -0.00151582 -0.02202350 0.02533600
v -0.00148483 -0.02231070 0.02399120
v 0.00102116 -0.02254050 0.02235230
v 0.00093865 -0.02201340 0.02529450
v 0.00102185 -0.02227630 0.02386300
v 0.00319687 -0.02249220 0.01779410
v 0.00303043 -0.02260190 0.02021130
v 0.00520880 -0.02229110 0.01801240
v 0.00574490 -0.02187500 0.01613260
v 0.00501304 -0.02231940 0.02002550
v 0.00319618 -0.02236380 0.02241370
v 0.00335426 -0.02171300 0.02528280
v 0.00331289 -0.02206650 0.02402880
v 0.00542825 -0.02196270 0.02282440
v 0.00425718 -0.02209190 0.02360910
v 0.00547685 -0.02148100 0.02496760
v 0.00638861 -0.02147080 0.02417230
v -0.00144188 -0.02168640 0.02716380
v -0.00140389 -0.02111400 0.02930560
v 0.00107403 -0.02155290 0.02708250
v 0.00082496 -0.02102520 0.02924000
v -0.00146271 -0.02048300 0.03139260
v -0.00139516 -0.01917720 0.03448390
v -0.00134789 -0.01985810 0.03308240
v 0.00079467 -0.02038890 0.03132530
v 0.00104375 -0.01909210 0.03408890
v 0.00106712 -0.01976330 0.03281430
v 0.00326230 -0.02129800 0.02712010
v 0.00303080 -0.02078890 0.02919960
v 0.00527541 -0.02093290 0.02711240
v 0.00508892 -0.02040130 0.02900560
v 0.00317119 -0.01985680 0.03175050
v 0.00209902 -0.01989090 0.03226640
v 0.00311104 -0.01903080 0.03356430
v 0.00405664 -0.01920970 0.03277730
v 0.00522260 -0.01911530 0.03222380
v 0.00501882 -0.01973650 0.03081700
v -0.01257320 -0.01066040 0.00038238
v -0.01249080 -0.01052130 0.00078595
v -0.01136180 -0.01150960 0.00064348
v -0.01012980 -0.01227620 0.00065235
v -0.01026500 -0.01214180 0.00099526
v -0.00902569 -0.01309480 0.00084253
v -0.01224140 -0.01032970 0.00210381
v -0.01108380 -0.01140470 0.00300696
v -0.00987883 -0.01205540 0.00199495
v -0.01252650 -0.01091550 0.00503080
v -0.01212810 -0.01233040 0.00564638
v -0.01146080 -0.01171220 0.00435451
v -0.01206060 -0.01040660 0.00369828
v -0.01066390 -0.01283970 0.00493660
v -0.01134570 -0.01373570 0.00649677
v -0.00975931 -0.01417530 0.00579106
v -0.00894282 -0.01373680 0.00421238
v -0.00999219 -0.01239340 0.00343251
v -0.00572903 -0.01489300 0.00030094
v -0.00696035 -0.01433690 0.00035345
v -0.00564878 -0.01494150 0.00063307
v -0.00465376 -0.01537020 0.00054713
v -0.00814306 -0.01475860 0.00520931
v -0.00872664 -0.01563580 0.00673825
v -0.00713170 -0.01601550 0.00615949
v -0.00632156 -0.01550120 0.00466735
v -0.00739004 -0.01431960 0.00352484
v -0.00588007 -0.01499970 0.00293927
v -0.00702723 -0.01416620 0.00215713
v -0.00467552 -0.01596030 0.00394921
v -0.00394745 -0.01583530 0.00239475
v -0.00552387 -0.01486580 0.00152292
v -0.00547170 -0.01656000 0.00569290
v -0.00878710 -0.01309900 0.00273108
v -0.01206840 -0.01655690 0.01016760
v -0.01124840 -0.01579950 0.00868343
v -0.01224380 -0.01442410 0.00794446
v -0.01034380 -0.01708870 0.00971030
v -0.01084570 -0.01801700 0.01127020
v -0.00826637 -0.01765010 0.00912400
v -0.00966983 -0.01630540 0.00828013
v -0.01047110 -0.01495300 0.00725906
v -0.01271550 -0.01724410 0.01157240
v -0.00651730 -0.01813690 0.00890432
v -0.00782470 -0.01684200 0.00779606
v -0.00609859 -0.01727080 0.00733166
v -0.00415282 -0.01768820 0.00681734
v -0.01301530 -0.00919376 0.00341190
v -0.00239062 -0.01610160 0.00037308
v -0.00236060 -0.01627800 0.00191545
v 0.00009449 -0.01656940 0.00038009
v -0.00000783 -0.01684900 0.00193594
v -0.00357045 -0.01698970 0.00517798
v -0.00206389 -0.01800490 0.00640460
v -0.00128950 -0.01754470 0.00496465
v -0.00292027 -0.01651600 0.00358089
v 0.00040627 -0.01825520 0.00622995
v 0.00116259 -0.01774280 0.00488746
v -0.00070357 -0.01711620 0.00355528
v 0.00292971 -0.01669730 0.00012421
v 0.00262713 -0.01688640 0.00182761
v 0.00558839 -0.01638880 0.00013533
v 0.00542189 -0.01643290 0.00188510
v 0.00304303 -0.01826930 0.00615817
v 0.00360417 -0.01755060 0.00463463
v 0.00181110 -0.01730430 0.00339830
v 0.00534147 -0.01798980 0.00622403
v 0.00584205 -0.01728680 0.00495780
v 0.00452763 -0.01702000 0.00333692
v -0.01116560 -0.01787990 0.03397080
v 0.00537453 -0.01793560 0.03403990
v 0.00693543 -0.01936760 0.01000750
v 0.00748383 -0.01957950 0.01108540
v 0.00772700 -0.01908690 0.00990006
v 0.00705706 -0.01862530 0.00868366
v 0.00762643 -0.02032600 0.01299100
v 0.00731283 -0.02117150 0.01540950
v 0.00921651 -0.01952830 0.01222300
v 0.00979698 -0.01956560 0.01321870
v 0.00995069 -0.01915660 0.01225070
v 0.00920509 -0.01892690 0.01112190
v 0.00975739 -0.02018410 0.01526930
v 0.01166200 -0.01901260 0.01422530
v 0.01146160 -0.01943190 0.01550980
v 0.01243000 -0.01871630 0.01553260
v 0.01166740 -0.01859520 0.01323840
v 0.00721799 -0.02166130 0.01669780
v 0.00690054 -0.02187140 0.01827250
v 0.00827554 -0.02125760 0.01796740
v 0.00663034 -0.02194950 0.02042930
v 0.00820798 -0.02135730 0.02059100
v 0.00976194 -0.02053700 0.01778770
v 0.00949245 -0.02049860 0.02050170
v 0.00600946 -0.02209250 0.02170660
v 0.00730021 -0.02142010 0.02287330
v 0.00748299 -0.02083390 0.02528990
v 0.00902691 -0.02023600 0.02285870
v 0.00944879 -0.01974240 0.02516710
v 0.01134430 -0.01966520 0.01787970
v 0.01249260 -0.01882650 0.01790540
v 0.01088910 -0.01965260 0.02047440
v 0.01257970 -0.01896840 0.02030620
v 0.01061790 -0.01947460 0.02283820
v 0.01223920 -0.01885580 0.02280780
v 0.00999474 -0.01958900 0.02394620
v 0.01132530 -0.01880990 0.02485870
v 0.01045060 -0.01909560 0.02605950
v 0.00726716 -0.02035390 0.02698910
v 0.00729513 -0.01955110 0.02918040
v 0.00872942 -0.01968690 0.02711830
v 0.01000770 -0.01881700 0.02702910
v 0.00820613 -0.01962640 0.02805320
v 0.00940831 -0.01805110 0.02921300
v 0.00824092 -0.01866840 0.03025930
v 0.00609384 -0.01970890 0.03020630
v 0.00711338 -0.01871960 0.03121340
v 0.00738209 -0.01596650 0.00051769
v 0.00771293 -0.01588460 0.00234472
v 0.00904722 -0.01540540 0.00052946
v 0.01049130 -0.01449730 0.00072970
v 0.00937363 -0.01504020 0.00238646
v 0.01043270 -0.01430090 0.00249293
v 0.00734992 -0.01686020 0.00523658
v 0.00776444 -0.01723250 0.00654522
v 0.00796257 -0.01676120 0.00561262
v 0.00741482 -0.01634290 0.00420109
v 0.01009290 -0.01487980 0.00429172
v 0.01033090 -0.01452470 0.00358118
v 0.00964158 -0.01618930 0.00645784
v 0.01147370 -0.01428650 0.00546456
v 0.01140280 -0.01491510 0.00637543
v 0.01247640 -0.01395200 0.00633568
v 0.01199090 -0.01345450 0.00464492
v 0.01224840 -0.01327270 0.00066801
v 0.01167770 -0.01346970 0.00266555
v 0.01283560 -0.01238960 0.00276430
v 0.01297940 -0.01228810 0.00181684
v 0.01282500 -0.01322230 -0.00020221
v 0.01377090 -0.01137280 0.00065806
v 0.01383570 -0.01107920 0.00277821
v 0.01477980 -0.00916581 0.00257554
v 0.01466590 -0.00966243 0.00182265
v 0.01257950 -0.01255800 0.00353258
v 0.01349050 -0.01223310 0.00568425
v 0.01356860 -0.01292540 0.00657351
v 0.01482330 -0.01120100 0.00678503
v 0.01355480 -0.01164280 0.00455722
v 0.01467150 -0.00909863 0.00488885
v 0.01481590 -0.01031290 0.00580540
v 0.00945756 -0.01688560 0.00753543
v 0.00991578 -0.01734360 0.00877466
v 0.01022420 -0.01659110 0.00773151
v 0.01170450 -0.01689860 0.00987514
v 0.01210210 -0.01727560 0.01096410
v 0.01232160 -0.01660880 0.01005740
v 0.01193850 -0.01583810 0.00859642
v 0.01267190 -0.01455410 0.00755283
v 0.01376950 -0.01504640 0.00950265
v 0.01402380 -0.01577400 0.01095660
v 0.01430530 -0.01481390 0.00992972
v 0.01408590 -0.01381360 0.00855616
v 0.01374680 -0.01682950 0.01219810
v 0.01346550 -0.01752260 0.01334320
v 0.01487300 -0.01632440 0.01326380
v 0.01342770 -0.01790560 0.01559380
v 0.01496650 -0.01687850 0.01529980
v 0.01483610 -0.01232010 0.00787191
v 0.01472670 -0.00809367 0.00413220
v 0.01521630 -0.00757896 0.00388769
v 0.01454930 -0.01083980 -0.00037160
v 0.01542540 -0.00942622 0.00071389
v 0.01604990 -0.01475700 0.01199820
v 0.01664460 -0.01488720 0.01326540
v 0.01672970 -0.01434140 0.01232940
v 0.01631330 -0.01360790 0.01101120
v 0.01653970 -0.01585190 0.01537150
v 0.01831450 -0.01404370 0.01433480
v 0.01797600 -0.01468270 0.01522660
v 0.01939580 -0.01376640 0.01544710
v 0.01848920 -0.01330640 0.01331180
v 0.01615770 -0.01270040 0.00986362
v 0.01678350 -0.01225170 0.01019230
v 0.01627620 -0.01141730 0.00898637
v 0.01613040 -0.01011960 0.00788416
v 0.01704460 -0.00912197 0.00854230
v 0.01557380 -0.00926632 0.00652558
v 0.01817200 -0.01014460 0.01037120
v 0.01835700 -0.01132750 0.01124290
v 0.01907130 -0.00895418 0.01061960
v 0.01790890 -0.00913486 0.00949291
v 0.01840400 -0.01239110 0.01220000
v 0.01896780 -0.01202110 0.01251780
v 0.02060530 -0.01216800 0.01439000
v 0.02113090 -0.01253660 0.01530390
v 0.02118760 -0.01193970 0.01460020
v 0.02078980 -0.01104070 0.01333470
v 0.02025240 -0.01003870 0.01226900
v 0.02115820 -0.00906283 0.01242180
v 0.01998400 -0.00906867 0.01152870
v 0.02277050 -0.01012140 0.01427680
v 0.02309190 -0.01120210 0.01537580
v 0.02332760 -0.00997603 0.01443010
v 0.02316930 -0.00920005 0.01396450
v 0.01673680 -0.00645008 0.00063788
v 0.01496130 -0.00897374 0.00193230
v 0.01537560 -0.00726875 0.00310321
v 0.01652840 -0.00505925 0.00308812
v 0.01723290 -0.00370271 0.00166912
v 0.01747810 -0.00667652 -0.00057344
v 0.01775570 -0.00537029 0.00007619
v 0.01555980 -0.00812544 0.00592968
v 0.01613940 -0.00710823 0.00675033
v 0.01550840 -0.00723979 0.00449926
v 0.01622240 -0.00501813 0.00488073
v 0.01688940 -0.00506560 0.00696036
v 0.01699650 -0.00230353 0.00327955
v 0.01773570 -0.00119183 0.00162175
v 0.01724020 0.00069677 0.00285659
v 0.01788800 0.00155073 0.00132734
v 0.01817830 -0.00286231 0.00020149
v 0.01854840 -0.00017076 0.00018735
v 0.01663540 -0.00270173 0.00464243
v 0.01701810 -0.00260017 0.00604862
v 0.01680670 -0.00002962 0.00445378
v 0.01697080 -0.00007586 0.00594157
v 0.01739670 -0.00734093 0.00819503
v 0.01748350 -0.00631357 0.00787007
v 0.01938940 -0.00711140 0.01019780
v 0.01846390 -0.00699752 0.00928194
v 0.01967580 -0.00486750 0.00982013
v 0.01803700 -0.00513834 0.00838026
v 0.01813900 -0.00364200 0.00793133
v 0.01897550 -0.00235245 0.00881167
v 0.01753630 -0.00247812 0.00719402
v 0.01953860 -0.00367160 0.00944429
v 0.01871550 0.00007063 0.00825372
v 0.01767580 -0.00008707 0.00709302
v 0.02129840 -0.00812489 0.01202770
v 0.02090130 -0.00708134 0.01139980
v 0.02101930 -0.00485106 0.01091050
v 0.02253660 -0.00708203 0.01254630
v 0.02258820 -0.00612601 0.01235480
v 0.02347440 -0.00480406 0.01261730
v 0.02225890 -0.00483003 0.01180240
v 0.02024720 -0.00119765 0.00971906
v 0.02066080 -0.00250291 0.01017570
v 0.02099310 0.00005787 0.01042310
v 0.01984460 -0.00007125 0.00934994
v 0.02375150 -0.00231970 0.01254820
v 0.02235020 -0.00243790 0.01155550
v 0.02359310 0.00007187 0.01223430
v 0.02233220 0.00012015 0.01146610
v 0.01363770 -0.01810750 0.01752720
v 0.01473300 -0.01739000 0.01751820
v 0.01439690 -0.01806290 0.02012840
v 0.01423900 -0.01758160 0.01888000
v 0.01396530 -0.01837600 0.02258480
v 0.01400930 -0.01809300 0.02462120
v 0.00638920 -0.01687940 0.03488450
v 0.00744432 -0.01667240 0.03438940
v 0.00712647 -0.01767410 0.03316510
v 0.00872973 -0.01749760 0.03155990
v 0.01004430 -0.01670860 0.03145500
v 0.01056390 -0.01679190 0.03048320
v 0.00830444 -0.01754480 0.03244420
v 0.00952346 -0.01578930 0.03364280
v 0.01193830 -0.01773260 0.02723170
v 0.01068060 -0.01815740 0.02824100
v 0.01150380 -0.01671280 0.02928450
v 0.01271780 -0.01689640 0.02817760
v 0.01386730 -0.01662740 0.02760620
v 0.01392680 -0.01760380 0.02626310
v 0.01385490 -0.01527200 0.02957410
v 0.01181040 -0.01527070 0.03172540
v 0.01063960 -0.01546720 0.03279310
v 0.01198540 -0.01373850 0.03372830
v 0.01288330 -0.01412520 0.03278260
v 0.01082470 -0.01421680 0.03497840
v 0.01269350 -0.01564290 0.03047780
v 0.01390420 -0.01364310 0.03164550
v 0.01460230 -0.01406610 0.03073670
v 0.01334000 -0.01338130 0.03276760
v 0.01436220 -0.01113420 0.03376990
v 0.01502080 -0.01152320 0.03194460
v 0.01323850 -0.01171440 0.03442840
v 0.01655850 -0.01640000 0.01746860
v 0.01565310 -0.01719750 0.01917140
v 0.01895140 -0.01509340 0.01745560
v 0.01930700 -0.01423340 0.01629310
v 0.01827420 -0.01649430 0.01993810
v 0.01589810 -0.01787850 0.02256630
v 0.01679450 -0.01727060 0.02074130
v 0.01611740 -0.01740450 0.02486030
v 0.01817940 -0.01706990 0.02147850
v 0.01749550 -0.01736310 0.02263510
v 0.01919720 -0.01663750 0.02248710
v 0.01700570 -0.01764120 0.02363900
v 0.01808480 -0.01656030 0.02441270
v 0.01723380 -0.01675710 0.02565440
v 0.02038130 -0.01485040 0.01821790
v 0.02099420 -0.01535060 0.01968330
v 0.02108630 -0.01471980 0.01865730
v 0.02059500 -0.01412920 0.01731900
v 0.02092140 -0.01592230 0.02199900
v 0.02059130 -0.01524030 0.02453560
v 0.02260220 -0.01531830 0.02094590
v 0.02241340 -0.01531490 0.02237570
v 0.02362550 -0.01473850 0.02227290
v 0.02295450 -0.01440020 0.01972500
v 0.02185060 -0.01560120 0.02338300
v 0.02265910 -0.01448850 0.02459780
v 0.02166560 -0.01466700 0.02521040
v 0.02281470 -0.01210750 0.01626080
v 0.02321460 -0.01295560 0.01755500
v 0.02339960 -0.01183960 0.01630650
v 0.01509350 -0.01768250 0.02567860
v 0.01605380 -0.01594770 0.02706830
v 0.01486130 -0.01559370 0.02840760
v 0.01603880 -0.01368400 0.02937530
v 0.01713550 -0.01428170 0.02831030
v 0.01837390 -0.01376790 0.02768330
v 0.01820920 -0.01534140 0.02619510
v 0.01726430 -0.01352410 0.02864240
v 0.01857370 -0.01168760 0.02923760
v 0.01963990 -0.01235650 0.02829720
v 0.01725100 -0.01078730 0.03079440
v 0.01803280 -0.00953032 0.03078730
v 0.01857430 -0.00916070 0.03046560
v 0.01503450 -0.01344290 0.03102280
v 0.01562350 -0.01146540 0.03187230
v 0.01699760 -0.00900352 0.03209760
v 0.01526680 -0.01086600 0.03284880
v 0.01566890 -0.00955719 0.03289850
v 0.01484940 -0.00843676 0.03481980
v 0.01956290 -0.01568620 0.02543570
v 0.02044330 -0.01417950 0.02610030
v 0.02087900 -0.01246590 0.02783730
v 0.02062650 -0.00943172 0.02984060
v 0.02065630 -0.01100320 0.02891550
v 0.02292400 -0.01254830 0.02714760
v 0.02267900 -0.01329990 0.02660690
v 0.02272250 -0.00939292 0.02970250
v 0.02284110 -0.01096750 0.02864210
v 0.01579300 -0.00695783 0.03437700
v 0.01735130 -0.00651891 0.03295820
v 0.01504590 -0.00707287 0.03536440
v 0.01672460 -0.00432651 0.03409420
v 0.01746410 -0.00501866 0.03320220
v 0.01798430 -0.00888359 0.03126270
v 0.01877950 -0.00742152 0.03136350
v 0.01971250 -0.00786873 0.03071960
v 0.01860250 -0.00430083 0.03274080
v 0.01771730 -0.00436259 0.03325780
v 0.01766650 -0.00265049 0.03356380
v 0.01901520 -0.00136750 0.03315920
v 0.01671620 -0.00148445 0.03456890
v 0.01767060 -0.00015203 0.03377880
v 0.01885780 0.00135364 0.03327470
v 0.01670380 0.00115819 0.03451530
v 0.02032730 -0.00805476 0.03034130
v 0.02218910 -0.00772326 0.03062710
v 0.02087000 -0.00533911 0.03172220
v 0.02024270 -0.00664744 0.03114620
v 0.02237380 -0.00531894 0.03153340
v 0.02243980 -0.00675581 0.03103110
v 0.02075860 -0.00257196 0.03257920
v 0.02082250 0.00046478 0.03290530
v 0.02272360 -0.00296583 0.03217540
v 0.02253760 -0.00019671 0.03255390
v -0.01207320 -0.01660000 0.03570350
v -0.01111920 -0.01613870 0.03680920
v -0.01097660 -0.01712760 0.03551820
v -0.01235080 -0.01466930 0.03800340
v -0.01114630 -0.01414630 0.03902260
v -0.01102310 -0.01530540 0.03796180
v -0.00889158 -0.01669160 0.03718590
v -0.00900559 -0.01754270 0.03584700
v -0.01003070 -0.01456370 0.03921440
v -0.00866665 -0.01552330 0.03869290
v -0.01236160 -0.01223830 0.04014120
v -0.01095910 -0.01125160 0.04118530
v -0.01107370 -0.01305630 0.04008040
v -0.01215810 -0.01023550 0.04152850
v -0.00889620 -0.01208070 0.04153720
v -0.00882207 -0.01401480 0.04012360
v -0.01006430 -0.00990005 0.04238910
v -0.01128820 -0.00933489 0.04195030
v -0.00914211 -0.00899080 0.04261290
v -0.00882179 -0.01069170 0.04209420
v -0.00769593 -0.01731480 0.03692120
v -0.00659251 -0.01763170 0.03658770
v -0.00635842 -0.01643070 0.03809540
v -0.00400321 -0.01818080 0.03608950
v -0.00517040 -0.01713970 0.03769650
v -0.00400928 -0.01639750 0.03839030
v -0.00373457 -0.01740920 0.03732540
v -0.00750405 -0.01457060 0.04010490
v -0.00640318 -0.01321070 0.04107370
v -0.00627010 -0.01498700 0.03960140
v -0.00389267 -0.01322540 0.04124300
v -0.00373808 -0.01530520 0.03971930
v -0.00748007 -0.01278930 0.04150920
v -0.00689382 -0.00889321 0.04353930
v -0.00667030 -0.01157960 0.04214250
v -0.00523675 -0.01267080 0.04143640
v -0.00382571 -0.01158040 0.04229790
v -0.00236628 -0.01215540 0.04213130
v -0.00543512 -0.01222510 0.04216140
v -0.00411795 -0.00998667 0.04346610
v -0.01188070 -0.00816010 0.04263220
v -0.01085120 -0.00664919 0.04303010
v -0.01156440 -0.00481121 0.04381880
v -0.00918128 -0.00736768 0.04345710
v -0.01242990 -0.00362308 0.04378200
v -0.00818269 -0.00789891 0.04350300
v -0.00972581 -0.00570242 0.04392400
v -0.01019550 -0.00493018 0.04397040
v -0.00851544 -0.00462679 0.04444880
v -0.00872460 -0.00631340 0.04388530
v -0.01176870 -0.00123607 0.04411950
v -0.01231300 -0.00010290 0.04390170
v -0.01068200 0.00026762 0.04450760
v -0.01120990 -0.00237261 0.04436230
v -0.00871846 -0.00253939 0.04522440
v -0.00888739 0.00005892 0.04528990
v -0.00683031 -0.00435853 0.04518700
v -0.00712533 -0.00678417 0.04413890
v -0.00574471 -0.00777935 0.04440590
v -0.00439250 -0.00690057 0.04499020
v -0.00429631 -0.00856911 0.04426140
v -0.00425087 -0.00454952 0.04577340
v -0.00701367 -0.00218652 0.04574330
v -0.00704467 0.00022737 0.04583240
v -0.00515811 -0.00229263 0.04620510
v -0.00527926 0.00017524 0.04624810
v -0.00147647 -0.01828180 0.03596150
v -0.00157017 -0.01628680 0.03824230
v -0.00139688 -0.01738050 0.03722850
v 0.00100252 -0.01778750 0.03619010
v -0.00002241 -0.01766420 0.03662790
v 0.00079397 -0.01603620 0.03810060
v 0.00205353 -0.01679290 0.03711090
v -0.00157949 -0.01377850 0.04056540
v -0.00158477 -0.01519210 0.03919870
v -0.00025861 -0.01569060 0.03893540
v 0.00065812 -0.01417900 0.03976300
v 0.00192586 -0.01477910 0.03906890
v -0.00119890 -0.01258100 0.04160730
v -0.00147916 -0.01028180 0.04333530
v -0.00116464 -0.01130560 0.04243790
v 0.00095158 -0.01253850 0.04098330
v 0.00102912 -0.01031160 0.04284410
v 0.00095044 -0.01128100 0.04199110
v 0.00323081 -0.01694320 0.03642200
v 0.00305735 -0.01792770 0.03526850
v 0.00295129 -0.01467740 0.03861020
v 0.00307405 -0.01577260 0.03780000
v 0.00435516 -0.01802610 0.03458810
v 0.00512450 -0.01662680 0.03570170
v 0.00497251 -0.01373610 0.03868690
v 0.00505417 -0.01518350 0.03728840
v 0.00295400 -0.01216140 0.04039330
v 0.00264124 -0.01348550 0.03979850
v 0.00296180 -0.00977957 0.04249280
v 0.00294608 -0.01091740 0.04150400
v 0.00402872 -0.01365100 0.03932630
v 0.00521937 -0.01150770 0.04014500
v 0.00640220 -0.01221100 0.03946520
v 0.00407495 -0.01112500 0.04116850
v 0.00510523 -0.00916863 0.04222580
v 0.00610116 -0.00967003 0.04162930
v -0.00179197 -0.00716652 0.04522410
v -0.00156590 -0.00880362 0.04423310
v -0.00200900 -0.00552224 0.04597880
v 0.00081324 -0.00720943 0.04531080
v 0.00087633 -0.00888553 0.04408950
v 0.00079645 -0.00572855 0.04609510
v -0.00316984 -0.00337954 0.04655450
v -0.00368236 -0.00202975 0.04643860
v -0.00172726 -0.00215730 0.04672320
v -0.00186420 -0.00415516 0.04630590
v -0.00374522 0.00045763 0.04658630
v -0.00167072 0.00008765 0.04714710
v 0.00048729 -0.00231367 0.04710310
v 0.00080406 -0.00429318 0.04660410
v 0.00049813 -0.00008137 0.04706330
v 0.00320733 -0.00708051 0.04507470
v 0.00291390 -0.00872701 0.04370820
v 0.00329826 -0.00559380 0.04604180
v 0.00405606 -0.00896924 0.04333260
v 0.00512575 -0.00712707 0.04435570
v 0.00632102 -0.00754700 0.04366540
v 0.00534868 -0.00464423 0.04592280
v 0.00285188 -0.00230027 0.04701820
v 0.00302315 -0.00403751 0.04672150
v 0.00266228 -0.00016326 0.04696310
v 0.00420791 -0.00405633 0.04663740
v 0.00536556 -0.00234384 0.04654410
v 0.00632686 -0.00270006 0.04623330
v 0.00480444 0.00001514 0.04683680
v 0.00739840 -0.01522650 0.03594380
v 0.00629587 -0.01539990 0.03661410
v 0.00728544 -0.01379230 0.03742320
v 0.00834358 -0.01389000 0.03701310
v 0.00853452 -0.01547210 0.03512700
v 0.00954618 -0.01374380 0.03614170
v 0.00732948 -0.01189610 0.03894850
v 0.00860413 -0.01330480 0.03733340
v 0.00946846 -0.01150930 0.03805230
v 0.01079420 -0.01184130 0.03728700
v 0.00767484 -0.00897908 0.04111290
v 0.00736878 -0.01072490 0.03978040
v 0.00865839 -0.01070890 0.03928580
v 0.00958899 -0.00929669 0.03943110
v 0.01071260 -0.00943825 0.03881550
v 0.01119650 -0.01349300 0.03532310
v 0.01225830 -0.01148150 0.03591180
v 0.01087450 -0.01114280 0.03750840
v 0.01163250 -0.00912475 0.03792000
v 0.01256910 -0.00949687 0.03681690
v 0.01357040 -0.01091140 0.03472460
v 0.01353850 -0.00914369 0.03568780
v 0.00652446 -0.00912125 0.04181300
v 0.00721058 -0.00748915 0.04273930
v 0.00868565 -0.00758551 0.04171670
v 0.00981240 -0.00665384 0.04118860
v 0.00892613 -0.00611941 0.04259890
v 0.00976771 -0.00476648 0.04276790
v 0.01081950 -0.00415809 0.04163130
v 0.01044530 -0.00212102 0.04291240
v 0.01110980 -0.00267427 0.04174650
v 0.01455880 -0.00651465 0.03618790
v 0.01335830 -0.00877883 0.03669570
v 0.01302660 -0.00756763 0.03734370
v 0.01249980 -0.00624354 0.03873430
v 0.01343240 -0.00543462 0.03792120
v 0.01462730 -0.00397797 0.03689090
v 0.01282220 -0.00367592 0.03915470
v 0.01087510 -0.00889571 0.03893480
v 0.01112640 -0.00760573 0.03946790
v 0.01152300 -0.00535460 0.04001100
v 0.01402740 -0.00290731 0.03792400
v 0.01491810 -0.00146889 0.03695350
v 0.01315710 -0.00113158 0.03921110
v 0.01401990 -0.00021869 0.03821530
v 0.01499320 0.00116094 0.03689980
v 0.01308490 0.00131188 0.03901110
v 0.01186130 -0.00240933 0.04065220
v 0.01228160 0.00031394 0.04036470
v 0.01129490 -0.00205858 0.04177260
v 0.01140350 -0.00075191 0.04181000
v 0.01047330 0.00068668 0.04323510
v 0.00757184 -0.00484615 0.04486550
v 0.00714973 -0.00625809 0.04400630
v 0.00844040 -0.00625055 0.04334880
v 0.00849092 -0.00511398 0.04396690
v 0.00754849 -0.00201049 0.04574050
v 0.00632988 -0.00180323 0.04643330
v 0.00670116 -0.00055950 0.04631550
v 0.00825365 0.00091242 0.04560470
v 0.00912694 -0.00350587 0.04434640
v 0.00940028 -0.00102362 0.04462780
v 0.01505050 -0.00661222 0.03552480
v 0.01528420 -0.00538431 0.03554030
v 0.01569300 -0.00326226 0.03560750
v 0.01586020 -0.00060473 0.03568780
v 0.02475430 -0.00813948 0.01434120
v 0.02501810 -0.00910496 0.01501110
v 0.02589860 -0.00713358 0.01463040
v 0.02441650 -0.00704940 0.01372690
v 0.02610600 -0.00518395 0.01414920
v 0.02463520 -0.00504633 0.01336770
v 0.02569510 -0.00381016 0.01361220
v 0.02528680 -0.00236744 0.01336950
v 0.02478220 0.00042750 0.01290030
v 0.02664120 -0.00109912 0.01391120
v 0.02725200 -0.00247389 0.01420180
v 0.02778200 0.00029095 0.01437520
v 0.02631850 0.00052987 0.01372340
v 0.02497420 -0.01260610 0.01843400
v 0.02540840 -0.01314430 0.01994970
v 0.02565820 -0.01250090 0.01900270
v 0.02500620 -0.01175810 0.01759490
v 0.02576010 -0.01029260 0.01615110
v 0.02660940 -0.01031170 0.01673600
v 0.02681920 -0.01075630 0.01803700
v 0.02780570 -0.00964560 0.01755780
v 0.02750990 -0.00895093 0.01631360
v 0.02747250 -0.01142240 0.01981130
v 0.02812850 -0.01031190 0.01867640
v 0.02503980 -0.01408690 0.02227960
v 0.02508660 -0.01328780 0.02519430
v 0.02702010 -0.01291080 0.02119350
v 0.02662560 -0.01328070 0.02242290
v 0.02803500 -0.01220980 0.02243330
v 0.02612460 -0.01363520 0.02364110
v 0.02725980 -0.01254590 0.02484140
v 0.02625380 -0.01265810 0.02603700
v 0.02941060 -0.01001430 0.02095570
v 0.02936440 -0.01074080 0.02229310
v 0.03005470 -0.00875505 0.02195480
v 0.02904130 -0.00948558 0.02031620
v 0.02935390 -0.01116510 0.02449470
v 0.03080010 -0.00908816 0.02429610
v 0.02381340 -0.01367810 0.02551890
v 0.02488910 -0.01223140 0.02678620
v 0.02502980 -0.00944023 0.02952590
v 0.02505340 -0.01083810 0.02835110
v 0.02685770 -0.01146530 0.02714140
v 0.02720220 -0.00892922 0.02983110
v 0.02700320 -0.01079470 0.02837370
v 0.02861000 -0.01102620 0.02690810
v 0.03046450 -0.00993393 0.02663020
v 0.02833370 -0.01070170 0.02769210
v 0.02929450 -0.00916054 0.02918110
v 0.02764220 -0.00706756 0.01541390
v 0.02792850 -0.00503823 0.01497440
v 0.02898260 -0.00306390 0.02276630
v 0.02880900 -0.00271186 0.02327620
v 0.02838610 -0.00191984 0.02305140
v 0.02855640 -0.00105347 0.02292640
v 0.02847840 -0.00004701 0.02304750
v 0.02861520 0.00082641 0.02288840
v 0.02897370 -0.00829050 0.01681650
v 0.02896510 -0.00869995 0.01796680
v 0.02990450 -0.00774549 0.01831300
v 0.02963630 -0.00709542 0.01676720
v 0.03004680 -0.00758998 0.02001160
v 0.02982510 -0.00495151 0.01585820
v 0.03114670 -0.00626019 0.01755900
v 0.03097350 -0.00652093 0.01855940
v 0.03209860 -0.00456407 0.01793920
v 0.03114470 -0.00490853 0.01659540
v 0.03081500 -0.00659320 0.02027030
v 0.03208060 -0.00438414 0.02026610
v 0.03031340 -0.00632516 0.02177150
v 0.03084520 -0.00686640 0.02372830
v 0.02993630 -0.00400967 0.02349140
v 0.03003240 -0.00386010 0.02288690
v 0.03076050 -0.00667541 0.02171940
v 0.03084720 -0.00515453 0.02189830
v 0.02977790 -0.00269398 0.01525870
v 0.02965510 -0.00011255 0.01507310
v 0.03264920 -0.00235389 0.01713190
v 0.03149120 -0.00261340 0.01610890
v 0.03256850 0.00011641 0.01656760
v 0.03135450 -0.00008713 0.01573490
v 0.02959500 -0.00186390 0.02259850
v 0.02940310 0.00035942 0.02260390
v 0.03117290 -0.00285913 0.02209620
v 0.03245790 -0.00138383 0.02121610
v 0.03087680 -0.00033245 0.02255740
v 0.03253180 0.00105408 0.02132960
v 0.02439550 -0.00790932 0.03058790
v 0.02572870 -0.00825041 0.03065950
v 0.02409270 -0.00492881 0.03185350
v 0.02422800 -0.00650356 0.03141730
v 0.02613250 -0.00501474 0.03231520
v 0.02673470 -0.00714012 0.03128010
v 0.02420000 -0.00306456 0.03212670
v 0.02429760 -0.00015300 0.03240250
v 0.02664050 -0.00266504 0.03290540
v 0.02576210 -0.00019211 0.03261630
v 0.03193320 -0.00815661 0.02555660
v 0.03157280 -0.00865969 0.02677780
v 0.03240490 -0.00691240 0.02685680
v 0.03169630 -0.00675761 0.02496710
v 0.03105520 -0.00904186 0.02807850
v 0.03146810 -0.00744796 0.02939940
v 0.03040850 -0.00770896 0.03069600
v 0.03241370 -0.00440449 0.02635260
v 0.03137050 -0.00432637 0.02481580
v 0.03291800 -0.00432768 0.02910400
v 0.02841920 -0.00882320 0.03040620
v 0.02935230 -0.00741338 0.03118510
v 0.02808770 -0.00799784 0.03099750
v 0.02903800 -0.00486967 0.03266670
v 0.03064720 -0.00701431 0.03117640
v 0.03154640 -0.00473965 0.03162280
v 0.02986560 -0.00177648 0.02413140
v 0.03046090 -0.00039670 0.02492670
v 0.03034930 0.00028321 0.02474570
v 0.02922160 0.00012366 0.02377750
v 0.03149420 -0.00168069 0.02559060
v 0.03055910 -0.00290450 0.02443390
v 0.03321910 -0.00175826 0.02781120
v 0.03259970 0.00061511 0.02723210
v 0.03179360 0.00061715 0.02587830
v 0.02754170 -0.00384555 0.03297020
v 0.02799770 -0.00129592 0.03347860
v 0.02750890 -0.00017837 0.03318780
v 0.02937860 0.00014055 0.03363740
v 0.02888600 -0.00254779 0.03338120
v 0.03019710 -0.00445000 0.03290600
v 0.03114970 -0.00315799 0.03289320
v 0.03241840 -0.00152915 0.03232810
v 0.03000910 -0.00364545 0.03316170
v 0.03117850 -0.00065321 0.03338370
v 0.03261870 0.00105901 0.03216670
v 0.03318750 -0.00342344 0.01838540
v 0.03264970 -0.00417503 0.01882600
v 0.03300650 -0.00277818 0.01932400
v 0.03316580 -0.00216218 0.01805990
v 0.03328250 -0.00031744 0.01962750
v 0.03341240 0.00020293 0.01784520
v 0.03355340 -0.00317010 0.03018990
v 0.03322670 -0.00376337 0.03059850
v 0.03322620 -0.00263983 0.03091750
v 0.03359450 -0.00169025 0.02943200
v 0.03343890 -0.00041037 0.03088470
v 0.03337740 0.00057966 0.02890340
v -0.00989391 0.00286799 -0.05090090
v -0.00989391 0.00506541 -0.05090090
v -0.00769648 0.00286799 -0.05090090
v -0.00769648 0.00506541 -0.05090090
v -0.00989391 0.00726284 -0.05090090
v -0.00989390 0.00946027 -0.05090090
v -0.00769648 0.00726284 -0.05090090
v -0.00769648 0.00946026 -0.05090090
v -0.00549906 0.00286799 -0.05090090
v -0.00549906 0.00506541 -0.05090090
v -0.00330163 0.00286799 -0.05090090
v -0.00330163 0.00506541 -0.05090090
v -0.00549906 0.00726284 -0.05090090
v -0.00549906 0.00946026 -0.05090090
v -0.00330163 0.00726284 -0.05090090
v -0.00330163 0.00946026 -0.05090090
v -0.00989374 0.01165900 -0.05090090
v -0.00989378 0.01385620 -0.05090510
v -0.00769641 0.01165790 -0.05090080
v -0.00769683 0.01385690 -0.05090160
v -0.00988243 0.01603750 -0.05085250
v -0.01017150 0.01741090 -0.05031000
v -0.00769072 0.01603220 -0.05084120
v -0.00812122 0.01747400 -0.05037650
v -0.00549904 0.01165790 -0.05090090
v -0.00549998 0.01385380 -0.05089830
v -0.00330161 0.01165800 -0.05090080
v -0.00330376 0.01385150 -0.05089320
v -0.00549351 0.01602460 -0.05082820
v -0.00555753 0.01764530 -0.05067190
v -0.00330432 0.01600000 -0.05081130
v -0.00324990 0.01765180 -0.05060600
v -0.00110421 0.00286799 -0.05090090
v -0.00110421 0.00506541 -0.05090090
v 0.00109322 0.00286799 -0.05090090
v 0.00109322 0.00506541 -0.05090090
v -0.00110421 0.00726284 -0.05090090
v -0.00110421 0.00946026 -0.05090090
v 0.00109322 0.00726284 -0.05090090
v 0.00109314 0.00946019 -0.05090100
v 0.00329064 0.00286799 -0.05090090
v 0.00329064 0.00506541 -0.05090090
v 0.00548790 0.00286802 -0.05090100
v 0.00548791 0.00506543 -0.05090100
v 0.00329064 0.00726284 -0.05090090
v 0.00329059 0.00946007 -0.05090100
v 0.00548784 0.00726280 -0.05090100
v 0.00548773 0.00945986 -0.05090120
v -0.00110378 0.01165840 -0.05090050
v -0.00110970 0.01384940 -0.05088640
v 0.00109508 0.01165650 -0.05089970
v 0.00109452 0.01385090 -0.05087200
v -0.00111509 0.01595990 -0.05078740
v -0.00103132 0.01757700 -0.05058410
v 0.00098488 0.01585600 -0.05078500
v 0.00105811 0.01746840 -0.05056920
v 0.00329213 0.01164430 -0.05089810
v 0.00329696 0.01384000 -0.05085440
v 0.00548765 0.01163380 -0.05089580
v 0.00549621 0.01382590 -0.05083830
v 0.00316922 0.01569410 -0.05075320
v 0.00319305 0.01794950 -0.05034710
v 0.00549173 0.01559260 -0.05066370
v 0.00532389 0.01714900 -0.05044000
v 0.00525909 0.01849890 -0.05002600
v 0.00410306 0.01904180 -0.05002220
v -0.01011450 0.01857780 -0.05017160
v -0.00983576 0.01997660 -0.05024140
v -0.00991382 0.02201910 -0.04997560
v -0.00757935 0.01860160 -0.05039290
v -0.00788733 0.01962680 -0.04982500
v -0.00760897 0.02185260 -0.04990250
v -0.00996633 0.02416480 -0.04937010
v -0.01003460 0.02637860 -0.04840550
v -0.01029240 0.02762130 -0.04749780
v -0.00766677 0.02419370 -0.04930200
v -0.00759775 0.02625400 -0.04848430
v -0.00770049 0.02760360 -0.04754810
v -0.00562016 0.01854560 -0.05001870
v -0.00578052 0.01970360 -0.04981980
v -0.00537942 0.02180930 -0.04981280
v -0.00316937 0.01879920 -0.05029430
v -0.00323132 0.02001310 -0.05004500
v -0.00314002 0.02191810 -0.04966380
v -0.00551598 0.02430460 -0.04919320
v -0.00546470 0.02633430 -0.04836850
v -0.00531841 0.02748340 -0.04748320
v -0.00340484 0.02422250 -0.04914270
v -0.00336850 0.02625820 -0.04828190
v -0.00339880 0.02759680 -0.04738320
v -0.01019580 0.02868620 -0.04647230
v -0.01007310 0.02942580 -0.04541780
v -0.01023410 0.03053630 -0.04383450
v -0.01037300 0.03139060 -0.04205080
v -0.00766668 0.02854330 -0.04656180
v -0.00768976 0.02942970 -0.04543740
v -0.00769305 0.03032000 -0.04403990
v -0.00794414 0.03127630 -0.04223000
v -0.01018720 0.03214050 -0.04012710
v -0.00998066 0.03276680 -0.03823510
v -0.00776545 0.03209220 -0.04024600
v -0.00770411 0.03279230 -0.03819920
v -0.00534155 0.02855070 -0.04649960
v -0.00542776 0.02947290 -0.04539980
v -0.00543927 0.03020500 -0.04410360
v -0.00551963 0.03110710 -0.04238770
v -0.00327046 0.02865790 -0.04638260
v -0.00318700 0.02924150 -0.04543000
v -0.00324330 0.03011270 -0.04410800
v -0.00331847 0.03096700 -0.04245040
v -0.00546379 0.03198040 -0.04033240
v -0.00546077 0.03275320 -0.03823770
v -0.00328836 0.03185420 -0.04037400
v -0.00327778 0.03268100 -0.03819570
v -0.00096782 0.01882160 -0.05026160
v -0.00096168 0.02019650 -0.04990400
v -0.00096491 0.02199080 -0.04949430
v 0.00118087 0.01902380 -0.05015990
v 0.00122455 0.02034220 -0.04976800
v 0.00107060 0.02216620 -0.04932770
v -0.00116048 0.02411670 -0.04901850
v -0.00129786 0.02610330 -0.04820890
v -0.00121709 0.02750690 -0.04725900
v 0.00094061 0.02419990 -0.04876690
v 0.00098958 0.02590260 -0.04802540
v 0.00095151 0.02708170 -0.04719010
v 0.00316293 0.01976310 -0.04982170
v 0.00213519 0.01859560 -0.05028620
v 0.00320518 0.02222570 -0.04907180
v 0.00518674 0.02024710 -0.04942780
v 0.00527036 0.02207660 -0.04879040
v 0.00301102 0.02478800 -0.04808380
v 0.00414790 0.02587830 -0.04739020
v 0.00307045 0.02651360 -0.04714270
v 0.00209250 0.02536650 -0.04812780
v 0.00526987 0.02392320 -0.04806580
v 0.00523409 0.02525170 -0.04736200
v 0.00511065 0.02665570 -0.04626180
v -0.00110884 0.02837390 -0.04632890
v -0.00107457 0.02919830 -0.04533840
v -0.00104618 0.02997910 -0.04407310
v -0.00112777 0.03078990 -0.04248900
v 0.00093718 0.02841770 -0.04610080
v 0.00105955 0.02913580 -0.04495060
v 0.00095516 0.02984400 -0.04381920
v 0.00101814 0.03070100 -0.04240530
v -0.00123550 0.03164330 -0.04045940
v -0.00120504 0.03247990 -0.03829220
v 0.00099280 0.03140690 -0.04047390
v 0.00118993 0.03211570 -0.03820080
v 0.00327092 0.02811240 -0.04586950
v 0.00325770 0.02948010 -0.04405960
v 0.00432719 0.03047350 -0.04265000
v 0.00334331 0.03035680 -0.04245430
v 0.00218165 0.02984840 -0.04399990
v 0.00532417 0.02772060 -0.04543470
v 0.00542726 0.02896450 -0.04433560
v 0.00555789 0.02996230 -0.04271600
v 0.00323856 0.03131100 -0.04032060
v 0.00289170 0.03196070 -0.03747710
v 0.00553843 0.03056380 -0.04142000
v 0.00530955 0.03121760 -0.04017970
v 0.00542890 0.03188150 -0.03798370
v 0.00766778 0.00286669 -0.05089040
v 0.00766650 0.00506325 -0.05088740
v 0.00985246 0.00287432 -0.05083770
v 0.00984904 0.00506989 -0.05083000
v 0.00766384 0.00725990 -0.05088090
v 0.00766394 0.00946039 -0.05086170
v 0.00984005 0.00726218 -0.05081160
v 0.00983613 0.00945342 -0.05077510
v 0.01114600 0.00270619 -0.05035470
v 0.01133910 0.00479565 -0.05044620
v 0.01380160 0.00302858 -0.05010870
v 0.01235970 0.00283919 -0.05018160
v 0.01356430 0.00500044 -0.04978590
v 0.01266240 0.00530182 -0.05030120
v 0.01165180 0.00728498 -0.05063880
v 0.01164710 0.00949737 -0.05053660
v 0.01393390 0.00702560 -0.04978180
v 0.01263580 0.00709957 -0.05007630
v 0.01451360 0.00938562 -0.04978430
v 0.01325700 0.00925244 -0.05022750
v 0.00766152 0.01162640 -0.05083450
v 0.00755529 0.01370110 -0.05079290
v 0.00973194 0.01151450 -0.05076080
v 0.00952463 0.01355280 -0.05068640
v 0.00758490 0.01556350 -0.05054000
v 0.00773480 0.01721270 -0.05017450
v 0.00754797 0.01840100 -0.04972530
v 0.00993903 0.01603500 -0.05017780
v 0.01089410 0.01709310 -0.04964690
v 0.00982424 0.01790860 -0.04954370
v 0.00865016 0.01665640 -0.05029250
v 0.01163620 0.01148940 -0.05044760
v 0.01198900 0.01389950 -0.05010440
v 0.01447210 0.01161200 -0.04957890
v 0.01332180 0.01156730 -0.04999220
v 0.01403530 0.01366220 -0.04943060
v 0.01270960 0.01260700 -0.05016970
v 0.01307530 0.01491500 -0.04960710
v 0.01196750 0.01598930 -0.04965320
v 0.01066480 0.01463840 -0.05042670
v 0.01189140 0.01809080 -0.04889330
v 0.01408650 0.01592510 -0.04883890
v 0.01425890 0.01812550 -0.04783970
v 0.01586720 0.00283864 -0.04983120
v 0.01581040 0.00518401 -0.04966740
v 0.01772460 0.00289359 -0.04918080
v 0.01777740 0.00517273 -0.04904070
v 0.01585270 0.00739148 -0.04947760
v 0.01604500 0.00931762 -0.04933720
v 0.01792100 0.00732814 -0.04889410
v 0.01801700 0.00929847 -0.04870530
v 0.02063450 0.00284709 -0.04794160
v 0.01931010 0.00294697 -0.04850510
v 0.02062450 0.00510204 -0.04780860
v 0.01939180 0.00514300 -0.04841160
v 0.02086790 0.00728273 -0.04750090
v 0.01965230 0.00713426 -0.04820740
v 0.02086370 0.00939822 -0.04732200
v 0.01979940 0.00940812 -0.04789540
v 0.02218680 0.00295983 -0.04716680
v 0.02208370 0.00516422 -0.04704050
v 0.02217320 0.00716201 -0.04685930
v 0.02245990 0.00906093 -0.04653740
v 0.01616940 0.01126110 -0.04905680
v 0.01609490 0.01343000 -0.04866070
v 0.01853090 0.01151880 -0.04809260
v 0.01975280 0.01246960 -0.04730860
v 0.01905930 0.01364800 -0.04731480
v 0.01760350 0.01345640 -0.04799720
v 0.01623630 0.01599430 -0.04782560
v 0.01715410 0.01690470 -0.04700860
v 0.01611000 0.01794250 -0.04686720
v 0.01499060 0.01677910 -0.04814750
v 0.01513130 0.01892470 -0.04703160
v 0.01822960 0.01559650 -0.04698110
v 0.01692880 0.01465340 -0.04802480
v 0.02051490 0.01142430 -0.04716130
v 0.01916370 0.01045520 -0.04806640
v 0.01811280 0.01803910 -0.04553650
v 0.02049710 0.01357320 -0.04626520
v 0.02293370 0.01132620 -0.04569770
v 0.02368690 0.01247710 -0.04483560
v 0.02307250 0.01344760 -0.04456940
v 0.02187390 0.01361710 -0.04545140
v 0.02051730 0.01576410 -0.04542060
v 0.02125890 0.01680200 -0.04463390
v 0.02041500 0.01820170 -0.04397310
v 0.01919210 0.01698030 -0.04585900
v 0.01873570 0.01902040 -0.04399800
v 0.02243190 0.01559930 -0.04386200
v 0.02130540 0.01462300 -0.04573490
v 0.02371940 0.01674890 -0.04263570
v 0.02295730 0.01822130 -0.04193680
v 0.02185320 0.01709590 -0.04400950
v 0.02174120 0.01926690 -0.04247470
v 0.00738102 0.01999540 -0.04915440
v 0.00764747 0.02230470 -0.04813290
v 0.00959970 0.01983940 -0.04871330
v 0.00958858 0.02148090 -0.04791320
v 0.00968703 0.02291060 -0.04724060
v 0.00851142 0.02342310 -0.04740650
v 0.00737344 0.02446540 -0.04720410
v 0.00639325 0.02316370 -0.04814260
v 0.01195880 0.02020950 -0.04776880
v 0.01257810 0.02096500 -0.04681440
v 0.01152820 0.02195910 -0.04665470
v 0.01057210 0.02092700 -0.04796620
v 0.01356180 0.02010450 -0.04687330
v 0.01283970 0.01881280 -0.04814130
v 0.00752472 0.02655420 -0.04564290
v 0.00992179 0.02482240 -0.04608360
v 0.01084890 0.02569540 -0.04508180
v 0.00967811 0.02655920 -0.04498250
v 0.00868499 0.02529020 -0.04626640
v 0.00858386 0.02720230 -0.04486060
v 0.01389960 0.02233330 -0.04542270
v 0.01179860 0.02384510 -0.04558740
v 0.01198060 0.02519620 -0.04488640
v 0.01195550 0.02676100 -0.04366580
v 0.01484830 0.02336940 -0.04417330
v 0.01400940 0.02432540 -0.04381250
v 0.01268470 0.02320640 -0.04550200
v 0.01533730 0.02534840 -0.04213200
v 0.01434520 0.02684480 -0.04180080
v 0.01312820 0.02584390 -0.04377160
v 0.01290410 0.02775980 -0.04226660
v 0.00750512 0.02805700 -0.04436990
v 0.00636003 0.02708320 -0.04582450
v 0.00727175 0.02968450 -0.04235750
v 0.00970536 0.02805320 -0.04366350
v 0.00943650 0.02969020 -0.04160390
v 0.00720472 0.03059790 -0.04116690
v 0.00761375 0.03094120 -0.03959500
v 0.00766345 0.03163710 -0.03782970
v 0.01087120 0.03003430 -0.03990780
v 0.00958141 0.03043720 -0.03952440
v 0.00866039 0.02997460 -0.04120610
v 0.00984784 0.03136600 -0.03754970
v 0.01186820 0.02841130 -0.04212830
v 0.01083270 0.02758280 -0.04356950
v 0.01202630 0.02999690 -0.03933190
v 0.01333790 0.03037720 -0.03791030
v 0.01208480 0.03074200 -0.03751750
v 0.01096130 0.03070670 -0.03912560
v 0.01527640 0.02791790 -0.04014440
v 0.01419880 0.02875570 -0.03989120
v 0.01308730 0.02807850 -0.04172720
v 0.01431770 0.03014660 -0.03724450
v 0.01593240 0.02005580 -0.04557670
v 0.01713690 0.02090820 -0.04442360
v 0.01591800 0.02243950 -0.04403400
v 0.01491330 0.02121790 -0.04549990
v 0.01815550 0.02028420 -0.04403110
v 0.01715230 0.01892410 -0.04567010
v 0.01933710 0.02102430 -0.04266230
v 0.01824010 0.02233100 -0.04240800
v 0.01729260 0.02122510 -0.04410350
v 0.01723560 0.02347180 -0.04233940
v 0.01664210 0.02488520 -0.04177460
v 0.01523540 0.02355900 -0.04383770
v 0.01726250 0.02578210 -0.04018810
v 0.01638750 0.02704990 -0.03957940
v 0.01572660 0.02571530 -0.04153520
v 0.01809480 0.02388360 -0.04106210
v 0.01856710 0.02536320 -0.03934990
v 0.01929650 0.02556740 -0.03770250
v 0.01842880 0.02690500 -0.03736550
v 0.01771920 0.02620900 -0.03958640
v 0.01746220 0.02782280 -0.03786290
v 0.02033930 0.02029780 -0.04229650
v 0.01917400 0.01934380 -0.04398700
v 0.02035520 0.02214430 -0.04102220
v 0.02403830 0.01914340 -0.03971850
v 0.02369380 0.02031770 -0.03901050
v 0.02228560 0.02027040 -0.04115910
v 0.02211020 0.02174060 -0.03984160
v 0.02155060 0.02126420 -0.04088600
v 0.02153210 0.02331630 -0.03873630
v 0.02399990 0.02142850 -0.03734460
v 0.02295030 0.02247250 -0.03704950
v 0.02176710 0.02351310 -0.03753550
v 0.01973570 0.02385340 -0.03981250
v 0.01939170 0.02339450 -0.04090440
v 0.02068360 0.02469000 -0.03721440
v 0.01639190 0.02868210 -0.03767190
v 0.01529110 0.02854250 -0.03924710
v -0.01052140 0.01452350 -0.00264701
v -0.01129520 0.01288410 -0.00135786
v -0.01279690 0.01250310 -0.00184858
v -0.01123980 0.01192330 -0.00037832
v -0.00904009 0.01454370 -0.00244404
v -0.00862001 0.01408550 -0.00118262
v -0.01109980 0.01922360 -0.00726345
v -0.01123410 0.01802840 -0.00658902
v -0.01046700 0.01690330 -0.00491836
v -0.00848030 0.01787460 -0.00553746
v -0.00904078 0.01686610 -0.00482159
v -0.01182570 0.01528990 -0.00417328
v -0.00865589 0.01575690 -0.00350853
v -0.00609345 0.01627660 -0.00280242
v -0.00681388 0.01482900 -0.00151863
v -0.00861965 0.01487870 -0.00210971
v -0.00714609 0.01413560 -0.00027577
v -0.00609228 0.01863620 -0.00524935
v -0.00721725 0.01717270 -0.00445087
v -0.00851736 0.01714010 -0.00453160
v -0.00382534 0.01666490 -0.00252823
v -0.00460387 0.01594980 -0.00131224
v -0.00386885 0.01890310 -0.00508521
v -0.00536469 0.01751580 -0.00403686
v -0.00131287 0.01680010 -0.00253837
v -0.00222483 0.01623440 -0.00136798
v -0.00129076 0.01897380 -0.00479258
v -0.00283859 0.01777730 -0.00375554
v 0.00142520 0.01718270 -0.00264041
v 0.00039140 0.01663410 -0.00153738
v 0.00150931 0.01883960 -0.00458421
v -0.00020595 0.01781610 -0.00372958
v 0.00384605 0.01725470 -0.00298042
v 0.00314032 0.01661190 -0.00163530
v 0.00403940 0.01874270 -0.00480021
v 0.00246498 0.01800300 -0.00397686
v 0.00622860 0.01716610 -0.00296977
v 0.00560405 0.01670160 -0.00155448
v 0.00632468 0.01862530 -0.00530411
v 0.00500782 0.01796440 -0.00407615
v -0.00997858 0.03309210 -0.03668010
v -0.01047560 0.03363110 -0.03530130
v -0.01024430 0.03387090 -0.03347360
v -0.00781307 0.03313770 -0.03646120
v -0.00804945 0.03341620 -0.03479840
v -0.00805797 0.03386500 -0.03351920
v -0.01019270 0.03448610 -0.03130740
v -0.01021060 0.03481400 -0.02850390
v -0.00810443 0.03453380 -0.03124850
v -0.00786557 0.03483870 -0.02858320
v -0.00547882 0.03307570 -0.03656690
v -0.00575515 0.03348970 -0.03537660
v -0.00584077 0.03384610 -0.03338570
v -0.00343217 0.03306250 -0.03636020
v -0.00355518 0.03324950 -0.03473760
v -0.00346582 0.03370820 -0.03338110
v -0.00576095 0.03448160 -0.03121160
v -0.00567480 0.03481670 -0.02856080
v -0.00325939 0.03426200 -0.03127390
v -0.00332369 0.03467570 -0.02839970
v -0.01026660 0.03477240 -0.02563450
v -0.01051240 0.03421880 -0.02329160
v -0.00809665 0.03472530 -0.02579500
v -0.00818846 0.03428790 -0.02334200
v -0.01069490 0.03339180 -0.02144940
v -0.01144890 0.03276500 -0.01985090
v -0.01253350 0.03264800 -0.02028490
v -0.01026030 0.03184540 -0.01806850
v -0.00836789 0.03384080 -0.02130830
v -0.00928426 0.03283710 -0.01955140
v -0.00774739 0.03222320 -0.01794420
v -0.00591767 0.03470140 -0.02579940
v -0.00577384 0.03449960 -0.02346810
v -0.00363236 0.03475520 -0.02565330
v -0.00356231 0.03426860 -0.02343990
v -0.00591246 0.03375750 -0.02137150
v -0.00677350 0.03311760 -0.01956450
v -0.00523759 0.03245490 -0.01814570
v -0.00361735 0.03369990 -0.02143570
v -0.00425782 0.03322550 -0.01981660
v -0.00283373 0.03240000 -0.01807180
v -0.00123319 0.03295860 -0.03641270
v -0.00140289 0.03337020 -0.03522800
v -0.00133344 0.03365720 -0.03324220
v 0.00056866 0.03260800 -0.03641370
v 0.00072210 0.03305210 -0.03460180
v 0.00083514 0.03359470 -0.03300780
v -0.00102373 0.03418300 -0.03097490
v -0.00105569 0.03453100 -0.02826810
v 0.00110445 0.03402670 -0.03082610
v 0.00116732 0.03434860 -0.02809650
v 0.00515231 0.03227200 -0.03593690
v 0.00367315 0.03264870 -0.03565550
v 0.00314053 0.03267950 -0.03541640
v 0.00181611 0.03241230 -0.03683050
v 0.00298168 0.03328930 -0.03314980
v 0.00491563 0.03251790 -0.03439210
v 0.00521140 0.03305220 -0.03290860
v 0.00341451 0.03380510 -0.03076590
v 0.00327266 0.03416820 -0.02802020
v 0.00569075 0.03346550 -0.03078620
v 0.00554659 0.03377270 -0.02805590
v -0.00112390 0.03455260 -0.02563630
v -0.00124747 0.03421390 -0.02323660
v 0.00112311 0.03433050 -0.02551880
v 0.00100884 0.03404070 -0.02329350
v -0.00142798 0.03354970 -0.02130140
v -0.00222357 0.03302040 -0.01979210
v -0.00056444 0.03219060 -0.01827470
v 0.00057391 0.03337360 -0.02132200
v -0.00003455 0.03287890 -0.01952320
v 0.00117152 0.03183670 -0.01821890
v 0.00411141 0.03266860 -0.02022570
v 0.00615895 0.03248790 -0.02054170
v 0.00543808 0.03195170 -0.01906760
v 0.00311719 0.03196780 -0.01869640
v 0.00324985 0.03407560 -0.02545100
v 0.00323118 0.03378600 -0.02341700
v 0.00541898 0.03376310 -0.02560120
v 0.00534742 0.03348730 -0.02350130
v 0.00264080 0.03335100 -0.02162530
v 0.00205637 0.03269200 -0.01994850
v 0.00462807 0.03318950 -0.02184900
v -0.01152010 0.02596410 -0.01146650
v -0.01149580 0.02481910 -0.01088440
v -0.01024720 0.02343970 -0.00963777
v -0.01097080 0.02798520 -0.01327480
v -0.01078060 0.02686530 -0.01226950
v -0.00878382 0.02499340 -0.01009240
v -0.00821730 0.02363160 -0.00914572
v -0.00807776 0.02728690 -0.01190300
v -0.00958471 0.02619280 -0.01112840
v -0.01064680 0.02563590 -0.01102150
v -0.00613849 0.02493570 -0.00946559
v -0.00678803 0.02392920 -0.00891446
v -0.00576321 0.02765810 -0.01160320
v -0.00735982 0.02643230 -0.01076560
v -0.00305424 0.02775380 -0.01147330
v -0.00486618 0.02663270 -0.01048400
v -0.00333953 0.02557810 -0.00940457
v -0.01062920 0.02005020 -0.00793459
v -0.01159110 0.02176450 -0.00916805
v -0.01289480 0.02142640 -0.00933347
v -0.00813293 0.02087470 -0.00756808
v -0.00941633 0.01950210 -0.00690259
v -0.01050780 0.01906780 -0.00735583
v -0.00952778 0.02216190 -0.00858606
v -0.00579963 0.02132110 -0.00721454
v -0.00749106 0.01967350 -0.00658227
v -0.00680594 0.02277470 -0.00828547
v -0.00342156 0.02132700 -0.00689996
v -0.00503993 0.02004220 -0.00614854
v -0.00404631 0.02279440 -0.00771035
v -0.00488877 0.02423090 -0.00872949
v -0.00614001 0.02379110 -0.00867267
v -0.01098490 0.02979960 -0.01563040
v -0.01051270 0.02896370 -0.01444920
v -0.01108990 0.03071900 -0.01658720
v -0.00862181 0.03122800 -0.01647950
v -0.00897506 0.03008820 -0.01534160
v -0.01062920 0.03010810 -0.01533460
v -0.00781391 0.02924520 -0.01421800
v -0.00918748 0.02826020 -0.01304810
v -0.01047600 0.02798860 -0.01324540
v -0.00592039 0.03143380 -0.01644320
v -0.00685530 0.03035820 -0.01522690
v -0.00541736 0.02965200 -0.01386280
v -0.00347124 0.03155510 -0.01667050
v -0.00450223 0.03048590 -0.01520940
v -0.00281497 0.02956940 -0.01393810
v -0.00714987 0.02829290 -0.01298740
v -0.00480230 0.02859700 -0.01279860
v -0.00040836 0.02769020 -0.01138990
v -0.00244667 0.02673400 -0.01033860
v -0.00078350 0.02548310 -0.00935736
v 0.00193918 0.02759720 -0.01143510
v 0.00004750 0.02668640 -0.01027910
v 0.00142886 0.02537550 -0.00931096
v 0.00414509 0.02751450 -0.01159010
v 0.00249171 0.02659790 -0.01029430
v 0.00371218 0.02529100 -0.00938402
v 0.00625110 0.02738270 -0.01177770
v 0.00480724 0.02647920 -0.01043830
v 0.00592696 0.02519920 -0.00961430
v -0.00067533 0.02122280 -0.00652786
v -0.00221699 0.02000920 -0.00577189
v -0.00130929 0.02261070 -0.00755858
v 0.00204289 0.02076320 -0.00624174
v 0.00047488 0.01981880 -0.00560660
v 0.00118548 0.02229870 -0.00731827
v -0.00288291 0.02424270 -0.00866809
v -0.00053263 0.02416400 -0.00820180
v 0.00436812 0.02056720 -0.00634847
v 0.00298625 0.01961380 -0.00554191
v 0.00341049 0.02210360 -0.00732434
v 0.00633704 0.02066730 -0.00680843
v 0.00515268 0.01943680 -0.00584397
v 0.00540998 0.02202570 -0.00747367
v 0.00205136 0.02386940 -0.00842017
v 0.00437495 0.02391830 -0.00825030
v -0.00141280 0.03145090 -0.01683510
v -0.00222695 0.03056250 -0.01527670
v -0.00053982 0.02954990 -0.01395880
v 0.00043123 0.03117360 -0.01678880
v 0.00009877 0.03062460 -0.01527380
v 0.00158204 0.02949480 -0.01408980
v -0.00223908 0.02877350 -0.01260850
v 0.00035782 0.02872030 -0.01264550
v 0.00277631 0.03140800 -0.01712770
v 0.00411747 0.03039330 -0.01592370
v 0.00359993 0.02963320 -0.01443850
v 0.00211455 0.03032110 -0.01574640
v 0.00594734 0.03009900 -0.01611660
v 0.00557044 0.02925410 -0.01465980
v 0.00498994 0.03113080 -0.01760410
v 0.00267223 0.02863510 -0.01279340
v 0.00479237 0.02858570 -0.01306370
v 0.00839022 0.01660870 -0.00295310
v 0.00778175 0.01605150 -0.00136725
v 0.00822057 0.01841740 -0.00535416
v 0.00687546 0.01784900 -0.00419005
v 0.00985590 0.01591610 -0.00288805
v 0.00942001 0.01535570 -0.00145307
v 0.01079660 0.01697880 -0.00450872
v 0.00879799 0.01728990 -0.00433546
v 0.00964554 0.01821150 -0.00570864
v 0.01283590 0.01453280 -0.00249240
v 0.01421670 0.01372920 -0.00355517
v 0.01366580 0.01333790 -0.00180846
v 0.01222830 0.01369170 -0.00075411
v 0.01147330 0.01768920 -0.00597741
v 0.01260550 0.01644580 -0.00507176
v 0.01298280 0.01857950 -0.00706769
v 0.01472280 0.01823850 -0.00782706
v 0.01353570 0.01738630 -0.00638456
v 0.01414250 0.01594950 -0.00570301
v 0.01141420 0.01573750 -0.00358726
v 0.01137210 0.01480350 -0.00206932
v 0.01080120 0.01447390 -0.00016273
v 0.01494500 0.01477670 -0.00469902
v 0.01322330 0.01523110 -0.00409254
v 0.01943090 0.00581439 -0.00263933
v 0.01831080 0.00521311 -0.00161349
v 0.01843990 0.00680290 -0.00168101
v 0.01914680 0.00786018 -0.00305154
v 0.01788920 0.00818935 -0.00209109
v 0.01852850 0.00926505 -0.00333925
v 0.01708270 0.00789881 -0.00061316
v 0.01648170 0.00940649 -0.00122172
v 0.02259930 0.00296652 -0.00604453
v 0.02352510 0.00368380 -0.00709376
v 0.02260230 0.00457510 -0.00635323
v 0.02349250 0.00581208 -0.00734961
v 0.02006810 0.00144756 -0.00193093
v 0.02071880 0.00297774 -0.00364102
v 0.01889930 0.00320148 -0.00140500
v 0.01995260 0.00384518 -0.00214521
v 0.02049550 0.00482723 -0.00361230
v 0.02212750 0.00146159 -0.00454243
v 0.02173620 0.00405038 -0.00476517
v 0.02135370 0.00578953 -0.00501493
v 0.02233250 0.00617081 -0.00606354
v 0.02286800 0.00719046 -0.00766726
v 0.02113570 0.00758498 -0.00536235
v 0.02202650 0.00823016 -0.00662496
v 0.02271450 0.00877959 -0.00792407
v 0.02162090 0.01020510 -0.00698920
v 0.02081220 0.00928286 -0.00557982
v 0.02044430 0.00662676 -0.00372278
v 0.02005900 0.00843502 -0.00424540
v 0.01944170 0.01032930 -0.00473672
v 0.02154470 0.01661520 -0.01129500
v 0.02065670 0.01562350 -0.01021420
v 0.02021160 0.01730350 -0.01059110
v 0.02055730 0.01831160 -0.01223610
v 0.01923290 0.01653910 -0.00942443
v 0.01855860 0.01813830 -0.01014060
v 0.02331990 0.01429560 -0.01176210
v 0.02257500 0.01333720 -0.01040050
v 0.02217000 0.01525380 -0.01091460
v 0.02273190 0.01599770 -0.01245130
v 0.02142170 0.01415360 -0.00963959
v 0.02362330 0.01662340 -0.01388180
v 0.02229030 0.01748870 -0.01270870
v 0.02281720 0.01829400 -0.01437790
v 0.01640720 0.01385560 -0.00569359
v 0.01558400 0.01326310 -0.00424660
v 0.01610200 0.01150510 -0.00353339
v 0.01580030 0.01100840 -0.00181812
v 0.01499490 0.01241290 -0.00242180
v 0.01439160 0.01177290 -0.00084005
v 0.01792430 0.01093720 -0.00412003
v 0.01860990 0.01194730 -0.00554788
v 0.01726270 0.01016550 -0.00251148
v 0.01726320 0.01250400 -0.00446356
v 0.01801330 0.01333330 -0.00630970
v 0.01585100 0.01539690 -0.00636246
v 0.01679300 0.01633300 -0.00774950
v 0.01525980 0.01693390 -0.00658892
v 0.01610160 0.01760030 -0.00826106
v 0.01898670 0.01425340 -0.00778430
v 0.01755330 0.01506970 -0.00654154
v 0.01832660 0.01563770 -0.00828213
v 0.01790580 0.01748590 -0.00865200
v 0.01697990 0.01874230 -0.00945686
v 0.02022360 0.01101100 -0.00618039
v 0.02110750 0.01210890 -0.00774101
v 0.01975870 0.01266480 -0.00656161
v 0.02047180 0.01323440 -0.00834353
v 0.02365450 0.01008760 -0.00929993
v 0.02245380 0.01068850 -0.00830414
v 0.02333290 0.01197620 -0.00994437
v 0.02211350 0.01241350 -0.00893907
v 0.02009460 0.01502930 -0.00875441
v 0.00736410 0.03207650 -0.03499070
v 0.00977096 0.03182460 -0.03528530
v 0.00955845 0.03231200 -0.03261920
v 0.00800954 0.03230840 -0.03334080
v 0.00724467 0.03241700 -0.03321210
v 0.00609119 0.03291660 -0.03463680
v 0.00752891 0.03319740 -0.03083490
v 0.00746690 0.03336190 -0.02820710
v 0.01003800 0.03273140 -0.02937980
v 0.00861839 0.03266060 -0.03114660
v 0.00841757 0.03221990 -0.03262060
v 0.01013110 0.03290840 -0.02686310
v 0.00894506 0.03308130 -0.02859450
v 0.01209830 0.03154290 -0.03516240
v 0.01200600 0.03178130 -0.03289420
v 0.01548760 0.02993580 -0.03552500
v 0.01433700 0.03062250 -0.03525040
v 0.01333230 0.03073190 -0.03696680
v 0.01415620 0.03121710 -0.03276840
v 0.01193340 0.03218670 -0.03031930
v 0.01202670 0.03245400 -0.02759950
v 0.01407420 0.03152840 -0.03054560
v 0.01396580 0.03182180 -0.02813880
v 0.00787613 0.03218870 -0.02075260
v 0.00759043 0.03154230 -0.01902970
v 0.00848044 0.03246040 -0.02224530
v 0.00997044 0.03220150 -0.02284760
v 0.00987515 0.03182090 -0.02111030
v 0.00936829 0.03134470 -0.01929590
v 0.00730072 0.03322890 -0.02575540
v 0.00703313 0.03303780 -0.02375420
v 0.01015200 0.03253800 -0.02454920
v 0.00884331 0.03298650 -0.02607140
v 0.00832644 0.03305730 -0.02430100
v 0.00652653 0.03292490 -0.02222610
v 0.01191730 0.03229680 -0.02514090
v 0.01183180 0.03199470 -0.02322930
v 0.01376670 0.03151740 -0.02554620
v 0.01378990 0.03099280 -0.02343490
v 0.01176230 0.03130580 -0.02135920
v 0.01106410 0.03073790 -0.01939790
v 0.01069530 0.03028360 -0.01777500
v 0.01266190 0.02974070 -0.01823230
v 0.01353110 0.03062770 -0.02168220
v 0.01495650 0.02961680 -0.02021050
v 0.01411210 0.02932690 -0.01860980
v 0.01297640 0.03058010 -0.01997660
v 0.02166640 0.02569060 -0.03450410
v 0.02007890 0.02624330 -0.03564060
v 0.01995630 0.02609900 -0.03701690
v 0.01929400 0.02790330 -0.03453200
v 0.02179070 0.02572140 -0.03290280
v 0.02079190 0.02694200 -0.03276360
v 0.01974450 0.02803710 -0.03341030
v 0.02373880 0.02313650 -0.03444790
v 0.02236470 0.02412440 -0.03564170
v 0.02212000 0.02392610 -0.03708270
v 0.02367800 0.02362360 -0.03337110
v 0.02286870 0.02462540 -0.03270960
v 0.02333100 0.02505640 -0.02957110
v 0.02211470 0.02598040 -0.03085630
v 0.02206590 0.02606640 -0.03240310
v 0.02124600 0.02734170 -0.02962990
v 0.02340110 0.02496280 -0.02712830
v 0.02235370 0.02620280 -0.02872860
v 0.02125910 0.02727850 -0.02706220
v 0.02295920 0.02492160 -0.02495610
v 0.02235100 0.02610910 -0.02641540
v 0.02105710 0.02717840 -0.02493960
v 0.02268780 0.02450770 -0.02330740
v 0.02209190 0.02586030 -0.02412490
v 0.02085670 0.02689510 -0.02304810
v 0.02158590 0.02560480 -0.02232980
v 0.02117390 0.02514130 -0.02059000
v 0.02048010 0.02659670 -0.02137150
v 0.01947540 0.02786950 -0.02216190
v 0.01882360 0.02724700 -0.02035790
v 0.02081730 0.02478570 -0.01891150
v 0.02002480 0.02612180 -0.01963850
v 0.01843960 0.02677220 -0.01886310
v 0.01938980 0.02552150 -0.01774600
v 0.02347730 0.02306570 -0.02259840
v 0.02322280 0.02267880 -0.02096670
v 0.02261250 0.02443090 -0.02171230
v 0.02292760 0.02230590 -0.01926220
v 0.02201750 0.02384180 -0.01981830
v 0.02144620 0.02317430 -0.01802530
v 0.01648000 0.02972770 -0.03474640
v 0.01720420 0.02976880 -0.03199320
v 0.01581290 0.03020900 -0.03335980
v 0.01536900 0.03057490 -0.03467980
v 0.01801040 0.02843860 -0.03590810
v 0.01744090 0.02835220 -0.03692630
v 0.01874410 0.02878390 -0.03331020
v 0.01732700 0.03022270 -0.02948960
v 0.01598200 0.03069490 -0.03128290
v 0.01698660 0.03035360 -0.02708260
v 0.01574510 0.03081490 -0.02863330
v 0.01860840 0.02927700 -0.03050690
v 0.01868480 0.02934180 -0.02781670
v 0.02006760 0.02825740 -0.03130830
v 0.01958850 0.02833520 -0.03259900
v 0.02012710 0.02840800 -0.02903680
v 0.01703130 0.03000490 -0.02461920
v 0.01558250 0.03091550 -0.02616540
v 0.01666670 0.02948460 -0.02248050
v 0.01554130 0.03070320 -0.02420620
v 0.01846180 0.02949080 -0.02543790
v 0.01823520 0.02921650 -0.02351320
v 0.01629610 0.02913610 -0.02119510
v 0.01573980 0.02889580 -0.01940060
v 0.01512930 0.03034490 -0.02222620
v 0.01800900 0.02855450 -0.02183660
v 0.01758510 0.02832130 -0.01973950
v 0.01685250 0.02758280 -0.01811690
v 0.02000300 0.02846960 -0.02655900
v 0.01981070 0.02815030 -0.02402340
v 0.00823868 0.02713140 -0.01222250
v 0.00700088 0.02631980 -0.01068840
v 0.00802421 0.02492480 -0.00983870
v 0.00984544 0.02679740 -0.01255970
v 0.00894428 0.02591760 -0.01101040
v 0.00975715 0.02450180 -0.01016630
v 0.01064800 0.02319540 -0.00929835
v 0.01143320 0.02416980 -0.01029980
v 0.01253070 0.02286990 -0.00965235
v 0.01054260 0.02776050 -0.01380270
v 0.01272470 0.02752020 -0.01422340
v 0.01158200 0.02659920 -0.01277300
v 0.01264890 0.02510870 -0.01163920
v 0.01102030 0.02570080 -0.01126960
v 0.01504750 0.02345770 -0.01147920
v 0.01409800 0.02247920 -0.01009890
v 0.01338380 0.02396250 -0.01085060
v 0.01439860 0.02473940 -0.01238200
v 0.01442870 0.02652790 -0.01449130
v 0.01354070 0.02593140 -0.01308190
v 0.00825026 0.02068490 -0.00711464
v 0.00678534 0.01966770 -0.00593904
v 0.00717033 0.02213740 -0.00778114
v 0.01009830 0.02057010 -0.00747483
v 0.00884016 0.01953070 -0.00661000
v 0.00915240 0.02202580 -0.00814659
v 0.00649976 0.02368060 -0.00877754
v 0.00858024 0.02349800 -0.00870094
v 0.01106770 0.01928150 -0.00667960
v 0.01227600 0.02022150 -0.00798819
v 0.01118320 0.02179190 -0.00837757
v 0.01388790 0.01977380 -0.00832423
v 0.01495790 0.02081200 -0.00960728
v 0.01326030 0.02137960 -0.00899577
v 0.00803869 0.02970540 -0.01604330
v 0.00729121 0.02919930 -0.01483620
v 0.00668360 0.03109190 -0.01755710
v 0.00970628 0.02973700 -0.01627430
v 0.00909464 0.02867190 -0.01501880
v 0.00873716 0.03066560 -0.01760990
v 0.00658512 0.02805470 -0.01332830
v 0.00843861 0.02795390 -0.01342030
v 0.01185510 0.02933110 -0.01665330
v 0.01104490 0.02872840 -0.01515970
v 0.01360350 0.02897970 -0.01704860
v 0.01514280 0.02752340 -0.01598660
v 0.01332590 0.02819480 -0.01555120
v 0.01655430 0.02270570 -0.01237030
v 0.01570540 0.02189760 -0.01087120
v 0.01648610 0.02024980 -0.01031610
v 0.01786120 0.01942020 -0.01087000
v 0.01856200 0.02028140 -0.01239810
v 0.01721310 0.02107090 -0.01145400
v 0.01791770 0.02206870 -0.01287240
v 0.01657210 0.02678130 -0.01627690
v 0.01566930 0.02606030 -0.01502090
v 0.01854220 0.02492120 -0.01599700
v 0.01801860 0.02636070 -0.01712610
v 0.01782900 0.02423610 -0.01474840
v 0.01701150 0.02549560 -0.01551450
v 0.01661780 0.02470110 -0.01418810
v 0.01561210 0.02391560 -0.01273140
v 0.01508820 0.02533680 -0.01357150
v 0.01861590 0.02287400 -0.01407410
v 0.01677050 0.02362470 -0.01345780
v 0.02366520 0.01872170 -0.01593190
v 0.02241540 0.01982800 -0.01507500
v 0.02297910 0.02017230 -0.01659960
v 0.02357920 0.02064190 -0.01833240
v 0.02254570 0.02186300 -0.01732910
v 0.02086310 0.02262630 -0.01631330
v 0.02173070 0.02123460 -0.01576190
v 0.02034830 0.02229280 -0.01495840
v 0.02078590 0.02058800 -0.01423740
v 0.01941000 0.01891730 -0.01138810
v 0.01996710 0.01964640 -0.01286940
v 0.01937560 0.02127290 -0.01371250
v 0.02172390 0.01909680 -0.01352630
v 0.02027220 0.02425410 -0.01721870
v 0.01954260 0.02369390 -0.01568060
v 0.01563130 0.01933020 -0.00864404
v 0.01560750 0.02837810 -0.01750810
v 0.02543740 0.00272056 -0.04528150
v 0.02402670 0.00272440 -0.04630520
v 0.02522390 0.00507944 -0.04516280
v 0.02384680 0.00504365 -0.04619950
v 0.02769150 0.00274908 -0.04305840
v 0.02665010 0.00276260 -0.04419600
v 0.02741610 0.00507755 -0.04299400
v 0.02642160 0.00511341 -0.04411250
v 0.02506630 0.00724867 -0.04495970
v 0.02373640 0.00720020 -0.04599930
v 0.02496980 0.00931189 -0.04443660
v 0.02376360 0.00927305 -0.04563430
v 0.02722890 0.00726199 -0.04256200
v 0.02629490 0.00729159 -0.04386660
v 0.02760180 0.00916704 -0.04166600
v 0.02611030 0.00936409 -0.04337890
v 0.02976910 0.00268212 -0.04011660
v 0.02869420 0.00277515 -0.04178640
v 0.03069230 0.00251735 -0.03851320
v 0.02945710 0.00497317 -0.04015650
v 0.02842500 0.00507915 -0.04173940
v 0.03037770 0.00506202 -0.03852670
v 0.02929770 0.00719767 -0.03989720
v 0.02817250 0.00710793 -0.04141220
v 0.03027150 0.00724669 -0.03757730
v 0.02874030 0.00935192 -0.03986560
v 0.02802660 0.00828599 -0.04164340
v 0.02836620 0.01030660 -0.04050990
v 0.02975460 0.00937142 -0.03775020
v 0.02485310 0.01134600 -0.04397710
v 0.02344370 0.01030860 -0.04567190
v 0.02583510 0.01253280 -0.04240270
v 0.02525980 0.01358800 -0.04221160
v 0.02436230 0.01348560 -0.04351890
v 0.02657970 0.01145810 -0.04193150
v 0.02582720 0.01042760 -0.04363050
v 0.02781920 0.01147690 -0.04034770
v 0.02759260 0.01347330 -0.03926490
v 0.02655350 0.01350070 -0.04112490
v 0.02453980 0.01561280 -0.04183800
v 0.02366000 0.01465380 -0.04391350
v 0.02580390 0.01679750 -0.04014440
v 0.02496940 0.01799180 -0.03971090
v 0.02410930 0.01683410 -0.04164790
v 0.02619720 0.01572480 -0.03978040
v 0.02574360 0.01461590 -0.04133720
v 0.02808160 0.01455520 -0.03766590
v 0.02777870 0.01590560 -0.03693940
v 0.02633130 0.01785260 -0.03771030
v 0.02613700 0.01702550 -0.03932490
v 0.02571210 0.01884770 -0.03755390
v 0.02953130 0.01143440 -0.03746550
v 0.02873490 0.01117820 -0.03896050
v 0.02843470 0.01366770 -0.03743590
v 0.02844200 0.01238540 -0.03928050
v 0.02483220 0.02003340 -0.03700450
v 0.02443020 0.01968430 -0.03916770
v 0.03166420 0.00265542 -0.03540800
v 0.03123280 0.00269107 -0.03690590
v 0.03199830 0.00289456 -0.03348400
v 0.03148250 0.00495723 -0.03538560
v 0.03108110 0.00468959 -0.03696980
v 0.03176540 0.00523561 -0.03338150
v 0.03247740 0.00286268 -0.03074280
v 0.03274880 0.00255623 -0.02799730
v 0.03228680 0.00519251 -0.03067010
v 0.03246330 0.00506210 -0.02797820
v 0.03054260 0.00815417 -0.03540370
v 0.03029880 0.00941087 -0.03578250
v 0.03083150 0.00749665 -0.03559970
v 0.03080170 0.00607763 -0.03720870
v 0.03151880 0.00742587 -0.03319550
v 0.03108400 0.00906642 -0.03276030
v 0.03054560 0.00927414 -0.03443190
v 0.03185760 0.00750588 -0.03080960
v 0.03211030 0.00742597 -0.02813900
v 0.03142240 0.00946678 -0.03062530
v 0.03160520 0.00929127 -0.02817040
v 0.03260050 0.00248744 -0.02546630
v 0.03207360 0.00249314 -0.02317740
v 0.03235660 0.00501660 -0.02551930
v 0.03187520 0.00466481 -0.02323160
v 0.03135050 0.00258206 -0.02115150
v 0.03083810 0.00248951 -0.01946760
v 0.03008510 0.00370613 -0.01810240
v 0.03127510 0.00473868 -0.02145530
v 0.03060220 0.00424936 -0.01951160
v 0.03009990 0.00595978 -0.01833200
v 0.03208860 0.00716756 -0.02561740
v 0.03169560 0.00665017 -0.02344720
v 0.03156950 0.00904010 -0.02576220
v 0.03119910 0.00848810 -0.02373140
v 0.03032560 0.00776975 -0.02043940
v 0.03003270 0.00756930 -0.01888570
v 0.02969710 0.00935830 -0.01917260
v 0.03044050 0.00936095 -0.02090480
v 0.03095220 0.00652471 -0.02169050
v 0.03050140 0.00590722 -0.01999950
v 0.03102180 0.00823246 -0.02218500
v 0.03041180 0.00993492 -0.02239410
v 0.02827970 0.01683800 -0.03467010
v 0.02736760 0.01821630 -0.03510530
v 0.02836070 0.01735220 -0.03306750
v 0.02776040 0.01814300 -0.03221790
v 0.02993880 0.01148640 -0.03483780
v 0.02956080 0.01368580 -0.03529360
v 0.03043320 0.01208460 -0.03220570
v 0.02996550 0.01402530 -0.03290880
v 0.03062240 0.01069990 -0.03322090
v 0.03021860 0.00990306 -0.03435870
v 0.03085840 0.01229060 -0.02954550
v 0.03014290 0.01393390 -0.03035260
v 0.03079460 0.01187490 -0.02721320
v 0.03038620 0.01365990 -0.02772670
v 0.03065050 0.01084590 -0.03133790
v 0.03131210 0.01079670 -0.02883800
v 0.02860020 0.01526560 -0.03560770
v 0.02867190 0.01455820 -0.03696150
v 0.02886310 0.01606280 -0.03293650
v 0.02939340 0.01579310 -0.03046250
v 0.02974680 0.01562130 -0.02809330
v 0.02865480 0.01751720 -0.03105630
v 0.02848170 0.01708490 -0.03237620
v 0.02779400 0.01863550 -0.02952620
v 0.02871210 0.01740840 -0.02858180
v 0.02809310 0.01870260 -0.02716270
v 0.02805060 0.01679030 -0.02217140
v 0.02738740 0.01640940 -0.02039200
v 0.02673660 0.01758490 -0.02126410
v 0.02707310 0.01821170 -0.02272610
v 0.02679170 0.01601450 -0.01887910
v 0.02660110 0.01739040 -0.01974530
v 0.02561290 0.01896630 -0.01998720
v 0.02513800 0.01812580 -0.01866550
v 0.03074740 0.01196840 -0.02484770
v 0.03039140 0.01356620 -0.02541590
v 0.03035010 0.01142730 -0.02272210
v 0.03005270 0.01336110 -0.02320450
v 0.03107130 0.01065450 -0.02618840
v 0.03131990 0.01010160 -0.02440980
v 0.02995540 0.01137320 -0.02120240
v 0.02927510 0.01095870 -0.01943290
v 0.02945140 0.01316430 -0.02132050
v 0.02889260 0.01274070 -0.01943270
v 0.02949180 0.01540350 -0.02576000
v 0.02924780 0.01519000 -0.02366070
v 0.02866300 0.01726830 -0.02634900
v 0.02771170 0.01844830 -0.02471610
v 0.02870160 0.01695940 -0.02417040
v 0.02888490 0.01510570 -0.02192290
v 0.02845340 0.01483500 -0.01992650
v 0.02773860 0.01428710 -0.01810250
v 0.02776790 0.00335619 -0.01280150
v 0.02870880 0.00410095 -0.01432660
v 0.02688760 0.00192041 -0.01096100
v 0.02561130 0.00358573 -0.00947071
v 0.02726620 0.00526502 -0.01268650
v 0.02826790 0.00611629 -0.01403340
v 0.02671640 0.00402896 -0.01104670
v 0.02528670 0.00562762 -0.00982465
v 0.02602510 0.00801069 -0.01134670
v 0.02505200 0.00720368 -0.00996670
v 0.02482360 0.00871899 -0.01029960
v 0.02592310 0.01013760 -0.01178390
v 0.02726400 0.00686758 -0.01271060
v 0.02790640 0.00813375 -0.01399370
v 0.02639280 0.00624889 -0.01120010
v 0.02691580 0.00861373 -0.01256910
v 0.02755630 0.00945896 -0.01429600
v 0.02986840 0.00328786 -0.01681200
v 0.02958790 0.00258247 -0.01575280
v 0.02973830 0.00533929 -0.01693980
v 0.02927750 0.00491609 -0.01561680
v 0.02947190 0.00704986 -0.01686910
v 0.02898390 0.00663322 -0.01533020
v 0.02936290 0.00872529 -0.01737750
v 0.02875010 0.00842016 -0.01561710
v 0.02809210 0.00999124 -0.01585010
v 0.02475420 0.00258978 -0.00814002
v 0.02460680 0.00450800 -0.00826980
v 0.02422630 0.00618292 -0.00857864
v 0.02407450 0.00817262 -0.00888357
v 0.02742780 0.01120230 -0.01471610
v 0.02770470 0.01153550 -0.01622220
v 0.02661200 0.01271480 -0.01506200
v 0.02718650 0.01352600 -0.01643410
v 0.02597310 0.01229080 -0.01345380
v 0.02535920 0.01404670 -0.01419650
v 0.02459260 0.01047640 -0.01065000
v 0.02534900 0.01177080 -0.01206540
v 0.02486840 0.01349900 -0.01291060
v 0.02406000 0.01285640 -0.01120400
v 0.02661790 0.01033220 -0.01331410
v 0.02515120 0.01639310 -0.01613100
v 0.02464530 0.01545480 -0.01485580
v 0.02421730 0.01743750 -0.01508550
v 0.02467360 0.01772920 -0.01711790
v 0.02637560 0.01532790 -0.01723700
v 0.02607050 0.01472940 -0.01540970
v 0.02578070 0.01711640 -0.01773040
v 0.02410010 0.01539680 -0.01297790
v 0.02910560 0.01048970 -0.01757120
v 0.02836900 0.01245520 -0.01776730
v 0.02567840 0.02097130 -0.03409660
v 0.02450420 0.02195130 -0.03560060
v 0.02420250 0.02129700 -0.03666510
v 0.02619330 0.02091070 -0.03175440
v 0.02457230 0.02250280 -0.03304900
v 0.02622970 0.01942140 -0.03564950
v 0.02606830 0.01905810 -0.03697920
v 0.02660600 0.01976330 -0.03362240
v 0.02641110 0.02100760 -0.02914820
v 0.02552290 0.02227780 -0.03028820
v 0.02660140 0.02076150 -0.02682330
v 0.02559100 0.02232760 -0.02756990
v 0.02721110 0.01991100 -0.03109370
v 0.02727810 0.01971790 -0.02825870
v 0.02410410 0.02377960 -0.03111960
v 0.02433400 0.02339850 -0.03256120
v 0.02450770 0.02370890 -0.02871430
v 0.02616450 0.02108540 -0.02451670
v 0.02524430 0.02216310 -0.02531210
v 0.02551700 0.02039720 -0.02242920
v 0.02485500 0.02190350 -0.02366720
v 0.02722620 0.01979650 -0.02585930
v 0.02672290 0.01953020 -0.02385310
v 0.02499720 0.01967120 -0.01958510
v 0.02516170 0.01998830 -0.02132690
v 0.02468270 0.02204170 -0.02191700
v 0.02434690 0.02111650 -0.02000570
v 0.02650150 0.01918810 -0.02200780
v 0.02430030 0.02357440 -0.02641410
v 0.02418200 0.02356680 -0.02425920
v 0.02457610 0.01942350 -0.01751360
v -0.01202890 0.01021030 0.00177995
v -0.01205470 0.01041020 0.00252490
v -0.01317820 0.00932030 0.00262466
v -0.01230600 0.01030370 0.00345721
v -0.01110270 0.01124900 0.00064560
v -0.01286960 0.01044590 0.00044430
v -0.00962397 0.01239680 0.00180952
v -0.00999481 0.01213150 0.00260443
v -0.01086550 0.01153880 0.00255733
v -0.00925244 0.01288880 0.00070693
v -0.01086020 0.01235610 -0.00016985
v -0.01232300 0.01147050 0.00502251
v -0.01139580 0.01168060 0.00430123
v -0.01189770 0.01219260 0.00546030
v -0.01015030 0.01216180 0.00358399
v -0.00988135 0.01389790 0.00564130
v -0.00887194 0.01386690 0.00453495
v -0.00959665 0.01433590 0.00593041
v -0.01107330 0.01382590 0.00644745
v -0.00666006 0.01432030 0.00053945
v -0.00661562 0.01454930 0.00264664
v -0.00858362 0.01333410 0.00266464
v -0.00520466 0.01508840 0.00159592
v -0.00562788 0.01482340 0.00180084
v -0.00750809 0.01433220 0.00374058
v -0.00465675 0.01525400 0.00055804
v -0.00652224 0.01462260 -0.00027090
v -0.00725161 0.01563140 0.00575101
v -0.00656102 0.01517290 0.00451406
v -0.00628516 0.01664990 0.00674433
v -0.00873164 0.01541610 0.00650248
v -0.00548121 0.01551030 0.00376459
v -0.00459510 0.01550620 0.00229436
v -0.00399195 0.01634550 0.00484456
v -0.00514132 0.01661940 0.00571633
v -0.01207780 0.01446290 0.00789911
v -0.01109630 0.01595030 0.00886458
v -0.01212800 0.01654580 0.01018250
v -0.00986966 0.01581700 0.00785572
v -0.00882364 0.01672610 0.00831129
v -0.01001120 0.01771110 0.01031380
v -0.00877648 0.01762170 0.00944353
v -0.00850306 0.01864730 0.01108310
v -0.01127340 0.01752940 0.01086670
v -0.01213110 0.01799910 0.01207760
v -0.01107540 0.01893560 0.01315880
v -0.01207860 0.01923440 0.01425910
v -0.00994903 0.01904430 0.01214350
v -0.00754609 0.01688160 0.00758511
v -0.00671899 0.01772310 0.00839001
v -0.00664596 0.01886880 0.01041610
v -0.00532276 0.01784580 0.00771701
v -0.00437409 0.01710580 0.00672781
v -0.00412354 0.01888920 0.00884739
v -0.00549174 0.01906750 0.00978577
v -0.00223062 0.01617090 0.00030487
v -0.00207032 0.01645820 0.00204726
v 0.00010777 0.01647060 0.00019982
v 0.00035357 0.01685960 0.00177354
v -0.00198530 0.01687640 0.00396201
v -0.00304681 0.01722900 0.00614300
v -0.00204629 0.01702300 0.00517999
v -0.00185240 0.01791220 0.00668874
v 0.00043485 0.01722700 0.00359778
v 0.00060982 0.01759970 0.00500477
v 0.00051661 0.01802140 0.00634523
v 0.00281360 0.01653910 -0.00005133
v 0.00280077 0.01682660 0.00160322
v 0.00540407 0.01637160 0.00000179
v 0.00539217 0.01639860 0.00176642
v 0.00275694 0.01730150 0.00355174
v 0.00285477 0.01768550 0.00523140
v 0.00291362 0.01806680 0.00652022
v 0.00520779 0.01700480 0.00366119
v 0.00487177 0.01752760 0.00560449
v 0.00521455 0.01800720 0.00653642
v -0.00182051 0.01865150 0.00821743
v 0.00032768 0.01867650 0.00781509
v 0.00287368 0.01872510 0.00737427
v 0.00513692 0.01832970 0.00810077
v -0.01121610 0.01904410 0.03072770
v -0.01076990 0.01882750 0.03185200
v -0.01102570 0.01795010 0.03399950
v -0.00904199 0.01881890 0.03287650
v -0.00848658 0.01855860 0.03396150
v 0.00409099 0.01910560 0.03292140
v 0.00568470 0.01844200 0.03231660
v 0.00491716 0.01805680 0.03378900
v 0.00325127 0.01836880 0.03425640
v -0.00975153 0.02027090 0.01438820
v -0.00881440 0.01968360 0.01302380
v -0.00870619 0.02076350 0.01564220
v -0.01107390 0.01989440 0.01527300
v -0.00753764 0.01968580 0.01234320
v -0.00626948 0.01988730 0.01170960
v -0.00622273 0.02047580 0.01331540
v -0.00649562 0.02152990 0.01561270
v -0.00436205 0.01967430 0.01067360
v -0.00439041 0.02084000 0.01320420
v -0.00448323 0.02166990 0.01492510
v -0.00304025 0.01979090 0.01003030
v -0.00199509 0.01932180 0.00962684
v -0.00164762 0.02020650 0.01096190
v 0.00046721 0.01965980 0.00933112
v 0.00067469 0.02023660 0.01074510
v -0.00196388 0.02121700 0.01326830
v -0.00319015 0.02170880 0.01438520
v 0.00064878 0.02096340 0.01228940
v -0.00072030 0.02195150 0.01428220
v 0.00032776 0.02149470 0.01368830
v 0.00061231 0.02212860 0.01567990
v -0.00212736 0.02198640 0.01556690
v 0.00277524 0.01937760 0.00905991
v 0.00296476 0.02008600 0.01088300
v 0.00509024 0.01914700 0.00922165
v 0.00510099 0.02013270 0.01077790
v 0.00313862 0.02121920 0.01301840
v 0.00439360 0.02186780 0.01476230
v 0.00323363 0.02198190 0.01505000
v 0.00199175 0.02150850 0.01331570
v 0.00542810 0.02073830 0.01255710
v 0.00554874 0.02130710 0.01457940
v -0.01185110 0.02020100 0.01656040
v -0.01057640 0.02092380 0.01795370
v -0.01083570 0.02106780 0.02017870
v -0.00866685 0.02149220 0.01794530
v -0.00868725 0.02172460 0.02042150
v -0.01122450 0.02092080 0.02266740
v -0.01140590 0.02051330 0.02528450
v -0.00860237 0.02166700 0.02290210
v -0.00878274 0.02129920 0.02522760
v -0.00703911 0.02184880 0.01766860
v -0.00684822 0.02213800 0.02052600
v -0.00531937 0.02204380 0.01655990
v -0.00423446 0.02211450 0.01623110
v -0.00401832 0.02226470 0.01789950
v -0.00575184 0.02214670 0.01760470
v -0.00373270 0.02243200 0.01994160
v -0.00552738 0.02238410 0.02028390
v -0.00666388 0.02215890 0.02262150
v -0.00597916 0.02192280 0.02480790
v -0.00370692 0.02249390 0.02217340
v -0.00558588 0.02235170 0.02258200
v -0.00418732 0.02233680 0.02382450
v -0.00553320 0.02219350 0.02406570
v -0.00286651 0.02211230 0.02522870
v -0.01084030 0.02029670 0.02757440
v -0.01273620 0.01953580 0.02726990
v -0.01093380 0.01950670 0.02953310
v -0.01260370 0.01959600 0.02846940
v -0.00886966 0.02071970 0.02741080
v -0.00867696 0.02022990 0.02945640
v -0.00864137 0.01944600 0.03159060
v -0.01040210 0.01960080 0.03075950
v -0.00639176 0.02116280 0.02733570
v -0.00654466 0.02071120 0.02974830
v -0.00376881 0.02157380 0.02723580
v -0.00407233 0.02093180 0.02932790
v -0.00633622 0.02011480 0.03135500
v -0.00704420 0.01927350 0.03308880
v -0.00834454 0.01938820 0.03273840
v -0.00572103 0.01891550 0.03471650
v -0.00393010 0.02027600 0.03141630
v -0.00491153 0.01972780 0.03314190
v -0.00308594 0.01905100 0.03475490
v -0.00181525 0.02250300 0.01820310
v -0.00161282 0.02277540 0.02021150
v 0.00069654 0.02261900 0.01789160
v 0.00069787 0.02265520 0.02012750
v -0.00159400 0.02250470 0.02214590
v -0.00197134 0.02237510 0.02370550
v -0.00015113 0.02203990 0.02512620
v 0.00079164 0.02240450 0.02206850
v 0.00070531 0.02232130 0.02364060
v 0.00206700 0.02188550 0.02524840
v 0.00302341 0.02254010 0.01776770
v 0.00278722 0.02262030 0.02022830
v 0.00538307 0.02184460 0.01619230
v 0.00519546 0.02210380 0.01792950
v 0.00506765 0.02212910 0.01968340
v 0.00288341 0.02241130 0.02227940
v 0.00264034 0.02225770 0.02370520
v 0.00413818 0.02166340 0.02528350
v 0.00479135 0.02230090 0.02156800
v 0.00617045 0.02153720 0.02314650
v 0.00581984 0.02138750 0.02499930
v 0.00420987 0.02206740 0.02348790
v -0.00114612 0.02165870 0.02712210
v -0.00151316 0.02107330 0.02934240
v 0.00141084 0.02153460 0.02716420
v 0.00095810 0.02090900 0.02939400
v -0.00161278 0.02041620 0.03155880
v -0.00227252 0.01981220 0.03322530
v -0.00045468 0.01897050 0.03471500
v 0.00078679 0.02029250 0.03153990
v 0.00014879 0.01973280 0.03317200
v 0.00173868 0.01879220 0.03448760
v 0.00351599 0.02126270 0.02722430
v 0.00313613 0.02061470 0.02950090
v 0.00536382 0.02091540 0.02708830
v 0.00502058 0.02014370 0.02922360
v 0.00248123 0.01995570 0.03138080
v 0.00218128 0.01930410 0.03302260
v 0.00426603 0.01944340 0.03111180
v 0.01524520 0.00822003 0.00384033
v 0.01499360 0.00762629 0.00487031
v 0.01471500 0.00917775 0.00553454
v 0.01454090 0.00973056 0.00357410
v 0.00755425 0.01586340 0.00045188
v 0.00772679 0.01591700 0.00247209
v 0.01050220 0.01419160 0.00162999
v 0.00926862 0.01504910 0.00018268
v 0.01021660 0.01433770 0.00348103
v 0.00947181 0.01504790 0.00199067
v 0.00735625 0.01641060 0.00467849
v 0.00823519 0.01675550 0.00649757
v 0.00727722 0.01712880 0.00661017
v 0.00608748 0.01723190 0.00496879
v 0.01023280 0.01438190 0.00463239
v 0.00964672 0.01498830 0.00425998
v 0.00970235 0.01607920 0.00668116
v 0.01181070 0.01345350 0.00079093
v 0.01271600 0.01246480 0.00199752
v 0.01246410 0.01229650 0.00375006
v 0.01150170 0.01343860 0.00232791
v 0.01477640 0.01007120 0.00185210
v 0.01372480 0.01126890 0.00267824
v 0.01409770 0.01147190 0.00102178
v 0.01312290 0.01283250 0.00014159
v 0.01246730 0.01252960 0.00451173
v 0.01169170 0.01360350 0.00456294
v 0.01346540 0.01170750 0.00439570
v 0.01498160 0.01030340 0.00609148
v 0.01453730 0.01161030 0.00676623
v 0.01301220 0.01297090 0.00630452
v 0.01248050 0.01259590 0.00512425
v 0.01250570 0.01434620 0.00732949
v 0.01077350 0.01473800 0.00636226
v 0.01054600 0.01442730 0.00500651
v 0.00713291 0.01834950 0.00931363
v 0.01033870 0.01609770 0.00872506
v 0.00929585 0.01730540 0.00870618
v 0.00821809 0.01655940 0.00708023
v 0.00960311 0.01867740 0.01123630
v 0.00857465 0.01902340 0.01051120
v 0.01514220 0.01265010 0.00868077
v 0.01426960 0.01401170 0.00898815
v 0.01316250 0.01484080 0.00855122
v 0.01187950 0.01575670 0.00886285
v 0.01260810 0.01652740 0.01075140
v 0.01154450 0.01698270 0.01074910
v 0.01066620 0.01662740 0.00894883
v 0.01516650 0.01476470 0.01085390
v 0.01401750 0.01574520 0.01115780
v 0.01350620 0.01509900 0.00926937
v 0.01177810 0.01848710 0.01346580
v 0.01083050 0.01871540 0.01281140
v 0.01503490 0.01664540 0.01425100
v 0.01326360 0.01721300 0.01273090
v 0.01283420 0.01694580 0.01133390
v 0.01507230 0.01702480 0.01657710
v 0.01372020 0.01775990 0.01498070
v 0.01260180 0.01885780 0.01629470
v 0.01698250 0.00313163 0.00292088
v 0.01729370 0.00384148 0.00123918
v 0.01661030 0.00505125 0.00301170
v 0.01669180 0.00583237 0.00124691
v 0.01827910 0.00248501 0.00000635
v 0.01801440 0.00443952 0.00003013
v 0.01679950 0.00261259 0.00438841
v 0.01695170 0.00223165 0.00591065
v 0.01651240 0.00485974 0.00453466
v 0.01725190 0.00475740 0.00663810
v 0.01612910 0.00663196 0.00298247
v 0.01646120 0.00724991 0.00114592
v 0.01615780 0.00885970 0.00054586
v 0.01551450 0.00846474 0.00243793
v 0.01755640 0.00617588 -0.00045659
v 0.01570370 0.00678297 0.00512240
v 0.01650650 0.00699372 0.00625831
v 0.01541720 0.00880445 0.00622484
v 0.01543860 0.00815895 0.00511077
v 0.01903080 0.00236639 0.00881550
v 0.01780840 0.00213801 0.00717952
v 0.01823060 0.00465891 0.00836379
v 0.01723090 0.00363856 0.00699342
v 0.01790040 0.00600934 0.00808761
v 0.02007050 0.00371855 0.00994211
v 0.01961560 0.00469023 0.00969237
v 0.01722050 0.00724506 0.00773977
v 0.01671400 0.00917190 0.00808749
v 0.01920170 0.00704526 0.00995734
v 0.01828910 0.00706185 0.00905527
v 0.01880480 0.00905097 0.01040180
v 0.01774710 0.00916268 0.00931931
v 0.02035980 0.00250095 0.01007370
v 0.01949980 0.00115179 0.00899774
v 0.02071620 0.00484787 0.01071800
v 0.02325870 0.00261290 0.01212660
v 0.02215160 0.00247516 0.01143960
v 0.02286930 0.00503878 0.01232170
v 0.02174710 0.00489360 0.01149520
v 0.02077380 0.00712310 0.01128920
v 0.02166890 0.00815547 0.01226130
v 0.02113160 0.00927563 0.01250960
v 0.01991040 0.00893547 0.01133850
v 0.02230310 0.00699948 0.01249270
v 0.02102060 0.00613719 0.01129140
v 0.02283390 0.00910072 0.01378750
v 0.01521210 0.01033290 0.00007792
v 0.01615450 0.01141070 0.00885562
v 0.01510510 0.01048580 0.00680710
v 0.01710530 0.01242950 0.01063450
v 0.01625380 0.01361000 0.01103910
v 0.01545710 0.01296920 0.00922305
v 0.01802420 0.01130870 0.01092280
v 0.01709410 0.01031570 0.00921087
v 0.01946130 0.01210850 0.01298360
v 0.01831280 0.01330720 0.01319070
v 0.01747600 0.01259820 0.01132170
v 0.01715910 0.01440960 0.01296710
v 0.01626330 0.01506580 0.01300150
v 0.01539520 0.01507920 0.01153370
v 0.01660940 0.01592340 0.01562020
v 0.01925830 0.01410090 0.01594440
v 0.01771640 0.01477870 0.01471090
v 0.01740170 0.01442400 0.01356160
v 0.02047870 0.01113070 0.01316090
v 0.01927030 0.01023650 0.01145170
v 0.02167340 0.01196670 0.01508760
v 0.02064170 0.01269310 0.01498300
v 0.01962550 0.01242290 0.01364500
v 0.02406510 0.00996599 0.01494980
v 0.02287790 0.01112730 0.01510660
v 0.02205750 0.01011770 0.01367580
v 0.01506080 0.01715600 0.01886000
v 0.01386880 0.01802400 0.01765320
v 0.01251010 0.01888240 0.01890400
v 0.01519200 0.01724940 0.02014340
v 0.01435900 0.01813380 0.02050500
v 0.01227770 0.01874920 0.02133460
v 0.01375020 0.01818390 0.02273250
v 0.01204740 0.01858790 0.02329010
v 0.01369950 0.01787040 0.02457260
v 0.01189120 0.01828130 0.02503070
v 0.00744687 0.01802360 0.03182450
v 0.00678520 0.01766240 0.03350560
v 0.00632968 0.01698420 0.03484300
v 0.00812026 0.01634300 0.03433160
v 0.01049380 0.01664810 0.03057940
v 0.01007390 0.01624800 0.03250740
v 0.00909928 0.01717380 0.03143700
v 0.00950651 0.01768510 0.02957530
v 0.00810774 0.01829660 0.03017930
v 0.00941699 0.01565150 0.03378710
v 0.00842511 0.01695080 0.03288660
v 0.01490270 0.01236300 0.03258310
v 0.01422450 0.01137610 0.03383780
v 0.01352320 0.01324820 0.03330570
v 0.01406320 0.01390330 0.03169060
v 0.01264430 0.01453880 0.03249430
v 0.01196690 0.01404010 0.03396020
v 0.01285970 0.01247220 0.03457830
v 0.01036150 0.01875900 0.02580110
v 0.01160230 0.01782730 0.02679980
v 0.01011400 0.01820410 0.02761580
v 0.01278890 0.01680950 0.02799660
v 0.01196800 0.01606490 0.02998030
v 0.01129590 0.01724260 0.02889630
v 0.01460890 0.01646040 0.02749830
v 0.01364070 0.01570230 0.02913200
v 0.01321560 0.01747050 0.02628120
v 0.01138480 0.01567090 0.03153950
v 0.01108120 0.01505920 0.03309340
v 0.01068030 0.01437290 0.03478940
v 0.01465710 0.01416660 0.03028100
v 0.01309270 0.01511240 0.03094390
v 0.01765090 0.00207305 0.03361590
v 0.01899800 0.00355999 0.03287200
v 0.01669780 0.00351877 0.03416030
v 0.01752620 0.00406486 0.03333340
v 0.01889720 0.00510666 0.03244860
v 0.01752020 0.00589293 0.03284010
v 0.01622170 0.00499228 0.03407130
v 0.01603880 0.00636643 0.03383610
v 0.01714880 0.00759436 0.03249730
v 0.01615280 0.00827545 0.03338900
v 0.01658630 0.00929938 0.03206040
v 0.01505820 0.00763206 0.03496310
v 0.01482660 0.00950680 0.03433270
v 0.01834560 0.00680655 0.03175320
v 0.01954410 0.00796108 0.03088930
v 0.01765130 0.00846581 0.03100610
v 0.01892730 0.00940096 0.02986360
v 0.01755020 0.01025250 0.03066070
v 0.02070130 0.00267727 0.03272610
v 0.02084130 0.00483686 0.03215470
v 0.02270520 0.00263410 0.03243900
v 0.02258150 0.00478424 0.03198030
v 0.02065330 0.00922105 0.02974840
v 0.02127250 0.00795313 0.03046370
v 0.02286560 0.00910597 0.02983280
v 0.02321950 0.00769831 0.03073730
v 0.02000730 0.00633762 0.03150460
v 0.02189690 0.00629225 0.03138940
v 0.01673950 0.01626100 0.01787760
v 0.01659320 0.01685100 0.02007020
v 0.01970860 0.01451640 0.01714590
v 0.01870900 0.01522490 0.01718640
v 0.01851210 0.01629250 0.02016300
v 0.01603560 0.01724170 0.02107220
v 0.01595750 0.01780390 0.02285140
v 0.01558210 0.01786210 0.02432020
v 0.01929870 0.01658180 0.02318800
v 0.01770980 0.01707640 0.02185070
v 0.01751270 0.01681130 0.02066160
v 0.01892380 0.01595700 0.02488320
v 0.01765180 0.01725080 0.02389270
v 0.01723000 0.01677940 0.02566850
v 0.02080700 0.01439270 0.01769020
v 0.02408260 0.01210390 0.01724610
v 0.02290910 0.01295390 0.01735400
v 0.02194050 0.01219380 0.01554750
v 0.02291560 0.01447460 0.02027880
v 0.02197690 0.01464760 0.01945250
v 0.02078600 0.01523460 0.01971140
v 0.01968250 0.01476860 0.01770740
v 0.02079460 0.01596060 0.02219430
v 0.02049400 0.01557710 0.02412800
v 0.02359500 0.01475760 0.02294840
v 0.02231790 0.01525510 0.02158110
v 0.02183000 0.01543230 0.02016820
v 0.02339770 0.01397260 0.02506660
v 0.02225020 0.01525490 0.02376280
v 0.02168940 0.01437180 0.02540790
v 0.01666910 0.01180440 0.03002440
v 0.01815940 0.01085610 0.02932170
v 0.01961710 0.01229680 0.02809740
v 0.01784810 0.01240360 0.02903280
v 0.01878160 0.01368330 0.02717350
v 0.01713450 0.01424760 0.02791630
v 0.01617780 0.01332370 0.02927270
v 0.01617150 0.01101450 0.03142300
v 0.01562460 0.01047650 0.03307660
v 0.01550820 0.01259620 0.03126040
v 0.01540910 0.01495530 0.02873440
v 0.01634690 0.01589110 0.02708000
v 0.01529600 0.01726770 0.02605950
v 0.01810020 0.01526280 0.02647280
v 0.02179160 0.01204480 0.02786460
v 0.02008450 0.01073440 0.02920620
v 0.02059380 0.01323270 0.02702180
v 0.02373760 0.01179840 0.02759440
v 0.02227780 0.01065650 0.02884670
v 0.02242640 0.01322640 0.02652170
v 0.02004190 0.01486900 0.02613890
v 0.00743749 0.01935520 0.01079310
v 0.00642121 0.01893080 0.00896254
v 0.00756040 0.02033320 0.01289990
v 0.00775133 0.02096700 0.01570050
v 0.00965960 0.01942390 0.01298390
v 0.00857088 0.01949570 0.01147490
v 0.00969535 0.02026390 0.01526660
v 0.01131500 0.01918630 0.01476980
v 0.01075690 0.01936680 0.01356900
v 0.00844068 0.02111180 0.01867450
v 0.00689330 0.02145010 0.01729180
v 0.00658485 0.02175230 0.01599700
v 0.00822531 0.02099000 0.02073790
v 0.00698125 0.02188660 0.01918930
v 0.00990556 0.02047520 0.01780850
v 0.00982918 0.02047730 0.02052180
v 0.00786040 0.02117430 0.02266180
v 0.00733710 0.02074960 0.02493840
v 0.00640077 0.02156100 0.02159600
v 0.00937048 0.02012490 0.02268630
v 0.00904982 0.01989730 0.02450240
v 0.01146920 0.01960940 0.01695560
v 0.01134770 0.01971590 0.01958800
v 0.01070630 0.01938380 0.02200020
v 0.01041430 0.01913290 0.02403530
v 0.00714300 0.02027810 0.02675770
v 0.00681806 0.01952770 0.02872530
v 0.00896439 0.01962610 0.02626980
v 0.00869553 0.01907900 0.02847650
v 0.00628151 0.01924100 0.03084100
v -0.01172470 0.00508804 0.04339180
v -0.01183280 0.00374104 0.04387010
v -0.01073610 0.00715012 0.04311790
v -0.01130880 0.01055020 0.04136030
v -0.01109440 0.00937722 0.04212020
v -0.01277770 0.00831117 0.04221040
v -0.00862202 0.00963025 0.04289170
v -0.00808910 0.00847511 0.04333810
v -0.00583207 0.00949400 0.04304710
v -0.00666613 0.00840260 0.04356570
v -0.01096090 0.00254021 0.04412280
v -0.01283820 0.00161630 0.04357900
v -0.00905212 0.00264698 0.04497190
v -0.01042300 0.00463245 0.04399000
v -0.00873398 0.00506332 0.04452030
v -0.00931385 0.00672307 0.04365500
v -0.01048670 0.00600491 0.04377680
v -0.00701780 0.00281485 0.04552990
v -0.00685379 0.00529248 0.04490370
v -0.00506547 0.00270252 0.04582810
v -0.00398309 0.00509106 0.04555530
v -0.00669747 0.00735478 0.04398090
v -0.00440858 0.00738072 0.04466700
v -0.00307797 0.01017440 0.04335900
v -0.00477412 0.00865026 0.04369550
v -0.00606737 0.00886789 0.04350760
v -0.01063760 0.01138170 0.04102070
v -0.01037860 0.01458240 0.03900110
v -0.01161350 0.01284560 0.03976410
v -0.01285440 0.01220030 0.03952650
v -0.00798292 0.01236890 0.04160030
v -0.00920077 0.01100690 0.04184620
v -0.01060540 0.01050140 0.04196160
v -0.00912320 0.01497180 0.03914580
v -0.00890158 0.01394750 0.04012450
v -0.01000080 0.01678290 0.03665090
v -0.01147050 0.01515370 0.03740540
v -0.01247470 0.01536650 0.03708340
v -0.01145920 0.01700950 0.03513770
v -0.01257500 0.01676100 0.03495220
v -0.00813780 0.01706410 0.03662840
v -0.00886750 0.01572240 0.03825730
v -0.00949104 0.01745130 0.03552710
v -0.00666209 0.01273860 0.04144440
v -0.00667405 0.01160290 0.04210540
v -0.00591464 0.01354640 0.04092290
v -0.00393677 0.01116830 0.04251250
v -0.00214946 0.01243180 0.04184000
v -0.00439378 0.01256750 0.04169150
v -0.00314883 0.01371260 0.04076160
v -0.00598322 0.01250370 0.04194090
v -0.00689553 0.01719480 0.03732170
v -0.00586001 0.01658980 0.03806030
v -0.00673981 0.01780110 0.03623250
v -0.00398972 0.01821920 0.03609790
v -0.00468927 0.01724460 0.03752550
v -0.00597811 0.01741800 0.03705480
v -0.00296273 0.01633690 0.03838640
v -0.00689950 0.01524830 0.03942470
v -0.00829200 0.01513740 0.03932330
v -0.00456909 0.01516740 0.03963950
v -0.00359039 0.00246797 0.04647760
v -0.00189202 0.00233614 0.04676760
v -0.00096280 0.00546041 0.04606450
v -0.00244982 0.00415906 0.04609330
v -0.00404857 0.00369206 0.04601420
v 0.00035692 0.00203502 0.04693880
v 0.00164613 0.00514234 0.04616820
v -0.00002241 0.00378154 0.04665570
v -0.00180688 0.00726005 0.04503830
v -0.00056222 0.00983991 0.04328000
v -0.00257065 0.00884427 0.04400210
v 0.00091325 0.00699992 0.04526410
v 0.00169505 0.00976822 0.04314620
v -0.00006393 0.00865200 0.04434850
v 0.00272872 0.00187455 0.04705130
v 0.00395444 0.00493263 0.04610530
v 0.00235409 0.00362357 0.04672510
v 0.00464113 0.00174060 0.04674690
v 0.00604353 0.00348963 0.04628300
v 0.00404561 0.00325898 0.04652790
v 0.00567009 0.00480497 0.04581510
v 0.00325888 0.00662544 0.04531880
v 0.00359930 0.00946178 0.04296700
v 0.00230070 0.00835701 0.04428210
v 0.00496204 0.00647069 0.04504260
v 0.00610148 0.00776603 0.04354170
v 0.00435582 0.00821257 0.04387670
v 0.00517540 0.00925069 0.04247430
v -0.00016946 0.01214400 0.04170090
v -0.00156683 0.01101360 0.04248700
v -0.00107928 0.01358950 0.04061990
v 0.00199906 0.01205580 0.04127510
v 0.00031968 0.01119280 0.04237700
v 0.00065265 0.01346240 0.04055570
v -0.00147799 0.01802600 0.03604080
v -0.00226773 0.01723580 0.03734900
v -0.00092282 0.01598800 0.03827040
v 0.00077082 0.01794050 0.03578840
v 0.00207786 0.01676160 0.03689840
v 0.00104466 0.01588710 0.03815260
v 0.00025468 0.01718410 0.03718890
v -0.00219029 0.01504690 0.03978000
v 0.00183237 0.01461490 0.03928810
v 0.00011748 0.01480150 0.03941270
v 0.00368081 0.01192200 0.04079320
v 0.00231792 0.01093540 0.04204750
v 0.00409350 0.01416310 0.03895340
v 0.00235169 0.01343910 0.04020500
v 0.00627955 0.00995610 0.04125920
v 0.00436744 0.01065090 0.04159370
v 0.00547554 0.01149750 0.04046190
v 0.00639431 0.01254900 0.03927480
v 0.00445490 0.01295080 0.03978290
v 0.00550656 0.01401060 0.03848560
v 0.00407872 0.01655240 0.03658010
v 0.00271735 0.01568810 0.03807320
v 0.00260489 0.01774200 0.03576170
v 0.00548436 0.01611500 0.03636670
v 0.00434517 0.01534560 0.03771990
v 0.00451851 0.01750150 0.03521490
v 0.01107390 0.00362070 0.04148850
v 0.01034950 0.00278831 0.04301340
v 0.00985430 0.00457529 0.04276730
v 0.01053900 0.00557048 0.04117000
v 0.00847403 0.00798079 0.04149860
v 0.00769878 0.00729044 0.04290160
v 0.00690533 0.00870519 0.04197010
v 0.00790058 0.00957380 0.04063110
v 0.00922968 0.00629158 0.04209670
v 0.00993580 0.00718844 0.04050800
v 0.00936766 0.00888420 0.03990060
v 0.01389900 0.00193860 0.03801400
v 0.01470910 0.00359540 0.03684200
v 0.01280170 0.00354440 0.03918260
v 0.01359910 0.00406718 0.03790870
v 0.01427550 0.00548987 0.03654790
v 0.01231990 0.00557636 0.03883550
v 0.01209150 0.00212601 0.04017240
v 0.01135790 0.00157932 0.04170490
v 0.01166310 0.00399427 0.04013190
v 0.01323020 0.00610872 0.03765310
v 0.01397580 0.00692351 0.03617870
v 0.01199630 0.00733821 0.03820410
v 0.01389680 0.00859565 0.03554830
v 0.01314480 0.00844011 0.03713040
v 0.01258560 0.00995609 0.03644190
v 0.01163960 0.00901589 0.03787390
v 0.01121670 0.00603138 0.03978410
v 0.01092000 0.00833798 0.03922980
v 0.01048550 0.00993288 0.03849790
v 0.00628846 0.00161710 0.04638420
v 0.00779048 0.00282428 0.04554650
v 0.00724159 0.00463349 0.04522460
v 0.00938773 0.00174153 0.04454400
v 0.00901337 0.00400179 0.04426580
v 0.00671831 0.00638507 0.04441580
v 0.00848613 0.00572419 0.04366900
v 0.00716277 0.01340560 0.03816770
v 0.00819104 0.01195790 0.03876380
v 0.01077020 0.01213790 0.03705760
v 0.00968768 0.01140980 0.03831690
v 0.00903469 0.01268270 0.03767830
v 0.00977410 0.01358400 0.03630070
v 0.00827330 0.01413960 0.03678750
v 0.00708011 0.01111430 0.03998140
v 0.00889472 0.01040040 0.03943560
v 0.00718962 0.01570240 0.03580370
v 0.00656470 0.01475720 0.03718830
v 0.00894823 0.01490090 0.03543440
v 0.01146570 0.01073620 0.03746550
v 0.01211170 0.01156160 0.03612000
v 0.01156690 0.01290040 0.03563280
v 0.01357590 0.01075900 0.03542450
v 0.01582730 0.00191971 0.03563890
v 0.01549410 0.00404304 0.03537880
v 0.01550360 0.00604311 0.03499490
v 0.02527340 0.00287612 0.01325510
v 0.02623590 0.00384550 0.01385610
v 0.02594700 0.00500727 0.01396450
v 0.02436600 0.00486592 0.01308250
v 0.02717190 0.00278759 0.01418070
v 0.02574290 0.00167812 0.01342490
v 0.02558750 0.00710183 0.01438550
v 0.02402940 0.00689185 0.01364050
v 0.02472650 0.00887902 0.01476030
v 0.02359190 0.00812625 0.01360330
v 0.02765870 0.00497775 0.01469250
v 0.02882610 0.00213940 0.02304170
v 0.02877990 0.00336671 0.02278480
v 0.02866690 0.00364785 0.02298770
v 0.02915780 0.00387839 0.02292460
v 0.02720580 0.00699582 0.01509150
v 0.02714490 0.00902424 0.01620370
v 0.02955730 0.00247478 0.01512010
v 0.02921120 0.00472459 0.01533200
v 0.03222420 0.00247678 0.01666400
v 0.03111850 0.00250742 0.01591010
v 0.03192110 0.00467379 0.01782550
v 0.03064730 0.00482921 0.01628110
v 0.02966580 0.00268623 0.02253750
v 0.02976840 0.00503842 0.02255320
v 0.03101120 0.00194038 0.02243460
v 0.03227610 0.00355341 0.02092700
v 0.03088520 0.00402034 0.02190550
v 0.03184950 0.00501605 0.02025830
v 0.02923460 0.00702417 0.01636080
v 0.03022790 0.00780365 0.01860820
v 0.02882640 0.00870318 0.01734930
v 0.02823190 0.00814931 0.01609480
v 0.02803210 0.01017630 0.01839770
v 0.03037420 0.00780833 0.02074820
v 0.02928380 0.00965792 0.01975600
v 0.02852520 0.01068190 0.01984090
v 0.03084070 0.00630321 0.01735840
v 0.03025380 0.00583556 0.01620310
v 0.03115770 0.00660051 0.01933540
v 0.02981810 0.00458365 0.02348180
v 0.03066070 0.00692759 0.02363320
v 0.03035350 0.00759431 0.02223600
v 0.03002940 0.00943444 0.02231390
v 0.03058920 0.00920440 0.02458940
v 0.03096820 0.00612372 0.02152970
v 0.02438630 0.00265933 0.03231670
v 0.02446510 0.00489436 0.03196640
v 0.02658430 0.00252295 0.03282470
v 0.02637420 0.00515464 0.03223810
v 0.02488450 0.00932483 0.02976830
v 0.02498720 0.00807247 0.03047550
v 0.02699430 0.00884083 0.02982950
v 0.02626190 0.00815745 0.03056270
v 0.02410120 0.00665104 0.03134320
v 0.02601460 0.00697220 0.03109540
v 0.02986680 0.00120902 0.02435390
v 0.03011380 0.00202345 0.02432590
v 0.03265520 0.00249598 0.02774790
v 0.03137040 0.00255746 0.02585210
v 0.03142650 0.00314951 0.02541530
v 0.03211270 0.00482105 0.02661800
v 0.03126380 0.00447012 0.02492910
v 0.03257840 0.00456645 0.02911400
v 0.02805950 0.00348945 0.03302890
v 0.02843610 0.00240927 0.03316700
v 0.02674910 0.00123840 0.03310300
v 0.02877170 0.00478289 0.03246850
v 0.03090250 0.00150761 0.03338290
v 0.03216480 0.00319048 0.03219170
v 0.03043870 0.00357002 0.03292490
v 0.03154120 0.00460172 0.03184880
v 0.02890980 0.00352585 0.03348030
v 0.03206720 0.00666965 0.02671350
v 0.03140310 0.00653046 0.02466100
v 0.03205230 0.00666763 0.02890190
v 0.03141900 0.00861429 0.02559550
v 0.03141830 0.00798676 0.02437170
v 0.03044850 0.00951270 0.02731930
v 0.03133370 0.00834395 0.02799810
v 0.02945380 0.00917841 0.02931290
v 0.03031840 0.00795903 0.03027810
v 0.02855730 0.00676656 0.03172310
v 0.02815800 0.00821390 0.03062910
v 0.02680010 0.00831205 0.03049560
v 0.03087050 0.00646080 0.03099810
v 0.02507910 0.01041030 0.01591490
v 0.02510950 0.01198170 0.01787240
v 0.02621460 0.01278880 0.01966030
v 0.02501220 0.01316220 0.01959720
v 0.02421670 0.01252670 0.01767270
v 0.02668910 0.01070790 0.01741680
v 0.02590190 0.01003870 0.01603880
v 0.02737640 0.01163560 0.01981620
v 0.02518030 0.01405720 0.02229350
v 0.02490350 0.01372110 0.02437120
v 0.02811200 0.01235320 0.02319730
v 0.02656640 0.01331370 0.02168100
v 0.02618880 0.01301550 0.02044090
v 0.02800530 0.01216010 0.02506190
v 0.02648090 0.01335100 0.02381850
v 0.02623170 0.01253500 0.02580830
v 0.02899660 0.01106310 0.02168920
v 0.02866490 0.01064270 0.02036880
v 0.02931950 0.01113030 0.02377030
v 0.02556720 0.01171400 0.02734960
v 0.02435000 0.01071590 0.02866570
v 0.02439080 0.01311640 0.02608520
v 0.02747040 0.01155760 0.02706760
v 0.02650670 0.01057970 0.02860700
v 0.02917870 0.01098820 0.02601690
v 0.02856110 0.01042950 0.02813720
v 0.03319530 0.00189213 0.01966760
v 0.03302510 0.00246266 0.01763590
v 0.03279510 0.00371910 0.01911350
v 0.03275280 0.00382339 0.01764810
v 0.03326440 0.00157846 0.03083810
v 0.03345750 0.00242190 0.02905940
v 0.03304760 0.00358186 0.03046520
v 0.03310310 0.00370286 0.02915710
vn -0.73054439 -0.49844942 -0.46674734
vn -0.74617643 -0.44445656 -0.49566026
vn -0.76592734 -0.47339506 -0.43503151
vn -0.74782254 -0.52374142 -0.40799066
vn -0.70508236 -0.55128770 -0.44602774
vn -0.67969490 -0.53193612 -0.50503347
vn -0.69968548 -0.47597180 -0.53281429
vn -0.81754772 -0.32182593 -0.47753931
vn -0.82964010 -0.26149627 -0.49327174
vn -0.85653769 -0.28135720 -0.43264455
vn -0.84477125 -0.34221411 -0.41140131
vn -0.79224314 -0.40339659 -0.45784495
vn -0.77086324 -0.36031565 -0.52530230
vn -0.78455847 -0.30398761 -0.54042533
vn -0.72526686 -0.40802162 -0.55453254
vn -0.73909976 -0.33385161 -0.58504243
vn -0.67022909 -0.43389415 -0.60210367
vn -0.68742865 -0.37208466 -0.62369452
vn -0.75394638 -0.28201924 -0.59332117
vn -0.70162235 -0.30661882 -0.64320368
vn -0.70944217 -0.25942988 -0.65527700
vn -0.71669498 -0.18747021 -0.67171662
vn -0.75300467 -0.22497131 -0.61836226
vn -0.64943558 -0.27318762 -0.70964917
vn -0.65967668 -0.21214502 -0.72098625
vn -0.71260212 -0.12433119 -0.69046359
vn -0.75994321 -0.16817094 -0.62785735
vn -0.65859176 -0.14599980 -0.73820116
vn -0.84024116 -0.19714510 -0.50510257
vn -0.86868609 -0.21714019 -0.44523547
vn -0.79162259 -0.25337538 -0.55599873
vn -0.80889285 -0.19023436 -0.55633016
vn -0.81158196 -0.11515485 -0.57277751
vn -0.85420499 -0.13837612 -0.50118448
vn -0.87705315 -0.16634463 -0.45067421
vn -0.71974731 -0.05647986 -0.69193484
vn -0.76304698 -0.10016610 -0.63853430
vn -0.66046997 -0.09708098 -0.74455000
vn -0.72208632 0.01787370 -0.69157203
vn -0.77063735 -0.02957615 -0.63658725
vn -0.66045443 -0.03320746 -0.75013146
vn -0.82138133 -0.04545648 -0.56856523
vn -0.86236640 -0.06627491 -0.50192811
vn -0.88615920 -0.08530594 -0.45546105
vn -0.82727912 0.03441912 -0.56073575
vn -0.86316826 0.00666402 -0.50487241
vn -0.89984797 -0.01600481 -0.43590994
vn -0.88433988 -0.32852798 -0.33168109
vn -0.90014040 -0.26829560 -0.34316866
vn -0.90551859 -0.29204861 -0.30780463
vn -0.89317631 -0.34044381 -0.29382663
vn -0.86401084 -0.38175922 -0.32824559
vn -0.85572386 -0.37196935 -0.35968804
vn -0.87066972 -0.31882554 -0.37454576
vn -0.87072502 -0.44014064 -0.21934939
vn -0.89765911 -0.36008354 -0.25406291
vn -0.89509136 -0.39528494 -0.20630386
vn -0.86590162 -0.47629114 -0.15284349
vn -0.82780417 -0.52970012 -0.18481896
vn -0.83659739 -0.49524007 -0.23418385
vn -0.86747566 -0.41956826 -0.26729844
vn -0.91068344 -0.30520437 -0.27839894
vn -0.91329160 -0.32605596 -0.24410236
vn -0.79804785 -0.51410438 -0.31435064
vn -0.83137249 -0.44087825 -0.33829891
vn -0.83533454 -0.46854277 -0.28754803
vn -0.80348985 -0.54100990 -0.24841969
vn -0.77096152 -0.57375525 -0.27644755
vn -0.76577611 -0.54536974 -0.34082078
vn -0.78607760 -0.48897558 -0.37813341
vn -0.74144406 -0.60293036 -0.29450922
vn -0.74033151 -0.64065298 -0.20364927
vn -0.71564236 -0.65469991 -0.24335989
vn -0.70759383 -0.62474327 -0.33016180
vn -0.73143250 -0.56893188 -0.37592954
vn -0.79158339 -0.58282607 -0.18360150
vn -0.76859557 -0.60373847 -0.21156726
vn -0.77655260 -0.62311666 -0.09322921
vn -0.74481015 -0.65763482 -0.11302338
vn -0.72145672 -0.68329497 -0.11228618
vn -0.70008166 -0.69520688 -0.16301249
vn -0.70299447 -0.71069145 -0.02676645
vn -0.68942176 -0.72279665 -0.04756718
vn -0.82519045 -0.41256144 -0.38581574
vn -0.90538811 -0.40049036 -0.14099592
vn -0.93684355 -0.30416396 -0.17265125
vn -0.93344580 -0.33212531 -0.13554229
vn -0.88727396 -0.45133768 -0.09507482
vn -0.85810995 -0.50606008 -0.08689365
vn -0.88571380 -0.44137323 -0.14387750
vn -0.91028234 -0.36358336 -0.19797276
vn -0.84262777 -0.53413364 -0.06840837
vn -0.81300007 -0.57608660 -0.08458784
vn -0.80501348 -0.59266897 -0.02639675
vn -0.77704469 -0.62937832 -0.00919125
vn -0.93044533 -0.35561277 -0.08838008
vn -0.87591361 -0.48063558 -0.04200932
vn -0.82606402 -0.56192520 -0.04310798
vn -0.91694985 -0.39790158 -0.02961948
vn -0.85877212 -0.51214574 0.01473731
vn -0.80436068 -0.59407782 0.00868514
vn -0.75986560 -0.64941598 0.02937956
vn -0.73797665 -0.67392250 0.03491315
vn -0.71735720 -0.69169057 0.08344338
vn -0.68744812 -0.71876174 0.10390683
vn -0.75364970 -0.65720709 -0.00953755
vn -0.71165029 -0.70204620 -0.02617253
vn -0.71409992 -0.69753827 0.05917487
vn -0.68951053 -0.72191362 0.05844615
vn -0.65554029 -0.75258253 0.06234155
vn -0.64666979 -0.76155034 0.04311909
vn -0.58575771 -0.79497967 0.15778222
vn -0.59073866 -0.79063128 0.16102797
vn -0.66531376 -0.73763443 0.11512183
vn -0.63492131 -0.76158774 0.12984236
vn -0.59896673 -0.77801960 0.18953722
vn -0.56919131 -0.79764027 0.19947743
vn -0.52795697 -0.82230685 0.21230374
vn -0.52728219 -0.81382383 0.24426270
vn -0.49110812 -0.83398019 0.25157477
vn -0.45022615 -0.84684939 0.28309454
vn -0.91467447 -0.19570568 -0.35365223
vn -0.92342531 -0.21747494 -0.31621250
vn -0.88149034 -0.24182118 -0.40558265
vn -0.89694925 -0.17706036 -0.40513167
vn -0.90978973 -0.10347031 -0.40196585
vn -0.92397500 -0.12048490 -0.36297877
vn -0.93866632 -0.12916886 -0.31972010
vn -0.95110448 -0.16696214 -0.25985362
vn -0.96068680 -0.09039840 -0.26250525
vn -0.96311021 -0.10992860 -0.24563066
vn -0.95365833 -0.18259947 -0.23915104
vn -0.92959745 -0.26146638 -0.25977666
vn -0.92814897 -0.23071513 -0.29207880
vn -0.94360844 -0.15064315 -0.29480462
vn -0.91835318 -0.03572799 -0.39414584
vn -0.93254983 -0.05138530 -0.35736588
vn -0.94247674 -0.05622478 -0.32950930
vn -0.91551709 0.03901088 -0.40038308
vn -0.93185019 0.01549153 -0.36251239
vn -0.94069490 0.01063833 -0.33908690
vn -0.96963093 -0.02651894 -0.24313086
vn -0.96864520 -0.04104315 -0.24503457
vn -0.95321330 -0.08046319 -0.29139333
vn -0.97502101 0.03334953 -0.21959473
vn -0.96903466 0.02008436 -0.24610658
vn -0.96163047 -0.01824597 -0.27374062
vn -0.93744436 -0.27255969 -0.21658554
vn -0.95747006 -0.21381087 -0.19374209
vn -0.96195778 -0.22652577 -0.15271967
vn -0.96963761 -0.12699483 -0.20898616
vn -0.97654276 -0.12958487 -0.17196511
vn -0.96180812 -0.24650415 -0.11899938
vn -0.95436990 -0.28957774 -0.07295768
vn -0.97801339 -0.14819429 -0.14672509
vn -0.97525826 -0.19098546 -0.11133680
vn -0.97147304 -0.04624362 -0.23259764
vn -0.98102432 -0.06075987 -0.18411824
vn -0.96849822 0.02680985 -0.24757308
vn -0.97912656 0.00912263 -0.20304668
vn -0.98635841 -0.06125326 -0.15279110
vn -0.98785314 -0.07793495 -0.13443329
vn -0.98864496 0.00981334 -0.14994944
vn -0.99289284 -0.00904997 -0.11866722
vn -0.98738667 -0.12518201 -0.09693823
vn -0.99441640 -0.01570588 -0.10435206
vn -0.99667893 -0.04417005 -0.06841133
vn -0.98701996 -0.15039800 -0.05632093
vn -0.97039709 -0.23238295 -0.06578483
vn -0.99749766 -0.06071115 -0.03622946
vn -0.98557285 -0.16816410 -0.01915696
vn -0.96341521 -0.26628758 -0.03036527
vn -0.99527048 0.02908502 -0.09268617
vn -0.99712360 0.01659714 -0.07395316
vn -0.99867270 0.01288180 -0.04986886
vn -0.99734645 -0.07280092 -0.00030623
vn -0.98304459 -0.18263315 0.01638516
vn -0.95509756 -0.29618360 0.00799501
vn -0.99509231 -0.09550576 0.02588332
vn -0.98038364 -0.19334281 0.03829453
vn -0.94938867 -0.31239692 0.03270036
vn -0.99998389 0.00449186 0.00347014
vn -0.99967817 0.00177823 0.02530585
vn -0.99506644 -0.08946760 0.04287578
vn -0.97952255 -0.19500430 0.05008879
vn -0.94329138 -0.32668494 0.05897732
vn -0.99491843 -0.08602422 0.05231778
vn -0.97592719 -0.20297420 0.07979723
vn -0.92803955 -0.35906320 0.09907681
vn -0.99975027 0.01234952 0.01862492
vn -0.99927951 0.00165467 0.03791725
vn -0.97311944 -0.22046211 0.06659591
vn -0.99185596 -0.09108385 0.08902525
vn -0.95173689 -0.27236187 0.14147760
vn -0.92415847 -0.35296204 0.14611269
vn -0.99741785 0.01488478 0.07025718
vn -0.98612958 -0.06322640 0.15346292
vn -0.98778948 0.02183230 0.15425721
vn -0.97558954 -0.00006347 0.21960200
vn -0.95750241 -0.19516631 0.21236585
vn -0.89796012 -0.43956055 0.02131050
vn -0.82954883 -0.55382355 0.07161150
vn -0.77698935 -0.62574496 0.06878070
vn -0.87862464 -0.47446246 0.05388988
vn -0.78092890 -0.61214729 0.12420044
vn -0.72842193 -0.67118321 0.13753030
vn -0.65809895 -0.73475916 0.16442247
vn -0.63216838 -0.75732322 0.16378242
vn -0.60909913 -0.76949580 0.19202725
vn -0.55883633 -0.79006779 0.25198183
vn -0.85205336 -0.51639167 0.08570126
vn -0.74007461 -0.65910798 0.13366468
vn -0.67086528 -0.71581553 0.19377279
vn -0.69927926 -0.68756029 0.19562555
vn -0.80926093 -0.57370463 0.12633189
vn -0.67802219 -0.67860012 0.28246731
vn -0.60878810 -0.76448902 0.21197543
vn -0.57390893 -0.77833440 0.25460579
vn -0.56985917 -0.76689329 0.29518675
vn -0.49025202 -0.83207229 0.25943913
vn -0.54354652 -0.80149154 0.24933610
vn -0.54581351 -0.80340970 0.23795054
vn -0.50773277 -0.81794104 0.27051781
vn -0.48242678 -0.84151289 0.24314700
vn -0.52345140 -0.78260745 0.33693354
vn -0.43737343 -0.84826502 0.29858155
vn -0.41198120 -0.88070653 0.23372529
vn -0.50143072 -0.77776660 0.37900706
vn -0.39535711 -0.86864965 0.29856413
vn -0.42412412 -0.83809105 0.34310658
vn -0.33954392 -0.90499482 0.25630900
vn -0.46238911 -0.82303783 0.32985609
vn -0.42563647 -0.79768296 0.42724172
vn -0.33050901 -0.87231522 0.36031922
vn -0.43127906 -0.86081969 0.27016263
vn -0.37877997 -0.86776942 0.32171721
vn -0.35424918 -0.85118835 0.38728015
vn -0.65858395 -0.72687450 0.19473221
vn -0.52889680 -0.81286793 0.24395471
vn -0.48049071 -0.82682807 0.29237651
vn -0.42311749 -0.87345947 0.24091523
vn -0.58489809 -0.77261552 0.24689973
vn -0.50146883 -0.80773256 0.30999536
vn -0.37696635 -0.87568622 0.30177810
vn -0.26383119 -0.94152412 0.20958397
vn -0.43138201 -0.81010050 0.39704752
vn -0.30023433 -0.89202812 0.33785378
vn -0.31143901 -0.87745567 0.36479761
vn -0.28016485 -0.87839848 0.38719990
vn -0.27309937 -0.88104231 0.38623980
vn -0.20875539 -0.87094411 0.44483429
vn -0.21641993 -0.88697743 0.40796256
vn -0.43527433 -0.84701289 0.30513182
vn -0.34714296 -0.87638766 0.33382097
vn -0.24072966 -0.90193015 0.35856830
vn -0.31239749 -0.85984962 0.40381485
vn -0.37565562 -0.85587683 0.35546830
vn -0.20997121 -0.88292203 0.41995331
vn -0.18940906 -0.90288924 0.38589536
vn -0.12583504 -0.89829134 0.42099669
vn -0.00787457 -0.88552589 0.46452330
vn -0.06854400 -0.89901842 0.43251312
vn -0.94126350 -0.33682263 -0.02394866
vn -0.92553010 -0.37794702 0.02345413
vn -0.91295732 -0.40596511 0.04124639
vn -0.89415930 -0.44203141 0.07132584
vn -0.88376359 -0.46082063 0.08127889
vn -0.75909967 -0.63025734 0.16292137
vn -0.86333235 -0.48772099 0.12955885
vn -0.69992779 -0.68838149 0.19034709
vn -0.83609252 -0.51696497 0.18356610
vn -0.65396176 -0.71386608 0.25045804
vn -0.51325767 -0.81424330 0.27124603
vn -0.60979533 -0.75390438 0.24449508
vn -0.75092347 -0.59797565 0.28024822
vn -0.63692573 -0.72651729 0.25787255
vn -0.46022537 -0.83809540 0.29289710
vn -0.89764335 -0.38700872 0.21085699
vn -0.62387917 -0.60764220 -0.49147303
vn -0.62469425 -0.58422141 -0.51811431
vn -0.65332158 -0.60928678 -0.44937794
vn -0.66165611 -0.62945660 -0.40742556
vn -0.64498456 -0.61012274 -0.46015776
vn -0.60156915 -0.59220584 -0.53610334
vn -0.58769208 -0.58723983 -0.55656751
vn -0.54677040 -0.64268282 -0.53665718
vn -0.56999770 -0.59210246 -0.56966420
vn -0.61756039 -0.62012585 -0.48380067
vn -0.58463429 -0.69412211 -0.41999673
vn -0.49996883 -0.73166578 -0.46335338
vn -0.48459976 -0.67535044 -0.55593602
vn -0.51179196 -0.60507033 -0.60988431
vn -0.47217274 -0.54290393 -0.69448414
vn -0.47289896 -0.52545139 -0.70729584
vn -0.51129938 -0.55004631 -0.66031962
vn -0.51791987 -0.56035221 -0.64634698
vn -0.48391114 -0.54983139 -0.68081969
vn -0.44753735 -0.53142792 -0.71923201
vn -0.43677260 -0.51734094 -0.73592665
vn -0.61830656 -0.59196971 -0.51698052
vn -0.66086998 -0.61722963 -0.42694080
vn -0.56807926 -0.57491908 -0.58885822
vn -0.55660378 -0.57601398 -0.59866528
vn -0.54416503 -0.55648649 -0.62785922
vn -0.52514762 -0.57171382 -0.63036758
vn -0.48492374 -0.57162684 -0.66188498
vn -0.34419104 -0.85015325 -0.39846202
vn -0.37155332 -0.80170099 -0.46821327
vn -0.37057451 -0.84157288 -0.39297535
vn -0.32572450 -0.88730461 -0.32648750
vn -0.32520782 -0.88130528 -0.34284236
vn -0.31609367 -0.86680507 -0.38566016
vn -0.35208040 -0.81111231 -0.46705055
vn -0.29503202 -0.88617003 -0.35729371
vn -0.29260501 -0.87831736 -0.37807528
vn -0.33682829 -0.82521578 -0.45339345
vn -0.32693166 -0.37694452 -0.86661901
vn -0.29694325 -0.34264761 -0.89130092
vn -0.35718630 -0.40259983 -0.84281156
vn -0.37159135 -0.45122407 -0.81136718
vn -0.35080925 -0.43514921 -0.82920326
vn -0.30097909 -0.34898306 -0.88748094
vn -0.28841492 -0.32306732 -0.90135694
vn -0.43443104 -0.57986877 -0.68921831
vn -0.44701552 -0.53851790 -0.71426577
vn -0.45884569 -0.57635269 -0.67622349
vn -0.44321886 -0.63703108 -0.63067300
vn -0.41456678 -0.65466125 -0.63210207
vn -0.42064877 -0.59916659 -0.68121510
vn -0.42194464 -0.54510744 -0.72444503
vn -0.43875298 -0.76514242 -0.47122490
vn -0.44003332 -0.81753745 -0.37148781
vn -0.40704726 -0.82747703 -0.38677421
vn -0.41363261 -0.78776846 -0.45643063
vn -0.44896129 -0.69546795 -0.56103306
vn -0.47580142 -0.61991030 -0.62395851
vn -0.41346541 -0.72504741 -0.55077455
vn -0.37939441 -0.74257430 -0.55194500
vn -0.45795909 -0.54047863 -0.70580190
vn -0.43960122 -0.51346666 -0.73695505
vn -0.41577557 -0.49556556 -0.76259127
vn -0.42508804 -0.50902444 -0.74846128
vn -0.40770606 -0.45852337 -0.78964048
vn -0.38731756 -0.45030257 -0.80449531
vn -0.38964455 -0.45583135 -0.80024678
vn -0.36631034 -0.43006790 -0.82514141
vn -0.39548094 -0.67807641 -0.61952175
vn -0.39072585 -0.61393545 -0.68586921
vn -0.40662633 -0.54526133 -0.73303827
vn -0.37377487 -0.70641062 -0.60106271
vn -0.36204689 -0.76948855 -0.52612682
vn -0.34866414 -0.78092804 -0.51825159
vn -0.35994169 -0.71466448 -0.59974716
vn -0.37100599 -0.63129839 -0.68104104
vn -0.38287656 -0.55031075 -0.74199974
vn -0.38398530 -0.50219399 -0.77482675
vn -0.36913913 -0.56431404 -0.73843481
vn -0.36537209 -0.49523158 -0.78819345
vn -0.39699821 -0.50419900 -0.76692620
vn -0.35663614 -0.25816549 -0.89786483
vn -0.35569022 -0.18349361 -0.91641397
vn -0.44586651 -0.27565588 -0.85159667
vn -0.43205902 -0.34409387 -0.83362126
vn -0.38011754 -0.35078676 -0.85583836
vn -0.29725123 -0.25269171 -0.92075437
vn -0.27376820 -0.17880051 -0.94502982
vn -0.55665656 -0.48609354 -0.67368134
vn -0.57181456 -0.42751038 -0.70018782
vn -0.61087792 -0.46857547 -0.63817333
vn -0.59513225 -0.51513614 -0.61680821
vn -0.54811215 -0.52773759 -0.64889607
vn -0.51307978 -0.49326517 -0.70245185
vn -0.51622628 -0.45592289 -0.72501362
vn -0.66593611 -0.57035878 -0.48085337
vn -0.69140524 -0.59488432 -0.40996518
vn -0.63515811 -0.54605513 -0.54625815
vn -0.64811085 -0.50375764 -0.57112220
vn -0.58806369 -0.55975655 -0.58382678
vn -0.62793121 -0.39653551 -0.66967304
vn -0.64715140 -0.32716038 -0.68859360
vn -0.58904711 -0.35355250 -0.72665269
vn -0.58970842 -0.30044030 -0.74965299
vn -0.52509305 -0.37995416 -0.76151962
vn -0.52544494 -0.31055217 -0.79212686
vn -0.53614082 -0.22208438 -0.81439029
vn -0.48275839 -0.32827769 -0.81189784
vn -0.48741097 -0.24991939 -0.83664260
vn -0.50826330 -0.53021563 -0.67863083
vn -0.47427366 -0.50097483 -0.72393972
vn -0.47233434 -0.45583032 -0.75439976
vn -0.47157575 -0.39551747 -0.78815115
vn -0.42121565 -0.45470798 -0.78474074
vn -0.42458955 -0.40913536 -0.80767071
vn -0.42706601 -0.48852930 -0.76089010
vn -0.38673294 -0.46182342 -0.79822100
vn -0.38591678 -0.44828591 -0.80629274
vn -0.38309805 -0.40946999 -0.82799167
vn -0.43224485 -0.18652578 -0.88225423
vn -0.42713561 -0.13521047 -0.89402086
vn -0.47322949 -0.19372853 -0.85937367
vn -0.34858225 -0.13253072 -0.92786099
vn -0.40033560 -0.08883093 -0.91205289
vn -0.47798381 -0.13114396 -0.86852331
vn -0.32928420 -0.08962026 -0.93996815
vn -0.27247765 -0.12188042 -0.95441138
vn -0.28407631 -0.06986854 -0.95625260
vn -0.39271255 -0.03580458 -0.91896403
vn -0.46431534 -0.07836309 -0.88219640
vn -0.32203811 -0.04863897 -0.94547644
vn -0.38891448 0.02757621 -0.92086105
vn -0.45888177 -0.02013255 -0.88826922
vn -0.32776513 0.00898236 -0.94471654
vn -0.26047705 -0.03139611 -0.96496943
vn -0.24886179 0.00564851 -0.96852254
vn -0.59374989 -0.22727912 -0.77188424
vn -0.57899094 -0.16712264 -0.79802225
vn -0.58251680 -0.10190941 -0.80640477
vn -0.51229041 -0.16336433 -0.84313144
vn -0.50624745 -0.11415434 -0.85479957
vn -0.57209103 -0.04318179 -0.81905261
vn -0.50642241 -0.06123182 -0.86010872
vn -0.57277142 0.01954906 -0.81948199
vn -0.51462673 -0.00653077 -0.85738946
vn -0.30467323 -0.35701279 -0.88301534
vn -0.27144426 -0.30315668 -0.91346267
vn -0.34685716 -0.41346533 -0.84186492
vn -0.36193496 -0.43262707 -0.82573416
vn -0.35322630 -0.41126053 -0.84029516
vn -0.26673646 -0.33477508 -0.90375733
vn -0.24767732 -0.28042607 -0.92737110
vn -0.31571360 -0.32309573 -0.89215137
vn -0.24821127 -0.23334135 -0.94018242
vn -0.23258074 -0.15601523 -0.95998201
vn -0.22850798 -0.22765909 -0.94654923
vn -0.21578234 -0.15040678 -0.96478795
vn -0.30799128 -0.37803690 -0.87305754
vn -0.26765552 -0.30599901 -0.91363293
vn -0.23012258 -0.26189049 -0.93726035
vn -0.27142377 -0.28020429 -0.92076853
vn -0.23397404 -0.24432777 -0.94104202
vn -0.20199625 -0.21319049 -0.95590132
vn -0.18047691 -0.15899003 -0.97064425
vn -0.19456872 -0.19054983 -0.96220257
vn -0.14186264 -0.11370811 -0.98333385
vn -0.11989732 -0.08210776 -0.98938514
vn -0.12493101 -0.09928559 -0.98718520
vn -0.10470282 -0.06650763 -0.99227721
vn -0.21700333 -0.11919132 -0.96886685
vn -0.20168272 -0.07004891 -0.97694280
vn -0.18288284 -0.11313367 -0.97660363
vn -0.16120242 -0.05634792 -0.98531147
vn -0.18706822 -0.02068390 -0.98212915
vn -0.16665478 0.00217067 -0.98601292
vn -0.13611450 -0.00243501 -0.99069012
vn -0.12002107 0.01851082 -0.99259876
vn -0.13242265 -0.00756462 -0.99116448
vn -0.13796164 0.02071844 -0.99022085
vn -0.10712601 -0.02157052 -0.99401143
vn -0.11737583 0.00408529 -0.99307916
vn -0.13476710 -0.09558454 -0.98625627
vn -0.12838428 -0.05592550 -0.99014636
vn -0.11047768 -0.07072363 -0.99135909
vn -0.11131084 -0.02627857 -0.99343814
vn -0.07695976 -0.04777769 -0.99588879
vn -0.06457130 -0.02803398 -0.99751924
vn -0.13024202 0.01243529 -0.99140425
vn -0.13771324 0.02501734 -0.99015615
vn -0.07109946 -0.00282749 -0.99746522
vn -0.08933159 0.02401924 -0.99571228
vn -0.27041117 -0.81872639 -0.50652236
vn -0.32349703 -0.72958938 -0.60253548
vn -0.32524058 -0.79269594 -0.51560810
vn -0.25847482 -0.86657308 -0.42689796
vn -0.21513856 -0.87857477 -0.42640564
vn -0.24317345 -0.83256140 -0.49770292
vn -0.28365683 -0.74527184 -0.60341419
vn -0.30657240 -0.85457696 -0.41917965
vn -0.26380485 -0.88836013 -0.37579686
vn -0.28087948 -0.89037558 -0.35824299
vn -0.22921312 -0.89511397 -0.38240335
vn -0.23997480 -0.89578890 -0.37413144
vn -0.21509788 -0.88332857 -0.41648955
vn -0.21672781 -0.85187037 -0.47680807
vn -0.24342563 -0.75459056 -0.60937431
vn -0.21949863 -0.76003993 -0.61168591
vn -0.23242427 -0.65365013 -0.72022251
vn -0.18867536 -0.85616102 -0.48103006
vn -0.18138485 -0.79988195 -0.57209125
vn -0.20222890 -0.67206749 -0.71234034
vn -0.19575214 -0.89000181 -0.41179835
vn -0.21058279 -0.90637743 -0.36624424
vn -0.21766213 -0.91177269 -0.34827253
vn -0.18549800 -0.91612897 -0.35538458
vn -0.18259197 -0.91723251 -0.35404053
vn -0.21201574 -0.89588320 -0.39043900
vn -0.16355697 -0.92402518 -0.34558153
vn -0.16402210 -0.92160113 -0.35177850
vn -0.19103857 -0.90085447 -0.38982750
vn -0.29812309 -0.48499440 -0.82213323
vn -0.27281911 -0.40259840 -0.87377587
vn -0.33806523 -0.48803488 -0.80469488
vn -0.33589845 -0.56503634 -0.75359549
vn -0.29402687 -0.55914665 -0.77517948
vn -0.24329959 -0.46709299 -0.85007614
vn -0.23582992 -0.37856671 -0.89502597
vn -0.31389617 -0.41837320 -0.85231042
vn -0.25191467 -0.35216841 -0.90139692
vn -0.25906361 -0.31262851 -0.91386512
vn -0.21697713 -0.33783531 -0.91585382
vn -0.20853446 -0.30797750 -0.92825817
vn -0.24423301 -0.55236561 -0.79702100
vn -0.20361249 -0.42072527 -0.88404310
vn -0.19692724 -0.35641008 -0.91334086
vn -0.21176368 -0.55412442 -0.80504799
vn -0.14706069 -0.41751327 -0.89669160
vn -0.14403004 -0.33428549 -0.93140140
vn -0.17326068 -0.32415644 -0.93000180
vn -0.16551615 -0.28374013 -0.94450831
vn -0.14164039 -0.29706633 -0.94429317
vn -0.11771770 -0.24824763 -0.96151737
vn -0.08917848 -0.18947824 -0.97782677
vn -0.06174138 -0.21977473 -0.97359492
vn -0.05919122 -0.15810009 -0.98564738
vn -0.35820872 -0.63594624 -0.68356338
vn -0.32325328 -0.64608540 -0.69143400
vn -0.25632441 -0.64994898 -0.71544679
vn -0.15535971 -0.86157273 -0.48327609
vn -0.13725114 -0.80054238 -0.58334726
vn -0.16892206 -0.68561400 -0.70809518
vn -0.17623448 -0.89229316 -0.41563726
vn -0.13938897 -0.85644571 -0.49706284
vn -0.09785665 -0.77587660 -0.62324921
vn -0.11118765 -0.69315927 -0.71215696
vn -0.14223023 -0.89344862 -0.42605180
vn -0.17207606 -0.91426880 -0.36674567
vn -0.15011062 -0.92572934 -0.34711956
vn -0.14589381 -0.92172097 -0.35936812
vn -0.14060570 -0.93071511 -0.33763799
vn -0.12156152 -0.93731767 -0.32658594
vn -0.12455590 -0.92577393 -0.35697124
vn -0.11741162 -0.93552481 -0.33317840
vn -0.12653653 -0.89219888 -0.43355468
vn -0.09800170 -0.92745890 -0.36085406
vn -0.08222638 -0.88356160 -0.46103983
vn -0.10456965 -0.83670726 -0.53757431
vn -0.04998214 -0.74650571 -0.66349907
vn -0.07661221 -0.66658594 -0.74148078
vn -0.05644611 -0.93072245 -0.36134411
vn -0.03793876 -0.87819856 -0.47678921
vn -0.05092360 -0.80564950 -0.59019969
vn -0.00498658 -0.71903267 -0.69495838
vn -0.02189447 -0.66103988 -0.75003127
vn -0.09315694 -0.94150926 -0.32385506
vn -0.10233206 -0.93986547 -0.32585433
vn -0.05386756 -0.94327132 -0.32762403
vn -0.06642238 -0.95017757 -0.30454991
vn -0.16102516 -0.54351026 -0.82381278
vn -0.11830707 -0.55421684 -0.82392180
vn -0.11441093 -0.40305726 -0.90799504
vn -0.08442508 -0.31066679 -0.94676214
vn -0.08582415 -0.53770463 -0.83875381
vn -0.08090692 -0.38434510 -0.91963738
vn -0.06935183 -0.28178649 -0.95696745
vn -0.07866991 -0.25701176 -0.96320091
vn -0.03172792 -0.17877287 -0.98337866
vn -0.01606981 -0.15296761 -0.98810054
vn -0.05693124 -0.19806997 -0.97853315
vn -0.02686464 -0.14126663 -0.98960701
vn -0.01434396 -0.12286670 -0.99231952
vn -0.04413600 -0.52740234 -0.84846849
vn -0.05023549 -0.37264177 -0.92661454
vn -0.04192578 -0.27052819 -0.96179869
vn -0.00089475 -0.52246739 -0.85265880
vn -0.01306340 -0.36375905 -0.93140147
vn 0.00179094 -0.27477758 -0.96150615
vn -0.03589091 -0.17205485 -0.98443333
vn -0.01862234 -0.11537681 -0.99314722
vn -0.00723541 -0.10369112 -0.99458323
vn -0.01756289 -0.15563644 -0.98765826
vn -0.00231327 -0.11942232 -0.99284085
vn -0.01205572 -0.09767653 -0.99514519
vn -0.26177342 -0.27854085 -0.92406151
vn -0.22233316 -0.20271109 -0.95366461
vn -0.16342810 -0.15220798 -0.97474304
vn -0.17855345 -0.17809902 -0.96767732
vn -0.13250138 -0.11963344 -0.98393660
vn -0.19460984 -0.24497420 -0.94979716
vn -0.13737943 -0.21849331 -0.96611985
vn -0.12243409 -0.14218208 -0.98223935
vn -0.08183674 -0.08049612 -0.99338971
vn -0.08618295 -0.07424515 -0.99350901
vn -0.06845247 -0.03384821 -0.99708002
vn -0.05204269 -0.04230608 -0.99774834
vn -0.02772064 -0.02399780 -0.99932761
vn -0.07385749 -0.10133123 -0.99210738
vn -0.04560770 -0.04905968 -0.99775402
vn -0.03178156 -0.09083820 -0.99535840
vn -0.02105051 -0.02924763 -0.99935052
vn -0.02479478 -0.02113857 -0.99946905
vn -0.00335763 -0.00203781 -0.99999229
vn -0.00191414 -0.00061834 -0.99999798
vn 0.00990812 0.01093442 -0.99989113
vn -0.04339014 -0.01959512 -0.99886602
vn -0.02405264 -0.02529996 -0.99939051
vn -0.01554381 -0.00381239 -0.99987192
vn -0.00579681 0.00017556 -0.99998318
vn -0.01314808 -0.01886661 -0.99973555
vn -0.02173584 0.00836094 -0.99972879
vn 0.01004378 -0.00348307 -0.99994349
vn 0.01590101 0.00388545 -0.99986602
vn 0.01010980 0.00833522 -0.99991415
vn 0.01271036 0.00600592 -0.99990118
vn 0.00949901 0.00919500 -0.99991261
vn 0.00600477 0.00417129 -0.99997327
vn 0.01460691 0.00117879 -0.99989262
vn 0.01435973 0.00194514 -0.99989500
vn 0.00471260 0.00131872 -0.99998803
vn 0.00406824 0.00054976 -0.99999157
vn -0.00776971 -0.08008975 -0.99675737
vn -0.00166875 -0.01548772 -0.99987867
vn 0.00819465 -0.07558709 -0.99710553
vn 0.00624972 -0.01637410 -0.99984640
vn 0.00999432 0.01083093 -0.99989140
vn 0.00955039 0.00957107 -0.99990859
vn 0.00619882 0.01189120 -0.99991008
vn 0.00376908 0.00588059 -0.99997561
vn 0.00700748 -0.07087359 -0.99746069
vn 0.00239386 -0.02077524 -0.99978131
vn -0.00150243 -0.05855052 -0.99828332
vn 0.00022281 -0.02341388 -0.99972583
vn 0.00090455 0.01172543 -0.99993085
vn 0.00094493 0.00466784 -0.99998866
vn -0.00007892 0.01190118 -0.99992918
vn 0.00003490 0.00474856 -0.99998872
vn 0.00478355 0.00449382 -0.99997846
vn 0.00192099 0.00162736 -0.99999683
vn 0.00153866 0.00187699 -0.99999705
vn 0.00055579 0.00053305 -0.99999970
vn 0.00073677 0.00057784 -0.99999956
vn 0.00034089 0.00015899 -0.99999993
vn 0.00018754 0.00016480 -0.99999997
vn 0.00006824 0.00004549 -1.00000000
vn 0.00045312 0.00095179 -0.99999944
vn 0.00014775 0.00019322 -0.99999997
vn 0.00007386 0.00075424 -0.99999971
vn 0.00003981 0.00010803 -0.99999999
vn 0.00003980 0.00006256 -1.00000000
vn 0.00002275 0.00002275 -1.00000000
vn 0.00002275 0.00002275 -1.00000000
vn -0.00000000 0.00002275 -1.00000000
vn -0.68087277 -0.63511393 -0.36474999
vn -0.69752217 -0.67135399 -0.25049280
vn -0.68554487 -0.65868651 -0.31009726
vn -0.69157759 -0.70126760 -0.17304389
vn -0.69342763 -0.69271543 -0.19825098
vn -0.68222011 -0.63961476 -0.35421559
vn -0.70742553 -0.67209331 -0.21872289
vn -0.69666694 -0.64799799 -0.30782104
vn -0.69723508 -0.70847626 -0.10919994
vn -0.71358249 -0.67818371 -0.17568972
vn -0.67203170 -0.73873792 -0.05137784
vn -0.67756537 -0.72794625 -0.10487812
vn -0.62931282 -0.77607534 0.04089555
vn -0.64684324 -0.76184861 0.03435857
vn -0.68431213 -0.72898717 0.01716444
vn -0.71105988 -0.70182086 -0.04291077
vn -0.64609026 -0.75188238 0.13130218
vn -0.68850785 -0.71947556 0.09116944
vn -0.65728123 -0.66107925 -0.36187789
vn -0.68368834 -0.69476551 -0.22331849
vn -0.60829468 -0.73980375 -0.28752041
vn -0.69751124 -0.71146211 -0.08543843
vn -0.62372302 -0.76474745 -0.16165068
vn -0.52536628 -0.78154211 -0.33642564
vn -0.54233107 -0.81767798 -0.19307960
vn -0.46313333 -0.84939026 -0.25306856
vn -0.55048359 -0.83197464 -0.06918107
vn -0.47909609 -0.86885853 -0.12470687
vn -0.69204756 -0.71977902 0.05466564
vn -0.63373778 -0.77292521 -0.03103313
vn -0.65772922 -0.72719729 0.19640867
vn -0.64008735 -0.75869107 0.12114473
vn -0.55111843 -0.83165264 0.06798795
vn -0.48333329 -0.87542278 0.00488824
vn -0.55626958 -0.80549121 0.20432342
vn -0.47311213 -0.86357942 0.17434304
vn -0.56649178 -0.81018119 0.15064364
vn -0.60407643 -0.78676704 0.12684361
vn -0.53018640 -0.81545258 0.23224873
vn -0.51776950 -0.81474913 0.26095708
vn -0.57974706 -0.77863850 0.24003217
vn -0.64661684 -0.72922999 0.22385327
vn -0.53176945 -0.80114232 0.27457647
vn -0.54878644 -0.74692323 0.37541861
vn -0.56872017 -0.74329985 0.35222536
vn -0.44971700 -0.85688784 0.25198780
vn -0.50950814 -0.79843162 0.32079340
vn -0.43435002 -0.84549637 0.31060579
vn -0.47427902 -0.79137090 0.38573501
vn -0.44585295 -0.83851086 0.31323262
vn -0.39853535 -0.84689274 0.35205435
vn -0.34775144 -0.86142829 0.37014895
vn -0.62518447 -0.71492085 0.31310153
vn -0.61327789 -0.73827637 0.28078148
vn -0.60532749 -0.71434614 0.35112423
vn -0.59206622 -0.69464057 0.40857322
vn -0.55731180 -0.72545451 0.40388033
vn -0.48617754 -0.84265713 0.23143112
vn -0.59422177 -0.71232725 0.37348410
vn -0.44445155 -0.84357093 0.30141483
vn -0.50991425 -0.76974919 0.38402297
vn -0.48429592 -0.78494648 0.38641491
vn -0.53130522 -0.68365280 0.50033349
vn -0.51670762 -0.64075887 0.56783915
vn -0.44883798 -0.73374245 0.51006517
vn -0.50820949 -0.75631336 0.41196264
vn -0.49076644 -0.70603922 0.51054570
vn -0.37004118 -0.81609547 0.44391182
vn -0.47215062 -0.75676408 0.45208618
vn -0.46601036 -0.70811226 0.53048220
vn -0.44410814 -0.68294925 0.57995541
vn -0.36618081 -0.90149891 -0.23067580
vn -0.41387117 -0.86291504 -0.28997982
vn -0.43618515 -0.88042956 -0.18597396
vn -0.39632117 -0.91331970 -0.09368385
vn -0.36667216 -0.91785827 -0.15194648
vn -0.34673140 -0.90037517 -0.26287236
vn -0.37031118 -0.86920253 -0.32765315
vn -0.44090214 -0.89667046 -0.03984206
vn -0.39828605 -0.91623959 0.04328088
vn -0.39284459 -0.91960150 0.00249057
vn -0.43342692 -0.89444044 0.11007905
vn -0.40516257 -0.89616085 0.18093929
vn -0.38236056 -0.91047706 0.15758149
vn -0.34375438 -0.89080490 -0.29715241
vn -0.35478310 -0.90938738 -0.21712565
vn -0.33113970 -0.91053176 -0.24754475
vn -0.35283784 -0.92965647 -0.10603921
vn -0.31538911 -0.93319374 -0.17227642
vn -0.30020711 -0.91095381 -0.28291137
vn -0.31750362 -0.88947276 -0.32867866
vn -0.39278201 -0.91834075 -0.04870899
vn -0.38954232 -0.91476440 0.10706479
vn -0.35941599 -0.93220286 0.04263765
vn -0.32956393 -0.94412405 0.00416974
vn -0.37774188 -0.90579833 0.19193868
vn -0.31882473 -0.93444531 0.15862772
vn -0.34015038 -0.91116805 0.23253066
vn -0.44848195 -0.84573737 0.28912324
vn -0.45169882 -0.76428375 0.46025920
vn -0.31597106 -0.89460185 0.31599023
vn -0.39925148 -0.86049986 0.31644628
vn -0.24210367 -0.91043163 0.33541028
vn -0.35756771 -0.82437282 0.43881064
vn -0.33879392 -0.77482092 0.53373329
vn -0.29120250 -0.84635822 0.44595836
vn -0.27989162 -0.93137389 0.23281614
vn -0.41418832 -0.78075261 0.46783906
vn -0.29310081 -0.89177464 0.34471715
vn -0.32030491 -0.82324880 0.46868558
vn -0.30872821 -0.76893490 0.55984463
vn -0.30056036 -0.78348890 0.54388290
vn -0.27462541 -0.74065028 0.61320311
vn -0.25924745 -0.80757821 0.52972464
vn -0.45744214 -0.78635166 0.41520808
vn -0.36754210 -0.84048843 0.39811055
vn -0.41170840 -0.75896405 0.50444996
vn -0.38474977 -0.72432237 0.57212300
vn -0.32923366 -0.81951891 0.46903512
vn -0.43559471 -0.66878494 0.60248149
vn -0.36191254 -0.64138398 0.67649531
vn -0.33417743 -0.72388126 0.60359039
vn -0.30798273 -0.74737393 0.58870948
vn -0.27436538 -0.80785910 0.52161989
vn -0.29938049 -0.64508093 0.70302341
vn -0.27290891 -0.70655728 0.65291465
vn -0.28349677 -0.71966909 0.63380280
vn -0.22320432 -0.68062612 0.69780220
vn -0.23259651 -0.75183844 0.61695853
vn -0.22384857 -0.67027744 0.70754503
vn -0.23235410 -0.72908594 0.64377424
vn -0.34971126 -0.86841536 0.35150646
vn -0.39243518 -0.85043337 0.35036797
vn -0.39860779 -0.81476847 0.42102752
vn -0.30926731 -0.86600424 0.39292543
vn -0.28474650 -0.86256585 0.41820998
vn -0.28468334 -0.84888996 0.44535518
vn -0.29361585 -0.86103869 0.41521333
vn -0.23409198 -0.84888515 0.47391450
vn -0.25466821 -0.85361163 0.45441312
vn -0.31674034 -0.77523221 0.54652592
vn -0.20862496 -0.83433577 0.51025430
vn -0.20965029 -0.85517382 0.47405115
vn -0.35528200 -0.71117792 0.60663058
vn -0.24798445 -0.75538915 0.60654014
vn -0.28761823 -0.71408438 0.63824701
vn -0.16595246 -0.83778511 0.52016909
vn -0.14964623 -0.83481119 0.52980777
vn -0.20934497 -0.71895931 0.66277613
vn -0.24477149 -0.66279592 0.70766411
vn -0.15030914 -0.77608159 0.61245777
vn -0.10357647 -0.73835673 0.66640923
vn -0.11863924 -0.80314470 0.58385213
vn -0.07695989 -0.75425294 0.65205803
vn -0.08548870 -0.77931267 0.62077649
vn -0.23353186 -0.65708411 0.71673101
vn -0.14767191 -0.67668121 0.72131515
vn -0.20870223 -0.64733918 0.73307255
vn -0.16061889 -0.61719037 0.77024517
vn -0.19493540 -0.61818329 0.76147857
vn -0.17532787 -0.69327665 0.69901905
vn -0.11589088 -0.73326566 0.66999311
vn -0.10534766 -0.69581415 0.71045376
vn -0.06973714 -0.73329385 0.67632600
vn -0.11785100 -0.66861957 0.73420638
vn -0.08576975 -0.72839049 0.67977264
vn -0.07807641 -0.76224145 0.64256677
vn -0.06136621 -0.71510653 0.69631662
vn -0.05674516 -0.76578409 0.64058935
vn -0.26968045 -0.93605360 0.22600025
vn -0.39894504 -0.81202636 0.42597659
vn -0.30664933 -0.88313008 0.35503162
vn -0.32669893 -0.84771280 0.41791245
vn -0.22230403 -0.91643242 0.33276499
vn -0.32229448 -0.82198356 0.46954158
vn -0.24206643 -0.87200546 0.42545307
vn -0.27957043 -0.87334932 0.39887509
vn -0.25493944 -0.84916593 0.46251822
vn -0.22168658 -0.89069361 0.39688783
vn -0.20106131 -0.85644467 0.47547543
vn -0.17918807 -0.86615188 0.46655392
vn -0.15520608 -0.88249334 0.44397813
vn -0.14907631 -0.83015104 0.53723878
vn -0.14477394 -0.84636047 0.51255679
vn -0.13324478 -0.80609007 0.57659746
vn -0.04081205 -0.79156973 0.60971447
vn -0.06248277 -0.82377053 0.56346963
vn -0.19527494 -0.84952796 0.49007137
vn -0.21565104 -0.86296170 0.45693734
vn -0.10632597 -0.83013993 0.54732301
vn -0.14740486 -0.85106589 0.50394312
vn -0.12023773 -0.84697573 0.51785617
vn -0.15805811 -0.88416471 0.43962528
vn -0.02938264 -0.87490622 0.48340021
vn -0.01847641 -0.84091788 0.54084725
vn 0.00752156 -0.84755579 0.53065300
vn 0.18490313 -0.82569638 0.53295058
vn 0.10246833 -0.83638400 0.53848124
vn 0.04204799 -0.75403095 0.65549165
vn 0.44068728 -0.61970736 0.64942860
vn 0.18974596 -0.70845109 0.67977461
vn -0.00262080 -0.79837704 0.60215217
vn -0.06589001 -0.81716747 0.57262189
vn 0.04782703 -0.74662379 0.66352505
vn 0.00256270 -0.77302191 0.63437415
vn 0.09426449 -0.77573866 0.62397415
vn 0.12198117 -0.69458746 0.70899144
vn 0.22457955 -0.69526920 0.68276260
vn 0.10611034 -0.72527664 0.68023113
vn 0.11184609 -0.83157721 0.54403107
vn 0.21425635 -0.62159955 0.75346414
vn 0.13210700 -0.68560527 0.71588627
vn 0.21648622 -0.63395889 0.74244855
vn 0.32074679 -0.48450704 0.81386389
vn 0.36983380 -0.34234000 0.86372813
vn 0.34725471 -0.38593617 0.85467388
vn 0.18986169 -0.52163715 0.83177354
vn 0.51388110 -0.59848460 0.61460751
vn 0.54079923 -0.42080093 0.72832875
vn 0.39652616 -0.20859036 0.89401178
vn 0.45790753 -0.40756318 0.79007148
vn -0.05248789 -0.03157864 0.99812214
vn 0.51282901 -0.21151673 0.83202589
vn 0.44924167 -0.29198939 0.84434834
vn 0.41239870 -0.06006890 0.90902092
vn 0.39590067 -0.06414701 0.91605012
vn -0.00696531 -0.76644057 0.64227746
vn -0.04270975 -0.78632184 0.61633906
vn 0.00783636 -0.72932189 0.68412585
vn -0.03290363 -0.76639045 0.64153179
vn 0.02853703 -0.66967223 0.74210831
vn -0.02726504 -0.69910682 0.71449722
vn -0.01879730 -0.62948770 0.77678304
vn -0.09061852 -0.61737501 0.78143226
vn 0.12222537 -0.71720556 0.68605914
vn 0.04306337 -0.72194915 0.69060479
vn 0.06697396 -0.61399318 0.78646479
vn 0.04225419 -0.64661458 0.76164569
vn 0.15042517 -0.60098387 0.78497813
vn 0.15399833 -0.65027685 0.74392509
vn 0.26323193 -0.55320358 0.79036368
vn 0.10935135 -0.62489694 0.77301106
vn 0.23198977 -0.42764628 0.87367008
vn 0.21518777 -0.57381334 0.79021040
vn 0.26799305 -0.64150249 0.71878667
vn 0.27494043 -0.43164220 0.85912326
vn 0.27577088 -0.46178638 0.84303248
vn 0.05395383 -0.64480312 0.76244208
vn 0.05286690 -0.64569713 0.76176132
vn 0.01830874 -0.58178171 0.81313888
vn 0.02237918 -0.63562333 0.77167490
vn 0.08743777 -0.42089227 0.90288667
vn 0.08816856 -0.63368963 0.76854652
vn 0.10689940 -0.30579909 0.94607581
vn 0.04821999 -0.58587896 0.80896272
vn 0.02619080 -0.46381184 0.88554651
vn -0.01933268 -0.53017992 0.84766473
vn -0.02751832 -0.35057921 0.93612871
vn 0.11920996 -0.32272842 0.93895439
vn 0.45085468 -0.47847580 0.75351906
vn 0.15697026 -0.30664098 0.93879265
vn 0.23272522 -0.41904740 0.87763218
vn 0.25683685 -0.37858151 0.88921925
vn 0.27333812 -0.23315908 0.93323262
vn 0.30556450 -0.16685071 0.93743862
vn 0.42094764 0.07630255 0.90387001
vn 0.30473211 0.05293555 0.95096592
vn 0.00378803 -0.12524396 0.99211874
vn 0.26721180 -0.14992235 0.95190396
vn 0.23041678 -0.07369115 0.97029775
vn 0.27099100 0.00404785 0.96257337
vn 0.17865116 0.08049273 0.98061444
vn 0.25734945 -0.43299878 0.86387691
vn 0.26036214 -0.40719384 0.87544545
vn 0.21760038 -0.31461819 0.92394019
vn 0.08377509 -0.40084851 0.91230598
vn -0.04747232 -0.34006098 0.93920440
vn -0.09300757 -0.31834517 0.94340126
vn 0.09717402 -0.33572242 0.93693525
vn 0.16440451 -0.13262581 0.97743621
vn 0.17591422 0.00983884 0.98435633
vn 0.10686941 -0.16894855 0.97981392
vn 0.13235103 -0.01422978 0.99110076
vn -0.28089939 -0.89698046 -0.34135259
vn -0.26840424 -0.91452400 -0.30266321
vn -0.24802377 -0.90614386 -0.34261861
vn -0.28744992 -0.93847013 -0.19143237
vn -0.22697770 -0.92101357 -0.31656772
vn -0.25089550 -0.93981859 -0.23193202
vn -0.31579980 -0.94868903 -0.01611235
vn -0.31022413 -0.93694121 0.16094147
vn -0.27627742 -0.95633872 -0.09532599
vn -0.30995144 -0.94506105 0.10387359
vn -0.16505791 -0.94539044 -0.28105660
vn -0.19022576 -0.92664422 -0.32426015
vn -0.20749351 -0.94010162 -0.27047254
vn -0.16976772 -0.96813654 -0.18409391
vn -0.13698664 -0.97325869 -0.18439682
vn -0.14196234 -0.95019969 -0.27742972
vn -0.16205231 -0.93012911 -0.32954344
vn -0.22607816 -0.96364065 -0.14242672
vn -0.24927613 -0.96835466 0.01227463
vn -0.17492610 -0.98386596 -0.03753184
vn -0.27640020 -0.94551216 0.17207462
vn -0.16773545 -0.98038165 0.10352119
vn -0.13959994 -0.98972669 -0.03086975
vn -0.13801291 -0.98636950 0.08959713
vn -0.29664445 -0.89896490 0.32227966
vn -0.32148388 -0.83368274 0.44902250
vn -0.29831958 -0.79652185 0.52588817
vn -0.28469691 -0.85402654 0.43541514
vn -0.32693534 -0.89258083 0.31050402
vn -0.27340136 -0.79987962 0.53426987
vn -0.27583923 -0.83973149 0.46772186
vn -0.25762475 -0.72700639 0.63646775
vn -0.25678644 -0.76929401 0.58501919
vn -0.28152718 -0.76085324 0.58467495
vn -0.27104167 -0.71897718 0.64000642
vn -0.24771625 -0.69723896 0.67267711
vn -0.24965703 -0.68846847 0.68094238
vn -0.24401583 -0.74329297 0.62287385
vn -0.23606793 -0.94292187 0.23488356
vn -0.33815376 -0.83593192 0.43228447
vn -0.21452056 -0.92994760 0.29862750
vn -0.16671344 -0.96101418 0.22058643
vn -0.27062686 -0.87472682 0.40201256
vn -0.28040835 -0.85193203 0.44224764
vn -0.26156215 -0.83664045 0.48126708
vn -0.19539652 -0.91337813 0.35715625
vn -0.29334185 -0.77006737 0.56652167
vn -0.28275048 -0.73683895 0.61410139
vn -0.25140626 -0.81502295 0.52204643
vn -0.24330774 -0.69058086 0.68110162
vn -0.25980145 -0.70679894 0.65798059
vn -0.25260428 -0.74639666 0.61569725
vn -0.25055630 -0.79331470 0.55486335
vn -0.27810515 -0.71866722 0.63731856
vn -0.22285883 -0.66088420 0.71663521
vn -0.12413808 -0.97663461 -0.17542682
vn -0.11955140 -0.95208480 -0.28149956
vn -0.13968141 -0.93272491 -0.33243547
vn -0.12023224 -0.93836089 -0.32407261
vn -0.08582411 -0.95386213 -0.28771731
vn -0.09169625 -0.94396463 -0.31705295
vn -0.09233298 -0.97690293 -0.19270516
vn -0.12706186 -0.99019057 -0.05811991
vn -0.16293663 -0.98220825 0.09337345
vn -0.11768562 -0.99012530 -0.07617071
vn -0.15162614 -0.98460357 0.08697883
vn -0.05225124 -0.96262145 -0.26576259
vn -0.06474885 -0.95760504 -0.28071369
vn -0.04780089 -0.97277703 -0.22675963
vn -0.03947277 -0.96462678 -0.26064741
vn -0.03480010 -0.96255207 -0.26885398
vn -0.02347415 -0.97081449 -0.23868010
vn -0.06819379 -0.99039319 -0.12029518
vn -0.10309068 -0.99418469 0.03113064
vn -0.03373725 -0.98865416 -0.14637197
vn -0.04933738 -0.99861456 -0.01829719
vn -0.15483771 -0.95994200 0.23353080
vn -0.20075248 -0.86131171 0.46673395
vn -0.18808703 -0.90284728 0.38663943
vn -0.15552998 -0.96378438 0.21663357
vn -0.18259342 -0.92527098 0.33246541
vn -0.24275804 -0.83569535 0.49262747
vn -0.24319588 -0.81696470 0.52290004
vn -0.22895758 -0.79629559 0.55990336
vn -0.19309204 -0.87138996 0.45099335
vn -0.29613471 -0.71874786 0.62905146
vn -0.27932837 -0.71063343 0.64573662
vn -0.23457847 -0.78023736 0.57982981
vn -0.24273608 -0.72163364 0.64832406
vn -0.22603454 -0.76891386 0.59806343
vn -0.14981837 -0.96868319 0.19800840
vn -0.15635916 -0.93528031 0.31749417
vn -0.09635201 -0.98367732 0.15197114
vn -0.11712415 -0.94334844 0.31044429
vn -0.20722315 -0.81964647 0.53407699
vn -0.16952977 -0.88980632 0.42367957
vn -0.15851171 -0.86384076 0.47817692
vn -0.12505655 -0.89175686 0.43489144
vn -0.20833384 -0.79645957 0.56766994
vn -0.17660457 -0.81643711 0.54976474
vn -0.27293239 -0.66036233 0.69959238
vn -0.25802538 -0.60385530 0.75417615
vn -0.29040283 -0.58023845 0.76091362
vn -0.27960283 -0.67533610 0.68245396
vn -0.17696073 -0.58548520 0.79113336
vn -0.18406001 -0.61638297 0.76563303
vn -0.22052442 -0.57679290 0.78656146
vn -0.15579541 -0.53346976 0.83134698
vn -0.22998630 -0.56642671 0.79137038
vn -0.14934101 -0.59204052 0.79195031
vn -0.11313902 -0.70899843 0.69607528
vn -0.14966340 -0.62123424 0.76920016
vn -0.16231001 -0.67042888 0.72400316
vn -0.03515154 -0.65646097 0.75354055
vn -0.06127900 -0.73249463 0.67800921
vn -0.08920407 -0.74525787 0.66078238
vn -0.10754994 -0.71029676 0.69563749
vn -0.13650182 -0.70991086 0.69093691
vn -0.29619023 -0.51847253 0.80215808
vn -0.16362919 -0.60837127 0.77660149
vn -0.21472129 -0.62242862 0.75264691
vn -0.31918040 -0.48093802 0.81659200
vn -0.32761414 -0.39984357 0.85603393
vn -0.34170857 -0.54234237 0.76752850
vn -0.31791293 -0.44801358 0.83559272
vn -0.14652955 -0.65709976 0.73942478
vn -0.15671086 -0.68318662 0.71323050
vn -0.19260087 -0.68150797 0.70601119
vn -0.26856279 -0.67374402 0.68843519
vn -0.24372637 -0.63921315 0.72938605
vn -0.28279839 -0.66620769 0.69006694
vn -0.15846106 -0.69239850 0.70389943
vn -0.12644307 -0.68502516 0.71746267
vn -0.20972922 -0.62464103 0.75222154
vn -0.23667242 -0.63686103 0.73375350
vn -0.29353560 -0.63442680 0.71508005
vn -0.27492078 -0.68808744 0.67153126
vn -0.26515191 -0.64128647 0.72003203
vn -0.25600083 -0.70027342 0.66639381
vn -0.26606944 -0.70599616 0.65633564
vn -0.23220887 -0.72655599 0.64668031
vn -0.21684491 -0.75405049 0.61998882
vn -0.31074034 -0.62958704 0.71208187
vn -0.29446135 -0.60212472 0.74211747
vn -0.26944292 -0.64438306 0.71566122
vn -0.25504903 -0.69320051 0.67410908
vn -0.23113330 -0.73468967 0.63781540
vn -0.19436660 -0.77956132 0.59540388
vn -0.24477869 -0.66591006 0.70473200
vn -0.21517228 -0.72175604 0.65785189
vn -0.37829326 -0.41287942 0.82850757
vn -0.33697021 -0.46755656 0.81721597
vn -0.29859004 -0.56357771 0.77021046
vn -0.39454864 -0.41929046 0.81763493
vn -0.27848545 -0.47530135 0.83458641
vn -0.33270800 -0.48023610 0.81159022
vn -0.32071127 -0.53626021 0.78074918
vn -0.31619943 -0.53027993 0.78665184
vn -0.32887507 -0.48326479 0.81135463
vn -0.26432919 -0.61703883 0.74121061
vn -0.24996270 -0.62197580 0.74206789
vn -0.26175485 -0.61486335 0.74392705
vn -0.28338775 -0.60484409 0.74421436
vn -0.27801020 -0.59301229 0.75567635
vn -0.27257741 -0.60790991 0.74575270
vn -0.36304754 -0.43758803 0.82262579
vn -0.32684220 -0.47302404 0.81818239
vn -0.31121707 -0.56198235 0.76636791
vn -0.31386997 -0.48178769 0.81814807
vn -0.31514035 -0.45820721 0.83110331
vn -0.25183507 -0.63035254 0.73432607
vn -0.30117966 -0.51391764 0.80323065
vn -0.32042089 -0.51722943 0.79360202
vn -0.27661259 -0.54587673 0.79088815
vn -0.28520569 -0.47834146 0.83057038
vn -0.28458572 -0.59692101 0.75013084
vn -0.29204624 -0.59116617 0.75181883
vn -0.27840490 -0.58806403 0.75938884
vn -0.27142132 -0.60776083 0.74629568
vn -0.25255702 -0.60973985 0.75128707
vn -0.26050165 -0.59893094 0.75724541
vn -0.28032605 -0.59061776 0.75669542
vn -0.24575170 -0.58987800 0.76918792
vn -0.24908561 -0.58599519 0.77108106
vn -0.10673387 -0.58422431 0.80454324
vn -0.12065627 -0.61956549 0.77561632
vn -0.14977902 -0.57111063 0.80709287
vn -0.10138321 -0.67745846 0.72854065
vn -0.13714184 -0.62560802 0.76798875
vn -0.17417198 -0.63060716 0.75630598
vn 0.02707367 -0.59773800 0.80123423
vn -0.05134334 -0.58291239 0.81091122
vn -0.09913973 -0.55636952 0.82499956
vn -0.14323159 -0.53471633 0.83280439
vn 0.03742849 -0.58084607 0.81315247
vn -0.06831328 -0.33202606 0.94079328
vn 0.01815075 -0.45791122 0.88881262
vn 0.06053554 -0.57560155 0.81548654
vn -0.16449933 -0.38751525 0.90706775
vn -0.05114969 -0.50802940 0.85981966
vn -0.23016070 -0.48978974 0.84091145
vn -0.18331546 -0.56950332 0.80128734
vn -0.20756171 -0.56666777 0.79737430
vn -0.17726332 -0.61435748 0.76885799
vn -0.15156947 -0.51504712 0.84365464
vn -0.19185247 -0.53252878 0.82438203
vn -0.19063279 -0.50787234 0.84007430
vn -0.22089915 -0.47161701 0.85368669
vn -0.27771278 -0.47292486 0.83619237
vn -0.25173727 -0.51237590 0.82103550
vn -0.21044034 -0.48100728 0.85108570
vn -0.08193300 -0.37648108 0.92279412
vn -0.08008112 -0.37864706 0.92207018
vn -0.03740491 -0.27507182 0.96069577
vn -0.07260133 -0.33254344 0.94028927
vn -0.16870782 -0.23474373 0.95730510
vn -0.15493600 -0.36622170 0.91753828
vn 0.02109263 -0.14746690 0.98884206
vn 0.05105818 -0.01207350 0.99862270
vn -0.14206384 -0.11485495 0.98317150
vn -0.13128624 0.01868788 0.99116834
vn -0.28009382 -0.34193508 0.89701051
vn -0.25116596 -0.34259154 0.90528818
vn -0.27892622 -0.33342284 0.90057169
vn -0.31274679 -0.24406612 0.91794399
vn -0.31443320 -0.38474356 0.86781574
vn -0.26912890 -0.40222874 0.87508952
vn -0.28151027 -0.34872863 0.89394648
vn -0.27724692 -0.12912964 0.95208176
vn -0.26717584 0.06357485 0.96154839
vn -0.36710773 -0.22626561 0.90223932
vn -0.37231437 -0.10846835 0.92174651
vn -0.42156879 -0.13426414 0.89680148
vn -0.37011907 -0.29420715 0.88116629
vn -0.37222774 0.08959885 0.92380656
vn -0.44172126 0.03090494 0.89661988
vn -0.21649527 -0.62352249 0.75123199
vn -0.25407027 -0.58131117 0.77299781
vn -0.25369162 -0.60935910 0.75121372
vn -0.23055704 -0.57475095 0.78517819
vn -0.25764764 -0.59742793 0.75940606
vn -0.27506683 -0.56306775 0.77929003
vn -0.26258509 -0.54975640 0.79297981
vn -0.28686523 -0.57899377 0.76320021
vn -0.27418557 -0.57878697 0.76800255
vn -0.25731043 -0.53096752 0.80738147
vn -0.31965156 -0.40112615 0.85844085
vn -0.39334442 -0.42836417 0.81350126
vn -0.30267006 -0.50174827 0.81033296
vn -0.32395517 -0.53980036 0.77696114
vn -0.36204378 -0.53111469 0.76605580
vn -0.32441776 -0.55449505 0.76634741
vn -0.40451497 -0.45451604 0.79358856
vn -0.27120924 -0.59535587 0.75630479
vn -0.28277925 -0.58533563 0.75988032
vn -0.26284999 -0.60019156 0.75543363
vn -0.26068973 -0.59968551 0.75658321
vn -0.26679784 -0.61376388 0.74304294
vn -0.24730092 -0.61108855 0.75193952
vn -0.30554274 -0.63436264 0.71008990
vn -0.29305951 -0.61008729 0.73614511
vn -0.33547319 -0.65096450 0.68095738
vn -0.28713374 -0.62756284 0.72368438
vn -0.35060032 -0.58126075 0.73431285
vn -0.38460745 -0.53034006 0.75552401
vn -0.42246704 -0.49600238 0.75861930
vn -0.46536875 -0.54482627 0.69756453
vn -0.39704001 -0.55730022 0.72922952
vn -0.34514261 -0.62315033 0.70182636
vn -0.49463036 -0.59364309 0.63476664
vn -0.41823626 -0.63966648 0.64490715
vn -0.35710607 -0.35144917 0.86542402
vn -0.37552198 -0.40740144 0.83247061
vn -0.50909314 -0.29372870 0.80904118
vn -0.42228476 -0.39299396 0.81684229
vn -0.50613199 -0.41729498 0.75478163
vn -0.51602049 -0.43145452 0.73997963
vn -0.55389660 -0.37798825 0.74183788
vn -0.48686049 -0.13100594 0.86359962
vn -0.44256351 0.02686528 0.89633465
vn -0.46254853 -0.53627484 0.70601569
vn -0.87628546 -0.39219849 0.27982875
vn -0.71683491 -0.63137782 0.29582049
vn -0.55693332 -0.74833350 0.36030855
vn -0.69710784 -0.63102414 0.34036627
vn -0.81818064 -0.40410607 0.40899722
vn -0.62237341 -0.58751963 0.51717698
vn -0.49195660 -0.76378506 0.41786492
vn -0.23655427 -0.96334733 0.12650690
vn -0.47110839 -0.76268086 0.44314195
vn -0.27620936 -0.89504715 0.35014139
vn -0.33959930 -0.82164275 0.45779417
vn -0.43809212 -0.79658006 0.41657593
vn -0.61863517 -0.52314721 0.58618045
vn -0.43931789 -0.65713421 0.61251483
vn -0.25824950 -0.80685936 0.53130516
vn -0.94735693 -0.18318164 0.26260110
vn -0.91107726 -0.19722771 0.36199371
vn -0.96610624 0.00222508 0.25813521
vn -0.94084553 0.00901655 0.33871579
vn -0.77726765 -0.35775404 0.51755874
vn -0.87107040 -0.15583459 0.46578100
vn -0.70846539 -0.23410017 0.66578818
vn -0.88568706 0.03755372 0.46276144
vn -0.76352214 0.01631117 0.64557562
vn -0.50246691 -0.46118514 0.73132433
vn -0.57862956 -0.20516324 0.78936423
vn -0.29315755 -0.25976691 0.92009771
vn -0.31289308 -0.54961095 0.77461327
vn -0.55841741 0.01147581 0.82948074
vn -0.33730522 0.03902703 0.94058603
vn -0.15933852 -0.89768811 0.41081298
vn -0.22299386 -0.86564264 0.44825948
vn -0.06762090 -0.85173767 0.51958671
vn -0.06227243 -0.89400717 0.44370409
vn 0.01054088 -0.87801917 0.47850938
vn 0.17149461 -0.84435662 0.50759383
vn 0.09610925 -0.82991389 0.54955068
vn -0.06169108 -0.84638587 0.52898504
vn -0.18779454 -0.66248143 0.72515624
vn 0.02645481 -0.46310352 0.88590929
vn 0.00560857 -0.69841073 0.71567521
vn 0.29834327 -0.73387154 0.61026540
vn 0.15665703 -0.72435488 0.67139302
vn 0.25831198 -0.46409551 0.84728406
vn 0.52507153 -0.62002618 0.58298150
vn -0.01869553 -0.37917731 0.92513515
vn -0.17936988 -0.02051085 0.98356787
vn 0.42224196 -0.31132483 0.85134516
vn 0.19346144 -0.52324615 0.82993141
vn 0.47783646 -0.15094873 0.86538246
vn 0.49971399 0.02114974 0.86593223
vn 0.02442551 -0.12342822 0.99205286
vn 0.07079016 -0.09715431 0.99274861
vn 0.34587399 -0.74646708 0.56846994
vn 0.24151460 -0.80898658 0.53592109
vn 0.52023658 -0.61442665 0.59315579
vn 0.56126708 -0.64079184 0.52379870
vn 0.38166975 -0.67809927 0.62809998
vn 0.58236550 -0.46612906 0.66601361
vn 0.63124390 -0.46570804 0.62019929
vn 0.71813996 -0.33572410 0.60956077
vn 0.69480987 -0.24710061 0.67541138
vn 0.66501853 -0.52523352 0.53092382
vn 0.49088481 -0.67414606 0.55186882
vn 0.75113674 -0.40089688 0.52447621
vn 0.77279324 -0.18091461 0.60832600
vn 0.74181745 -0.09054008 0.66446171
vn 0.82410707 -0.00047439 0.56643385
vn 0.78601546 0.07086880 0.61413135
vn 0.58145536 -0.35391634 0.73256596
vn 0.62045119 -0.24312818 0.74560647
vn 0.80476945 -0.16011416 0.57158515
vn 0.63888733 -0.08342365 0.76476367
vn 0.79171101 0.04265165 0.60940505
vn 0.70753199 -0.43265172 0.55875842
vn 0.79385597 -0.23740040 0.55985154
vn 0.83100408 -0.11487138 0.54427639
vn 0.51756877 -0.52581269 0.67501376
vn 0.57477504 -0.27613112 0.77031504
vn 0.60445826 -0.11080997 0.78889249
vn 0.63889616 -0.00895975 0.76924081
vn 0.40032118 0.05661972 0.91462405
vn 0.48853725 0.02094293 0.87229167
vn -0.48280630 -0.86190482 -0.15497793
vn -0.54866027 -0.79663461 -0.25366359
vn -0.55560548 -0.81895781 -0.14356413
vn -0.48183369 -0.87501890 -0.04667133
vn -0.38317449 -0.92247391 -0.04710829
vn -0.37977628 -0.91143491 -0.15829210
vn -0.47634587 -0.83249389 -0.28292850
vn -0.55880946 -0.82912946 -0.01662316
vn -0.48021125 -0.87441458 0.06925529
vn -0.36403499 -0.92985018 0.05345255
vn -0.37232236 -0.92699056 0.04543748
vn -0.51056137 -0.85370030 0.10258108
vn -0.44041688 -0.88552789 0.14789632
vn -0.32387028 -0.93523888 0.14295550
vn -0.81818325 -0.39683391 -0.41605169
vn -0.85014637 -0.31967188 -0.41840297
vn -0.87200783 -0.34322878 -0.34899334
vn -0.85062060 -0.40446309 -0.33593779
vn -0.79813201 -0.45298608 -0.39722653
vn -0.77685492 -0.42550328 -0.46415880
vn -0.78783014 -0.38346279 -0.48195431
vn -0.86996522 -0.23211200 -0.43506843
vn -0.88762900 -0.25600234 -0.38285449
vn -0.81041180 -0.30484887 -0.50029979
vn -0.83251037 -0.21827212 -0.50919914
vn -0.84461940 -0.07800296 -0.52965424
vn -0.88210620 -0.13509569 -0.45126247
vn -0.78312942 -0.26511019 -0.56251658
vn -0.80255373 -0.17787677 -0.56944479
vn -0.89773338 -0.17563508 -0.40401374
vn -0.85613780 0.03490323 -0.51556749
vn -0.88731407 0.01058063 -0.46104424
vn -0.80904652 -0.04264282 -0.58619563
vn -0.89497169 -0.02809810 -0.44523721
vn -0.64031216 -0.48294514 -0.59729752
vn -0.66473019 -0.42029219 -0.61764735
vn -0.69552710 -0.44546622 -0.56373921
vn -0.66789508 -0.51709464 -0.53528431
vn -0.60883746 -0.55275217 -0.56901845
vn -0.58352999 -0.52174697 -0.62231250
vn -0.61381227 -0.46274381 -0.63961133
vn -0.74647113 -0.50779105 -0.43003383
vn -0.76667617 -0.53201233 -0.35940301
vn -0.71356803 -0.57419581 -0.40139737
vn -0.68712197 -0.54916720 -0.47568770
vn -0.72697541 -0.46806965 -0.50241174
vn -0.64115895 -0.57995978 -0.50255533
vn -0.66559094 -0.60383681 -0.43859982
vn -0.61799759 -0.62451832 -0.47755193
vn -0.59183445 -0.60077556 -0.53740182
vn -0.68788132 -0.62499930 -0.36904628
vn -0.64268364 -0.64630714 -0.41139376
vn -0.47487976 -0.64920415 -0.59415755
vn -0.50914551 -0.59754361 -0.61944530
vn -0.53669019 -0.61985901 -0.57248445
vn -0.50061580 -0.67972855 -0.53605310
vn -0.44942972 -0.69614926 -0.55981170
vn -0.43822071 -0.66583072 -0.60384772
vn -0.46512777 -0.62463093 -0.62728969
vn -0.56561606 -0.65323929 -0.50334571
vn -0.59142254 -0.67551394 -0.44034111
vn -0.52593775 -0.70796853 -0.47134918
vn -0.61266908 -0.70388185 -0.35942585
vn -0.54947971 -0.73409612 -0.39896735
vn -0.49544643 -0.75807305 -0.42409678
vn -0.52053067 -0.78049550 -0.34622911
vn -0.45922720 -0.80502728 -0.37555487
vn -0.43327048 -0.77859149 -0.45395152
vn -0.46785674 -0.72957297 -0.49883200
vn -0.55947322 -0.57317830 -0.59871225
vn -0.53874805 -0.55099472 -0.63730318
vn -0.56673070 -0.49994946 -0.65487926
vn -0.60783483 -0.44578537 -0.65712421
vn -0.52520907 -0.52438173 -0.67020835
vn -0.51854778 -0.47384070 -0.71174658
vn -0.50135419 -0.57779783 -0.64404475
vn -0.48094123 -0.61769218 -0.62221532
vn -0.50935342 -0.52883614 -0.67888985
vn -0.51619427 -0.47207583 -0.71462430
vn -0.59862307 -0.23268120 0.76649193
vn -0.60794583 -0.10255966 0.78732673
vn -0.79460007 -0.12442476 0.59424675
vn -0.60186500 -0.38324898 0.70062739
vn -0.53644868 0.05864200 0.84189307
vn -0.82299340 0.10208283 0.55880315
vn -0.43940532 -0.32715031 0.83659766
vn -0.62888679 -0.42060925 0.65390310
vn -0.61640975 -0.52642641 0.58558881
vn -0.58284128 -0.57125611 0.57789489
vn -0.64887368 -0.64159089 0.40905265
vn -0.60874655 -0.63622903 0.47396230
vn -0.92104117 -0.38286130 0.07141696
vn -0.81291111 -0.57863016 -0.06605044
vn -0.75790447 -0.60973891 0.23194669
vn -0.67948698 -0.39138565 -0.62057612
vn -0.74814925 -0.28899729 -0.59728826
vn -0.68487499 -0.30131844 -0.66344061
vn -0.64532796 -0.38920517 -0.65732120
vn -0.54301744 -0.46493941 -0.69925918
vn -0.62795390 -0.54422769 -0.55631837
vn -0.75462959 -0.41168611 -0.51092929
vn -0.54824207 -0.51218254 -0.66113514
vn -0.65381723 -0.56242217 -0.50616631
vn -0.73276321 -0.62385604 -0.27177511
vn -0.78383441 -0.42681297 0.45103692
vn -0.94486515 -0.32713580 0.01456097
vn -0.89462927 -0.44404333 -0.04963863
vn -0.99772640 0.03239051 0.05910070
vn -0.82915321 -0.20459472 -0.52023644
vn -0.72390027 -0.22551605 -0.65200530
vn -0.85533496 -0.34409295 -0.38730110
vn -0.90595345 -0.01782238 -0.42300202
vn -0.78985734 -0.06298776 -0.61004747
vn -0.73168958 -0.32429732 -0.59955117
vn -0.75748655 -0.22499691 -0.61285440
vn -0.76623709 -0.35259547 -0.53717516
vn -0.71639604 -0.39147333 -0.57751654
vn -0.68444435 -0.36679310 -0.63007837
vn -0.71154416 -0.28461592 -0.64241628
vn -0.64053302 -0.40919279 -0.64982975
vn -0.67060760 -0.33630115 -0.66120117
vn -0.70177620 -0.23807412 -0.67143941
vn -0.74425033 -0.40723138 -0.52939025
vn -0.77126583 -0.09925010 -0.62872764
vn -0.73164634 -0.20294762 -0.65077331
vn -0.77671452 0.01717662 -0.62961856
vn -0.74659405 -0.04777555 -0.66356222
vn -0.73733659 -0.10532551 -0.66726404
vn -0.74323422 0.01655484 -0.66882646
vn -0.84016964 -0.49097967 -0.23033442
vn -0.87177250 -0.42125930 -0.25010661
vn -0.88540192 -0.42986070 -0.17687062
vn -0.84634108 -0.51423600 -0.13880959
vn -0.79719515 -0.57256748 -0.19143246
vn -0.78174489 -0.55758774 -0.27923260
vn -0.81914519 -0.47651284 -0.31927522
vn -0.89288597 -0.43965220 -0.09726558
vn -0.84911732 -0.52666809 -0.04025547
vn -0.80063897 -0.59157685 -0.09494248
vn -0.88394762 -0.46756764 -0.00413539
vn -0.84058094 -0.53845396 0.05908489
vn -0.79931500 -0.60091187 0.00067624
vn -0.86410674 -0.49147139 0.10851463
vn -0.81866977 -0.55072723 0.16272468
vn -0.78491355 -0.60935229 0.11225198
vn -0.84360788 -0.48201869 0.23660882
vn -0.77804637 -0.55779542 0.28897771
vn -0.76023074 -0.60908010 0.22598817
vn -0.78125769 -0.54821118 0.29849778
vn -0.81217128 -0.46092774 0.35766386
vn -0.75146125 -0.54317278 0.37452546
vn -0.73434426 -0.57746895 0.35674659
vn -0.91648062 -0.32571914 -0.23231510
vn -0.94386626 -0.22089245 -0.24560743
vn -0.95063756 -0.25464764 -0.17732121
vn -0.92800561 -0.34083167 -0.15046381
vn -0.89399516 -0.39221888 -0.21664948
vn -0.88200244 -0.37376318 -0.28700658
vn -0.90000218 -0.30227108 -0.31405138
vn -0.96148577 -0.25600747 -0.10002640
vn -0.94036113 -0.33264272 -0.07120232
vn -0.90517921 -0.40330130 -0.13415905
vn -0.96289082 -0.26978181 -0.00768361
vn -0.94015092 -0.33982848 0.02515644
vn -0.91484015 -0.40122661 -0.04565867
vn -0.96257668 -0.10461384 -0.25000415
vn -0.97449953 -0.11788042 -0.19093158
vn -0.91898087 -0.20891350 -0.33440889
vn -0.93374123 -0.08540298 -0.34761133
vn -0.92260606 0.06029961 -0.38100133
vn -0.96780690 0.02505055 -0.25044415
vn -0.98263927 0.01889642 -0.18456161
vn -0.98436284 -0.14522634 -0.09969503
vn -0.98690206 -0.16131762 0.00097314
vn -0.99232098 0.01378176 -0.12291919
vn -0.99961286 -0.00741731 -0.02681642
vn -0.95612874 -0.27349740 0.10496187
vn -0.92459482 -0.35907263 0.12724491
vn -0.90372931 -0.42361916 0.06180721
vn -0.94061609 -0.26314355 0.21446874
vn -0.89179326 -0.38522665 0.23728717
vn -0.87620750 -0.44299299 0.18978310
vn -0.95998395 -0.20798179 0.18754835
vn -0.90852124 -0.24072195 0.34152906
vn -0.75588847 -0.44107365 0.48382502
vn -0.81879258 -0.46008458 0.34336699
vn -0.93532626 -0.27638747 0.22085008
vn -0.81066646 -0.36414765 0.45849360
vn -0.69786111 -0.48234865 0.52946167
vn -0.73113710 -0.51194519 0.45094419
vn -0.81314434 -0.32796054 0.48087230
vn -0.97996071 -0.16709453 0.10842706
vn -0.96500931 -0.16012388 0.20764723
vn -0.99545574 -0.03535187 0.08842015
vn -0.97679745 -0.05079065 0.20805542
vn -0.93711476 -0.15964069 0.31037200
vn -0.83747441 -0.27738534 0.47084390
vn -0.89562082 -0.13517530 0.42378176
vn -0.80417761 -0.18265962 0.56562694
vn -0.94423566 -0.03518053 0.32738564
vn -0.90394001 -0.01567142 0.42737204
vn -0.82265894 -0.01817221 0.56824471
vn -0.66389187 -0.66917097 -0.33385296
vn -0.70871962 -0.64017991 -0.29645605
vn -0.67078507 -0.71203949 -0.20747809
vn -0.62027558 -0.73514132 -0.27354241
vn -0.72164769 -0.66499129 -0.19238292
vn -0.66357292 -0.74200278 -0.09540888
vn -0.62120836 -0.76641871 -0.16340912
vn -0.71227153 -0.69724437 -0.08074379
vn -0.66084215 -0.75048548 -0.00769367
vn -0.62218908 -0.78102424 -0.05368325
vn -0.69722101 -0.71648571 0.02304549
vn -0.65360956 -0.75226908 0.08298055
vn -0.61212334 -0.78997240 0.03533588
vn -0.73035161 -0.59751585 -0.33100051
vn -0.74749287 -0.62048681 -0.23717194
vn -0.76604018 -0.62963373 -0.12939789
vn -0.76685208 -0.64134868 -0.02469340
vn -0.75075190 -0.65573424 0.07990120
vn -0.57461277 -0.75919460 -0.30568565
vn -0.60508193 -0.77029661 -0.20129329
vn -0.59690795 -0.79832559 -0.07985712
vn -0.55909063 -0.82883243 0.02131843
vn -0.54557346 -0.83207443 0.10000873
vn -0.69328102 -0.70989937 0.12411412
vn -0.63161576 -0.75307850 0.18421263
vn -0.60872403 -0.78089476 0.14020853
vn -0.67796949 -0.70000700 0.22438264
vn -0.62163261 -0.72662099 0.29256594
vn -0.58992700 -0.76438355 0.26019976
vn -0.57402394 -0.76114637 0.30191509
vn -0.63796497 -0.68360155 0.35452731
vn -0.62659438 -0.65689847 0.41936128
vn -0.53251758 -0.76590573 0.36029632
vn -0.73224074 -0.65717015 0.17874811
vn -0.70980684 -0.64921636 0.27329903
vn -0.69537188 -0.64230741 0.32233391
vn -0.67467559 -0.62090368 0.39911335
vn -0.69317077 -0.55691937 0.45755338
vn -0.67358630 -0.61194105 0.41449927
vn -0.60970041 -0.64848611 0.45577536
vn -0.57487394 -0.68612539 0.44581601
vn -0.55271230 -0.80863093 0.20155675
vn -0.45384348 -0.86850341 0.19931864
vn -0.48496249 -0.84283573 0.23332235
vn -0.58767779 -0.72187762 0.36541416
vn -0.42947290 -0.85592916 0.28799012
vn -0.39637265 -0.89538260 0.20292543
vn -0.39547619 -0.87388930 0.28269432
vn -0.49595807 -0.79592494 0.34717299
vn -0.50228810 -0.78238361 0.36821535
vn -0.55761020 -0.64355766 0.52431327
vn -0.46705328 -0.76928133 0.43596728
vn -0.43071643 -0.82075230 0.37529857
vn -0.35742992 -0.86427871 0.35392960
vn -0.40760426 -0.83304072 0.37403466
vn -0.39423753 -0.80550654 0.44242060
vn -0.33747079 -0.83351688 0.43745066
vn -0.71361653 -0.35676891 0.60288257
vn -0.79191015 -0.25155891 0.55641391
vn -0.68805660 -0.29035475 0.66503552
vn -0.70472901 -0.38651251 0.59494967
vn -0.77514273 -0.13587260 0.61700274
vn -0.66260069 -0.25582414 0.70392779
vn -0.78063612 -0.03985552 0.62371370
vn -0.69002472 -0.07059659 0.72033465
vn -0.72989839 -0.01420421 0.68340807
vn -0.70539363 0.02987838 0.70818579
vn -0.66829386 -0.16615353 0.72510435
vn -0.65696685 -0.52924431 0.53693110
vn -0.72042870 -0.45157605 0.52636637
vn -0.62177413 -0.49266164 0.60883614
vn -0.63523980 -0.54568084 0.54653711
vn -0.60380566 -0.62440688 0.49551466
vn -0.58069110 -0.58186254 0.56941534
vn -0.51624693 -0.66530806 0.53930909
vn -0.59987994 -0.50535465 0.62029085
vn -0.61307376 -0.45533155 0.64561114
vn -0.53702022 -0.45517570 0.71022839
vn -0.54941791 -0.54122621 0.63656433
vn -0.40107772 -0.78672710 0.46925168
vn -0.50041652 -0.68758853 0.52612291
vn -0.46873571 -0.63435909 0.61471569
vn -0.37320255 -0.75009615 0.54596302
vn -0.50230557 -0.58971831 0.63239342
vn -0.46081566 -0.53285377 0.70972938
vn -0.44424978 -0.65547094 0.61073724
vn -0.49829773 -0.48876277 0.71610776
vn -0.39550246 -0.59674865 0.69818970
vn -0.38821212 -0.65056230 0.65273276
vn -0.39467349 -0.46970621 0.78968913
vn -0.45274644 -0.42438885 0.78416501
vn -0.33701082 -0.40546840 0.84971706
vn -0.36225931 -0.54232682 0.75805660
vn -0.65746366 -0.40374241 0.63618677
vn -0.65339410 -0.31900467 0.68652179
vn -0.68582787 -0.23850929 0.68757068
vn -0.62957201 -0.23654241 0.74005863
vn -0.62296306 -0.36159274 0.69366254
vn -0.57201112 -0.39534797 0.71868161
vn -0.50051985 -0.27380223 0.82128693
vn -0.56558255 -0.23447358 0.79065702
vn -0.44644382 -0.22033657 0.86725989
vn -0.50574904 -0.32307925 0.79989856
vn -0.64412386 -0.13335720 0.75320669
vn -0.61184904 -0.01007805 0.79091035
vn -0.58648464 -0.12180373 0.80074941
vn -0.46695635 -0.14315312 0.87261615
vn -0.55612305 0.02656414 0.83067533
vn -0.49656703 0.02038407 0.86775900
vn -0.42182066 -0.33250839 0.84350786
vn -0.43518348 -0.26525177 0.86038180
vn -0.43427830 -0.27255535 0.85855456
vn -0.40257976 -0.28145073 0.87104249
vn -0.32399632 -0.22579595 0.91871790
vn -0.42131087 -0.20630765 0.88313889
vn -0.44255367 -0.19133852 0.87609122
vn -0.36988829 -0.24513132 0.89615472
vn -0.38936766 -0.16458241 0.90625905
vn -0.40659819 -0.13265631 0.90392490
vn -0.36604183 -0.10234868 0.92495304
vn -0.46489630 0.02166826 0.88509995
vn -0.37551006 -0.01912933 0.92662089
vn -0.46926664 -0.04888251 0.88170251
vn -0.39006242 -0.03240658 0.92021798
vn -0.71998414 0.09317349 -0.68770745
vn -0.76963242 0.05069916 -0.63647116
vn -0.66490200 0.04394478 -0.74563677
vn -0.71676196 0.16927622 -0.67645979
vn -0.77262727 0.12511340 -0.62240962
vn -0.66229869 0.12405199 -0.73889888
vn -0.82409963 0.10063917 -0.55743301
vn -0.85884789 0.08627706 -0.50491244
vn -0.88897827 0.07173738 -0.45229568
vn -0.81103334 0.15687227 -0.56357432
vn -0.85699012 0.14184169 -0.49542797
vn -0.88121768 0.12599963 -0.45560892
vn -0.70236764 0.24960502 -0.66661610
vn -0.76078540 0.20815851 -0.61471587
vn -0.65944526 0.19870104 -0.72501713
vn -0.72862096 0.26668352 -0.63086560
vn -0.64848169 0.28666161 -0.70519262
vn -0.64868164 0.33402362 -0.68384235
vn -0.75776635 0.29335535 -0.58286603
vn -0.86018270 0.13189259 -0.49263583
vn -0.75798514 0.26553735 -0.59577549
vn -0.85445047 0.21287719 -0.47391740
vn -0.85886190 0.19603493 -0.47320877
vn -0.82559836 0.29206403 -0.48278976
vn -0.86178525 0.27243346 -0.42790910
vn -0.79060412 0.27933996 -0.54489844
vn -0.85057381 0.30768214 -0.42644566
vn -0.77098835 0.35808986 -0.52663899
vn -0.74182084 0.44004494 -0.50602597
vn -0.84424105 0.37375875 -0.38413729
vn -0.72491717 0.37834621 -0.57562943
vn -0.69703798 0.35363036 -0.62376568
vn -0.71790019 0.40883739 -0.56344592
vn -0.66772215 0.44333902 -0.59799468
vn -0.70638055 0.44749599 -0.54842853
vn -0.74973994 0.45861951 -0.47703058
vn -0.76612273 0.45445199 -0.45445500
vn -0.70630215 0.52957814 -0.46977045
vn -0.67862029 0.53855329 -0.49943454
vn -0.68141755 0.58145571 -0.44449902
vn -0.76865878 0.50030570 -0.39856980
vn -0.90404146 0.10117802 -0.41529755
vn -0.92638104 0.08647934 -0.36652353
vn -0.93531246 0.08407589 -0.34368860
vn -0.88885054 0.14285834 -0.43535756
vn -0.92113566 0.14649983 -0.36062016
vn -0.93213525 0.14786840 -0.33054322
vn -0.97161515 0.07579931 -0.22409477
vn -0.97018990 0.07720031 -0.22972087
vn -0.96374140 0.05198689 -0.26172483
vn -0.96217343 0.12278928 -0.24319761
vn -0.97869621 0.11655199 -0.16902472
vn -0.94479023 0.12570601 -0.30260439
vn -0.92411351 0.14248292 -0.35456007
vn -0.85122205 0.25879506 -0.45655903
vn -0.91640383 0.20826781 -0.34180191
vn -0.92402344 0.21098677 -0.31884991
vn -0.88392835 0.29510712 -0.36274296
vn -0.92134865 0.27093331 -0.27876837
vn -0.88088510 0.26729454 -0.39063420
vn -0.95764149 0.16666674 -0.23482968
vn -0.91801251 0.22818908 -0.32431895
vn -0.91115684 0.30606688 -0.27589179
vn -0.96831439 0.19537241 -0.15555338
vn -0.91181395 0.32375245 -0.25254637
vn -0.90024380 0.34224273 -0.26913011
vn -0.96438188 0.10932959 -0.24086226
vn -0.97163794 0.09779523 -0.21530399
vn -0.97015270 0.15080229 -0.18990106
vn -0.95570538 0.19293933 -0.22226482
vn -0.98360649 0.09591087 -0.15270681
vn -0.99154547 0.06528592 -0.11213976
vn -0.96641367 0.19710262 -0.16490962
vn -0.97709658 0.18030976 -0.11300738
vn -0.96340454 0.20946127 -0.16726525
vn -0.95200443 0.24761991 -0.17992208
vn -0.97934746 0.19187798 -0.06372909
vn -0.87543256 0.44298023 -0.19335548
vn -0.94622736 0.30504198 -0.10771805
vn -0.93566020 0.32371851 -0.14052160
vn -0.94769112 0.28529594 -0.14313550
vn -0.95014999 0.30062456 -0.08270353
vn -0.92526222 0.36518993 -0.10259698
vn -0.92221328 0.38375396 -0.04749289
vn -0.86444879 0.37862678 -0.33071142
vn -0.84247189 0.38712987 -0.37466194
vn -0.83051730 0.45359458 -0.32325373
vn -0.90984327 0.33343121 -0.24699970
vn -0.87878435 0.42462980 -0.21777881
vn -0.90732829 0.37981205 -0.18027249
vn -0.88684407 0.42160776 -0.18908858
vn -0.84799450 0.49504521 -0.18930285
vn -0.82773480 0.51367222 -0.22582283
vn -0.82600542 0.55012612 -0.12278556
vn -0.87422379 0.46870306 -0.12668939
vn -0.86479323 0.36247123 -0.34748710
vn -0.77832843 0.49601922 -0.38492828
vn -0.84303651 0.45733718 -0.28307623
vn -0.82493112 0.48856516 -0.28424061
vn -0.77903957 0.54820970 -0.30424246
vn -0.76784548 0.55039045 -0.32784703
vn -0.77787821 0.58381102 -0.23252997
vn -0.80659154 0.54109644 -0.23795953
vn -0.71052747 0.60036193 -0.36703715
vn -0.71388059 0.62702599 -0.31178985
vn -0.69839207 0.62846706 -0.34245828
vn -0.70779608 0.66789202 -0.23009770
vn -0.76236831 0.61123652 -0.21256640
vn -0.76282113 0.62085393 -0.18067737
vn -0.79356830 0.57284920 -0.20516613
vn -0.73757097 0.67252465 -0.06082481
vn -0.80301906 0.58838598 -0.09466958
vn -0.71496668 0.68753854 -0.12693859
vn -0.76383824 0.63359780 -0.12290229
vn -0.68945412 0.72423245 -0.01184791
vn -0.72086106 0.69233409 -0.03213779
vn -0.88381138 0.43922089 -0.16112870
vn -0.85980590 0.47381194 -0.19035771
vn -0.82482214 0.55761846 -0.09343493
vn -0.90585684 0.41692241 -0.07482701
vn -0.81194190 0.58116764 -0.05472232
vn -0.84271260 0.52803409 -0.10495462
vn -0.74952136 0.66155005 -0.02385909
vn -0.79407651 0.60435946 -0.06474673
vn -0.83119735 0.55559279 -0.02067887
vn -0.87009148 0.48894793 -0.06221529
vn -0.80721982 0.58968203 0.02590861
vn -0.85809136 0.51307868 -0.02072425
vn -0.74091741 0.66168446 0.11495684
vn -0.77798467 0.62814483 0.01318845
vn -0.63244446 0.74349524 0.21732195
vn -0.67721479 0.73041275 0.08875441
vn -0.71725188 0.69660226 0.01717641
vn -0.76204845 0.64739139 -0.01290518
vn -0.70780337 0.70242231 0.07494857
vn -0.72118878 0.69192694 0.03352400
vn -0.69949186 0.70121162 0.13788909
vn -0.71385430 0.69776779 0.05943185
vn -0.60264658 0.77932757 0.17165558
vn -0.61609265 0.78060391 0.10529663
vn -0.63102518 0.76840884 0.10656016
vn -0.67975916 0.72476134 0.11246543
vn -0.63495417 0.72763146 0.25958746
vn -0.67771470 0.69903307 0.22815687
vn -0.55006229 0.78389928 0.28798160
vn -0.56188690 0.81009487 0.16741988
vn -0.43387571 0.86021059 0.26793585
vn -0.51186429 0.83567755 0.19909289
vn -0.99024319 0.09390003 -0.10296216
vn -0.99537208 0.06808568 -0.06781424
vn -0.99453183 0.09645266 -0.04004140
vn -0.98416933 0.15138565 -0.09215806
vn -0.96999783 0.23692876 -0.05448833
vn -0.98841981 0.14404473 -0.04772209
vn -0.96773258 0.25180788 -0.00929722
vn -0.98623288 0.16408923 -0.02048014
vn -0.99450463 0.10457788 0.00489980
vn -0.99497471 0.09557034 0.02986030
vn -0.96452667 0.26106763 0.03914083
vn -0.98514131 0.16975202 0.02609331
vn -0.95958887 0.27294825 0.06847234
vn -0.97977251 0.19659044 0.03739031
vn -0.99474098 0.09731446 0.03194171
vn -0.99305801 0.10763083 0.04744892
vn -0.94775707 0.31280125 0.06254523
vn -0.97457800 0.22039712 0.04028430
vn -0.92534946 0.36559685 0.10033604
vn -0.95827080 0.28236309 0.04458876
vn -0.98089197 0.16998729 0.09463231
vn -0.95108111 0.27699000 0.13682567
vn -0.96114191 0.17542503 0.21314852
vn -0.98844578 0.08247367 0.12717323
vn -0.91235822 0.38846517 0.12921799
vn -0.96379173 0.24977060 0.09338179
vn -0.94047946 0.33767158 -0.03842258
vn -0.93125390 0.36404036 0.01551753
vn -0.90743859 0.42015354 0.00511837
vn -0.88073780 0.47219772 0.03647238
vn -0.92101469 0.38270535 0.07258481
vn -0.91326312 0.39797429 0.08698817
vn -0.87448479 0.47634944 0.09147438
vn -0.82019790 0.55469702 0.13995221
vn -0.88046472 0.41797751 0.22377820
vn -0.90767904 0.41041677 0.08761752
vn -0.88311461 0.44933117 0.13494479
vn -0.70688698 0.68655055 0.17017384
vn -0.69667677 0.67894252 0.23168628
vn -0.81249174 0.56439886 0.14598325
vn -0.59136349 0.75864484 0.27339939
vn -0.76602672 0.61355019 0.19172696
vn -0.86080465 0.47613183 0.17976046
vn -0.77648432 0.56493691 0.27913867
vn -0.54815510 0.78252146 0.29527300
vn -0.72668068 0.66204603 0.18338551
vn -0.52076910 0.83045271 0.19785811
vn -0.71031038 0.67345817 0.20472727
vn -0.67387091 0.68294650 0.28192564
vn -0.44523997 0.82959364 0.33695068
vn -0.44322453 0.81949513 0.36329017
vn -0.36137313 0.85808094 0.36483772
vn -0.75761286 0.64923718 0.06718512
vn -0.85633961 0.51354352 0.05436473
vn -0.75920023 0.63314244 0.15081662
vn -0.81651610 0.56890742 0.09821309
vn -0.62131430 0.76537422 0.16784170
vn -0.61884891 0.77934640 0.09821002
vn -0.50047397 0.85636063 0.12717029
vn -0.62095843 0.77367907 0.12582255
vn -0.67232916 0.70700263 0.21936449
vn -0.76120363 0.63999705 0.10475122
vn -0.63949132 0.74513863 0.18925981
vn -0.77923908 0.60611379 0.15941308
vn -0.57149426 0.78847161 0.22739137
vn -0.55908247 0.76917238 0.30951681
vn -0.50445185 0.83204276 0.23072315
vn -0.67137248 0.70721346 0.22160349
vn -0.59588935 0.74985464 0.28746112
vn -0.44793085 0.82589973 0.34241434
vn -0.39778117 0.84897915 0.34785707
vn -0.41441557 0.86684444 0.27720110
vn -0.43231136 0.80540647 0.40549636
vn -0.33833178 0.84950630 0.40480940
vn -0.51341529 0.78324096 0.35062565
vn -0.61663653 0.75310363 0.22933449
vn -0.46106043 0.86781340 0.18526515
vn -0.63946211 0.75476217 0.14636348
vn -0.53877521 0.78868647 0.29613329
vn -0.40041884 0.84283597 0.35957237
vn -0.42525107 0.83956343 0.33807510
vn -0.49720267 0.80634815 0.32030012
vn -0.34998518 0.88875872 0.29600389
vn -0.31403317 0.94434221 0.09798451
vn -0.45641862 0.82731330 0.32746716
vn -0.50966187 0.83843705 0.19304947
vn -0.39021887 0.87810772 0.27686831
vn -0.55555592 0.78736787 0.26722550
vn -0.51360849 0.70445623 0.48984460
vn -0.31678566 0.88263236 0.34728513
vn -0.35535126 0.88090964 0.31260789
vn -0.43214772 0.82250606 0.36977308
vn -0.30141788 0.87243012 0.38472450
vn -0.34169604 0.85179691 0.39709676
vn -0.45087894 0.75317775 0.47899004
vn -0.19927402 0.87493956 0.44132825
vn -0.28052116 0.87300176 0.39896843
vn -0.35557299 0.86389411 0.35672793
vn -0.26233114 0.88187715 0.39175894
vn -0.29193930 0.86578774 0.40642716
vn -0.15911378 0.90423643 0.39628182
vn -0.15868688 0.88235191 0.44302774
vn -0.12849430 0.89085355 0.43573979
vn 0.01508232 0.86269385 0.50550157
vn -0.39364397 0.08240180 -0.91556232
vn -0.44550706 0.04472704 -0.89416047
vn -0.33967739 0.06693766 -0.93815703
vn -0.40184918 0.11644373 -0.90827204
vn -0.45212364 0.09734032 -0.88662793
vn -0.34425914 0.11091546 -0.93230006
vn -0.25926473 0.05064644 -0.96447744
vn -0.28632062 0.09916036 -0.95298884
vn -0.43537967 0.16818148 -0.88439783
vn -0.47753226 0.15421596 -0.86497421
vn -0.34421493 0.14521820 -0.92759245
vn -0.37029413 0.15506805 -0.91587999
vn -0.34289006 0.21577645 -0.91425758
vn -0.51392721 0.37208243 -0.77293821
vn -0.49937953 0.24608692 -0.83069929
vn -0.30145414 0.12999848 -0.94457705
vn -0.31036072 0.19527131 -0.93034689
vn -0.58230179 0.08896747 -0.80808998
vn -0.51411953 0.04930692 -0.85630014
vn -0.59789926 0.13718048 -0.78974553
vn -0.52418904 0.12003142 -0.84310042
vn -0.61663481 0.20755082 -0.75939724
vn -0.54009962 0.19136395 -0.81955612
vn -0.60928843 0.25338868 -0.75137327
vn -0.61869434 0.25841960 -0.74191416
vn -0.53655822 0.26446244 -0.80135192
vn -0.29554387 0.18511096 -0.93722343
vn -0.29253610 0.28542264 -0.91266453
vn -0.39620036 0.41310030 -0.81998379
vn -0.43553500 0.32930702 -0.83777452
vn -0.64319974 0.37244016 -0.66901600
vn -0.60897123 0.33655176 -0.71825271
vn -0.62542306 0.41188722 -0.66271782
vn -0.56380029 0.44062298 -0.69855610
vn -0.61211488 0.46995388 -0.63597069
vn -0.52339327 0.32821564 -0.78634215
vn -0.45428933 0.34216801 -0.82252189
vn -0.54011755 0.40704253 -0.73660669
vn -0.52950111 0.41262972 -0.74119180
vn -0.56129252 0.48958964 -0.66727258
vn -0.51808134 0.49150829 -0.70000809
vn -0.55361669 0.55059989 -0.62477862
vn -0.59993117 0.51377720 -0.61328262
vn -0.65443945 0.48702516 -0.57837315
vn -0.60525159 0.56579455 -0.55995271
vn -0.69323198 0.54806901 -0.46802754
vn -0.63547203 0.57139314 -0.51931221
vn -0.65333455 0.60956875 -0.44897651
vn -0.70385566 0.59795180 -0.38345906
vn -0.59648510 0.55849467 -0.57644534
vn -0.55191685 0.54528950 -0.63090979
vn -0.57252356 0.60750169 -0.55059828
vn -0.47734242 0.43972813 -0.76077814
vn -0.41169801 0.39477699 -0.82137438
vn -0.37560551 0.38255000 -0.84414217
vn -0.47943632 0.44306756 -0.75751697
vn -0.42977784 0.47865517 -0.76562408
vn -0.48396410 0.47917402 -0.73223699
vn -0.52124122 0.49837852 -0.69276723
vn -0.46714888 0.52810700 -0.70913675
vn -0.50204196 0.54276844 -0.67331738
vn -0.37475454 0.44279597 -0.81454942
vn -0.43636975 0.50184237 -0.74681703
vn -0.40309853 0.48727304 -0.77464608
vn -0.42478645 0.52024520 -0.74087880
vn -0.17929909 0.00376365 -0.98378741
vn -0.22240555 0.05151247 -0.97359244
vn -0.12379975 -0.00717495 -0.99228128
vn -0.08887558 -0.00871899 -0.99600457
vn -0.03895220 -0.13992862 -0.98939512
vn -0.00848365 0.06419805 -0.99790112
vn 0.01055285 -0.09733589 -0.99519564
vn -0.21800868 0.13451165 -0.96663273
vn -0.21443847 0.16413732 -0.96284738
vn -0.05687204 0.15258398 -0.98665278
vn -0.11957254 0.13198577 -0.98401330
vn -0.11426345 0.01288765 -0.99336689
vn -0.11669111 0.04403168 -0.99219171
vn -0.09176593 0.01262714 -0.99570054
vn -0.10181495 0.02717594 -0.99443209
vn -0.08281489 0.13214598 -0.98776472
vn -0.20712177 0.18828639 -0.96002542
vn 0.05532201 -0.06285662 -0.99648809
vn -0.27566964 0.17943617 -0.94435635
vn 0.29713725 -0.21737590 -0.92976189
vn -0.11956899 0.07371221 -0.99008574
vn -0.31671824 0.21432478 -0.92398834
vn -0.28560429 0.27052582 -0.91937260
vn -0.28112682 0.31201626 -0.90753158
vn -0.28846796 0.34662826 -0.89254416
vn -0.34570783 0.44850276 -0.82421561
vn -0.17229961 0.16904779 -0.97043067
vn -0.28621838 0.33421690 -0.89798558
vn -0.27657144 0.38488026 -0.88055405
vn -0.30266801 0.37991783 -0.87410212
vn -0.29642157 0.43844262 -0.84847058
vn -0.35194513 0.40862303 -0.84211748
vn -0.19909295 0.04022667 -0.97915464
vn -0.22561652 0.22825004 -0.94710037
vn -0.13707220 0.30203364 -0.94339117
vn -0.22273541 0.09713161 -0.97002803
vn -0.35999425 0.47865471 -0.80080822
vn -0.15384568 0.06834450 -0.98572843
vn -0.31072349 0.36577675 -0.87730170
vn -0.27695238 0.37936591 -0.88282438
vn -0.32389529 0.38726889 -0.86320024
vn -0.28441377 0.43348189 -0.85510365
vn -0.35657897 0.40099717 -0.84383216
vn -0.27105194 0.27718263 -0.92179208
vn -0.31275501 0.35907263 -0.87934700
vn -0.36841634 0.46047097 -0.80761122
vn -0.39655013 0.54271324 -0.74041228
vn -0.65701586 0.58808216 -0.47168795
vn -0.60436948 0.59034064 -0.53500978
vn -0.64350159 0.61661693 -0.45352978
vn -0.67565739 0.62334391 -0.39361079
vn -0.48395899 0.54554912 -0.68422208
vn -0.44539710 0.54152695 -0.71300069
vn -0.48457896 0.56956937 -0.66390810
vn -0.50939080 0.56607416 -0.64813660
vn -0.56494629 0.56032660 -0.60569778
vn -0.54829427 0.58558454 -0.59704618
vn -0.61449521 0.61093274 -0.49915611
vn -0.55121602 0.61658643 -0.56212283
vn -0.58077483 0.65883332 -0.47816238
vn -0.64888265 0.64452912 -0.40439277
vn -0.52346616 0.59031697 -0.61441765
vn -0.48114154 0.58925874 -0.64905851
vn -0.49696958 0.63587508 -0.59049481
vn -0.54237390 0.66230912 -0.51689184
vn -0.48717690 0.67351481 -0.55591049
vn -0.48660361 0.74225195 -0.46073742
vn -0.58511605 0.69972082 -0.40991459
vn -0.30561797 0.39395079 -0.86683357
vn -0.32355211 0.40136493 -0.85686651
vn -0.33555167 0.46362100 -0.82003698
vn -0.36350491 0.40972672 -0.83665297
vn -0.42480636 0.52160785 -0.73990864
vn -0.48585815 0.54734062 -0.68143973
vn -0.44595237 0.54903292 -0.70688707
vn -0.47424253 0.58267992 -0.65998343
vn -0.42159295 0.50581583 -0.75260197
vn -0.37821705 0.46103090 -0.80274677
vn -0.43972756 0.52159143 -0.73115118
vn -0.44326533 0.51734877 -0.73202876
vn -0.44128578 0.60923200 -0.65886511
vn -0.40374177 0.58584118 -0.70269673
vn -0.42168392 0.67203836 -0.60872582
vn -0.44895357 0.64945477 -0.61371752
vn -0.48060192 0.63505336 -0.60475534
vn -0.42956494 0.70464977 -0.56475009
vn -0.43114688 0.77585433 -0.46061093
vn -0.41619139 0.75600134 -0.50521946
vn -0.41587778 0.82718253 -0.37790837
vn -0.47502069 0.77830963 -0.41059648
vn -0.40296564 0.77252795 -0.49073339
vn -0.39658486 0.75189231 -0.52666725
vn -0.36413927 0.82940589 -0.42366078
vn -0.30847972 0.86006416 -0.40636179
vn -0.41126915 0.49245412 -0.76703756
vn -0.37212031 0.50455457 -0.77907071
vn -0.43276466 0.56865791 -0.69953051
vn -0.37544001 0.44879796 -0.81094093
vn -0.39447346 0.61837114 -0.67971157
vn -0.38130144 0.67028450 -0.63665367
vn -0.39032897 0.58887065 -0.70772499
vn -0.34857541 0.56132304 -0.75060751
vn -0.36099211 0.64930176 -0.66939668
vn -0.37334391 0.72329381 -0.58091341
vn -0.34566379 0.71074263 -0.61266749
vn -0.32436033 0.80623498 -0.49474796
vn -0.37396815 0.73550133 -0.56496514
vn -0.36803189 0.83888262 -0.40103426
vn -0.31994183 0.83334262 -0.45075193
vn -0.34240383 0.84621740 -0.40825939
vn -0.29169819 0.88003286 -0.37477238
vn -0.32446861 0.88327454 -0.33844676
vn -0.32369444 0.88946021 -0.32261813
vn -0.31442770 0.87277713 -0.37335679
vn -0.29927869 0.88859246 -0.34761431
vn -0.03129258 0.01108317 -0.99944882
vn -0.03800902 0.01811675 -0.99911316
vn 0.00966942 0.00891130 -0.99991354
vn 0.00701755 0.00336732 -0.99996971
vn -0.06167010 0.04821623 -0.99693129
vn -0.10061985 0.07939890 -0.99175171
vn -0.00873249 0.00648581 -0.99994084
vn -0.04496387 0.03770792 -0.99827670
vn 0.01090725 0.00264982 -0.99993700
vn 0.00747827 0.00092102 -0.99997161
vn 0.00290943 0.00046948 -0.99999566
vn 0.00216044 0.00006572 -0.99999766
vn 0.00648886 -0.00132248 -0.99997807
vn 0.00257160 0.00450455 -0.99998655
vn 0.00259862 -0.00060480 -0.99999644
vn 0.00366751 -0.00138366 -0.99999232
vn -0.16208339 0.11581250 -0.97995737
vn -0.15609507 0.13814521 -0.97803386
vn -0.12614046 0.14174183 -0.98183392
vn -0.08540841 0.09562680 -0.99174640
vn -0.09722542 0.13496576 -0.98606869
vn -0.06320537 0.14880643 -0.98684433
vn -0.08896326 0.21242518 -0.97311925
vn -0.20025162 0.31454732 -0.92787891
vn -0.23974999 0.30569347 -0.92145073
vn -0.13045201 0.17991396 -0.97499397
vn -0.19134419 0.22634517 -0.95506820
vn -0.04475682 0.16501605 -0.98527485
vn -0.18802962 0.29852993 -0.93569479
vn -0.03223699 0.04189901 -0.99860165
vn -0.08762979 0.10546474 -0.99055450
vn -0.00279245 0.00439398 -0.99998645
vn -0.03771492 0.05517216 -0.99776431
vn -0.13243147 0.19145481 -0.97252607
vn -0.08504730 0.18465262 -0.97911714
vn -0.11277644 0.25428377 -0.96053175
vn -0.08129062 0.11577472 -0.98994346
vn -0.14251542 0.23942417 -0.96039857
vn 0.00019330 0.00003414 -0.99999998
vn 0.00012506 0.00001139 -0.99999999
vn 0.00004550 0.00000000 -1.00000000
vn 0.00004550 -0.00000000 -1.00000000
vn 0.00026106 -0.00007949 -0.99999996
vn 0.00063447 -0.00038519 -0.99999972
vn 0.00004550 0.00000000 -1.00000000
vn 0.00007961 -0.00014778 -0.99999999
vn 0.00002275 0.00000000 -1.00000000
vn 0.00002275 -0.00000000 -1.00000000
vn 0.00000000 0.00000000 -1.00000000
vn 0.00000000 0.00000000 -1.00000000
vn 0.00002275 0.00000000 -1.00000000
vn 0.00003981 -0.00011933 -0.99999999
vn 0.00000000 0.00000000 -1.00000000
vn 0.00001705 -0.00005114 -1.00000000
vn 0.00139316 -0.00180849 -0.99999739
vn -0.00492873 0.01974836 -0.99979283
vn 0.00023222 -0.00144819 -0.99999892
vn 0.00010691 0.01211839 -0.99992656
vn -0.03689669 0.07424592 -0.99655716
vn -0.06799963 0.14399893 -0.98723875
vn -0.00560505 0.04694689 -0.99888166
vn -0.02081336 0.10198973 -0.99456769
vn 0.00008561 -0.00134772 -0.99999909
vn -0.00002778 0.01116385 -0.99993768
vn 0.00018742 -0.00124563 -0.99999921
vn 0.00043732 0.01071011 -0.99994255
vn 0.00568261 0.05247374 -0.99860614
vn 0.02237112 0.08855401 -0.99582012
vn 0.02763395 0.10151422 -0.99445021
vn 0.11147241 0.11427924 -0.98717484
vn -0.28607396 0.37800109 -0.88049808
vn -0.25685864 0.37933165 -0.88889321
vn -0.27344341 0.45718151 -0.84629414
vn -0.34814783 0.52844769 -0.77429718
vn -0.21019213 0.31281066 -0.92626603
vn -0.28066156 0.41187033 -0.86694401
vn -0.32878361 0.54528083 -0.77108376
vn -0.28984008 0.50293093 -0.81428079
vn -0.25629994 0.61264445 -0.74764772
vn -0.32937977 0.57624529 -0.74796412
vn -0.18619817 0.27022517 -0.94462088
vn -0.20367055 0.36146530 -0.90986875
vn -0.14066916 0.21273120 -0.96693207
vn -0.14362457 0.25616842 -0.95590257
vn -0.12325571 0.24845725 -0.96076898
vn -0.14819009 0.31802810 -0.93642823
vn -0.24635305 0.47281131 -0.84602579
vn -0.26173176 0.70849436 -0.65538709
vn -0.16803150 0.52084356 -0.83695126
vn -0.16576573 0.57782047 -0.79915282
vn -0.32295907 0.65273857 -0.68529541
vn -0.30151392 0.73583158 -0.60633427
vn -0.29633812 0.79321061 -0.53197804
vn -0.33538800 0.70625005 -0.62347875
vn -0.20516719 0.68382782 -0.70020421
vn -0.23229849 0.80100845 -0.55174530
vn -0.17677847 0.76472976 -0.61962712
vn -0.12771804 0.73323165 -0.66787682
vn -0.25542550 0.73801207 -0.62457666
vn -0.21249754 0.82526623 -0.52324034
vn -0.19750986 0.81309619 -0.54759880
vn -0.19339357 0.86650534 -0.46018194
vn -0.28010677 0.83740969 -0.46934550
vn -0.28886030 0.86661423 -0.40686545
vn -0.25921081 0.88037696 -0.39717271
vn -0.27992285 0.90668493 -0.31554022
vn -0.23553456 0.89081608 -0.38854882
vn -0.24603804 0.89417613 -0.37405123
vn -0.07313951 0.80179284 -0.59310948
vn -0.11129387 0.86497792 -0.48931266
vn -0.18537777 0.83562957 -0.51706702
vn -0.30790067 0.82995265 -0.46516209
vn -0.22005888 0.87907690 -0.42284500
vn -0.07066306 0.88755328 -0.45525368
vn -0.16386363 0.90026279 -0.40333065
vn -0.21004159 0.91176011 -0.35295330
vn -0.10462446 0.90975824 -0.40173831
vn -0.14265052 0.93597393 -0.32187517
vn -0.25212427 0.91150734 -0.32494265
vn -0.02789068 0.90451959 -0.42551901
vn -0.02197120 0.91602070 -0.40052884
vn -0.06004099 0.91008718 -0.41004439
vn -0.11369171 0.20403186 -0.97234006
vn -0.13460665 0.23435986 -0.96278581
vn -0.12368686 0.30829763 -0.94321479
vn -0.04074097 0.16594984 -0.98529225
vn -0.05015497 0.21713740 -0.97485170
vn -0.05912148 0.29582126 -0.95341200
vn -0.13166699 0.43775529 -0.88940099
vn -0.23933092 0.64678129 -0.72415101
vn -0.12348129 0.59221362 -0.79626340
vn -0.25761728 0.77885326 -0.57185744
vn -0.07495517 0.40415840 -0.91161270
vn -0.09952028 0.56972106 -0.81579019
vn -0.10956387 0.70117480 -0.70452087
vn 0.01778877 0.13949151 -0.99006347
vn -0.00031140 0.19251509 -0.98129396
vn -0.02553185 0.27896708 -0.95996119
vn 0.08683265 0.10893426 -0.99024917
vn 0.03997693 0.15141896 -0.98766095
vn 0.00656180 0.24194411 -0.97026800
vn -0.03585780 0.36976649 -0.92843253
vn -0.06825821 0.54144928 -0.83795793
vn -0.06955277 0.67986729 -0.73002937
vn -0.01485983 0.35141007 -0.93610371
vn -0.01904126 0.48995694 -0.87153865
vn -0.03190843 0.66111939 -0.74960190
vn -0.22590835 0.84612265 -0.48274411
vn -0.23754657 0.84007430 -0.48769540
vn -0.25970361 0.88878267 -0.37764985
vn -0.18421687 0.84615256 -0.50008998
vn -0.13774660 0.88536331 -0.44402442
vn -0.09453184 0.92457652 -0.36908263
vn -0.16969294 0.92451166 -0.34129531
vn -0.15498982 0.94060428 -0.30206249
vn -0.12328182 0.92716573 -0.35378709
vn -0.07330256 0.93697376 -0.34162392
vn -0.13038180 0.94599841 -0.29679554
vn -0.19564359 0.92003670 -0.33949383
vn -0.16171393 0.90804419 -0.38639922
vn -0.07562908 0.79423810 -0.60288148
vn -0.11812451 0.88236731 -0.45549372
vn -0.16013102 0.95355476 -0.25513010
vn -0.13172357 0.91897385 -0.37166646
vn -0.11543598 0.90442716 -0.41071407
vn -0.03310995 0.75272611 -0.65750068
vn -0.05200198 0.84405085 -0.53373585
vn -0.08690066 0.90021708 -0.42668196
vn -0.15081924 0.92983613 -0.33564613
vn -0.11914416 0.89303543 -0.43392671
vn -0.14935645 0.94522796 -0.29023567
vn -0.09065094 0.93760798 -0.33566900
vn -0.06619747 0.95622314 -0.28505298
vn -0.48300870 0.80227738 0.35078998
vn -0.42372019 0.84326051 0.33071576
vn 0.55984345 0.16420666 0.81216469
vn 0.56538594 0.28880706 0.77261195
vn 0.45991095 0.26695403 0.84688693
vn 0.46193972 0.14233601 0.87541542
vn 0.51974519 0.53210974 0.66837427
vn 0.39514907 0.64806620 0.65105101
vn 0.42418059 0.55366326 0.71660856
vn 0.49392918 0.44873622 0.74476155
vn 0.51674979 0.32044591 0.79390432
vn 0.35519277 0.36259493 0.86160491
vn 0.42219849 0.47747423 0.77056265
vn 0.33149512 0.41862326 0.84549722
vn 0.34426330 0.55190377 0.75952947
vn -0.37997960 0.83595668 0.39596961
vn -0.33655287 0.88571631 0.31974800
vn -0.35849537 0.91126429 0.20267823
vn -0.42095904 0.84360233 0.33335956
vn -0.39599700 0.85047266 0.34624072
vn -0.32231278 0.84366345 0.42935585
vn -0.30351693 0.86315582 0.40353376
vn -0.26121548 0.88839346 0.37752288
vn -0.24950493 0.91106280 0.32819486
vn -0.36836332 0.76966709 0.52146049
vn -0.23716897 0.87075324 0.43074317
vn -0.18472880 0.86150168 0.47295890
vn -0.25939738 0.88591827 0.38452804
vn -0.28084298 0.93559349 0.21399074
vn -0.20629004 0.81923552 0.53506783
vn -0.11986968 0.81029481 0.57363191
vn -0.23753897 0.85028843 0.46966459
vn -0.21626356 0.89065583 0.39995283
vn -0.13191453 0.84807172 0.51319871
vn -0.09290849 0.85584219 0.50882428
vn -0.07448320 0.82029663 0.56706763
vn -0.06707208 0.88918233 0.45261035
vn -0.01640563 0.83410555 0.55136085
vn -0.18718249 0.83890197 0.51108336
vn -0.13331502 0.89411588 0.42753234
vn 0.03167445 0.86096063 0.50768447
vn -0.07145546 0.80852348 0.58410950
vn -0.04046194 0.85670996 0.51420898
vn -0.73391511 0.00934917 0.67917685
vn 0.04779934 0.84136264 0.53835316
vn 0.02646464 0.84903937 0.52766635
vn 0.25427147 0.78723592 0.56178788
vn 0.11017872 0.73665363 0.66723465
vn 0.20539170 0.81635614 0.53979339
vn -0.16362430 0.85404194 0.49380103
vn -0.18663481 0.89541265 0.40423216
vn 0.01434103 0.75363317 0.65713878
vn -0.01509053 0.76755417 0.64080642
vn 0.03390716 0.74809058 0.66272980
vn 0.06992317 0.73107062 0.67870943
vn 0.13283128 0.67753479 0.72339647
vn 0.16376520 0.58375129 0.79524549
vn 0.30542949 0.68085656 0.66569300
vn 0.15311714 0.68689792 0.71044098
vn 0.04356504 0.71173880 0.70109199
vn -0.53946329 0.59772974 0.59304175
vn 0.19246972 0.54971368 0.81287778
vn -0.08479853 0.84490818 0.52814711
vn -0.04166444 0.77578228 0.62962364
vn 0.27220676 0.14996247 0.95048132
vn 0.35397015 0.26142646 0.89797625
vn 0.16465865 0.17301879 0.97105717
vn 0.14504184 0.19064424 0.97088498
vn 0.22818142 0.23036257 0.94597375
vn 0.06865216 0.29469368 0.95312251
vn 0.16362707 0.27984614 0.94599805
vn 0.37411290 0.28418539 0.88276736
vn 0.19432244 0.24754730 0.94918866
vn 0.18178015 0.36558511 0.91285459
vn 0.16478501 0.32202777 0.93227894
vn 0.12342895 0.41157730 0.90297809
vn 0.13826190 0.14554586 0.97964282
vn 0.12752532 0.28046600 0.95135488
vn 0.12705700 0.10514672 0.98630659
vn 0.09757714 0.24392632 0.96487235
vn 0.14836891 0.33664388 0.92986965
vn 0.17496702 0.42445803 0.88838163
vn 0.15202284 0.45248263 0.87871982
vn 0.15405435 0.37288530 0.91499935
vn 0.07573354 0.34121392 0.93692982
vn 0.00280081 0.40946101 0.91232332
vn 0.12139121 0.38218167 0.91607933
vn 0.05481710 0.43336431 0.89955014
vn -0.29273764 0.71631300 0.63340379
vn -0.09388151 0.76574836 0.63625130
vn -0.03079763 0.82652757 0.56205310
vn -0.02391758 0.78568135 0.61816889
vn -0.07908708 0.77463230 0.62744723
vn -0.06566944 0.79867582 0.59816758
vn 0.01931521 0.77179729 0.63557523
vn -0.03869756 0.72657187 0.68599986
vn -0.02668110 0.73751691 0.67480139
vn 0.01569311 0.72216450 0.69154332
vn -0.06430402 0.70396492 0.70731774
vn -0.04088090 0.72984101 0.68239347
vn 0.00134839 0.64853768 0.76118136
vn 0.05848306 0.68705381 0.72424912
vn 0.09047113 0.64547569 0.75840366
vn 0.15749817 0.53949834 0.82712506
vn 0.10613456 0.60462405 0.78940814
vn 0.11561422 0.59127963 0.79813642
vn 0.11121889 0.54298809 0.83234265
vn 0.21337559 0.44320880 0.87065310
vn 0.12630053 0.43391592 0.89205670
vn 0.01534778 0.73262422 0.68046029
vn 0.02415750 0.72106560 0.69244554
vn 0.14853603 0.49112099 0.85833398
vn 0.08329390 0.58768180 0.80479329
vn 0.13178344 0.56831587 0.81218852
vn 0.08389445 0.45406237 0.88701132
vn 0.05889839 0.52564640 0.84866179
vn 0.10099050 0.54497297 0.83234932
vn 0.03008230 0.56110190 0.82719992
vn 0.06296399 0.67088411 0.73888433
vn 0.05041502 0.61019496 0.79064558
vn -0.68277395 0.64233717 -0.34817049
vn -0.70157429 0.65786720 -0.27386905
vn -0.70043287 0.64782550 -0.29952616
vn -0.69041918 0.70321980 -0.16971526
vn -0.68844488 0.69336731 -0.21280368
vn -0.66350121 0.66499207 -0.34285811
vn -0.67775370 0.68188143 -0.27511386
vn -0.70012771 0.66342675 -0.26398131
vn -0.69435434 0.70410157 -0.14870451
vn -0.71601159 0.68269026 -0.14581294
vn -0.66240295 0.74726071 -0.05313918
vn -0.66699815 0.73901118 -0.09474147
vn -0.59794000 0.79995253 0.05043521
vn -0.63208618 0.77437376 0.02850143
vn -0.68903656 0.72468947 0.00733495
vn -0.69954716 0.71458041 -0.00293451
vn -0.67763915 0.72012772 0.14906794
vn -0.64424425 0.75644306 0.11288600
vn -0.61549447 0.70307603 -0.35616099
vn -0.60613811 0.75541046 -0.24890086
vn -0.67538348 0.69089976 -0.25790438
vn -0.62196618 0.77193791 -0.13141512
vn -0.66550009 0.73286794 -0.14147158
vn -0.48721098 0.80521381 -0.33801802
vn -0.45394616 0.85767468 -0.24150988
vn -0.56404212 0.79087658 -0.23742520
vn -0.48176990 0.86889525 -0.11366093
vn -0.56497347 0.81526941 -0.12704630
vn -0.65845622 0.75114365 0.04710225
vn -0.68228597 0.73077967 0.02114071
vn -0.62893698 0.76076962 0.16021192
vn -0.64502097 0.74907997 0.15108652
vn -0.49927864 0.86612518 0.02340975
vn -0.57847328 0.81502319 0.03325435
vn -0.53423338 0.81643143 0.21916758
vn -0.57181868 0.80495012 0.15836260
vn -0.56249110 0.81299427 0.15047950
vn -0.57782473 0.80536751 0.13229423
vn -0.52124319 0.80935321 0.27065276
vn -0.55241114 0.80995816 0.19700178
vn -0.63750482 0.73225430 0.23956471
vn -0.57936063 0.79576790 0.17633693
vn -0.55934513 0.75509833 0.34199346
vn -0.55286211 0.80376519 0.21978398
vn -0.52140158 0.75962663 0.38872585
vn -0.45564376 0.83232359 0.31563620
vn -0.60702235 0.74551612 0.27519010
vn -0.46644165 0.79641839 0.38490249
vn -0.42725593 0.80092125 0.41949675
vn -0.40836751 0.83367924 0.37177264
vn -0.49415269 0.74019375 0.45598941
vn -0.40160853 0.77704843 0.48467135
vn -0.40429863 0.79873544 0.44560555
vn -0.48302207 0.74742359 0.45612242
vn -0.48498254 0.78493777 0.38557052
vn -0.47482092 0.69417757 0.54098299
vn -0.40757030 0.74677937 0.52555401
vn -0.42988915 0.76856724 0.47381401
vn -0.39682442 0.71679685 0.57335211
vn -0.56199698 0.74682215 0.35555039
vn -0.60800814 0.74793477 0.26630750
vn -0.52182810 0.77721985 0.35160309
vn -0.59276980 0.73786092 0.32277736
vn -0.55625454 0.74751806 0.36303944
vn -0.50298893 0.75068460 0.42833954
vn -0.49194178 0.81167970 0.31491165
vn -0.58358291 0.77092478 0.25515871
vn -0.43760729 0.79034005 0.42879187
vn -0.42283780 0.78097025 0.45966690
vn -0.43007251 0.86507472 -0.25823122
vn -0.43300777 0.89289258 -0.12347916
vn -0.37965013 0.86861688 -0.31838732
vn -0.39201096 0.91994881 -0.00464690
vn -0.43437746 0.88642742 0.15988327
vn -0.44500493 0.82126991 0.35705230
vn -0.41538117 0.80288384 0.42759330
vn -0.45920593 0.78667698 0.41263693
vn -0.38551269 0.85532144 0.34612886
vn -0.35903716 0.82085664 0.44416968
vn -0.41101483 0.75662397 0.50851448
vn -0.38379823 0.73998452 0.55237835
vn -0.46471355 0.67940149 0.56785115
vn -0.32765845 0.71122496 0.62193166
vn -0.41835169 0.79116569 0.44613755
vn -0.35315049 0.85098702 0.38872333
vn -0.37042481 0.69162181 0.62003607
vn -0.29744811 0.71353783 0.63434090
vn -0.31491477 0.67242025 0.66983557
vn -0.37422426 0.79651183 0.47489484
vn -0.32527189 0.81928617 0.47219527
vn -0.29001058 0.78721244 0.54423381
vn -0.27946046 0.75165971 0.59741906
vn -0.26666902 0.80725741 0.52651981
vn -0.22787850 0.67161278 0.70498770
vn -0.19268379 0.77922347 0.59639228
vn -0.21945306 0.75225663 0.62124899
vn -0.13531715 0.63545322 0.76018976
vn -0.36538977 0.90532849 -0.21649629
vn -0.31552728 0.89781956 -0.30718491
vn -0.38618252 0.91649978 -0.10436102
vn -0.43625261 0.89587737 -0.08418672
vn -0.42483117 0.90484750 0.02773958
vn -0.37005694 0.92893359 0.01184280
vn -0.36309503 0.92389088 0.12077926
vn -0.36565604 0.92403646 0.11158980
vn -0.33285575 0.89973804 -0.28227383
vn -0.28244205 0.94244017 -0.17897770
vn -0.29153602 0.90701085 -0.30387178
vn -0.27629855 0.92898172 -0.24627643
vn -0.27442446 0.92268845 -0.27080851
vn -0.33026811 0.92703560 -0.17756118
vn -0.30038829 0.94240642 -0.14709524
vn -0.43183725 0.90143744 0.03044884
vn -0.40146826 0.90271860 0.15466856
vn -0.33686680 0.94036953 -0.04717944
vn -0.34174503 0.93930712 -0.03020702
vn -0.33175721 0.92848241 0.16690588
vn -0.37096403 0.91845102 0.13723486
vn -0.33559665 0.90269612 0.26928536
vn -0.33579343 0.92200383 0.19274776
vn -0.36619493 0.85557118 0.36592244
vn -0.29272370 0.87657074 0.38201645
vn -0.23653258 0.93547000 0.26257993
vn -0.43957195 0.80011255 0.40816223
vn -0.30777886 0.83043494 0.46438129
vn -0.35979588 0.86686236 0.34510370
vn -0.43545298 0.85087124 0.29393678
vn -0.24907350 0.82904456 0.50064708
vn -0.30437273 0.81885569 0.48665450
vn -0.35690135 0.85099300 0.38526917
vn -0.31003447 0.88199392 0.35491597
vn -0.34699317 0.81377545 0.46622447
vn -0.30079598 0.83740602 0.45636929
vn -0.32479949 0.88663329 0.32922136
vn -0.28297613 0.77309195 0.56767362
vn -0.23972065 0.81960201 0.52037155
vn -0.21922935 0.73575972 0.64077775
vn -0.16770154 0.80438413 0.56994944
vn -0.30400972 0.71011619 0.63506936
vn -0.33836530 0.73851975 0.58317879
vn -0.08913463 0.72120297 0.68696528
vn -0.12452290 0.74978284 0.64986132
vn -0.19287867 0.65147059 0.73374647
vn -0.09765937 0.75794256 0.64496956
vn -0.37158175 0.53988413 0.75528282
vn -0.23198070 0.71086720 0.66396745
vn -0.09112316 0.76163878 0.64156289
vn -0.12563618 0.63222078 0.76453413
vn -0.12576993 0.57001398 0.81195196
vn -0.09115941 0.69951464 0.70878010
vn -0.31529605 0.71970873 0.61855294
vn -0.12792274 0.78250874 0.60935692
vn -0.09365275 0.77825189 0.62092927
vn -0.09005297 0.74498642 0.66097330
vn -0.16320439 0.62528535 0.76313993
vn -0.24398714 0.69393686 0.67743776
vn -0.15542339 0.57379601 0.80411548
vn 0.04614012 0.10041790 0.99387491
vn 0.04714108 0.22380712 0.97349273
vn -0.06865900 0.11000278 0.99155702
vn -0.11516897 0.29505639 0.94851349
vn 0.02682725 0.45628405 0.88942968
vn 0.18060303 0.36086764 0.91496289
vn -0.11816689 0.46232624 0.87880091
vn 0.12306176 0.36020622 0.92472011
vn 0.03238699 0.32479757 0.94522887
vn -0.10930135 0.41394625 0.90371550
vn -0.16309216 0.14305244 0.97618489
vn -0.21281569 0.22334772 0.95122304
vn -0.33623662 0.17648959 0.92509262
vn -0.49793584 0.21605068 0.83987023
vn -0.40473123 0.22654452 0.88592901
vn -0.40957143 0.30836104 0.85858297
vn -0.31438850 0.17855926 0.93234997
vn -0.28402428 0.38785164 0.87687018
vn -0.25389256 0.41029175 0.87589911
vn -0.15516459 0.44161926 0.88368342
vn -0.06337788 0.35492506 0.93274404
vn -0.30640997 0.29701016 0.90437707
vn -0.27167481 0.49302094 0.82651264
vn -0.24648812 0.43500794 0.86603215
vn -0.13856301 0.68601450 0.71427193
vn -0.05573792 0.70530940 0.70670498
vn -0.09317427 0.64611774 0.75752916
vn -0.11300325 0.66277028 0.74024714
vn -0.10984519 0.67607124 0.72860258
vn -0.08095354 0.63762888 0.76607829
vn -0.22057183 0.65579138 0.72200121
vn -0.11395641 0.65180285 0.74977795
vn -0.08830890 0.63792766 0.76501624
vn -0.22732612 0.49496120 0.83865145
vn -0.17371843 0.58002884 0.79585706
vn 0.26525157 0.52521912 0.80857064
vn 0.06155411 0.49675061 0.86570776
vn 0.01658003 0.49822375 0.86688995
vn 0.47929114 0.04935841 0.87626694
vn -0.10473285 0.52151952 0.84678711
vn -0.06465565 0.48540742 0.87189408
vn -0.02264390 0.62363809 0.78138517
vn -0.04720448 0.57355284 0.81780736
vn -0.29363982 0.51003207 0.80848187
vn -0.23452161 0.56780350 0.78904930
vn -0.20455629 0.53234590 0.82144054
vn -0.18599046 0.49510459 0.84869252
vn -0.17439716 0.53765097 0.82493458
vn -0.15796416 0.57874371 0.80006440
vn -0.21642600 0.56992458 0.79268264
vn -0.09392198 0.53823356 0.83754599
vn -0.16812254 0.72419682 0.66878530
vn -0.45479904 0.20761515 0.86605645
vn -0.48138706 0.35952043 0.79938199
vn -0.33079012 0.40422792 0.85274714
vn -0.36317503 0.32739253 0.87230616
vn -0.42252771 0.27810641 0.86262805
vn -0.27924080 0.51143732 0.81268471
vn -0.55886057 0.43959250 0.70315951
vn -0.53319759 0.46893603 0.70413020
vn -0.21352969 0.51452183 0.83046515
vn -0.39374784 0.51608385 0.76067082
vn -0.20576969 0.28898305 0.93495863
vn -0.49929803 0.60560942 0.61962788
vn -0.63633563 0.63801658 0.43360329
vn -0.40886731 0.52687486 0.74513784
vn -0.24577469 0.54445887 0.80197216
vn -0.13974000 0.55079831 0.82285719
vn -0.21520042 0.50825981 0.83388293
vn -0.19075323 0.48933298 0.85097970
vn -0.33494964 0.48082090 0.81032092
vn -0.26724643 0.56170066 0.78298896
vn -0.29573399 0.53230743 0.79321511
vn -0.29167478 0.54480749 0.78620012
vn -0.28627695 0.65419171 0.70005622
vn -0.23448916 0.55704560 0.79669005
vn -0.22786013 0.56627618 0.79209283
vn -0.38254541 0.64027461 0.66611368
vn -0.30528724 0.57408884 0.75975108
vn -0.26074351 0.54079331 0.79972209
vn -0.42885859 0.58212379 0.69080547
vn -0.25380566 0.65829203 0.70868490
vn -0.30783493 0.60774872 0.73203767
vn -0.43818765 0.58328685 0.68393569
vn -0.45922982 0.53034765 0.71262848
vn -0.42819488 0.50568969 0.74895065
vn -0.18803003 0.54039777 0.82013106
vn -0.30710815 0.54881095 0.77749028
vn -0.42956413 0.64372352 0.63332036
vn -0.46935796 0.58984686 0.65710257
vn -0.68542747 0.57876118 0.44184238
vn -0.36697813 0.66125979 0.65426489
vn -0.27529247 0.62988664 0.72626227
vn -0.26934053 0.53228689 0.80257482
vn -0.26961209 0.65409339 0.70673273
vn -0.18965267 0.62866625 0.75419534
vn -0.22721906 0.60971657 0.75935315
vn -0.23394129 0.52990736 0.81515009
vn -0.26154990 0.62470893 0.73575159
vn -0.33682109 0.59681562 0.72826003
vn -0.29615572 0.54346859 0.78545126
vn -0.24276145 0.72560363 0.64386819
vn -0.23611900 0.70331237 0.67052183
vn -0.40512700 0.59489356 0.69424330
vn -0.27697148 0.91014687 -0.30809004
vn -0.25086783 0.91348685 -0.32032345
vn -0.28230458 0.91838473 -0.27726091
vn -0.29756053 0.93068212 -0.21281099
vn -0.26023030 0.92195309 -0.28684958
vn -0.23422301 0.95426891 -0.18576982
vn -0.31108546 0.95037225 -0.00429204
vn -0.27589798 0.94848565 0.15574107
vn -0.21361284 0.97647971 -0.02927343
vn -0.30113114 0.94287549 0.14249860
vn -0.10768125 0.96318428 -0.24633471
vn -0.17942411 0.95895914 -0.21955491
vn -0.09445990 0.97120344 -0.21872632
vn -0.10029756 0.96662372 -0.23575195
vn -0.05748755 0.95939121 -0.27615881
vn -0.13839034 0.97507846 -0.17340736
vn -0.11421613 0.97409209 -0.19519035
vn -0.21671294 0.96522882 -0.14618082
vn -0.15380510 0.98375521 -0.09257257
vn -0.22074221 0.97503327 -0.02414531
vn -0.22340569 0.97008044 0.09504654
vn -0.26564373 0.96086996 0.07850054
vn -0.12067679 0.98881459 -0.08765167
vn -0.13059310 0.99090796 0.03235509
vn -0.30325237 0.89349711 0.33121129
vn -0.30689458 0.84702313 0.43401330
vn -0.27489252 0.91867165 0.28368379
vn -0.32559521 0.80452070 0.49672346
vn -0.27004420 0.89197466 0.36257046
vn -0.27660133 0.85971097 0.42940511
vn -0.29843498 0.77513426 0.55686932
vn -0.27020972 0.77557921 0.57049417
vn -0.27870066 0.73886299 0.61352051
vn -0.25324233 0.72569548 0.63971431
vn -0.13851641 0.88752655 0.43944263
vn -0.22250382 0.68750717 0.69124955
vn -0.40117321 0.85683927 0.32386189
vn -0.27031345 0.85908490 0.43463061
vn -0.27646393 0.70559594 0.65245848
vn -0.23194503 0.71715235 0.65718643
vn -0.08573206 0.69593073 0.71297296
vn -0.26882539 0.81182545 0.51833614
vn -0.27163178 0.82013221 0.50358647
vn -0.28131506 0.62859018 0.72507671
vn -0.26177035 0.66651333 0.69802312
vn -0.19239327 0.88925834 0.41497522
vn -0.24034991 0.81634244 0.52518277
vn -0.25004630 0.92923963 0.27201207
vn -0.30780698 0.91987520 0.24307297
vn -0.21740977 0.94631171 0.23922195
vn -0.19554695 0.92343272 0.33020206
vn -0.33879754 0.89596002 0.28717916
vn -0.06722522 0.94029834 -0.33364621
vn -0.08390770 0.95314301 -0.29065083
vn -0.10767812 0.96589569 -0.23548024
vn -0.22154092 0.93357054 -0.28171915
vn -0.18045563 0.93357938 -0.30962124
vn -0.16643972 0.94505948 -0.28135458
vn -0.12626451 0.96116431 -0.24539853
vn -0.11797151 0.98998455 -0.07754563
vn -0.14089780 0.98999706 -0.00732372
vn -0.16504597 0.97983825 -0.11259145
vn -0.17332928 0.98308370 0.05918948
vn -0.12733525 0.95863043 -0.25458481
vn -0.11355200 0.95651807 -0.26866173
vn -0.10702722 0.95516101 -0.27606635
vn -0.06210503 0.95035926 -0.30489383
vn -0.08945308 0.95611853 -0.27899013
vn -0.04380200 0.96023423 -0.27573829
vn -0.10841583 0.98115178 -0.15995999
vn -0.11003231 0.99334630 0.03400031
vn -0.04448704 0.98671010 -0.15628204
vn -0.05243482 0.99859056 -0.00821489
vn -0.25826468 0.87203129 0.41576529
vn -0.22155945 0.81754167 0.53154213
vn -0.22953634 0.77077017 0.59432854
vn -0.13674680 0.78746639 0.60099667
vn -0.19919137 0.71757831 0.66738607
vn -0.25061471 0.80890327 0.53185315
vn -0.26510060 0.74255011 0.61509430
vn -0.42180425 0.65056020 0.63154778
vn -0.16719071 0.96004605 0.22440775
vn -0.20565842 0.90981158 0.36048233
vn -0.11721955 0.97467876 0.19042291
vn -0.18121341 0.93288136 0.31127812
vn -0.21019732 0.88466450 0.41615599
vn -0.22362277 0.91943224 0.32347676
vn -0.10914441 0.87595436 0.46988452
vn -0.21538598 0.79231219 0.57083296
vn 0.00836276 0.89971384 0.43640013
vn -0.12877069 0.84569953 0.51789035
vn -0.13990107 0.97286336 0.18429482
vn -0.14648946 0.94731276 0.28484975
vn -0.09150003 0.98702605 0.13193677
vn -0.10282210 0.94264139 0.31757648
vn -0.14521231 0.90880044 0.39114595
vn -0.10033938 0.90652648 0.41005092
vn -0.14391030 0.56846267 0.81002471
vn -0.12140020 0.66079569 0.74068282
vn -0.15462451 0.74300033 0.65118490
vn -0.00525284 0.53399479 0.84547145
vn -0.20019239 0.65085540 0.73233207
vn -0.14901641 0.70609907 0.69225589
vn -0.10378458 0.68178614 0.72415221
vn -0.13933311 0.67790840 0.72182165
vn -0.15081091 0.54040775 0.82777747
vn -0.25826761 0.49256227 0.83107175
vn -0.17918113 0.56541783 0.80510670
vn -0.31811291 0.58364347 0.74710406
vn -0.25722541 0.57826048 0.77424151
vn -0.31521140 0.64828068 0.69309014
vn -0.17859425 0.65861708 0.73097718
vn -0.29795916 0.59640672 0.74533171
vn -0.17369302 0.62586050 0.76034819
vn -0.09020701 0.60695587 0.78959944
vn -0.28108477 0.51952672 0.80689735
vn -0.25498630 0.62761455 0.73558274
vn -0.38923839 0.65283580 0.64984528
vn -0.32737792 0.57743049 0.74792896
vn -0.34437587 0.52449161 0.77866155
vn -0.19115350 0.51533300 0.83539945
vn -0.24858099 0.57869067 0.77673972
vn -0.42931425 0.57026513 0.70034774
vn -0.30173264 0.43492075 0.84841108
vn -0.32429821 0.65953064 0.67812241
vn -0.27160940 0.69691291 0.66373242
vn -0.28509633 0.67865595 0.67686496
vn -0.22870304 0.60022180 0.76643898
vn -0.26195379 0.57794252 0.77289240
vn -0.15739870 0.51803949 0.84075010
vn -0.26178857 0.58397972 0.76839731
vn -0.16695241 0.58499362 0.79366829
vn -0.24515003 0.59660409 0.76417604
vn -0.25183054 0.57153287 0.78098115
vn -0.25970343 0.47403643 0.84133441
vn -0.26328617 0.71279523 0.65007950
vn -0.27921439 0.51561582 0.81004917
vn -0.20151845 0.35326452 0.91356144
vn -0.15750058 0.70132178 0.69522753
vn -0.28477824 0.53484449 0.79551412
vn -0.37609514 0.51406206 0.77090378
vn -0.33221159 0.52391822 0.78431190
vn -0.28894427 0.53306812 0.79520411
vn -0.38391845 0.48851880 0.78355344
vn -0.31615572 0.56747375 0.76027567
vn -0.19336690 0.56861863 0.79955119
vn -0.30446074 0.59101633 0.74699622
vn -0.34740917 0.52908341 0.77419482
vn -0.41339914 0.54648823 0.72832120
vn -0.35230305 0.43270357 0.82984949
vn -0.33852738 0.62778781 0.70091489
vn -0.35989065 0.52315747 0.77251860
vn -0.41723039 0.53203370 0.73678962
vn -0.33202835 0.45980085 0.82361420
vn -0.36342024 0.43872732 0.82185405
vn -0.49595127 0.47958491 0.72389962
vn -0.21844425 0.69801271 0.68195334
vn -0.34757874 0.55371135 0.75669859
vn -0.29816126 0.64736220 0.70144283
vn -0.33430118 0.63436021 0.69701496
vn -0.27263803 0.58908291 0.76069036
vn -0.28492607 0.69927151 0.65561916
vn -0.27402706 0.72166789 0.63569224
vn -0.29132619 0.71296926 0.63781179
vn -0.31014528 0.67716086 0.66728035
vn -0.25740247 0.69110357 0.67536644
vn -0.27520918 0.70899678 0.64929460
vn -0.54409576 0.58835417 0.59816316
vn -0.14891318 0.73698194 0.65930454
vn -0.24400238 0.69547356 0.67585455
vn -0.21323064 0.77551838 0.59422549
vn -0.93975622 0.22499670 0.25736108
vn -0.91974811 0.25544186 0.29801487
vn -0.88122434 0.37724620 0.28483147
vn -0.79964374 0.47846785 0.36282008
vn -0.83773632 0.22978544 0.49537511
vn -0.76993654 0.29177458 0.56750799
vn -0.68948398 0.55752329 0.46236308
vn -0.58779391 0.56381592 0.58018094
vn -0.78354711 0.42728393 0.45109021
vn -0.51505017 0.25034756 0.81978621
vn -0.28535552 0.35158601 0.89160502
vn -0.02103350 0.67021615 0.74186785
vn -0.29687119 0.51774223 0.80237802
vn -0.50279112 0.49515789 0.70853353
vn -0.56871557 0.72178369 0.39445012
vn -0.73748898 0.63773956 0.22225720
vn -0.55890179 0.75308226 0.34712520
vn -0.76616806 0.56748989 0.30156546
vn -0.48445833 0.74767734 0.45417916
vn -0.31120733 0.77844118 0.54514156
vn -0.33095330 0.90748656 0.25872390
vn -0.39590096 0.89991515 0.18279814
vn -0.30109373 0.81678645 0.49214069
vn -0.27579611 0.87399673 0.40008276
vn -0.04921952 0.39175175 0.91875351
vn -0.08918326 0.52151110 0.84857087
vn 0.14132281 0.57409816 0.80649809
vn 0.40085941 0.30202297 0.86492419
vn -0.18324835 0.91115020 0.36908718
vn -0.16767456 0.89075326 0.42242616
vn -0.23822333 0.91063313 0.33763434
vn -0.07103573 0.81343180 0.57730636
vn 0.03827884 0.89075702 0.45286496
vn 0.01162668 0.90151737 0.43258671
vn 0.23233237 0.80712535 0.54274334
vn -0.12309412 0.81931091 0.55997988
vn -0.13014232 0.71528760 0.68660515
vn -0.24737303 0.70067708 0.66922210
vn 0.06605690 0.75378370 0.65379402
vn 0.35596659 0.62491011 0.69482022
vn 0.03947131 0.71351581 0.69952641
vn 0.30995055 0.16106937 0.93700977
vn -0.04429341 0.23733676 0.97041710
vn 0.80841767 0.14750480 0.56982735
vn 0.77901453 0.16706638 0.60433864
vn 0.77064428 0.28066117 0.57213347
vn 0.69156258 0.33513356 0.63986459
vn 0.65528501 0.13523227 0.74317817
vn 0.74943456 0.22894182 0.62123545
vn 0.54927680 0.38858369 0.73979572
vn 0.65781065 0.42700415 0.62044549
vn 0.82599093 0.08296824 0.55754395
vn 0.78245910 0.25752877 0.56695387
vn 0.67408664 0.46989524 0.56991724
vn 0.19339981 0.81907550 0.54010354
vn 0.48530840 0.64301417 0.59245973
vn 0.47793428 0.67464885 0.56251912
vn 0.23844115 0.81906788 0.52179845
vn 0.67657064 0.45876449 0.57600982
vn 0.59450952 0.47060200 0.65199094
vn 0.43546714 0.64695605 0.62595227
vn 0.45143540 0.66278040 0.59743470
vn 0.66088050 0.11169282 0.74213320
vn 0.66861885 0.18948942 0.71905674
vn 0.50329424 0.05976562 0.86204581
vn 0.59201788 0.34996782 0.72597338
vn -0.83196625 0.16226167 -0.53056886
vn -0.88637659 0.12329612 -0.44624501
vn -0.80919463 0.07628571 -0.58256719
vn -0.89646544 0.13118052 -0.42325097
vn -0.86993330 0.17618542 -0.46062431
vn -0.78440054 0.24088091 -0.57156993
vn -0.76734016 0.31813111 -0.55675998
vn -0.86805316 0.25761148 -0.42440551
vn -0.89344728 0.24814616 -0.37440012
vn -0.80693045 0.37862812 -0.45332549
vn -0.88346568 0.32931888 -0.33322285
vn -0.79618625 0.34695739 -0.49568945
vn -0.78498564 0.44531388 -0.43068909
vn -0.76616712 0.44982124 -0.45896492
vn -0.76235898 0.51065520 -0.39754252
vn -0.84658365 0.41243234 -0.33644567
vn -0.50682259 0.15322360 0.84832387
vn -0.77592073 0.23835262 0.58406767
vn -0.64660479 0.33158600 0.68698833
vn -0.47251237 0.22728549 0.85151240
vn -0.95001659 0.30924747 -0.04283074
vn -0.79489895 0.49112016 0.35628170
vn -0.92711601 0.36267655 0.09445433
vn -0.80233159 0.21843123 0.55547441
vn -0.92458454 0.32732068 -0.19494770
vn -0.86145103 0.39945573 -0.31358769
vn -0.83137024 0.25494691 -0.49378699
vn -0.78208138 0.08173415 -0.61779304
vn -0.70322243 0.31515697 -0.63730236
vn -0.71287407 0.25246997 -0.65427019
vn -0.83470618 0.34929971 -0.42574089
vn -0.71704173 0.51442047 0.47034321
vn -0.60443076 0.44365511 0.66168996
vn -0.74877785 0.65567807 0.09704637
vn -0.76943323 0.63866026 -0.00925093
vn -0.85844777 0.51227673 -0.02529770
vn -0.65047044 0.68940251 0.31876697
vn -0.46941830 0.58363284 0.66258522
vn -0.68579424 0.39699481 -0.60998473
vn -0.76857660 0.48576326 -0.41632207
vn -0.65453768 0.48106490 -0.58322979
vn -0.63892477 0.38730106 -0.66466008
vn -0.76952779 0.61848065 -0.15908699
vn -0.61852428 0.52996916 -0.58013826
vn -0.65729676 0.62780987 -0.41691215
vn -0.60242350 0.57758551 -0.55089101
vn -0.60983253 0.50301394 -0.61243878
vn -0.77073136 0.16390512 -0.61571770
vn -0.74027747 0.05876424 -0.66972833
vn -0.75151526 0.27403847 -0.60010644
vn -0.72721895 0.21480082 -0.65193037
vn -0.72586681 0.15876990 -0.66926041
vn -0.68868613 0.28613301 -0.66621266
vn -0.73224682 0.32711776 -0.59733455
vn -0.68863225 0.36052996 -0.62912937
vn -0.70857865 0.40308315 -0.57917205
vn -0.77538247 0.35643352 -0.52128416
vn -0.66021758 0.34852593 -0.66531378
vn -0.64561530 0.41181369 -0.64310992
vn -0.65378210 0.46619473 -0.59601295
vn -0.69569668 0.45149462 -0.55871168
vn -0.62186722 0.43603813 -0.65050127
vn -0.74897964 0.42423673 -0.50897218
vn -0.69142772 0.53621979 -0.48414466
vn -0.58882988 0.48187842 -0.64890104
vn -0.63077600 0.50452053 -0.58955973
vn -0.57447732 0.53006117 -0.62370743
vn -0.61228966 0.55503517 -0.56306068
vn -0.68672134 0.52921922 -0.49833806
vn -0.79612517 0.49402135 -0.34946761
vn -0.70250422 0.52446741 -0.48106316
vn -0.70138982 0.60715777 -0.37337885
vn -0.76742948 0.54702854 -0.33438268
vn -0.62736957 0.60243555 -0.49343574
vn -0.59047715 0.60154476 -0.53803405
vn -0.61287164 0.64182188 -0.46092628
vn -0.69912062 0.56062942 -0.44376233
vn -0.63535034 0.65696956 -0.40585828
vn -0.70498010 0.60452932 -0.37087377
vn -0.56725672 0.50249555 -0.65247072
vn -0.52120505 0.54693174 -0.65514195
vn -0.56036473 0.54478985 -0.62385526
vn -0.55950214 0.57540043 -0.59654983
vn -0.51510528 0.59908572 -0.61299499
vn -0.53147425 0.62540766 -0.57131460
vn -0.53699942 0.58419800 -0.60855921
vn -0.48904063 0.58989087 -0.64254807
vn -0.47000142 0.60005986 -0.64732281
vn -0.45352986 0.63501690 -0.62535126
vn -0.48071319 0.65203196 -0.58631830
vn -0.44272567 0.65730384 -0.60987347
vn -0.44654784 0.70751759 -0.54773524
vn -0.51721136 0.65395779 -0.55211558
vn -0.54817736 0.66480388 -0.50748141
vn -0.51618296 0.71944352 -0.46471085
vn -0.60555645 0.65713529 -0.44885921
vn -0.57385217 0.72079807 -0.38877222
vn -0.61214390 0.70360167 -0.36086636
vn -0.47882828 0.71810739 -0.50502005
vn -0.47506359 0.78891749 -0.38977401
vn -0.44120202 0.76925285 -0.46215889
vn -0.43276831 0.83579867 -0.33786414
vn -0.54595483 0.76398263 -0.34389513
vn -0.94438819 0.09214563 -0.31565825
vn -0.90411219 0.20256544 -0.37622917
vn -0.95174836 0.18018698 -0.24841037
vn -0.96520069 0.16188076 -0.20538319
vn -0.92343930 0.28792532 -0.25369050
vn -0.94175738 0.26955621 -0.20107831
vn -0.91305607 0.26744486 -0.30789912
vn -0.98069778 0.15308853 -0.12163783
vn -0.98964636 0.14073413 -0.02817784
vn -0.95118167 0.27984378 -0.13015719
vn -0.95970594 0.27967630 -0.02730700
vn -0.89679153 0.37476892 -0.23518760
vn -0.89441536 0.35617237 -0.27048549
vn -0.89295981 0.40710812 -0.19205663
vn -0.92144112 0.34265340 -0.18312542
vn -0.80616959 0.51058225 -0.29899225
vn -0.85699621 0.44675832 -0.25683556
vn -0.87766378 0.44299320 -0.18292983
vn -0.90256253 0.41510788 -0.11430802
vn -0.93460317 0.33723298 -0.11309657
vn -0.90954400 0.41542924 -0.01217635
vn -0.93786611 0.34662503 -0.01607011
vn -0.87855091 0.46800905 -0.09547686
vn -0.87978474 0.47511426 0.01566072
vn -0.98859374 0.13253379 0.07153463
vn -0.97328490 0.12564907 0.19216871
vn -0.95703886 0.27677824 0.08643161
vn -0.94588615 0.26512842 0.18709973
vn -0.94665014 0.11663460 0.30041617
vn -0.89176443 0.11343997 0.43804975
vn -0.83564296 0.14017509 0.53108548
vn -0.89285284 0.31281568 0.32397556
vn -0.81138100 0.43780583 0.38728145
vn -0.83173469 0.30542544 0.46360836
vn -0.89724139 0.24045359 0.37032413
vn -0.88505365 0.44389738 0.14012549
vn -0.92422759 0.36839852 0.10042851
vn -0.83758388 0.49791317 0.22480153
vn -0.86705895 0.46241866 0.18541239
vn -0.86620107 0.47636144 0.15091549
vn -0.85686480 0.45478422 0.24280452
vn -0.81940666 0.48007708 0.31320716
vn -0.88283568 0.37084146 0.28823216
vn -0.75860634 0.51652394 0.39713907
vn -0.74748994 0.52986422 0.40062788
vn -0.73410223 0.44529901 0.51264287
vn -0.73765151 0.52892729 0.41965006
vn -0.74147059 0.46607713 0.48269396
vn -0.74732502 0.50593380 0.43073925
vn -0.79015942 0.55679779 -0.25617242
vn -0.76914810 0.56466376 -0.29927586
vn -0.76592196 0.61651700 -0.18240160
vn -0.83319338 0.53079068 -0.15508079
vn -0.79462809 0.60320410 -0.06863677
vn -0.83233300 0.54894310 -0.07670236
vn -0.80488625 0.59241427 0.03469099
vn -0.84254694 0.53816233 0.02227013
vn -0.78998159 0.59547675 0.14607030
vn -0.83746884 0.52948635 0.13524107
vn -0.77472793 0.56258502 0.28860827
vn -0.81939184 0.48121186 0.31149985
vn -0.74095496 0.52290244 0.42137725
vn -0.80103521 0.51011466 0.31325011
vn -0.72360991 0.60350694 -0.33491503
vn -0.70709420 0.66631104 -0.23674329
vn -0.76773409 0.59495584 -0.23793257
vn -0.70869516 0.69030273 -0.14571654
vn -0.75020139 0.64454729 -0.14750139
vn -0.70362033 0.70831754 -0.05661001
vn -0.76209364 0.64472126 -0.05956323
vn -0.70736314 0.70441466 0.05862912
vn -0.76129975 0.64645527 0.05018234
vn -0.63554268 0.69069884 -0.34499363
vn -0.61386094 0.74925168 -0.24858935
vn -0.68707851 0.69163730 -0.22262291
vn -0.64026945 0.75847042 -0.12156342
vn -0.68471778 0.71900633 -0.11912792
vn -0.57949175 0.81456423 -0.02596982
vn -0.66751004 0.74395722 -0.03095167
vn -0.57272389 0.81685076 0.06886350
vn -0.65369568 0.75395201 0.06510244
vn -0.57084462 0.76114939 -0.30787664
vn -0.54008688 0.81806305 -0.19768411
vn -0.59068276 0.77045750 -0.23976890
vn -0.51326488 0.85414343 -0.08365499
vn -0.55651808 0.82508543 -0.09757900
vn -0.47611278 0.82897501 -0.29345706
vn -0.55527743 0.83163839 0.00667578
vn -0.51236315 0.85873778 -0.00730917
vn -0.39852225 0.91680775 0.02536862
vn -0.52510862 0.84794130 0.07250165
vn -0.70314376 0.67694341 0.21756947
vn -0.74301621 0.64746787 0.16944695
vn -0.67443924 0.69340430 0.25361820
vn -0.68867381 0.68861477 0.22702002
vn -0.70756049 0.55388108 0.43883242
vn -0.70667388 0.49828571 0.50231801
vn -0.71180643 0.55024287 0.43653681
vn -0.64296843 0.67367813 0.36434787
vn -0.69807697 0.58788813 0.40874943
vn -0.62304185 0.70418841 0.34049601
vn -0.56032045 0.67616318 0.47837679
vn -0.61145788 0.66409291 0.43023235
vn -0.60993644 0.77097901 0.18321820
vn -0.64599640 0.73832840 0.19380360
vn -0.58386842 0.74257980 0.32813551
vn -0.62445593 0.73699292 0.25864305
vn -0.54265212 0.78764890 0.29178397
vn -0.63969641 0.70735669 0.30072415
vn -0.40597378 0.89563281 0.18173375
vn -0.48083640 0.86788093 0.12481606
vn -0.43381718 0.85680437 0.27872734
vn -0.56456423 0.78979801 0.23976307
vn -0.49949608 0.78180949 0.37319913
vn -0.38430741 0.89919260 0.20919008
vn -0.41256624 0.88751650 0.20519153
vn -0.38790697 0.86786149 0.31039429
vn -0.50587734 0.76930281 0.39020675
vn -0.46202072 0.78718449 0.40850634
vn -0.44259415 0.84770072 0.29242762
vn -0.53800936 0.68803890 0.48697885
vn -0.38846436 0.85021434 0.35529003
vn -0.44084259 0.81792171 0.36967809
vn -0.39527590 0.83390833 0.38516732
vn -0.42642525 0.81398974 0.39443911
vn -0.40291212 0.77842830 0.48136391
vn -0.50015722 0.85945542 -0.10573140
vn -0.41316929 0.88702179 -0.20611521
vn -0.43194030 0.90146648 -0.02803140
vn -0.52700883 0.84846119 -0.04873702
vn -0.40107878 0.91214482 0.08442529
vn -0.52711335 0.84722990 0.06597733
vn -0.37719577 0.91857187 0.11810618
vn -0.32528333 0.94560431 -0.00482040
vn -0.75950444 0.17907358 0.62536842
vn -0.73992254 0.19769191 0.64298721
vn -0.68919268 0.14993063 0.70889651
vn -0.73106942 0.05481984 0.68009727
vn -0.73457552 0.27962431 0.61823058
vn -0.72082319 0.29703946 0.62624396
vn -0.68887690 0.40625008 0.60034114
vn -0.74309647 0.48049039 0.46576456
vn -0.66465130 0.20115913 0.71956490
vn -0.63173156 0.20544397 0.74746773
vn -0.64443028 0.25533097 0.72077438
vn -0.51441636 0.16853619 0.84081589
vn -0.48304192 0.13231900 0.86554156
vn -0.53580669 0.20171354 0.81989196
vn -0.50158982 0.28532141 0.81670028
vn -0.62872998 0.46097288 0.62626082
vn -0.62403797 0.40043968 0.67098783
vn -0.68303011 0.41108041 0.60372408
vn -0.66914481 0.51967911 0.53120509
vn -0.66584560 0.58020197 0.46905791
vn -0.55836508 0.47067171 0.68315194
vn -0.55111858 0.51024831 0.66023857
vn -0.62941760 0.42773056 0.64875270
vn -0.49257344 0.25010866 0.83355687
vn -0.65827664 0.28076111 0.69845907
vn -0.47448900 0.12277647 0.87165712
vn -0.45972372 0.16576465 0.87245411
vn -0.68091250 0.52360696 0.51204875
vn -0.44255831 0.18189680 0.87809777
vn -0.54315642 0.26806743 0.79568898
vn -0.37206654 0.09021238 0.92381178
vn -0.38188217 0.21371897 0.89916084
vn -0.45259683 0.32749451 0.82939946
vn -0.45459871 0.61066893 0.64840070
vn -0.42413768 0.39475469 0.81503127
vn -0.34808794 0.28809584 0.89209617
vn -0.48361452 0.43264616 0.76087732
vn -0.37368306 0.24039670 0.89586294
vn -0.19285401 -0.02335946 0.98094937
vn -0.36943449 0.48235227 0.79426346
vn -0.67444962 0.51200158 0.53195122
vn -0.77238205 0.33477025 0.53977297
vn -0.64419735 0.54063579 0.54103855
vn -0.57748523 0.53062416 0.62044242
vn -0.64076878 0.55086509 0.53475510
vn -0.58603266 0.58836375 0.55712998
vn -0.73920778 0.49389860 0.45786027
vn -0.44875896 0.57364569 0.68523428
vn -0.43244306 0.66548440 0.60837778
vn -0.47933381 0.58973947 0.64995881
vn -0.55859258 0.59811609 0.57465769
vn -0.44726371 0.67362950 0.58836933
vn -0.39655268 0.61471777 0.68181232
vn -0.40646531 0.61030805 0.67993385
vn -0.38125776 0.54198722 0.74892748
vn -0.35384967 0.54114786 0.76285608
vn -0.37320088 0.73525080 0.56579799
vn -0.35730671 0.79047496 0.49747488
vn -0.01908841 -0.92919578 -0.36909462
vn -0.00771637 -0.87265188 -0.48828183
vn -0.01739493 -0.78469118 -0.61964277
vn 0.01265951 -0.69987321 -0.71415490
vn 0.00852352 -0.64490521 -0.76421503
vn 0.01154205 -0.92911623 -0.36960764
vn 0.01282154 -0.87170533 -0.48986266
vn 0.00524947 -0.76990879 -0.63813235
vn 0.01412245 -0.68935750 -0.72428364
vn 0.02157755 -0.64432342 -0.76444865
vn -0.02243736 -0.94299957 -0.33203672
vn -0.03122888 -0.95740504 -0.28705459
vn 0.00799566 -0.94171515 -0.33631629
vn -0.00082537 -0.96050428 -0.27826398
vn 0.03260009 -0.92864529 -0.36953372
vn 0.02576396 -0.87809762 -0.47778738
vn 0.00498523 -0.76622283 -0.64255562
vn -0.01110440 -0.69611105 -0.71784825
vn 0.01351980 -0.63531609 -0.77213385
vn 0.05735254 -0.92981811 -0.36352299
vn 0.04890286 -0.89113694 -0.45109142
vn 0.00795707 -0.77970704 -0.62609393
vn 0.01098803 -0.70044875 -0.71361811
vn 0.00366039 -0.63170849 -0.77519739
vn 0.02927015 -0.93890931 -0.34291772
vn 0.01901287 -0.96037106 -0.27807541
vn 0.05704574 -0.93610632 -0.34706015
vn 0.04645575 -0.95846621 -0.28139721
vn 0.01316704 -0.52848459 -0.84884078
vn 0.00725238 -0.35848785 -0.93350622
vn 0.01969613 -0.26917923 -0.96288868
vn 0.02807443 -0.52735993 -0.84917803
vn 0.02322250 -0.35962770 -0.93280686
vn 0.02111482 -0.26376393 -0.96435613
vn 0.01462917 -0.17803090 -0.98391615
vn 0.01660298 -0.12453085 -0.99207682
vn 0.00893215 -0.10100649 -0.99484567
vn 0.02059053 -0.17694392 -0.98400553
vn 0.02051915 -0.13488672 -0.99064854
vn 0.01106148 -0.11138716 -0.99371552
vn 0.02951179 -0.50530889 -0.86243375
vn 0.04502649 -0.36233398 -0.93096010
vn 0.03751694 -0.26603825 -0.96323213
vn 0.06191635 -0.50409853 -0.86142385
vn 0.07254285 -0.36972302 -0.92630579
vn 0.05898117 -0.27885600 -0.95851998
vn 0.02719518 -0.17684699 -0.98386257
vn 0.03369601 -0.14737667 -0.98850630
vn 0.01803942 -0.12556092 -0.99192189
vn 0.04824234 -0.18505737 -0.98154289
vn 0.05232294 -0.17294904 -0.98354000
vn 0.03046430 -0.14397866 -0.98911176
vn 0.07403691 -0.93207744 -0.35461272
vn 0.06149713 -0.89975720 -0.43203597
vn 0.03819498 -0.80910551 -0.58642085
vn 0.06809853 -0.71134620 -0.69953497
vn 0.05078967 -0.62189286 -0.78145357
vn 0.06977716 -0.93928291 -0.33597434
vn 0.09984353 -0.88865501 -0.44757518
vn 0.09379849 -0.81902755 -0.56603509
vn 0.15552435 -0.70865562 -0.68820011
vn 0.11440582 -0.61656959 -0.77894367
vn 0.08629158 -0.93529470 -0.34318740
vn 0.08250833 -0.95049199 -0.29959531
vn 0.07743973 -0.94460656 -0.31893813
vn 0.09094647 -0.94310508 -0.31981486
vn 0.02109863 -0.93161532 -0.36283294
vn 0.09562173 -0.94413982 -0.31536721
vn 0.09820335 -0.90060126 -0.42340699
vn 0.13960038 -0.81141305 -0.56755668
vn 0.17043052 -0.69975656 -0.69375370
vn 0.18066432 -0.59990510 -0.77940636
vn 0.18478599 -0.78490977 -0.59141423
vn 0.23512811 -0.66928349 -0.70482224
vn 0.22482023 -0.57093243 -0.78961511
vn 0.14774314 -0.87979889 -0.45180292
vn 0.08113761 -0.94420652 -0.31920329
vn 0.09102770 -0.93827643 -0.33369341
vn 0.10293971 -0.94331091 -0.31554387
vn 0.12912874 -0.91864927 -0.37337553
vn 0.12558772 -0.94718271 -0.29508072
vn 0.10011866 -0.50603326 -0.85668349
vn 0.10235276 -0.38394929 -0.91766380
vn 0.08823287 -0.29609639 -0.95107407
vn 0.15153074 -0.51493048 -0.84373280
vn 0.13469300 -0.39333426 -0.90947565
vn 0.11248606 -0.31241471 -0.94326239
vn 0.07433574 -0.21470517 -0.97384593
vn 0.05210888 -0.20816073 -0.97670557
vn 0.04547399 -0.16867703 -0.98462184
vn 0.08268814 -0.26547931 -0.96056411
vn 0.06342960 -0.24624678 -0.96712937
vn 0.03721771 -0.16401093 -0.98575618
vn 0.10411537 -0.40216319 -0.90962891
vn 0.22402724 -0.54573155 -0.80745828
vn 0.17719663 -0.40252915 -0.89809333
vn 0.13629857 -0.34341275 -0.92924183
vn 0.21475705 -0.48986525 -0.84493280
vn 0.21087672 -0.43661062 -0.87458686
vn 0.18341880 -0.36782465 -0.91162633
vn 0.09766540 -0.31800836 -0.94304409
vn -0.00744939 -0.23529571 -0.97189528
vn -0.00808793 -0.22698157 -0.97386547
vn 0.03874927 -0.17510989 -0.98378606
vn 0.14077411 -0.33418361 -0.93193560
vn 0.10176945 -0.28468330 -0.95320428
vn 0.00190556 -0.05807441 -0.99831044
vn 0.00033108 -0.02401353 -0.99971158
vn 0.00404800 -0.06185299 -0.99807706
vn 0.00092754 -0.02473493 -0.99969361
vn 0.00005078 0.01185751 -0.99992970
vn -0.00001125 0.00477201 -0.99998861
vn 0.00007187 0.01169158 -0.99993165
vn 0.00000571 0.00474416 -0.99998875
vn 0.00654434 -0.06594777 -0.99780162
vn 0.00173472 -0.02672117 -0.99964142
vn 0.01057438 -0.07587527 -0.99706124
vn 0.00221010 -0.02964707 -0.99955799
vn 0.00010610 0.01122979 -0.99993694
vn 0.00001664 0.00473342 -0.99998880
vn 0.00009244 0.01060443 -0.99994377
vn 0.00000025 0.00478296 -0.99998856
vn -0.00000566 0.00076556 -0.99999971
vn -0.00000000 0.00011373 -0.99999999
vn 0.00000001 0.00077119 -0.99999970
vn -0.00000000 0.00011373 -0.99999999
vn 0.00001707 0.00001706 -1.00000000
vn 0.00000569 0.00000569 -1.00000000
vn -0.00000000 0.00002275 -1.00000000
vn 0.00000000 0.00000000 -1.00000000
vn -0.00000001 0.00077119 -0.99999970
vn -0.00000000 0.00011373 -0.99999999
vn 0.00000566 0.00075423 -0.99999972
vn 0.00000000 0.00011373 -0.99999999
vn 0.00000000 0.00002275 -1.00000000
vn 0.00000000 0.00000000 -1.00000000
vn 0.00000000 0.00002275 -1.00000000
vn 0.00000000 0.00000000 -1.00000000
vn 0.02361254 -0.09488452 -0.99520821
vn 0.00347381 -0.03376172 -0.99942387
vn 0.01819470 -0.11304686 -0.99342305
vn 0.01248409 -0.04918892 -0.99871147
vn -0.00033361 0.00990959 -0.99995084
vn -0.00011485 0.00486397 -0.99998816
vn 0.00143860 0.00688714 -0.99997525
vn -0.00069245 0.00545762 -0.99998487
vn 0.01056853 -0.13148813 -0.99126141
vn 0.01867442 -0.05915715 -0.99807399
vn 0.07999776 -0.25423085 -0.96382936
vn 0.03530808 -0.13617545 -0.99005535
vn 0.02953426 -0.06504480 -0.99744519
vn 0.00133358 -0.00076489 -0.99999882
vn -0.00091486 0.00452443 -0.99998935
vn 0.00670391 -0.01583820 -0.99985209
vn 0.00161559 0.00503560 -0.99998602
vn -0.00001695 0.00075419 -0.99999972
vn 0.00000000 0.00011373 -0.99999999
vn -0.00012421 0.00087229 -0.99999961
vn -0.00002842 0.00013076 -0.99999999
vn 0.00000000 0.00002275 -1.00000000
vn 0.00000000 0.00000000 -1.00000000
vn -0.00001706 0.00002844 -1.00000000
vn 0.00000000 0.00000000 -1.00000000
vn -0.00037195 0.00134160 -0.99999903
vn -0.00007958 0.00019314 -0.99999998
vn 0.00162165 0.00232638 -0.99999598
vn 0.00197200 0.00027202 -0.99999802
vn -0.00004551 0.00004550 -1.00000000
vn -0.00002844 0.00001706 -1.00000000
vn 0.00182194 0.00007974 -0.99999834
vn 0.00201103 0.00015460 -0.99999797
vn 0.23265733 -0.63216310 -0.73908077
vn 0.27079873 -0.72537442 -0.63285069
vn 0.25515920 -0.63964727 -0.72508286
vn 0.27669394 -0.54302326 -0.79282167
vn 0.20111668 -0.83587784 -0.51074486
vn 0.27413362 -0.80283563 -0.52943905
vn 0.32598653 -0.68270517 -0.65394681
vn 0.33385470 -0.60773082 -0.72055832
vn 0.15041145 -0.93815577 -0.31183352
vn 0.18382201 -0.89403677 -0.40854342
vn 0.14201140 -0.95386419 -0.26452951
vn 0.17570957 -0.90885875 -0.37828814
vn 0.20714107 -0.92822796 -0.30900719
vn 0.32417198 -0.82822668 -0.45711387
vn 0.20026221 -0.94048557 -0.27455772
vn 0.35823412 -0.65845545 -0.66189481
vn 0.37353239 -0.74932866 -0.54679074
vn 0.38876471 -0.64903633 -0.65392190
vn 0.39319310 -0.57781429 -0.71521314
vn 0.22838131 -0.93065038 -0.28588782
vn 0.26175880 -0.93236970 -0.24933729
vn 0.40642944 -0.83053810 -0.38081698
vn 0.33826007 -0.82818713 -0.44686262
vn 0.40705305 -0.71607331 -0.56705099
vn 0.44171722 -0.77643246 -0.44948696
vn 0.53450795 -0.63495023 -0.55779876
vn 0.47685707 -0.61552342 -0.62748567
vn 0.39901951 -0.83450401 -0.37998221
vn 0.20008181 -0.37190687 -0.90645052
vn 0.26757819 -0.50507240 -0.82055091
vn 0.29936761 -0.45592925 -0.83815724
vn 0.24619157 -0.38405112 -0.88988452
vn 0.19199330 -0.36992975 -0.90900526
vn 0.14969367 -0.35565484 -0.92255159
vn 0.29917975 -0.43575159 -0.84888870
vn 0.31865335 -0.42811184 -0.84568333
vn 0.26212347 -0.40624870 -0.87535894
vn 0.22515774 -0.38614141 -0.89453832
vn 0.29409857 -0.42857625 -0.85429996
vn 0.34518062 -0.44730778 -0.82508551
vn 0.36354866 -0.46528695 -0.80705664
vn 0.32685606 -0.41652450 -0.84833511
vn 0.31402105 -0.36744279 -0.87542936
vn 0.28490025 -0.37417031 -0.88251256
vn 0.38407229 -0.44573042 -0.80858695
vn 0.41943142 -0.44064014 -0.79367093
vn 0.36108022 -0.36837378 -0.85669238
vn 0.21154249 -0.48189015 -0.85031268
vn 0.36485065 -0.58858973 -0.72141953
vn 0.32116472 -0.48108937 -0.81572436
vn 0.37699681 -0.54593357 -0.74821785
vn 0.38920595 -0.49749016 -0.77525626
vn 0.42875173 -0.58510020 -0.68835290
vn 0.51133667 -0.56136296 -0.65069689
vn 0.44734729 -0.53669521 -0.71542900
vn 0.40177387 -0.52235068 -0.75214860
vn 0.43220467 -0.52181852 -0.73546214
vn 0.41665997 -0.46239505 -0.78267828
vn 0.47707580 -0.76367763 -0.43496569
vn 0.51179742 -0.77258407 -0.37573562
vn 0.58248783 -0.65947799 -0.47518071
vn 0.53688979 -0.65822121 -0.52772549
vn 0.45918851 -0.53767013 -0.70714690
vn 0.51585804 -0.56804041 -0.64126482
vn 0.51433230 -0.55100804 -0.65715480
vn 0.46891175 -0.51764728 -0.71565569
vn 0.51713320 -0.61567880 -0.59456949
vn 0.58231342 -0.59000341 -0.55929157
vn 0.60153351 -0.64205765 -0.47530981
vn 0.61072863 -0.66936159 -0.42304326
vn 0.64090737 -0.61069061 -0.46507497
vn 0.57199914 -0.60848585 -0.55005631
vn 0.54688934 -0.58857372 -0.59539317
vn 0.51809437 -0.56645108 -0.64086770
vn 0.41207083 -0.49933415 -0.76214371
vn 0.44661645 -0.48433793 -0.75229683
vn 0.42713029 -0.43556579 -0.79236492
vn 0.41200636 -0.41999684 -0.80861203
vn 0.50017663 -0.52238736 -0.69060465
vn 0.53528702 -0.50246010 -0.67897102
vn 0.48434340 -0.48112792 -0.73070335
vn 0.43090013 -0.44318295 -0.78607503
vn 0.50393068 -0.47566078 -0.72097204
vn 0.45587226 -0.41224511 -0.78881838
vn 0.58126702 -0.60764584 -0.54119791
vn 0.59485535 -0.63469549 -0.49326336
vn 0.62141352 -0.59793975 -0.50627393
vn 0.57281208 -0.57412281 -0.58503788
vn 0.63594739 -0.64347482 -0.42604116
vn 0.64522028 -0.61200791 -0.45731511
vn 0.52576604 -0.48388931 -0.69958646
vn 0.53951128 -0.54210238 -0.64424574
vn 0.60210546 -0.46704453 -0.64756345
vn 0.52322012 -0.45688274 -0.71937394
vn 0.61629068 -0.57861661 -0.53421777
vn 0.63853348 -0.60279356 -0.47845053
vn 0.67602231 -0.55906251 -0.48004474
vn 0.60405837 -0.52968512 -0.59543863
vn 0.68450602 -0.60619026 -0.40495046
vn 0.69280767 -0.58120005 -0.42687708
vn 0.67109108 -0.48761041 -0.55845577
vn 0.60955978 -0.48385247 -0.62795196
vn 0.12858252 -0.29451036 -0.94695839
vn 0.09603627 -0.15992402 -0.98244661
vn 0.04385250 -0.07929968 -0.99588580
vn 0.15216394 -0.28531652 -0.94627724
vn 0.35102823 -0.36642240 -0.86169241
vn 0.18499271 -0.20438119 -0.96125232
vn 0.15713057 -0.13172320 -0.97875379
vn 0.03300944 -0.03637627 -0.99879284
vn 0.01996281 0.00200949 -0.99979870
vn 0.09775384 -0.04875142 -0.99401584
vn 0.06045241 -0.00919605 -0.99812872
vn 0.32018317 -0.31992815 -0.89169990
vn 0.19826394 -0.09708252 -0.97532887
vn 0.42616633 -0.22711653 -0.87567137
vn 0.27909921 -0.14826684 -0.94874684
vn 0.34984981 -0.29601548 -0.88880816
vn 0.33905332 -0.22003556 -0.91467327
vn 0.20681638 -0.10623071 -0.97259551
vn 0.15325087 -0.04471412 -0.98717517
vn 0.34039990 -0.19336943 -0.92018268
vn 0.37319839 -0.16280387 -0.91335528
vn 0.29663390 -0.13581293 -0.94528471
vn 0.33639194 -0.11614091 -0.93453291
vn 0.25693637 -0.07437109 -0.96356248
vn 0.01566625 0.00124371 -0.99987650
vn 0.01359995 0.00014213 -0.99990751
vn 0.04806314 -0.00200033 -0.99884230
vn 0.04906495 0.00134166 -0.99879469
vn 0.01329913 -0.00009196 -0.99991156
vn 0.01342752 0.00077376 -0.99990955
vn 0.06447926 0.00635802 -0.99789879
vn 0.10801787 0.02162806 -0.99391366
vn 0.10886894 -0.00933617 -0.99401227
vn 0.09098396 0.00406109 -0.99584408
vn 0.26898699 -0.05653500 -0.96148312
vn 0.18357555 -0.02639771 -0.98265110
vn 0.23215879 -0.01295988 -0.97259156
vn 0.15346447 -0.00166347 -0.98815277
vn 0.08528800 0.03171889 -0.99585133
vn 0.12230806 0.09036415 -0.98836990
vn 0.21662639 0.01600255 -0.97612342
vn 0.15082744 0.02343313 -0.98828233
vn 0.17148299 0.05392415 -0.98371021
vn 0.11907775 0.08903733 -0.98888465
vn 0.34847671 -0.31008852 -0.88453892
vn 0.44522787 -0.38170127 -0.80998536
vn 0.39565658 -0.30168866 -0.86743289
vn 0.39455430 -0.21758764 -0.89273878
vn 0.40437121 -0.28605248 -0.86871048
vn 0.44118769 -0.35984991 -0.82210794
vn 0.44951592 -0.27255547 -0.85067559
vn 0.37448125 -0.17799148 -0.90999057
vn 0.40475472 -0.17527834 -0.89746929
vn 0.36765293 -0.15054133 -0.91769746
vn 0.41508745 -0.12908458 -0.90057736
vn 0.38793456 -0.12478011 -0.91320135
vn 0.43452895 -0.19577685 -0.87912230
vn 0.47857910 -0.21122781 -0.85225868
vn 0.47120597 -0.21207171 -0.85614866
vn 0.43104426 -0.16098415 -0.88785413
vn 0.44512913 -0.17154098 -0.87888210
vn 0.44654070 -0.43373085 -0.78261035
vn 0.51755550 -0.42521708 -0.74251380
vn 0.49733763 -0.35844038 -0.79004796
vn 0.47845627 -0.25866793 -0.83914868
vn 0.54376906 -0.44115412 -0.71393155
vn 0.63083718 -0.42782916 -0.64730724
vn 0.59678434 -0.39139792 -0.70046850
vn 0.57419331 -0.36081520 -0.73492478
vn 0.61666938 -0.33496931 -0.71240048
vn 0.53428440 -0.28502916 -0.79580058
vn 0.61925694 -0.27914879 -0.73389154
vn 0.54086353 -0.22014033 -0.81179116
vn 0.48808629 -0.17630043 -0.85480403
vn 0.31984406 -0.09049482 -0.94313862
vn 0.28940129 -0.03255486 -0.95665410
vn 0.39121069 -0.13218061 -0.91075929
vn 0.34979716 -0.05261842 -0.93534659
vn 0.26354119 -0.00510922 -0.96463461
vn 0.25863387 0.01754805 -0.96581602
vn 0.33652151 -0.00131168 -0.94167487
vn 0.34486353 0.03370161 -0.93804762
vn 0.44237748 -0.17606955 -0.87937573
vn 0.42500992 -0.14537839 -0.89343813
vn 0.42551314 -0.07629442 -0.90173041
vn 0.40162092 -0.06275164 -0.91365358
vn 0.41965778 0.00140860 -0.90768131
vn 0.38310367 0.00666002 -0.92368134
vn 0.41478403 0.05170865 -0.90844946
vn 0.38160595 0.04690254 -0.92313436
vn 0.50834799 -0.15461492 -0.84715792
vn 0.49003663 -0.07474402 -0.86849147
vn 0.47058171 -0.00016184 -0.88235640
vn 0.45453752 0.04750041 -0.88946015
vn -0.01118075 -0.96781160 -0.25142734
vn 0.00266051 -0.96584444 -0.25910892
vn 0.00179719 -0.97435461 -0.22501082
vn 0.02950049 -0.96850776 -0.24722952
vn 0.02232889 -0.97226821 -0.23280022
vn 0.02557559 -0.97155251 -0.23543919
vn -0.01273056 -0.98543852 -0.16955487
vn -0.02208116 -0.99837463 -0.05254074
vn 0.00501244 -0.98345723 -0.18107111
vn -0.00092619 -0.99812209 -0.06124891
vn 0.04295278 -0.97151093 -0.23306990
vn 0.03602308 -0.97593991 -0.21504333
vn 0.05089058 -0.96893765 -0.24201233
vn 0.05026325 -0.97388605 -0.22140365
vn 0.06524340 -0.97215499 -0.22507328
vn 0.05152278 -0.97268966 -0.22631888
vn 0.05051510 -0.98022618 -0.19132394
vn 0.03678805 -0.99700680 -0.06800062
vn 0.07080529 -0.97849943 -0.19371496
vn 0.07058883 -0.99444392 -0.07809295
vn -0.04196098 -0.99349182 0.10589274
vn -0.06329954 -0.95941987 0.27478477
vn -0.00983179 -0.99595426 0.08932211
vn -0.02330745 -0.97014489 0.24140350
vn -0.10241064 -0.91243481 0.39620043
vn -0.16764942 -0.84518272 0.50750354
vn -0.14430375 -0.82150569 0.55163831
vn -0.11982868 -0.86905558 0.47998279
vn -0.04990771 -0.92987981 0.36446228
vn -0.08913698 -0.84956871 0.51989192
vn -0.06613545 -0.88677574 0.45744387
vn 0.02276577 -0.99658131 0.07941916
vn 0.01510092 -0.97528999 0.22041188
vn 0.05938385 -0.99587042 0.06867069
vn 0.04398981 -0.97512879 0.21722968
vn 0.00243173 -0.94377182 0.33058863
vn -0.04004015 -0.87441382 0.48352587
vn -0.01781985 -0.90902159 0.41636787
vn 0.04084483 -0.94864168 0.31370473
vn 0.01763626 -0.87864344 0.47715267
vn 0.02382562 -0.91881335 0.39397254
vn 0.05781180 -0.96990011 -0.23654085
vn 0.06887101 -0.96464993 -0.25437629
vn 0.05262385 -0.97333501 -0.22327045
vn 0.06303041 -0.96963755 -0.23628414
vn 0.07636158 -0.95542761 -0.28517886
vn 0.06903010 -0.97533315 -0.20966662
vn 0.06971753 -0.98224320 -0.17417738
vn 0.07690620 -0.99481777 -0.06650594
vn 0.08658230 -0.98320117 -0.16068283
vn 0.08904488 -0.99470230 -0.05136489
vn 0.00589826 -0.96787440 -0.25136500
vn 0.09105087 -0.97556037 -0.19997926
vn 0.03969024 -0.96356435 -0.26451545
vn 0.09498665 -0.97563304 -0.19778198
vn 0.17591510 -0.96213667 -0.20819918
vn 0.14769448 -0.96265388 -0.22690051
vn 0.16137909 -0.95313893 -0.25589639
vn 0.12189565 -0.98092400 -0.15142509
vn 0.12462758 -0.99119996 -0.04461618
vn 0.14656063 -0.98214299 -0.11796244
vn 0.18731210 -0.98114102 -0.04771249
vn 0.08453679 -0.99435147 0.06417702
vn 0.07138678 -0.97578204 0.20676878
vn 0.10335435 -0.99231663 0.06801165
vn 0.09985532 -0.97470706 0.19993766
vn 0.06521698 -0.94938356 0.30727447
vn 0.05839775 -0.89078520 0.45065667
vn 0.06084809 -0.92044783 0.38610011
vn 0.09787987 -0.95108698 0.29300698
vn 0.09788931 -0.89253166 0.44023280
vn 0.09053814 -0.91559176 0.39178383
vn 0.12562530 -0.98869009 0.08191570
vn 0.12615385 -0.97221503 0.19718811
vn 0.17875304 -0.98123476 0.07228899
vn 0.16875657 -0.97144852 0.16676030
vn 0.12716124 -0.94087703 0.31397522
vn 0.12587079 -0.93006068 0.34517196
vn 0.12351922 -0.89926156 0.41960893
vn 0.13335537 -0.91965510 0.36939254
vn 0.16349950 -0.92007108 0.35600158
vn 0.14785623 -0.94579044 0.28916945
vn 0.14926804 -0.89589870 0.41843109
vn -0.19893798 -0.74663703 0.63478881
vn -0.16272293 -0.78923904 0.59213426
vn -0.22338202 -0.67104403 0.70696561
vn -0.19765459 -0.71775882 0.66764882
vn -0.10917016 -0.82676608 0.55185118
vn -0.19305795 -0.74165513 0.64239886
vn -0.15097925 -0.73615824 0.65975473
vn -0.12131979 -0.78498915 0.60751423
vn -0.21465134 -0.67420196 0.70666578
vn -0.21503977 -0.64906660 0.72970572
vn -0.18817880 -0.66219775 0.72531571
vn -0.18006756 -0.69738826 0.69370403
vn -0.03991881 -0.84492138 0.53339886
vn -0.08421884 -0.77255516 0.62933752
vn -0.05905058 -0.80663067 0.58809863
vn 0.01781171 -0.85515172 0.51807170
vn -0.01561007 -0.80255861 0.59636902
vn 0.00527623 -0.83432204 0.55125212
vn -0.13721446 -0.69058671 0.71011421
vn -0.10939182 -0.73705957 0.66691575
vn -0.06527628 -0.73118731 0.67904648
vn -0.04292041 -0.76881340 0.63803119
vn -0.23422727 -0.56660998 0.78999412
vn -0.28564506 -0.49544885 0.82032758
vn -0.26452928 -0.51757420 0.81372060
vn -0.24576024 -0.56183298 0.78990228
vn -0.22299438 -0.52647869 0.82042288
vn -0.21448617 -0.60086069 0.77004033
vn -0.24100542 -0.48620419 0.83995349
vn -0.17498537 -0.53445980 0.82688140
vn -0.15822852 -0.62755250 0.76232644
vn -0.20617893 -0.50582557 0.83763401
vn -0.11645664 -0.57456952 0.81012821
vn -0.09346534 -0.67241445 0.73424998
vn -0.24720283 -0.55463834 0.79452317
vn -0.19626989 -0.57134524 0.79689569
vn -0.25910528 -0.52609916 0.80999020
vn -0.19142414 -0.57534055 0.79519812
vn -0.22316705 -0.51512470 0.82755242
vn -0.22361060 -0.49827136 0.83768965
vn -0.19198636 -0.61734287 0.76290826
vn -0.20714574 -0.61773491 0.75861336
vn -0.17661514 -0.68237657 0.70934428
vn -0.20151714 -0.58372474 0.78654706
vn -0.14880046 -0.49907554 0.85368731
vn -0.17497941 -0.49531671 0.85090749
vn -0.11444569 -0.49158847 0.86327455
vn -0.12463049 -0.50678001 0.85301891
vn -0.17195052 -0.54561222 0.82020749
vn -0.19786426 -0.65388709 0.73026119
vn -0.20331734 -0.57711236 0.79095094
vn -0.11852979 -0.56337905 0.81765196
vn -0.14515763 -0.66455722 0.73300271
vn -0.12128405 -0.61016529 0.78293582
vn 0.03942122 -0.86404747 0.50186445
vn 0.04955570 -0.82190260 0.56746836
vn 0.04625550 -0.83929706 0.54170182
vn 0.07542613 -0.86648755 0.49346755
vn 0.06759705 -0.81939187 0.56923422
vn 0.06855741 -0.82292317 0.56400119
vn 0.00515786 -0.76056735 0.64923855
vn 0.02394912 -0.79792535 0.60228032
vn 0.06109161 -0.77619906 0.62752118
vn 0.06842481 -0.81270173 0.57864837
vn 0.11787402 -0.86891038 0.48072910
vn 0.11436591 -0.84939016 0.51522500
vn 0.09799230 -0.83254966 0.54521424
vn 0.10610498 -0.84406507 0.52563856
vn 0.13353133 -0.85017062 0.50929295
vn 0.14075035 -0.87942210 0.45475940
vn 0.12538181 -0.82738895 0.54745495
vn 0.09333016 -0.78087878 0.61767128
vn 0.09379947 -0.80756829 0.58226722
vn 0.16697454 -0.77755791 0.60623691
vn 0.13808477 -0.79540373 0.59014024
vn -0.03494571 -0.62141508 0.78270179
vn -0.01984457 -0.70903925 0.70488973
vn 0.03166428 -0.65513097 0.75485150
vn 0.04411966 -0.72964848 0.68239764
vn 0.08623644 -0.67498513 0.73277442
vn 0.09003574 -0.74427331 0.66177852
vn 0.12639332 -0.67558356 0.72636876
vn 0.15590610 -0.74717045 0.64608793
vn -0.06205174 -0.50598572 0.86030694
vn -0.06854316 -0.51895599 0.85204842
vn -0.00624128 -0.51384030 0.85786315
vn -0.00251135 -0.55262077 0.83342905
vn -0.07416369 -0.54656138 0.83412853
vn -0.07838725 -0.66781471 0.74018846
vn -0.05282424 -0.60664995 0.79321210
vn -0.01676586 -0.52030888 0.85381355
vn -0.00896817 -0.65197423 0.75818808
vn -0.00026607 -0.57772841 0.81622902
vn 0.07431418 -0.51692791 0.85279713
vn 0.07361716 -0.58789446 0.80558092
vn 0.13327385 -0.50797143 0.85100124
vn 0.12840540 -0.60021065 0.78946768
vn 0.08813690 -0.52947407 0.84373520
vn 0.04969276 -0.63783363 0.76856938
vn 0.08662783 -0.57446424 0.81393271
vn 0.13618714 -0.50916483 0.84982600
vn 0.19041017 -0.69513325 0.69320541
vn 0.14947580 -0.58910451 0.79411137
vn -0.25587922 -0.63564819 0.72833866
vn -0.20100335 -0.69523794 0.69010279
vn -0.32195605 -0.69673022 0.64102364
vn -0.28655906 -0.64224777 0.71091611
vn -0.35665400 -0.71020530 0.60696487
vn -0.25105929 -0.72575594 0.64050569
vn -0.44769486 -0.67334345 0.58836885
vn -0.45958574 -0.73958801 0.49172200
vn -0.43462944 -0.71524536 0.54728542
vn -0.34142257 -0.80150000 0.49094640
vn -0.20346599 -0.74181228 0.63899620
vn -0.21257886 -0.81844508 0.53381446
vn -0.21012763 -0.72424551 0.65674562
vn -0.32849470 -0.80377087 0.49602784
vn -0.28097913 -0.92298120 0.26297610
vn -0.34032513 -0.84586156 0.41072745
vn -0.19167071 -0.85627276 0.47964497
vn -0.17013083 -0.74785432 0.64169262
vn -0.25958474 -0.92330061 0.28307550
vn -0.16420614 -0.86485063 0.47441514
vn -0.09811873 -0.78047584 0.61743840
vn -0.19950210 -0.95372299 0.22496973
vn -0.06348993 -0.89509905 0.44132384
vn -0.02035516 -0.78187658 0.62310086
vn -0.10471388 -0.96289447 0.24873529
vn 0.03729066 -0.89362689 0.44725876
vn 0.04470921 -0.76631493 0.64090757
vn 0.03889411 -0.96418045 0.26238009
vn 0.12900451 -0.88614077 0.44509815
vn 0.13304813 -0.76741162 0.62719821
vn 0.14378796 -0.95202040 0.27015213
vn 0.08540211 -0.99324994 -0.07849223
vn 0.15515424 -0.97398582 -0.16516291
vn 0.23872636 -0.95876300 -0.15421815
vn 0.17533889 -0.94909714 -0.26166945
vn 0.21672474 -0.96393279 -0.15447965
vn 0.21067312 -0.97697451 -0.03372908
vn 0.12809571 -0.97508716 -0.18109810
vn 0.17970484 -0.98144950 -0.06680606
vn 0.22134405 -0.97106863 -0.08962437
vn 0.18635622 -0.95958471 -0.21087564
vn 0.18346433 -0.98286672 -0.01771551
vn 0.18628571 -0.98235736 -0.01648187
vn 0.18992706 -0.95511710 -0.22733025
vn 0.27610949 -0.93323873 -0.22984564
vn 0.25917387 -0.95071683 -0.17019521
vn 0.30339639 -0.93487846 -0.18426310
vn 0.35486246 -0.91127382 -0.20893217
vn 0.47085763 -0.83246503 -0.29205321
vn 0.33467590 -0.92798740 -0.16380300
vn 0.26981858 -0.95789141 -0.09819362
vn 0.30387530 -0.95268077 -0.00769149
vn 0.34692529 -0.93553309 -0.06648818
vn 0.35858483 -0.93348605 0.00455198
vn 0.20010937 -0.97809478 0.05733098
vn 0.20358808 -0.95891449 0.19757251
vn 0.22204068 -0.97343491 0.05587853
vn 0.21878205 -0.97138728 0.09241840
vn 0.19577444 -0.97090849 0.13787342
vn 0.24283212 -0.95036894 0.19450305
vn 0.21666883 -0.94554959 0.24287978
vn 0.18987401 -0.95437749 0.23045923
vn 0.19211155 -0.92838966 0.31809713
vn 0.17767665 -0.90141956 0.39480855
vn 0.22820679 -0.92225916 0.31202517
vn 0.22313695 -0.89093619 0.39552826
vn 0.28432938 -0.95356305 0.09936957
vn 0.26319486 -0.94318027 0.20282859
vn 0.35735158 -0.93100775 0.07432641
vn 0.34555592 -0.92448587 0.16098754
vn 0.26645288 -0.92340251 0.27628004
vn 0.25351063 -0.83423505 0.48967770
vn 0.27695123 -0.84341837 0.46037319
vn 0.24974844 -0.89242062 0.37578073
vn 0.36646348 -0.88692637 0.28118700
vn 0.28967012 -0.89375223 0.34248822
vn 0.32589554 -0.84419748 0.42558514
vn 0.42242679 -0.84663283 0.32367957
vn 0.44200177 -0.86381961 -0.24176458
vn 0.38715041 -0.91157435 -0.13837186
vn 0.53311712 -0.82175826 -0.20124488
vn 0.48180025 -0.81865196 -0.31253398
vn 0.62329873 -0.68158789 -0.38332316
vn 0.56877649 -0.77006100 -0.28896255
vn 0.65009784 -0.67574705 -0.34747478
vn 0.59835333 -0.77270772 -0.21188694
vn 0.65744781 -0.69271500 -0.29649334
vn 0.36790917 -0.92761903 -0.06454278
vn 0.45076730 -0.88956403 -0.07405866
vn 0.36728509 -0.93003845 0.01140803
vn 0.40918087 -0.91186385 0.03279226
vn 0.57408488 -0.81303297 -0.09697388
vn 0.53564884 -0.84427203 0.01688357
vn 0.68913930 -0.70192831 -0.17995465
vn 0.66174442 -0.74356595 -0.09593753
vn 0.72911546 -0.67940579 -0.08245257
vn 0.69053771 -0.68845173 -0.22179244
vn 0.65735710 -0.75329525 0.02068597
vn 0.70744481 -0.70467553 0.05435284
vn 0.41430679 -0.90523128 0.09437278
vn 0.44006746 -0.88236397 0.16665669
vn 0.52569302 -0.83710637 0.15132670
vn 0.53424514 -0.82667817 0.17659370
vn 0.47994992 -0.86509946 0.14577721
vn 0.51698448 -0.81712059 0.25503136
vn 0.40280878 -0.88413729 0.23674107
vn 0.49493844 -0.83524492 0.23958687
vn 0.51604530 -0.78357728 0.34598250
vn 0.54975548 -0.78730892 0.27913003
vn 0.56264167 -0.74844282 0.35109499
vn 0.54063311 -0.79656540 0.27055387
vn 0.52443599 -0.78054188 0.34017827
vn 0.58885639 -0.70397367 0.39707584
vn 0.54340511 -0.73457366 0.40634029
vn 0.67966939 -0.72800418 0.08977435
vn 0.72139365 -0.68528918 0.09984958
vn 0.55333229 -0.79238809 0.25679660
vn 0.70926724 -0.66736046 0.22709029
vn 0.64135104 -0.66730003 -0.37865488
vn 0.64571298 -0.69280607 -0.32105217
vn 0.70115619 -0.63302763 -0.32810977
vn 0.72249567 -0.64226566 -0.25591959
vn 0.69812963 -0.62269975 -0.35335540
vn 0.69294083 -0.66301142 -0.28328228
vn 0.73273471 -0.60813547 -0.30540319
vn 0.74008733 -0.64131184 -0.20245953
vn 0.79809690 -0.55255971 -0.24024799
vn 0.74050934 -0.65083953 -0.16749275
vn 0.71151813 -0.69949185 -0.06673148
vn 0.77167410 -0.62815329 -0.09971221
vn 0.71849067 -0.69335177 0.05508610
vn 0.73506687 -0.67422009 0.07144198
vn 0.76834727 -0.63190979 0.10164888
vn 0.70186689 -0.69089022 0.17335965
vn 0.74208373 -0.64962475 0.16522538
vn 0.72817858 -0.63237956 0.26429537
vn 0.70744759 -0.64951978 0.27864307
vn 0.74279199 -0.61139558 0.27286537
vn 0.73138991 -0.61141388 0.30206271
vn 0.58523633 -0.70624830 0.39838646
vn 0.70944216 -0.60167027 0.36699415
vn 0.59950091 -0.64931896 0.46795678
vn 0.74957699 -0.59266367 0.29476112
vn 0.66992932 -0.63445554 0.38556565
vn 0.69192701 -0.66598726 0.27874359
vn 0.72202212 -0.60486964 0.33588210
vn 0.77909018 -0.53715712 0.32323478
vn 0.77982679 -0.54731754 0.30383167
vn 0.16581905 -0.85594731 0.48975325
vn 0.15187471 -0.87088792 0.46742732
vn 0.15704411 -0.83681225 0.52448299
vn 0.18747941 -0.88127565 0.43382565
vn 0.22820210 -0.84314695 0.48685421
vn 0.22587302 -0.79458592 0.56357306
vn 0.20007396 -0.73884440 0.64348999
vn 0.16843465 -0.75198438 0.63729840
vn 0.19553334 -0.77374221 0.60256925
vn 0.19712444 -0.72212278 0.66308419
vn 0.20118149 -0.71097201 0.67382847
vn 0.26977284 -0.81742117 0.50896488
vn 0.32746617 -0.75816141 0.56387692
vn 0.25675516 -0.81424907 0.52064887
vn 0.33794562 -0.80030663 0.49527977
vn 0.28827639 -0.83597334 0.46695320
vn 0.34585940 -0.74466776 0.57083378
vn 0.36551289 -0.76895170 0.52451274
vn 0.23284357 -0.70629565 0.66852848
vn 0.22023464 -0.75067343 0.62288530
vn 0.30099148 -0.67018946 0.67841744
vn 0.24574796 -0.70983859 0.66010386
vn 0.26966084 -0.67894565 0.68287322
vn 0.28221892 -0.71111524 0.64394689
vn 0.31413463 -0.65384218 0.68833847
vn 0.28090442 -0.60499661 0.74503142
vn 0.25197195 -0.61556985 0.74671541
vn 0.34115476 -0.62102834 0.70564668
vn 0.42884409 -0.60176554 0.67377369
vn 0.37399848 -0.66795164 0.64340170
vn 0.29176038 -0.57248316 0.76624990
vn 0.42080111 -0.57588875 0.70091267
vn 0.55828465 -0.54405611 0.62635549
vn 0.16481792 -0.50452927 0.84751712
vn 0.15247530 -0.58829994 0.79413756
vn 0.28161841 -0.64173521 0.71334913
vn 0.21397544 -0.53221283 0.81912393
vn 0.18888098 -0.52709196 0.82855177
vn 0.14859129 -0.64434070 0.75016377
vn 0.17546942 -0.53640484 0.82551822
vn 0.16859755 -0.46925717 0.86681750
vn 0.30045364 -0.72278797 0.62233846
vn 0.16364456 -0.52340566 0.83622185
vn 0.29220316 -0.55702638 0.77739239
vn 0.30680866 -0.50587706 0.80619902
vn 0.17367850 -0.54712169 0.81883676
vn 0.21224595 -0.57762224 0.78822852
vn 0.26466179 -0.58366632 0.76765081
vn 0.38507521 -0.53911904 0.74904456
vn 0.36631370 -0.56419957 0.73992778
vn 0.38233281 -0.62152611 0.68375940
vn 0.36057495 -0.59265556 0.72023961
vn 0.36345078 -0.81880565 0.44436566
vn 0.44156314 -0.74568989 0.49896752
vn 0.49836112 -0.62260921 0.60331912
vn 0.61914549 -0.62590956 0.47423210
vn 0.58304468 -0.61923955 0.52592896
vn 0.59782659 -0.58833333 0.54448807
vn 0.57378098 -0.56872240 0.58934728
vn 0.49312354 -0.58321661 0.64551341
vn 0.42298827 -0.56745421 0.70645357
vn 0.48867919 -0.52077656 0.69998887
vn 0.53402696 -0.61712436 0.57790374
vn 0.53762247 -0.55337754 0.63618817
vn 0.54794620 -0.52009753 0.65517442
vn 0.61896962 -0.34715978 0.70452587
vn 0.49769226 -0.58715681 0.63839588
vn 0.51312904 -0.58767899 0.62556534
vn 0.54793371 -0.55194868 0.62858675
vn 0.60777667 -0.57496158 0.54774692
vn 0.51941638 -0.58636980 0.62159238
vn 0.45015872 -0.58302355 0.67634360
vn 0.56610058 -0.53869841 0.62396647
vn 0.64313258 -0.60513888 0.46924132
vn 0.63970643 -0.59528932 0.48621632
vn 0.61523979 -0.58207806 0.53166261
vn 0.57097679 -0.55760676 0.60254477
vn 0.77196262 -0.51775176 0.36879104
vn 0.82114229 -0.46864340 0.32572796
vn 0.80144768 -0.54253583 0.25166743
vn 0.73886101 -0.47956103 0.47339795
vn 0.64747843 -0.53267879 0.54499998
vn 0.57489992 -0.52998907 0.62337923
vn 0.69729534 -0.51925434 0.49411956
vn 0.87899980 -0.37379651 0.29603297
vn 0.60877142 -0.37526166 0.69898216
vn 0.46846738 -0.58202202 0.66467187
vn 0.41774454 -0.70556254 0.57242555
vn 0.52536078 -0.60072204 0.60260192
vn 0.52937892 -0.56870968 0.62954528
vn 0.55561558 -0.54963662 0.62385167
vn 0.62156973 -0.54693852 0.56081131
vn 0.36848570 -0.62708027 0.68628611
vn 0.42661851 -0.53196895 0.73144083
vn 0.23837777 -0.87186326 0.42782064
vn 0.18800130 -0.78434961 0.59114397
vn 0.23833742 -0.93322554 0.26885939
vn 0.31424536 -0.83266955 0.45597288
vn 0.25761512 -0.81208210 0.52360014
vn 0.27344802 -0.80229189 0.53061653
vn 0.37935222 -0.87784863 0.29235882
vn 0.30311338 -0.70933379 0.63637084
vn 0.38758931 -0.63392134 0.66926696
vn 0.33076931 -0.55212608 0.76534205
vn 0.39056201 -0.78331791 0.48360560
vn 0.38924271 -0.85828442 0.33442184
vn 0.49519736 -0.78172242 0.37906414
vn 0.51849146 -0.73715892 0.43331666
vn 0.48633218 -0.82580109 0.28554084
vn 0.36822118 -0.71994524 0.58829585
vn 0.44885334 -0.66573989 0.59608815
vn 0.47893279 -0.63137561 0.60990836
vn 0.62784146 -0.62386191 0.46541532
vn 0.54743938 -0.51533207 0.65935043
vn 0.56870319 -0.55125361 0.61048844
vn 0.47888954 -0.58166671 0.65751703
vn 0.65884753 -0.49318774 0.56805439
vn 0.73541108 -0.53036328 0.42176456
vn 0.61080028 -0.43576414 0.66108444
vn 0.67143768 -0.39587983 0.62645877
vn 0.70023911 -0.42016644 0.57717013
vn 0.56501075 -0.48603604 0.66673219
vn 0.43013762 -0.53262269 0.72889964
vn 0.44758431 -0.54617895 0.70806556
vn 0.47308082 -0.63694371 0.60868485
vn 0.51980602 -0.59363404 0.61432917
vn 0.43951818 -0.43679772 0.78487676
vn 0.52303550 -0.50022000 0.69008247
vn 0.45275196 -0.54998444 0.70180680
vn 0.54715019 -0.51803724 0.65746793
vn 0.53694294 -0.59019667 0.60279363
vn 0.54472672 -0.54985944 0.63318828
vn 0.61324006 -0.52573245 0.58952695
vn 0.64772126 -0.50894555 0.56694939
vn 0.57144009 -0.47798009 0.66707665
vn 0.77944500 -0.44604927 0.43989265
vn 0.56838133 -0.51170135 0.64428596
vn 0.59063878 -0.48754470 0.64299767
vn 0.62328368 -0.45105312 0.63880242
vn 0.61561439 -0.40528681 0.67584135
vn 0.62913502 -0.40140144 0.66563204
vn 0.55115429 -0.49009621 0.67530338
vn 0.61081015 -0.46676175 0.63956582
vn 0.73338024 -0.44977174 0.50976348
vn 0.51755997 -0.54206881 0.66203707
vn 0.56628109 -0.45719792 0.68578115
vn 0.55747226 -0.50805620 0.65658478
vn 0.60840733 -0.43962009 0.66073800
vn 0.67115813 -0.35146674 0.65270046
vn 0.70763074 -0.34327537 0.61759271
vn 0.75425309 -0.19113979 0.62814637
vn 0.60304240 -0.40048077 0.68989494
vn 0.66959482 -0.34629329 0.65705687
vn 0.71881195 -0.26537792 0.64256045
vn 0.73287159 -0.28577473 0.61743990
vn 0.71374925 -0.26486403 0.64838958
vn 0.72586407 -0.37070432 0.57939595
vn 0.67457748 -0.32061196 0.66494601
vn 0.75019571 -0.41086543 0.51806949
vn 0.71096724 -0.24349765 0.65972303
vn 0.73082794 -0.29430187 0.61585463
vn 0.74158186 -0.29380520 0.60310434
vn 0.73040964 -0.29227067 0.61731646
vn 0.73192868 -0.22617862 0.64274695
vn 0.76324314 -0.20319813 0.61332734
vn 0.75287315 -0.17380911 0.63480108
vn 0.76075244 -0.13838749 0.63411720
vn 0.78962566 -0.18662932 0.58451758
vn 0.70200158 -0.34831913 0.62118240
vn 0.72026227 -0.32028884 0.61533513
vn 0.79940895 -0.19625897 0.56782722
vn 0.75518596 -0.05014500 0.65358981
vn 0.76440069 -0.01556199 0.64455366
vn 0.76128012 0.03737845 0.64734491
vn 0.74780388 0.09604079 0.65693647
vn 0.75498425 -0.21379074 0.61991314
vn 0.78466474 -0.15907142 0.59916402
vn 0.83456245 -0.06798218 0.54670279
vn 0.75383291 -0.08688599 0.65129622
vn 0.81372675 -0.01553375 0.58104000
vn 0.81353368 0.07793439 0.57627180
vn 0.77060955 0.12875591 0.62416572
vn 0.78616802 -0.19928467 0.58500039
vn 0.78571113 -0.12550386 0.60572832
vn 0.80935573 -0.01253227 0.58718502
vn 0.72313031 -0.53852686 -0.43251748
vn 0.73531609 -0.56687457 -0.37143434
vn 0.76925279 -0.49592130 -0.40287989
vn 0.71110300 -0.50342888 -0.49080737
vn 0.66418930 -0.39378248 -0.63544309
vn 0.67999871 -0.40299174 -0.61253523
vn 0.71140000 -0.35116570 -0.60876325
vn 0.63654086 -0.31340093 -0.70469539
vn 0.65011453 -0.48360578 -0.58606873
vn 0.72768449 -0.43184343 -0.53290388
vn 0.79184847 -0.44717548 -0.41594481
vn 0.79895045 -0.49503363 -0.34149653
vn 0.83203956 -0.44936479 -0.32524062
vn 0.76724682 -0.40888065 -0.49411429
vn 0.78731580 -0.36946027 -0.49359188
vn 0.83013065 -0.29155892 -0.47526466
vn 0.76744958 -0.31642699 -0.55757968
vn 0.83362374 -0.34584606 -0.43065296
vn 0.72353510 -0.30074016 -0.62133108
vn 0.66588729 -0.25277833 -0.70192395
vn 0.63318281 -0.23971004 -0.73594744
vn 0.68793238 -0.20585860 -0.69596787
vn 0.62198376 -0.18327041 -0.76128060
vn 0.74174717 -0.23448847 -0.62835204
vn 0.75817122 -0.25967361 -0.59811873
vn 0.81128552 -0.15639210 -0.56334476
vn 0.74669460 -0.19834270 -0.63490736
vn 0.82994691 -0.28952711 -0.47682510
vn 0.87295937 -0.21561728 -0.43755129
vn 0.89707518 -0.26180691 -0.35596806
vn 0.89009082 -0.23093477 -0.39294716
vn 0.93274528 -0.23695534 -0.27173224
vn 0.89891463 -0.23408524 -0.37034659
vn 0.90487699 -0.20458086 -0.37328850
vn 0.89991000 -0.21556023 -0.37907227
vn 0.68467457 -0.15933118 -0.71122030
vn 0.61151974 -0.14809629 -0.77724584
vn 0.67096874 -0.10684301 -0.73374759
vn 0.59120126 -0.10585900 -0.79954671
vn 0.82902258 -0.17200431 -0.53210533
vn 0.77466361 -0.16484399 -0.61051024
vn 0.79285179 -0.11552970 -0.59836354
vn 0.76220791 -0.12084465 -0.63595258
vn 0.65485194 -0.03603991 -0.75489738
vn 0.55802497 -0.02804141 -0.82935023
vn 0.64076726 0.02569098 -0.76730521
vn 0.52409977 0.03288532 -0.85102173
vn 0.80463166 -0.06311040 -0.59041084
vn 0.72570034 -0.04057634 -0.68681335
vn 0.76298475 0.03000877 -0.64571956
vn 0.71217839 0.02928570 -0.70138740
vn 0.88288537 -0.18577414 -0.43127878
vn 0.87860686 -0.15862383 -0.45043143
vn 0.82865668 -0.12256468 -0.54617397
vn 0.91658967 -0.20843652 -0.34120023
vn 0.89352357 -0.13812088 -0.42724496
vn 0.85258047 -0.14980085 -0.50066581
vn 0.91726460 -0.15719425 -0.36594482
vn 0.86392569 -0.05388821 -0.50072794
vn 0.84916412 -0.05515344 -0.52524127
vn 0.92664194 -0.09019015 -0.36496638
vn 0.87159437 -0.01208524 -0.49007877
vn 0.83000114 0.00871319 -0.55769363
vn 0.92149056 0.00042047 -0.38840054
vn 0.83401087 -0.53114170 -0.14937994
vn 0.78367765 -0.61674505 -0.07399244
vn 0.75335424 -0.65579617 -0.04887505
vn 0.77505390 -0.59872268 -0.20204605
vn 0.76703305 -0.64097658 0.02844871
vn 0.81012483 -0.58522828 -0.03472199
vn 0.73888990 -0.57821880 -0.34598372
vn 0.73168674 -0.63149247 -0.25661600
vn 0.77365033 -0.57105950 -0.27451086
vn 0.77491268 -0.60784090 -0.17331989
vn 0.85486698 -0.42886506 -0.29202261
vn 0.82538740 -0.50258478 -0.25718510
vn 0.84332227 -0.47245068 -0.25612087
vn 0.83617691 -0.52057376 -0.17265900
vn 0.84813241 -0.50326421 -0.16551901
vn 0.76779366 -0.63904374 -0.04599995
vn 0.82596448 -0.56296081 0.02928824
vn 0.84980972 -0.52594469 -0.03472193
vn 0.87755749 -0.47711271 -0.04750074
vn 0.88395375 -0.46323137 0.06358040
vn 0.87093905 -0.48305790 0.09011238
vn 0.74712340 -0.65650411 0.10396629
vn 0.74871952 -0.64367006 0.15845486
vn 0.77194516 -0.61424611 0.16371435
vn 0.72569046 -0.63591636 0.26264757
vn 0.82647901 -0.55143698 0.11335655
vn 0.71871525 -0.63268460 0.28837229
vn 0.90161392 -0.42167501 0.09634586
vn 0.89375522 -0.43845816 0.09463636
vn 0.86620711 -0.47069730 0.16771788
vn 0.89353646 -0.43109583 0.12549496
vn 0.69587075 -0.63085380 0.34320166
vn 0.67781992 -0.62265215 0.39097885
vn 0.64846116 -0.64619270 0.40240916
vn 0.67227871 -0.57530685 0.46590059
vn 0.62792928 -0.60818753 0.48560555
vn 0.61829421 -0.65935772 0.42773785
vn 0.70756125 -0.61795720 0.34276229
vn 0.85306008 -0.45843170 0.24925666
vn 0.72839005 -0.62111864 0.28923965
vn 0.71642916 -0.53673834 0.44569183
vn 0.84153631 -0.47005881 -0.26619796
vn 0.83708596 -0.49837617 -0.22562865
vn 0.88324464 -0.34031337 -0.32259217
vn 0.85937819 -0.46679504 -0.20873791
vn 0.93427204 -0.22944491 -0.27293001
vn 0.89586647 -0.40575379 -0.18107217
vn 0.92498258 -0.34390411 -0.16167000
vn 0.86941929 -0.46449040 -0.16840060
vn 0.86851984 -0.49501938 -0.02508201
vn 0.90142281 -0.42664322 -0.07356960
vn 0.84887039 -0.52376735 0.07132201
vn 0.87160643 -0.48743949 0.05200943
vn 0.92803667 -0.36053480 -0.09360873
vn 0.92534169 -0.37653226 0.04434209
vn 0.93260745 -0.21136214 -0.29252247
vn 0.95684220 -0.18618351 -0.22313384
vn 0.92530422 -0.24093642 -0.29285107
vn 0.93549844 -0.24742675 -0.25223534
vn 0.95574443 -0.21426263 -0.20160384
vn 0.95326330 -0.24872622 -0.17153527
vn 0.94940131 -0.17761618 -0.25901670
vn 0.95443851 -0.28139202 -0.09932599
vn 0.97078469 -0.23971709 0.01062109
vn 0.96676497 -0.23546516 -0.09960748
vn 0.97354878 -0.20254191 -0.10573339
vn 0.98103522 -0.19309030 0.01691239
vn 0.97628114 -0.21550698 0.02078178
vn 0.83513393 -0.46096979 0.30009694
vn 0.79263074 -0.53443315 0.29345819
vn 0.80724823 -0.44390267 0.38897393
vn 0.79590527 -0.42058302 0.43548219
vn 0.83675671 -0.52100935 0.16848577
vn 0.85248289 -0.48753421 0.18863540
vn 0.85901033 -0.48584013 0.16143302
vn 0.88657983 -0.43622185 0.15390484
vn 0.91348989 -0.37754025 0.15165615
vn 0.89500421 -0.39320118 0.21061883
vn 0.87101713 -0.43613988 0.22607779
vn 0.84805808 -0.43510104 0.30246416
vn 0.86923824 -0.42779125 0.24782963
vn 0.86426003 -0.37519190 0.33509049
vn 0.76045794 -0.48675494 0.42985270
vn 0.93363841 -0.32499672 0.15065340
vn 0.91790403 -0.28723110 0.27377088
vn 0.97077525 -0.22917202 0.07124321
vn 0.96817114 -0.22314177 0.11336837
vn 0.95668459 -0.22613736 0.18334798
vn 0.91150862 -0.25241090 0.32471646
vn 0.88241248 -0.39173416 0.26056201
vn 0.93925633 -0.25245106 0.23252098
vn 0.90417331 -0.24653261 0.34884422
vn 0.94201225 -0.18409441 0.28057471
vn 0.92033710 -0.18215322 0.34612111
vn 0.93914763 -0.14694735 -0.31049669
vn 0.95005907 -0.21350854 -0.22760025
vn 0.94743849 -0.17688415 -0.26659387
vn 0.95896665 -0.20462568 -0.19624296
vn 0.95488547 -0.12913981 -0.26742597
vn 0.94231866 -0.12123411 -0.31199013
vn 0.96159906 -0.13415027 -0.23943885
vn 0.97459779 -0.19525529 -0.10970198
vn 0.98001662 -0.19636742 0.03173721
vn 0.98915381 -0.12667241 -0.07435622
vn 0.99192726 -0.12344357 0.02901722
vn 0.95670365 -0.08522220 -0.27830793
vn 0.96426790 -0.09222782 -0.24835750
vn 0.97228988 -0.04952914 -0.22847157
vn 0.96994559 -0.01537553 -0.24283563
vn 0.96044956 -0.01415213 -0.27809416
vn 0.98164421 0.02159022 -0.18949538
vn 0.99481437 -0.04728867 -0.09004530
vn 0.99789975 -0.06423041 0.00839851
vn 0.99507684 0.01363750 -0.09816369
vn 0.99992910 -0.00684147 0.00974638
vn 0.98124705 -0.16365152 0.10184501
vn 0.94331200 -0.21575916 0.25221112
vn 0.98236597 -0.14094972 0.12284249
vn 0.97597437 -0.12004431 0.18183341
vn 0.89829225 -0.21092001 0.38546566
vn 0.97313770 -0.16833005 0.15706055
vn 0.98102225 -0.16072714 0.10845339
vn 0.92920865 -0.23218443 0.28750942
vn 0.93800467 -0.18078375 0.29574392
vn 0.88456278 -0.40669355 0.22836165
vn 0.91303638 -0.19281562 0.35942553
vn 0.90973739 -0.15869065 0.38366021
vn 0.99197724 -0.06922487 0.10577845
vn 0.97689621 -0.07081116 0.20164219
vn 0.99373063 0.01101366 0.11125710
vn 0.97774104 0.04451990 0.20503766
vn 0.96153263 -0.04530430 0.27092898
vn 0.93948362 -0.05720053 0.33778487
vn 0.92556280 0.00110433 0.37859250
vn 0.95103977 0.08818982 0.29621935
vn 0.94421663 0.02504194 0.32837152
vn 0.93113153 0.11558451 0.34588190
vn 0.82474406 -0.46634800 0.31986995
vn 0.79327239 -0.43337235 0.42767665
vn 0.76997092 -0.37829366 0.51384695
vn 0.68800888 -0.47629849 0.54752491
vn 0.79432702 -0.41788548 0.44092664
vn 0.77277422 -0.40098715 0.49196475
vn 0.79386352 -0.38185123 0.47325506
vn 0.78033855 -0.43199282 0.45216584
vn 0.81397965 -0.37477702 0.44382352
vn 0.84916603 -0.32697882 0.41473113
vn 0.78963762 -0.38542009 0.47741363
vn 0.83285012 -0.36327432 0.41760320
vn 0.84814908 -0.30065348 0.43617729
vn 0.75995228 -0.41653665 0.49896868
vn 0.84729096 -0.25266858 0.46717942
vn 0.88600032 -0.22355774 0.40623314
vn 0.74636899 -0.34806388 0.56726084
vn 0.77925654 -0.33941712 0.52683514
vn 0.74825763 -0.30011005 0.59164557
vn 0.73418362 -0.28414697 0.61663192
vn 0.73182450 -0.29116310 0.61616309
vn 0.89084582 -0.31055510 0.33158596
vn 0.80337087 -0.33100234 0.49500777
vn 0.88413605 -0.30238004 0.35618780
vn 0.84679639 -0.33500249 0.41316970
vn 0.90039525 -0.24123652 0.36206813
vn 0.74066025 -0.21760096 0.63566675
vn 0.75233111 -0.24917507 0.60984399
vn 0.83620346 -0.19630266 0.51208305
vn 0.88413432 -0.17591958 0.43284963
vn 0.83399032 -0.13287230 0.53554187
vn 0.89144447 -0.11195491 0.43908183
vn 0.76795790 -0.13732502 0.62560571
vn 0.81566748 -0.13938992 0.56147752
vn 0.78696066 -0.12050904 0.60512023
vn 0.85989051 -0.05134288 0.50788997
vn 0.89318202 -0.00730188 0.44963604
vn 0.82389092 -0.09412701 0.55887732
vn 0.78224350 -0.05567056 0.62048038
vn 0.86141199 0.08089629 0.50142316
vn 0.87548193 0.07653107 0.47715237
vn 0.82723212 -0.01866415 0.56155024
vn 0.78655926 0.06055643 0.61453841
vn 0.91563480 -0.17961268 0.35965567
vn 0.95022170 -0.14306775 0.27678572
vn 0.87853011 -0.17654325 0.44386634
vn 0.90089503 -0.15096440 0.40693721
vn 0.89700100 -0.13919974 0.41953861
vn 0.91458293 -0.04120043 0.40229417
vn 0.89868281 -0.09374309 0.42846404
vn 0.90274853 0.02626062 0.42936636
vn 0.91577142 0.02605667 0.40085379
vn 0.69958554 -0.31020920 0.64370049
vn 0.71853663 -0.29294595 0.63078346
vn 0.75807046 -0.19621225 0.62195654
vn 0.78095700 -0.05903735 0.62178836
vn 0.78234656 -0.02648228 0.62228013
vn -0.32922746 -0.86051361 -0.38874877
vn -0.38553770 -0.79221633 -0.47302639
vn -0.39555748 -0.82861277 -0.39615043
vn -0.31785357 -0.90682979 -0.27681915
vn -0.26815387 -0.91724452 -0.29454371
vn -0.26311168 -0.87731995 -0.40135015
vn -0.32925601 -0.80800653 -0.48858564
vn -0.26453310 -0.84060740 -0.47265362
vn -0.32163517 -0.78333722 -0.53191504
vn -0.20479080 -0.88817510 -0.41134623
vn -0.21763361 -0.86459752 -0.45288711
vn -0.28479853 -0.80911650 -0.51402363
vn -0.22135019 -0.91793721 -0.32923454
vn -0.15721306 -0.90325366 -0.39927043
vn -0.15938215 -0.88839342 -0.43052811
vn -0.24203106 -0.83269460 -0.49803682
vn -0.16336605 -0.92462357 -0.34406800
vn -0.18517428 -0.86614757 -0.46421856
vn -0.25695132 -0.82874136 -0.49715568
vn -0.10077549 -0.90636467 -0.41030157
vn -0.09504282 -0.89819535 -0.42919922
vn -0.18785350 -0.85861824 -0.47695470
vn -0.01475756 -0.91629241 -0.40023798
vn 0.00040664 -0.91121361 -0.41193396
vn -0.08788304 -0.88271129 -0.46162469
vn -0.10206541 -0.91180303 -0.39774099
vn -0.10047738 -0.93245344 -0.34703728
vn -0.02257270 -0.94202213 -0.33479065
vn -0.03117125 -0.97546624 -0.21793111
vn 0.02914046 -0.97195189 -0.23336742
vn 0.00950604 -0.94431244 -0.32891284
vn -0.02069142 -0.91718599 -0.39792176
vn 0.06946780 -0.91854346 -0.38916853
vn 0.10368268 -0.90370075 -0.41542130
vn 0.02555104 -0.90332619 -0.42819264
vn 0.18398154 -0.91141974 -0.36805550
vn 0.20473767 -0.88422790 -0.41978984
vn 0.15127339 -0.89801258 -0.41314618
vn 0.12009809 -0.94131548 -0.31543878
vn 0.08210725 -0.97300307 -0.21569290
vn 0.19996661 -0.92495585 -0.32321823
vn 0.06010465 -0.92390230 -0.37787824
vn 0.18486702 -0.92089428 -0.34318787
vn 0.17635861 -0.93352661 -0.31213093
vn -0.38421690 -0.87720252 -0.28791164
vn -0.30916918 -0.93884564 -0.15160236
vn -0.31100840 -0.94965239 -0.03786958
vn -0.25605339 -0.95078885 -0.17446266
vn -0.24379194 -0.96887574 -0.04295689
vn -0.30018421 -0.95196632 0.06041164
vn -0.30112953 -0.94124872 0.15287855
vn -0.22032598 -0.97195413 0.08222915
vn -0.21548095 -0.96382561 0.15686987
vn -0.23012768 -0.95105184 -0.20625626
vn -0.19800472 -0.97829900 -0.06103435
vn -0.16342324 -0.95906953 -0.23125416
vn -0.16770395 -0.97995266 -0.10755542
vn -0.09684146 -0.98914339 -0.11053092
vn -0.10099462 -0.96924655 -0.22441302
vn -0.13704767 -0.99014435 0.02884602
vn -0.10007907 -0.99497943 -0.00032342
vn -0.15769596 -0.98575553 0.05846382
vn -0.14994494 -0.97584445 0.15888399
vn -0.14692768 -0.98153787 0.12245679
vn -0.09804939 -0.98825045 0.11724916
vn -0.09312569 -0.98489320 0.14598972
vn -0.05722103 -0.98471224 0.16452218
vn -0.04352936 -0.98608399 0.16044798
vn -0.33158916 -0.92240545 0.19803234
vn -0.25713853 -0.94448743 0.20450740
vn -0.29648053 -0.92217123 0.24839386
vn -0.37326270 -0.85377203 0.36297146
vn -0.23618238 -0.93258970 0.27293651
vn -0.22079642 -0.94672502 0.23443692
vn -0.19905860 -0.93863640 0.28166893
vn -0.21250687 -0.92809063 0.30575907
vn -0.31902847 -0.87642634 0.36069060
vn -0.26998033 -0.86719754 0.41842448
vn -0.17922292 -0.92241519 0.34209554
vn -0.14264628 -0.96630337 0.21426583
vn -0.15170723 -0.94552493 0.28804083
vn -0.06053373 -0.97822814 0.19850785
vn -0.06686377 -0.95648483 0.28401763
vn -0.13892361 -0.93073138 0.33828884
vn -0.19214753 -0.89273040 0.40756810
vn -0.22921725 -0.87496521 0.42649189
vn -0.14395362 -0.87421333 0.46371155
vn -0.13209604 -0.90878381 0.39580629
vn -0.06636666 -0.93704273 0.34285038
vn -0.05411094 -0.88143773 0.46919030
vn -0.06675342 -0.91115280 0.40662583
vn -0.03536229 -0.99405655 -0.10296156
vn -0.04076178 -0.99913953 0.00766033
vn 0.02482940 -0.99336942 -0.11225280
vn 0.03519585 -0.99923898 0.01681417
vn -0.03217288 -0.99275391 0.11577818
vn -0.01515517 -0.98044914 0.19618819
vn -0.02955525 -0.98052902 0.19413740
vn 0.04976043 -0.99005802 0.13156377
vn 0.06353804 -0.97455939 0.21493467
vn 0.05894802 -0.98086858 0.18553154
vn 0.07644434 -0.99185425 -0.10188916
vn 0.10150882 -0.99450421 0.02563843
vn 0.17419949 -0.98122601 -0.08276504
vn 0.20500498 -0.95381400 -0.21957189
vn 0.16265423 -0.98620864 0.03059611
vn 0.10694137 -0.98642461 0.12461954
vn 0.12882088 -0.96159733 0.24235460
vn 0.08671549 -0.96786633 0.23604064
vn 0.19803551 -0.96654850 0.16299059
vn 0.14542365 -0.96882778 0.20056094
vn 0.20495181 -0.94415748 0.25799497
vn 0.26435413 -0.94035256 0.21413538
vn 0.01730316 -0.97652931 0.21468838
vn 0.01915474 -0.96174594 0.27327247
vn 0.07777771 -0.96808305 0.23825581
vn 0.08386907 -0.95737860 0.27639137
vn 0.01902258 -0.94623413 0.32292276
vn 0.04143226 -0.87696587 0.47876323
vn 0.02789776 -0.91694825 0.39802968
vn 0.09246481 -0.94145961 0.32419757
vn 0.13033735 -0.85896241 0.49517244
vn 0.09831659 -0.90049593 0.42360468
vn 0.14742222 -0.95867757 0.24331873
vn 0.15530335 -0.94304540 0.29418744
vn 0.23022408 -0.93371420 0.27418000
vn 0.24869278 -0.92177342 0.29746539
vn 0.19812903 -0.91532528 0.35060592
vn 0.15648300 -0.91318593 0.37630378
vn 0.20419688 -0.84936752 0.48670161
vn 0.24784827 -0.86144812 0.44325880
vn 0.32194143 -0.85149830 0.41388931
vn 0.25894066 -0.89532817 0.36240476
vn -0.54346105 -0.66981013 0.50596885
vn -0.59514690 -0.74878378 0.29175849
vn -0.54458532 -0.75533602 0.36454674
vn -0.56148877 -0.75637253 0.33560536
vn -0.55457085 -0.80645151 0.20515149
vn -0.53593483 -0.79994474 0.26993010
vn -0.67948362 -0.71483492 0.16526662
vn -0.64949470 -0.74963587 -0.12728986
vn -0.58511377 -0.81006655 0.03786907
vn -0.60831475 -0.50940962 -0.60865015
vn -0.53603531 -0.57382774 -0.61918323
vn -0.64710062 -0.60384952 -0.46543157
vn -0.75399209 -0.61603308 -0.22803325
vn -0.53057682 -0.66790666 -0.52190893
vn -0.46257955 -0.66011736 -0.59183209
vn -0.46831936 -0.69937079 -0.53996062
vn -0.51460270 -0.74504139 -0.42437883
vn -0.58977935 -0.73191448 -0.34126458
vn -0.42546403 -0.88698710 0.17953896
vn -0.41451212 -0.88336831 0.21872386
vn -0.41039678 -0.91013606 0.05680519
vn -0.37569352 -0.92211720 0.09248920
vn -0.44311257 -0.75419532 -0.48460362
vn -0.40679368 -0.72066504 -0.56139184
vn -0.39027101 -0.76058169 -0.51884876
vn -0.43166850 -0.79346675 -0.42903710
vn -0.49122613 -0.80497689 -0.33272976
vn -0.45532200 -0.84949982 -0.26651817
vn -0.49073563 -0.86731249 -0.08335219
vn -0.37973264 -0.85449141 -0.35446798
vn -0.37570706 -0.90829737 -0.18395676
vn -0.45005948 -0.89254375 -0.02849762
vn -0.35646909 -0.80833316 -0.46853740
vn -0.58938197 -0.78958605 -0.17082962
vn -0.40667318 -0.71736989 -0.56568310
vn -0.40284564 -0.68852775 -0.60302978
vn -0.43936686 -0.64998766 -0.62005870
vn -0.36439470 -0.74111493 -0.56388399
vn -0.36861565 -0.76296939 -0.53103691
vn -0.32560900 -0.76790990 -0.55162774
vn -0.38198478 -0.72204504 -0.57683497
vn -0.43030501 -0.68093355 -0.59259354
vn -0.42021785 -0.74212515 -0.52217547
vn -0.29083861 -0.79759728 -0.52844250
vn -0.34440455 -0.76240471 -0.54783626
vn -0.32754304 -0.79674904 -0.50784498
vn -0.26525617 -0.83736801 -0.47796859
vn -0.76048450 -0.64679321 -0.05763567
vn -0.24407766 -0.96973984 0.00554514
vn -0.27419597 -0.94701832 -0.16725090
vn -0.11247185 -0.99316911 -0.03106764
vn -0.12016001 -0.97175930 -0.20308974
vn -0.28387650 -0.86155137 -0.42088403
vn -0.18240433 -0.87915845 -0.44023752
vn -0.17333217 -0.91206172 -0.37161724
vn -0.29731511 -0.90566565 -0.30228041
vn -0.06714751 -0.90536730 -0.41928661
vn -0.03472823 -0.93752110 -0.34619089
vn -0.16622003 -0.94355142 -0.28649892
vn 0.04320643 -0.99800480 0.04603932
vn 0.05771757 -0.98197975 -0.17995678
vn 0.16430287 -0.98193298 0.09387327
vn 0.20972530 -0.97034439 -0.12019595
vn 0.06209012 -0.90827315 -0.41374472
vn 0.09949966 -0.93202915 -0.34845586
vn 0.00479860 -0.96446213 -0.26417756
vn 0.21488800 -0.88915392 -0.40401542
vn 0.26820489 -0.88491739 -0.38077206
vn 0.18385417 -0.94259474 -0.27877015
vn -0.30212745 -0.85611748 0.41926348
vn 0.33964982 -0.77591153 0.53160070
vn 0.21408661 -0.91163045 -0.35085161
vn 0.28833710 -0.89260035 -0.34659247
vn 0.38826560 -0.80743858 -0.44417651
vn 0.31367760 -0.83967233 -0.44334720
vn 0.29032105 -0.90221772 -0.31893083
vn 0.33270626 -0.90404857 -0.26833324
vn 0.27202550 -0.92276436 -0.27296164
vn 0.38456996 -0.87969714 -0.27971214
vn 0.46837607 -0.79025956 -0.39511225
vn 0.39888948 -0.81367403 -0.42287321
vn 0.39324455 -0.89944834 -0.19066044
vn 0.55571427 -0.78799937 -0.26502573
vn 0.49795778 -0.85692841 -0.13308545
vn 0.60802300 -0.77893650 -0.15351207
vn 0.49872537 -0.80546823 -0.32014675
vn 0.38408250 -0.90232514 -0.19567824
vn 0.31040960 -0.94958039 -0.04407906
vn 0.44108071 -0.89453750 -0.07246015
vn 0.29982372 -0.95338405 0.03412614
vn 0.47036907 -0.87872521 0.08120932
vn 0.45307847 -0.89049790 -0.04163404
vn 0.51743018 -0.84962196 0.10202225
vn 0.21380242 -0.96934775 0.12105152
vn 0.41285053 -0.89639217 0.16135522
vn 0.37423715 -0.89644233 0.23735565
vn 0.50735454 -0.84959973 0.14412382
vn 0.47646106 -0.86347925 0.16549453
vn 0.50936690 -0.86029633 -0.02087090
vn 0.54241439 -0.83700042 -0.07222833
vn 0.44543196 -0.89056647 0.09209632
vn 0.41380870 -0.91025808 0.01387760
vn 0.40592915 -0.90179295 0.14829365
vn 0.31455295 -0.94122511 0.12309236
vn 0.44683046 -0.88646070 0.12054033
vn 0.38574186 -0.90243081 0.19189020
vn 0.41359609 -0.86432570 0.28614570
vn 0.31829660 -0.89954126 0.29918690
vn 0.40230210 -0.85288618 0.33277347
vn 0.49236433 -0.81878481 0.29524363
vn 0.43790265 -0.82890892 0.34806792
vn 0.45863369 -0.81113966 0.36291540
vn 0.50243245 -0.77202749 0.38927521
vn 0.52562074 -0.77962773 0.34044595
vn 0.32253074 -0.86999705 0.37293304
vn 0.40394479 -0.81799780 0.40952193
vn 0.27962075 -0.95574374 0.09146657
vn 0.37294046 -0.92301475 -0.09465293
vn 0.40117187 -0.90267737 0.15567501
vn 0.53337187 -0.82942800 0.16602302
vn 0.50370202 -0.86345236 -0.02709794
vn 0.56198851 -0.82714376 -0.00145442
vn 0.34080766 -0.85989813 -0.38003334
vn 0.37447133 -0.84028045 -0.39204591
vn 0.42385133 -0.82404587 -0.37589687
vn 0.38076513 -0.87452140 -0.30038348
vn 0.55214669 -0.79062331 -0.26466739
vn 0.60370135 -0.78358452 -0.14676504
vn 0.47677099 -0.77867436 -0.40786721
vn 0.60277138 -0.69719236 -0.38805859
vn 0.57070897 -0.71010159 -0.41236757
vn 0.63016933 -0.65854984 -0.41133771
vn 0.67003941 -0.69673915 -0.25612837
vn 0.64478709 -0.72981684 0.22719375
vn 0.62717104 -0.77866573 0.01833511
vn 0.73197157 -0.67969193 0.04729156
vn 0.78270874 -0.62035478 0.05026901
vn 0.66670457 -0.66445374 0.33764810
vn 0.77990272 -0.57409313 0.24933677
vn 0.86175956 -0.50694626 0.01938963
vn 0.91589502 -0.38273598 0.12103508
vn 0.78339637 -0.53702518 0.31288029
vn 0.71191470 -0.70157983 -0.03103559
vn 0.73356818 -0.56947170 -0.37091739
vn 0.70881106 -0.54761633 -0.44463831
vn 0.77069508 -0.44585026 -0.45524349
vn 0.80888968 -0.55647320 -0.18982902
vn 0.90420625 -0.32032303 -0.28249638
vn 0.83391959 -0.34286899 -0.43245690
vn 0.42039917 -0.79094077 -0.44460908
vn 0.43745262 -0.78919617 -0.43105060
vn 0.49210689 -0.75138796 -0.43959862
vn 0.47687893 -0.74452126 -0.46719866
vn 0.48947143 -0.77137439 -0.40669308
vn 0.53612236 -0.70770001 -0.46014510
vn 0.54599557 -0.69698013 -0.46487368
vn 0.61723680 -0.66865704 -0.41462814
vn 0.58479901 -0.63496961 -0.50480066
vn 0.58700927 -0.67930785 -0.44040998
vn 0.63195280 -0.61329841 -0.47381507
vn 0.64664112 -0.58373722 -0.49102558
vn 0.57700356 -0.72097623 -0.38374492
vn 0.54468653 -0.80061492 -0.24966445
vn 0.60263517 -0.73381645 -0.31359889
vn 0.56985141 -0.80693219 -0.15533772
vn 0.53896191 -0.82109152 -0.18795952
vn 0.70977772 -0.52189817 -0.47311510
vn 0.90521848 -0.42103399 -0.05753167
vn 0.82497214 -0.56079848 0.07018571
vn 0.77109224 -0.48379253 0.41395838
vn 0.77574389 -0.51030725 0.37122490
vn 0.58762821 -0.67822732 -0.44124913
vn 0.59390672 -0.72730648 -0.34394781
vn 0.62074690 -0.64701429 -0.44277059
vn 0.62942266 -0.57292647 -0.52495940
vn 0.54915948 -0.78829819 -0.27750645
vn 0.58354314 -0.72411471 -0.36760752
vn 0.56343566 -0.74906522 -0.34848466
vn 0.51296509 -0.76240122 -0.39447585
vn 0.60307371 -0.64274261 -0.47242357
vn 0.64651577 -0.51492186 -0.56291459
vn 0.66131494 -0.50012569 -0.55904995
vn 0.69964804 -0.42830749 -0.57187875
vn 0.76447626 -0.36125239 -0.53392206
vn 0.74328666 -0.30781714 -0.59394743
vn 0.81540509 -0.28097238 -0.50613147
vn 0.68263446 -0.36487849 -0.63314603
vn 0.64743640 -0.44505983 -0.61866619
vn 0.65558712 -0.32997726 -0.67920581
vn 0.69450133 -0.31190876 -0.64836782
vn 0.64148140 -0.53387771 -0.55088674
vn 0.60173952 -0.55758637 -0.57184525
vn 0.54897240 -0.61383572 -0.56730505
vn 0.48720117 -0.70650763 -0.51330496
vn 0.48021310 -0.66236860 -0.57503324
vn 0.56205652 -0.52066011 -0.64265505
vn 0.59921239 -0.39375083 -0.69706872
vn 0.55975365 -0.39743167 -0.72713405
vn 0.60262218 -0.35999045 -0.71221723
vn 0.47628662 -0.50995198 -0.71631002
vn 0.46784671 -0.62908881 -0.62077913
vn 0.43239807 -0.51099896 -0.74290779
vn 0.48907551 -0.39698593 -0.77666422
vn 0.80934925 -0.37284905 0.45380323
vn 0.83723143 -0.43414569 0.33250722
vn 0.90278187 -0.39615479 0.16747021
vn 0.92377747 -0.30746456 0.22825585
vn 0.90394285 -0.20702366 0.37420387
vn 0.81227072 -0.29742461 0.50175182
vn 0.78131726 -0.32046185 0.53558150
vn 0.88618630 -0.29655611 -0.35598922
vn 0.84369741 -0.23912183 -0.48061983
vn 0.89351636 -0.40143157 -0.20119941
vn 0.96282463 -0.24927331 -0.10407474
vn 0.84410242 -0.19265046 -0.50037676
vn 0.95462314 -0.11546790 0.27452107
vn 0.90793513 -0.08096437 0.41121596
vn 0.94519970 0.01607527 0.32609680
vn 0.91066869 0.11586211 0.39655833
vn 0.82228601 -0.16321084 0.54516781
vn 0.83760068 0.01138098 0.54616442
vn 0.99290095 -0.11874356 -0.00690379
vn 0.93510312 -0.10420830 -0.33870752
vn 0.99673033 -0.02907056 0.07538936
vn 0.94090036 -0.01740595 -0.33823592
vn 0.74660421 -0.22687556 -0.62538759
vn 0.78598241 -0.19545530 -0.58653974
vn 0.64319744 -0.23596997 -0.72843341
vn 0.69356100 -0.21427811 -0.68779214
vn 0.64593531 -0.17654006 -0.74269858
vn 0.73605987 -0.17320439 -0.65438223
vn 0.77135051 -0.14629160 -0.61936836
vn 0.69208547 -0.08606929 -0.71666574
vn 0.82575796 -0.09621453 -0.55575764
vn 0.64291514 -0.12962371 -0.75488928
vn 0.71653809 -0.01052382 -0.69746857
vn 0.81496041 -0.02860659 -0.57881016
vn 0.56606071 -0.33358561 -0.75385404
vn 0.57984154 -0.24321829 -0.77757871
vn 0.60454813 -0.16812092 -0.77862501
vn 0.54434699 -0.26888983 -0.79459714
vn 0.54945432 -0.19634830 -0.81212517
vn 0.52678073 -0.14140623 -0.83815651
vn 0.56853289 -0.15147541 -0.80859480
vn 0.65732873 -0.03527874 -0.75277776
vn 0.63601393 -0.08917396 -0.76650785
vn 0.64422957 0.02483174 -0.76442897
vn 0.68536873 -0.00897869 -0.72814085
vn 0.52299346 -0.07724516 -0.84882921
vn 0.59753865 -0.07822554 -0.79801524
vn 0.51470187 -0.01916631 -0.85715497
vn 0.56988766 0.00851985 -0.82167845
vn 0.56184471 -0.82191501 -0.09373496
vn 0.47884845 -0.87320627 -0.09063647
vn 0.42320696 -0.88978993 -0.17079152
vn 0.62273505 -0.75631025 -0.20048908
vn 0.29261330 -0.95438549 0.05937833
vn 0.25849532 -0.94876260 0.18174073
vn 0.34894691 -0.71488219 0.60595339
vn 0.42686853 -0.72432741 0.54141764
vn 0.39778847 -0.77455060 0.49176793
vn 0.55869297 -0.75435706 0.34468477
vn 0.51777962 -0.76252288 0.38789576
vn 0.52245475 -0.77654070 0.35217265
vn 0.52277546 -0.75255639 0.40045561
vn 0.51491749 -0.71966449 0.46577140
vn 0.40096998 -0.82592878 0.39631393
vn 0.41858090 -0.80400913 0.42232611
vn 0.45287075 -0.77054302 0.44852150
vn 0.37796376 -0.79151492 0.48025777
vn 0.37653585 -0.76178364 0.52716832
vn 0.26611267 -0.84491345 0.46401002
vn 0.48364184 -0.72177924 0.49510130
vn 0.49747988 -0.73798644 0.45594931
vn 0.54316149 -0.70536901 0.45544501
vn 0.59041149 -0.62481906 0.51089667
vn 0.55803624 -0.64179751 0.52601474
vn 0.51316599 -0.68461859 0.51764664
vn 0.46329285 -0.76931828 0.43989671
vn 0.58520122 -0.60107286 0.54428940
vn 0.47303120 -0.70268708 0.53148128
vn 0.66911289 -0.49064991 0.55816719
vn 0.69221033 -0.45959677 0.55643119
vn 0.42924551 -0.55184002 0.71499712
vn 0.63962311 -0.53815014 0.54888679
vn 0.44845355 -0.86360551 -0.23037998
vn 0.35275714 -0.90375600 -0.24246133
vn 0.44295535 -0.80724688 -0.39005516
vn 0.47523624 -0.78231684 -0.40265477
vn 0.36704335 -0.88262953 -0.29367379
vn 0.25978780 -0.96562944 -0.00837186
vn 0.31497946 -0.92157348 -0.22691466
vn 0.32665124 -0.89327518 0.30880157
vn 0.40053687 -0.89808901 -0.18167648
vn 0.38839683 -0.92149115 0.00139992
vn 0.42227280 -0.90275149 0.08200870
vn 0.36620545 -0.91144802 0.18749954
vn 0.46254747 -0.82984637 0.31209749
vn 0.41875133 -0.78346604 0.45916041
vn 0.40607763 -0.78289772 -0.47135138
vn 0.35946874 -0.86631404 -0.34681725
vn 0.41701927 -0.77766206 -0.47046430
vn 0.41886575 -0.77040572 -0.48065217
vn 0.35650963 -0.93371486 -0.03282449
vn 0.35925770 -0.84959622 0.38616081
vn 0.39533799 -0.89913120 -0.18780565
vn 0.42690228 -0.90219869 0.06157904
vn 0.45640275 -0.88863891 0.04491565
vn 0.45453909 -0.79174006 -0.40809544
vn 0.34818886 -0.90170280 0.25631344
vn 0.37924610 -0.84853418 0.36900154
vn 0.26161507 -0.84617475 0.46426915
vn 0.44198686 -0.68566078 -0.57837436
vn 0.42701292 -0.74097347 -0.51828398
vn 0.44349024 -0.67636317 -0.58808951
vn 0.33100637 -0.86149022 0.38505764
vn 0.39577639 -0.69616124 0.59893286
vn 0.43709342 -0.69497088 0.57093329
vn 0.52817936 -0.59151716 0.60920769
vn 0.46435680 -0.60060980 0.65087682
vn 0.41233567 -0.62263789 0.66505740
vn 0.39128400 -0.66353189 0.63766939
vn 0.49760778 -0.49608476 0.71153806
vn 0.39553643 -0.51729186 0.75892033
vn 0.27167736 -0.57073014 0.77489258
vn 0.59267565 -0.44374540 0.67217973
vn 0.64619833 -0.40796916 0.64497200
vn 0.47133262 -0.40959803 0.78107299
vn 0.59683733 -0.53359121 0.59922085
vn 0.51713950 -0.50947691 0.68774997
vn 0.61668948 -0.38640600 0.68584583
vn 0.70903873 -0.46738641 0.52802842
vn 0.68977052 -0.36383781 0.62597019
vn 0.71527600 -0.35734618 0.60056969
vn 0.41234072 -0.77067266 0.48583822
vn 0.29424527 -0.70508830 0.64519006
vn 0.22380750 -0.64481587 0.73083698
vn 0.13125391 -0.42690526 0.89472024
vn 0.19498973 -0.53747175 0.82042862
vn 0.19433604 -0.66523128 0.72090280
vn 0.18864912 -0.70404592 0.68463921
vn 0.05280755 -0.52060145 0.85216518
vn 0.12657648 -0.61292264 0.77993861
vn 0.74024604 -0.26963530 0.61589983
vn 0.64449736 -0.26335889 0.71781979
vn 0.74578884 -0.29221523 0.59867292
vn 0.70772106 -0.16107081 0.68788596
vn 0.58109126 -0.20886228 0.78658089
vn 0.63386336 -0.41032751 0.65562838
vn 0.47520039 -0.40111785 0.78312774
vn 0.35567530 -0.45608489 0.81577059
vn 0.39697199 -0.24247228 0.88522338
vn 0.55934709 -0.20666483 0.80275804
vn 0.54988023 -0.12912563 0.82520198
vn 0.29995651 -0.10000283 0.94869675
vn 0.72809586 -0.05393967 0.68334978
vn 0.51991750 -0.00234606 0.85421326
vn 0.27384610 0.07367429 0.95894755
vn 0.72875345 0.05610341 0.68247404
vn 0.14583965 -0.40584339 0.90223164
vn -0.04858126 -0.42063787 0.90592695
vn 0.19012061 -0.37052444 0.90915664
vn 0.24086694 -0.48128531 0.84282120
vn 0.00712836 -0.30478534 0.95239440
vn -0.07694177 -0.35356421 0.93224048
vn 0.20164650 -0.18598228 0.96163885
vn 0.19219008 -0.00860613 0.98131998
vn 0.08811860 -0.19928414 0.97597179
vn 0.13648519 -0.05498096 0.98911520
vn -0.36498507 -0.77162503 0.52094214
vn -0.31450071 -0.75314209 0.57781164
vn -0.28973403 -0.82018621 0.49330394
vn -0.38180639 -0.67677115 0.62944792
vn -0.33362004 -0.63654656 0.69534606
vn -0.30486519 -0.72876795 0.61315128
vn -0.24808477 -0.76199597 0.59817730
vn -0.23303878 -0.84422541 0.48267628
vn -0.29736239 -0.63919075 0.70923254
vn -0.19571729 -0.73848574 0.64523914
vn -0.33709204 -0.53793900 0.77265166
vn -0.28063400 -0.47472989 0.83419188
vn -0.31175141 -0.58352726 0.74987132
vn -0.23396243 -0.41708601 0.87823735
vn -0.25160018 -0.45014136 0.85677891
vn -0.23919579 -0.62029043 0.74701082
vn -0.24204263 -0.27785706 0.92962940
vn -0.21963416 -0.37435394 0.90089953
vn -0.23588565 -0.34833051 0.90720660
vn -0.20302583 -0.40260296 0.89257569
vn -0.16671260 -0.80918614 0.56340456
vn -0.12095611 -0.83978417 0.52927514
vn -0.13036056 -0.72409650 0.67726685
vn -0.03985514 -0.85178984 0.52236543
vn -0.08396788 -0.76193602 0.64218603
vn 0.02749401 -0.72697644 0.68611175
vn 0.01654885 -0.79367006 0.60812332
vn -0.09762625 -0.65765593 0.74696572
vn -0.02719489 -0.62580963 0.77950160
vn -0.06001307 -0.69332521 0.71812157
vn -0.03095208 -0.58736286 0.80873162
vn 0.04054439 -0.69510977 0.71775940
vn -0.07601353 -0.56635311 0.82064980
vn -0.25429162 -0.40402238 0.87869317
vn -0.14625248 -0.45692245 0.87740075
vn 0.06557021 -0.65435667 0.75333784
vn -0.03245025 -0.55272022 0.83273485
vn 0.02645359 -0.52073640 0.85330757
vn 0.01348059 -0.52249682 0.85253466
vn -0.07784366 -0.53223183 0.84301224
vn -0.12749244 -0.32990399 0.93536572
vn -0.24860178 -0.34201972 0.90621171
vn -0.27617330 -0.30323921 0.91201661
vn -0.28305487 -0.32836977 0.90113996
vn -0.49586734 -0.15821235 0.85386441
vn -0.26819883 -0.36399431 0.89195153
vn -0.27828118 -0.33593786 0.89983628
vn -0.23519753 -0.29651935 0.92561245
vn -0.26372668 -0.29612986 0.91801707
vn -0.24978102 -0.31348189 0.91615422
vn -0.41009582 -0.01327205 0.91194587
vn -0.41988612 0.01830779 0.90739213
vn -0.38242094 0.06680389 0.92157011
vn -0.35902129 -0.08814397 0.92915787
vn -0.27359678 -0.20131529 0.94054078
vn -0.32804824 0.03347458 0.94406769
vn -0.28076806 -0.29920732 0.91194532
vn -0.27241283 -0.30499661 0.91256140
vn -0.25426842 -0.33097126 0.90873846
vn -0.20155905 -0.33848247 0.91913196
vn -0.11319902 -0.46783462 0.87653679
vn -0.23261796 -0.29027573 0.92823967
vn -0.26243535 -0.15257685 0.95281057
vn -0.24820699 0.05004377 0.96741352
vn -0.19703974 -0.15345708 0.96831104
vn -0.23833489 0.05461603 0.96964610
vn 0.04798365 -0.83867703 0.54251121
vn 0.05607703 -0.69014665 0.72149357
vn 0.07262955 -0.74767865 0.66007696
vn 0.16458800 -0.79395324 0.58527690
vn 0.14464903 -0.77736770 0.61218961
vn 0.18411544 -0.69580020 0.69423598
vn 0.19388463 -0.72910674 0.65636279
vn 0.13743848 -0.65580398 0.74231516
vn 0.08454430 -0.66312287 0.74372059
vn 0.12102457 -0.67770926 0.72530216
vn 0.17476644 -0.59911409 0.78135715
vn 0.25009316 -0.66023983 0.70819262
vn 0.16019431 -0.62776931 0.76173714
vn 0.04762720 -0.59102986 0.80524242
vn 0.11867097 -0.58207997 0.80442533
vn 0.26615139 -0.61513855 0.74213745
vn 0.21493066 -0.65284718 0.72635761
vn 0.24190352 -0.61985383 0.74650111
vn 0.30443776 -0.73036865 0.61145669
vn 0.23549357 -0.78168445 0.57750514
vn 0.26056274 -0.63099501 0.73072044
vn 0.26618913 -0.64292151 0.71818889
vn 0.30868076 -0.76893814 0.55986635
vn 0.32358394 -0.70475215 0.63136190
vn 0.35569193 -0.61779271 0.70129552
vn 0.33363702 -0.65536672 0.67762881
vn 0.24727647 -0.57360006 0.78092082
vn 0.19840813 -0.51900216 0.83142707
vn 0.26552690 -0.70146452 0.66139474
vn 0.23420233 -0.62067759 0.74827041
vn 0.30257208 -0.60910302 0.73310548
vn 0.29932894 -0.57400241 0.76218332
vn 0.38165043 -0.58039120 0.71936709
vn 0.25325648 -0.63920978 0.72613499
vn 0.30185134 -0.66251934 0.68553183
vn 0.31981859 -0.62361214 0.71331898
vn -0.07077080 -0.46704571 0.88139651
vn -0.00875188 -0.52569939 0.85062539
vn -0.13191968 -0.32224406 0.93741985
vn 0.03573564 -0.52900657 0.84786497
vn 0.11599294 -0.60925520 0.78444486
vn -0.01443395 -0.40558241 0.91394451
vn -0.21446223 -0.21240558 0.95335713
vn -0.19468893 -0.09876584 0.97587987
vn -0.11199740 -0.13672199 0.98425793
vn -0.10858453 -0.25046003 0.96201828
vn -0.22265372 0.02615878 0.97454658
vn -0.10569168 -0.01618340 0.99426725
vn -0.06344784 -0.11047379 0.99185176
vn -0.04812053 -0.27860491 0.95919952
vn 0.00148750 -0.00141423 0.99999789
vn 0.20384655 -0.58388384 0.78582838
vn 0.18580550 -0.66305529 0.72514412
vn 0.15942364 -0.48093989 0.86213742
vn 0.27712103 -0.70901480 0.64846122
vn 0.28888508 -0.58052554 0.76127230
vn 0.39922331 -0.63580560 0.66058458
vn 0.34299407 -0.41002868 0.84512221
vn 0.08343980 -0.08896138 0.99253397
vn 0.04896494 -0.25190397 0.96651271
vn 0.06120856 0.00314083 0.99812006
vn 0.20620907 -0.24703572 0.94681105
vn 0.21704785 -0.13787702 0.96637475
vn 0.38705431 -0.29063396 0.87505478
vn 0.16670602 0.00956328 0.98596027
vn 0.38402391 -0.67360445 0.63149242
vn 0.36612891 -0.67955262 0.63573411
vn 0.32958047 -0.60446128 0.72526084
vn 0.36923309 -0.64904427 0.66513792
vn 0.44656192 -0.67426457 0.58817492
vn 0.45350939 -0.63087141 0.62954785
vn 0.43379693 -0.58340305 0.68663025
vn 0.39434452 -0.52319031 0.75548944
vn 0.42597725 -0.52652830 0.73573863
vn 0.51841010 -0.50519726 0.68994688
vn 0.47945399 -0.59049192 0.64918654
vn 0.37649651 -0.53361324 0.75730264
vn 0.42484401 -0.47338227 0.77163255
vn 0.46839575 -0.47806612 0.74300619
vn 0.56094206 -0.45747366 0.68997236
vn 0.58958683 -0.52973704 0.60972620
vn 0.66642033 -0.46533880 0.58253218
vn 0.54010839 -0.33631303 0.77147681
vn 0.64670035 -0.40355238 0.64724349
vn 0.65203404 -0.46450873 0.59923555
vn 0.67897761 -0.39904071 0.61624339
vn 0.72586521 -0.37707725 0.57526728
vn 0.37854685 -0.56313017 0.73456565
vn 0.47635807 -0.63083349 0.61248029
vn 0.59330216 -0.58761969 0.55017783
vn 0.65435461 -0.44567408 0.61089661
vn 0.65772751 -0.51026096 0.55410132
vn 0.73768473 -0.37404326 0.56206127
vn 0.78844771 -0.27629184 0.54955711
vn 0.80548202 -0.15388221 0.57229273
vn 0.81208860 -0.22716480 0.53750187
vn 0.73867100 -0.26723928 0.61882818
vn 0.87449754 -0.22983459 0.42711839
vn 0.71182125 -0.31308960 0.62871727
vn 0.71232124 -0.28542183 0.64119640
vn 0.74652890 -0.22744080 0.62527216
vn 0.78527548 -0.15748972 0.59878161
vn 0.74442738 -0.17321891 0.64484346
vn 0.58456683 -0.37908601 0.71733913
vn 0.62892427 -0.38679003 0.67442400
vn 0.71622390 -0.27080862 0.64318428
vn 0.77407063 -0.12142296 0.62134622
vn 0.80337966 -0.05879779 0.59255712
vn 0.77514840 -0.03657024 0.63071989
vn 0.76547909 0.02243738 0.64306945
vn 0.79006825 0.05804839 0.61026432
vn 0.77250358 0.08342133 0.62950703
vn 0.81490122 -0.14941378 0.56001029
vn 0.83592836 0.04767957 0.54676361
vn 0.82902488 -0.16573035 0.53408913
vn 0.84353971 -0.04588715 0.53510291
vn 0.81917566 0.02881048 0.57281864
vn 0.45275945 -0.42001665 0.78650804
vn 0.41490814 -0.55619395 0.72006911
vn 0.61453049 -0.55961783 0.55603971
vn 0.59977037 -0.44752300 0.66332395
vn 0.50003712 -0.17074593 0.84900454
vn 0.28454629 -0.06735878 0.95629295
vn 0.36156801 -0.02555822 0.93199536
vn 0.53496313 0.04788053 0.84351758
vn 0.67255013 -0.26382570 0.69142774
vn 0.70484768 -0.08393221 0.70437570
vn 0.78653178 -0.18520138 0.58912496
vn 0.78430592 -0.17818732 0.59423354
vn 0.78873972 -0.11861538 0.60317497
vn 0.80309045 -0.01653442 0.59562769
vn 0.47689298 -0.36441457 -0.79985943
vn 0.45123734 -0.44285378 -0.77476796
vn 0.44601381 -0.30080456 -0.84296399
vn 0.48616343 -0.28183030 -0.82717399
vn 0.44320950 -0.21594614 -0.87001874
vn 0.47345456 -0.17237034 -0.86378773
vn 0.40061322 -0.12634511 -0.90749433
vn 0.42895023 -0.05944390 -0.90137014
vn 0.47821297 -0.01757133 -0.87806811
vn 0.39475776 -0.02331088 -0.91848948
vn 0.39298831 -0.08474672 -0.91562994
vn 0.37685150 0.00573852 -0.92625591
vn 0.43882550 -0.01091488 -0.89850601
vn 0.46375242 -0.72096438 -0.51492141
vn 0.46802017 -0.80369080 -0.36747547
vn 0.55610992 -0.68735252 -0.46721330
vn 0.49044539 -0.67765543 -0.54794747
vn 0.43155157 -0.62437921 -0.65108667
vn 0.45147061 -0.74272165 -0.49450869
vn 0.51199957 -0.73280473 -0.44816702
vn 0.65753878 -0.61275551 -0.43837591
vn 0.53182716 -0.52093694 -0.66767101
vn 0.63936637 -0.65146551 -0.40841564
vn 0.74406387 -0.54038295 -0.39288067
vn 0.41153486 -0.90994265 -0.05141442
vn 0.29732890 -0.86819519 0.39728157
vn 0.55697453 -0.77637676 -0.29498897
vn 0.52596590 -0.84746757 -0.07182337
vn 0.67132335 -0.73096661 -0.12252664
vn 0.39185650 -0.90199447 0.18125802
vn 0.50243296 -0.82960523 0.24354935
vn 0.32201909 -0.82060857 0.47212845
vn 0.82245610 -0.36378270 -0.43729637
vn 0.79196225 -0.56489802 -0.23170243
vn 0.90971703 -0.19763389 -0.36517910
vn 0.84066775 -0.38380240 -0.38206473
vn 0.68759615 -0.72553668 0.02842630
vn 0.86778890 -0.41261004 -0.27693930
vn 0.31042271 -0.82719384 0.46838882
vn 0.19771392 -0.76029955 0.61875181
vn 0.03502120 -0.62480949 0.77999142
vn 0.08673029 -0.68504573 0.72331888
vn 0.28781153 -0.83031841 0.47721678
vn 0.00640110 -0.69997723 0.71413648
vn 0.16798823 -0.75063958 0.63899936
vn 0.43292984 -0.81961257 0.37524256
vn 0.64694357 -0.74632883 0.15638829
vn 0.36510517 -0.79243484 0.48861564
vn 0.35106549 -0.76690765 0.53722033
vn 0.45211578 -0.33543373 -0.82648383
vn 0.40888451 -0.21705752 -0.88639692
vn 0.61600479 0.48959863 0.61711529
vn 0.76744364 0.39130728 -0.50784729
vn 0.99060478 0.12413373 0.05738457
vn 0.52085500 -0.00694687 0.85361690
vn 0.99527707 -0.06245023 -0.07432037
vn 0.81451235 -0.09063493 0.57302264
vn 0.60038975 -0.56219288 -0.56874539
vn 0.69802350 -0.67262753 -0.24563265
vn 0.75904742 -0.63246718 -0.15437707
vn 0.63026729 -0.47853209 -0.61136747
vn 0.81621968 -0.57588010 0.04634166
vn 0.45628557 -0.28968417 -0.84135995
vn 0.73687691 -0.60128609 -0.30897807
vn 0.78925192 -0.61290874 -0.03773966
vn 0.82296494 -0.49287803 -0.28248886
vn 0.63847964 -0.34570641 -0.68762695
vn 0.85441915 -0.51333729 0.08032903
vn 0.84977623 -0.39727991 0.34648091
vn 0.78269709 -0.31762221 0.53525825
vn 0.89893264 0.01025297 -0.43796687
vn 0.84996321 0.34931761 -0.39438528
vn 0.72597167 0.23023719 0.64804011
vn 0.47479706 -0.58987602 0.65315698
vn 0.71578938 -0.27379414 0.64240356
vn 0.40780705 -0.14133251 -0.90206349
vn 0.37015781 0.00471579 -0.92895692
vn 0.79176167 -0.23200795 -0.56505378
vn 0.56412238 -0.18247994 -0.80527450
vn 0.71070407 0.00625944 -0.70346325
vn 0.47427226 0.00758127 -0.88034559
vn 0.23456297 0.01104631 0.97203816
vn 0.20586780 0.01458701 0.97847109
vn 0.61593968 -0.10714241 0.78047346
vn 0.79215925 -0.13474317 0.59525456
vn 0.34322106 -0.03033999 0.93876450
vn 0.78334128 0.05380080 0.61925917
vn -0.06541666 -0.52401839 0.84919102
vn -0.03522276 -0.56492077 0.82439304
vn -0.19124436 -0.21203481 0.95836675
vn -0.11965547 -0.39765872 0.90969782
vn -0.16011435 -0.32950270 0.93047910
vn -0.05864152 -0.50252117 0.86257385
vn -0.14391200 -0.12054043 0.98222164
vn -0.04338235 -0.04455137 0.99806470
vn -0.27628548 -0.08967627 0.95688270
vn -0.24923727 -0.03392709 0.96784799
vn 0.88641189 -0.37146519 -0.27620206
vn 0.82542357 -0.55964837 0.07395700
vn 0.96841920 -0.24511335 -0.04564752
vn 0.86424911 -0.02830790 -0.50226699
vn 0.63244154 -0.67825480 0.37414988
vn 0.76823715 -0.51489569 0.38038678
vn 0.41827655 -0.70302807 0.57514890
vn 0.91459230 -0.00076166 -0.40437648
vn 0.76204224 0.13572834 -0.63314251
vn 0.93467512 -0.35466882 0.02434040
vn 0.09838073 -0.79319519 0.60096807
vn 0.15519103 -0.54136558 0.82634076
vn -0.07254230 -0.51843512 0.85203441
vn 0.05857261 -0.46202499 0.88493059
vn 0.44964716 -0.43737900 0.77879204
vn 0.62789019 -0.46141577 0.62677699
vn 0.62009904 0.13971232 -0.77198293
vn 0.69698056 0.00982145 -0.71702276
vn 0.66465863 0.01488617 -0.74699886
vn 0.68081817 -0.03664402 -0.73153525
vn 0.72802117 0.09866710 -0.67841726
vn 0.66696652 0.20330246 -0.71681502
vn 0.92129306 -0.02320731 -0.38817588
vn 0.86279729 0.07270278 -0.50029506
vn 0.74855106 0.05546884 -0.66075300
vn -0.15159405 -0.25144639 0.95592571
vn -0.23052718 -0.03269491 0.97251646
vn -0.27226801 0.03604595 0.96154606
vn -0.03754024 0.04556502 0.99825576
vn -0.01826434 -0.17398354 0.98457917
vn 0.24658032 -0.56854060 0.78483102
vn 0.48726120 -0.25911670 0.83392749
vn 0.71707476 -0.14085238 0.68261585
vn 0.11604134 -0.18145725 0.97652838
vn 0.38699114 -0.06152749 0.92002838
vn 0.75770643 0.08510648 0.64702230
vn 0.92169624 -0.30386420 -0.24112774
vn 0.75601124 -0.64548638 0.10860171
vn 0.93779427 -0.18692740 0.29257488
vn 0.95856311 -0.15642231 -0.23809415
vn 0.96928172 -0.05365975 0.24002828
vn 0.96589115 0.00684671 -0.25885789
vn 0.97978485 -0.17468907 0.09749552
vn 0.77420469 -0.48021770 0.41230821
vn 0.84477864 -0.13313962 0.51828842
vn 0.99691077 -0.04897661 -0.06140202
vn 0.95278111 0.01602024 0.30323508
vn 0.97896410 0.04809493 -0.19828307
vn 0.00000000 0.00000000 -1.00000000
vn 0.00000000 0.00000000 -1.00000000
vn 0.00000000 0.00000000 -1.00000000
vn 0.00000000 0.00000000 -1.00000000
vn 0.00000000 0.00000000 -1.00000000
vn 0.00000569 0.00000569 -1.00000000
vn 0.00000000 0.00000000 -1.00000000
vn -0.00000569 0.00001706 -1.00000000
vn 0.00000000 0.00000000 -1.00000000
vn 0.00000000 0.00000000 -1.00000000
vn 0.00000000 0.00000000 -1.00000000
vn 0.00000000 0.00000000 -1.00000000
vn 0.00000000 0.00000000 -1.00000000
vn 0.00000569 0.00000569 -1.00000000
vn 0.00000000 0.00000000 -1.00000000
vn 0.00001706 0.00003981 -1.00000000
vn 0.00026718 -0.00077919 -0.99999966
vn 0.00152591 0.01147301 -0.99993302
vn 0.00018773 0.00002868 -0.99999998
vn 0.00192469 0.01406829 -0.99989918
vn -0.00452377 0.19053090 -0.98167078
vn 0.04267009 0.21004099 -0.97676100
vn -0.02065560 0.13979530 -0.98996496
vn -0.02884315 0.18138359 -0.98298935
vn 0.00029071 0.00088276 -0.99999957
vn 0.00246144 0.01725030 -0.99984817
vn 0.00045642 0.00212099 -0.99999765
vn 0.00353000 0.02157006 -0.99976111
vn 0.00977823 0.06667727 -0.99772668
vn -0.06456602 0.34184354 -0.93753625
vn 0.00984604 0.08008158 -0.99673968
vn 0.01804588 0.18971770 -0.98167283
vn 0.00000000 0.00000000 -1.00000000
vn 0.00000000 0.00000000 -1.00000000
vn 0.00000000 0.00000000 -1.00000000
vn 0.00000000 0.00000000 -1.00000000
vn -0.00000569 -0.00000569 -1.00000000
vn 0.00002847 0.00014218 -0.99999999
vn -0.00000000 -0.00002275 -1.00000000
vn 0.00007467 0.00037040 -0.99999993
vn -0.00002276 0.00000000 -1.00000000
vn -0.00002276 -0.00000000 -1.00000000
vn 0.00258035 0.00017195 -0.99999666
vn 0.00347119 0.00037332 -0.99999391
vn -0.00002845 -0.00002845 -1.00000000
vn 0.00009851 0.00078458 -0.99999969
vn 0.00570433 0.00106528 -0.99998316
vn 0.01029322 0.00246045 -0.99994400
vn 0.00100880 0.00406788 -0.99999122
vn 0.00405461 0.02589302 -0.99965650
vn 0.00143302 0.00747602 -0.99997103
vn 0.00794690 0.02883730 -0.99955253
vn 0.00880557 0.08569261 -0.99628271
vn 0.01663240 0.18790720 -0.98204595
vn 0.01995980 0.09459056 -0.99531615
vn 0.03354336 0.18006701 -0.98308225
vn 0.00164442 0.01130605 -0.99993473
vn 0.01208033 0.04163536 -0.99905984
vn 0.01393213 0.01359581 -0.99981051
vn 0.02073889 0.06645378 -0.99757395
vn 0.02776742 0.11162328 -0.99336258
vn 0.05770950 0.21773161 -0.97430106
vn 0.05432830 0.12530959 -0.99062906
vn 0.07998124 0.22410605 -0.97127724
vn 0.12290748 0.30171061 -0.94544405
vn 0.08394208 0.29349247 -0.95226882
vn 0.09027731 0.06375921 -0.99387362
vn 0.12075114 0.01925601 -0.99249603
vn 0.03322815 0.20339611 -0.97853253
vn 0.04883695 0.19294809 -0.97999285
vn 0.05274684 0.18629426 -0.98107707
vn 0.06187246 0.12104879 -0.99071640
vn 0.00505339 0.33593882 -0.94187025
vn -0.00557697 0.49619554 -0.86819289
vn -0.00700218 0.64693237 -0.76251523
vn 0.03204019 0.31207531 -0.94951694
vn 0.02215840 0.47619733 -0.87905922
vn 0.01679209 0.64820062 -0.76128443
vn -0.03673212 0.34739101 -0.93700066
vn 0.00450503 0.13607857 -0.99068780
vn 0.04592200 0.11033680 -0.99283280
vn -0.02729681 0.25666021 -0.96611615
vn -0.03541874 0.19854500 -0.97945158
vn 0.04112536 0.19018927 -0.98088569
vn 0.03603407 0.31438971 -0.94860985
vn 0.03295064 0.49257392 -0.86964659
vn 0.02333405 0.64045801 -0.76763863
vn 0.05198218 0.30993551 -0.94933547
vn 0.05812796 0.47417615 -0.87850903
vn 0.04742511 0.63225148 -0.77331037
vn -0.00893317 0.75954998 -0.65038760
vn -0.00023401 0.81827224 -0.57483083
vn -0.01434579 0.86942914 -0.49384934
vn -0.04401778 0.91640063 -0.39783455
vn 0.00977514 0.75045063 -0.66085422
vn 0.00445061 0.82038807 -0.57178983
vn 0.02545720 0.86237652 -0.50562700
vn 0.02687857 0.90699748 -0.42027743
vn -0.05077176 0.94173086 -0.33251349
vn -0.05656921 0.96530255 -0.25493314
vn 0.01617482 0.93515817 -0.35386094
vn 0.00482098 0.96628247 -0.25743921
vn 0.02701907 0.73426976 -0.67831990
vn 0.02994457 0.82150722 -0.56941128
vn 0.02830446 0.87580536 -0.48183381
vn 0.03991469 0.90264337 -0.42853444
vn 0.04011668 0.76903595 -0.63794542
vn 0.04677375 0.83753553 -0.54437712
vn 0.05570697 0.86626905 -0.49646216
vn 0.05560021 0.90381668 -0.42429238
vn 0.03905235 0.92856487 -0.36910999
vn 0.02619962 0.96310441 -0.26784974
vn 0.06234145 0.92526291 -0.37416852
vn 0.05350256 0.95830619 -0.28068971
vn 0.02098237 0.25428424 -0.96690189
vn 0.04055895 0.23491977 -0.97116820
vn 0.06620112 0.22581056 -0.97191924
vn 0.02182702 0.27952683 -0.95988975
vn 0.05505283 0.26478388 -0.96273500
vn 0.09314890 0.26776000 -0.95897230
vn 0.08592720 0.30362706 -0.94890838
vn 0.09217025 0.47280257 -0.87633462
vn 0.09290710 0.63593628 -0.76612879
vn 0.14370828 0.31498728 -0.93815294
vn 0.13112107 0.49307891 -0.86004678
vn 0.15130164 0.59508578 -0.78929128
vn 0.07529915 0.30646813 -0.94889795
vn 0.04923662 0.26892027 -0.96190314
vn 0.12188811 0.32190112 -0.93889454
vn 0.14220510 0.33572780 -0.93116301
vn 0.17865172 0.32786590 -0.92767856
vn 0.19633424 0.38256411 -0.90282754
vn 0.23020642 0.52913292 -0.81671498
vn 0.20505962 0.56657306 -0.79808867
vn 0.21391786 0.42014503 -0.88188282
vn 0.19095743 0.41377774 -0.89012541
vn 0.24964945 0.51285935 -0.82137107
vn 0.24615792 0.57882396 -0.77741180
vn 0.08972442 0.74659477 -0.65920086
vn 0.09844649 0.81160205 -0.57585624
vn 0.07982461 0.86284374 -0.49912795
vn 0.06493395 0.90781880 -0.41430498
vn 0.10896214 0.74875899 -0.65382507
vn 0.07725759 0.82912358 -0.55370150
vn 0.05876809 0.86378844 -0.50041566
vn 0.08849180 0.89857926 -0.42979591
vn 0.09363702 0.92605981 -0.36557534
vn 0.12125200 0.94674412 -0.29828429
vn 0.08602677 0.94474940 -0.31630359
vn 0.16501139 0.94388305 -0.28610492
vn 0.19924029 0.68052998 -0.70511152
vn 0.14785581 0.80665634 -0.57222742
vn 0.05711429 0.92815669 -0.36778135
vn 0.02201668 0.91819814 -0.39550909
vn 0.08641281 0.85022268 -0.51928241
vn 0.22918473 0.62757507 -0.74405906
vn 0.22250630 0.74909246 -0.62398031
vn 0.22445097 0.82776026 -0.51423216
vn 0.06107706 0.94737064 -0.31425858
vn 0.09902791 0.95415683 -0.28245038
vn 0.12478268 0.91413736 -0.38572292
vn 0.13071338 0.91991503 -0.36968954
vn 0.07159955 0.97189054 -0.22428172
vn 0.01462495 0.00135497 -0.99989213
vn 0.01678209 0.00269484 -0.99985554
vn 0.17701363 -0.00957515 -0.98416182
vn 0.11846341 -0.01318297 -0.99287090
vn 0.02115465 0.00647838 -0.99975523
vn 0.02745032 0.00909074 -0.99958183
vn 0.06642925 0.01606743 -0.99766176
vn 0.08875122 0.01732190 -0.99590319
vn 0.22510731 0.02023103 -0.97412392
vn 0.21236687 -0.04418634 -0.97619049
vn 0.08283053 0.12012846 -0.98929685
vn 0.11716261 0.07092491 -0.99057689
vn 0.24945969 0.02428948 -0.96808052
vn 0.26577291 0.00310820 -0.96403065
vn 0.27512021 -0.05544500 -0.95980973
vn 0.16689253 0.04928264 -0.98474266
vn 0.22150817 -0.01143999 -0.97509141
vn 0.33444577 -0.05469346 -0.94082658
vn 0.29966786 0.00825758 -0.95400786
vn 0.29404200 -0.01463222 -0.95568049
vn 0.03378245 0.01858245 -0.99925644
vn 0.05166581 0.08638314 -0.99492140
vn 0.10971383 0.03869384 -0.99320978
vn 0.11509452 0.09339445 -0.98895436
vn 0.07589498 0.15480740 -0.98502519
vn 0.09367596 0.30818697 -0.94670249
vn 0.14611913 0.35894691 -0.92184940
vn 0.17431144 0.24261121 -0.95433502
vn 0.24660860 0.33489410 -0.90941197
vn 0.20048244 0.39027803 -0.89860439
vn 0.12817484 0.25762538 -0.95770579
vn 0.19239110 0.06117750 -0.97940951
vn 0.26171180 0.14349084 -0.95441988
vn 0.32952240 0.12369836 -0.93600946
vn 0.31206191 0.07626849 -0.94699550
vn 0.37212687 0.18075981 -0.91041061
vn 0.28244996 0.11206886 -0.95271328
vn 0.34281648 0.21794103 -0.91377161
vn 0.30976723 0.28663583 -0.90657827
vn 0.19985756 0.15484807 -0.96751177
vn 0.31110824 0.39368993 -0.86499706
vn 0.37844267 0.29613884 -0.87697373
vn 0.38540521 0.41755463 -0.82286752
vn 0.23651290 0.05733350 -0.96993532
vn 0.18089846 0.08486210 -0.97983375
vn 0.35538345 0.04539812 -0.93361749
vn 0.33692079 0.04992677 -0.94020833
vn 0.20223677 0.05773690 -0.97763323
vn 0.28757042 0.07245391 -0.95501502
vn 0.33161245 0.06663920 -0.94105919
vn 0.34296385 0.11436338 -0.93236088
vn 0.41724907 0.06481778 -0.90647773
vn 0.39576726 0.04434465 -0.91727958
vn 0.44549786 0.05808399 -0.89339684
vn 0.40872884 0.04138835 -0.91171692
vn 0.46640823 0.07015657 -0.88178309
vn 0.43570944 0.05988255 -0.89809318
vn 0.47663389 0.12763099 -0.86978760
vn 0.44436720 0.11000317 -0.88906529
vn 0.43797774 0.07006869 -0.89625101
vn 0.45172564 0.06913092 -0.88947449
vn 0.47082557 0.07886992 -0.87869381
vn 0.50307513 0.12659131 -0.85492108
vn 0.33977757 0.14423334 -0.92938041
vn 0.36409351 0.20940854 -0.90751528
vn 0.37391213 0.20012811 -0.90561496
vn 0.49223403 0.26410848 -0.82942894
vn 0.46360640 0.29411509 -0.83580226
vn 0.39477387 0.23111018 -0.88923657
vn 0.39810372 0.33440739 -0.85421609
vn 0.44113568 0.44127572 -0.78145701
vn 0.45673962 0.44911388 -0.76790992
vn 0.40045956 0.36489378 -0.84052643
vn 0.44105621 0.47603240 -0.76083019
vn 0.45929042 0.35389093 -0.81474752
vn 0.38981568 0.27465910 -0.87898015
vn 0.49053073 0.22573688 -0.84167836
vn 0.40865682 0.16523241 -0.89760674
vn 0.47048501 0.52468435 -0.70947176
vn 0.50200909 0.29159266 -0.81422392
vn 0.54265932 0.26511883 -0.79701497
vn 0.55505066 0.34469261 -0.75703749
vn 0.52298052 0.38038456 -0.76275747
vn 0.58388325 0.29203248 -0.75749415
vn 0.50956484 0.38263840 -0.77066953
vn 0.46048873 0.38429273 -0.80016825
vn 0.43743492 0.55079599 -0.71082661
vn 0.44412620 0.46552643 -0.76553058
vn 0.40304623 0.34620593 -0.84716892
vn 0.59860730 0.37089280 -0.71000552
vn 0.49185461 0.32672178 -0.80705138
vn 0.64756644 0.37812418 -0.66157374
vn 0.64648710 0.47137458 -0.59988368
vn 0.62510935 0.41848456 -0.65886947
vn 0.51427252 0.49232816 -0.70223697
vn 0.18283638 0.36619303 -0.91239987
vn 0.24273051 0.37168037 -0.89606674
vn 0.22919013 0.40275557 -0.88614888
vn 0.28445053 0.43237918 -0.85564955
vn 0.36837206 0.40267450 -0.83794706
vn 0.27500176 0.42331697 -0.86323622
vn 0.25622976 0.48993792 -0.83325095
vn 0.23419299 0.38142474 -0.89424203
vn 0.37326584 0.48657384 -0.78988512
vn 0.39126206 0.51802400 -0.76063469
vn 0.39922343 0.46913299 -0.78774037
vn 0.30370516 0.48929663 -0.81752797
vn 0.40223487 0.50535110 -0.76343132
vn 0.38274512 0.44753096 -0.80822164
vn 0.25895446 0.57657546 -0.77492150
vn 0.35637331 0.47732729 -0.80321648
vn 0.35918585 0.54837521 -0.75516234
vn 0.30770356 0.58499722 -0.75039774
vn 0.26688760 0.53625200 -0.80075265
vn 0.23023170 0.62552679 -0.74545932
vn 0.41741829 0.48855431 -0.76620928
vn 0.44530622 0.40981440 -0.79608701
vn 0.45154693 0.44522630 -0.77322630
vn 0.40295206 0.59827797 -0.69259880
vn 0.40867277 0.51919849 -0.75061275
vn 0.48066031 0.50641342 -0.71589881
vn 0.41120566 0.48429091 -0.77225139
vn 0.46463045 0.56137452 -0.68481909
vn 0.54932399 0.54688294 -0.63179285
vn 0.52995428 0.49725375 -0.68694044
vn 0.45882649 0.61663909 -0.63971438
vn 0.24953066 0.70597286 -0.66282485
vn 0.24130886 0.50876253 -0.82639622
vn 0.24914892 0.78548705 -0.56651118
vn 0.26837698 0.71087400 -0.65010150
vn 0.21983747 0.85278310 -0.47374305
vn 0.18068329 0.89888628 -0.39919544
vn 0.19846108 0.91939249 -0.33960365
vn 0.14018243 0.95692102 -0.25426571
vn 0.19928501 0.85709980 -0.47504254
vn 0.18658776 0.89963737 -0.39476273
vn 0.23259591 0.87891203 -0.41642861
vn 0.19841873 0.92608451 -0.32093222
vn 0.34062527 0.74578763 -0.57251658
vn 0.35966618 0.63721378 -0.68161488
vn 0.34880069 0.81514834 -0.46246217
vn 0.39817439 0.76467258 -0.50668826
vn 0.22569500 0.92341865 -0.31041869
vn 0.08780641 0.95045276 -0.29821063
vn 0.55907788 0.59703865 -0.57530580
vn 0.40937858 0.76058781 -0.50390015
vn 0.46767713 0.69419162 -0.54715272
vn 0.45263688 0.82617203 -0.33549908
vn 0.44863984 0.49605393 -0.74340621
vn 0.47462367 0.44351021 -0.76028354
vn 0.48821083 0.49358376 -0.71973971
vn 0.45955637 0.46119252 -0.75901871
vn 0.53644213 0.44601033 -0.71645281
vn 0.46902187 0.47865668 -0.74223060
vn 0.53022967 0.48506168 -0.69539317
vn 0.50109551 0.54106540 -0.67538990
vn 0.50995591 0.51639336 -0.68795557
vn 0.55806760 0.51253140 -0.65258878
vn 0.51850090 0.57438427 -0.63343471
vn 0.45450780 0.52724582 -0.71793768
vn 0.52005889 0.59058804 -0.61704499
vn 0.56608167 0.60790015 -0.55678448
vn 0.49222747 0.60302506 -0.62775225
vn 0.52549665 0.58570822 -0.61708926
vn 0.63055128 0.58511982 -0.50994106
vn 0.59386970 0.58734824 -0.54985528
vn 0.65217384 0.61175480 -0.44768890
vn 0.55296531 0.60154271 -0.57652037
vn 0.62550253 0.59490302 -0.50481380
vn 0.47845651 0.53225878 -0.69841245
vn 0.29731598 0.29640127 -0.90760647
vn 0.53330063 0.54784353 -0.64456024
vn 0.58473174 0.50124213 -0.63784412
vn 0.66945625 0.58510595 -0.45768914
vn 0.61430522 0.51986028 -0.59361131
vn 0.64800661 0.57968766 -0.49401381
vn 0.50846182 0.56955908 -0.64580881
vn 0.62533671 0.65804346 -0.41944345
vn 0.72024253 0.61100179 -0.32852321
vn 0.70198786 0.59778131 -0.38713118
vn 0.62777033 0.60415256 -0.49081983
vn 0.54849796 0.65600136 -0.51847103
vn 0.49628542 0.64615959 -0.57980908
vn 0.60668696 0.66561391 -0.43461368
vn 0.50324882 0.75567042 -0.41916923
vn 0.50254546 0.75012929 -0.42983033
vn -0.27973384 0.72899014 0.62475784
vn -0.43578576 0.67048795 0.60044706
vn -0.34734042 0.61298238 0.70965290
vn -0.61455274 0.58744569 0.52652872
vn -0.37426438 0.76700269 0.52118427
vn -0.33644133 0.81737993 0.46765081
vn 0.00838517 0.57291527 0.81957170
vn -0.18765760 0.63473678 0.74959579
vn -0.21363391 0.68065158 0.70076671
vn -0.23428904 0.65096363 0.72204917
vn -0.27132381 0.67182009 0.68923230
vn -0.29314090 0.64386378 0.70675869
vn -0.26004150 0.70542155 0.65936247
vn -0.29743595 0.75381314 0.58591604
vn -0.35498269 0.80581571 0.47397081
vn -0.47435463 0.70935902 0.52134198
vn -0.22774944 0.97290152 0.03991020
vn -0.22010237 0.63027584 0.74451817
vn -0.23297230 0.68893666 0.68636010
vn -0.33550662 0.68078630 0.65112619
vn -0.12583221 0.83937349 0.52878957
vn -0.28901268 0.88296938 0.36991451
vn -0.11873642 0.66000290 0.74182062
vn -0.20503663 0.71602341 0.66728588
vn -0.07168130 0.86074069 0.50397147
vn -0.10424287 0.96867122 0.22540960
vn -0.03692440 0.68034107 0.73196490
vn -0.08222302 0.73692886 0.67095099
vn -0.01064429 0.87133779 0.49056820
vn -0.07521869 0.96918783 0.23455726
vn 0.03459451 0.67992982 0.73246069
vn -0.03185976 0.73747069 0.67462726
vn 0.01968951 0.87181308 0.48944282
vn 0.01179429 0.96352589 0.26735513
vn 0.11394359 0.72304151 0.68134267
vn 0.04744725 0.74804351 0.66195141
vn 0.13572005 0.87518035 0.46436992
vn 0.09659620 0.95210433 0.29011465
vn 0.08951649 0.70108221 0.70743942
vn 0.08055401 0.80529712 0.58737348
vn -0.00314563 0.96404438 -0.26572269
vn -0.00061462 0.96772894 -0.25199270
vn 0.00227399 0.97512939 -0.22162469
vn -0.01177637 0.98039459 -0.19669204
vn 0.03536218 0.96608365 -0.25579658
vn 0.03545173 0.95749569 -0.28626070
vn -0.00714135 0.98210254 -0.18821160
vn -0.01539932 0.99883438 -0.04574659
vn 0.00326784 0.98016194 -0.19817140
vn -0.00046778 0.99928023 -0.03793167
vn 0.04563751 0.97284994 -0.22689252
vn 0.04765067 0.96769245 -0.24758987
vn 0.02710076 0.97012932 -0.24106980
vn 0.01041221 0.98466688 -0.17413423
vn 0.05442215 0.97208008 -0.22825105
vn 0.07047322 0.95963664 -0.27227016
vn 0.05088060 0.97731977 -0.20556566
vn 0.03037891 0.99819930 -0.05172316
vn 0.06988883 0.97638031 -0.20444325
vn 0.07015556 0.99454872 -0.07714305
vn -0.02682755 0.99210085 0.12254053
vn -0.05000994 0.95838474 0.28106529
vn 0.00442735 0.99579216 0.09153344
vn -0.02553317 0.97582353 0.21706334
vn -0.12043639 0.91321749 0.38926712
vn -0.15701121 0.88974844 0.42859677
vn -0.09090723 0.89512628 0.43644567
vn -0.15624537 0.84351851 0.51387150
vn -0.06568287 0.93951014 0.33616434
vn -0.12322726 0.88788998 0.44324534
vn -0.09343459 0.86983764 0.48440939
vn 0.00667508 0.99697463 0.07744048
vn 0.01908628 0.97757415 0.20972479
vn 0.02298871 0.99478148 0.09940485
vn 0.03912367 0.97143805 0.23404584
vn 0.01308085 0.94818778 0.31744107
vn -0.03270208 0.91141958 0.41017669
vn -0.01009943 0.88227232 0.47063101
vn 0.05609924 0.95161037 0.30214329
vn 0.03760427 0.93359508 0.35635117
vn 0.07061388 0.88580700 0.45864980
vn 0.12759210 0.95593554 -0.26440028
vn 0.06374278 0.97065405 -0.23187837
vn 0.02823008 0.97945218 -0.19969097
vn 0.12941137 0.96227860 -0.23931694
vn 0.14967777 0.94584072 -0.28806578
vn 0.10150982 0.96401653 -0.24569876
vn 0.07048517 0.98087753 -0.18141420
vn 0.07698390 0.99479123 -0.06681235
vn 0.08660232 0.98240497 -0.16547060
vn 0.08918458 0.99468483 -0.05146071
vn 0.10052148 0.96258026 -0.25166382
vn 0.07826700 0.97529276 -0.20658727
vn 0.07060979 0.96766560 -0.24215190
vn 0.12684606 0.95161784 -0.27988134
vn 0.11529518 0.96158262 -0.24913027
vn 0.08438799 0.97601157 -0.20069900
vn 0.18330161 0.93949437 -0.28939739
vn 0.12791823 0.97678636 -0.17182935
vn 0.12575018 0.99107360 -0.04427194
vn 0.14610495 0.97703432 -0.15510413
vn 0.19369287 0.98037586 -0.03669110
vn 0.08420675 0.99435369 0.06457531
vn 0.05054208 0.96740662 0.24813291
vn 0.10459126 0.99200151 0.07066597
vn 0.09413670 0.96895076 0.22863227
vn 0.04961656 0.94508381 0.32303992
vn 0.06270530 0.92882565 0.36517250
vn 0.11141609 0.86622363 0.48707605
vn 0.08787033 0.94058816 0.32798281
vn 0.09620508 0.90270580 0.41936479
vn 0.08601381 0.88581272 0.45600159
vn 0.10072044 0.91253327 0.39640689
vn 0.17331124 0.92161107 0.34726971
vn 0.11113962 0.89054874 0.44110194
vn 0.08497081 0.89981839 0.42790983
vn 0.12746764 0.98811612 0.08589835
vn 0.12775017 0.97141425 0.20008563
vn 0.21498334 0.97353380 0.07755065
vn 0.20193522 0.96281785 0.17945463
vn 0.08892410 0.93995979 0.32949674
vn 0.09496278 0.90287388 0.41928609
vn 0.14387210 0.94664857 0.28837007
vn -0.29690531 0.64718121 0.70214223
vn -0.31007245 0.43891185 0.84333354
vn -0.29519259 0.49011310 0.82015272
vn -0.09306436 0.72183263 0.68578180
vn -0.20375473 0.67066367 0.71322805
vn -0.22347291 0.52281992 0.82262944
vn -0.22298163 0.50526566 0.83365809
vn -0.16667051 0.73146452 0.66119634
vn -0.22710970 0.63525661 0.73815325
vn -0.11719485 0.40525818 0.90665935
vn -0.16854279 0.56670055 0.80650097
vn -0.22460088 0.52992874 0.81775912
vn -0.13014516 0.76112619 0.63541259
vn -0.17580183 0.64175760 0.74648570
vn -0.04979294 0.75108711 0.65832273
vn -0.10784989 0.65561138 0.74735675
vn -0.05603306 0.57172714 0.81852818
vn -0.25322769 0.53001970 0.80929281
vn -0.30235380 0.49436423 0.81497618
vn -0.31706426 0.54596297 0.77549641
vn -0.22916187 0.51015164 0.82899345
vn -0.30575748 0.57446914 0.75927437
vn -0.19992445 0.59450483 0.77884159
vn -0.26466170 0.46888642 0.84267414
vn -0.18182989 0.51920772 0.83508157
vn -0.22126741 0.57421480 0.78823734
vn -0.20052548 0.47906642 0.85456708
vn -0.08368036 0.54180180 0.83633032
vn -0.14987935 0.59920775 0.78643897
vn -0.08497580 0.50666617 0.85794435
vn -0.11972243 0.53519125 0.83620384
vn -0.15593504 0.48554804 0.86019031
vn -0.37548838 0.67071569 0.63964751
vn -0.14860183 0.74091166 0.65495603
vn -0.15041507 0.80767589 0.57011838
vn -0.13591047 0.79527905 0.59081263
vn -0.11064416 0.73102799 0.67331713
vn -0.37105451 0.67845552 0.63404784
vn -0.14415795 0.75348900 0.64146147
vn -0.15056764 0.74452640 0.65039205
vn -0.15709833 0.71951944 0.67647017
vn -0.03300977 0.81883703 0.57307615
vn -0.11169884 0.76925305 0.62910501
vn -0.07770502 0.76996486 0.63333723
vn 0.03111305 0.83536491 0.54881458
vn -0.00516619 0.81771961 0.57559357
vn -0.00757628 0.81879174 0.57404066
vn -0.13423069 0.76323396 0.63202535
vn -0.07753258 0.76978712 0.63357437
vn 0.02030047 0.75210998 0.65872489
vn -0.02532251 0.68665659 0.72654078
vn -0.01772787 0.61614205 0.78743552
vn 0.05692942 0.76546145 0.64095850
vn 0.01606217 0.68151793 0.73162512
vn 0.05156554 0.58573502 0.80886061
vn 0.09007189 0.77360592 0.62723276
vn 0.05490146 0.68995112 0.72177094
vn 0.05322912 0.61140083 0.78952878
vn 0.18587572 0.80791702 0.55921400
vn 0.10442695 0.69068938 0.71557193
vn 0.15623257 0.58819602 0.79348398
vn -0.02877851 0.57207192 0.81969843
vn -0.07072920 0.61641571 0.78423788
vn -0.05896475 0.50723657 0.85978731
vn 0.04269654 0.56427568 0.82448163
vn 0.00377403 0.63486498 0.77261388
vn 0.04046807 0.54936531 0.83460176
vn -0.04664605 0.52523009 0.84968082
vn -0.03050084 0.54038960 0.84086193
vn 0.12990462 0.53395131 0.83547638
vn 0.09026531 0.64035569 0.76275604
vn 0.04925390 0.53261614 0.84492254
vn 0.10998390 0.56835587 0.81539877
vn 0.11917475 0.61477889 0.77964370
vn 0.13602134 0.51180183 0.84826710
vn 0.04540850 0.53991805 0.84049186
vn 0.08455106 0.54476820 0.83431333
vn 0.08467499 0.86423018 0.49591970
vn 0.00613046 0.82296914 0.56805300
vn 0.02488408 0.81979091 0.57212205
vn 0.10942107 0.88606851 0.45045491
vn 0.10302396 0.85380958 0.51028939
vn 0.07834554 0.84876619 0.52293206
vn -0.02860702 0.80775600 0.58882246
vn 0.04517938 0.81321688 0.58020438
vn 0.07745194 0.87487048 0.47812429
vn 0.14016606 0.84798069 0.51115772
vn 0.10176528 0.86183607 0.49687264
vn 0.08508479 0.84919112 0.52118617
vn 0.12936015 0.83613843 0.53304641
vn 0.17855129 0.83155015 0.52596937
vn 0.10385713 0.86491251 0.49106013
vn 0.07061577 0.81092785 0.58086955
vn 0.18679201 0.82300338 0.53644587
vn 0.30369951 0.83119893 0.46569834
vn 0.32493024 0.90249170 0.28271730
vn 0.22847202 0.69038628 0.68641628
vn 0.15798666 0.82000992 0.55011267
vn 0.33176797 0.79263327 0.51152958
vn 0.37459133 0.87049973 0.31923589
vn 0.30300633 0.74083087 0.59946374
vn 0.24706047 0.77295967 0.58437529
vn 0.22314039 0.67079895 0.70727444
vn 0.48308116 0.74221930 0.46448154
vn 0.56939576 0.61967219 0.54018039
vn 0.62183698 0.66789023 0.40895160
vn 0.49381960 0.79392970 0.35470810
vn 0.30378372 0.63285807 0.71218405
vn 0.38377957 0.67725695 0.62772308
vn 0.34934573 0.54323899 0.76344545
vn 0.39165120 0.53976516 0.74515965
vn 0.31127325 0.60456753 0.73321693
vn 0.40868281 0.59925218 0.68838593
vn 0.35362446 0.74121699 0.57056737
vn 0.35523766 0.83113441 0.42781046
vn 0.46449644 0.85117993 0.24440903
vn 0.51971954 0.58432788 0.62325960
vn 0.44759434 0.69493006 0.56278905
vn 0.69037806 0.20268768 0.69447523
vn 0.77186689 0.19580542 0.60488159
vn 0.74924967 0.21334603 0.62698357
vn 0.65276509 0.35306908 0.67025366
vn 0.68339926 0.42044545 0.59681746
vn 0.62716905 0.42392692 0.65341024
vn 0.80473543 0.38020450 0.45590067
vn 0.73738316 0.47758296 0.47768251
vn 0.78797216 0.14790519 0.59768213
vn 0.69262778 0.14542175 0.70648374
vn 0.75734310 0.09916655 0.64544358
vn 0.73732974 0.26574947 0.62106528
vn 0.77897933 0.14725345 0.60951425
vn 0.79162527 0.13900247 0.59498550
vn 0.72754018 0.20400087 0.65503353
vn 0.72205161 0.19444311 0.66395283
vn 0.79215694 0.15664475 0.58987271
vn 0.81179751 0.07938313 0.57851804
vn 0.78096621 0.17549686 0.59941024
vn 0.78108245 0.17193895 0.60028926
vn 0.75018341 0.17256668 0.63831465
vn 0.74827168 0.27565527 0.60341003
vn 0.76292335 0.24735146 0.59729826
vn 0.78848933 0.24280231 0.56509434
vn 0.73429833 0.22772940 0.63948830
vn 0.71298363 0.34679938 0.60941327
vn 0.71569665 0.32931557 0.61589736
vn 0.75362188 0.19783222 0.62683050
vn 0.69917689 0.34169831 0.62800792
vn 0.59170188 0.48528396 0.64373004
vn 0.60303368 0.47546214 0.64053581
vn 0.58379388 0.46856172 0.66304948
vn 0.56806841 0.49372429 0.65843345
vn 0.55430177 0.57148499 0.60510698
vn 0.57236805 0.46827603 0.67313622
vn 0.50678677 0.59388294 0.62487617
vn 0.64895528 0.43488768 0.62428339
vn 0.63770618 0.45970980 0.61805965
vn 0.64106951 0.43140355 0.63476047
vn 0.66873959 0.44285013 0.59721949
vn 0.62174172 0.44254961 0.64620978
vn 0.72578426 0.45092214 0.51952519
vn 0.64784992 0.47441623 0.59600312
vn 0.70218705 0.48736146 0.51904927
vn 0.48725250 0.54718773 0.68056637
vn 0.54858028 0.55695174 0.62358996
vn 0.57960156 0.57308615 0.57933954
vn 0.67705067 0.59689370 0.43048844
vn 0.67711469 0.59634886 0.43114236
vn 0.70300478 0.60947867 0.36649697
vn 0.53058670 0.53246121 0.65951711
vn 0.54266506 0.51661577 0.66228602
vn 0.62176496 0.54290177 0.56450510
vn 0.48482653 0.54196098 0.68645578
vn 0.50032420 0.52330510 0.68980249
vn 0.45236997 0.52516357 0.72080832
vn 0.45465782 0.54477283 0.70463383
vn 0.45221536 0.52756005 0.71915343
vn 0.43927912 0.52007170 0.73250207
vn 0.55883495 0.49199622 0.66756514
vn 0.47028772 0.51739506 0.71493483
vn 0.52641865 0.48955893 0.69513701
vn 0.46334106 0.50743419 0.72651607
vn 0.50419283 0.56529766 0.65286151
vn 0.62383907 0.43283119 0.65075492
vn 0.63881303 0.48711566 0.59551344
vn 0.53854973 0.52342875 0.66029276
vn 0.59085203 0.50939093 0.62563148
vn 0.71977662 0.28763084 0.63181494
vn 0.70461072 0.32020094 0.63324173
vn 0.66647401 0.40656758 0.62491215
vn 0.62678370 0.46646313 0.62414289
vn 0.56361763 0.46523990 0.68255916
vn 0.21272422 0.95359224 -0.21309680
vn 0.12147669 0.97880728 -0.16486272
vn 0.10295929 0.98226939 -0.15667238
vn 0.09015945 0.99309456 -0.07506310
vn 0.23105660 0.95457459 -0.18814942
vn 0.07055211 0.99316824 -0.09294758
vn 0.25075444 0.94736236 -0.19906475
vn 0.18840414 0.98208578 -0.00337603
vn 0.20368259 0.97052273 -0.12883726
vn 0.22950438 0.94588170 -0.22942440
vn 0.07699819 0.99047976 -0.11411012
vn 0.18000248 0.98259157 0.04596634
vn 0.20750557 0.97616983 -0.06351293
vn 0.24814756 0.94822588 -0.19821823
vn 0.21953943 0.96745421 -0.12583636
vn 0.36431140 0.89814045 -0.24621321
vn 0.36465070 0.90484804 -0.21972687
vn 0.20369731 0.96820161 -0.14523443
vn 0.35590406 0.92151192 -0.15539656
vn 0.24357565 0.96138979 -0.12806473
vn 0.28390099 0.95885124 -0.00212737
vn 0.34104278 0.93529337 -0.09442525
vn 0.37963360 0.92512560 -0.00457648
vn 0.20624231 0.92750282 0.31177335
vn 0.17403866 0.90416747 0.39011759
vn 0.22457921 0.94461888 0.23928925
vn 0.23323419 0.94213294 0.24080558
vn 0.26810017 0.92191409 0.27963674
vn 0.24055164 0.89979390 0.36401352
vn 0.19664969 0.97828742 0.06544175
vn 0.19460422 0.96735036 0.16236529
vn 0.21551043 0.96318551 0.16071378
vn 0.17142293 0.98300271 0.06572555
vn 0.17200958 0.97447100 0.14428781
vn 0.21751754 0.94893287 0.22850060
vn 0.31625865 0.93862297 0.13772211
vn 0.30844411 0.91961027 0.24326772
vn 0.36140428 0.91954339 0.15435965
vn 0.34879141 0.91010032 0.22374528
vn 0.29437259 0.90765063 0.29919077
vn 0.28311597 0.89243652 0.35128678
vn 0.27430726 0.87401071 0.40107456
vn 0.30401383 0.86998715 0.38819834
vn 0.36516295 0.89862205 0.24317573
vn 0.43977915 0.84128725 0.31437249
vn 0.37170378 0.86093193 0.34732190
vn 0.33232132 0.88752070 0.31917009
vn 0.67742496 0.67763502 -0.28619259
vn 0.65409430 0.67554629 -0.34029083
vn 0.65130369 0.62199436 -0.43465678
vn 0.67262554 0.65699088 -0.34049651
vn 0.69858588 0.61775811 -0.36104388
vn 0.70671372 0.66881976 -0.23072896
vn 0.69119190 0.67429403 -0.25996407
vn 0.71576784 0.65040573 -0.25426126
vn 0.71362522 0.62557301 -0.31527361
vn 0.61989548 0.61414490 -0.48842159
vn 0.69339092 0.65386872 -0.30276184
vn 0.72804199 0.65371409 -0.20642855
vn 0.74264843 0.66185476 -0.10208616
vn 0.73675033 0.66209687 -0.13721037
vn 0.70678820 0.64649974 -0.28720817
vn 0.72339640 0.68509280 -0.08570590
vn 0.77580781 0.62471963 0.08858683
vn 0.73654802 0.67515511 -0.04077490
vn 0.70505162 0.70730129 0.05125533
vn 0.75930852 0.62410157 0.18424932
vn 0.74454363 0.65983041 0.10138352
vn 0.70094871 0.69813427 0.14587474
vn 0.76315667 0.59916255 0.24206639
vn 0.76976528 0.59779188 0.22384434
vn 0.70945955 0.66259365 0.24007668
vn 0.74085498 0.61338125 0.27367378
vn 0.71149969 0.61771074 0.33496512
vn 0.67937742 0.64998254 0.34054225
vn 0.56591027 0.75189603 0.33822763
vn 0.58912512 0.72197920 0.36287411
vn 0.71584454 0.58936047 0.37446072
vn 0.62507235 0.68779958 0.36907491
vn 0.57359215 0.71885890 0.39272627
vn 0.60728603 0.66587249 0.43337918
vn 0.74606493 0.60941789 0.26832250
vn 0.72783810 0.60712483 0.31882777
vn 0.77350885 0.58399502 0.24623947
vn 0.73463132 0.59152163 0.33229353
vn 0.73234291 0.56952093 0.37325565
vn 0.69615690 0.59488026 0.40184954
vn 0.49772295 0.83927940 -0.21881947
vn 0.47421325 0.86471936 -0.16547575
vn 0.44632941 0.88565122 -0.12810925
vn 0.27356210 0.95781009 -0.08811137
vn 0.59230789 0.72541018 -0.35064430
vn 0.58761839 0.71479021 -0.37918279
vn 0.52205444 0.82969675 -0.19764228
vn 0.46801666 0.88206383 -0.05407224
vn 0.43992628 0.88767337 -0.13601784
vn 0.43263182 0.90088675 0.03511076
vn 0.40748250 0.91299971 -0.01973696
vn 0.51832981 0.84913578 -0.10150192
vn 0.53626824 0.84403531 -0.00455697
vn 0.64895621 0.74680805 -0.14537389
vn 0.63856175 0.75047398 -0.17037515
vn 0.61411709 0.78884517 -0.02415574
vn 0.42086381 0.88780679 0.18620623
vn 0.40147541 0.91217933 0.08213625
vn 0.44055692 0.83709544 0.32431594
vn 0.38360595 0.90203205 0.19795116
vn 0.51505404 0.85031624 0.10808156
vn 0.46981877 0.84163491 0.26630996
vn 0.44156869 0.85013435 0.28686004
vn 0.41679860 0.85245054 0.31560576
vn 0.38174167 0.87756078 0.29010406
vn 0.46536629 0.82002841 0.33314806
vn 0.51885384 0.77681827 0.35685300
vn 0.53887718 0.73734376 0.40735190
vn 0.63358930 0.77112456 0.06270185
vn 0.63685758 0.74839956 0.18523098
vn 0.22853113 0.79022632 0.56860873
vn 0.19260819 0.69282666 0.69490525
vn 0.20322049 0.61687884 0.76036960
vn 0.20157306 0.77017424 0.60514456
vn 0.23313458 0.69508185 0.68008050
vn 0.23421097 0.61740083 0.75097366
vn 0.23876591 0.59260070 0.76929530
vn 0.24829697 0.60035435 0.76021265
vn 0.30569360 0.56117305 0.76917893
vn 0.15864984 0.77605224 0.61038771
vn 0.34184570 0.72293859 0.60041762
vn 0.25956211 0.73855865 0.62222073
vn 0.36254045 0.66876030 0.64909481
vn 0.25471028 0.68853731 0.67899856
vn 0.53192542 0.58398600 0.61320119
vn 0.43252886 0.51130121 0.74262363
vn 0.36245003 0.62352066 0.69271348
vn 0.47511694 0.64583087 0.59763398
vn 0.46577386 0.66222791 0.58694881
vn 0.40657299 0.67679871 0.61371158
vn 0.19488010 0.52303007 0.82973567
vn 0.09042250 0.59594597 0.79791739
vn 0.12085695 0.51537707 0.84839854
vn 0.19055540 0.52513645 0.82940964
vn 0.20855917 0.57227697 0.79309655
vn 0.20162390 0.48790287 0.84929300
vn 0.14560828 0.54948665 0.82271663
vn 0.18784908 0.55974005 0.80709590
vn 0.24443957 0.55194550 0.79724869
vn 0.31383915 0.51400036 0.79831612
vn 0.24590141 0.50805338 0.82547820
vn 0.34261692 0.51027673 0.78881640
vn 0.45510624 0.52753315 0.71734725
vn 0.36869298 0.48037384 0.79580554
vn 0.15108616 0.81524585 0.55905919
vn 0.16331655 0.82509252 0.54087894
vn 0.11330955 0.85719792 0.50236707
vn 0.13751460 0.82264643 0.55167253
vn 0.14814902 0.81161041 0.56510213
vn 0.17297540 0.86314171 0.47441111
vn 0.19146183 0.82776685 0.52739398
vn 0.16963762 0.80691159 0.56578862
vn 0.27445721 0.85224037 0.44537578
vn 0.17212330 0.80952509 0.56128665
vn 0.32546919 0.84984259 0.41453273
vn 0.42976529 0.68799611 0.58477615
vn 0.35877771 0.76756289 0.53115512
vn 0.54756745 0.57759029 0.60544144
vn 0.54032816 0.50176215 0.67548518
vn 0.54663880 0.51995197 0.65638097
vn 0.52617174 0.57449670 0.62697436
vn 0.56590958 0.53806145 0.62468891
vn 0.58729765 0.49153863 0.64301730
vn 0.56341529 0.50604937 0.65305225
vn 0.50626307 0.64766953 0.56940485
vn 0.48552746 0.63470433 0.60117676
vn 0.52659386 0.62698407 0.57409919
vn 0.54251821 0.70232689 0.46088061
vn 0.49307627 0.60985811 0.62044249
vn 0.48278971 0.63009215 0.60819238
vn 0.51074280 0.60779523 0.60805160
vn 0.55906729 0.59482777 0.57760168
vn 0.48995763 0.64415408 0.58737300
vn 0.52026606 0.54237870 0.65965793
vn 0.51006759 0.56830366 0.64564851
vn 0.73602217 0.48587483 0.47137778
vn 0.68619376 0.52865514 0.49966175
vn 0.71125203 0.53221302 0.45920567
vn 0.73466369 0.56718111 0.37225642
vn 0.72037464 0.55739966 0.41275416
vn 0.66761325 0.59105059 0.45271597
vn 0.66550901 0.52885733 0.52669507
vn 0.61123702 0.53015929 0.58763971
vn 0.54437970 0.53316773 0.64759780
vn 0.52906686 0.61726951 0.58229426
vn 0.50367160 0.58099995 0.63933871
vn 0.53959801 0.46041773 0.70487552
vn 0.57423277 0.54189434 0.61368335
vn 0.67932436 0.57329180 0.45809924
vn 0.59050216 0.59480942 0.54544381
vn 0.44914588 0.47909270 0.75414731
vn 0.47562929 0.78937450 0.38815549
vn 0.62348288 0.07570726 -0.77816290
vn 0.51363891 0.06669030 -0.85541070
vn 0.62447049 0.10554809 -0.77388385
vn 0.51771432 0.09313575 -0.85046906
vn 0.75781886 0.08221840 -0.64726402
vn 0.70346613 0.07644619 -0.70660553
vn 0.75518175 0.14733496 -0.63874325
vn 0.70661255 0.11867046 -0.69757869
vn 0.62687186 0.16875502 -0.76062699
vn 0.54611874 0.12726477 -0.82798430
vn 0.65327110 0.17537670 -0.73653234
vn 0.62812816 0.14057520 -0.76530624
vn 0.77628025 0.13078513 -0.61667190
vn 0.72471649 0.15968001 -0.67028972
vn 0.74322941 0.24949105 -0.62077714
vn 0.73886868 0.17067068 -0.65187775
vn 0.85498400 0.08359226 -0.51187371
vn 0.81127219 0.08645226 -0.57824167
vn 0.90694470 0.07127008 -0.41517694
vn 0.85485328 0.12772225 -0.50290446
vn 0.79767770 0.14177036 -0.58618380
vn 0.87582084 0.16751503 -0.45263294
vn 0.85709026 0.17339182 -0.48510985
vn 0.80158990 0.13085232 -0.58337921
vn 0.90737851 0.23137671 -0.35089750
vn 0.87422938 0.16639640 -0.45610880
vn 0.77910400 0.16616467 -0.60447188
vn 0.79700464 0.24014367 -0.55417924
vn 0.92320808 0.19230404 -0.33272510
vn 0.67238181 0.28447308 -0.68335772
vn 0.59250430 0.21700794 -0.77578748
vn 0.66940682 0.34340991 -0.65875955
vn 0.66593930 0.37460635 -0.64513172
vn 0.73226880 0.31192142 -0.60538205
vn 0.76213460 0.27493665 -0.58614051
vn 0.71160018 0.23162495 -0.66330617
vn 0.73723936 0.34375341 -0.58164570
vn 0.76758011 0.41341702 -0.48980316
vn 0.76407145 0.32420340 -0.55775172
vn 0.71182560 0.36313531 -0.60119636
vn 0.56041330 0.41253961 -0.71815597
vn 0.70656243 0.38430980 -0.59420157
vn 0.66782401 0.53042761 -0.52216629
vn 0.77068138 0.42245030 -0.47705969
vn 0.81249741 0.31457483 -0.49080611
vn 0.66003866 0.41123838 -0.62867476
vn 0.76415912 0.35197934 -0.54052881
vn 0.80036416 0.43980554 -0.40741662
vn 0.77882488 0.46958043 -0.41584375
vn 0.86243469 0.37390834 -0.34117291
vn 0.62311866 0.58674075 -0.51716382
vn 0.90456315 0.25031656 -0.34511900
vn 0.86538702 0.24927752 -0.43470223
vn 0.85683673 0.30046852 -0.41898626
vn 0.82401618 0.32847832 -0.46162682
vn 0.73428492 0.56426565 -0.37739890
vn 0.65490609 0.56377735 -0.50324259
vn 0.97228015 0.06689296 -0.22404607
vn 0.95329018 0.06020229 -0.29599580
vn 0.97922109 0.08851297 -0.18245960
vn 0.96503065 0.13659851 -0.22373353
vn 0.94482900 0.11747928 -0.30577242
vn 0.97894123 0.11703026 -0.16726622
vn 0.98963832 0.07535558 -0.12221918
vn 0.99790389 0.06347560 -0.01259663
vn 0.98425810 0.12732868 -0.12257000
vn 0.99226284 0.12352769 -0.01246421
vn 0.87107024 0.33704804 -0.35726078
vn 0.95645897 0.22365154 -0.18752660
vn 0.89905190 0.32910955 -0.28877774
vn 0.92423494 0.20999412 -0.31889221
vn 0.95514139 0.21901597 -0.19934123
vn 0.93424573 0.29033880 -0.20709489
vn 0.90689922 0.33005163 -0.26191550
vn 0.97302325 0.19801803 -0.11838334
vn 0.97745850 0.20983786 -0.02330113
vn 0.94378496 0.29362954 -0.15182769
vn 0.97075461 0.23997844 0.00676990
vn 0.98843882 0.05339685 0.14190656
vn 0.96066018 0.08321923 0.26496525
vn 0.98451301 0.11341770 0.13368084
vn 0.95305297 0.11710557 0.27924241
vn 0.94257896 0.13013239 0.30758814
vn 0.94478575 0.17715082 0.27567638
vn 0.94741754 0.15372156 0.28065939
vn 0.93324454 0.14569945 0.32836916
vn 0.93589872 0.10818744 0.33524478
vn 0.95596604 0.10017429 0.27585149
vn 0.96896903 0.20883472 0.13223876
vn 0.94468455 0.16986938 0.28056282
vn 0.96591840 0.24330110 0.08835277
vn 0.94557725 0.22154391 0.23833163
vn 0.94354912 0.11477183 0.31071286
vn 0.95494269 0.16729568 0.24514610
vn 0.93559644 0.21625119 0.27909625
vn 0.93585832 0.19813950 0.29139312
vn 0.92478357 0.13949001 0.35400266
vn 0.94834774 0.15257244 0.27813344
vn 0.94172550 0.20676059 0.26533589
vn 0.94630317 0.21518380 0.24125972
vn 0.87642323 0.42179290 -0.23232105
vn 0.81380082 0.52005840 -0.25935977
vn 0.80835594 0.57218654 -0.13843134
vn 0.82896635 0.53759286 -0.15430075
vn 0.96719252 0.16141442 -0.19617344
vn 0.90599403 0.32109001 -0.27581880
vn 0.97176694 0.18864434 -0.14171215
vn 0.93568193 0.31812163 -0.15263665
vn 0.95002107 0.22682045 -0.21450511
vn 0.90439789 0.30351745 -0.29990268
vn 0.95879531 0.26932293 -0.09042520
vn 0.93910146 0.33279394 -0.08565415
vn 0.96385968 0.26094472 0.05368766
vn 0.95090384 0.30885524 0.01975683
vn 0.96081776 0.23005848 -0.15460380
vn 0.96607332 0.25582853 -0.03541328
vn 0.87217148 0.40381653 -0.27613242
vn 0.97371149 0.08256777 -0.21229341
vn 0.89939131 0.40463770 -0.16541951
vn 0.91274603 0.39788045 -0.09265982
vn 0.91449445 0.40436437 0.01376091
vn 0.83337417 0.53717003 -0.13013784
vn 0.86220818 0.48531158 -0.14515416
vn 0.85462344 0.51634327 -0.05484896
vn 0.86777975 0.49632812 -0.02483349
vn 0.86006475 0.50919464 0.03177157
vn 0.77130009 0.53625744 0.34281791
vn 0.76312040 0.54667132 0.34467045
vn 0.79515237 0.51474880 0.32057195
vn 0.81324070 0.49291928 0.30930592
vn 0.77625957 0.47544726 0.41396978
vn 0.79584934 0.51236331 0.32265720
vn 0.76833141 0.51303581 0.38270236
vn 0.79378030 0.46786109 0.38861143
vn 0.95858978 0.26264743 0.11009979
vn 0.93458256 0.34552106 0.08467961
vn 0.93592515 0.20034405 0.28966598
vn 0.91642696 0.31957785 0.24089754
vn 0.96192290 0.27257204 0.02021903
vn 0.96299810 0.18924446 0.19188850
vn 0.92675781 0.23678792 0.29163580
vn 0.91514881 0.26366462 0.30493217
vn 0.90666749 0.29288674 0.30359745
vn 0.89945730 0.25865174 0.35224400
vn 0.90528718 0.41121571 0.10656810
vn 0.89025468 0.41046760 0.19739034
vn 0.88340456 0.45929665 0.09296752
vn 0.81636420 0.53020732 0.22897529
vn 0.85429791 0.48074558 0.19763290
vn 0.86013400 0.43816765 0.26111036
vn 0.81952357 0.45200339 0.35224146
vn 0.77873235 0.45582544 0.43104419
vn 0.84452137 0.14256927 0.51619536
vn 0.84956233 0.10223045 0.51748699
vn 0.84058401 0.11223291 0.52992669
vn 0.79935069 0.16515085 0.57772284
vn 0.84292271 0.10576088 0.52753762
vn 0.82876116 0.09538309 0.55141364
vn 0.83151504 0.14733153 0.53560821
vn 0.77186871 0.19945492 0.60368571
vn 0.74911734 0.18645648 0.63565493
vn 0.76715430 0.19748743 0.61030565
vn 0.75023084 0.23630049 0.61750771
vn 0.75979260 0.29072828 0.58154301
vn 0.82350880 0.09399249 0.55946284
vn 0.83449958 0.22403937 0.50340521
vn 0.79975266 0.15865451 0.57898569
vn 0.81029528 0.21323297 0.54585095
vn 0.83404593 0.29029707 0.46914284
vn 0.94223887 0.12434276 0.31100608
vn 0.92208964 0.07119658 0.38037053
vn 0.94880987 0.08758384 0.30346152
vn 0.90846043 0.09546532 0.40692262
vn 0.93445795 0.15004139 0.32291782
vn 0.89249074 0.13113451 0.43158316
vn 0.91790253 0.20585754 0.33923092
vn 0.86820165 0.28278546 0.40774782
vn 0.85496889 0.30305135 0.42093715
vn 0.76667355 0.13134806 0.62845792
vn 0.76884974 0.17381362 0.61535266
vn 0.75743087 0.25260163 0.60207217
vn 0.72491823 0.22659519 0.65049841
vn 0.84485514 0.33696865 0.41553811
vn 0.83526558 0.33664786 0.43474088
vn 0.79368669 0.39702743 0.46090200
vn 0.80480642 0.37092937 0.46335519
vn 0.77017921 0.40881522 0.48958564
vn 0.74839530 0.44591410 0.49098380
vn 0.70803617 0.28282144 0.64706786
vn 0.74628049 0.37079588 0.55278916
vn 0.73829208 0.42502729 0.52371424
vn 0.64921428 0.45403555 0.61022336
vn 0.80795192 0.30506778 0.50413028
vn 0.75988680 0.46945030 0.44965372
vn 0.73702822 0.47074999 0.48495758
vn 0.76122796 0.44483406 0.47186296
vn 0.79738612 0.44785695 0.40447439
vn 0.77283901 0.49603894 0.39580959
vn 0.71668942 0.47970296 0.50620288
vn 0.72039325 0.55094467 0.42129982
vn 0.68876750 0.48642767 0.53757553
vn 0.88794893 0.27652361 0.36753420
vn 0.85818513 0.32317665 0.39884225
vn 0.77930741 0.58285096 -0.23014065
vn 0.72526049 0.59049013 -0.35400371
vn 0.75510778 0.54792556 -0.35998586
vn 0.77263702 0.61381321 -0.16206596
vn 0.78937616 0.57953676 -0.20253993
vn 0.73540680 0.59872600 -0.31733896
vn 0.74603521 0.55064177 -0.37446643
vn 0.81952057 0.53956991 -0.19300347
vn 0.82592932 0.56309588 -0.02763683
vn 0.80082375 0.58758669 -0.11585851
vn 0.81700338 0.57512632 0.04165577
vn 0.79646282 0.60114659 0.06534340
vn 0.84729934 0.51952245 -0.11036422
vn 0.83744754 0.54580036 -0.02799246
vn 0.75207101 0.64303803 -0.14453822
vn 0.85318818 0.49722905 -0.15758554
vn 0.77504631 0.63183007 -0.00969430
vn 0.76168261 0.59716938 0.25145245
vn 0.77074124 0.61712356 0.15848170
vn 0.77987376 0.52873652 0.33501435
vn 0.76435402 0.58952121 0.26120427
vn 0.83641912 0.53128032 0.13470072
vn 0.82179951 0.49051264 0.28990156
vn 0.82489149 0.47758764 0.30243027
vn 0.78443952 0.52480501 0.33050617
vn 0.76010376 0.60755526 0.23047535
vn 0.77454067 0.51603842 0.36577467
vn 0.80133440 0.50660991 0.31813454
vn 0.77571704 0.62153039 0.10937569
vn 0.75969498 0.59487870 0.26264589
vn 0.79828033 0.45082236 0.39938417
vn -0.53626847 0.84151293 -0.06536140
vn -0.66794382 0.72966043 -0.14644695
vn -0.71782919 0.69364217 -0.05984805
vn -0.70458632 0.67261409 -0.22616012
vn -0.60293756 0.72681932 0.32893766
vn -0.60701197 0.58458471 0.53832813
vn -0.65598271 0.75415504 0.03060815
vn -0.62012147 0.77762804 -0.10365328
vn -0.60950232 0.78104803 -0.13590767
vn -0.54876417 0.79802656 0.24902108
vn -0.62351441 0.58309273 0.52080001
vn -0.55498534 0.62022356 -0.55435909
vn -0.58359518 0.69062667 -0.42714338
vn -0.55341785 0.62538379 -0.55011254
vn -0.60533947 0.74700535 -0.27485839
vn -0.49012551 0.67549981 -0.55088746
vn -0.51907334 0.74118592 -0.42568333
vn -0.48307980 0.67884515 -0.55299473
vn -0.46454489 0.65234427 -0.59886977
vn -0.44147019 0.89379428 0.07896746
vn -0.46679040 0.86390723 -0.18913228
vn -0.57409318 0.80449329 -0.15234034
vn -0.48846196 0.87115954 -0.04985942
vn -0.45619250 0.88564418 -0.08673399
vn -0.48904941 0.82369403 -0.28698227
vn -0.39869007 0.91240247 0.09256330
vn -0.49371364 0.83562180 0.24079667
vn -0.37291487 0.78026568 -0.50211550
vn -0.42404449 0.81979476 -0.38486727
vn -0.30143606 0.78851234 -0.53608263
vn -0.41033465 0.72172355 -0.55744112
vn -0.40849148 0.88532603 -0.22210926
vn -0.40389586 0.89712165 -0.17899965
vn -0.28398068 0.89845307 -0.33486873
vn -0.24293820 0.86349050 -0.44200135
vn -0.44100090 0.65773896 -0.61065348
vn -0.39698982 0.69489474 -0.59960019
vn -0.40020877 0.70571339 -0.58463797
vn -0.41096727 0.70766282 -0.57473406
vn -0.37837958 0.74248611 -0.55275969
vn -0.33063056 0.79010821 -0.51615158
vn -0.32112548 0.78457855 -0.53039129
vn -0.26031022 0.82526456 -0.50117562
vn -0.35673666 0.75527392 -0.54981838
vn -0.36962809 0.80105717 -0.47083170
vn -0.34957618 0.83066041 -0.43335872
vn -0.33633649 0.85673042 -0.39101246
vn -0.29544885 0.84302242 -0.44946988
vn -0.32530814 0.76396011 -0.55726076
vn -0.30913337 0.79890152 -0.51593888
vn -0.29391533 0.82674091 -0.47970122
vn -0.21649992 0.77978899 -0.58741545
vn -0.18001083 0.84578836 -0.50223315
vn -0.14430764 0.83318565 -0.53383235
vn -0.28039423 0.87108615 -0.40322201
vn -0.21744011 0.97588922 -0.01897432
vn -0.26946563 0.94921706 -0.16240456
vn -0.08425707 0.99358240 -0.07546365
vn -0.08698735 0.97415737 -0.20844814
vn -0.25968084 0.94922175 -0.17760610
vn -0.26262816 0.85908920 -0.43930877
vn -0.23637809 0.92412598 -0.30019423
vn -0.18907597 0.87358101 -0.44844899
vn -0.10411004 0.97098943 -0.21526875
vn -0.10027140 0.95876500 -0.26592351
vn -0.08761903 0.91638871 -0.39058244
vn 0.03762447 0.99863133 -0.03633001
vn 0.07226858 0.97421775 -0.21372183
vn 0.11235692 0.98946142 0.09133470
vn 0.19946683 0.97006779 -0.13849714
vn 0.04759283 0.97276605 -0.22685048
vn 0.03915620 0.96190486 -0.27056578
vn 0.07052221 0.90615099 -0.41703358
vn 0.23423095 0.93376462 -0.27059101
vn 0.18150373 0.91887368 -0.35032493
vn 0.20403018 0.90632079 -0.37007340
vn -0.12462720 0.87026889 -0.47655023
vn -0.07647603 0.88365678 -0.46184641
vn 0.10845513 0.86296948 -0.49347863
vn 0.18222897 0.88442797 -0.42962748
vn -0.40347942 0.86862461 0.28756851
vn -0.28046322 0.88588769 0.36951776
vn -0.29592554 0.84777599 0.44011811
vn -0.33634526 0.87531136 0.34742179
vn -0.23115733 0.86569341 0.44400587
vn 0.31055670 0.85807676 0.40897287
vn 0.32456096 0.85278173 0.40917418
vn 0.32359990 0.82633773 0.46092196
vn 0.25621947 0.83727872 0.48302788
vn -0.24971807 0.90635817 -0.34081630
vn -0.22233254 0.87117489 -0.43774712
vn -0.27215778 0.91853871 -0.28673467
vn -0.31931196 0.89317294 -0.31667330
vn -0.28128576 0.86321811 -0.41920498
vn -0.24165792 0.86489070 -0.43996082
vn -0.22313228 0.89350992 -0.38968194
vn -0.24706183 0.91628174 -0.31525899
vn -0.18822118 0.89745343 -0.39893624
vn -0.16331456 0.89030454 -0.42507197
vn -0.15656343 0.92320354 -0.35097453
vn -0.06861794 0.89408781 -0.44260430
vn -0.02606946 0.86038443 -0.50897840
vn -0.06436454 0.88912482 -0.45311617
vn -0.04908821 0.89444485 -0.44447583
vn -0.00592934 0.90662700 -0.42189136
vn -0.09190703 0.90424799 -0.41699961
vn -0.07264622 0.93855904 -0.33738622
vn -0.02669018 0.91055875 -0.41251715
vn -0.02536335 0.93652540 -0.34968110
vn 0.00312936 0.92952963 -0.36873415
vn 0.00469442 0.97343071 -0.22893367
vn -0.05368328 0.97389294 -0.22056891
vn 0.04375178 0.91483515 -0.40145041
vn 0.03890845 0.91333075 -0.40535550
vn 0.15247093 0.85334834 -0.49854712
vn 0.13000198 0.89790869 -0.42054663
vn 0.10921563 0.90015058 -0.42166441
vn 0.19906991 0.93422675 -0.29595871
vn 0.05190215 0.97027176 -0.23638713
vn 0.02174198 0.92351440 -0.38294705
vn 0.16273696 0.93091347 -0.32698134
vn 0.26930469 0.90245032 -0.33624160
vn -0.32120501 0.90436793 -0.28097329
vn -0.30681325 0.93440770 -0.18096376
vn -0.31299514 0.94833742 -0.05186687
vn -0.26018515 0.94759439 -0.18538759
vn -0.25634058 0.96604475 -0.03235815
vn -0.32832847 0.94177491 0.07252884
vn -0.35330399 0.92115613 0.16324114
vn -0.25155092 0.96379542 0.08843370
vn -0.22989026 0.95417540 0.19157186
vn -0.24482333 0.95595060 -0.16192585
vn -0.20401995 0.97831643 -0.03567668
vn -0.15464588 0.96672704 -0.20377310
vn -0.08451915 0.97398354 -0.21026788
vn -0.08374709 0.99301398 -0.08312437
vn -0.15611466 0.97986087 -0.12450256
vn -0.08379302 0.99594608 -0.03271306
vn -0.11843175 0.99207483 -0.04196965
vn -0.20756478 0.97477509 0.08203895
vn -0.16017848 0.96112063 0.22492220
vn -0.02969006 0.99907605 0.03107329
vn -0.12433313 0.99056595 0.05762273
vn -0.05513012 0.98605973 0.15699324
vn -0.13531450 0.96807913 0.21098051
vn -0.02360851 0.97744149 0.20988277
vn -0.30153888 0.92330241 0.23788015
vn -0.38388011 0.91505846 0.12370967
vn -0.28954059 0.91546181 0.27945648
vn -0.29031537 0.93723166 0.19316781
vn -0.19982228 0.95434753 0.22201768
vn -0.24783072 0.91938654 0.30546410
vn -0.22771728 0.92316975 0.30968121
vn -0.19953467 0.96274562 0.18250146
vn -0.14259301 0.96302359 0.22858873
vn -0.14758571 0.94878276 0.27933801
vn -0.08091608 0.96288811 0.25748607
vn -0.06631078 0.95937760 0.27422163
vn -0.16335930 0.92531758 0.34220040
vn -0.17352174 0.91290343 0.36945573
vn -0.24653393 0.92731206 0.28162628
vn -0.14493422 0.87797320 0.45624240
vn -0.06158101 0.95241943 0.29850463
vn -0.10156454 0.92959840 0.35430419
vn 0.00264327 0.86755074 0.49734167
vn -0.05147306 0.98984878 -0.13247611
vn -0.04852150 0.99870942 0.01500507
vn -0.01362873 0.99309812 -0.11649200
vn 0.01631153 0.99918949 0.03680077
vn -0.00327519 0.99616303 0.08745570
vn 0.01138164 0.99078955 0.13493154
vn 0.04059462 0.97819711 0.20367249
vn 0.02171711 0.99485131 0.09899109
vn 0.03510782 0.98972354 0.13861726
vn 0.07532868 0.97024095 0.23012626
vn 0.11442937 0.98726251 -0.11053800
vn 0.09056699 0.99557384 0.02510658
vn 0.17094055 0.97612348 -0.13402344
vn 0.21418591 0.97202363 -0.09640781
vn 0.20867880 0.97785770 0.01573117
vn 0.05682611 0.99139382 0.11793675
vn 0.07339746 0.98117578 0.17862504
vn 0.15805592 0.95739583 0.24168482
vn 0.26454767 0.96220788 0.06457966
vn 0.30302733 0.94242272 0.14147033
vn 0.30365363 0.92859176 0.21333500
vn 0.19163390 0.96461688 0.18108208
vn 0.02069785 0.97056277 0.23995729
vn 0.00416346 0.96169050 0.27410591
vn 0.08024063 0.96572094 0.24686940
vn 0.09293714 0.95181181 0.29226183
vn -0.00547690 0.94986378 0.31261605
vn -0.00718514 0.92264822 0.38557571
vn 0.07812374 0.83675423 0.54197698
vn 0.14145493 0.93313955 0.33051639
vn 0.11262088 0.90694107 0.40592417
vn 0.20336097 0.84922339 0.48730273
vn 0.16211616 0.94662993 0.27858596
vn 0.20275010 0.91425028 0.35076891
vn 0.28629165 0.90270912 0.32117493
vn 0.28828601 0.89187151 0.34850594
vn 0.21501796 0.91189338 0.34959654
vn 0.19256570 0.89080495 0.41156407
vn 0.27417681 0.89462352 0.35281133
vn 0.89493831 0.38813468 0.22008382
vn 0.85506120 0.47070140 -0.21750984
vn 0.84218121 0.39752436 -0.36428724
vn 0.87218925 0.47363345 0.12229991
vn 0.33508761 0.94116232 0.04392924
vn 0.36331710 0.92773733 -0.08546418
vn 0.57375571 0.81464246 0.08462885
vn 0.43419937 0.89458158 0.10580501
vn 0.62304065 0.78143453 -0.03435732
vn 0.54832312 0.83578789 -0.02829054
vn 0.41914023 0.86489277 -0.27619189
vn 0.39896706 0.91588923 -0.04440951
vn 0.38715491 0.86558973 -0.31759327
vn 0.30067136 0.91628186 -0.26462101
vn 0.65420549 0.66338807 -0.36322368
vn 0.62076891 0.76105351 -0.18826450
vn 0.50363209 0.79180650 -0.34553897
vn 0.55910730 0.79955358 0.21934698
vn 0.65098753 0.73030323 0.20705659
vn 0.70216489 0.70864309 -0.06920580
vn 0.62539239 0.77875200 0.04929175
vn 0.80537284 0.53044715 0.26457592
vn 0.76746536 0.62607007 0.13796081
vn 0.74673020 0.61722026 0.24785713
vn 0.61371776 0.73345278 0.29222857
vn 0.71886120 0.67918312 -0.14815151
vn 0.65427122 0.71981337 -0.23194370
vn 0.74028400 0.64401064 -0.19295049
vn 0.57374910 0.42893805 -0.69772782
vn 0.74294484 0.47844647 -0.46810463
vn 0.67534885 0.60096423 -0.42748793
vn 0.68352512 0.64672152 -0.33844451
vn 0.53993516 0.69102726 -0.48057397
vn 0.55492358 0.73590557 -0.38794692
vn 0.55843776 0.74790875 -0.35885898
vn 0.43326581 0.72691858 -0.53279463
vn 0.40793986 0.70357399 -0.58186658
vn 0.43242374 0.76927818 -0.47034114
vn 0.46711956 0.84894845 -0.24715553
vn 0.49423773 0.74709463 -0.44449823
vn 0.44773597 0.59490390 -0.66754914
vn 0.65468203 0.50377069 -0.56356590
vn 0.62992650 0.58350716 -0.51255440
vn 0.53064945 0.66383939 -0.52699945
vn 0.43487518 0.76694129 -0.47189473
vn 0.43128691 0.71102851 -0.55536479
vn 0.43099528 0.78189633 -0.45042334
vn 0.39210056 0.59372602 -0.70267103
vn 0.58034149 0.63302112 -0.51233584
vn 0.54160081 0.71917419 -0.43526664
vn 0.56420987 0.69762213 -0.44157738
vn 0.52609440 0.77366097 -0.35309119
vn 0.45222161 0.77419267 -0.44285587
vn 0.56411980 0.77625566 -0.28141785
vn 0.51176770 0.77760311 -0.36527690
vn 0.39301675 0.81689586 -0.42215990
vn 0.54370603 0.83216233 -0.10903949
vn 0.55563298 0.80413971 -0.21126124
vn 0.54248725 0.83025472 -0.12800269
vn 0.96194171 0.15317565 0.22628601
vn 0.89314164 0.21694851 0.39399411
vn 0.95412545 0.25733961 0.15303903
vn 0.90487386 0.24667743 0.34692009
vn 0.86282607 0.17164472 0.47546741
vn 0.85865803 0.23661595 0.45466393
vn 0.99865945 0.04951159 0.01509646
vn 0.95507840 0.01475433 -0.29598574
vn 0.95903625 0.25759271 -0.11787907
vn 0.91920883 0.07965188 -0.38563028
vn 0.92495490 0.32209294 0.20177851
vn 0.89297968 0.26950202 0.36049403
vn 0.82193765 0.45304740 0.34520509
vn 0.86284065 0.41593845 0.28723024
vn 0.83560427 0.23697530 0.49558876
vn 0.85845078 0.43853779 -0.26598282
vn 0.79508280 0.34256758 -0.50049055
vn 0.77780217 0.38706301 -0.49518281
vn 0.64946403 0.37387398 -0.66212893
vn 0.71363361 0.10531090 -0.69255807
vn 0.80569151 0.08665886 -0.58596197
vn 0.77795119 0.11461529 -0.61778255
vn 0.89132429 0.03425945 -0.45207002
vn 0.82703504 0.18600597 -0.53048545
vn 0.67739078 0.10239748 -0.72846173
vn 0.66684333 0.15019208 -0.72990569
vn 0.80326006 0.27121182 -0.53029936
vn 0.73113428 0.35512477 -0.58251959
vn 0.65424446 0.24207613 -0.71649378
vn 0.73692971 0.23431539 -0.63405906
vn 0.65842527 0.32724688 -0.67777993
vn 0.71731796 0.32103505 -0.61837807
vn 0.65679446 0.08628182 -0.74911714
vn 0.68533079 0.07056499 -0.72480500
vn 0.63100689 0.15305138 -0.76052980
vn 0.49704049 0.08740715 -0.86331382
vn 0.56762120 0.08127445 -0.81926836
vn 0.52207305 0.19835968 -0.82951381
vn 0.58319607 0.16848885 -0.79466588
vn 0.61124860 0.23419978 -0.75599313
vn 0.57395146 0.31863947 -0.75435311
vn 0.55202421 0.40763367 -0.72739539
vn 0.61655511 0.34335085 -0.70849841
vn 0.58122711 0.22842808 -0.78102219
vn 0.62593009 0.18199694 -0.75834598
vn 0.51081121 0.42076376 -0.74968644
vn 0.75583377 0.57301700 0.31680725
vn 0.69931607 0.43020274 -0.57086131
vn 0.83279612 0.35645994 -0.42354095
vn 0.63529955 0.52663998 -0.56484052
vn 0.63653242 0.57706430 -0.51168669
vn 0.65992454 0.50948006 -0.55220438
vn 0.66620230 0.43508843 -0.60570005
vn 0.70190380 0.37296538 -0.60681784
vn 0.59935582 0.59051706 -0.54042780
vn 0.60917183 0.63148052 -0.47973121
vn 0.67824566 0.53571417 -0.50298425
vn 0.60010676 0.68836524 -0.40746187
vn 0.57094958 0.72404534 -0.38700765
vn 0.58463152 0.70523517 -0.40106027
vn 0.52122865 0.81785522 -0.24378994
vn 0.51455585 0.74398101 -0.42629161
vn 0.58137115 0.72574719 -0.36782958
vn 0.63091709 0.69555819 -0.34371854
vn 0.57402131 0.51832191 -0.63391003
vn 0.63178668 0.38438126 -0.67312454
vn 0.48567750 0.64449362 -0.59054664
vn 0.50187994 0.68870631 -0.52325915
vn 0.60124550 0.60533464 -0.52160696
vn 0.44885139 0.47917094 -0.75427292
vn 0.47843954 0.60396374 -0.63743502
vn 0.57460738 0.43478577 -0.69338856
vn 0.52611831 0.84175230 -0.12104789
vn 0.57789749 0.81268151 -0.07472112
vn 0.51640578 0.85631271 0.00732266
vn 0.49079398 0.83614542 -0.24491246
vn 0.45095730 0.88738116 -0.09587588
vn 0.38842684 0.91275615 0.12649431
vn 0.21247730 0.97275192 0.09277441
vn 0.33306798 0.92941104 0.15893659
vn 0.16245529 0.95847801 0.23436763
vn 0.33716564 0.91039760 0.23978229
vn 0.44588805 0.81300196 0.37444846
vn 0.36129123 0.83108552 0.42280669
vn 0.35527286 0.76038182 0.54369172
vn 0.48782393 0.71929453 0.49461419
vn 0.47918539 0.79460306 0.37281005
vn 0.49921744 0.75882437 0.41829120
vn 0.48189331 0.81433007 0.32348937
vn 0.48176837 0.78191359 0.39561393
vn 0.47663183 0.79627939 0.37250670
vn 0.48545495 0.72638689 0.48651370
vn 0.48382398 0.77661329 0.40346766
vn 0.69909562 0.48879358 0.52186794
vn 0.67689339 0.42978246 0.59758043
vn 0.60474697 0.57000219 0.55621814
vn 0.61767691 0.66220943 0.42420974
vn 0.49602724 0.74478764 0.44637244
vn 0.52422683 0.67954208 0.51323367
vn 0.62943259 0.51813442 0.57909527
vn 0.47894717 0.84137542 0.25039369
vn 0.36996692 0.87320517 0.31723367
vn 0.49390270 0.80902523 0.31865074
vn 0.36933944 0.82282295 0.43191522
vn 0.44031144 0.79048023 0.42575444
vn 0.42667867 0.81018684 0.40192362
vn 0.31713460 0.77335043 0.54895789
vn 0.42251946 0.75903418 0.49532255
vn 0.24100128 0.90134618 0.35985198
vn 0.48279298 0.79377673 0.36990464
vn 0.47780748 0.75896424 0.44234974
vn 0.46742262 0.71204292 0.52393795
vn 0.60558102 0.64645605 0.46407565
vn 0.49132119 0.77316705 0.40101896
vn 0.49338997 0.11732550 0.86185907
vn 0.26913419 0.21238294 0.93939357
vn 0.69027068 0.18895260 0.69844349
vn 0.49952033 0.20836037 0.84087180
vn 0.30651787 0.35506935 0.88316055
vn 0.54429931 0.29415471 0.78562795
vn 0.72253148 0.20439413 0.66043266
vn 0.75063358 0.19597288 0.63098641
vn 0.70091672 0.33801650 0.62806098
vn 0.75815890 0.23811131 0.60704044
vn 0.77791248 0.32408400 0.53835094
vn 0.71151065 0.24448275 0.65877217
vn 0.70687800 0.29255916 0.64399739
vn 0.42272988 0.43849488 0.79310888
vn 0.19945568 0.50462651 0.83998185
vn 0.56930881 0.40498614 0.71545349
vn 0.28898142 0.47941789 0.82864240
vn 0.64687797 0.41677808 0.63862737
vn 0.16868937 0.16444316 0.97185510
vn 0.13635385 0.34377361 0.92910028
vn 0.10506350 0.12175324 0.98698420
vn 0.04213169 0.29322530 0.95511457
vn 0.09734320 0.48887509 0.86690567
vn 0.06271231 0.49823095 0.86477343
vn -0.01435209 0.54187968 0.84033352
vn -0.03054666 0.50016470 0.86539134
vn 0.17542090 0.44379257 0.87879216
vn 0.01481978 0.43499606 0.90031039
vn 0.40207455 0.89660098 -0.18558755
vn 0.27018264 0.93435073 -0.23235760
vn 0.39816490 0.82591322 -0.39916420
vn 0.47795175 0.81280189 -0.33303934
vn 0.34283360 0.90279197 -0.25967629
vn 0.34256531 0.89770632 -0.27707828
vn 0.27737379 0.95804717 -0.07217613
vn 0.19119437 0.96079319 0.20080128
vn 0.42185686 0.89882051 0.11898944
vn 0.33336643 0.92430732 -0.18580313
vn 0.27160723 0.91685950 -0.29257164
vn 0.43472318 0.79096045 0.43057790
vn 0.40126365 0.90106540 0.16452545
vn 0.42427908 0.76123537 0.49041613
vn 0.38101648 0.82206240 -0.42313101
vn 0.43224437 0.65586698 -0.61887262
vn 0.43712759 0.74622956 -0.50205668
vn 0.49242969 0.66032085 -0.56700033
vn 0.50097193 0.79910845 -0.33234443
vn 0.46292251 0.73010508 -0.50264235
vn 0.29610145 0.89218559 -0.34107010
vn 0.45341306 0.79412234 -0.40470520
vn 0.36058168 0.93139618 -0.04981977
vn 0.36166345 0.86138090 0.35668263
vn 0.42156324 0.90312950 0.08149564
vn 0.43941582 0.88952315 -0.12514915
vn 0.20884334 0.94736968 -0.24264204
vn 0.30662804 0.83087376 0.46435766
vn 0.35410684 0.88767781 0.29434070
vn 0.32501495 0.75997937 0.56284691
vn 0.63876315 0.47261534 0.60713785
vn 0.43726749 0.46145842 0.77191532
vn 0.24435910 0.59933010 0.76229395
vn 0.46214709 0.44973252 0.76430408
vn 0.34524751 0.56864163 0.74662632
vn 0.48717051 0.55346358 0.67553161
vn 0.57245561 0.53806863 0.61868952
vn 0.74888869 0.42731431 0.50652562
vn 0.75156896 0.35812737 0.55397553
vn 0.73948711 0.50784071 0.44187851
vn 0.49712298 0.61518384 0.61189672
vn 0.41449942 0.64818061 0.63878958
vn 0.22566041 0.85822698 0.46100306
vn 0.41351871 0.61566941 0.67078569
vn 0.17226303 0.64697703 0.74279618
vn 0.12194301 0.49139978 0.86235501
vn 0.23112142 0.63633581 0.73597529
vn 0.13756404 0.70063538 0.70013299
vn 0.09833688 0.57420938 0.81278130
vn 0.20170823 0.73531377 0.64701426
vn 0.34898879 0.69129974 0.63270174
vn 0.24069343 0.86084636 -0.44834163
vn 0.38785952 0.64433203 -0.65909121
vn 0.29910299 0.89736787 -0.32445078
vn 0.34600805 0.91781986 -0.19464105
vn 0.38980498 0.85359163 -0.34559140
vn 0.13251221 0.98299367 -0.12713752
vn 0.39399741 0.89474339 -0.21023869
vn 0.49248915 0.84214309 -0.21965760
vn 0.31000690 0.92824534 -0.20556339
vn 0.38886459 0.92035284 -0.04165307
vn 0.33636468 0.93697042 -0.09457925
vn 0.30547674 0.94000554 -0.15189981
vn 0.38603665 0.91565465 0.11203685
vn 0.32133808 0.94696403 0.00098054
vn 0.40787736 0.91122451 -0.05749749
vn 0.44021041 0.88474997 0.15307608
vn 0.40602139 0.90684376 0.11305319
vn 0.40284176 0.88532265 0.23221182
vn 0.32525838 0.94281383 0.07286338
vn 0.52986718 0.82836998 0.18177994
vn 0.51693643 0.83387123 0.19348255
vn 0.50113059 0.86137196 -0.08310525
vn 0.53343435 0.84103494 0.09004454
vn 0.49010799 0.84773059 0.20284723
vn 0.46367548 0.86559348 0.18908460
vn 0.36546393 0.87717393 0.31145148
vn 0.35982953 0.86698081 0.34477092
vn 0.49971191 0.83415656 0.23338990
vn 0.46131633 0.79878804 0.38616694
vn 0.34093053 0.85500349 0.39081377
vn -0.36188047 0.25720291 0.89604084
vn -0.37946552 0.18589098 0.90633904
vn -0.29564979 0.34400844 0.89120671
vn -0.45997601 0.56177260 0.68762898
vn -0.31078444 0.39256998 0.86562223
vn -0.14508123 0.23453823 0.96121967
vn -0.18744581 0.40371965 0.89547446
vn -0.14972587 0.33152314 0.93149051
vn -0.11118030 0.46593624 0.87780542
vn -0.16680117 0.42845798 0.88803217
vn -0.33704475 0.09982908 0.93618107
vn -0.40792799 0.06452164 0.91073142
vn -0.33815663 0.16201738 0.92703854
vn -0.29017315 0.19446750 0.93700690
vn -0.28175449 0.28885924 0.91497254
vn -0.21630991 0.34904013 0.91180097
vn -0.25527342 0.27558538 0.92676220
vn -0.21877126 0.17629973 0.95971743
vn -0.22575562 0.32094367 0.91979865
vn -0.25793903 0.18264065 0.94874119
vn -0.18628564 0.30571434 0.93372180
vn -0.20348081 0.39391532 0.89634049
vn -0.17915298 0.45143562 0.87413391
vn -0.04751696 0.53060343 0.84628727
vn -0.16765827 0.48026180 0.86095256
vn -0.21906802 0.53358945 0.81687913
vn -0.31384217 0.55702801 0.76891019
vn -0.34796230 0.68389831 0.64125294
vn -0.34867874 0.55958900 0.75185324
vn -0.39809517 0.64193191 0.65531950
vn -0.19505696 0.49459715 0.84695126
vn -0.25525993 0.48915217 0.83400991
vn -0.26739357 0.42440350 0.86509095
vn -0.28758842 0.70768736 0.64534603
vn -0.24530565 0.58680860 0.77167402
vn -0.27254236 0.78464624 0.55682218
vn -0.30864070 0.72139598 0.61994255
vn -0.20681336 0.83558991 0.50893785
vn -0.34082529 0.79390964 0.50353313
vn -0.27133195 0.81337059 0.51459427
vn -0.22101508 0.79361427 0.56685865
vn -0.23862927 0.77255554 0.58839953
vn -0.22025141 0.85286454 0.47340404
vn -0.16773000 0.58030532 0.79693939
vn -0.10754901 0.41354754 0.90410820
vn -0.05664301 0.64497794 0.76209909
vn -0.06434040 0.50679525 0.85966208
vn 0.06690212 0.56165115 0.82466484
vn 0.00304663 0.55861212 0.82942343
vn 0.02672317 0.61942945 0.78459737
vn -0.06691489 0.43468758 0.89809192
vn -0.32323447 0.61526693 0.71900353
vn -0.10316417 0.73263008 0.67276319
vn -0.18670276 0.85025279 0.49215066
vn -0.01163284 0.83925750 0.54360971
vn -0.03910055 0.76728243 0.64011625
vn -0.05908707 0.84326380 0.53424235
vn 0.06667776 0.73048432 0.67966663
vn -0.10685921 0.70103817 0.70507205
vn -0.16927765 0.72516825 0.66743995
vn -0.01724387 0.67946318 0.73350694
vn -0.23133845 0.18903852 0.95433063
vn -0.13419697 0.19712261 0.97115079
vn -0.10134079 0.36591802 0.92511299
vn -0.16564376 0.27491245 0.94709307
vn -0.29737384 0.28854148 0.91011681
vn -0.02982790 0.12186971 0.99209781
vn 0.03101564 0.39754036 0.91706035
vn -0.06319383 0.24714277 0.96691623
vn -0.09491155 0.46240174 0.88157611
vn 0.03639349 0.59944622 0.79958723
vn -0.06985068 0.50204962 0.86201338
vn 0.03188830 0.48673323 0.87296844
vn 0.13914646 0.62864887 0.76513977
vn 0.01314822 0.58520781 0.81077675
vn 0.07903450 0.08773286 0.99300377
vn 0.14256510 0.37202054 0.91721094
vn 0.05642341 0.26018459 0.96390891
vn 0.15876577 0.09808668 0.98243190
vn 0.27508998 0.25261793 0.92763661
vn 0.14319301 0.23249866 0.96199799
vn 0.24989404 0.41901655 0.87291357
vn 0.12574563 0.51371333 0.84869703
vn 0.23697306 0.65225294 0.72000685
vn 0.13518495 0.60179985 0.78712259
vn 0.24080207 0.54192065 0.80519338
vn 0.36607216 0.63940239 0.67613294
vn 0.24847066 0.63194160 0.73410636
vn 0.34124670 0.64968771 0.67930595
vn 0.11631548 0.59299844 0.79675815
vn 0.06116307 0.54787534 0.83432110
vn 0.11389134 0.62834427 0.76955327
vn 0.22091965 0.58378553 0.78127394
vn 0.09698883 0.58382852 0.80606292
vn 0.12893076 0.62857732 0.76698592
vn 0.06697102 0.82239607 0.56495981
vn 0.07832990 0.76674106 0.63715977
vn 0.11880144 0.70379206 0.70040199
vn 0.12960870 0.79928267 0.58681240
vn 0.18311569 0.74312366 0.64361158
vn 0.13225237 0.70034949 0.70144130
vn 0.14708580 0.75328933 0.64103116
vn 0.09604938 0.67103057 0.73518194
vn 0.17097338 0.67138266 0.72111957
vn 0.12958429 0.69106554 0.71108110
vn 0.27230277 0.57964621 0.76802439
vn 0.22160303 0.61526073 0.75653574
vn 0.28335893 0.63130220 0.72191775
vn 0.22540303 0.60553797 0.76322817
vn 0.37928294 0.58347545 0.71812314
vn 0.29385086 0.61942756 0.72798432
vn 0.32359436 0.57148800 0.75411416
vn 0.35600004 0.57402970 0.73739669
vn 0.29759572 0.57903321 0.75905029
vn 0.33117530 0.63194924 0.70068758
vn 0.26927876 0.72209724 0.63723192
vn 0.19932179 0.70881212 0.67665073
vn 0.18890207 0.78018900 0.59633978
vn 0.34059205 0.69809157 0.62981363
vn 0.30723641 0.67343393 0.67237826
vn 0.29585790 0.80357879 0.51645835
vn 0.83757153 0.24676234 0.48742413
vn 0.80717493 0.19702403 0.55646219
vn 0.75221736 0.36819820 0.54644225
vn 0.75247576 0.39192183 0.52931797
vn 0.57774335 0.53349087 0.61773790
vn 0.52423229 0.59651662 0.60774042
vn 0.42966351 0.62280769 0.65383473
vn 0.47490946 0.52745216 0.70445385
vn 0.66769501 0.49596669 0.55515801
vn 0.64306001 0.42493189 0.63710809
vn 0.54991575 0.44787309 0.70498395
vn 0.75162881 0.10046705 0.65188994
vn 0.77635029 0.19170129 0.60044220
vn 0.74327096 0.17976709 0.64438503
vn 0.75444174 0.20584802 0.62325296
vn 0.75434574 0.25122456 0.60650534
vn 0.69829963 0.29533658 0.65203829
vn 0.81751885 0.14031022 0.55854809
vn 0.85430760 0.11324172 0.50728182
vn 0.77789558 0.24821685 0.57729270
vn 0.72813416 0.24397914 0.64054260
vn 0.76089021 0.24541865 0.60067943
vn 0.66815706 0.27533175 0.69120082
vn 0.72851382 0.27147803 0.62894141
vn 0.70732713 0.33214023 0.62399615
vn 0.67538201 0.33013881 0.65944485
vn 0.64941035 0.33452730 0.68290386
vn 0.73192270 0.31491942 0.60424740
vn 0.64669534 0.36523278 0.66961941
vn 0.56575028 0.38382734 0.72979668
vn 0.31774857 0.07500097 0.94520405
vn 0.50903647 0.20111742 0.83691914
vn 0.45719240 0.39908255 0.79480075
vn 0.71408537 0.12076594 0.68956339
vn 0.66469899 0.31494734 0.67748315
vn 0.39863170 0.54898677 0.73464705
vn 0.60828063 0.49458898 0.62078693
vn 0.38621189 0.61315769 0.68911395
vn 0.40968387 0.55022876 0.72760390
vn 0.52260950 0.54873298 0.65251163
vn 0.47364124 0.48561349 0.73474044
vn 0.42360394 0.59978762 0.67883320
vn 0.44636382 0.64540837 0.61984464
vn 0.41942273 0.65133148 0.63233841
vn 0.39386348 0.54209954 0.74229350
vn 0.49187505 0.45605479 0.74166904
vn 0.40245904 0.68914718 0.60258019
vn 0.36707396 0.66371480 0.65172031
vn 0.44919914 0.69787910 0.55783948
vn 0.64036991 0.35746933 0.67981032
vn 0.63639180 0.44687298 0.62873685
vn 0.57014966 0.56977500 0.59184949
vn 0.68096366 0.35434939 0.64087830
vn 0.80589131 0.09626800 0.58418462
vn 0.79099385 0.19401620 0.58024688
vn 0.79609473 0.19469725 0.57299752
vn 0.45513698 0.09137041 -0.88572105
vn 0.41111509 0.14832757 -0.89943500
vn 0.42045214 0.21108964 -0.88241779
vn 0.45644698 0.21161160 -0.86422027
vn 0.41349205 0.07482297 -0.90742815
vn 0.45144458 0.02599659 -0.89192038
vn 0.40381891 0.33283843 -0.85214369
vn 0.48020859 0.26439876 -0.83635698
vn 0.46001821 0.40280470 -0.79128479
vn 0.49969339 0.33222655 -0.79995753
vn 0.41529598 0.21989683 -0.88270869
vn 0.77645171 -0.09283847 -0.62330070
vn 0.66472561 -0.07652892 0.74315758
vn 0.90268017 -0.42414803 -0.07257375
vn 0.70970942 -0.69569700 0.11098751
vn 0.42250652 0.33744881 -0.84119946
vn 0.47659512 0.54176876 -0.69234652
vn 0.41976098 0.09888040 -0.90223245
vn 0.44017090 0.23111903 -0.86765982
vn 0.62250973 0.25085917 -0.74131729
vn 0.52013887 0.19693108 -0.83106781
vn 0.78004877 0.50381857 -0.37106707
vn 0.66441471 0.23475214 -0.70953825
vn 0.25835911 0.05592750 0.96442868
vn 0.89454722 -0.21659719 0.39098711
vn 0.38823150 0.12231954 0.91340803
vn 0.77807188 0.31748419 0.54204052
vn 0.58276262 0.17161296 0.79431525
vn 0.87045609 0.41284867 0.26807120
vn 0.57237426 0.45246916 -0.68385625
vn 0.78170674 0.56133249 -0.27173592
vn 0.64381584 0.58952504 -0.48781286
vn 0.50831748 0.48955785 -0.70848180
vn 0.61669836 0.64065904 -0.45742664
vn 0.91443920 0.40448383 -0.01392059
vn 0.78849406 0.54540699 -0.28426805
vn 0.68500850 0.67091452 -0.28396665
vn 0.74956740 0.50623690 -0.42646560
vn 0.58974960 0.37281177 -0.71638453
vn 0.87224422 0.48790662 -0.03372176
vn 0.79005552 -0.29564995 -0.53703201
vn 0.87273660 -0.09828148 -0.47819616
vn 0.99412500 0.10823786 0.00022206
vn 0.91365639 0.36923681 -0.16998877
vn 0.82295961 0.53195456 -0.19940369
vn 0.85273762 0.20660432 0.47974286
vn -0.06756118 0.10433673 0.99224459
vn -0.05996548 0.27945757 0.95828368
vn -0.21962430 0.15934249 0.96248384
vn -0.13860035 0.34287047 0.92910160
vn 0.03709516 0.56645893 0.82325466
vn 0.01075395 0.51324733 0.85817337
vn 0.05031291 0.69792006 0.71440618
vn -0.07241139 0.59845052 0.79788067
vn 0.00681224 0.41927671 0.90783293
vn -0.07970492 0.47332750 0.87727317
vn 0.78252666 -0.13764723 -0.60721105
vn 0.74391257 -0.20437823 -0.63625752
vn 0.81796444 0.24069653 -0.52249341
vn 0.85199111 -0.08113809 -0.51723086
vn 0.85377252 -0.23542919 -0.46437654
vn 0.96043439 -0.04410152 -0.27499245
vn 0.81057283 -0.10336611 -0.57644352
vn 0.92603046 0.37690836 -0.02019122
vn -0.41221964 0.34671546 0.84253389
vn -0.11312351 0.05272792 0.99218085
vn -0.31641454 0.06249343 0.94656030
vn 0.04947699 0.45729077 0.88793985
vn 0.30783847 0.15355352 0.93896581
vn 0.66924752 0.29735540 0.68094605
vn 0.27118211 0.37026343 0.88846230
vn 0.56049988 0.51801069 0.64614613
vn -0.00823246 0.17150946 0.98514808
vn 0.97999167 0.15032156 -0.13045975
vn 0.88593424 -0.08726225 -0.45552807
vn 0.90513701 0.34967852 0.24176834
vn 0.85974446 0.50055978 -0.10138717
vn 0.81671068 0.24360427 -0.52310671
vn 0.66233311 0.71647632 0.21903547
vn 0.78889624 0.56728701 0.23627984
vn 0.34346721 0.75132597 0.56350649
vn 0.48629752 0.62376435 0.61190910
vn 0.09023841 0.49035493 0.86683855
vn 0.03701285 0.67386670 0.73792528
vn -0.07262364 0.65196838 0.75476025
vn 0.57604338 0.46847553 0.66985424
vn 0.42101559 0.61672554 -0.66512817
vn 0.46965636 0.70049937 -0.53733000
vn 0.51758276 0.75359118 -0.40522638
vn 0.36657729 0.83966827 -0.40072222
vn 0.43967063 0.69291881 -0.57144838
vn 0.52611522 0.66972029 -0.52409685
vn 0.44537556 0.57063190 -0.68994192
vn 0.61709901 0.68626049 -0.38501344
vn 0.40236674 0.91270515 -0.07120617
vn 0.34056524 0.88204434 0.32559652
vn 0.64251198 0.76435519 -0.05421725
vn 0.53016236 0.82077052 -0.21275250
vn 0.48348839 0.82150206 -0.30228024
vn 0.52195684 0.81738809 0.24379863
vn 0.42206802 0.88575068 0.19314326
vn 0.30510828 0.84466022 0.43983867
vn 0.74652146 0.61899545 -0.24402940
vn 0.68976217 0.66267532 -0.29170115
vn 0.78239417 0.62221022 -0.02671714
vn 0.15468449 0.77651743 0.61081371
vn 0.05236559 0.67540176 0.73558841
vn 0.25024764 0.80039879 0.54473654
vn 0.30788037 0.82476606 0.47431069
vn 0.14253478 0.69305396 0.70665412
vn 0.64611015 0.73564336 0.20339745
vn 0.35245436 0.76251307 0.54254008
vn 0.96596709 0.15069195 0.21023679
vn 0.92310672 0.17071667 -0.34457190
vn 0.90680239 0.41289162 0.08502903
vn 0.76173047 0.48693009 -0.42739417
vn 0.94898839 0.10741922 0.29644924
vn 0.97281690 0.13421093 -0.18871858
vn 0.87109833 0.39999448 0.28494231
vn 0.88505403 0.40307485 -0.23283048
f 1//1 3//3 2//2
f 1//1 4//4 3//3
f 1//1 5//5 4//4
f 1//1 6//6 5//5
f 1//1 7//7 6//6
f 1//1 2//2 7//7
f 8//8 10//10 9//9
f 8//8 11//11 10//10
f 8//8 12//12 11//11
f 8//8 13//13 12//12
f 8//8 14//14 13//13
f 8//8 9//9 14//14
f 15//15 13//13 16//16
f 15//15 2//2 13//13
f 15//15 7//7 2//2
f 15//15 17//17 7//7
f 15//15 18//18 17//17
f 15//15 16//16 18//18
f 2//2 12//12 13//13
f 2//2 3//3 12//12
f 16//16 14//14 19//19
f 16//16 13//13 14//14
f 16//16 20//20 18//18
f 16//16 19//19 20//20
f 21//21 23//23 22//22
f 21//21 19//19 23//23
f 21//21 20//20 19//19
f 21//21 24//24 20//20
f 21//21 25//25 24//24
f 21//21 22//22 25//25
f 22//22 27//27 26//26
f 22//22 23//23 27//27
f 22//22 28//28 25//25
f 22//22 26//26 28//28
f 9//9 30//30 29//29
f 9//9 10//10 30//30
f 9//9 31//31 14//14
f 9//9 29//29 31//31
f 32//32 34//34 33//33
f 32//32 29//29 34//34
f 32//32 31//31 29//29
f 32//32 23//23 31//31
f 32//32 27//27 23//23
f 32//32 33//33 27//27
f 29//29 35//35 34//34
f 29//29 30//30 35//35
f 19//19 31//31 23//23
f 19//19 14//14 31//31
f 26//26 37//37 36//36
f 26//26 27//27 37//37
f 26//26 38//38 28//28
f 26//26 36//36 38//38
f 36//36 40//40 39//39
f 36//36 37//37 40//40
f 36//36 41//41 38//38
f 36//36 39//39 41//41
f 33//33 43//43 42//42
f 33//33 34//34 43//43
f 33//33 37//37 27//27
f 33//33 42//42 37//37
f 34//34 44//44 43//43
f 34//34 35//35 44//44
f 42//42 46//46 45//45
f 42//42 43//43 46//46
f 42//42 40//40 37//37
f 42//42 45//45 40//40
f 43//43 47//47 46//46
f 43//43 44//44 47//47
f 48//48 50//50 49//49
f 48//48 51//51 50//50
f 48//48 52//52 51//51
f 48//48 53//53 52//52
f 48//48 54//54 53//53
f 48//48 49//49 54//54
f 55//55 57//57 56//56
f 55//55 58//58 57//57
f 55//55 59//59 58//58
f 55//55 60//60 59//59
f 55//55 61//61 60//60
f 55//55 56//56 61//61
f 51//51 62//62 50//50
f 51//51 56//56 62//62
f 51//51 61//61 56//56
f 51//51 52//52 61//61
f 56//56 63//63 62//62
f 56//56 57//57 63//63
f 64//64 66//66 65//65
f 64//64 67//67 66//66
f 64//64 68//68 67//67
f 64//64 69//69 68//68
f 64//64 70//70 69//69
f 64//64 65//65 70//70
f 71//71 68//68 69//69
f 71//71 72//72 68//68
f 71//71 73//73 72//72
f 71//71 74//74 73//73
f 71//71 75//75 74//74
f 71//71 69//69 75//75
f 4//4 70//70 3//3
f 4//4 69//69 70//70
f 4//4 75//75 69//69
f 4//4 5//5 75//75
f 67//67 60//60 66//66
f 67//67 76//76 60//60
f 67//67 77//77 76//76
f 67//67 68//68 77//77
f 76//76 59//59 60//60
f 76//76 78//78 59//59
f 76//76 79//79 78//78
f 76//76 77//77 79//79
f 72//72 77//77 68//68
f 72//72 80//80 77//77
f 72//72 81//81 80//80
f 72//72 73//73 81//81
f 80//80 79//79 77//77
f 80//80 82//82 79//79
f 80//80 83//83 82//82
f 80//80 81//81 83//83
f 84//84 53//53 11//11
f 84//84 65//65 53//53
f 84//84 70//70 65//65
f 84//84 3//3 70//70
f 84//84 12//12 3//3
f 84//84 11//11 12//12
f 65//65 52//52 53//53
f 65//65 66//66 52//52
f 11//11 54//54 10//10
f 11//11 53//53 54//54
f 66//66 61//61 52//52
f 66//66 60//60 61//61
f 85//85 87//87 86//86
f 85//85 88//88 87//87
f 85//85 89//89 88//88
f 85//85 90//90 89//89
f 85//85 91//91 90//90
f 85//85 86//86 91//91
f 58//58 90//90 57//57
f 58//58 92//92 90//90
f 58//58 93//93 92//92
f 58//58 59//59 93//93
f 92//92 89//89 90//90
f 92//92 94//94 89//89
f 92//92 95//95 94//94
f 92//92 93//93 95//95
f 57//57 91//91 63//63
f 57//57 90//90 91//91
f 88//88 96//96 87//87
f 88//88 97//97 96//96
f 88//88 98//98 97//97
f 88//88 89//89 98//98
f 97//97 99//99 96//96
f 97//97 100//100 99//99
f 97//97 101//101 100//100
f 97//97 98//98 101//101
f 94//94 98//98 89//89
f 94//94 102//102 98//98
f 94//94 103//103 102//102
f 94//94 95//95 103//103
f 102//102 101//101 98//98
f 102//102 104//104 101//101
f 102//102 105//105 104//104
f 102//102 103//103 105//105
f 78//78 93//93 59//59
f 78//78 106//106 93//93
f 78//78 107//107 106//106
f 78//78 79//79 107//107
f 106//106 95//95 93//93
f 106//106 108//108 95//95
f 106//106 109//109 108//108
f 106//106 107//107 109//109
f 82//82 107//107 79//79
f 82//82 110//110 107//107
f 82//82 111//111 110//110
f 82//82 83//83 111//111
f 110//110 109//109 107//107
f 110//110 112//112 109//109
f 110//110 113//113 112//112
f 110//110 111//111 113//113
f 108//108 103//103 95//95
f 108//108 114//114 103//103
f 108//108 115//115 114//114
f 108//108 109//109 115//115
f 114//114 105//105 103//103
f 114//114 116//116 105//105
f 114//114 117//117 116//116
f 114//114 115//115 117//117
f 112//112 115//115 109//109
f 112//112 118//118 115//115
f 112//112 119//119 118//118
f 112//112 113//113 119//119
f 118//118 117//117 115//115
f 118//118 120//120 117//117
f 118//118 121//121 120//120
f 118//118 119//119 121//121
f 49//49 123//123 122//122
f 49//49 50//50 123//123
f 49//49 124//124 54//54
f 49//49 122//122 124//124
f 125//125 127//127 126//126
f 125//125 122//122 127//127
f 125//125 124//124 122//122
f 125//125 30//30 124//124
f 125//125 35//35 30//30
f 125//125 126//126 35//35
f 122//122 128//128 127//127
f 122//122 123//123 128//128
f 129//129 131//131 130//130
f 129//129 132//132 131//131
f 129//129 133//133 132//132
f 129//129 134//134 133//133
f 129//129 135//135 134//134
f 129//129 130//130 135//135
f 50//50 134//134 123//123
f 50//50 62//62 134//134
f 62//62 133//133 134//134
f 62//62 63//63 133//133
f 123//123 135//135 128//128
f 123//123 134//134 135//135
f 126//126 137//137 136//136
f 126//126 127//127 137//137
f 126//126 44//44 35//35
f 126//126 136//136 44//44
f 127//127 138//138 137//137
f 127//127 128//128 138//138
f 136//136 140//140 139//139
f 136//136 137//137 140//140
f 136//136 47//47 44//44
f 136//136 139//139 47//47
f 137//137 141//141 140//140
f 137//137 138//138 141//141
f 130//130 143//143 142//142
f 130//130 131//131 143//143
f 130//130 144//144 135//135
f 130//130 142//142 144//144
f 142//142 146//146 145//145
f 142//142 143//143 146//146
f 142//142 147//147 144//144
f 142//142 145//145 147//147
f 128//128 144//144 138//138
f 128//128 135//135 144//144
f 138//138 147//147 141//141
f 138//138 144//144 147//147
f 10//10 124//124 30//30
f 10//10 54//54 124//124
f 148//148 149//149 132//132
f 148//148 86//86 149//149
f 148//148 91//91 86//86
f 148//148 63//63 91//91
f 148//148 133//133 63//63
f 148//148 132//132 133//133
f 86//86 150//150 149//149
f 86//86 87//87 150//150
f 132//132 151//151 131//131
f 132//132 149//149 151//151
f 149//149 152//152 151//151
f 149//149 150//150 152//152
f 87//87 153//153 150//150
f 87//87 96//96 153//153
f 96//96 154//154 153//153
f 96//96 99//99 154//154
f 150//150 155//155 152//152
f 150//150 153//153 155//155
f 153//153 156//156 155//155
f 153//153 154//154 156//156
f 131//131 157//157 143//143
f 131//131 151//151 157//157
f 151//151 158//158 157//157
f 151//151 152//152 158//158
f 143//143 159//159 146//146
f 143//143 157//157 159//159
f 157//157 160//160 159//159
f 157//157 158//158 160//160
f 152//152 161//161 158//158
f 152//152 155//155 161//161
f 155//155 162//162 161//161
f 155//155 156//156 162//162
f 158//158 163//163 160//160
f 158//158 161//161 163//163
f 161//161 164//164 163//163
f 161//161 162//162 164//164
f 165//165 167//167 166//166
f 165//165 168//168 167//167
f 165//165 169//169 168//168
f 165//165 156//156 169//169
f 165//165 162//162 156//156
f 165//165 166//166 162//162
f 168//168 170//170 167//167
f 168//168 171//171 170//170
f 168//168 172//172 171//171
f 168//168 169//169 172//172
f 166//166 174//174 173//173
f 166//166 167//167 174//174
f 166//166 164//164 162//162
f 166//166 173//173 164//164
f 167//167 175//175 174//174
f 167//167 170//170 175//175
f 171//171 176//176 170//170
f 171//171 177//177 176//176
f 171//171 178//178 177//177
f 171//171 172//172 178//178
f 177//177 179//179 176//176
f 177//177 180//180 179//179
f 177//177 181//181 180//180
f 177//177 178//178 181//181
f 170//170 182//182 175//175
f 170//170 176//176 182//182
f 176//176 183//183 182//182
f 176//176 179//179 183//183
f 180//180 184//184 179//179
f 180//180 185//185 184//184
f 180//180 186//186 185//185
f 180//180 181//181 186//186
f 185//185 187//187 184//184
f 185//185 188//188 187//187
f 185//185 189//189 188//188
f 185//185 186//186 189//189
f 179//179 190//190 183//183
f 179//179 184//184 190//190
f 184//184 191//191 190//190
f 184//184 187//187 191//191
f 192//192 194//194 193//193
f 192//192 195//195 194//194
f 188//188 193//193 187//187
f 188//188 192//192 193//193
f 188//188 195//195 192//192
f 188//188 189//189 195//195
f 187//187 196//196 191//191
f 187//187 193//193 196//196
f 197//197 199//199 198//198
f 197//197 200//200 199//199
f 193//193 198//198 196//196
f 193//193 197//197 198//198
f 193//193 200//200 197//197
f 193//193 194//194 200//200
f 100//100 201//201 99//99
f 100//100 202//202 201//201
f 100//100 203//203 202//202
f 100//100 101//101 203//203
f 202//202 204//204 201//201
f 202//202 205//205 204//204
f 202//202 206//206 205//205
f 202//202 203//203 206//206
f 104//104 203//203 101//101
f 104//104 207//207 203//203
f 104//104 208//208 207//207
f 104//104 105//105 208//208
f 207//207 206//206 203//203
f 207//207 209//209 206//206
f 207//207 210//210 209//209
f 207//207 208//208 210//210
f 205//205 211//211 204//204
f 205//205 212//212 211//211
f 205//205 213//213 212//212
f 205//205 206//206 213//213
f 214//214 216//216 215//215
f 214//214 217//217 216//216
f 212//212 215//215 211//211
f 212//212 214//214 215//215
f 212//212 217//217 214//214
f 212//212 213//213 217//217
f 218//218 219//219 213//213
f 218//218 220//220 219//219
f 209//209 213//213 206//206
f 209//209 218//218 213//213
f 209//209 220//220 218//218
f 209//209 210//210 220//220
f 213//213 221//221 217//217
f 213//213 219//219 221//221
f 116//116 208//208 105//105
f 116//116 222//222 208//208
f 116//116 223//223 222//222
f 116//116 117//117 223//223
f 224//224 225//225 210//210
f 224//224 226//226 225//225
f 222//222 210//210 208//208
f 222//222 224//224 210//210
f 222//222 226//226 224//224
f 222//222 223//223 226//226
f 227//227 228//228 223//223
f 227//227 229//229 228//228
f 120//120 223//223 117//117
f 120//120 227//227 223//223
f 120//120 229//229 227//227
f 120//120 121//121 229//229
f 223//223 230//230 226//226
f 223//223 228//228 230//230
f 231//231 233//233 232//232
f 231//231 234//234 233//233
f 226//226 232//232 225//225
f 226//226 231//231 232//232
f 226//226 234//234 231//231
f 226//226 230//230 234//234
f 210//210 232//232 220//220
f 210//210 225//225 232//232
f 220//220 221//221 219//219
f 220//220 235//235 221//221
f 220//220 236//236 235//235
f 220//220 232//232 236//236
f 232//232 237//237 236//236
f 232//232 233//233 237//237
f 217//217 238//238 216//216
f 217//217 239//239 238//238
f 217//217 240//240 239//239
f 217//217 221//221 240//240
f 241//241 243//243 242//242
f 241//241 244//244 243//243
f 239//239 242//242 238//238
f 239//239 241//241 242//242
f 239//239 244//244 241//241
f 239//239 240//240 244//244
f 245//245 246//246 240//240
f 245//245 247//247 246//246
f 235//235 240//240 221//221
f 235//235 245//245 240//240
f 235//235 247//247 245//245
f 235//235 236//236 247//247
f 240//240 248//248 244//244
f 240//240 246//246 248//248
f 236//236 249//249 247//247
f 236//236 237//237 249//249
f 250//250 251//251 248//248
f 250//250 252//252 251//251
f 247//247 248//248 246//246
f 247//247 250//250 248//248
f 247//247 252//252 250//250
f 247//247 249//249 252//252
f 244//244 253//253 243//243
f 244//244 254//254 253//253
f 244//244 255//255 254//254
f 244//244 248//248 255//255
f 256//256 258//258 257//257
f 256//256 259//259 258//258
f 254//254 257//257 253//253
f 254//254 256//256 257//257
f 254//254 259//259 256//256
f 254//254 255//255 259//259
f 248//248 260//260 255//255
f 248//248 251//251 260//260
f 259//259 261//261 258//258
f 259//259 262//262 261//261
f 255//255 262//262 259//259
f 255//255 260//260 262//262
f 99//99 263//263 154//154
f 99//99 201//201 263//263
f 201//201 264//264 263//263
f 201//201 204//204 264//264
f 154//154 169//169 156//156
f 154//154 263//263 169//169
f 263//263 172//172 169//169
f 263//263 264//264 172//172
f 204//204 265//265 264//264
f 204//204 211//211 265//265
f 211//211 266//266 265//265
f 211//211 215//215 266//266
f 264//264 178//178 172//172
f 264//264 265//265 178//178
f 265//265 181//181 178//178
f 265//265 266//266 181//181
f 215//215 267//267 266//266
f 215//215 268//268 267//267
f 215//215 238//238 268//268
f 215//215 216//216 238//238
f 268//268 269//269 267//267
f 268//268 270//270 269//269
f 268//268 242//242 270//270
f 268//268 238//238 242//242
f 266//266 186//186 181//181
f 266//266 267//267 186//186
f 267//267 189//189 186//186
f 267//267 269//269 189//189
f 270//270 271//271 269//269
f 270//270 272//272 271//271
f 270//270 273//273 272//272
f 270//270 242//242 273//273
f 274//274 276//276 275//275
f 274//274 277//277 276//276
f 272//272 275//275 271//271
f 272//272 274//274 275//275
f 272//272 277//277 274//274
f 272//272 273//273 277//277
f 269//269 195//195 189//189
f 269//269 271//271 195//195
f 271//271 278//278 195//195
f 271//271 275//275 278//278
f 242//242 253//253 273//273
f 242//242 243//243 253//253
f 273//273 257//257 277//277
f 273//273 253//253 257//257
f 195//195 200//200 194//194
f 195//195 278//278 200//200
f 279//279 281//281 280//280
f 279//279 282//282 281//281
f 279//279 283//283 282//282
f 279//279 284//284 283//283
f 279//279 285//285 284//284
f 279//279 280//280 285//285
f 286//286 288//288 287//287
f 286//286 289//289 288//288
f 286//286 290//290 289//289
f 286//286 291//291 290//290
f 286//286 292//292 291//291
f 286//286 287//287 292//292
f 293//293 295//295 294//294
f 293//293 296//296 295//295
f 293//293 297//297 296//296
f 293//293 298//298 297//297
f 293//293 299//299 298//298
f 293//293 294//294 299//299
f 300//300 283//283 284//284
f 300//300 301//301 283//283
f 300//300 288//288 301//301
f 300//300 287//287 288//288
f 300//300 302//302 287//287
f 300//300 284//284 302//302
f 303//303 285//285 304//304
f 303//303 284//284 285//285
f 303//303 302//302 284//284
f 303//303 296//296 302//302
f 303//303 295//295 296//296
f 303//303 304//304 295//295
f 305//305 302//302 296//296
f 305//305 287//287 302//302
f 305//305 292//292 287//287
f 305//305 306//306 292//292
f 305//305 297//297 306//306
f 305//305 296//296 297//297
f 307//307 309//309 308//308
f 307//307 310//310 309//309
f 307//307 311//311 310//310
f 307//307 312//312 311//311
f 307//307 313//313 312//312
f 307//307 308//308 313//313
f 312//312 314//314 311//311
f 312//312 315//315 314//314
f 312//312 316//316 315//315
f 312//312 313//313 316//316
f 317//317 319//319 318//318
f 317//317 320//320 319//319
f 317//317 321//321 320//320
f 317//317 322//322 321//321
f 317//317 323//323 322//322
f 317//317 318//318 323//323
f 324//324 326//326 325//325
f 324//324 327//327 326//326
f 324//324 328//328 327//327
f 324//324 329//329 328//328
f 324//324 330//330 329//329
f 324//324 325//325 330//330
f 331//331 290//290 291//291
f 331//331 332//332 290//290
f 331//331 333//333 332//332
f 331//331 334//334 333//333
f 331//331 335//335 334//334
f 331//331 291//291 335//335
f 336//336 292//292 306//306
f 336//336 291//291 292//292
f 336//336 335//335 291//291
f 336//336 327//327 335//335
f 336//336 326//326 327//327
f 336//336 306//306 326//326
f 337//337 335//335 327//327
f 337//337 334//334 335//335
f 337//337 308//308 334//334
f 337//337 338//338 308//308
f 337//337 328//328 338//338
f 337//337 327//327 328//328
f 334//334 309//309 333//333
f 334//334 308//308 309//309
f 339//339 297//297 298//298
f 339//339 306//306 297//297
f 339//339 326//326 306//306
f 339//339 325//325 326//326
f 339//339 340//340 325//325
f 339//339 298//298 340//340
f 298//298 341//341 340//340
f 298//298 299//299 341//341
f 325//325 342//342 330//330
f 325//325 340//340 342//342
f 343//343 341//341 344//344
f 343//343 340//340 341//341
f 343//343 342//342 340//340
f 343//343 345//345 342//342
f 343//343 346//346 345//345
f 343//343 344//344 346//346
f 329//329 347//347 328//328
f 329//329 348//348 347//347
f 329//329 349//349 348//348
f 329//329 330//330 349//349
f 350//350 347//347 348//348
f 350//350 351//351 347//347
f 350//350 352//352 351//351
f 350//350 353//353 352//352
f 350//350 354//354 353//353
f 350//350 348//348 354//354
f 355//355 349//349 356//356
f 355//355 348//348 349//349
f 355//355 354//354 348//348
f 355//355 357//357 354//354
f 355//355 358//358 357//357
f 355//355 356//356 358//358
f 338//338 313//313 308//308
f 338//338 351//351 313//313
f 338//338 347//347 351//351
f 338//338 328//328 347//347
f 351//351 316//316 313//313
f 351//351 352//352 316//316
f 359//359 342//342 345//345
f 359//359 330//330 342//342
f 359//359 349//349 330//330
f 359//359 356//356 349//349
f 359//359 320//320 356//356
f 359//359 345//345 320//320
f 345//345 319//319 320//320
f 345//345 346//346 319//319
f 356//356 321//321 358//358
f 356//356 320//320 321//321
f 360//360 362//362 361//361
f 360//360 363//363 362//362
f 360//360 364//364 363//363
f 360//360 365//365 364//364
f 360//360 366//366 365//365
f 360//360 361//361 366//366
f 367//367 369//369 368//368
f 367//367 370//370 369//369
f 367//367 371//371 370//370
f 367//367 372//372 371//371
f 367//367 373//373 372//372
f 367//367 368//368 373//373
f 374//374 5//5 6//6
f 374//374 375//375 5//5
f 374//374 281//281 375//375
f 374//374 280//280 281//281
f 374//374 376//376 280//280
f 374//374 6//6 376//376
f 377//377 7//7 17//17
f 377//377 6//6 7//7
f 377//377 376//376 6//6
f 377//377 370//370 376//376
f 377//377 369//369 370//370
f 377//377 17//17 369//369
f 378//378 376//376 370//370
f 378//378 280//280 376//376
f 378//378 285//285 280//280
f 378//378 304//304 285//285
f 378//378 371//371 304//304
f 378//378 370//370 371//371
f 379//379 18//18 380//380
f 379//379 17//17 18//18
f 379//379 369//369 17//17
f 379//379 368//368 369//369
f 379//379 381//381 368//368
f 379//379 380//380 381//381
f 380//380 20//20 24//24
f 380//380 18//18 20//20
f 380//380 382//382 381//381
f 380//380 24//24 382//382
f 368//368 383//383 373//373
f 368//368 381//381 383//383
f 384//384 382//382 385//385
f 384//384 381//381 382//382
f 384//384 383//383 381//381
f 384//384 386//386 383//383
f 384//384 387//387 386//386
f 384//384 385//385 387//387
f 388//388 371//371 372//372
f 388//388 304//304 371//371
f 388//388 295//295 304//304
f 388//388 294//294 295//295
f 388//388 389//389 294//294
f 388//388 372//372 389//389
f 390//390 373//373 391//391
f 390//390 372//372 373//373
f 390//390 389//389 372//372
f 390//390 392//392 389//389
f 390//390 393//393 392//392
f 390//390 391//391 393//393
f 394//394 389//389 392//392
f 394//394 294//294 389//389
f 394//394 299//299 294//294
f 394//394 395//395 299//299
f 394//394 396//396 395//395
f 394//394 392//392 396//396
f 392//392 397//397 396//396
f 392//392 393//393 397//397
f 391//391 383//383 386//386
f 391//391 373//373 383//383
f 391//391 363//363 393//393
f 391//391 386//386 363//363
f 386//386 362//362 363//363
f 386//386 387//387 362//362
f 393//393 364//364 397//397
f 393//393 363//363 364//364
f 398//398 400//400 399//399
f 398//398 387//387 400//400
f 398//398 362//362 387//387
f 398//398 361//361 362//362
f 398//398 401//401 361//361
f 398//398 399//399 401//401
f 399//399 403//403 402//402
f 399//399 400//400 403//403
f 399//399 404//404 401//401
f 399//399 402//402 404//404
f 361//361 405//405 366//366
f 361//361 401//401 405//405
f 401//401 406//406 405//405
f 401//401 404//404 406//406
f 402//402 408//408 407//407
f 402//402 403//403 408//408
f 402//402 409//409 404//404
f 402//402 407//407 409//409
f 407//407 411//411 410//410
f 407//407 408//408 411//411
f 407//407 412//412 409//409
f 407//407 410//410 412//412
f 404//404 413//413 406//406
f 404//404 409//409 413//413
f 409//409 414//414 413//413
f 409//409 412//412 414//414
f 24//24 415//415 382//382
f 24//24 25//25 415//415
f 416//416 28//28 417//417
f 416//416 25//25 28//28
f 416//416 415//415 25//25
f 416//416 418//418 415//415
f 416//416 419//419 418//418
f 416//416 417//417 419//419
f 385//385 415//415 418//418
f 385//385 382//382 415//415
f 385//385 400//400 387//387
f 385//385 418//418 400//400
f 418//418 403//403 400//400
f 418//418 419//419 403//403
f 417//417 38//38 420//420
f 417//417 28//28 38//38
f 417//417 421//421 419//419
f 417//417 420//420 421//421
f 420//420 41//41 422//422
f 420//420 38//38 41//41
f 420//420 423//423 421//421
f 420//420 422//422 423//423
f 419//419 408//408 403//403
f 419//419 421//421 408//408
f 421//421 411//411 408//408
f 421//421 423//423 411//411
f 424//424 426//426 425//425
f 424//424 427//427 426//426
f 424//424 428//428 427//427
f 424//424 429//429 428//428
f 424//424 430//430 429//429
f 424//424 425//425 430//430
f 431//431 364//364 365//365
f 431//431 397//397 364//364
f 431//431 426//426 397//397
f 431//431 425//425 426//426
f 431//431 432//432 425//425
f 431//431 365//365 432//432
f 365//365 433//433 432//432
f 365//365 366//366 433//433
f 425//425 434//434 430//430
f 425//425 432//432 434//434
f 432//432 435//435 434//434
f 432//432 433//433 435//435
f 436//436 428//428 429//429
f 436//436 346//346 428//428
f 436//436 319//319 346//346
f 436//436 318//318 319//319
f 436//436 437//437 318//318
f 436//436 429//429 437//437
f 429//429 438//438 437//437
f 429//429 430//430 438//438
f 318//318 439//439 323//323
f 318//318 437//437 439//439
f 437//437 440//440 439//439
f 437//437 438//438 440//440
f 430//430 441//441 438//438
f 430//430 434//434 441//441
f 434//434 442//442 441//441
f 434//434 435//435 442//442
f 438//438 443//443 440//440
f 438//438 441//441 443//443
f 444//444 442//442 445//445
f 444//444 441//441 442//442
f 444//444 443//443 441//441
f 444//444 446//446 443//443
f 444//444 447//447 446//446
f 444//444 445//445 447//447
f 395//395 341//341 299//299
f 395//395 344//344 341//341
f 395//395 427//427 344//344
f 395//395 396//396 427//427
f 396//396 426//426 427//427
f 396//396 397//397 426//426
f 344//344 428//428 346//346
f 344//344 427//427 428//428
f 366//366 448//448 433//433
f 366//366 405//405 448//448
f 405//405 449//449 448//448
f 405//405 406//406 449//449
f 433//433 450//450 435//435
f 433//433 448//448 450//450
f 448//448 451//451 450//450
f 448//448 449//449 451//451
f 406//406 452//452 449//449
f 406//406 413//413 452//452
f 413//413 453//453 452//452
f 413//413 414//414 453//453
f 454//454 452//452 455//455
f 454//454 449//449 452//452
f 454//454 451//451 449//449
f 454//454 456//456 451//451
f 454//454 457//457 456//456
f 454//454 455//455 457//457
f 455//455 453//453 458//458
f 455//455 452//452 453//453
f 455//455 459//459 457//457
f 455//455 458//458 459//459
f 460//460 450//450 461//461
f 460//460 435//435 450//450
f 460//460 442//442 435//435
f 460//460 445//445 442//442
f 460//460 462//462 445//445
f 460//460 461//461 462//462
f 461//461 451//451 456//456
f 461//461 450//450 451//451
f 461//461 463//463 462//462
f 461//461 456//456 463//463
f 445//445 464//464 447//447
f 445//445 462//462 464//464
f 462//462 465//465 464//464
f 462//462 463//463 465//465
f 456//456 466//466 463//463
f 456//456 457//457 466//466
f 457//457 467//467 466//466
f 457//457 459//459 467//467
f 463//463 468//468 465//465
f 463//463 466//466 468//468
f 466//466 469//469 468//468
f 466//466 467//467 469//469
f 470//470 472//472 471//471
f 470//470 473//473 472//472
f 470//470 474//474 473//473
f 470//470 475//475 474//474
f 470//470 476//476 475//475
f 470//470 471//471 476//476
f 477//477 316//316 352//352
f 477//477 315//315 316//316
f 477//477 478//478 315//315
f 477//477 473//473 478//478
f 477//477 472//472 473//473
f 477//477 352//352 472//472
f 315//315 479//479 314//314
f 315//315 478//478 479//479
f 473//473 480//480 478//478
f 473//473 474//474 480//480
f 478//478 481//481 479//479
f 478//478 480//480 481//481
f 475//475 482//482 474//474
f 475//475 483//483 482//482
f 475//475 484//484 483//483
f 475//475 476//476 484//484
f 485//485 484//484 486//486
f 485//485 483//483 484//484
f 485//485 487//487 483//483
f 485//485 488//488 487//487
f 485//485 489//489 488//488
f 485//485 486//486 489//489
f 483//483 490//490 482//482
f 483//483 487//487 490//490
f 491//491 481//481 480//480
f 491//491 492//492 481//481
f 491//491 493//493 492//492
f 491//491 494//494 493//493
f 491//491 495//495 494//494
f 491//491 480//480 495//495
f 474//474 495//495 480//480
f 474//474 482//482 495//495
f 494//494 496//496 493//493
f 494//494 497//497 496//496
f 494//494 498//498 497//497
f 494//494 495//495 498//498
f 482//482 498//498 495//495
f 482//482 490//490 498//498
f 499//499 501//501 500//500
f 499//499 502//502 501//501
f 499//499 503//503 502//502
f 499//499 504//504 503//503
f 499//499 505//505 504//504
f 499//499 500//500 505//505
f 506//506 321//321 322//322
f 506//506 358//358 321//321
f 506//506 501//501 358//358
f 506//506 500//500 501//501
f 506//506 507//507 500//500
f 506//506 322//322 507//507
f 322//322 508//508 507//507
f 322//322 323//323 508//508
f 500//500 509//509 505//505
f 500//500 507//507 509//509
f 507//507 510//510 509//509
f 507//507 508//508 510//510
f 504//504 511//511 503//503
f 504//504 512//512 511//511
f 504//504 513//513 512//512
f 504//504 505//505 513//513
f 512//512 514//514 511//511
f 512//512 515//515 514//514
f 512//512 516//516 515//515
f 512//512 513//513 516//516
f 505//505 517//517 513//513
f 505//505 509//509 517//517
f 509//509 518//518 517//517
f 509//509 510//510 518//518
f 513//513 519//519 516//516
f 513//513 517//517 519//519
f 520//520 518//518 521//521
f 520//520 517//517 518//518
f 520//520 519//519 517//517
f 520//520 522//522 519//519
f 520//520 523//523 522//522
f 520//520 521//521 523//523
f 353//353 472//472 352//352
f 353//353 471//471 472//472
f 353//353 524//524 471//471
f 353//353 354//354 524//524
f 357//357 524//524 354//354
f 357//357 502//502 524//524
f 357//357 501//501 502//502
f 357//357 358//358 501//501
f 525//525 524//524 502//502
f 525//525 471//471 524//524
f 525//525 476//476 471//471
f 525//525 526//526 476//476
f 525//525 503//503 526//526
f 525//525 502//502 503//503
f 526//526 484//484 476//476
f 526//526 486//486 484//484
f 526//526 511//511 486//486
f 526//526 503//503 511//511
f 486//486 514//514 489//489
f 486//486 511//511 514//514
f 488//488 527//527 487//487
f 488//488 528//528 527//527
f 488//488 529//529 528//528
f 488//488 489//489 529//529
f 487//487 530//530 490//490
f 487//487 527//527 530//530
f 528//528 531//531 527//527
f 528//528 532//532 531//531
f 528//528 533//533 532//532
f 528//528 529//529 533//533
f 527//527 534//534 530//530
f 527//527 531//531 534//534
f 535//535 498//498 490//490
f 535//535 497//497 498//498
f 535//535 536//536 497//497
f 535//535 537//537 536//536
f 535//535 530//530 537//537
f 535//535 490//490 530//530
f 497//497 538//538 496//496
f 497//497 536//536 538//538
f 537//537 539//539 536//536
f 537//537 540//540 539//539
f 537//537 534//534 540//540
f 537//537 530//530 534//534
f 536//536 541//541 538//538
f 536//536 539//539 541//541
f 542//542 534//534 531//531
f 542//542 540//540 534//534
f 542//542 543//543 540//540
f 542//542 544//544 543//543
f 542//542 545//545 544//544
f 542//542 531//531 545//545
f 532//532 545//545 531//531
f 532//532 546//546 545//545
f 532//532 547//547 546//546
f 532//532 533//533 547//547
f 544//544 548//548 543//543
f 544//544 549//549 548//548
f 544//544 550//550 549//549
f 544//544 545//545 550//550
f 546//546 550//550 545//545
f 546//546 551//551 550//550
f 546//546 552//552 551//551
f 546//546 547//547 552//552
f 540//540 553//553 539//539
f 540//540 543//543 553//553
f 539//539 554//554 541//541
f 539//539 553//553 554//554
f 543//543 555//555 553//553
f 543//543 548//548 555//555
f 553//553 556//556 554//554
f 553//553 555//555 556//556
f 557//557 514//514 515//515
f 557//557 489//489 514//514
f 557//557 529//529 489//489
f 557//557 558//558 529//529
f 557//557 559//559 558//558
f 557//557 515//515 559//559
f 515//515 560//560 559//559
f 515//515 516//516 560//560
f 558//558 533//533 529//529
f 558//558 561//561 533//533
f 558//558 562//562 561//561
f 558//558 559//559 562//562
f 559//559 563//563 562//562
f 559//559 560//560 563//563
f 516//516 564//564 560//560
f 516//516 519//519 564//564
f 522//522 564//564 519//519
f 522//522 565//565 564//564
f 522//522 566//566 565//565
f 522//522 523//523 566//566
f 560//560 567//567 563//563
f 560//560 564//564 567//567
f 565//565 567//567 564//564
f 565//565 568//568 567//567
f 565//565 569//569 568//568
f 565//565 566//566 569//569
f 561//561 547//547 533//533
f 561//561 570//570 547//547
f 561//561 571//571 570//570
f 561//561 562//562 571//571
f 562//562 572//572 571//571
f 562//562 563//563 572//572
f 570//570 552//552 547//547
f 570//570 573//573 552//552
f 570//570 574//574 573//573
f 570//570 571//571 574//574
f 571//571 575//575 574//574
f 571//571 572//572 575//575
f 563//563 576//576 572//572
f 563//563 567//567 576//576
f 568//568 576//576 567//567
f 568//568 577//577 576//576
f 568//568 578//578 577//577
f 568//568 569//569 578//578
f 572//572 579//579 575//575
f 572//572 576//576 579//579
f 577//577 579//579 576//576
f 577//577 580//580 579//579
f 577//577 581//581 580//580
f 577//577 578//578 581//581
f 323//323 582//582 508//508
f 323//323 439//439 582//582
f 583//583 440//440 584//584
f 583//583 439//439 440//440
f 583//583 582//582 439//439
f 583//583 585//585 582//582
f 583//583 586//586 585//585
f 583//583 584//584 586//586
f 587//587 582//582 585//585
f 587//587 508//508 582//582
f 587//587 510//510 508//508
f 587//587 588//588 510//510
f 587//587 589//589 588//588
f 587//587 585//585 589//589
f 585//585 590//590 589//589
f 585//585 586//586 590//590
f 584//584 443//443 446//446
f 584//584 440//440 443//443
f 584//584 591//591 586//586
f 584//584 446//446 591//591
f 446//446 592//592 591//591
f 446//446 447//447 592//592
f 586//586 593//593 590//590
f 586//586 591//591 593//593
f 591//591 594//594 593//593
f 591//591 592//592 594//594
f 588//588 518//518 510//510
f 588//588 521//521 518//518
f 588//588 595//595 521//521
f 588//588 589//589 595//595
f 589//589 596//596 595//595
f 589//589 590//590 596//596
f 521//521 597//597 523//523
f 521//521 595//595 597//597
f 595//595 598//598 597//597
f 595//595 596//596 598//598
f 590//590 599//599 596//596
f 590//590 593//593 599//599
f 593//593 600//600 599//599
f 593//593 594//594 600//600
f 596//596 601//601 598//598
f 596//596 599//599 601//601
f 599//599 602//602 601//601
f 599//599 600//600 602//602
f 447//447 603//603 592//592
f 447//447 464//464 603//603
f 464//464 604//604 603//603
f 464//464 465//465 604//604
f 592//592 605//605 594//594
f 592//592 603//603 605//605
f 603//603 606//606 605//605
f 603//603 604//604 606//606
f 465//465 607//607 604//604
f 465//465 468//468 607//607
f 468//468 608//608 607//607
f 468//468 469//469 608//608
f 604//604 609//609 606//606
f 604//604 607//607 609//609
f 607//607 610//610 609//609
f 607//607 608//608 610//610
f 594//594 611//611 600//600
f 594//594 605//605 611//611
f 605//605 612//612 611//611
f 605//605 606//606 612//612
f 600//600 613//613 602//602
f 600//600 611//611 613//613
f 611//611 614//614 613//613
f 611//611 612//612 614//614
f 606//606 615//615 612//612
f 606//606 609//609 615//615
f 609//609 616//616 615//615
f 609//609 610//610 616//616
f 612//612 617//617 614//614
f 612//612 615//615 617//617
f 615//615 618//618 617//617
f 615//615 616//616 618//618
f 523//523 619//619 566//566
f 523//523 597//597 619//619
f 597//597 620//620 619//619
f 597//597 598//598 620//620
f 566//566 621//621 569//569
f 566//566 619//619 621//621
f 619//619 622//622 621//621
f 619//619 620//620 622//622
f 598//598 623//623 620//620
f 598//598 601//601 623//623
f 601//601 624//624 623//623
f 601//601 602//602 624//624
f 620//620 625//625 622//622
f 620//620 623//623 625//625
f 623//623 626//626 625//625
f 623//623 624//624 626//626
f 569//569 627//627 578//578
f 569//569 621//621 627//627
f 621//621 628//628 627//627
f 621//621 622//622 628//628
f 578//578 629//629 581//581
f 578//578 627//627 629//629
f 627//627 630//630 629//629
f 627//627 628//628 630//630
f 622//622 631//631 628//628
f 622//622 625//625 631//631
f 625//625 632//632 631//631
f 625//625 626//626 632//632
f 628//628 633//633 630//630
f 628//628 631//631 633//633
f 631//631 634//634 633//633
f 631//631 632//632 634//634
f 602//602 635//635 624//624
f 602//602 613//613 635//635
f 613//613 636//636 635//635
f 613//613 614//614 636//636
f 624//624 637//637 626//626
f 624//624 635//635 637//637
f 635//635 638//638 637//637
f 635//635 636//636 638//638
f 614//614 639//639 636//636
f 614//614 617//617 639//639
f 617//617 640//640 639//639
f 617//617 618//618 640//640
f 636//636 641//641 638//638
f 636//636 639//639 641//641
f 639//639 642//642 641//641
f 639//639 640//640 642//642
f 626//626 643//643 632//632
f 626//626 637//637 643//643
f 637//637 644//644 643//643
f 637//637 638//638 644//644
f 632//632 645//645 634//634
f 632//632 643//643 645//645
f 643//643 646//646 645//645
f 643//643 644//644 646//646
f 638//638 647//647 644//644
f 638//638 641//641 647//647
f 641//641 648//648 647//647
f 641//641 642//642 648//648
f 644//644 649//649 646//646
f 644//644 647//647 649//649
f 647//647 650//650 649//649
f 647//647 648//648 650//650
f 651//651 74//74 375//375
f 651//651 652//652 74//74
f 651//651 653//653 652//652
f 651//651 282//282 653//653
f 651//651 281//281 282//282
f 651//651 375//375 281//281
f 652//652 73//73 74//74
f 652//652 654//654 73//73
f 652//652 655//655 654//654
f 652//652 653//653 655//655
f 656//656 653//653 282//282
f 656//656 657//657 653//653
f 656//656 658//658 657//657
f 656//656 301//301 658//658
f 656//656 283//283 301//301
f 656//656 282//282 283//283
f 657//657 655//655 653//653
f 657//657 659//659 655//655
f 657//657 660//660 659//659
f 657//657 658//658 660//660
f 654//654 81//81 73//73
f 654//654 661//661 81//81
f 654//654 662//662 661//661
f 654//654 655//655 662//662
f 661//661 83//83 81//81
f 661//661 663//663 83//83
f 661//661 664//664 663//663
f 661//661 662//662 664//664
f 659//659 662//662 655//655
f 659//659 665//665 662//662
f 659//659 666//666 665//665
f 659//659 660//660 666//666
f 665//665 664//664 662//662
f 665//665 667//667 664//664
f 665//665 668//668 667//667
f 665//665 666//666 668//668
f 669//669 658//658 301//301
f 669//669 670//670 658//658
f 669//669 671//671 670//670
f 669//669 289//289 671//671
f 669//669 288//288 289//289
f 669//669 301//301 288//288
f 670//670 660//660 658//658
f 670//670 672//672 660//660
f 670//670 673//673 672//672
f 670//670 671//671 673//673
f 674//674 671//671 289//289
f 674//674 675//675 671//671
f 674//674 676//676 675//675
f 674//674 332//332 676//676
f 674//674 290//290 332//332
f 674//674 289//289 290//290
f 675//675 673//673 671//671
f 675//675 677//677 673//673
f 675//675 678//678 677//677
f 675//675 676//676 678//678
f 672//672 666//666 660//660
f 672//672 679//679 666//666
f 672//672 680//680 679//679
f 672//672 673//673 680//680
f 679//679 668//668 666//666
f 679//679 681//681 668//668
f 679//679 682//682 681//681
f 679//679 680//680 682//682
f 677//677 680//680 673//673
f 677//677 683//683 680//680
f 677//677 684//684 683//683
f 677//677 678//678 684//684
f 683//683 682//682 680//680
f 683//683 685//685 682//682
f 683//683 686//686 685//685
f 683//683 684//684 686//686
f 663//663 111//111 83//83
f 663//663 687//687 111//111
f 663//663 688//688 687//687
f 663//663 664//664 688//688
f 687//687 113//113 111//111
f 687//687 689//689 113//113
f 687//687 690//690 689//689
f 687//687 688//688 690//690
f 667//667 688//688 664//664
f 667//667 691//691 688//688
f 667//667 692//692 691//691
f 667//667 668//668 692//692
f 693//693 694//694 690//690
f 693//693 695//695 694//694
f 691//691 690//690 688//688
f 691//691 693//693 690//690
f 691//691 695//695 693//693
f 691//691 692//692 695//695
f 696//696 697//697 119//119
f 696//696 698//698 697//697
f 689//689 119//119 113//113
f 689//689 696//696 119//119
f 689//689 698//698 696//696
f 689//689 690//690 698//698
f 690//690 699//699 698//698
f 690//690 694//694 699//699
f 698//698 700//700 697//697
f 698//698 701//701 700//700
f 698//698 702//702 701//701
f 698//698 699//699 702//702
f 681//681 692//692 668//668
f 681//681 703//703 692//692
f 681//681 704//704 703//703
f 681//681 682//682 704//704
f 705//705 706//706 695//695
f 705//705 707//707 706//706
f 703//703 695//695 692//692
f 703//703 705//705 695//695
f 703//703 707//707 705//705
f 703//703 704//704 707//707
f 708//708 709//709 704//704
f 708//708 710//710 709//709
f 685//685 704//704 682//682
f 685//685 708//708 704//704
f 685//685 710//710 708//708
f 685//685 686//686 710//710
f 704//704 711//711 707//707
f 704//704 709//709 711//711
f 712//712 714//714 713//713
f 712//712 715//715 714//714
f 707//707 713//713 706//706
f 707//707 712//712 713//713
f 707//707 715//715 712//712
f 707//707 711//711 715//715
f 716//716 717//717 699//699
f 716//716 713//713 717//717
f 695//695 699//699 694//694
f 695//695 716//716 699//699
f 695//695 713//713 716//716
f 695//695 706//706 713//713
f 699//699 718//718 702//702
f 699//699 717//717 718//718
f 719//719 720//720 718//718
f 719//719 721//721 720//720
f 713//713 718//718 717//717
f 713//713 719//719 718//718
f 713//713 721//721 719//719
f 713//713 714//714 721//721
f 722//722 724//724 723//723
f 722//722 725//725 724//724
f 722//722 726//726 725//725
f 722//722 727//727 726//726
f 722//722 728//728 727//727
f 722//722 723//723 728//728
f 725//725 729//729 724//724
f 725//725 730//730 729//729
f 725//725 731//731 730//730
f 725//725 726//726 731//731
f 730//730 732//732 729//729
f 730//730 733//733 732//732
f 730//730 734//734 733//733
f 730//730 731//731 734//734
f 310//310 728//728 309//309
f 310//310 727//727 728//728
f 310//310 735//735 727//727
f 310//310 311//311 735//735
f 727//727 736//736 726//726
f 727//727 735//735 736//736
f 737//737 736//736 735//735
f 737//737 738//738 736//736
f 737//737 739//739 738//738
f 737//737 740//740 739//739
f 737//737 741//741 740//740
f 737//737 735//735 741//741
f 311//311 741//741 735//735
f 311//311 314//314 741//741
f 726//726 742//742 731//731
f 726//726 736//736 742//742
f 731//731 743//743 734//734
f 731//731 742//742 743//743
f 738//738 742//742 736//736
f 738//738 744//744 742//742
f 738//738 745//745 744//744
f 738//738 739//739 745//745
f 744//744 743//743 742//742
f 744//744 746//746 743//743
f 744//744 747//747 746//746
f 744//744 745//745 747//747
f 748//748 750//750 749//749
f 748//748 751//751 750//750
f 733//733 749//749 732//732
f 733//733 748//748 749//749
f 733//733 751//751 748//748
f 733//733 734//734 751//751
f 734//734 752//752 751//751
f 734//734 743//743 752//752
f 753//753 755//755 754//754
f 753//753 756//756 755//755
f 751//751 754//754 750//750
f 751//751 753//753 754//754
f 751//751 756//756 753//753
f 751//751 752//752 756//756
f 757//757 758//758 752//752
f 757//757 759//759 758//758
f 746//746 752//752 743//743
f 746//746 757//757 752//752
f 746//746 759//759 757//757
f 746//746 747//747 759//759
f 752//752 760//760 756//756
f 752//752 758//758 760//760
f 761//761 763//763 762//762
f 761//761 764//764 763//763
f 756//756 762//762 755//755
f 756//756 761//761 762//762
f 756//756 764//764 761//761
f 756//756 760//760 764//764
f 332//332 723//723 676//676
f 332//332 333//333 723//723
f 676//676 724//724 678//678
f 676//676 723//723 724//724
f 333//333 728//728 723//723
f 333//333 309//309 728//728
f 678//678 729//729 684//684
f 678//678 724//724 729//729
f 684//684 732//732 686//686
f 684//684 729//729 732//732
f 686//686 749//749 710//710
f 686//686 732//732 749//749
f 710//710 711//711 709//709
f 710//710 765//765 711//711
f 710//710 766//766 765//765
f 710//710 749//749 766//766
f 749//749 754//754 766//766
f 749//749 750//750 754//754
f 767//767 768//768 715//715
f 767//767 769//769 768//768
f 765//765 715//715 711//711
f 765//765 767//767 715//715
f 765//765 769//769 767//767
f 765//765 766//766 769//769
f 770//770 771//771 721//721
f 770//770 772//772 771//771
f 715//715 721//721 714//714
f 715//715 770//770 721//721
f 715//715 772//772 770//770
f 715//715 768//768 772//772
f 769//769 773//773 768//768
f 769//769 774//774 773//773
f 766//766 774//774 769//769
f 766//766 754//754 774//774
f 772//772 775//775 771//771
f 772//772 776//776 775//775
f 768//768 776//776 772//772
f 768//768 773//773 776//776
f 754//754 762//762 774//774
f 754//754 755//755 762//762
f 777//777 778//778 776//776
f 777//777 779//779 778//778
f 774//774 776//776 773//773
f 774//774 777//777 776//776
f 774//774 779//779 777//777
f 774//774 762//762 779//779
f 779//779 780//780 778//778
f 779//779 781//781 780//780
f 762//762 781//781 779//779
f 762//762 763//763 781//781
f 782//782 784//784 783//783
f 782//782 785//785 784//784
f 701//701 783//783 700//700
f 701//701 782//782 783//783
f 701//701 785//785 782//782
f 701//701 702//702 785//785
f 702//702 786//786 785//785
f 702//702 718//718 786//786
f 787//787 789//789 788//788
f 787//787 790//790 789//789
f 785//785 788//788 784//784
f 785//785 787//787 788//788
f 785//785 790//790 787//787
f 785//785 786//786 790//790
f 718//718 791//791 786//786
f 718//718 720//720 791//791
f 790//790 792//792 789//789
f 790//790 793//793 792//792
f 786//786 793//793 790//790
f 786//786 791//791 793//793
f 794//794 795//795 791//791
f 794//794 796//796 795//795
f 721//721 791//791 720//720
f 721//721 794//794 791//791
f 721//721 796//796 794//794
f 721//721 771//771 796//796
f 793//793 797//797 792//792
f 793//793 798//798 797//797
f 791//791 798//798 793//793
f 791//791 795//795 798//798
f 796//796 799//799 795//795
f 796//796 800//800 799//799
f 771//771 800//800 796//796
f 771//771 775//775 800//800
f 795//795 801//801 798//798
f 795//795 799//799 801//801
f 802//802 804//804 803//803
f 802//802 805//805 804//804
f 798//798 803//803 797//797
f 798//798 802//802 803//803
f 798//798 805//805 802//802
f 798//798 801//801 805//805
f 806//806 807//807 800//800
f 806//806 808//808 807//807
f 776//776 800//800 775//775
f 776//776 806//806 800//800
f 776//776 808//808 806//806
f 776//776 778//778 808//808
f 808//808 809//809 807//807
f 808//808 810//810 809//809
f 778//778 810//810 808//808
f 778//778 780//780 810//810
f 800//800 811//811 799//799
f 800//800 807//807 811//811
f 799//799 812//812 801//801
f 799//799 811//811 812//812
f 813//813 814//814 812//812
f 813//813 815//815 814//814
f 807//807 812//812 811//811
f 807//807 813//813 812//812
f 807//807 815//815 813//813
f 807//807 809//809 815//815
f 805//805 816//816 804//804
f 805//805 817//817 816//816
f 801//801 817//817 805//805
f 801//801 812//812 817//817
f 817//817 818//818 816//816
f 817//817 819//819 818//818
f 812//812 819//819 817//817
f 812//812 814//814 819//819
f 375//375 75//75 5//5
f 375//375 74//74 75//75
f 119//119 700//700 121//121
f 119//119 697//697 700//700
f 121//121 783//783 229//229
f 121//121 700//700 783//783
f 820//820 821//821 230//230
f 820//820 822//822 821//821
f 229//229 230//230 228//228
f 229//229 820//820 230//230
f 229//229 822//822 820//820
f 229//229 783//783 822//822
f 783//783 788//788 822//822
f 783//783 784//784 788//788
f 230//230 823//823 234//234
f 230//230 821//821 823//823
f 824//824 825//825 237//237
f 824//824 826//826 825//825
f 234//234 237//237 233//233
f 234//234 824//824 237//237
f 234//234 826//826 824//824
f 234//234 823//823 826//826
f 827//827 828//828 823//823
f 827//827 829//829 828//828
f 822//822 823//823 821//821
f 822//822 827//827 823//823
f 822//822 829//829 827//827
f 822//822 788//788 829//829
f 823//823 830//830 826//826
f 823//823 828//828 830//830
f 829//829 831//831 828//828
f 829//829 832//832 831//831
f 788//788 832//832 829//829
f 788//788 789//789 832//832
f 828//828 833//833 830//830
f 828//828 831//831 833//833
f 789//789 834//834 832//832
f 789//789 792//792 834//834
f 835//835 836//836 833//833
f 835//835 837//837 836//836
f 832//832 833//833 831//831
f 832//832 835//835 833//833
f 832//832 837//837 835//835
f 832//832 834//834 837//837
f 838//838 840//840 839//839
f 838//838 841//841 840//840
f 826//826 839//839 825//825
f 826//826 838//838 839//839
f 826//826 841//841 838//838
f 826//826 830//830 841//841
f 237//237 839//839 249//249
f 237//237 825//825 839//839
f 252//252 842//842 251//251
f 252//252 843//843 842//842
f 249//249 843//843 252//252
f 249//249 839//839 843//843
f 843//843 844//844 842//842
f 843//843 845//845 844//844
f 839//839 845//845 843//843
f 839//839 840//840 845//845
f 251//251 846//846 260//260
f 251//251 842//842 846//846
f 262//262 847//847 261//261
f 262//262 848//848 847//847
f 260//260 848//848 262//262
f 260//260 846//846 848//848
f 842//842 849//849 846//846
f 842//842 844//844 849//849
f 848//848 850//850 847//847
f 848//848 851//851 850//850
f 846//846 851//851 848//848
f 846//846 849//849 851//851
f 841//841 852//852 840//840
f 841//841 853//853 852//852
f 830//830 853//853 841//841
f 830//830 833//833 853//853
f 853//853 854//854 852//852
f 853//853 855//855 854//854
f 833//833 855//855 853//853
f 833//833 836//836 855//855
f 840//840 856//856 845//845
f 840//840 852//852 856//856
f 856//856 858//858 857//857
f 856//856 859//859 858//858
f 852//852 859//859 856//856
f 852//852 854//854 859//859
f 856//856 861//861 860//860
f 856//856 857//857 861//861
f 862//862 861//861 849//849
f 862//862 860//860 861//861
f 845//845 849//849 844//844
f 845//845 862//862 849//849
f 845//845 860//860 862//862
f 845//845 856//856 860//860
f 861//861 864//864 863//863
f 861//861 865//865 864//864
f 851//851 864//864 850//850
f 851//851 863//863 864//864
f 849//849 863//863 851//851
f 849//849 861//861 863//863
f 861//861 866//866 865//865
f 861//861 867//867 866//866
f 857//857 867//867 861//861
f 857//857 858//858 867//867
f 850//850 869//869 868//868
f 850//850 864//864 869//869
f 866//866 871//871 870//870
f 866//866 872//872 871//871
f 864//864 871//871 869//869
f 864//864 870//870 871//871
f 865//865 870//870 864//864
f 865//865 866//866 870//870
f 869//869 874//874 873//873
f 869//869 871//871 874//874
f 873//873 876//876 875//875
f 873//873 874//874 876//876
f 792//792 803//803 834//834
f 792//792 797//797 803//803
f 837//837 877//877 836//836
f 837//837 878//878 877//877
f 834//834 878//878 837//837
f 834//834 803//803 878//878
f 878//878 879//879 877//877
f 878//878 880//880 879//879
f 803//803 880//880 878//878
f 803//803 804//804 880//880
f 880//880 881//881 879//879
f 880//880 882//882 881//881
f 804//804 882//882 880//880
f 804//804 816//816 882//882
f 882//882 883//883 881//881
f 882//882 884//884 883//883
f 816//816 884//884 882//882
f 816//816 818//818 884//884
f 855//855 885//885 854//854
f 855//855 886//886 885//885
f 836//836 886//886 855//855
f 836//836 877//877 886//886
f 886//886 887//887 885//885
f 886//886 888//888 887//887
f 877//877 888//888 886//886
f 877//877 879//879 888//888
f 859//859 889//889 858//858
f 859//859 890//890 889//889
f 854//854 890//890 859//859
f 854//854 885//885 890//890
f 890//890 891//891 889//889
f 890//890 892//892 891//891
f 885//885 892//892 890//890
f 885//885 887//887 892//892
f 867//867 893//893 866//866
f 867//867 894//894 893//893
f 858//858 894//894 867//867
f 858//858 889//889 894//894
f 891//891 896//896 895//895
f 891//891 897//897 896//896
f 894//894 896//896 893//893
f 894//894 895//895 896//896
f 889//889 895//895 894//894
f 889//889 891//891 895//895
f 888//888 898//898 887//887
f 888//888 899//899 898//898
f 879//879 899//899 888//888
f 879//879 881//881 899//899
f 899//899 900//900 898//898
f 899//899 901//901 900//900
f 881//881 901//901 899//899
f 881//881 883//883 901//901
f 892//892 902//902 891//891
f 892//892 903//903 902//902
f 887//887 903//903 892//892
f 887//887 898//898 903//903
f 891//891 904//904 897//897
f 891//891 902//902 904//904
f 900//900 906//906 905//905
f 900//900 907//907 906//906
f 903//903 906//906 902//902
f 903//903 905//905 906//906
f 898//898 905//905 903//903
f 898//898 900//900 905//905
f 902//902 908//908 904//904
f 902//902 906//906 908//908
f 866//866 909//909 872//872
f 866//866 893//893 909//909
f 909//909 911//911 910//910
f 909//909 912//912 911//911
f 871//871 911//911 874//874
f 871//871 910//910 911//911
f 872//872 910//910 871//871
f 872//872 909//909 910//910
f 893//893 913//913 909//909
f 893//893 896//896 913//913
f 909//909 914//914 912//912
f 909//909 913//913 914//914
f 874//874 915//915 876//876
f 874//874 911//911 915//915
f 876//876 917//917 916//916
f 876//876 915//915 917//917
f 914//914 919//919 918//918
f 914//914 920//920 919//919
f 911//911 919//919 915//915
f 911//911 918//918 919//919
f 912//912 918//918 911//911
f 912//912 914//914 918//918
f 920//920 921//921 919//919
f 920//920 922//922 921//921
f 915//915 921//921 917//917
f 915//915 919//919 921//921
f 896//896 923//923 913//913
f 896//896 924//924 923//923
f 897//897 924//924 896//896
f 897//897 904//904 924//924
f 913//913 925//925 914//914
f 913//913 923//923 925//925
f 908//908 927//927 926//926
f 908//908 928//928 927//927
f 924//924 927//927 923//923
f 924//924 926//926 927//927
f 904//904 926//926 924//924
f 904//904 908//908 926//926
f 923//923 929//929 925//925
f 923//923 927//927 929//929
f 914//914 930//930 920//920
f 914//914 925//925 930//930
f 920//920 931//931 922//922
f 920//920 930//930 931//931
f 925//925 932//932 930//930
f 925//925 929//929 932//932
f 930//930 933//933 931//931
f 930//930 932//932 933//933
f 934//934 741//741 314//314
f 934//934 740//740 741//741
f 934//934 935//935 740//740
f 934//934 936//936 935//935
f 934//934 479//479 936//936
f 934//934 314//314 479//479
f 740//740 937//937 739//739
f 740//740 935//935 937//937
f 936//936 938//938 935//935
f 936//936 492//492 938//938
f 936//936 481//481 492//492
f 936//936 479//479 481//481
f 935//935 939//939 937//937
f 935//935 938//938 939//939
f 739//739 940//940 745//745
f 739//739 937//937 940//940
f 745//745 941//941 747//747
f 745//745 940//940 941//941
f 937//937 942//942 940//940
f 937//937 939//939 942//942
f 940//940 943//943 941//941
f 940//940 942//942 943//943
f 944//944 946//946 945//945
f 944//944 947//947 946//946
f 944//944 948//948 947//947
f 944//944 949//949 948//948
f 944//944 950//950 949//949
f 944//944 945//945 950//950
f 951//951 942//942 939//939
f 951//951 952//952 942//942
f 951//951 953//953 952//952
f 951//951 947//947 953//953
f 951//951 946//946 947//947
f 951//951 939//939 946//946
f 952//952 943//943 942//942
f 952//952 954//954 943//943
f 952//952 955//955 954//954
f 952//952 953//953 955//955
f 947//947 956//956 953//953
f 947//947 948//948 956//956
f 953//953 957//957 955//955
f 953//953 956//956 957//957
f 492//492 945//945 938//938
f 492//492 493//493 945//945
f 938//938 946//946 939//939
f 938//938 945//945 946//946
f 493//493 950//950 945//945
f 493//493 496//496 950//950
f 747//747 958//958 759//759
f 747//747 941//941 958//958
f 959//959 960//960 760//760
f 959//959 961//961 960//960
f 759//759 760//760 758//758
f 759//759 959//959 760//760
f 759//759 961//961 959//959
f 759//759 958//958 961//961
f 941//941 962//962 958//958
f 941//941 943//943 962//962
f 961//961 963//963 960//960
f 961//961 964//964 963//963
f 958//958 964//964 961//961
f 958//958 962//962 964//964
f 764//764 965//965 763//763
f 764//764 966//966 965//965
f 760//760 966//966 764//764
f 760//760 960//960 966//966
f 960//960 967//967 966//966
f 960//960 963//963 967//967
f 968//968 970//970 969//969
f 968//968 971//971 970//970
f 966//966 969//969 965//965
f 966//966 968//968 969//969
f 966//966 971//971 968//968
f 966//966 967//967 971//971
f 972//972 973//973 962//962
f 972//972 974//974 973//973
f 954//954 962//962 943//943
f 954//954 972//972 962//962
f 954//954 974//974 972//972
f 954//954 955//955 974//974
f 955//955 975//975 974//974
f 955//955 957//957 975//975
f 976//976 978//978 977//977
f 976//976 979//979 978//978
f 974//974 977//977 973//973
f 974//974 976//976 977//977
f 974//974 979//979 976//976
f 974//974 975//975 979//979
f 962//962 977//977 964//964
f 962//962 973//973 977//977
f 980//980 981//981 967//967
f 980//980 982//982 981//981
f 964//964 967//967 963//963
f 964//964 980//980 967//967
f 964//964 982//982 980//980
f 964//964 977//977 982//982
f 971//971 983//983 970//970
f 971//971 984//984 983//983
f 967//967 984//984 971//971
f 967//967 981//981 984//984
f 982//982 985//985 981//981
f 982//982 986//986 985//985
f 977//977 986//986 982//982
f 977//977 978//978 986//986
f 981//981 987//987 984//984
f 981//981 985//985 987//987
f 781//781 988//988 780//780
f 781//781 969//969 988//988
f 763//763 969//969 781//781
f 763//763 965//965 969//969
f 949//949 989//989 948//948
f 949//949 990//990 989//989
f 949//949 991//991 990//990
f 949//949 950//950 991//991
f 992//992 991//991 538//538
f 992//992 990//990 991//991
f 992//992 993//993 990//990
f 992//992 994//994 993//993
f 992//992 541//541 994//994
f 992//992 538//538 541//541
f 990//990 995//995 989//989
f 990//990 993//993 995//995
f 948//948 996//996 956//956
f 948//948 989//989 996//996
f 956//956 997//997 957//957
f 956//956 996//996 997//997
f 989//989 998//998 996//996
f 989//989 995//995 998//998
f 996//996 999//999 997//997
f 996//996 998//998 999//999
f 496//496 991//991 950//950
f 496//496 538//538 991//991
f 994//994 1000//1000 993//993
f 994//994 1001//1001 1000//1000
f 994//994 554//554 1001//1001
f 994//994 541//541 554//554
f 993//993 1002//1002 995//995
f 993//993 1000//1000 1002//1002
f 1001//1001 1003//1003 1000//1000
f 1001//1001 1004//1004 1003//1003
f 1001//1001 556//556 1004//1004
f 1001//1001 554//554 556//556
f 1000//1000 1005//1005 1002//1002
f 1000//1000 1003//1003 1005//1005
f 995//995 1006//1006 998//998
f 995//995 1002//1002 1006//1006
f 998//998 1007//1007 999//999
f 998//998 1006//1006 1007//1007
f 1002//1002 1008//1008 1006//1006
f 1002//1002 1005//1005 1008//1008
f 1006//1006 1009//1009 1007//1007
f 1006//1006 1008//1008 1009//1009
f 957//957 1010//1010 975//975
f 957//957 997//997 1010//1010
f 979//979 1011//1011 978//978
f 979//979 1012//1012 1011//1011
f 975//975 1012//1012 979//979
f 975//975 1010//1010 1012//1012
f 997//997 1013//1013 1010//1010
f 997//997 999//999 1013//1013
f 1010//1010 1014//1014 1012//1012
f 1010//1010 1013//1013 1014//1014
f 1015//1015 1017//1017 1016//1016
f 1015//1015 1018//1018 1017//1017
f 1012//1012 1016//1016 1011//1011
f 1012//1012 1015//1015 1016//1016
f 1012//1012 1018//1018 1015//1015
f 1012//1012 1014//1014 1018//1018
f 978//978 1016//1016 986//986
f 978//978 1011//1011 1016//1016
f 1019//1019 1020//1020 987//987
f 1019//1019 1021//1021 1020//1020
f 986//986 987//987 985//985
f 986//986 1019//1019 987//987
f 986//986 1021//1021 1019//1019
f 986//986 1016//1016 1021//1021
f 1021//1021 1022//1022 1020//1020
f 1021//1021 1023//1023 1022//1022
f 1016//1016 1023//1023 1021//1021
f 1016//1016 1017//1017 1023//1023
f 999//999 1024//1024 1013//1013
f 999//999 1007//1007 1024//1024
f 1013//1013 1025//1025 1014//1014
f 1013//1013 1024//1024 1025//1025
f 1007//1007 1026//1026 1024//1024
f 1007//1007 1009//1009 1026//1026
f 1024//1024 1027//1027 1025//1025
f 1024//1024 1026//1026 1027//1027
f 1018//1018 1028//1028 1017//1017
f 1018//1018 1029//1029 1028//1028
f 1014//1014 1029//1029 1018//1018
f 1014//1014 1025//1025 1029//1029
f 1029//1029 1030//1030 1028//1028
f 1029//1029 1031//1031 1030//1030
f 1025//1025 1031//1031 1029//1029
f 1025//1025 1027//1027 1031//1031
f 1017//1017 1032//1032 1023//1023
f 1017//1017 1028//1028 1032//1032
f 1028//1028 1033//1033 1032//1032
f 1028//1028 1030//1030 1033//1033
f 1034//1034 1036//1036 1035//1035
f 1034//1034 1037//1037 1036//1036
f 984//984 1035//1035 983//983
f 984//984 1034//1034 1035//1035
f 984//984 1037//1037 1034//1034
f 984//984 987//987 1037//1037
f 810//810 1038//1038 809//809
f 810//810 1039//1039 1038//1038
f 780//780 1039//1039 810//810
f 780//780 988//988 1039//1039
f 1040//1040 1041//1041 1039//1039
f 1040//1040 1042//1042 1041//1041
f 969//969 1039//1039 988//988
f 969//969 1040//1040 1039//1039
f 969//969 1042//1042 1040//1040
f 969//969 970//970 1042//1042
f 1039//1039 1043//1043 1038//1038
f 1039//1039 1041//1041 1043//1043
f 815//815 1044//1044 814//814
f 815//815 1045//1045 1044//1044
f 809//809 1045//1045 815//815
f 809//809 1038//1038 1045//1045
f 1045//1045 1046//1046 1044//1044
f 1045//1045 1047//1047 1046//1046
f 1038//1038 1047//1047 1045//1045
f 1038//1038 1043//1043 1047//1047
f 819//819 1048//1048 818//818
f 819//819 1049//1049 1048//1048
f 814//814 1049//1049 819//819
f 814//814 1044//1044 1049//1049
f 1049//1049 1050//1050 1048//1048
f 1049//1049 1051//1051 1050//1050
f 1044//1044 1051//1051 1049//1049
f 1044//1044 1046//1046 1051//1051
f 1042//1042 1052//1052 1041//1041
f 1042//1042 1035//1035 1052//1052
f 970//970 1035//1035 1042//1042
f 970//970 983//983 1035//1035
f 1053//1053 1054//1054 1047//1047
f 1053//1053 1055//1055 1054//1054
f 1041//1041 1047//1047 1043//1043
f 1041//1041 1053//1053 1047//1047
f 1041//1041 1055//1055 1053//1053
f 1041//1041 1052//1052 1055//1055
f 1035//1035 1056//1056 1052//1052
f 1035//1035 1036//1036 1056//1056
f 1055//1055 1057//1057 1054//1054
f 1055//1055 1058//1058 1057//1057
f 1052//1052 1058//1058 1055//1055
f 1052//1052 1056//1056 1058//1058
f 1047//1047 1059//1059 1046//1046
f 1047//1047 1054//1054 1059//1059
f 1051//1051 1060//1060 1050//1050
f 1051//1051 1061//1061 1060//1060
f 1046//1046 1061//1061 1051//1051
f 1046//1046 1059//1059 1061//1061
f 1062//1062 1063//1063 1061//1061
f 1062//1062 1064//1064 1063//1063
f 1054//1054 1061//1061 1059//1059
f 1054//1054 1062//1062 1061//1061
f 1054//1054 1064//1064 1062//1062
f 1054//1054 1057//1057 1064//1064
f 1065//1065 1067//1067 1066//1066
f 1065//1065 1068//1068 1067//1067
f 1061//1061 1066//1066 1060//1060
f 1061//1061 1065//1065 1066//1066
f 1061//1061 1068//1068 1065//1065
f 1061//1061 1063//1063 1068//1068
f 1037//1037 1069//1069 1036//1036
f 1037//1037 1070//1070 1069//1069
f 987//987 1070//1070 1037//1037
f 987//987 1020//1020 1070//1070
f 1070//1070 1071//1071 1069//1069
f 1070//1070 1072//1072 1071//1071
f 1020//1020 1072//1072 1070//1070
f 1020//1020 1022//1022 1072//1072
f 1073//1073 1074//1074 1072//1072
f 1073//1073 1075//1075 1074//1074
f 1023//1023 1072//1072 1022//1022
f 1023//1023 1073//1073 1072//1072
f 1023//1023 1075//1075 1073//1073
f 1023//1023 1032//1032 1075//1075
f 1076//1076 1078//1078 1077//1077
f 1076//1076 1079//1079 1078//1078
f 1072//1072 1077//1077 1071//1071
f 1072//1072 1076//1076 1077//1077
f 1072//1072 1079//1079 1076//1076
f 1072//1072 1074//1074 1079//1079
f 1075//1075 1080//1080 1074//1074
f 1075//1075 1081//1081 1080//1080
f 1032//1032 1081//1081 1075//1075
f 1032//1032 1033//1033 1081//1081
f 1079//1079 1082//1082 1078//1078
f 1079//1079 1083//1083 1082//1082
f 1074//1074 1083//1083 1079//1079
f 1074//1074 1080//1080 1083//1083
f 1084//1084 1085//1085 1058//1058
f 1084//1084 1086//1086 1085//1085
f 1036//1036 1058//1058 1056//1056
f 1036//1036 1084//1084 1058//1058
f 1036//1036 1086//1086 1084//1084
f 1036//1036 1069//1069 1086//1086
f 1058//1058 1087//1087 1057//1057
f 1058//1058 1085//1085 1087//1087
f 1086//1086 1088//1088 1085//1085
f 1086//1086 1077//1077 1088//1088
f 1069//1069 1077//1077 1086//1086
f 1069//1069 1071//1071 1077//1077
f 1089//1089 1091//1091 1090//1090
f 1089//1089 1092//1092 1091//1091
f 1085//1085 1090//1090 1087//1087
f 1085//1085 1089//1089 1090//1090
f 1085//1085 1092//1092 1089//1089
f 1085//1085 1088//1088 1092//1092
f 1064//1064 1093//1093 1063//1063
f 1064//1064 1090//1090 1093//1093
f 1057//1057 1090//1090 1064//1064
f 1057//1057 1087//1087 1090//1090
f 1068//1068 1094//1094 1067//1067
f 1068//1068 1095//1095 1094//1094
f 1063//1063 1095//1095 1068//1068
f 1063//1063 1093//1093 1095//1095
f 1090//1090 1096//1096 1093//1093
f 1090//1090 1091//1091 1096//1096
f 1095//1095 1097//1097 1094//1094
f 1095//1095 1098//1098 1097//1097
f 1093//1093 1098//1098 1095//1095
f 1093//1093 1096//1096 1098//1098
f 1099//1099 1100//1100 1092//1092
f 1099//1099 1101//1101 1100//1100
f 1077//1077 1092//1092 1088//1088
f 1077//1077 1099//1099 1092//1092
f 1077//1077 1101//1101 1099//1099
f 1077//1077 1078//1078 1101//1101
f 1092//1092 1102//1102 1091//1091
f 1092//1092 1100//1100 1102//1102
f 1101//1101 1103//1103 1100//1100
f 1101//1101 1104//1104 1103//1103
f 1078//1078 1104//1104 1101//1101
f 1078//1078 1082//1082 1104//1104
f 1105//1105 1107//1107 1106//1106
f 1105//1105 1108//1108 1107//1107
f 1100//1100 1106//1106 1102//1102
f 1100//1100 1105//1105 1106//1106
f 1100//1100 1108//1108 1105//1105
f 1100//1100 1103//1103 1108//1108
f 1109//1109 1110//1110 1098//1098
f 1109//1109 1106//1106 1110//1110
f 1091//1091 1098//1098 1096//1096
f 1091//1091 1109//1109 1098//1098
f 1091//1091 1106//1106 1109//1109
f 1091//1091 1102//1102 1106//1106
f 1106//1106 1111//1111 1110//1110
f 1106//1106 1107//1107 1111//1111
f 1112//1112 1114//1114 1113//1113
f 1112//1112 1115//1115 1114//1114
f 1098//1098 1113//1113 1097//1097
f 1098//1098 1112//1112 1113//1113
f 1098//1098 1115//1115 1112//1112
f 1098//1098 1110//1110 1115//1115
f 1115//1115 1116//1116 1114//1114
f 1115//1115 1117//1117 1116//1116
f 1110//1110 1117//1117 1115//1115
f 1110//1110 1111//1111 1117//1117
f 884//884 1118//1118 883//883
f 884//884 1119//1119 1118//1118
f 818//818 1119//1119 884//884
f 818//818 1048//1048 1119//1119
f 1119//1119 1120//1120 1118//1118
f 1119//1119 1121//1121 1120//1120
f 1048//1048 1121//1121 1119//1119
f 1048//1048 1050//1050 1121//1121
f 1121//1121 1122//1122 1120//1120
f 1121//1121 1066//1066 1122//1122
f 1050//1050 1066//1066 1121//1121
f 1050//1050 1060//1060 1066//1066
f 1066//1066 1123//1123 1122//1122
f 1066//1066 1067//1067 1123//1123
f 901//901 1124//1124 900//900
f 901//901 1125//1125 1124//1124
f 883//883 1125//1125 901//901
f 883//883 1118//1118 1125//1125
f 1125//1125 1126//1126 1124//1124
f 1125//1125 1127//1127 1126//1126
f 1118//1118 1127//1127 1125//1125
f 1118//1118 1120//1120 1127//1127
f 900//900 1128//1128 907//907
f 900//900 1124//1124 1128//1128
f 906//906 1129//1129 908//908
f 906//906 1130//1130 1129//1129
f 907//907 1130//1130 906//906
f 907//907 1128//1128 1130//1130
f 1124//1124 1131//1131 1128//1128
f 1124//1124 1126//1126 1131//1131
f 1130//1130 1132//1132 1129//1129
f 1130//1130 1133//1133 1132//1132
f 1128//1128 1133//1133 1130//1130
f 1128//1128 1131//1131 1133//1133
f 1127//1127 1134//1134 1126//1126
f 1127//1127 1135//1135 1134//1134
f 1120//1120 1135//1135 1127//1127
f 1120//1120 1122//1122 1135//1135
f 1135//1135 1136//1136 1134//1134
f 1135//1135 1137//1137 1136//1136
f 1122//1122 1137//1137 1135//1135
f 1122//1122 1123//1123 1137//1137
f 1138//1138 1139//1139 1133//1133
f 1138//1138 1140//1140 1139//1139
f 1126//1126 1133//1133 1131//1131
f 1126//1126 1138//1138 1133//1133
f 1126//1126 1140//1140 1138//1138
f 1126//1126 1134//1134 1140//1140
f 1133//1133 1141//1141 1132//1132
f 1133//1133 1139//1139 1141//1141
f 1140//1140 1142//1142 1139//1139
f 1140//1140 1143//1143 1142//1142
f 1134//1134 1143//1143 1140//1140
f 1134//1134 1136//1136 1143//1143
f 1139//1139 1144//1144 1141//1141
f 1139//1139 1142//1142 1144//1144
f 908//908 1145//1145 928//928
f 908//908 1129//1129 1145//1145
f 1129//1129 1146//1146 1145//1145
f 1129//1129 1132//1132 1146//1146
f 927//927 1147//1147 929//929
f 927//927 1148//1148 1147//1147
f 928//928 1148//1148 927//927
f 928//928 1145//1145 1148//1148
f 1148//1148 1149//1149 1147//1147
f 1148//1148 1150//1150 1149//1149
f 1145//1145 1150//1150 1148//1148
f 1145//1145 1146//1146 1150//1150
f 929//929 1151//1151 932//932
f 929//929 1147//1147 1151//1151
f 932//932 1152//1152 933//933
f 932//932 1151//1151 1152//1152
f 1147//1147 1153//1153 1151//1151
f 1147//1147 1149//1149 1153//1153
f 1151//1151 1154//1154 1152//1152
f 1151//1151 1153//1153 1154//1154
f 1155//1155 1156//1156 1150//1150
f 1155//1155 1157//1157 1156//1156
f 1132//1132 1150//1150 1146//1146
f 1132//1132 1155//1155 1150//1150
f 1132//1132 1157//1157 1155//1155
f 1132//1132 1141//1141 1157//1157
f 1150//1150 1158//1158 1149//1149
f 1150//1150 1156//1156 1158//1158
f 1157//1157 1159//1159 1156//1156
f 1157//1157 1160//1160 1159//1159
f 1141//1141 1160//1160 1157//1157
f 1141//1141 1144//1144 1160//1160
f 1156//1156 1161//1161 1158//1158
f 1156//1156 1159//1159 1161//1161
f 1149//1149 1162//1162 1153//1153
f 1149//1149 1158//1158 1162//1162
f 1153//1153 1163//1163 1154//1154
f 1153//1153 1162//1162 1163//1163
f 1164//1164 1166//1166 1165//1165
f 1164//1164 1167//1167 1166//1166
f 1158//1158 1165//1165 1162//1162
f 1158//1158 1164//1164 1165//1165
f 1158//1158 1167//1167 1164//1164
f 1158//1158 1161//1161 1167//1167
f 1165//1165 1169//1169 1168//1168
f 1165//1165 1166//1166 1169//1169
f 1162//1162 1168//1168 1163//1163
f 1162//1162 1165//1165 1168//1168
f 1170//1170 1171//1171 1137//1137
f 1170//1170 1172//1172 1171//1171
f 1067//1067 1137//1137 1123//1123
f 1067//1067 1170//1170 1137//1137
f 1067//1067 1172//1172 1170//1170
f 1067//1067 1094//1094 1172//1172
f 1137//1137 1173//1173 1136//1136
f 1137//1137 1171//1171 1173//1173
f 1172//1172 1174//1174 1171//1171
f 1172//1172 1113//1113 1174//1174
f 1094//1094 1113//1113 1172//1172
f 1094//1094 1097//1097 1113//1113
f 1175//1175 1177//1177 1176//1176
f 1175//1175 1178//1178 1177//1177
f 1171//1171 1176//1176 1173//1173
f 1171//1171 1175//1175 1176//1176
f 1171//1171 1178//1178 1175//1175
f 1171//1171 1174//1174 1178//1178
f 1143//1143 1179//1179 1142//1142
f 1143//1143 1176//1176 1179//1179
f 1136//1136 1176//1176 1143//1143
f 1136//1136 1173//1173 1176//1176
f 1180//1180 1181//1181 1160//1160
f 1180//1180 1182//1182 1181//1181
f 1142//1142 1160//1160 1144//1144
f 1142//1142 1180//1180 1160//1160
f 1142//1142 1182//1182 1180//1180
f 1142//1142 1179//1179 1182//1182
f 1183//1183 1184//1184 1182//1182
f 1183//1183 1185//1185 1184//1184
f 1176//1176 1182//1182 1179//1179
f 1176//1176 1183//1183 1182//1182
f 1176//1176 1185//1185 1183//1183
f 1176//1176 1177//1177 1185//1185
f 1182//1182 1186//1186 1181//1181
f 1182//1182 1184//1184 1186//1186
f 1113//1113 1187//1187 1174//1174
f 1113//1113 1114//1114 1187//1187
f 1178//1178 1188//1188 1177//1177
f 1178//1178 1189//1189 1188//1188
f 1174//1174 1189//1189 1178//1178
f 1174//1174 1187//1187 1189//1189
f 1190//1190 1191//1191 1189//1189
f 1190//1190 1192//1192 1191//1191
f 1114//1114 1189//1189 1187//1187
f 1114//1114 1190//1190 1189//1189
f 1114//1114 1192//1192 1190//1190
f 1114//1114 1116//1116 1192//1192
f 1193//1193 1195//1195 1194//1194
f 1193//1193 1196//1196 1195//1195
f 1189//1189 1194//1194 1188//1188
f 1189//1189 1193//1193 1194//1194
f 1189//1189 1196//1196 1193//1193
f 1189//1189 1191//1191 1196//1196
f 1185//1185 1197//1197 1184//1184
f 1185//1185 1194//1194 1197//1197
f 1177//1177 1194//1194 1185//1185
f 1177//1177 1188//1188 1194//1194
f 1198//1198 1200//1200 1199//1199
f 1198//1198 1201//1201 1200//1200
f 1184//1184 1199//1199 1186//1186
f 1184//1184 1198//1198 1199//1199
f 1184//1184 1201//1201 1198//1198
f 1184//1184 1197//1197 1201//1201
f 1194//1194 1202//1202 1197//1197
f 1194//1194 1195//1195 1202//1202
f 1201//1201 1203//1203 1200//1200
f 1201//1201 1204//1204 1203//1203
f 1197//1197 1204//1204 1201//1201
f 1197//1197 1202//1202 1204//1204
f 1160//1160 1205//1205 1159//1159
f 1160//1160 1181//1181 1205//1205
f 1206//1206 1207//1207 1167//1167
f 1206//1206 1208//1208 1207//1207
f 1159//1159 1167//1167 1161//1161
f 1159//1159 1206//1206 1167//1167
f 1159//1159 1208//1208 1206//1206
f 1159//1159 1205//1205 1208//1208
f 1209//1209 1210//1210 1208//1208
f 1209//1209 1199//1199 1210//1210
f 1181//1181 1208//1208 1205//1205
f 1181//1181 1209//1209 1208//1208
f 1181//1181 1199//1199 1209//1209
f 1181//1181 1186//1186 1199//1199
f 1208//1208 1211//1211 1207//1207
f 1208//1208 1210//1210 1211//1211
f 1167//1167 1212//1212 1166//1166
f 1167//1167 1207//1207 1212//1212
f 1166//1166 1213//1213 1169//1169
f 1166//1166 1212//1212 1213//1213
f 1199//1199 1214//1214 1210//1210
f 1199//1199 1200//1200 1214//1214
f 275//275 1215//1215 278//278
f 275//275 1216//1216 1215//1215
f 275//275 1217//1217 1216//1216
f 275//275 276//276 1217//1217
f 1218//1218 1220//1220 1219//1219
f 1218//1218 1221//1221 1220//1220
f 1216//1216 1219//1219 1215//1215
f 1216//1216 1218//1218 1219//1219
f 1216//1216 1221//1221 1218//1218
f 1216//1216 1217//1217 1221//1221
f 1222//1222 1223//1223 1217//1217
f 1222//1222 1224//1224 1223//1223
f 277//277 1217//1217 276//276
f 277//277 1222//1222 1217//1217
f 277//277 1224//1224 1222//1222
f 277//277 257//257 1224//1224
f 1217//1217 1225//1225 1221//1221
f 1217//1217 1223//1223 1225//1225
f 1226//1226 1228//1228 1227//1227
f 1226//1226 1229//1229 1228//1228
f 1221//1221 1227//1227 1220//1220
f 1221//1221 1226//1226 1227//1227
f 1221//1221 1229//1229 1226//1226
f 1221//1221 1225//1225 1229//1229
f 278//278 1230//1230 200//200
f 278//278 1215//1215 1230//1230
f 1215//1215 1231//1231 1230//1230
f 1215//1215 1219//1219 1231//1231
f 200//200 1232//1232 199//199
f 200//200 1230//1230 1232//1232
f 1230//1230 1233//1233 1232//1232
f 1230//1230 1231//1231 1233//1233
f 1234//1234 1236//1236 1235//1235
f 1234//1234 1227//1227 1236//1236
f 1219//1219 1235//1235 1231//1231
f 1219//1219 1234//1234 1235//1235
f 1219//1219 1227//1227 1234//1234
f 1219//1219 1220//1220 1227//1227
f 1235//1235 1238//1238 1237//1237
f 1235//1235 1236//1236 1238//1238
f 1231//1231 1237//1237 1233//1233
f 1231//1231 1235//1235 1237//1237
f 1239//1239 1241//1241 1240//1240
f 1239//1239 1242//1242 1241//1241
f 1227//1227 1240//1240 1236//1236
f 1227//1227 1239//1239 1240//1240
f 1227//1227 1242//1242 1239//1239
f 1227//1227 1228//1228 1242//1242
f 1240//1240 1244//1244 1243//1243
f 1240//1240 1241//1241 1244//1244
f 1236//1236 1243//1243 1238//1238
f 1236//1236 1240//1240 1243//1243
f 257//257 1245//1245 1224//1224
f 257//257 258//258 1245//1245
f 1246//1246 1247//1247 1225//1225
f 1246//1246 1248//1248 1247//1247
f 1224//1224 1225//1225 1223//1223
f 1224//1224 1246//1246 1225//1225
f 1224//1224 1248//1248 1246//1246
f 1224//1224 1245//1245 1248//1248
f 258//258 1249//1249 1245//1245
f 258//258 261//261 1249//1249
f 1248//1248 1250//1250 1247//1247
f 1248//1248 1251//1251 1250//1250
f 1245//1245 1251//1251 1248//1248
f 1245//1245 1249//1249 1251//1251
f 1225//1225 1252//1252 1229//1229
f 1225//1225 1247//1247 1252//1252
f 1253//1253 1254//1254 1242//1242
f 1253//1253 1255//1255 1254//1254
f 1229//1229 1242//1242 1228//1228
f 1229//1229 1253//1253 1242//1242
f 1229//1229 1255//1255 1253//1253
f 1229//1229 1252//1252 1255//1255
f 1247//1247 1256//1256 1252//1252
f 1247//1247 1250//1250 1256//1256
f 1256//1256 1258//1258 1257//1257
f 1256//1256 1259//1259 1258//1258
f 1255//1255 1258//1258 1254//1254
f 1255//1255 1257//1257 1258//1258
f 1252//1252 1257//1257 1255//1255
f 1252//1252 1256//1256 1257//1257
f 1242//1242 1260//1260 1241//1241
f 1242//1242 1254//1254 1260//1260
f 1241//1241 1261//1261 1244//1244
f 1241//1241 1260//1260 1261//1261
f 1254//1254 1262//1262 1260//1260
f 1254//1254 1258//1258 1262//1262
f 1262//1262 1264//1264 1263//1263
f 1262//1262 1265//1265 1264//1264
f 1266//1266 1264//1264 1267//1267
f 1266//1266 1263//1263 1264//1264
f 1260//1260 1267//1267 1261//1261
f 1260//1260 1266//1266 1267//1267
f 1260//1260 1263//1263 1266//1266
f 1260//1260 1262//1262 1263//1263
f 261//261 1268//1268 1249//1249
f 261//261 847//847 1268//1268
f 1268//1268 1270//1270 1269//1269
f 1268//1268 1271//1271 1270//1270
f 1251//1251 1270//1270 1250//1250
f 1251//1251 1269//1269 1270//1270
f 1249//1249 1269//1269 1251//1251
f 1249//1249 1268//1268 1269//1269
f 850//850 1273//1273 1272//1272
f 850//850 868//868 1273//1273
f 1268//1268 1273//1273 1271//1271
f 1268//1268 1272//1272 1273//1273
f 847//847 1272//1272 1268//1268
f 847//847 850//850 1272//1272
f 1273//1273 1275//1275 1274//1274
f 1273//1273 1276//1276 1275//1275
f 1270//1270 1275//1275 1277//1277
f 1270//1270 1274//1274 1275//1275
f 1271//1271 1274//1274 1270//1270
f 1271//1271 1273//1273 1274//1274
f 1270//1270 1279//1279 1278//1278
f 1270//1270 1277//1277 1279//1279
f 1256//1256 1279//1279 1259//1259
f 1256//1256 1278//1278 1279//1279
f 1250//1250 1278//1278 1256//1256
f 1250//1250 1270//1270 1278//1278
f 1276//1276 1280//1280 1275//1275
f 1276//1276 1281//1281 1280//1280
f 1281//1281 1282//1282 1280//1280
f 1281//1281 1283//1283 1282//1282
f 1279//1279 1285//1285 1284//1284
f 1279//1279 1286//1286 1285//1285
f 1258//1258 1285//1285 1262//1262
f 1258//1258 1284//1284 1285//1285
f 1259//1259 1284//1284 1258//1258
f 1259//1259 1279//1279 1284//1284
f 1286//1286 1287//1287 1285//1285
f 1286//1286 1288//1288 1287//1287
f 1262//1262 1287//1287 1265//1265
f 1262//1262 1285//1285 1287//1287
f 1275//1275 1290//1290 1289//1289
f 1275//1275 1280//1280 1290//1290
f 1279//1279 1290//1290 1286//1286
f 1279//1279 1289//1289 1290//1290
f 1277//1277 1289//1289 1279//1279
f 1277//1277 1275//1275 1289//1289
f 1280//1280 1291//1291 1290//1290
f 1280//1280 1282//1282 1291//1291
f 1286//1286 1291//1291 1288//1288
f 1286//1286 1290//1290 1291//1291
f 869//869 1293//1293 1292//1292
f 869//869 873//873 1293//1293
f 1273//1273 1293//1293 1276//1276
f 1273//1273 1292//1292 1293//1293
f 868//868 1292//1292 1273//1273
f 868//868 869//869 1292//1292
f 873//873 1294//1294 1293//1293
f 873//873 875//875 1294//1294
f 1276//1276 1294//1294 1281//1281
f 1276//1276 1293//1293 1294//1294
f 1281//1281 1295//1295 1283//1283
f 1281//1281 1294//1294 1295//1295
f 876//876 1297//1297 1296//1296
f 876//876 916//916 1297//1297
f 1294//1294 1297//1297 1295//1295
f 1294//1294 1296//1296 1297//1297
f 875//875 1296//1296 1294//1294
f 875//875 876//876 1296//1296
f 1298//1298 1300//1300 1299//1299
f 1298//1298 1301//1301 1300//1300
f 1298//1298 1302//1302 1301//1301
f 1298//1298 1303//1303 1302//1302
f 1298//1298 1304//1304 1303//1303
f 1298//1298 1299//1299 1304//1304
f 1301//1301 1305//1305 1300//1300
f 1301//1301 1306//1306 1305//1305
f 1301//1301 1307//1307 1306//1306
f 1301//1301 1302//1302 1307//1307
f 1308//1308 1310//1310 1309//1309
f 1308//1308 1311//1311 1310//1310
f 1306//1306 1309//1309 1305//1305
f 1306//1306 1308//1308 1309//1309
f 1306//1306 1311//1311 1308//1308
f 1306//1306 1307//1307 1311//1311
f 1312//1312 1314//1314 1313//1313
f 1312//1312 1315//1315 1314//1314
f 1312//1312 1316//1316 1315//1315
f 1312//1312 1317//1317 1316//1316
f 1312//1312 1318//1318 1317//1317
f 1312//1312 1313//1313 1318//1318
f 1313//1313 1320//1320 1319//1319
f 1313//1313 1314//1314 1320//1320
f 1313//1313 1321//1321 1318//1318
f 1313//1313 1319//1319 1321//1321
f 1322//1322 1324//1324 1323//1323
f 1322//1322 1319//1319 1324//1324
f 1322//1322 1321//1321 1319//1319
f 1322//1322 1325//1325 1321//1321
f 1322//1322 1326//1326 1325//1325
f 1322//1322 1323//1323 1326//1326
f 1319//1319 1327//1327 1324//1324
f 1319//1319 1320//1320 1327//1327
f 1323//1323 1329//1329 1328//1328
f 1323//1323 1324//1324 1329//1329
f 1323//1323 1330//1330 1326//1326
f 1323//1323 1328//1328 1330//1330
f 1324//1324 1331//1331 1329//1329
f 1324//1324 1327//1327 1331//1331
f 1332//1332 1334//1334 1333//1333
f 1332//1332 1335//1335 1334//1334
f 1332//1332 1336//1336 1335//1335
f 1332//1332 1337//1337 1336//1336
f 1332//1332 1338//1338 1337//1337
f 1332//1332 1333//1333 1338//1338
f 1339//1339 1316//1316 1317//1317
f 1339//1339 1340//1340 1316//1316
f 1339//1339 1341//1341 1340//1340
f 1339//1339 1342//1342 1341//1341
f 1339//1339 1343//1343 1342//1342
f 1339//1339 1317//1317 1343//1343
f 1344//1344 1342//1342 1335//1335
f 1344//1344 1345//1345 1342//1342
f 1344//1344 1346//1346 1345//1345
f 1344//1344 1347//1347 1346//1346
f 1344//1344 1336//1336 1347//1347
f 1344//1344 1335//1335 1336//1336
f 1345//1345 1341//1341 1342//1342
f 1345//1345 1348//1348 1341//1341
f 1345//1345 1349//1349 1348//1348
f 1345//1345 1346//1346 1349//1349
f 1335//1335 1343//1343 1334//1334
f 1335//1335 1342//1342 1343//1343
f 1350//1350 1352//1352 1351//1351
f 1350//1350 1353//1353 1352//1352
f 1350//1350 1354//1354 1353//1353
f 1350//1350 1355//1355 1354//1354
f 1350//1350 1356//1356 1355//1355
f 1350//1350 1351//1351 1356//1356
f 1357//1357 1346//1346 1347//1347
f 1357//1357 1358//1358 1346//1346
f 1357//1357 1359//1359 1358//1358
f 1357//1357 1353//1353 1359//1359
f 1357//1357 1352//1352 1353//1353
f 1357//1357 1347//1347 1352//1352
f 1358//1358 1349//1349 1346//1346
f 1358//1358 1360//1360 1349//1349
f 1358//1358 1361//1361 1360//1360
f 1358//1358 1359//1359 1361//1361
f 1362//1362 1361//1361 1359//1359
f 1362//1362 1363//1363 1361//1361
f 1362//1362 1364//1364 1363//1363
f 1362//1362 1365//1365 1364//1364
f 1362//1362 1366//1366 1365//1365
f 1362//1362 1359//1359 1366//1366
f 1353//1353 1366//1366 1359//1359
f 1353//1353 1354//1354 1366//1366
f 1367//1367 1336//1336 1337//1337
f 1367//1367 1347//1347 1336//1336
f 1367//1367 1352//1352 1347//1347
f 1367//1367 1351//1351 1352//1352
f 1367//1367 1368//1368 1351//1351
f 1367//1367 1337//1337 1368//1368
f 1369//1369 1338//1338 1370//1370
f 1369//1369 1337//1337 1338//1338
f 1369//1369 1368//1368 1337//1337
f 1369//1369 1371//1371 1368//1368
f 1369//1369 1372//1372 1371//1371
f 1369//1369 1370//1370 1372//1372
f 1373//1373 1368//1368 1371//1371
f 1373//1373 1351//1351 1368//1368
f 1373//1373 1356//1356 1351//1351
f 1373//1373 1374//1374 1356//1356
f 1373//1373 1375//1375 1374//1374
f 1373//1373 1371//1371 1375//1375
f 1371//1371 1376//1376 1375//1375
f 1371//1371 1372//1372 1376//1376
f 1377//1377 1379//1379 1378//1378
f 1377//1377 1380//1380 1379//1379
f 1207//1207 1378//1378 1212//1212
f 1207//1207 1377//1377 1378//1378
f 1207//1207 1380//1380 1377//1377
f 1207//1207 1211//1211 1380//1380
f 1378//1378 1382//1382 1381//1381
f 1378//1378 1379//1379 1382//1382
f 1212//1212 1381//1381 1213//1213
f 1212//1212 1378//1378 1381//1381
f 1383//1383 1384//1384 1380//1380
f 1383//1383 1385//1385 1384//1384
f 1210//1210 1380//1380 1211//1211
f 1210//1210 1383//1383 1380//1380
f 1210//1210 1385//1385 1383//1383
f 1210//1210 1214//1214 1385//1385
f 1386//1386 1387//1387 1385//1385
f 1386//1386 1388//1388 1387//1387
f 1200//1200 1385//1385 1214//1214
f 1200//1200 1386//1386 1385//1385
f 1200//1200 1388//1388 1386//1386
f 1200//1200 1203//1203 1388//1388
f 1385//1385 1389//1389 1384//1384
f 1385//1385 1390//1390 1389//1389
f 1385//1385 1391//1391 1390//1390
f 1385//1385 1387//1387 1391//1391
f 1392//1392 1394//1394 1393//1393
f 1392//1392 1395//1395 1394//1394
f 1392//1392 1396//1396 1395//1395
f 1392//1392 1397//1397 1396//1396
f 1392//1392 1398//1398 1397//1397
f 1392//1392 1393//1393 1398//1398
f 1399//1399 1396//1396 1397//1397
f 1399//1399 1372//1372 1396//1396
f 1399//1399 1376//1376 1372//1372
f 1399//1399 1400//1400 1376//1376
f 1399//1399 1401//1401 1400//1400
f 1399//1399 1397//1397 1401//1401
f 1390//1390 1398//1398 1389//1389
f 1390//1390 1397//1397 1398//1398
f 1390//1390 1401//1401 1397//1397
f 1390//1390 1391//1391 1401//1401
f 1402//1402 1404//1404 1403//1403
f 1402//1402 1389//1389 1404//1404
f 1380//1380 1403//1403 1379//1379
f 1380//1380 1402//1402 1403//1403
f 1380//1380 1389//1389 1402//1402
f 1380//1380 1384//1384 1389//1389
f 1379//1379 1405//1405 1382//1382
f 1379//1379 1403//1403 1405//1405
f 1393//1393 1407//1407 1406//1406
f 1393//1393 1394//1394 1407//1407
f 1393//1393 1408//1408 1398//1398
f 1393//1393 1406//1406 1408//1408
f 1403//1403 1409//1409 1405//1405
f 1403//1403 1406//1406 1409//1409
f 1403//1403 1408//1408 1406//1406
f 1403//1403 1404//1404 1408//1408
f 1406//1406 1410//1410 1409//1409
f 1406//1406 1407//1407 1410//1410
f 1389//1389 1408//1408 1404//1404
f 1389//1389 1398//1398 1408//1408
f 1411//1411 1325//1325 1412//1412
f 1411//1411 1413//1413 1325//1325
f 1411//1411 1414//1414 1413//1413
f 1411//1411 1415//1415 1414//1414
f 1411//1411 1416//1416 1415//1415
f 1411//1411 1412//1412 1416//1416
f 1333//1333 1414//1414 1415//1415
f 1333//1333 1334//1334 1414//1414
f 1333//1333 1417//1417 1338//1338
f 1333//1333 1415//1415 1417//1417
f 1418//1418 1416//1416 1419//1419
f 1418//1418 1415//1415 1416//1416
f 1418//1418 1417//1417 1415//1415
f 1418//1418 1395//1395 1417//1417
f 1418//1418 1394//1394 1395//1395
f 1418//1418 1419//1419 1394//1394
f 1420//1420 1318//1318 1413//1413
f 1420//1420 1317//1317 1318//1318
f 1420//1420 1343//1343 1317//1317
f 1420//1420 1334//1334 1343//1343
f 1420//1420 1414//1414 1334//1334
f 1420//1420 1413//1413 1414//1414
f 1413//1413 1321//1321 1325//1325
f 1413//1413 1318//1318 1321//1321
f 1412//1412 1326//1326 1421//1421
f 1412//1412 1325//1325 1326//1326
f 1412//1412 1422//1422 1416//1416
f 1412//1412 1421//1421 1422//1422
f 1421//1421 1330//1330 1423//1423
f 1421//1421 1326//1326 1330//1330
f 1421//1421 1424//1424 1422//1422
f 1421//1421 1423//1423 1424//1424
f 1419//1419 1422//1422 1425//1425
f 1419//1419 1416//1416 1422//1422
f 1419//1419 1407//1407 1394//1394
f 1419//1419 1425//1425 1407//1407
f 1425//1425 1424//1424 1426//1426
f 1425//1425 1422//1422 1424//1424
f 1425//1425 1410//1410 1407//1407
f 1425//1425 1426//1426 1410//1410
f 1370//1370 1417//1417 1395//1395
f 1370//1370 1338//1338 1417//1417
f 1370//1370 1396//1396 1372//1372
f 1370//1370 1395//1395 1396//1396
f 1427//1427 1429//1429 1428//1428
f 1427//1427 1430//1430 1429//1429
f 1427//1427 1431//1431 1430//1430
f 1427//1427 1432//1432 1431//1431
f 1427//1427 1433//1433 1432//1432
f 1427//1427 1428//1428 1433//1433
f 1430//1430 1434//1434 1429//1429
f 1430//1430 1435//1435 1434//1434
f 1430//1430 1436//1436 1435//1435
f 1430//1430 1431//1431 1436//1436
f 1435//1435 1437//1437 1434//1434
f 1435//1435 1438//1438 1437//1437
f 1435//1435 1439//1439 1438//1438
f 1435//1435 1436//1436 1439//1439
f 1438//1438 1440//1440 1437//1437
f 1438//1438 1441//1441 1440//1440
f 1438//1438 1442//1442 1441//1441
f 1438//1438 1439//1439 1442//1442
f 1441//1441 1443//1443 1440//1440
f 1441//1441 1444//1444 1443//1443
f 1441//1441 1445//1445 1444//1444
f 1441//1441 1442//1442 1445//1445
f 1446//1446 1448//1448 1447//1447
f 1446//1446 1449//1449 1448//1448
f 1444//1444 1447//1447 1443//1443
f 1444//1444 1446//1446 1447//1447
f 1444//1444 1449//1449 1446//1446
f 1444//1444 1445//1445 1449//1449
f 1450//1450 1452//1452 1451//1451
f 1450//1450 1453//1453 1452//1452
f 1450//1450 1454//1454 1453//1453
f 1450//1450 1455//1455 1454//1454
f 1450//1450 1456//1456 1455//1455
f 1450//1450 1451//1451 1456//1456
f 1315//1315 1455//1455 1314//1314
f 1315//1315 1428//1428 1455//1455
f 1315//1315 1433//1433 1428//1428
f 1315//1315 1316//1316 1433//1433
f 1428//1428 1454//1454 1455//1455
f 1428//1428 1429//1429 1454//1454
f 1314//1314 1456//1456 1320//1320
f 1314//1314 1455//1455 1456//1456
f 1453//1453 1457//1457 1452//1452
f 1453//1453 1458//1458 1457//1457
f 1453//1453 1459//1459 1458//1458
f 1453//1453 1454//1454 1459//1459
f 1458//1458 1460//1460 1457//1457
f 1458//1458 1461//1461 1460//1460
f 1458//1458 1462//1462 1461//1461
f 1458//1458 1459//1459 1462//1462
f 1429//1429 1459//1459 1454//1454
f 1429//1429 1434//1434 1459//1459
f 1434//1434 1462//1462 1459//1459
f 1434//1434 1437//1437 1462//1462
f 1451//1451 1464//1464 1463//1463
f 1451//1451 1452//1452 1464//1464
f 1451//1451 1465//1465 1456//1456
f 1451//1451 1463//1463 1465//1465
f 1466//1466 1468//1468 1467//1467
f 1466//1466 1463//1463 1468//1468
f 1466//1466 1465//1465 1463//1463
f 1466//1466 1327//1327 1465//1465
f 1466//1466 1331//1331 1327//1327
f 1466//1466 1467//1467 1331//1331
f 1463//1463 1469//1469 1468//1468
f 1463//1463 1464//1464 1469//1469
f 1320//1320 1465//1465 1327//1327
f 1320//1320 1456//1456 1465//1465
f 1452//1452 1470//1470 1464//1464
f 1452//1452 1457//1457 1470//1470
f 1457//1457 1471//1471 1470//1470
f 1457//1457 1460//1460 1471//1471
f 1464//1464 1472//1472 1469//1469
f 1464//1464 1470//1470 1472//1472
f 1470//1470 1473//1473 1472//1472
f 1470//1470 1471//1471 1473//1473
f 1461//1461 1474//1474 1460//1460
f 1461//1461 1475//1475 1474//1474
f 1461//1461 1476//1476 1475//1475
f 1461//1461 1462//1462 1476//1476
f 1475//1475 1477//1477 1474//1474
f 1475//1475 1478//1478 1477//1477
f 1475//1475 1479//1479 1478//1478
f 1475//1475 1476//1476 1479//1479
f 1437//1437 1476//1476 1462//1462
f 1437//1437 1440//1440 1476//1476
f 1440//1440 1479//1479 1476//1476
f 1440//1440 1443//1443 1479//1479
f 1480//1480 1482//1482 1481//1481
f 1480//1480 1483//1483 1482//1482
f 1478//1478 1481//1481 1477//1477
f 1478//1478 1480//1480 1481//1481
f 1478//1478 1483//1483 1480//1480
f 1478//1478 1479//1479 1483//1483
f 1443//1443 1483//1483 1479//1479
f 1443//1443 1447//1447 1483//1483
f 1484//1484 1486//1486 1485//1485
f 1484//1484 1487//1487 1486//1486
f 1447//1447 1485//1485 1483//1483
f 1447//1447 1484//1484 1485//1485
f 1447//1447 1487//1487 1484//1484
f 1447//1447 1448//1448 1487//1487
f 1483//1483 1488//1488 1482//1482
f 1483//1483 1485//1485 1488//1488
f 1460//1460 1489//1489 1471//1471
f 1460//1460 1474//1474 1489//1489
f 1474//1474 1490//1490 1489//1489
f 1474//1474 1477//1477 1490//1490
f 1471//1471 1491//1491 1473//1473
f 1471//1471 1489//1489 1491//1491
f 1489//1489 1492//1492 1491//1491
f 1489//1489 1490//1490 1492//1492
f 1477//1477 1493//1493 1490//1490
f 1477//1477 1481//1481 1493//1493
f 1494//1494 1496//1496 1495//1495
f 1494//1494 1488//1488 1496//1496
f 1481//1481 1495//1495 1493//1493
f 1481//1481 1494//1494 1495//1495
f 1481//1481 1488//1488 1494//1494
f 1481//1481 1482//1482 1488//1488
f 1490//1490 1497//1497 1492//1492
f 1490//1490 1493//1493 1497//1497
f 1495//1495 1499//1499 1498//1498
f 1495//1495 1496//1496 1499//1499
f 1493//1493 1498//1498 1497//1497
f 1493//1493 1495//1495 1498//1498
f 1500//1500 1501//1501 1348//1348
f 1500//1500 1502//1502 1501//1501
f 1500//1500 1503//1503 1502//1502
f 1500//1500 1360//1360 1503//1503
f 1500//1500 1349//1349 1360//1360
f 1500//1500 1348//1348 1349//1349
f 1502//1502 1504//1504 1501//1501
f 1502//1502 1505//1505 1504//1504
f 1502//1502 1506//1506 1505//1505
f 1502//1502 1503//1503 1506//1506
f 1505//1505 1507//1507 1504//1504
f 1505//1505 1508//1508 1507//1507
f 1505//1505 1509//1509 1508//1508
f 1505//1505 1506//1506 1509//1509
f 1508//1508 1510//1510 1507//1507
f 1508//1508 1511//1511 1510//1510
f 1508//1508 1512//1512 1511//1511
f 1508//1508 1509//1509 1512//1512
f 1513//1513 1432//1432 1340//1340
f 1513//1513 1514//1514 1432//1432
f 1513//1513 1501//1501 1514//1514
f 1513//1513 1348//1348 1501//1501
f 1513//1513 1341//1341 1348//1348
f 1513//1513 1340//1340 1341//1341
f 1514//1514 1431//1431 1432//1432
f 1514//1514 1515//1515 1431//1431
f 1514//1514 1504//1504 1515//1515
f 1514//1514 1501//1501 1504//1504
f 1340//1340 1433//1433 1316//1316
f 1340//1340 1432//1432 1433//1433
f 1515//1515 1436//1436 1431//1431
f 1515//1515 1516//1516 1436//1436
f 1515//1515 1507//1507 1516//1516
f 1515//1515 1504//1504 1507//1507
f 1516//1516 1439//1439 1436//1436
f 1516//1516 1517//1517 1439//1439
f 1516//1516 1510//1510 1517//1517
f 1516//1516 1507//1507 1510//1510
f 1518//1518 1503//1503 1360//1360
f 1518//1518 1519//1519 1503//1503
f 1518//1518 1299//1299 1519//1519
f 1518//1518 1363//1363 1299//1299
f 1518//1518 1361//1361 1363//1363
f 1518//1518 1360//1360 1361//1361
f 1519//1519 1506//1506 1503//1503
f 1519//1519 1520//1520 1506//1506
f 1519//1519 1300//1300 1520//1520
f 1519//1519 1299//1299 1300//1300
f 1363//1363 1304//1304 1299//1299
f 1363//1363 1364//1364 1304//1304
f 1520//1520 1509//1509 1506//1506
f 1520//1520 1521//1521 1509//1509
f 1520//1520 1305//1305 1521//1521
f 1520//1520 1300//1300 1305//1305
f 1521//1521 1512//1512 1509//1509
f 1521//1521 1522//1522 1512//1512
f 1521//1521 1309//1309 1522//1522
f 1521//1521 1305//1305 1309//1309
f 1511//1511 1523//1523 1510//1510
f 1511//1511 1524//1524 1523//1523
f 1511//1511 1525//1525 1524//1524
f 1511//1511 1512//1512 1525//1525
f 1524//1524 1526//1526 1523//1523
f 1524//1524 1527//1527 1526//1526
f 1524//1524 1528//1528 1527//1527
f 1524//1524 1525//1525 1528//1528
f 1529//1529 1531//1531 1530//1530
f 1529//1529 1532//1532 1531//1531
f 1527//1527 1530//1530 1526//1526
f 1527//1527 1529//1529 1530//1530
f 1527//1527 1532//1532 1529//1529
f 1527//1527 1528//1528 1532//1532
f 1517//1517 1442//1442 1439//1439
f 1517//1517 1533//1533 1442//1442
f 1517//1517 1523//1523 1533//1533
f 1517//1517 1510//1510 1523//1523
f 1533//1533 1445//1445 1442//1442
f 1533//1533 1534//1534 1445//1445
f 1533//1533 1526//1526 1534//1534
f 1533//1533 1523//1523 1526//1526
f 1535//1535 1536//1536 1449//1449
f 1535//1535 1530//1530 1536//1536
f 1534//1534 1449//1449 1445//1445
f 1534//1534 1535//1535 1449//1449
f 1534//1534 1530//1530 1535//1535
f 1534//1534 1526//1526 1530//1530
f 1449//1449 1487//1487 1448//1448
f 1449//1449 1537//1537 1487//1487
f 1449//1449 1538//1538 1537//1537
f 1449//1449 1536//1536 1538//1538
f 1530//1530 1538//1538 1536//1536
f 1530//1530 1539//1539 1538//1538
f 1530//1530 1540//1540 1539//1539
f 1530//1530 1531//1531 1540//1540
f 1522//1522 1525//1525 1512//1512
f 1522//1522 1541//1541 1525//1525
f 1522//1522 1542//1542 1541//1541
f 1522//1522 1309//1309 1542//1542
f 1543//1543 1544//1544 1528//1528
f 1543//1543 1545//1545 1544//1544
f 1541//1541 1528//1528 1525//1525
f 1541//1541 1543//1543 1528//1528
f 1541//1541 1545//1545 1543//1543
f 1541//1541 1542//1542 1545//1545
f 1309//1309 1546//1546 1542//1542
f 1309//1309 1310//1310 1546//1546
f 1542//1542 1547//1547 1545//1545
f 1542//1542 1546//1546 1547//1547
f 1528//1528 1548//1548 1532//1532
f 1528//1528 1544//1544 1548//1548
f 1549//1549 1550//1550 1540//1540
f 1549//1549 1551//1551 1550//1550
f 1532//1532 1540//1540 1531//1531
f 1532//1532 1549//1549 1540//1540
f 1532//1532 1551//1551 1549//1549
f 1532//1532 1548//1548 1551//1551
f 1545//1545 1548//1548 1544//1544
f 1545//1545 1552//1552 1548//1548
f 1545//1545 1553//1553 1552//1552
f 1545//1545 1547//1547 1553//1553
f 1554//1554 1555//1555 1551//1551
f 1554//1554 1556//1556 1555//1555
f 1552//1552 1551//1551 1548//1548
f 1552//1552 1554//1554 1551//1551
f 1552//1552 1556//1556 1554//1554
f 1552//1552 1553//1553 1556//1556
f 1557//1557 1559//1559 1558//1558
f 1557//1557 1560//1560 1559//1559
f 1485//1485 1558//1558 1488//1488
f 1485//1485 1557//1557 1558//1558
f 1485//1485 1560//1560 1557//1557
f 1485//1485 1486//1486 1560//1560
f 1558//1558 1562//1562 1561//1561
f 1558//1558 1559//1559 1562//1562
f 1488//1488 1561//1561 1496//1496
f 1488//1488 1558//1558 1561//1561
f 1496//1496 1563//1563 1499//1499
f 1496//1496 1561//1561 1563//1563
f 1564//1564 1566//1566 1565//1565
f 1564//1564 1567//1567 1566//1566
f 1561//1561 1565//1565 1563//1563
f 1561//1561 1564//1564 1565//1565
f 1561//1561 1567//1567 1564//1564
f 1561//1561 1562//1562 1567//1567
f 1568//1568 1570//1570 1569//1569
f 1568//1568 1571//1571 1570//1570
f 1537//1537 1569//1569 1487//1487
f 1537//1537 1568//1568 1569//1569
f 1537//1537 1571//1571 1568//1568
f 1537//1537 1538//1538 1571//1571
f 1572//1572 1573//1573 1571//1571
f 1572//1572 1574//1574 1573//1573
f 1539//1539 1571//1571 1538//1538
f 1539//1539 1572//1572 1571//1571
f 1539//1539 1574//1574 1572//1572
f 1539//1539 1540//1540 1574//1574
f 1575//1575 1577//1577 1576//1576
f 1575//1575 1578//1578 1577//1577
f 1571//1571 1576//1576 1570//1570
f 1571//1571 1575//1575 1576//1576
f 1571//1571 1578//1578 1575//1575
f 1571//1571 1573//1573 1578//1578
f 1579//1579 1581//1581 1580//1580
f 1579//1579 1582//1582 1581//1581
f 1551//1551 1580//1580 1550//1550
f 1551//1551 1579//1579 1580//1580
f 1551//1551 1582//1582 1579//1579
f 1551//1551 1555//1555 1582//1582
f 1540//1540 1580//1580 1574//1574
f 1540//1540 1550//1550 1580//1580
f 1583//1583 1584//1584 1578//1578
f 1583//1583 1585//1585 1584//1584
f 1574//1574 1578//1578 1573//1573
f 1574//1574 1583//1583 1578//1578
f 1574//1574 1585//1585 1583//1583
f 1574//1574 1580//1580 1585//1585
f 1578//1578 1586//1586 1577//1577
f 1578//1578 1584//1584 1586//1586
f 1585//1585 1587//1587 1584//1584
f 1585//1585 1588//1588 1587//1587
f 1580//1580 1588//1588 1585//1585
f 1580//1580 1581//1581 1588//1588
f 1589//1589 1591//1591 1590//1590
f 1589//1589 1592//1592 1591//1591
f 1584//1584 1590//1590 1586//1586
f 1584//1584 1589//1589 1590//1590
f 1584//1584 1592//1592 1589//1589
f 1584//1584 1587//1587 1592//1592
f 1569//1569 1593//1593 1560//1560
f 1569//1569 1570//1570 1593//1593
f 1487//1487 1560//1560 1486//1486
f 1487//1487 1569//1569 1560//1560
f 1594//1594 1596//1596 1595//1595
f 1594//1594 1597//1597 1596//1596
f 1560//1560 1595//1595 1559//1559
f 1560//1560 1594//1594 1595//1595
f 1560//1560 1597//1597 1594//1594
f 1560//1560 1593//1593 1597//1597
f 1576//1576 1598//1598 1597//1597
f 1576//1576 1577//1577 1598//1598
f 1570//1570 1597//1597 1593//1593
f 1570//1570 1576//1576 1597//1597
f 1599//1599 1601//1601 1600//1600
f 1599//1599 1602//1602 1601//1601
f 1597//1597 1600//1600 1596//1596
f 1597//1597 1599//1599 1600//1600
f 1597//1597 1602//1602 1599//1599
f 1597//1597 1598//1598 1602//1602
f 1595//1595 1603//1603 1567//1567
f 1595//1595 1596//1596 1603//1603
f 1559//1559 1567//1567 1562//1562
f 1559//1559 1595//1595 1567//1567
f 1567//1567 1604//1604 1566//1566
f 1567//1567 1603//1603 1604//1604
f 1600//1600 1606//1606 1605//1605
f 1600//1600 1601//1601 1606//1606
f 1596//1596 1605//1605 1603//1603
f 1596//1596 1600//1600 1605//1605
f 1605//1605 1608//1608 1607//1607
f 1605//1605 1606//1606 1608//1608
f 1603//1603 1607//1607 1604//1604
f 1603//1603 1605//1605 1607//1607
f 1609//1609 1610//1610 1602//1602
f 1609//1609 1590//1590 1610//1610
f 1577//1577 1602//1602 1598//1598
f 1577//1577 1609//1609 1602//1602
f 1577//1577 1590//1590 1609//1609
f 1577//1577 1586//1586 1590//1590
f 1602//1602 1611//1611 1601//1601
f 1602//1602 1610//1610 1611//1611
f 1590//1590 1612//1612 1610//1610
f 1590//1590 1591//1591 1612//1612
f 1613//1613 1615//1615 1614//1614
f 1613//1613 1616//1616 1615//1615
f 1610//1610 1614//1614 1611//1611
f 1610//1610 1613//1613 1614//1614
f 1610//1610 1616//1616 1613//1613
f 1610//1610 1612//1612 1616//1616
f 1617//1617 1619//1619 1618//1618
f 1617//1617 1614//1614 1619//1619
f 1601//1601 1618//1618 1606//1606
f 1601//1601 1617//1617 1618//1618
f 1601//1601 1614//1614 1617//1617
f 1601//1601 1611//1611 1614//1614
f 1618//1618 1621//1621 1620//1620
f 1618//1618 1619//1619 1621//1621
f 1606//1606 1620//1620 1608//1608
f 1606//1606 1618//1618 1620//1620
f 1614//1614 1622//1622 1619//1619
f 1614//1614 1615//1615 1622//1622
f 1619//1619 1623//1623 1621//1621
f 1619//1619 1622//1622 1623//1623
f 39//39 1625//1625 1624//1624
f 39//39 40//40 1625//1625
f 39//39 1626//1626 41//41
f 39//39 1624//1624 1626//1626
f 1624//1624 1628//1628 1627//1627
f 1624//1624 1625//1625 1628//1628
f 1624//1624 1629//1629 1626//1626
f 1624//1624 1627//1627 1629//1629
f 45//45 1631//1631 1630//1630
f 45//45 46//46 1631//1631
f 45//45 1625//1625 40//40
f 45//45 1630//1630 1625//1625
f 46//46 1632//1632 1631//1631
f 46//46 47//47 1632//1632
f 1630//1630 1634//1634 1633//1633
f 1630//1630 1631//1631 1634//1634
f 1630//1630 1628//1628 1625//1625
f 1630//1630 1633//1633 1628//1628
f 1631//1631 1635//1635 1634//1634
f 1631//1631 1632//1632 1635//1635
f 1627//1627 1637//1637 1636//1636
f 1627//1627 1628//1628 1637//1637
f 1627//1627 1638//1638 1629//1629
f 1627//1627 1636//1636 1638//1638
f 1639//1639 1641//1641 1640//1640
f 1639//1639 1642//1642 1641//1641
f 1636//1636 1642//1642 1639//1639
f 1636//1636 1637//1637 1642//1642
f 1636//1636 1640//1640 1638//1638
f 1636//1636 1639//1639 1640//1640
f 1643//1643 1644//1644 1637//1637
f 1643//1643 1645//1645 1644//1644
f 1633//1633 1645//1645 1643//1643
f 1633//1633 1634//1634 1645//1645
f 1633//1633 1637//1637 1628//1628
f 1633//1633 1643//1643 1637//1637
f 1634//1634 1646//1646 1645//1645
f 1634//1634 1635//1635 1646//1646
f 1645//1645 1648//1648 1647//1647
f 1645//1645 1646//1646 1648//1648
f 1645//1645 1649//1649 1644//1644
f 1645//1645 1647//1647 1649//1649
f 1637//1637 1649//1649 1642//1642
f 1637//1637 1644//1644 1649//1649
f 1650//1650 1652//1652 1651//1651
f 1650//1650 1653//1653 1652//1652
f 1647//1647 1653//1653 1650//1650
f 1647//1647 1648//1648 1653//1653
f 1647//1647 1651//1651 1649//1649
f 1647//1647 1650//1650 1651//1651
f 1642//1642 1651//1651 1654//1654
f 1642//1642 1649//1649 1651//1651
f 1642//1642 1655//1655 1641//1641
f 1642//1642 1654//1654 1655//1655
f 1656//1656 1658//1658 1657//1657
f 1656//1656 1659//1659 1658//1658
f 1654//1654 1659//1659 1656//1656
f 1654//1654 1651//1651 1659//1659
f 1654//1654 1657//1657 1655//1655
f 1654//1654 1656//1656 1657//1657
f 1651//1651 1660//1660 1659//1659
f 1651//1651 1652//1652 1660//1660
f 1661//1661 1663//1663 1662//1662
f 1661//1661 1664//1664 1663//1663
f 1659//1659 1664//1664 1661//1661
f 1659//1659 1660//1660 1664//1664
f 1659//1659 1662//1662 1658//1658
f 1659//1659 1661//1661 1662//1662
f 139//139 1666//1666 1665//1665
f 139//139 140//140 1666//1666
f 139//139 1632//1632 47//47
f 139//139 1665//1665 1632//1632
f 140//140 1667//1667 1666//1666
f 140//140 141//141 1667//1667
f 1665//1665 1669//1669 1668//1668
f 1665//1665 1666//1666 1669//1669
f 1665//1665 1635//1635 1632//1632
f 1665//1665 1668//1668 1635//1635
f 1666//1666 1670//1670 1669//1669
f 1666//1666 1667//1667 1670//1670
f 145//145 1672//1672 1671//1671
f 145//145 146//146 1672//1672
f 145//145 1673//1673 147//147
f 145//145 1671//1671 1673//1673
f 1671//1671 1675//1675 1674//1674
f 1671//1671 1672//1672 1675//1675
f 1671//1671 1676//1676 1673//1673
f 1671//1671 1674//1674 1676//1676
f 141//141 1673//1673 1667//1667
f 141//141 147//147 1673//1673
f 1667//1667 1676//1676 1670//1670
f 1667//1667 1673//1673 1676//1676
f 1677//1677 1678//1678 1646//1646
f 1677//1677 1679//1679 1678//1678
f 1668//1668 1679//1679 1677//1677
f 1668//1668 1669//1669 1679//1679
f 1668//1668 1646//1646 1635//1635
f 1668//1668 1677//1677 1646//1646
f 1669//1669 1680//1680 1679//1679
f 1669//1669 1670//1670 1680//1680
f 1679//1679 1682//1682 1681//1681
f 1679//1679 1680//1680 1682//1682
f 1679//1679 1683//1683 1678//1678
f 1679//1679 1681//1681 1683//1683
f 1684//1684 1686//1686 1685//1685
f 1684//1684 1687//1687 1686//1686
f 1674//1674 1687//1687 1684//1684
f 1674//1674 1675//1675 1687//1687
f 1674//1674 1685//1685 1676//1676
f 1674//1674 1684//1684 1685//1685
f 1670//1670 1685//1685 1680//1680
f 1670//1670 1676//1676 1685//1685
f 1680//1680 1688//1688 1682//1682
f 1680//1680 1685//1685 1688//1688
f 1685//1685 1689//1689 1688//1688
f 1685//1685 1686//1686 1689//1689
f 1646//1646 1683//1683 1648//1648
f 1646//1646 1678//1678 1683//1683
f 146//146 1690//1690 1672//1672
f 146//146 159//159 1690//1690
f 159//159 1691//1691 1690//1690
f 159//159 160//160 1691//1691
f 1672//1672 1692//1692 1675//1675
f 1672//1672 1690//1690 1692//1692
f 1690//1690 1693//1693 1692//1692
f 1690//1690 1691//1691 1693//1693
f 160//160 1694//1694 1691//1691
f 160//160 163//163 1694//1694
f 163//163 1695//1695 1694//1694
f 163//163 164//164 1695//1695
f 1691//1691 1696//1696 1693//1693
f 1691//1691 1694//1694 1696//1696
f 1694//1694 1697//1697 1696//1696
f 1694//1694 1695//1695 1697//1697
f 1675//1675 1698//1698 1687//1687
f 1675//1675 1692//1692 1698//1698
f 1692//1692 1699//1699 1698//1698
f 1692//1692 1693//1693 1699//1699
f 1700//1700 1701//1701 1689//1689
f 1700//1700 1702//1702 1701//1701
f 1687//1687 1702//1702 1700//1700
f 1687//1687 1698//1698 1702//1702
f 1687//1687 1689//1689 1686//1686
f 1687//1687 1700//1700 1689//1689
f 1698//1698 1703//1703 1702//1702
f 1698//1698 1699//1699 1703//1703
f 1693//1693 1704//1704 1699//1699
f 1693//1693 1696//1696 1704//1704
f 1696//1696 1705//1705 1704//1704
f 1696//1696 1697//1697 1705//1705
f 1699//1699 1706//1706 1703//1703
f 1699//1699 1704//1704 1706//1706
f 1704//1704 1707//1707 1706//1706
f 1704//1704 1705//1705 1707//1707
f 1708//1708 1710//1710 1709//1709
f 1708//1708 1711//1711 1710//1710
f 1681//1681 1711//1711 1708//1708
f 1681//1681 1682//1682 1711//1711
f 1681//1681 1709//1709 1683//1683
f 1681//1681 1708//1708 1709//1709
f 1711//1711 1712//1712 1710//1710
f 1711//1711 1713//1713 1712//1712
f 1682//1682 1713//1713 1711//1711
f 1682//1682 1688//1688 1713//1713
f 1688//1688 1714//1714 1713//1713
f 1688//1688 1689//1689 1714//1714
f 1715//1715 1717//1717 1716//1716
f 1715//1715 1718//1718 1717//1717
f 1713//1713 1718//1718 1715//1715
f 1713//1713 1714//1714 1718//1718
f 1713//1713 1716//1716 1712//1712
f 1713//1713 1715//1715 1716//1716
f 1648//1648 1709//1709 1653//1653
f 1648//1648 1683//1683 1709//1709
f 1719//1719 1720//1720 1660//1660
f 1719//1719 1721//1721 1720//1720
f 1653//1653 1721//1721 1719//1719
f 1653//1653 1709//1709 1721//1721
f 1653//1653 1660//1660 1652//1652
f 1653//1653 1719//1719 1660//1660
f 1709//1709 1722//1722 1721//1721
f 1709//1709 1710//1710 1722//1722
f 1710//1710 1716//1716 1722//1722
f 1710//1710 1712//1712 1716//1716
f 1723//1723 1725//1725 1724//1724
f 1723//1723 1726//1726 1725//1725
f 1721//1721 1726//1726 1723//1723
f 1721//1721 1722//1722 1726//1726
f 1721//1721 1724//1724 1720//1720
f 1721//1721 1723//1723 1724//1724
f 1664//1664 1727//1727 1663//1663
f 1664//1664 1724//1724 1727//1727
f 1660//1660 1724//1724 1664//1664
f 1660//1660 1720//1720 1724//1724
f 1728//1728 1730//1730 1729//1729
f 1728//1728 1731//1731 1730//1730
f 1724//1724 1731//1731 1728//1728
f 1724//1724 1725//1725 1731//1731
f 1724//1724 1729//1729 1727//1727
f 1724//1724 1728//1728 1729//1729
f 1726//1726 1732//1732 1725//1725
f 1726//1726 1733//1733 1732//1732
f 1722//1722 1733//1733 1726//1726
f 1722//1722 1716//1716 1733//1733
f 1733//1733 1734//1734 1732//1732
f 1733//1733 1735//1735 1734//1734
f 1716//1716 1735//1735 1733//1733
f 1716//1716 1717//1717 1735//1735
f 1731//1731 1736//1736 1730//1730
f 1731//1731 1737//1737 1736//1736
f 1725//1725 1737//1737 1731//1731
f 1725//1725 1732//1732 1737//1737
f 1737//1737 1738//1738 1736//1736
f 1737//1737 1739//1739 1738//1738
f 1732//1732 1739//1739 1737//1737
f 1732//1732 1734//1734 1739//1739
f 1740//1740 1742//1742 1741//1741
f 1740//1740 1743//1743 1742//1742
f 1702//1702 1743//1743 1740//1740
f 1702//1702 1703//1703 1743//1743
f 1702//1702 1741//1741 1701//1701
f 1702//1702 1740//1740 1741//1741
f 1689//1689 1741//1741 1714//1714
f 1689//1689 1701//1701 1741//1741
f 1718//1718 1744//1744 1717//1717
f 1718//1718 1745//1745 1744//1744
f 1714//1714 1745//1745 1718//1718
f 1714//1714 1741//1741 1745//1745
f 1745//1745 1746//1746 1744//1744
f 1745//1745 1747//1747 1746//1746
f 1741//1741 1747//1747 1745//1745
f 1741//1741 1742//1742 1747//1747
f 1743//1743 1748//1748 1742//1742
f 1743//1743 1749//1749 1748//1748
f 1703//1703 1749//1749 1743//1743
f 1703//1703 1706//1706 1749//1749
f 1749//1749 1750//1750 1748//1748
f 1749//1749 1751//1751 1750//1750
f 1706//1706 1751//1751 1749//1749
f 1706//1706 1707//1707 1751//1751
f 1747//1747 1752//1752 1746//1746
f 1747//1747 1753//1753 1752//1752
f 1742//1742 1753//1753 1747//1747
f 1742//1742 1748//1748 1753//1753
f 1753//1753 1754//1754 1752//1752
f 1753//1753 1755//1755 1754//1754
f 1748//1748 1755//1755 1753//1753
f 1748//1748 1750//1750 1755//1755
f 1735//1735 1756//1756 1734//1734
f 1735//1735 1757//1757 1756//1756
f 1717//1717 1757//1757 1735//1735
f 1717//1717 1744//1744 1757//1757
f 1757//1757 1758//1758 1756//1756
f 1757//1757 1759//1759 1758//1758
f 1744//1744 1759//1759 1757//1757
f 1744//1744 1746//1746 1759//1759
f 1739//1739 1760//1760 1738//1738
f 1739//1739 1761//1761 1760//1760
f 1734//1734 1761//1761 1739//1739
f 1734//1734 1756//1756 1761//1761
f 1761//1761 1762//1762 1760//1760
f 1761//1761 1763//1763 1762//1762
f 1756//1756 1763//1763 1761//1761
f 1756//1756 1758//1758 1763//1763
f 1759//1759 1764//1764 1758//1758
f 1759//1759 1765//1765 1764//1764
f 1746//1746 1765//1765 1759//1759
f 1746//1746 1752//1752 1765//1765
f 1765//1765 1766//1766 1764//1764
f 1765//1765 1767//1767 1766//1766
f 1752//1752 1767//1767 1765//1765
f 1752//1752 1754//1754 1767//1767
f 1763//1763 1768//1768 1762//1762
f 1763//1763 1769//1769 1768//1768
f 1758//1758 1769//1769 1763//1763
f 1758//1758 1764//1764 1769//1769
f 1769//1769 1770//1770 1768//1768
f 1769//1769 1771//1771 1770//1770
f 1764//1764 1771//1771 1769//1769
f 1764//1764 1766//1766 1771//1771
f 173//173 1773//1773 1772//1772
f 173//173 174//174 1773//1773
f 173//173 1695//1695 164//164
f 173//173 1772//1772 1695//1695
f 174//174 1774//1774 1773//1773
f 174//174 175//175 1774//1774
f 1775//1775 1776//1776 1697//1697
f 1775//1775 1777//1777 1776//1776
f 1772//1772 1777//1777 1775//1775
f 1772//1772 1773//1773 1777//1777
f 1772//1772 1697//1697 1695//1695
f 1772//1772 1775//1775 1697//1697
f 1777//1777 1778//1778 1776//1776
f 1777//1777 1779//1779 1778//1778
f 1773//1773 1779//1779 1777//1777
f 1773//1773 1774//1774 1779//1779
f 175//175 1780//1780 1774//1774
f 175//175 182//182 1780//1780
f 182//182 1781//1781 1780//1780
f 182//182 183//183 1781//1781
f 1779//1779 1782//1782 1778//1778
f 1779//1779 1783//1783 1782//1782
f 1774//1774 1783//1783 1779//1779
f 1774//1774 1780//1780 1783//1783
f 1783//1783 1784//1784 1782//1782
f 1783//1783 1785//1785 1784//1784
f 1780//1780 1785//1785 1783//1783
f 1780//1780 1781//1781 1785//1785
f 183//183 1786//1786 1781//1781
f 183//183 190//190 1786//1786
f 190//190 1787//1787 1786//1786
f 190//190 191//191 1787//1787
f 1785//1785 1788//1788 1784//1784
f 1785//1785 1789//1789 1788//1788
f 1781//1781 1789//1789 1785//1785
f 1781//1781 1786//1786 1789//1789
f 1789//1789 1790//1790 1788//1788
f 1789//1789 1791//1791 1790//1790
f 1786//1786 1791//1791 1789//1789
f 1786//1786 1787//1787 1791//1791
f 191//191 1792//1792 1787//1787
f 191//191 196//196 1792//1792
f 1792//1792 1794//1794 1793//1793
f 1792//1792 1795//1795 1794//1794
f 198//198 1794//1794 1795//1795
f 198//198 199//199 1794//1794
f 196//196 1795//1795 1792//1792
f 196//196 198//198 1795//1795
f 1791//1791 1796//1796 1790//1790
f 1791//1791 1797//1797 1796//1796
f 1792//1792 1796//1796 1797//1797
f 1792//1792 1793//1793 1796//1796
f 1787//1787 1797//1797 1791//1791
f 1787//1787 1792//1792 1797//1797
f 1697//1697 1798//1798 1705//1705
f 1697//1697 1776//1776 1798//1798
f 1776//1776 1799//1799 1798//1798
f 1776//1776 1778//1778 1799//1799
f 1705//1705 1800//1800 1707//1707
f 1705//1705 1798//1798 1800//1800
f 1798//1798 1801//1801 1800//1800
f 1798//1798 1799//1799 1801//1801
f 1778//1778 1802//1802 1799//1799
f 1778//1778 1782//1782 1802//1802
f 1782//1782 1803//1803 1802//1802
f 1782//1782 1784//1784 1803//1803
f 1799//1799 1804//1804 1801//1801
f 1799//1799 1802//1802 1804//1804
f 1802//1802 1805//1805 1804//1804
f 1802//1802 1803//1803 1805//1805
f 1793//1793 1806//1806 1796//1796
f 1793//1793 1794//1794 1806//1806
f 1784//1784 1807//1807 1803//1803
f 1784//1784 1788//1788 1807//1807
f 1788//1788 1808//1808 1807//1807
f 1788//1788 1790//1790 1808//1808
f 1805//1805 1810//1810 1809//1809
f 1805//1805 1811//1811 1810//1810
f 1803//1803 1811//1811 1805//1805
f 1803//1803 1807//1807 1811//1811
f 1811//1811 1812//1812 1810//1810
f 1811//1811 1813//1813 1812//1812
f 1807//1807 1813//1813 1811//1811
f 1807//1807 1808//1808 1813//1813
f 1790//1790 1814//1814 1808//1808
f 1790//1790 1796//1796 1814//1814
f 1796//1796 1815//1815 1814//1814
f 1796//1796 1806//1806 1815//1815
f 1813//1813 1816//1816 1812//1812
f 1813//1813 1817//1817 1816//1816
f 1808//1808 1817//1817 1813//1813
f 1808//1808 1814//1814 1817//1817
f 1817//1817 1818//1818 1816//1816
f 1817//1817 1819//1819 1818//1818
f 1815//1815 1818//1818 1819//1819
f 1815//1815 1820//1820 1818//1818
f 1814//1814 1819//1819 1817//1817
f 1814//1814 1815//1815 1819//1819
f 1812//1812 1822//1822 1821//1821
f 1812//1812 1816//1816 1822//1822
f 1816//1816 1823//1823 1822//1822
f 1816//1816 1818//1818 1823//1823
f 1751//1751 1824//1824 1750//1750
f 1751//1751 1825//1825 1824//1824
f 1707//1707 1825//1825 1751//1751
f 1707//1707 1800//1800 1825//1825
f 1825//1825 1826//1826 1824//1824
f 1825//1825 1827//1827 1826//1826
f 1800//1800 1827//1827 1825//1825
f 1800//1800 1801//1801 1827//1827
f 1755//1755 1828//1828 1754//1754
f 1755//1755 1829//1829 1828//1828
f 1750//1750 1829//1829 1755//1755
f 1750//1750 1824//1824 1829//1829
f 1829//1829 1830//1830 1828//1828
f 1829//1829 1831//1831 1830//1830
f 1824//1824 1831//1831 1829//1829
f 1824//1824 1826//1826 1831//1831
f 1827//1827 1832//1832 1826//1826
f 1827//1827 1833//1833 1832//1832
f 1801//1801 1833//1833 1827//1827
f 1801//1801 1804//1804 1833//1833
f 1833//1833 1834//1834 1832//1832
f 1833//1833 1835//1835 1834//1834
f 1805//1805 1834//1834 1835//1835
f 1805//1805 1809//1809 1834//1834
f 1804//1804 1835//1835 1833//1833
f 1804//1804 1805//1805 1835//1835
f 1832//1832 1837//1837 1836//1836
f 1832//1832 1834//1834 1837//1837
f 1831//1831 1838//1838 1830//1830
f 1831//1831 1839//1839 1838//1838
f 1832//1832 1838//1838 1839//1839
f 1832//1832 1836//1836 1838//1838
f 1826//1826 1839//1839 1831//1831
f 1826//1826 1832//1832 1839//1839
f 1830//1830 1841//1841 1840//1840
f 1830//1830 1838//1838 1841//1841
f 1838//1838 1842//1842 1841//1841
f 1838//1838 1843//1843 1842//1842
f 1836//1836 1843//1843 1838//1838
f 1836//1836 1837//1837 1843//1843
f 1841//1841 1845//1845 1844//1844
f 1841//1841 1842//1842 1845//1845
f 1767//1767 1846//1846 1766//1766
f 1767//1767 1847//1847 1846//1846
f 1754//1754 1847//1847 1767//1767
f 1754//1754 1828//1828 1847//1847
f 1847//1847 1848//1848 1846//1846
f 1847//1847 1849//1849 1848//1848
f 1830//1830 1848//1848 1849//1849
f 1830//1830 1840//1840 1848//1848
f 1828//1828 1849//1849 1847//1847
f 1828//1828 1830//1830 1849//1849
f 1846//1846 1851//1851 1850//1850
f 1846//1846 1848//1848 1851//1851
f 1771//1771 1852//1852 1770//1770
f 1771//1771 1853//1853 1852//1852
f 1846//1846 1852//1852 1853//1853
f 1846//1846 1850//1850 1852//1852
f 1766//1766 1853//1853 1771//1771
f 1766//1766 1846//1846 1853//1853
f 1848//1848 1854//1854 1851//1851
f 1848//1848 1855//1855 1854//1854
f 1841//1841 1854//1854 1855//1855
f 1841//1841 1844//1844 1854//1854
f 1840//1840 1855//1855 1848//1848
f 1840//1840 1841//1841 1855//1855
f 1834//1834 1856//1856 1837//1837
f 1834//1834 1857//1857 1856//1856
f 1809//1809 1857//1857 1834//1834
f 1809//1809 1810//1810 1857//1857
f 1857//1857 1858//1858 1856//1856
f 1857//1857 1859//1859 1858//1858
f 1812//1812 1858//1858 1859//1859
f 1812//1812 1821//1821 1858//1858
f 1810//1810 1859//1859 1857//1857
f 1810//1810 1812//1812 1859//1859
f 1856//1856 1861//1861 1860//1860
f 1856//1856 1858//1858 1861//1861
f 1843//1843 1862//1862 1842//1842
f 1843//1843 1863//1863 1862//1862
f 1856//1856 1862//1862 1863//1863
f 1856//1856 1860//1860 1862//1862
f 1837//1837 1863//1863 1843//1843
f 1837//1837 1856//1856 1863//1863
f 1842//1842 1864//1864 1845//1845
f 1842//1842 1862//1862 1864//1864
f 1862//1862 1865//1865 1864//1864
f 1862//1862 1866//1866 1865//1865
f 1861//1861 1865//1865 1866//1866
f 1861//1861 1867//1867 1865//1865
f 1860//1860 1866//1866 1862//1862
f 1860//1860 1861//1861 1866//1866
f 1858//1858 1868//1868 1861//1861
f 1858//1858 1869//1869 1868//1868
f 1821//1821 1869//1869 1858//1858
f 1821//1821 1822//1822 1869//1869
f 1869//1869 1870//1870 1868//1868
f 1869//1869 1871//1871 1870//1870
f 1823//1823 1870//1870 1871//1871
f 1823//1823 1872//1872 1870//1870
f 1822//1822 1871//1871 1869//1869
f 1822//1822 1823//1823 1871//1871
f 1861//1861 1873//1873 1867//1867
f 1861//1861 1868//1868 1873//1873
f 1868//1868 1874//1874 1873//1873
f 1868//1868 1870//1870 1874//1874
f 1872//1872 1874//1874 1870//1870
f 1872//1872 1875//1875 1874//1874
f 410//410 1877//1877 1876//1876
f 410//410 411//411 1877//1877
f 410//410 1878//1878 412//412
f 410//410 1876//1876 1878//1878
f 1876//1876 1880//1880 1879//1879
f 1876//1876 1877//1877 1880//1880
f 1876//1876 1881//1881 1878//1878
f 1876//1876 1879//1879 1881//1881
f 412//412 1882//1882 414//414
f 412//412 1878//1878 1882//1882
f 1878//1878 1883//1883 1882//1882
f 1878//1878 1881//1881 1883//1883
f 1879//1879 1885//1885 1884//1884
f 1879//1879 1880//1880 1885//1885
f 1879//1879 1886//1886 1881//1881
f 1879//1879 1884//1884 1886//1886
f 1887//1887 1889//1889 1888//1888
f 1887//1887 1890//1890 1889//1889
f 1884//1884 1890//1890 1887//1887
f 1884//1884 1885//1885 1890//1890
f 1884//1884 1888//1888 1886//1886
f 1884//1884 1887//1887 1888//1888
f 1881//1881 1891//1891 1883//1883
f 1881//1881 1886//1886 1891//1891
f 1886//1886 1892//1892 1891//1891
f 1886//1886 1888//1888 1892//1892
f 422//422 1626//1626 1893//1893
f 422//422 41//41 1626//1626
f 422//422 1894//1894 423//423
f 422//422 1893//1893 1894//1894
f 1893//1893 1629//1629 1895//1895
f 1893//1893 1626//1626 1629//1629
f 1893//1893 1896//1896 1894//1894
f 1893//1893 1895//1895 1896//1896
f 423//423 1877//1877 411//411
f 423//423 1894//1894 1877//1877
f 1894//1894 1880//1880 1877//1877
f 1894//1894 1896//1896 1880//1880
f 1897//1897 1899//1899 1898//1898
f 1897//1897 1638//1638 1899//1899
f 1895//1895 1638//1638 1897//1897
f 1895//1895 1629//1629 1638//1638
f 1895//1895 1898//1898 1896//1896
f 1895//1895 1897//1897 1898//1898
f 1638//1638 1900//1900 1899//1899
f 1638//1638 1640//1640 1900//1900
f 1896//1896 1885//1885 1880//1880
f 1896//1896 1898//1898 1885//1885
f 1898//1898 1900//1900 1901//1901
f 1898//1898 1899//1899 1900//1900
f 1898//1898 1890//1890 1885//1885
f 1898//1898 1901//1901 1890//1890
f 1902//1902 1904//1904 1903//1903
f 1902//1902 1905//1905 1904//1904
f 1888//1888 1905//1905 1902//1902
f 1888//1888 1889//1889 1905//1905
f 1888//1888 1903//1903 1892//1892
f 1888//1888 1902//1902 1903//1903
f 1640//1640 1655//1655 1906//1906
f 1640//1640 1641//1641 1655//1655
f 1640//1640 1907//1907 1900//1900
f 1640//1640 1906//1906 1907//1907
f 1908//1908 1910//1910 1909//1909
f 1908//1908 1657//1657 1910//1910
f 1906//1906 1657//1657 1908//1908
f 1906//1906 1655//1655 1657//1657
f 1906//1906 1909//1909 1907//1907
f 1906//1906 1908//1908 1909//1909
f 1911//1911 1913//1913 1912//1912
f 1911//1911 1907//1907 1913//1913
f 1901//1901 1907//1907 1911//1911
f 1901//1901 1900//1900 1907//1907
f 1901//1901 1912//1912 1890//1890
f 1901//1901 1911//1911 1912//1912
f 1907//1907 1914//1914 1913//1913
f 1907//1907 1909//1909 1914//1914
f 1915//1915 1917//1917 1916//1916
f 1915//1915 1918//1918 1917//1917
f 1909//1909 1918//1918 1915//1915
f 1909//1909 1910//1910 1918//1918
f 1909//1909 1916//1916 1914//1914
f 1909//1909 1915//1915 1916//1916
f 1919//1919 1920//1920 1918//1918
f 1919//1919 1662//1662 1920//1920
f 1657//1657 1662//1662 1919//1919
f 1657//1657 1658//1658 1662//1662
f 1657//1657 1918//1918 1910//1910
f 1657//1657 1919//1919 1918//1918
f 1921//1921 1923//1923 1922//1922
f 1921//1921 1924//1924 1923//1923
f 1662//1662 1924//1924 1921//1921
f 1662//1662 1663//1663 1924//1924
f 1662//1662 1922//1922 1920//1920
f 1662//1662 1921//1921 1922//1922
f 1925//1925 1927//1927 1926//1926
f 1925//1925 1922//1922 1927//1927
f 1918//1918 1922//1922 1925//1925
f 1918//1918 1920//1920 1922//1922
f 1918//1918 1926//1926 1917//1917
f 1918//1918 1925//1925 1926//1926
f 1890//1890 1905//1905 1889//1889
f 1890//1890 1912//1912 1905//1905
f 1912//1912 1914//1914 1928//1928
f 1912//1912 1913//1913 1914//1914
f 1912//1912 1929//1929 1905//1905
f 1912//1912 1928//1928 1929//1929
f 1905//1905 1930//1930 1904//1904
f 1905//1905 1929//1929 1930//1930
f 1931//1931 1933//1933 1932//1932
f 1931//1931 1916//1916 1933//1933
f 1928//1928 1916//1916 1931//1931
f 1928//1928 1914//1914 1916//1916
f 1928//1928 1932//1932 1929//1929
f 1928//1928 1931//1931 1932//1932
f 1934//1934 1936//1936 1935//1935
f 1934//1934 1926//1926 1936//1936
f 1916//1916 1926//1926 1934//1934
f 1916//1916 1917//1917 1926//1926
f 1916//1916 1935//1935 1933//1933
f 1916//1916 1934//1934 1935//1935
f 1929//1929 1937//1937 1930//1930
f 1929//1929 1932//1932 1937//1937
f 1938//1938 1940//1940 1939//1939
f 1938//1938 1935//1935 1940//1940
f 1932//1932 1935//1935 1938//1938
f 1932//1932 1933//1933 1935//1935
f 1932//1932 1939//1939 1937//1937
f 1932//1932 1938//1938 1939//1939
f 414//414 1941//1941 453//453
f 414//414 1882//1882 1941//1941
f 1882//1882 1942//1942 1941//1941
f 1882//1882 1883//1883 1942//1942
f 458//458 1941//1941 1943//1943
f 458//458 453//453 1941//1941
f 458//458 1944//1944 459//459
f 458//458 1943//1943 1944//1944
f 1945//1945 1947//1947 1946//1946
f 1945//1945 1942//1942 1947//1947
f 1943//1943 1942//1942 1945//1945
f 1943//1943 1941//1941 1942//1942
f 1943//1943 1946//1946 1944//1944
f 1943//1943 1945//1945 1946//1946
f 1883//1883 1948//1948 1942//1942
f 1883//1883 1891//1891 1948//1948
f 1891//1891 1949//1949 1948//1948
f 1891//1891 1892//1892 1949//1949
f 1942//1942 1950//1950 1947//1947
f 1942//1942 1948//1948 1950//1950
f 1948//1948 1951//1951 1950//1950
f 1948//1948 1949//1949 1951//1951
f 459//459 1952//1952 467//467
f 459//459 1944//1944 1952//1952
f 1944//1944 1953//1953 1952//1952
f 1944//1944 1946//1946 1953//1953
f 467//467 1954//1954 469//469
f 467//467 1952//1952 1954//1954
f 1952//1952 1955//1955 1954//1954
f 1952//1952 1953//1953 1955//1955
f 1946//1946 1950//1950 1956//1956
f 1946//1946 1947//1947 1950//1950
f 1946//1946 1957//1957 1953//1953
f 1946//1946 1956//1956 1957//1957
f 1958//1958 1960//1960 1959//1959
f 1958//1958 1951//1951 1960//1960
f 1956//1956 1951//1951 1958//1958
f 1956//1956 1950//1950 1951//1951
f 1956//1956 1959//1959 1957//1957
f 1956//1956 1958//1958 1959//1959
f 1953//1953 1961//1961 1955//1955
f 1953//1953 1957//1957 1961//1961
f 1957//1957 1962//1962 1961//1961
f 1957//1957 1959//1959 1962//1962
f 1892//1892 1963//1963 1949//1949
f 1892//1892 1903//1903 1963//1963
f 1964//1964 1966//1966 1965//1965
f 1964//1964 1930//1930 1966//1966
f 1903//1903 1930//1930 1964//1964
f 1903//1903 1904//1904 1930//1930
f 1903//1903 1965//1965 1963//1963
f 1903//1903 1964//1964 1965//1965
f 1949//1949 1967//1967 1951//1951
f 1949//1949 1963//1963 1967//1967
f 1963//1963 1968//1968 1967//1967
f 1963//1963 1965//1965 1968//1968
f 1969//1969 1971//1971 1970//1970
f 1969//1969 1972//1972 1971//1971
f 1965//1965 1972//1972 1969//1969
f 1965//1965 1966//1966 1972//1972
f 1965//1965 1970//1970 1968//1968
f 1965//1965 1969//1969 1970//1970
f 1951//1951 1973//1973 1960//1960
f 1951//1951 1967//1967 1973//1973
f 1967//1967 1974//1974 1973//1973
f 1967//1967 1968//1968 1974//1974
f 1975//1975 1977//1977 1976//1976
f 1975//1975 1973//1973 1977//1977
f 1959//1959 1973//1973 1975//1975
f 1959//1959 1960//1960 1973//1973
f 1959//1959 1976//1976 1962//1962
f 1959//1959 1975//1975 1976//1976
f 1973//1973 1978//1978 1977//1977
f 1973//1973 1974//1974 1978//1978
f 1968//1968 1979//1979 1974//1974
f 1968//1968 1970//1970 1979//1979
f 1980//1980 1982//1982 1981//1981
f 1980//1980 1983//1983 1982//1982
f 1970//1970 1983//1983 1980//1980
f 1970//1970 1971//1971 1983//1983
f 1970//1970 1981//1981 1979//1979
f 1970//1970 1980//1980 1981//1981
f 1974//1974 1984//1984 1978//1978
f 1974//1974 1979//1979 1984//1984
f 1979//1979 1985//1985 1984//1984
f 1979//1979 1981//1981 1985//1985
f 1930//1930 1972//1972 1966//1966
f 1930//1930 1937//1937 1972//1972
f 1939//1939 1987//1987 1986//1986
f 1939//1939 1940//1940 1987//1987
f 1937//1937 1986//1986 1972//1972
f 1937//1937 1939//1939 1986//1986
f 1972//1972 1983//1983 1971//1971
f 1972//1972 1986//1986 1983//1983
f 1988//1988 1990//1990 1989//1989
f 1988//1988 1991//1991 1990//1990
f 1922//1922 1991//1991 1988//1988
f 1922//1922 1923//1923 1991//1991
f 1922//1922 1989//1989 1927//1927
f 1922//1922 1988//1988 1989//1989
f 1992//1992 1994//1994 1993//1993
f 1992//1992 1995//1995 1994//1994
f 1935//1935 1995//1995 1992//1992
f 1935//1935 1936//1936 1995//1995
f 1935//1935 1993//1993 1940//1940
f 1935//1935 1992//1992 1993//1993
f 1996//1996 1997//1997 1995//1995
f 1996//1996 1989//1989 1997//1997
f 1926//1926 1989//1989 1996//1996
f 1926//1926 1927//1927 1989//1989
f 1926//1926 1995//1995 1936//1936
f 1926//1926 1996//1996 1995//1995
f 1998//1998 2000//2000 1999//1999
f 1998//1998 2001//2001 2000//2000
f 1989//1989 2001//2001 1998//1998
f 1989//1989 1990//1990 2001//2001
f 1989//1989 1999//1999 1997//1997
f 1989//1989 1998//1998 1999//1999
f 2002//2002 2004//2004 2003//2003
f 2002//2002 1999//1999 2004//2004
f 1995//1995 1999//1999 2002//2002
f 1995//1995 1997//1997 1999//1999
f 1995//1995 2003//2003 1994//1994
f 1995//1995 2002//2002 2003//2003
f 2005//2005 2007//2007 2006//2006
f 2005//2005 2008//2008 2007//2007
f 1999//1999 2008//2008 2005//2005
f 1999//1999 2000//2000 2008//2008
f 1999//1999 2006//2006 2004//2004
f 1999//1999 2005//2005 2006//2006
f 2009//2009 2011//2011 2010//2010
f 2009//2009 2012//2012 2011//2011
f 1981//1981 2012//2012 2009//2009
f 1981//1981 1982//1982 2012//2012
f 1981//1981 2010//2010 1985//1985
f 1981//1981 2009//2009 2010//2010
f 1940//1940 2013//2013 1987//1987
f 1940//1940 1993//1993 2013//2013
f 2014//2014 2016//2016 2015//2015
f 2014//2014 2003//2003 2016//2016
f 1993//1993 2003//2003 2014//2014
f 1993//1993 1994//1994 2003//2003
f 1993//1993 2015//2015 2013//2013
f 1993//1993 2014//2014 2015//2015
f 2017//2017 2019//2019 2018//2018
f 2017//2017 2013//2013 2019//2019
f 1986//1986 2013//2013 2017//2017
f 1986//1986 1987//1987 2013//2013
f 1986//1986 2018//2018 1983//1983
f 1986//1986 2017//2017 2018//2018
f 2013//2013 2020//2020 2019//2019
f 2013//2013 2015//2015 2020//2020
f 2021//2021 2023//2023 2022//2022
f 2021//2021 2024//2024 2023//2023
f 2015//2015 2024//2024 2021//2021
f 2015//2015 2016//2016 2024//2024
f 2015//2015 2022//2022 2020//2020
f 2015//2015 2021//2021 2022//2022
f 2025//2025 2026//2026 2024//2024
f 2025//2025 2006//2006 2026//2026
f 2003//2003 2006//2006 2025//2025
f 2003//2003 2004//2004 2006//2006
f 2003//2003 2024//2024 2016//2016
f 2003//2003 2025//2025 2024//2024
f 2027//2027 2029//2029 2028//2028
f 2027//2027 2030//2030 2029//2029
f 2006//2006 2030//2030 2027//2027
f 2006//2006 2007//2007 2030//2030
f 2006//2006 2028//2028 2026//2026
f 2006//2006 2027//2027 2028//2028
f 2031//2031 2033//2033 2032//2032
f 2031//2031 2028//2028 2033//2033
f 2024//2024 2028//2028 2031//2031
f 2024//2024 2026//2026 2028//2028
f 2024//2024 2032//2032 2023//2023
f 2024//2024 2031//2031 2032//2032
f 2028//2028 2034//2034 2033//2033
f 2028//2028 2029//2029 2034//2034
f 1983//1983 2012//2012 1982//1982
f 1983//1983 2018//2018 2012//2012
f 2035//2035 2037//2037 2036//2036
f 2035//2035 2020//2020 2037//2037
f 2018//2018 2020//2020 2035//2035
f 2018//2018 2019//2019 2020//2020
f 2018//2018 2036//2036 2012//2012
f 2018//2018 2035//2035 2036//2036
f 2012//2012 2038//2038 2011//2011
f 2012//2012 2036//2036 2038//2038
f 2022//2022 2040//2040 2039//2039
f 2022//2022 2023//2023 2040//2040
f 2020//2020 2039//2039 2037//2037
f 2020//2020 2022//2022 2039//2039
f 2041//2041 2043//2043 2042//2042
f 2041//2041 2039//2039 2043//2043
f 2036//2036 2039//2039 2041//2041
f 2036//2036 2037//2037 2039//2039
f 2036//2036 2042//2042 2038//2038
f 2036//2036 2041//2041 2042//2042
f 2044//2044 2046//2046 2045//2045
f 2044//2044 2047//2047 2046//2046
f 2039//2039 2047//2047 2044//2044
f 2039//2039 2040//2040 2047//2047
f 2039//2039 2045//2045 2043//2043
f 2039//2039 2044//2044 2045//2045
f 2032//2032 2048//2048 2047//2047
f 2032//2032 2033//2033 2048//2048
f 2023//2023 2047//2047 2040//2040
f 2023//2023 2032//2032 2047//2047
f 2047//2047 2049//2049 2046//2046
f 2047//2047 2048//2048 2049//2049
f 2050//2050 2052//2052 2051//2051
f 2050//2050 2053//2053 2052//2052
f 2033//2033 2053//2053 2050//2050
f 2033//2033 2034//2034 2053//2053
f 2033//2033 2051//2051 2048//2048
f 2033//2033 2050//2050 2051//2051
f 2051//2051 2055//2055 2054//2054
f 2051//2051 2052//2052 2055//2055
f 2048//2048 2054//2054 2049//2049
f 2048//2048 2051//2051 2054//2054
f 469//469 2056//2056 608//608
f 469//469 1954//1954 2056//2056
f 1954//1954 2057//2057 2056//2056
f 1954//1954 1955//1955 2057//2057
f 608//608 2058//2058 610//610
f 608//608 2056//2056 2058//2058
f 2056//2056 2059//2059 2058//2058
f 2056//2056 2057//2057 2059//2059
f 1955//1955 2060//2060 2057//2057
f 1955//1955 1961//1961 2060//2060
f 1961//1961 2061//2061 2060//2060
f 1961//1961 1962//1962 2061//2061
f 2057//2057 2062//2062 2059//2059
f 2057//2057 2060//2060 2062//2062
f 2060//2060 2063//2063 2062//2062
f 2060//2060 2061//2061 2063//2063
f 610//610 2064//2064 616//616
f 610//610 2058//2058 2064//2064
f 2058//2058 2065//2065 2064//2064
f 2058//2058 2059//2059 2065//2065
f 616//616 2066//2066 618//618
f 616//616 2064//2064 2066//2066
f 2064//2064 2067//2067 2066//2066
f 2064//2064 2065//2065 2067//2067
f 2059//2059 2068//2068 2065//2065
f 2059//2059 2062//2062 2068//2068
f 2062//2062 2069//2069 2068//2068
f 2062//2062 2063//2063 2069//2069
f 2065//2065 2070//2070 2067//2067
f 2065//2065 2068//2068 2070//2070
f 2068//2068 2071//2071 2070//2070
f 2068//2068 2069//2069 2071//2071
f 1962//1962 2072//2072 2061//2061
f 1962//1962 1976//1976 2072//2072
f 1976//1976 1978//1978 2073//2073
f 1976//1976 1977//1977 1978//1978
f 1976//1976 2074//2074 2072//2072
f 1976//1976 2073//2073 2074//2074
f 2061//2061 2075//2075 2063//2063
f 2061//2061 2072//2072 2075//2075
f 2072//2072 2076//2076 2075//2075
f 2072//2072 2074//2074 2076//2076
f 2077//2077 2079//2079 2078//2078
f 2077//2077 1984//1984 2079//2079
f 2073//2073 1984//1984 2077//2077
f 2073//2073 1978//1978 1984//1984
f 2073//2073 2078//2078 2074//2074
f 2073//2073 2077//2077 2078//2078
f 1984//1984 2080//2080 2079//2079
f 1984//1984 1985//1985 2080//2080
f 2074//2074 2081//2081 2076//2076
f 2074//2074 2078//2078 2081//2081
f 2082//2082 2084//2084 2083//2083
f 2082//2082 2080//2080 2084//2084
f 2078//2078 2080//2080 2082//2082
f 2078//2078 2079//2079 2080//2080
f 2078//2078 2083//2083 2081//2081
f 2078//2078 2082//2082 2083//2083
f 2063//2063 2085//2085 2069//2069
f 2063//2063 2075//2075 2085//2085
f 2075//2075 2086//2086 2085//2085
f 2075//2075 2076//2076 2086//2086
f 2069//2069 2087//2087 2071//2071
f 2069//2069 2085//2085 2087//2087
f 2085//2085 2088//2088 2087//2087
f 2085//2085 2086//2086 2088//2088
f 2076//2076 2089//2089 2086//2086
f 2076//2076 2081//2081 2089//2089
f 2083//2083 2091//2091 2090//2090
f 2083//2083 2084//2084 2091//2091
f 2081//2081 2090//2090 2089//2089
f 2081//2081 2083//2083 2090//2090
f 2086//2086 2092//2092 2088//2088
f 2086//2086 2089//2089 2092//2092
f 2089//2089 2093//2093 2092//2092
f 2089//2089 2090//2090 2093//2093
f 618//618 2094//2094 640//640
f 618//618 2066//2066 2094//2094
f 2066//2066 2095//2095 2094//2094
f 2066//2066 2067//2067 2095//2095
f 640//640 2096//2096 642//642
f 640//640 2094//2094 2096//2096
f 2094//2094 2097//2097 2096//2096
f 2094//2094 2095//2095 2097//2097
f 2067//2067 2098//2098 2095//2095
f 2067//2067 2070//2070 2098//2098
f 2070//2070 2099//2099 2098//2098
f 2070//2070 2071//2071 2099//2099
f 2095//2095 2100//2100 2097//2097
f 2095//2095 2098//2098 2100//2100
f 2098//2098 2101//2101 2100//2100
f 2098//2098 2099//2099 2101//2101
f 642//642 2102//2102 648//648
f 642//642 2096//2096 2102//2102
f 2096//2096 2103//2103 2102//2102
f 2096//2096 2097//2097 2103//2103
f 648//648 2104//2104 650//650
f 648//648 2102//2102 2104//2104
f 2102//2102 2105//2105 2104//2104
f 2102//2102 2103//2103 2105//2105
f 2097//2097 2106//2106 2103//2103
f 2097//2097 2100//2100 2106//2106
f 2100//2100 2107//2107 2106//2106
f 2100//2100 2101//2101 2107//2107
f 2103//2103 2108//2108 2105//2105
f 2103//2103 2106//2106 2108//2108
f 2106//2106 2109//2109 2108//2108
f 2106//2106 2107//2107 2109//2109
f 2071//2071 2110//2110 2099//2099
f 2071//2071 2087//2087 2110//2110
f 2087//2087 2111//2111 2110//2110
f 2087//2087 2088//2088 2111//2111
f 2099//2099 2112//2112 2101//2101
f 2099//2099 2110//2110 2112//2112
f 2110//2110 2113//2113 2112//2112
f 2110//2110 2111//2111 2113//2113
f 2088//2088 2114//2114 2111//2111
f 2088//2088 2092//2092 2114//2114
f 2092//2092 2115//2115 2114//2114
f 2092//2092 2093//2093 2115//2115
f 2111//2111 2116//2116 2113//2113
f 2111//2111 2114//2114 2116//2116
f 2114//2114 2117//2117 2116//2116
f 2114//2114 2115//2115 2117//2117
f 2101//2101 2118//2118 2107//2107
f 2101//2101 2112//2112 2118//2118
f 2112//2112 2119//2119 2118//2118
f 2112//2112 2113//2113 2119//2119
f 2107//2107 2120//2120 2109//2109
f 2107//2107 2118//2118 2120//2120
f 2118//2118 2121//2121 2120//2120
f 2118//2118 2119//2119 2121//2121
f 2113//2113 2122//2122 2119//2119
f 2113//2113 2116//2116 2122//2122
f 2116//2116 2123//2123 2122//2122
f 2116//2116 2117//2117 2123//2123
f 2119//2119 2124//2124 2121//2121
f 2119//2119 2122//2122 2124//2124
f 2122//2122 2125//2125 2124//2124
f 2122//2122 2123//2123 2125//2125
f 1985//1985 2126//2126 2080//2080
f 1985//1985 2010//2010 2126//2126
f 2127//2127 2129//2129 2128//2128
f 2127//2127 2038//2038 2129//2129
f 2010//2010 2038//2038 2127//2127
f 2010//2010 2011//2011 2038//2038
f 2010//2010 2128//2128 2126//2126
f 2010//2010 2127//2127 2128//2128
f 2080//2080 2130//2130 2084//2084
f 2080//2080 2126//2126 2130//2130
f 2126//2126 2131//2131 2130//2130
f 2126//2126 2128//2128 2131//2131
f 2132//2132 2134//2134 2133//2133
f 2132//2132 2135//2135 2134//2134
f 2128//2128 2135//2135 2132//2132
f 2128//2128 2129//2129 2135//2135
f 2128//2128 2133//2133 2131//2131
f 2128//2128 2132//2132 2133//2133
f 2084//2084 2136//2136 2091//2091
f 2084//2084 2130//2130 2136//2136
f 2130//2130 2137//2137 2136//2136
f 2130//2130 2131//2131 2137//2137
f 2138//2138 2140//2140 2139//2139
f 2138//2138 2136//2136 2140//2140
f 2090//2090 2136//2136 2138//2138
f 2090//2090 2091//2091 2136//2136
f 2090//2090 2139//2139 2093//2093
f 2090//2090 2138//2138 2139//2139
f 2136//2136 2141//2141 2140//2140
f 2136//2136 2137//2137 2141//2141
f 2133//2133 2143//2143 2142//2142
f 2133//2133 2134//2134 2143//2143
f 2131//2131 2142//2142 2137//2137
f 2131//2131 2133//2133 2142//2142
f 2142//2142 2145//2145 2144//2144
f 2142//2142 2143//2143 2145//2145
f 2137//2137 2144//2144 2141//2141
f 2137//2137 2142//2142 2144//2144
f 2042//2042 2146//2146 2135//2135
f 2042//2042 2043//2043 2146//2146
f 2038//2038 2135//2135 2129//2129
f 2038//2038 2042//2042 2135//2135
f 2045//2045 2148//2148 2147//2147
f 2045//2045 2046//2046 2148//2148
f 2043//2043 2147//2147 2146//2146
f 2043//2043 2045//2045 2147//2147
f 2149//2149 2151//2151 2150//2150
f 2149//2149 2147//2147 2151//2151
f 2135//2135 2147//2147 2149//2149
f 2135//2135 2146//2146 2147//2147
f 2135//2135 2150//2150 2134//2134
f 2135//2135 2149//2149 2150//2150
f 2150//2150 2153//2153 2152//2152
f 2150//2150 2151//2151 2153//2153
f 2134//2134 2152//2152 2143//2143
f 2134//2134 2150//2150 2152//2152
f 2143//2143 2154//2154 2145//2145
f 2143//2143 2152//2152 2154//2154
f 2155//2155 2157//2157 2156//2156
f 2155//2155 2158//2158 2157//2157
f 2147//2147 2158//2158 2155//2155
f 2147//2147 2148//2148 2158//2158
f 2147//2147 2156//2156 2151//2151
f 2147//2147 2155//2155 2156//2156
f 2159//2159 2160//2160 2158//2158
f 2159//2159 2054//2054 2160//2160
f 2046//2046 2054//2054 2159//2159
f 2046//2046 2049//2049 2054//2054
f 2046//2046 2158//2158 2148//2148
f 2046//2046 2159//2159 2158//2158
f 2054//2054 2161//2161 2160//2160
f 2054//2054 2055//2055 2161//2161
f 2158//2158 2162//2162 2157//2157
f 2158//2158 2160//2160 2162//2162
f 2160//2160 2163//2163 2162//2162
f 2160//2160 2161//2161 2163//2163
f 2156//2156 2165//2165 2164//2164
f 2156//2156 2157//2157 2165//2165
f 2151//2151 2164//2164 2153//2153
f 2151//2151 2156//2156 2164//2164
f 2166//2166 2168//2168 2167//2167
f 2166//2166 2164//2164 2168//2168
f 2152//2152 2164//2164 2166//2166
f 2152//2152 2153//2153 2164//2164
f 2152//2152 2167//2167 2154//2154
f 2152//2152 2166//2166 2167//2167
f 2164//2164 2169//2169 2168//2168
f 2164//2164 2165//2165 2169//2169
f 2157//2157 2170//2170 2165//2165
f 2157//2157 2162//2162 2170//2170
f 2171//2171 2173//2173 2172//2172
f 2171//2171 2174//2174 2173//2173
f 2162//2162 2174//2174 2171//2171
f 2162//2162 2163//2163 2174//2174
f 2162//2162 2172//2172 2170//2170
f 2162//2162 2171//2171 2172//2172
f 2165//2165 2175//2175 2169//2169
f 2165//2165 2170//2170 2175//2175
f 2172//2172 2177//2177 2176//2176
f 2172//2172 2173//2173 2177//2177
f 2170//2170 2176//2176 2175//2175
f 2170//2170 2172//2172 2176//2176
f 2139//2139 2179//2179 2178//2178
f 2139//2139 2140//2140 2179//2179
f 2093//2093 2178//2178 2115//2115
f 2093//2093 2139//2139 2178//2178
f 2140//2140 2180//2180 2179//2179
f 2140//2140 2141//2141 2180//2180
f 2178//2178 2182//2182 2181//2181
f 2178//2178 2179//2179 2182//2182
f 2115//2115 2181//2181 2117//2117
f 2115//2115 2178//2178 2181//2181
f 2179//2179 2183//2183 2182//2182
f 2179//2179 2180//2180 2183//2183
f 2141//2141 2184//2184 2180//2180
f 2141//2141 2144//2144 2184//2184
f 2185//2185 2187//2187 2186//2186
f 2185//2185 2154//2154 2187//2187
f 2144//2144 2154//2154 2185//2185
f 2144//2144 2145//2145 2154//2154
f 2144//2144 2186//2186 2184//2184
f 2144//2144 2185//2185 2186//2186
f 2180//2180 2188//2188 2183//2183
f 2180//2180 2184//2184 2188//2188
f 2186//2186 2190//2190 2189//2189
f 2186//2186 2187//2187 2190//2190
f 2184//2184 2189//2189 2188//2188
f 2184//2184 2186//2186 2189//2189
f 2181//2181 2192//2192 2191//2191
f 2181//2181 2182//2182 2192//2192
f 2117//2117 2191//2191 2123//2123
f 2117//2117 2181//2181 2191//2191
f 2182//2182 2193//2193 2192//2192
f 2182//2182 2183//2183 2193//2193
f 2191//2191 2195//2195 2194//2194
f 2191//2191 2192//2192 2195//2195
f 2123//2123 2194//2194 2125//2125
f 2123//2123 2191//2191 2194//2194
f 2192//2192 2196//2196 2195//2195
f 2192//2192 2193//2193 2196//2196
f 2183//2183 2197//2197 2193//2193
f 2183//2183 2188//2188 2197//2197
f 2189//2189 2199//2199 2198//2198
f 2189//2189 2190//2190 2199//2199
f 2188//2188 2198//2198 2197//2197
f 2188//2188 2189//2189 2198//2198
f 2193//2193 2200//2200 2196//2196
f 2193//2193 2197//2197 2200//2200
f 2198//2198 2202//2202 2201//2201
f 2198//2198 2199//2199 2202//2202
f 2197//2197 2201//2201 2200//2200
f 2197//2197 2198//2198 2201//2201
f 2167//2167 2204//2204 2203//2203
f 2167//2167 2168//2168 2204//2204
f 2154//2154 2203//2203 2187//2187
f 2154//2154 2167//2167 2203//2203
f 2168//2168 2205//2205 2204//2204
f 2168//2168 2169//2169 2205//2205
f 2203//2203 2207//2207 2206//2206
f 2203//2203 2204//2204 2207//2207
f 2187//2187 2206//2206 2190//2190
f 2187//2187 2203//2203 2206//2206
f 2204//2204 2208//2208 2207//2207
f 2204//2204 2205//2205 2208//2208
f 2209//2209 2211//2211 2210//2210
f 2209//2209 2176//2176 2211//2211
f 2169//2169 2176//2176 2209//2209
f 2169//2169 2175//2175 2176//2176
f 2169//2169 2210//2210 2205//2205
f 2169//2169 2209//2209 2210//2210
f 2176//2176 2212//2212 2211//2211
f 2176//2176 2177//2177 2212//2212
f 2210//2210 2214//2214 2213//2213
f 2210//2210 2211//2211 2214//2214
f 2205//2205 2213//2213 2208//2208
f 2205//2205 2210//2210 2213//2213
f 2211//2211 2215//2215 2214//2214
f 2211//2211 2212//2212 2215//2215
f 2206//2206 2217//2217 2216//2216
f 2206//2206 2207//2207 2217//2217
f 2190//2190 2216//2216 2199//2199
f 2190//2190 2206//2206 2216//2216
f 2218//2218 2220//2220 2219//2219
f 2218//2218 2213//2213 2220//2220
f 2207//2207 2213//2213 2218//2218
f 2207//2207 2208//2208 2213//2213
f 2207//2207 2219//2219 2217//2217
f 2207//2207 2218//2218 2219//2219
f 2216//2216 2222//2222 2221//2221
f 2216//2216 2217//2217 2222//2222
f 2199//2199 2221//2221 2202//2202
f 2199//2199 2216//2216 2221//2221
f 2219//2219 2224//2224 2223//2223
f 2219//2219 2220//2220 2224//2224
f 2217//2217 2223//2223 2222//2222
f 2217//2217 2219//2219 2223//2223
f 2213//2213 2225//2225 2220//2220
f 2213//2213 2214//2214 2225//2225
f 2214//2214 2226//2226 2225//2225
f 2214//2214 2215//2215 2226//2226
f 2220//2220 2227//2227 2224//2224
f 2220//2220 2225//2225 2227//2227
f 2225//2225 2228//2228 2227//2227
f 2225//2225 2226//2226 2228//2228
f 1663//1663 1729//1729 1924//1924
f 1663//1663 1727//1727 1729//1729
f 1768//1768 2230//2230 2229//2229
f 1768//1768 1770//1770 2230//2230
f 2231//2231 2233//2233 2232//2232
f 2231//2231 2234//2234 2233//2233
f 2235//2235 2237//2237 2236//2236
f 2235//2235 2238//2238 2237//2237
f 2232//2232 2239//2239 2238//2238
f 2232//2232 2233//2233 2239//2239
f 2240//2240 2241//2241 2239//2239
f 2240//2240 2242//2242 2241//2241
f 2243//2243 2241//2241 2242//2242
f 2243//2243 2237//2237 2241//2241
f 2238//2238 2241//2241 2237//2237
f 2238//2238 2239//2239 2241//2241
f 1770//1770 2244//2244 2230//2230
f 1770//1770 1852//1852 2244//2244
f 1852//1852 2245//2245 2244//2244
f 1852//1852 2246//2246 2245//2245
f 1851//1851 2245//2245 2246//2246
f 1851//1851 2247//2247 2245//2245
f 1850//1850 2246//2246 1852//1852
f 1850//1850 1851//1851 2246//2246
f 2244//2244 2249//2249 2248//2248
f 2244//2244 2245//2245 2249//2249
f 1851//1851 2250//2250 2247//2247
f 1851//1851 1854//1854 2250//2250
f 1854//1854 2251//2251 2250//2250
f 1854//1854 2252//2252 2251//2251
f 1845//1845 2251//2251 2252//2252
f 1845//1845 2253//2253 2251//2251
f 1844//1844 2252//2252 1854//1854
f 1844//1844 1845//1845 2252//2252
f 2250//2250 2255//2255 2254//2254
f 2250//2250 2251//2251 2255//2255
f 2245//2245 2256//2256 2249//2249
f 2245//2245 2257//2257 2256//2256
f 2250//2250 2256//2256 2257//2257
f 2250//2250 2254//2254 2256//2256
f 2247//2247 2257//2257 2245//2245
f 2247//2247 2250//2250 2257//2257
f 2254//2254 2259//2259 2258//2258
f 2254//2254 2255//2255 2259//2259
f 2249//2249 2261//2261 2260//2260
f 2249//2249 2256//2256 2261//2261
f 2254//2254 2261//2261 2256//2256
f 2254//2254 2258//2258 2261//2261
f 2260//2260 2263//2263 2262//2262
f 2260//2260 2261//2261 2263//2263
f 2261//2261 2264//2264 2263//2263
f 2261//2261 2265//2265 2264//2264
f 2259//2259 2264//2264 2265//2265
f 2259//2259 2266//2266 2264//2264
f 2258//2258 2265//2265 2261//2261
f 2258//2258 2259//2259 2265//2265
f 1845//1845 2267//2267 2253//2253
f 1845//1845 1864//1864 2267//2267
f 1864//1864 2268//2268 2267//2267
f 1864//1864 1865//1865 2268//2268
f 1867//1867 2268//2268 1865//1865
f 1867//1867 2269//2269 2268//2268
f 2267//2267 2271//2271 2270//2270
f 2267//2267 2268//2268 2271//2271
f 2269//2269 2271//2271 2268//2268
f 2269//2269 2272//2272 2271//2271
f 1867//1867 2273//2273 2269//2269
f 1867//1867 1873//1873 2273//2273
f 1873//1873 2274//2274 2273//2273
f 1873//1873 1874//1874 2274//2274
f 1875//1875 2274//2274 1874//1874
f 1875//1875 2275//2275 2274//2274
f 2269//2269 2276//2276 2272//2272
f 2269//2269 2273//2273 2276//2276
f 2273//2273 2277//2277 2276//2276
f 2273//2273 2274//2274 2277//2277
f 2275//2275 2277//2277 2274//2274
f 2275//2275 2236//2236 2277//2277
f 2251//2251 2278//2278 2255//2255
f 2251//2251 2279//2279 2278//2278
f 2267//2267 2278//2278 2279//2279
f 2267//2267 2270//2270 2278//2278
f 2253//2253 2279//2279 2251//2251
f 2253//2253 2267//2267 2279//2279
f 2270//2270 2281//2281 2280//2280
f 2270//2270 2271//2271 2281//2281
f 2280//2280 2283//2283 2282//2282
f 2280//2280 2281//2281 2283//2283
f 2284//2284 2283//2283 2281//2281
f 2284//2284 2285//2285 2283//2283
f 2243//2243 2286//2286 2237//2237
f 2243//2243 2287//2287 2286//2286
f 2276//2276 2286//2286 2287//2287
f 2276//2276 2277//2277 2286//2286
f 2236//2236 2286//2286 2277//2277
f 2236//2236 2237//2237 2286//2286
f 2284//2284 2288//2288 2287//2287
f 2284//2284 2281//2281 2288//2288
f 2271//2271 2288//2288 2281//2281
f 2271//2271 2289//2289 2288//2288
f 2276//2276 2288//2288 2289//2289
f 2276//2276 2287//2287 2288//2288
f 2272//2272 2289//2289 2271//2271
f 2272//2272 2276//2276 2289//2289
f 2284//2284 2290//2290 2285//2285
f 2284//2284 2287//2287 2290//2290
f 2243//2243 2290//2290 2287//2287
f 2243//2243 2242//2242 2290//2290
f 2255//2255 2291//2291 2259//2259
f 2255//2255 2278//2278 2291//2291
f 2270//2270 2291//2291 2278//2278
f 2270//2270 2280//2280 2291//2291
f 2259//2259 2292//2292 2266//2266
f 2259//2259 2291//2291 2292//2292
f 2280//2280 2292//2292 2291//2291
f 2280//2280 2282//2282 2292//2292
f 916//916 2293//2293 2234//2234
f 916//916 917//917 2293//2293
f 2234//2234 2294//2294 2233//2233
f 2234//2234 2293//2293 2294//2294
f 922//922 2295//2295 921//921
f 922//922 2296//2296 2295//2295
f 917//917 2295//2295 2293//2293
f 917//917 921//921 2295//2295
f 2296//2296 2297//2297 2295//2295
f 2296//2296 2298//2298 2297//2297
f 2299//2299 2297//2297 2298//2298
f 2299//2299 2294//2294 2297//2297
f 2293//2293 2297//2297 2294//2294
f 2293//2293 2295//2295 2297//2297
f 2299//2299 2300//2300 2294//2294
f 2299//2299 2301//2301 2300//2300
f 2240//2240 2300//2300 2301//2301
f 2240//2240 2239//2239 2300//2300
f 2233//2233 2300//2300 2239//2239
f 2233//2233 2294//2294 2300//2300
f 2240//2240 2302//2302 2242//2242
f 2240//2240 2301//2301 2302//2302
f 2299//2299 2303//2303 2301//2301
f 2299//2299 2298//2298 2303//2303
f 2301//2301 2304//2304 2302//2302
f 2301//2301 2303//2303 2304//2304
f 922//922 2305//2305 2296//2296
f 922//922 931//931 2305//2305
f 2296//2296 2306//2306 2298//2298
f 2296//2296 2305//2305 2306//2306
f 931//931 2307//2307 2305//2305
f 931//931 933//933 2307//2307
f 2305//2305 2308//2308 2306//2306
f 2305//2305 2307//2307 2308//2308
f 2298//2298 2309//2309 2303//2303
f 2298//2298 2306//2306 2309//2309
f 2310//2310 2312//2312 2311//2311
f 2310//2310 2304//2304 2312//2312
f 2303//2303 2312//2312 2304//2304
f 2303//2303 2309//2309 2312//2312
f 2306//2306 2313//2313 2309//2309
f 2306//2306 2308//2308 2313//2313
f 2314//2314 2315//2315 2313//2313
f 2314//2314 2316//2316 2315//2315
f 2311//2311 2315//2315 2316//2316
f 2311//2311 2312//2312 2315//2315
f 2309//2309 2315//2315 2312//2312
f 2309//2309 2313//2313 2315//2315
f 2262//2262 2318//2318 2317//2317
f 2262//2262 2263//2263 2318//2318
f 2263//2263 2319//2319 2318//2318
f 2263//2263 2264//2264 2319//2319
f 2266//2266 2319//2319 2264//2264
f 2266//2266 2320//2320 2319//2319
f 2318//2318 2322//2322 2321//2321
f 2318//2318 2319//2319 2322//2322
f 2320//2320 2322//2322 2319//2319
f 2320//2320 2323//2323 2322//2322
f 2321//2321 2325//2325 2324//2324
f 2321//2321 2322//2322 2325//2325
f 2323//2323 2325//2325 2322//2322
f 2323//2323 2326//2326 2325//2325
f 2324//2324 2328//2328 2327//2327
f 2324//2324 2325//2325 2328//2328
f 2326//2326 2328//2328 2325//2325
f 2326//2326 2329//2329 2328//2328
f 2282//2282 2331//2331 2330//2330
f 2282//2282 2283//2283 2331//2331
f 2285//2285 2331//2331 2283//2283
f 2285//2285 2332//2332 2331//2331
f 2330//2330 2334//2334 2333//2333
f 2330//2330 2331//2331 2334//2334
f 2332//2332 2334//2334 2331//2331
f 2332//2332 2335//2335 2334//2334
f 2285//2285 2336//2336 2332//2332
f 2285//2285 2290//2290 2336//2336
f 2242//2242 2336//2336 2290//2290
f 2242//2242 2302//2302 2336//2336
f 2310//2310 2337//2337 2304//2304
f 2310//2310 2335//2335 2337//2337
f 2332//2332 2337//2337 2335//2335
f 2332//2332 2336//2336 2337//2337
f 2302//2302 2337//2337 2336//2336
f 2302//2302 2304//2304 2337//2337
f 2266//2266 2338//2338 2320//2320
f 2266//2266 2292//2292 2338//2338
f 2282//2282 2338//2338 2292//2292
f 2282//2282 2330//2330 2338//2338
f 2320//2320 2339//2339 2323//2323
f 2320//2320 2338//2338 2339//2339
f 2330//2330 2339//2339 2338//2338
f 2330//2330 2333//2333 2339//2339
f 2310//2310 2340//2340 2335//2335
f 2310//2310 2311//2311 2340//2340
f 2333//2333 2342//2342 2341//2341
f 2333//2333 2334//2334 2342//2342
f 2335//2335 2342//2342 2334//2334
f 2335//2335 2340//2340 2342//2342
f 2311//2311 2343//2343 2340//2340
f 2311//2311 2316//2316 2343//2343
f 2344//2344 2345//2345 2343//2343
f 2344//2344 2346//2346 2345//2345
f 2341//2341 2345//2345 2346//2346
f 2341//2341 2342//2342 2345//2345
f 2340//2340 2345//2345 2342//2342
f 2340//2340 2343//2343 2345//2345
f 2323//2323 2347//2347 2326//2326
f 2323//2323 2339//2339 2347//2347
f 2333//2333 2347//2347 2339//2339
f 2333//2333 2341//2341 2347//2347
f 2326//2326 2348//2348 2329//2329
f 2326//2326 2347//2347 2348//2348
f 2341//2341 2348//2348 2347//2347
f 2341//2341 2346//2346 2348//2348
f 2349//2349 2350//2350 1991//1991
f 2349//2349 2351//2351 2350//2350
f 1924//1924 2351//2351 2349//2349
f 1924//1924 1729//1729 2351//2351
f 1924//1924 1991//1991 1923//1923
f 1924//1924 2349//2349 1991//1991
f 2351//2351 2352//2352 2350//2350
f 2351//2351 2353//2353 2352//2352
f 1729//1729 2353//2353 2351//2351
f 1729//1729 1730//1730 2353//2353
f 2354//2354 2355//2355 2001//2001
f 2354//2354 2356//2356 2355//2355
f 1991//1991 2356//2356 2354//2354
f 1991//1991 2350//2350 2356//2356
f 1991//1991 2001//2001 1990//1990
f 1991//1991 2354//2354 2001//2001
f 2356//2356 2357//2357 2355//2355
f 2356//2356 2358//2358 2357//2357
f 2350//2350 2358//2358 2356//2356
f 2350//2350 2352//2352 2358//2358
f 2353//2353 2359//2359 2352//2352
f 2353//2353 2360//2360 2359//2359
f 1730//1730 2360//2360 2353//2353
f 1730//1730 1736//1736 2360//2360
f 2360//2360 2361//2361 2359//2359
f 2360//2360 2362//2362 2361//2361
f 1736//1736 2362//2362 2360//2360
f 1736//1736 1738//1738 2362//2362
f 2358//2358 2363//2363 2357//2357
f 2358//2358 2364//2364 2363//2363
f 2352//2352 2364//2364 2358//2358
f 2352//2352 2359//2359 2364//2364
f 2364//2364 2365//2365 2363//2363
f 2364//2364 2366//2366 2365//2365
f 2359//2359 2366//2366 2364//2364
f 2359//2359 2361//2361 2366//2366
f 2367//2367 2368//2368 2008//2008
f 2367//2367 2369//2369 2368//2368
f 2001//2001 2369//2369 2367//2367
f 2001//2001 2355//2355 2369//2369
f 2001//2001 2008//2008 2000//2000
f 2001//2001 2367//2367 2008//2008
f 2369//2369 2370//2370 2368//2368
f 2369//2369 2371//2371 2370//2370
f 2355//2355 2371//2371 2369//2369
f 2355//2355 2357//2357 2371//2371
f 2372//2372 2373//2373 2030//2030
f 2372//2372 2374//2374 2373//2373
f 2008//2008 2374//2374 2372//2372
f 2008//2008 2368//2368 2374//2374
f 2008//2008 2030//2030 2007//2007
f 2008//2008 2372//2372 2030//2030
f 2374//2374 2375//2375 2373//2373
f 2374//2374 2376//2376 2375//2375
f 2368//2368 2376//2376 2374//2374
f 2368//2368 2370//2370 2376//2376
f 2371//2371 2377//2377 2370//2370
f 2371//2371 2378//2378 2377//2377
f 2357//2357 2378//2378 2371//2371
f 2357//2357 2363//2363 2378//2378
f 2378//2378 2379//2379 2377//2377
f 2378//2378 2380//2380 2379//2379
f 2363//2363 2380//2380 2378//2378
f 2363//2363 2365//2365 2380//2380
f 2376//2376 2381//2381 2375//2375
f 2376//2376 2382//2382 2381//2381
f 2370//2370 2382//2382 2376//2376
f 2370//2370 2377//2377 2382//2382
f 2382//2382 2383//2383 2381//2381
f 2382//2382 2384//2384 2383//2383
f 2377//2377 2384//2384 2382//2382
f 2377//2377 2379//2379 2384//2384
f 2362//2362 2385//2385 2361//2361
f 2362//2362 2386//2386 2385//2385
f 1738//1738 2386//2386 2362//2362
f 1738//1738 1760//1760 2386//2386
f 2386//2386 2387//2387 2385//2385
f 2386//2386 2388//2388 2387//2387
f 1760//1760 2388//2388 2386//2386
f 1760//1760 1762//1762 2388//2388
f 2366//2366 2389//2389 2365//2365
f 2366//2366 2390//2390 2389//2389
f 2361//2361 2390//2390 2366//2366
f 2361//2361 2385//2385 2390//2390
f 2390//2390 2391//2391 2389//2389
f 2390//2390 2392//2392 2391//2391
f 2387//2387 2391//2391 2392//2392
f 2387//2387 2393//2393 2391//2391
f 2385//2385 2392//2392 2390//2390
f 2385//2385 2387//2387 2392//2392
f 2388//2388 2394//2394 2387//2387
f 2388//2388 2395//2395 2394//2394
f 1768//1768 2394//2394 2395//2395
f 1768//1768 2229//2229 2394//2394
f 1762//1762 2395//2395 2388//2388
f 1762//1762 1768//1768 2395//2395
f 2387//2387 2396//2396 2393//2393
f 2387//2387 2394//2394 2396//2396
f 2394//2394 2397//2397 2396//2396
f 2394//2394 2398//2398 2397//2397
f 2229//2229 2398//2398 2394//2394
f 2229//2229 2230//2230 2398//2398
f 2396//2396 2400//2400 2399//2399
f 2396//2396 2397//2397 2400//2400
f 2391//2391 2402//2402 2401//2401
f 2391//2391 2403//2403 2402//2402
f 2396//2396 2402//2402 2403//2403
f 2396//2396 2399//2399 2402//2402
f 2393//2393 2403//2403 2391//2391
f 2393//2393 2396//2396 2403//2403
f 2402//2402 2405//2405 2404//2404
f 2402//2402 2406//2406 2405//2405
f 2400//2400 2405//2405 2406//2406
f 2400//2400 2407//2407 2405//2405
f 2399//2399 2406//2406 2402//2402
f 2399//2399 2400//2400 2406//2406
f 2380//2380 2408//2408 2379//2379
f 2380//2380 2409//2409 2408//2408
f 2365//2365 2409//2409 2380//2380
f 2365//2365 2389//2389 2409//2409
f 2409//2409 2410//2410 2408//2408
f 2409//2409 2411//2411 2410//2410
f 2391//2391 2410//2410 2411//2411
f 2391//2391 2401//2401 2410//2410
f 2389//2389 2411//2411 2409//2409
f 2389//2389 2391//2391 2411//2411
f 2408//2408 2413//2413 2412//2412
f 2408//2408 2410//2410 2413//2413
f 2384//2384 2414//2414 2383//2383
f 2384//2384 2415//2415 2414//2414
f 2408//2408 2414//2414 2415//2415
f 2408//2408 2412//2412 2414//2414
f 2379//2379 2415//2415 2384//2384
f 2379//2379 2408//2408 2415//2415
f 2410//2410 2416//2416 2413//2413
f 2410//2410 2417//2417 2416//2416
f 2402//2402 2416//2416 2417//2417
f 2402//2402 2404//2404 2416//2416
f 2401//2401 2417//2417 2410//2410
f 2401//2401 2402//2402 2417//2417
f 2030//2030 2418//2418 2029//2029
f 2030//2030 2373//2373 2418//2418
f 2373//2373 2419//2419 2418//2418
f 2373//2373 2375//2375 2419//2419
f 2029//2029 2420//2420 2034//2034
f 2029//2029 2418//2418 2420//2420
f 2375//2375 2421//2421 2419//2419
f 2375//2375 2381//2381 2421//2421
f 2381//2381 2422//2422 2421//2421
f 2381//2381 2383//2383 2422//2422
f 2383//2383 2423//2423 2422//2422
f 2383//2383 2414//2414 2423//2423
f 2414//2414 2424//2424 2423//2423
f 2414//2414 2425//2425 2424//2424
f 2412//2412 2425//2425 2414//2414
f 2412//2412 2413//2413 2425//2425
f 2423//2423 2427//2427 2426//2426
f 2423//2423 2424//2424 2427//2427
f 2416//2416 2429//2429 2428//2428
f 2416//2416 2430//2430 2429//2429
f 2405//2405 2429//2429 2430//2430
f 2405//2405 2431//2431 2429//2429
f 2404//2404 2430//2430 2416//2416
f 2404//2404 2405//2405 2430//2430
f 2425//2425 2432//2432 2424//2424
f 2425//2425 2433//2433 2432//2432
f 2416//2416 2432//2432 2433//2433
f 2416//2416 2428//2428 2432//2432
f 2413//2413 2433//2433 2425//2425
f 2413//2413 2416//2416 2433//2433
f 2428//2428 2435//2435 2434//2434
f 2428//2428 2429//2429 2435//2435
f 2431//2431 2435//2435 2429//2429
f 2431//2431 2436//2436 2435//2435
f 2424//2424 2437//2437 2427//2427
f 2424//2424 2432//2432 2437//2437
f 2428//2428 2437//2437 2432//2432
f 2428//2428 2434//2434 2437//2437
f 2427//2427 2439//2439 2438//2438
f 2427//2427 2437//2437 2439//2439
f 2437//2437 2440//2440 2439//2439
f 2437//2437 2441//2441 2440//2440
f 2435//2435 2440//2440 2441//2441
f 2435//2435 2442//2442 2440//2440
f 2434//2434 2441//2441 2437//2437
f 2434//2434 2435//2435 2441//2441
f 2439//2439 2444//2444 2443//2443
f 2439//2439 2440//2440 2444//2444
f 2442//2442 2444//2444 2440//2440
f 2442//2442 2445//2445 2444//2444
f 2446//2446 2448//2448 2447//2447
f 2446//2446 2449//2449 2448//2448
f 2418//2418 2449//2449 2446//2446
f 2418//2418 2419//2419 2449//2449
f 2418//2418 2447//2447 2420//2420
f 2418//2418 2446//2446 2447//2447
f 2449//2449 2450//2450 2448//2448
f 2449//2449 2451//2451 2450//2450
f 2419//2419 2451//2451 2449//2449
f 2419//2419 2421//2421 2451//2451
f 2451//2451 2452//2452 2450//2450
f 2451//2451 2453//2453 2452//2452
f 2421//2421 2453//2453 2451//2451
f 2421//2421 2422//2422 2453//2453
f 2053//2053 2454//2454 2052//2052
f 2053//2053 2447//2447 2454//2454
f 2034//2034 2447//2447 2053//2053
f 2034//2034 2420//2420 2447//2447
f 2447//2447 2455//2455 2454//2454
f 2447//2447 2448//2448 2455//2455
f 2052//2052 2456//2456 2055//2055
f 2052//2052 2454//2454 2456//2456
f 2457//2457 2459//2459 2458//2458
f 2457//2457 2460//2460 2459//2459
f 2454//2454 2460//2460 2457//2457
f 2454//2454 2455//2455 2460//2460
f 2454//2454 2458//2458 2456//2456
f 2454//2454 2457//2457 2458//2458
f 2448//2448 2461//2461 2455//2455
f 2448//2448 2450//2450 2461//2461
f 2450//2450 2462//2462 2461//2461
f 2450//2450 2452//2452 2462//2462
f 2460//2460 2463//2463 2459//2459
f 2460//2460 2464//2464 2463//2463
f 2455//2455 2464//2464 2460//2460
f 2455//2455 2461//2461 2464//2464
f 2464//2464 2465//2465 2463//2463
f 2464//2464 2466//2466 2465//2465
f 2461//2461 2466//2466 2464//2464
f 2461//2461 2462//2462 2466//2466
f 2453//2453 2467//2467 2452//2452
f 2453//2453 2468//2468 2467//2467
f 2423//2423 2467//2467 2468//2468
f 2423//2423 2426//2426 2467//2467
f 2422//2422 2468//2468 2453//2453
f 2422//2422 2423//2423 2468//2468
f 2452//2452 2469//2469 2462//2462
f 2452//2452 2467//2467 2469//2469
f 2467//2467 2470//2470 2469//2469
f 2467//2467 2471//2471 2470//2470
f 2427//2427 2470//2470 2471//2471
f 2427//2427 2438//2438 2470//2470
f 2426//2426 2471//2471 2467//2467
f 2426//2426 2427//2427 2471//2471
f 2469//2469 2473//2473 2472//2472
f 2469//2469 2470//2470 2473//2473
f 2466//2466 2474//2474 2465//2465
f 2466//2466 2475//2475 2474//2474
f 2469//2469 2474//2474 2475//2475
f 2469//2469 2472//2472 2474//2474
f 2462//2462 2475//2475 2466//2466
f 2462//2462 2469//2469 2475//2475
f 2470//2470 2476//2476 2473//2473
f 2470//2470 2477//2477 2476//2476
f 2439//2439 2476//2476 2477//2477
f 2439//2439 2443//2443 2476//2476
f 2438//2438 2477//2477 2470//2470
f 2438//2438 2439//2439 2477//2477
f 2398//2398 2478//2478 2397//2397
f 2398//2398 2479//2479 2478//2478
f 2244//2244 2478//2478 2479//2479
f 2244//2244 2248//2248 2478//2478
f 2230//2230 2479//2479 2398//2398
f 2230//2230 2244//2244 2479//2479
f 2397//2397 2480//2480 2400//2400
f 2397//2397 2478//2478 2480//2480
f 2478//2478 2481//2481 2480//2480
f 2478//2478 2482//2482 2481//2481
f 2249//2249 2481//2481 2482//2482
f 2249//2249 2260//2260 2481//2481
f 2248//2248 2482//2482 2478//2478
f 2248//2248 2249//2249 2482//2482
f 2400//2400 2483//2483 2407//2407
f 2400//2400 2480//2480 2483//2483
f 2480//2480 2484//2484 2483//2483
f 2480//2480 2481//2481 2484//2484
f 2260//2260 2484//2484 2481//2481
f 2260//2260 2262//2262 2484//2484
f 2483//2483 2486//2486 2485//2485
f 2483//2483 2484//2484 2486//2486
f 2262//2262 2486//2486 2484//2484
f 2262//2262 2317//2317 2486//2486
f 2405//2405 2487//2487 2431//2431
f 2405//2405 2488//2488 2487//2487
f 2483//2483 2487//2487 2488//2488
f 2483//2483 2485//2485 2487//2487
f 2407//2407 2488//2488 2405//2405
f 2407//2407 2483//2483 2488//2488
f 2485//2485 2490//2490 2489//2489
f 2485//2485 2486//2486 2490//2490
f 2431//2431 2491//2491 2436//2436
f 2431//2431 2487//2487 2491//2491
f 2485//2485 2491//2491 2487//2487
f 2485//2485 2489//2489 2491//2491
f 2486//2486 2492//2492 2490//2490
f 2486//2486 2493//2493 2492//2492
f 2318//2318 2492//2492 2493//2493
f 2318//2318 2321//2321 2492//2492
f 2317//2317 2493//2493 2486//2486
f 2317//2317 2318//2318 2493//2493
f 2489//2489 2495//2495 2494//2494
f 2489//2489 2490//2490 2495//2495
f 2489//2489 2496//2496 2491//2491
f 2489//2489 2494//2494 2496//2496
f 2496//2496 2498//2498 2497//2497
f 2496//2496 2499//2499 2498//2498
f 2495//2495 2498//2498 2499//2499
f 2495//2495 2500//2500 2498//2498
f 2494//2494 2499//2499 2496//2496
f 2494//2494 2495//2495 2499//2499
f 2490//2490 2501//2501 2495//2495
f 2490//2490 2492//2492 2501//2501
f 2321//2321 2501//2501 2492//2492
f 2321//2321 2324//2324 2501//2501
f 2495//2495 2502//2502 2500//2500
f 2495//2495 2501//2501 2502//2502
f 2324//2324 2502//2502 2501//2501
f 2324//2324 2327//2327 2502//2502
f 2435//2435 2503//2503 2442//2442
f 2435//2435 2504//2504 2503//2503
f 2491//2491 2503//2503 2504//2504
f 2491//2491 2496//2496 2503//2503
f 2436//2436 2504//2504 2435//2435
f 2436//2436 2491//2491 2504//2504
f 2442//2442 2505//2505 2445//2445
f 2442//2442 2503//2503 2505//2505
f 2496//2496 2505//2505 2503//2503
f 2496//2496 2497//2497 2505//2505
f 933//933 2506//2506 2307//2307
f 933//933 1152//1152 2506//2506
f 2307//2307 2507//2507 2308//2308
f 2307//2307 2506//2506 2507//2507
f 1152//1152 2508//2508 2506//2506
f 1152//1152 1154//1154 2508//2508
f 2506//2506 2509//2509 2507//2507
f 2506//2506 2508//2508 2509//2509
f 2314//2314 2510//2510 2316//2316
f 2314//2314 2511//2511 2510//2510
f 2511//2511 2512//2512 2510//2510
f 2511//2511 2513//2513 2512//2512
f 2314//2314 2514//2514 2511//2511
f 2314//2314 2313//2313 2514//2514
f 2308//2308 2514//2514 2313//2313
f 2308//2308 2507//2507 2514//2514
f 2511//2511 2515//2515 2513//2513
f 2511//2511 2514//2514 2515//2515
f 2507//2507 2515//2515 2514//2514
f 2507//2507 2509//2509 2515//2515
f 1154//1154 2516//2516 2508//2508
f 1154//1154 1163//1163 2516//2516
f 2508//2508 2517//2517 2509//2509
f 2508//2508 2516//2516 2517//2517
f 1168//1168 2519//2519 2518//2518
f 1168//1168 1169//1169 2519//2519
f 1163//1163 2518//2518 2516//2516
f 1163//1163 1168//1168 2518//2518
f 2517//2517 2521//2521 2520//2520
f 2517//2517 2522//2522 2521//2521
f 2518//2518 2521//2521 2522//2522
f 2518//2518 2519//2519 2521//2521
f 2516//2516 2522//2522 2517//2517
f 2516//2516 2518//2518 2522//2522
f 2509//2509 2523//2523 2515//2515
f 2509//2509 2517//2517 2523//2523
f 2512//2512 2525//2525 2524//2524
f 2512//2512 2526//2526 2525//2525
f 2515//2515 2525//2525 2526//2526
f 2515//2515 2523//2523 2525//2525
f 2513//2513 2526//2526 2512//2512
f 2513//2513 2515//2515 2526//2526
f 2517//2517 2527//2527 2523//2523
f 2517//2517 2520//2520 2527//2527
f 2524//2524 2529//2529 2528//2528
f 2524//2524 2525//2525 2529//2529
f 2523//2523 2529//2529 2525//2525
f 2523//2523 2527//2527 2529//2529
f 2327//2327 2531//2531 2530//2530
f 2327//2327 2328//2328 2531//2531
f 2329//2329 2531//2531 2328//2328
f 2329//2329 2532//2532 2531//2531
f 2530//2530 2534//2534 2533//2533
f 2530//2530 2531//2531 2534//2534
f 2532//2532 2534//2534 2531//2531
f 2532//2532 2535//2535 2534//2534
f 2533//2533 2537//2537 2536//2536
f 2533//2533 2534//2534 2537//2537
f 2535//2535 2537//2537 2534//2534
f 2535//2535 2538//2538 2537//2537
f 2538//2538 2539//2539 2537//2537
f 2538//2538 2540//2540 2539//2539
f 2344//2344 2542//2542 2541//2541
f 2344//2344 2343//2343 2542//2542
f 2316//2316 2542//2542 2343//2343
f 2316//2316 2510//2510 2542//2542
f 2344//2344 2543//2543 2346//2346
f 2344//2344 2541//2541 2543//2543
f 2541//2541 2545//2545 2544//2544
f 2541//2541 2542//2542 2545//2545
f 2510//2510 2545//2545 2542//2542
f 2510//2510 2512//2512 2545//2545
f 2541//2541 2546//2546 2543//2543
f 2541//2541 2544//2544 2546//2546
f 2329//2329 2547//2547 2532//2532
f 2329//2329 2348//2348 2547//2547
f 2346//2346 2547//2547 2348//2348
f 2346//2346 2543//2543 2547//2547
f 2532//2532 2548//2548 2535//2535
f 2532//2532 2547//2547 2548//2548
f 2543//2543 2548//2548 2547//2547
f 2543//2543 2546//2546 2548//2548
f 2512//2512 2549//2549 2545//2545
f 2512//2512 2524//2524 2549//2549
f 2546//2546 2551//2551 2550//2550
f 2546//2546 2552//2552 2551//2551
f 2545//2545 2551//2551 2552//2552
f 2545//2545 2549//2549 2551//2551
f 2544//2544 2552//2552 2546//2546
f 2544//2544 2545//2545 2552//2552
f 2524//2524 2553//2553 2549//2549
f 2524//2524 2528//2528 2553//2553
f 2550//2550 2555//2555 2554//2554
f 2550//2550 2551//2551 2555//2555
f 2549//2549 2555//2555 2551//2551
f 2549//2549 2553//2553 2555//2555
f 2535//2535 2556//2556 2538//2538
f 2535//2535 2548//2548 2556//2556
f 2546//2546 2556//2556 2548//2548
f 2546//2546 2550//2550 2556//2556
f 2538//2538 2557//2557 2540//2540
f 2538//2538 2556//2556 2557//2557
f 2550//2550 2557//2557 2556//2556
f 2550//2550 2554//2554 2557//2557
f 1169//1169 2558//2558 2519//2519
f 1169//1169 1213//1213 2558//2558
f 2519//2519 2559//2559 2521//2521
f 2519//2519 2558//2558 2559//2559
f 2527//2527 2561//2561 2560//2560
f 2527//2527 2562//2562 2561//2561
f 2521//2521 2561//2561 2562//2562
f 2521//2521 2559//2559 2561//2561
f 2520//2520 2562//2562 2527//2527
f 2520//2520 2521//2521 2562//2562
f 2527//2527 2563//2563 2529//2529
f 2527//2527 2560//2560 2563//2563
f 2559//2559 2564//2564 2561//2561
f 2559//2559 2565//2565 2564//2564
f 2563//2563 2567//2567 2566//2566
f 2563//2563 2568//2568 2567//2567
f 2561//2561 2567//2567 2568//2568
f 2561//2561 2564//2564 2567//2567
f 2560//2560 2568//2568 2563//2563
f 2560//2560 2561//2561 2568//2568
f 2564//2564 2569//2569 2567//2567
f 2564//2564 2570//2570 2569//2569
f 2554//2554 2572//2572 2571//2571
f 2554//2554 2555//2555 2572//2572
f 2553//2553 2572//2572 2555//2555
f 2553//2553 2573//2573 2572//2572
f 2553//2553 2574//2574 2573//2573
f 2553//2553 2575//2575 2574//2574
f 2529//2529 2574//2574 2575//2575
f 2529//2529 2563//2563 2574//2574
f 2528//2528 2575//2575 2553//2553
f 2528//2528 2529//2529 2575//2575
f 2563//2563 2576//2576 2574//2574
f 2563//2563 2566//2566 2576//2576
f 2572//2572 2578//2578 2577//2577
f 2572//2572 2579//2579 2578//2578
f 2574//2574 2578//2578 2579//2579
f 2574//2574 2576//2576 2578//2578
f 2573//2573 2579//2579 2572//2572
f 2573//2573 2574//2574 2579//2579
f 2554//2554 2580//2580 2557//2557
f 2554//2554 2571//2571 2580//2580
f 2539//2539 2582//2582 2581//2581
f 2539//2539 2583//2583 2582//2582
f 2557//2557 2582//2582 2583//2583
f 2557//2557 2580//2580 2582//2582
f 2540//2540 2583//2583 2539//2539
f 2540//2540 2557//2557 2583//2583
f 2580//2580 2585//2585 2584//2584
f 2580//2580 2586//2586 2585//2585
f 2572//2572 2585//2585 2586//2586
f 2572//2572 2577//2577 2585//2585
f 2571//2571 2586//2586 2580//2580
f 2571//2571 2572//2572 2586//2586
f 2581//2581 2588//2588 2587//2587
f 2581//2581 2582//2582 2588//2588
f 2580//2580 2588//2588 2582//2582
f 2580//2580 2584//2584 2588//2588
f 2576//2576 2590//2590 2589//2589
f 2576//2576 2591//2591 2590//2590
f 2567//2567 2590//2590 2591//2591
f 2567//2567 2569//2569 2590//2590
f 2566//2566 2591//2591 2576//2576
f 2566//2566 2567//2567 2591//2591
f 2577//2577 2593//2593 2592//2592
f 2577//2577 2578//2578 2593//2593
f 2576//2576 2593//2593 2578//2578
f 2576//2576 2589//2589 2593//2593
f 2589//2589 2595//2595 2594//2594
f 2589//2589 2590//2590 2595//2595
f 2569//2569 2595//2595 2590//2590
f 2569//2569 2596//2596 2595//2595
f 2589//2589 2597//2597 2593//2593
f 2589//2589 2594//2594 2597//2597
f 2584//2584 2599//2599 2598//2598
f 2584//2584 2585//2585 2599//2599
f 2577//2577 2599//2599 2585//2585
f 2577//2577 2592//2592 2599//2599
f 2584//2584 2600//2600 2588//2588
f 2584//2584 2598//2598 2600//2600
f 2600//2600 2602//2602 2601//2601
f 2600//2600 2603//2603 2602//2602
f 2599//2599 2602//2602 2603//2603
f 2599//2599 2604//2604 2602//2602
f 2598//2598 2603//2603 2600//2600
f 2598//2598 2599//2599 2603//2603
f 2599//2599 2605//2605 2604//2604
f 2599//2599 2606//2606 2605//2605
f 2593//2593 2605//2605 2606//2606
f 2593//2593 2597//2597 2605//2605
f 2592//2592 2606//2606 2599//2599
f 2592//2592 2593//2593 2606//2606
f 2443//2443 2608//2608 2607//2607
f 2443//2443 2444//2444 2608//2608
f 2445//2445 2608//2608 2444//2444
f 2445//2445 2609//2609 2608//2608
f 2610//2610 2612//2612 2611//2611
f 2610//2610 2458//2458 2612//2612
f 2055//2055 2458//2458 2610//2610
f 2055//2055 2456//2456 2458//2458
f 2055//2055 2611//2611 2161//2161
f 2055//2055 2610//2610 2611//2611
f 2458//2458 2613//2613 2612//2612
f 2458//2458 2459//2459 2613//2613
f 2611//2611 2614//2614 2174//2174
f 2611//2611 2612//2612 2614//2614
f 2161//2161 2174//2174 2163//2163
f 2161//2161 2611//2611 2174//2174
f 2612//2612 2615//2615 2614//2614
f 2612//2612 2613//2613 2615//2615
f 2459//2459 2616//2616 2613//2613
f 2459//2459 2463//2463 2616//2616
f 2463//2463 2617//2617 2616//2616
f 2463//2463 2465//2465 2617//2617
f 2613//2613 2618//2618 2615//2615
f 2613//2613 2616//2616 2618//2618
f 2616//2616 2619//2619 2618//2618
f 2616//2616 2617//2617 2619//2619
f 2174//2174 2620//2620 2173//2173
f 2174//2174 2614//2614 2620//2620
f 2614//2614 2621//2621 2620//2620
f 2614//2614 2615//2615 2621//2621
f 2173//2173 2622//2622 2177//2177
f 2173//2173 2620//2620 2622//2622
f 2623//2623 2625//2625 2624//2624
f 2623//2623 2626//2626 2625//2625
f 2620//2620 2626//2626 2623//2623
f 2620//2620 2621//2621 2626//2626
f 2620//2620 2624//2624 2622//2622
f 2620//2620 2623//2623 2624//2624
f 2627//2627 2628//2628 2626//2626
f 2627//2627 2629//2629 2628//2628
f 2615//2615 2629//2629 2627//2627
f 2615//2615 2618//2618 2629//2629
f 2615//2615 2626//2626 2621//2621
f 2615//2615 2627//2627 2626//2626
f 2629//2629 2630//2630 2628//2628
f 2629//2629 2631//2631 2630//2630
f 2618//2618 2631//2631 2629//2629
f 2618//2618 2619//2619 2631//2631
f 2626//2626 2632//2632 2625//2625
f 2626//2626 2628//2628 2632//2632
f 2628//2628 2633//2633 2632//2632
f 2628//2628 2630//2630 2633//2633
f 2465//2465 2634//2634 2617//2617
f 2465//2465 2474//2474 2634//2634
f 2474//2474 2635//2635 2634//2634
f 2474//2474 2636//2636 2635//2635
f 2473//2473 2635//2635 2636//2636
f 2473//2473 2637//2637 2635//2635
f 2472//2472 2636//2636 2474//2474
f 2472//2472 2473//2473 2636//2636
f 2617//2617 2638//2638 2619//2619
f 2617//2617 2634//2634 2638//2638
f 2634//2634 2639//2639 2638//2638
f 2634//2634 2635//2635 2639//2639
f 2637//2637 2639//2639 2635//2635
f 2637//2637 2640//2640 2639//2639
f 2473//2473 2641//2641 2637//2637
f 2473//2473 2476//2476 2641//2641
f 2443//2443 2641//2641 2476//2476
f 2443//2443 2607//2607 2641//2641
f 2637//2637 2642//2642 2640//2640
f 2637//2637 2641//2641 2642//2642
f 2641//2641 2643//2643 2642//2642
f 2641//2641 2644//2644 2643//2643
f 2608//2608 2643//2643 2644//2644
f 2608//2608 2645//2645 2643//2643
f 2607//2607 2644//2644 2641//2641
f 2607//2607 2608//2608 2644//2644
f 2638//2638 2647//2647 2646//2646
f 2638//2638 2639//2639 2647//2647
f 2642//2642 2649//2649 2648//2648
f 2642//2642 2643//2643 2649//2649
f 2645//2645 2649//2649 2643//2643
f 2645//2645 2650//2650 2649//2649
f 2639//2639 2651//2651 2647//2647
f 2639//2639 2652//2652 2651//2651
f 2642//2642 2651//2651 2652//2652
f 2642//2642 2648//2648 2651//2651
f 2640//2640 2652//2652 2639//2639
f 2640//2640 2642//2642 2652//2652
f 2648//2648 2654//2654 2653//2653
f 2648//2648 2649//2649 2654//2654
f 2647//2647 2656//2656 2655//2655
f 2647//2647 2651//2651 2656//2656
f 2648//2648 2656//2656 2651//2651
f 2648//2648 2653//2653 2656//2656
f 2631//2631 2657//2657 2630//2630
f 2631//2631 2658//2658 2657//2657
f 2638//2638 2657//2657 2658//2658
f 2638//2638 2646//2646 2657//2657
f 2619//2619 2658//2658 2631//2631
f 2619//2619 2638//2638 2658//2658
f 2630//2630 2659//2659 2633//2633
f 2630//2630 2657//2657 2659//2659
f 2657//2657 2660//2660 2659//2659
f 2657//2657 2661//2661 2660//2660
f 2647//2647 2660//2660 2661//2661
f 2647//2647 2655//2655 2660//2660
f 2646//2646 2661//2661 2657//2657
f 2646//2646 2647//2647 2661//2661
f 2177//2177 2662//2662 2212//2212
f 2177//2177 2622//2622 2662//2662
f 2624//2624 2664//2664 2663//2663
f 2624//2624 2625//2625 2664//2664
f 2622//2622 2663//2663 2662//2662
f 2622//2622 2624//2624 2663//2663
f 2665//2665 2667//2667 2666//2666
f 2665//2665 2663//2663 2667//2667
f 2212//2212 2663//2663 2665//2665
f 2212//2212 2662//2662 2663//2663
f 2212//2212 2666//2666 2215//2215
f 2212//2212 2665//2665 2666//2666
f 2663//2663 2668//2668 2667//2667
f 2663//2663 2664//2664 2668//2668
f 2625//2625 2669//2669 2664//2664
f 2625//2625 2632//2632 2669//2669
f 2632//2632 2670//2670 2669//2669
f 2632//2632 2633//2633 2670//2670
f 2664//2664 2671//2671 2668//2668
f 2664//2664 2669//2669 2671//2671
f 2669//2669 2672//2672 2671//2671
f 2669//2669 2670//2670 2672//2672
f 2666//2666 2674//2674 2673//2673
f 2666//2666 2667//2667 2674//2674
f 2215//2215 2673//2673 2226//2226
f 2215//2215 2666//2666 2673//2673
f 2667//2667 2675//2675 2674//2674
f 2667//2667 2668//2668 2675//2675
f 2673//2673 2677//2677 2676//2676
f 2673//2673 2674//2674 2677//2677
f 2226//2226 2676//2676 2228//2228
f 2226//2226 2673//2673 2676//2676
f 2674//2674 2678//2678 2677//2677
f 2674//2674 2675//2675 2678//2678
f 2668//2668 2679//2679 2675//2675
f 2668//2668 2671//2671 2679//2679
f 2671//2671 2680//2680 2679//2679
f 2671//2671 2672//2672 2680//2680
f 2675//2675 2681//2681 2678//2678
f 2675//2675 2679//2679 2681//2681
f 2679//2679 2682//2682 2681//2681
f 2679//2679 2680//2680 2682//2682
f 2655//2655 2684//2684 2683//2683
f 2655//2655 2656//2656 2684//2684
f 2656//2656 2685//2685 2684//2684
f 2656//2656 2686//2686 2685//2685
f 2654//2654 2685//2685 2686//2686
f 2654//2654 2687//2687 2685//2685
f 2653//2653 2686//2686 2656//2656
f 2653//2653 2654//2654 2686//2686
f 2684//2684 2689//2689 2688//2688
f 2684//2684 2685//2685 2689//2689
f 2687//2687 2689//2689 2685//2685
f 2687//2687 2690//2690 2689//2689
f 2633//2633 2691//2691 2670//2670
f 2633//2633 2659//2659 2691//2691
f 2659//2659 2692//2692 2691//2691
f 2659//2659 2660//2660 2692//2692
f 2655//2655 2692//2692 2660//2660
f 2655//2655 2683//2683 2692//2692
f 2670//2670 2693//2693 2672//2672
f 2670//2670 2691//2691 2693//2693
f 2691//2691 2694//2694 2693//2693
f 2691//2691 2692//2692 2694//2694
f 2692//2692 2695//2695 2694//2694
f 2692//2692 2696//2696 2695//2695
f 2684//2684 2695//2695 2696//2696
f 2684//2684 2688//2688 2695//2695
f 2683//2683 2696//2696 2692//2692
f 2683//2683 2684//2684 2696//2696
f 2688//2688 2698//2698 2697//2697
f 2688//2688 2689//2689 2698//2698
f 2697//2697 2700//2700 2699//2699
f 2697//2697 2698//2698 2700//2700
f 2672//2672 2701//2701 2680//2680
f 2672//2672 2693//2693 2701//2701
f 2693//2693 2702//2702 2701//2701
f 2693//2693 2694//2694 2702//2702
f 2680//2680 2703//2703 2682//2682
f 2680//2680 2701//2701 2703//2703
f 2701//2701 2704//2704 2703//2703
f 2701//2701 2702//2702 2704//2704
f 2694//2694 2705//2705 2702//2702
f 2694//2694 2695//2695 2705//2705
f 2688//2688 2705//2705 2695//2695
f 2688//2688 2697//2697 2705//2705
f 2702//2702 2706//2706 2704//2704
f 2702//2702 2705//2705 2706//2706
f 2697//2697 2706//2706 2705//2705
f 2697//2697 2699//2699 2706//2706
f 2497//2497 2708//2708 2707//2707
f 2497//2497 2498//2498 2708//2708
f 2500//2500 2708//2708 2498//2498
f 2500//2500 2709//2709 2708//2708
f 2707//2707 2711//2711 2710//2710
f 2707//2707 2708//2708 2711//2711
f 2709//2709 2711//2711 2708//2708
f 2709//2709 2712//2712 2711//2711
f 2500//2500 2713//2713 2709//2709
f 2500//2500 2502//2502 2713//2713
f 2327//2327 2713//2713 2502//2502
f 2327//2327 2530//2530 2713//2713
f 2709//2709 2714//2714 2712//2712
f 2709//2709 2713//2713 2714//2714
f 2530//2530 2714//2714 2713//2713
f 2530//2530 2533//2533 2714//2714
f 2445//2445 2715//2715 2609//2609
f 2445//2445 2505//2505 2715//2715
f 2497//2497 2715//2715 2505//2505
f 2497//2497 2707//2707 2715//2715
f 2707//2707 2716//2716 2715//2715
f 2707//2707 2710//2710 2716//2716
f 2608//2608 2717//2717 2645//2645
f 2608//2608 2718//2718 2717//2717
f 2715//2715 2717//2717 2718//2718
f 2715//2715 2716//2716 2717//2717
f 2609//2609 2718//2718 2608//2608
f 2609//2609 2715//2715 2718//2718
f 2712//2712 2719//2719 2711//2711
f 2712//2712 2720//2720 2719//2719
f 2712//2712 2721//2721 2720//2720
f 2712//2712 2714//2714 2721//2721
f 2533//2533 2721//2721 2714//2714
f 2533//2533 2536//2536 2721//2721
f 2721//2721 2723//2723 2722//2722
f 2721//2721 2724//2724 2723//2723
f 2537//2537 2723//2723 2724//2724
f 2537//2537 2539//2539 2723//2723
f 2536//2536 2724//2724 2721//2721
f 2536//2536 2537//2537 2724//2724
f 2719//2719 2726//2726 2725//2725
f 2719//2719 2727//2727 2726//2726
f 2721//2721 2726//2726 2727//2727
f 2721//2721 2722//2722 2726//2726
f 2720//2720 2727//2727 2719//2719
f 2720//2720 2721//2721 2727//2727
f 2716//2716 2729//2729 2728//2728
f 2716//2716 2730//2730 2729//2729
f 2711//2711 2729//2729 2730//2730
f 2711//2711 2719//2719 2729//2729
f 2710//2710 2730//2730 2716//2716
f 2710//2710 2711//2711 2730//2730
f 2645//2645 2731//2731 2650//2650
f 2645//2645 2717//2717 2731//2731
f 2716//2716 2731//2731 2717//2717
f 2716//2716 2728//2728 2731//2731
f 2728//2728 2733//2733 2732//2732
f 2728//2728 2729//2729 2733//2733
f 2719//2719 2733//2733 2729//2729
f 2719//2719 2725//2725 2733//2733
f 2728//2728 2734//2734 2731//2731
f 2728//2728 2732//2732 2734//2734
f 2649//2649 2735//2735 2654//2654
f 2649//2649 2736//2736 2735//2735
f 2731//2731 2735//2735 2736//2736
f 2731//2731 2734//2734 2735//2735
f 2650//2650 2736//2736 2649//2649
f 2650//2650 2731//2731 2736//2736
f 2722//2722 2738//2738 2737//2737
f 2722//2722 2723//2723 2738//2738
f 2539//2539 2738//2738 2723//2723
f 2539//2539 2581//2581 2738//2738
f 2725//2725 2740//2740 2739//2739
f 2725//2725 2726//2726 2740//2740
f 2722//2722 2740//2740 2726//2726
f 2722//2722 2737//2737 2740//2740
f 2737//2737 2742//2742 2741//2741
f 2737//2737 2738//2738 2742//2742
f 2581//2581 2742//2742 2738//2738
f 2581//2581 2587//2587 2742//2742
f 2737//2737 2743//2743 2740//2740
f 2737//2737 2741//2741 2743//2743
f 2725//2725 2744//2744 2733//2733
f 2725//2725 2739//2739 2744//2744
f 2734//2734 2746//2746 2745//2745
f 2734//2734 2747//2747 2746//2746
f 2733//2733 2746//2746 2747//2747
f 2733//2733 2744//2744 2746//2746
f 2732//2732 2747//2747 2734//2734
f 2732//2732 2733//2733 2747//2747
f 2745//2745 2749//2749 2748//2748
f 2745//2745 2746//2746 2749//2749
f 2744//2744 2749//2749 2746//2746
f 2744//2744 2750//2750 2749//2749
f 2744//2744 2751//2751 2750//2750
f 2744//2744 2752//2752 2751//2751
f 2740//2740 2751//2751 2752//2752
f 2740//2740 2743//2743 2751//2751
f 2739//2739 2752//2752 2744//2744
f 2739//2739 2740//2740 2752//2752
f 2743//2743 2754//2754 2753//2753
f 2743//2743 2755//2755 2754//2754
f 2742//2742 2754//2754 2755//2755
f 2742//2742 2756//2756 2754//2754
f 2741//2741 2755//2755 2743//2743
f 2741//2741 2742//2742 2755//2755
f 2756//2756 2757//2757 2754//2754
f 2756//2756 2758//2758 2757//2757
f 2743//2743 2759//2759 2751//2751
f 2743//2743 2753//2753 2759//2759
f 2749//2749 2761//2761 2760//2760
f 2749//2749 2762//2762 2761//2761
f 2751//2751 2761//2761 2762//2762
f 2751//2751 2759//2759 2761//2761
f 2750//2750 2762//2762 2749//2749
f 2750//2750 2751//2751 2762//2762
f 2759//2759 2764//2764 2763//2763
f 2759//2759 2765//2765 2764//2764
f 2754//2754 2764//2764 2765//2765
f 2754//2754 2757//2757 2764//2764
f 2753//2753 2765//2765 2759//2759
f 2753//2753 2754//2754 2765//2765
f 2760//2760 2767//2767 2766//2766
f 2760//2760 2761//2761 2767//2767
f 2759//2759 2767//2767 2761//2761
f 2759//2759 2763//2763 2767//2767
f 2742//2742 2768//2768 2756//2756
f 2742//2742 2769//2769 2768//2768
f 2588//2588 2768//2768 2769//2769
f 2588//2588 2600//2600 2768//2768
f 2587//2587 2769//2769 2742//2742
f 2587//2587 2588//2588 2769//2769
f 2756//2756 2770//2770 2758//2758
f 2756//2756 2768//2768 2770//2770
f 2600//2600 2770//2770 2768//2768
f 2600//2600 2601//2601 2770//2770
f 2654//2654 2771//2771 2687//2687
f 2654//2654 2735//2735 2771//2771
f 2734//2734 2771//2771 2735//2735
f 2734//2734 2745//2745 2771//2771
f 2687//2687 2772//2772 2690//2690
f 2687//2687 2771//2771 2772//2772
f 2745//2745 2772//2772 2771//2771
f 2745//2745 2748//2748 2772//2772
f 2772//2772 2774//2774 2773//2773
f 2772//2772 2775//2775 2774//2774
f 2749//2749 2774//2774 2775//2775
f 2749//2749 2760//2760 2774//2774
f 2748//2748 2775//2775 2772//2772
f 2748//2748 2749//2749 2775//2775
f 2689//2689 2776//2776 2698//2698
f 2689//2689 2777//2777 2776//2776
f 2772//2772 2776//2776 2777//2777
f 2772//2772 2773//2773 2776//2776
f 2690//2690 2777//2777 2689//2689
f 2690//2690 2772//2772 2777//2777
f 2773//2773 2779//2779 2778//2778
f 2773//2773 2774//2774 2779//2779
f 2760//2760 2779//2779 2774//2774
f 2760//2760 2766//2766 2779//2779
f 2698//2698 2780//2780 2700//2700
f 2698//2698 2776//2776 2780//2780
f 2773//2773 2780//2780 2776//2776
f 2773//2773 2778//2778 2780//2780
f 199//199 2781//2781 1794//1794
f 199//199 1232//1232 2781//2781
f 1232//1232 2782//2782 2781//2781
f 1232//1232 1233//1233 2782//2782
f 1794//1794 2783//2783 1806//1806
f 1794//1794 2781//2781 2783//2783
f 2781//2781 2784//2784 2783//2783
f 2781//2781 2782//2782 2784//2784
f 1237//1237 2786//2786 2785//2785
f 1237//1237 1238//1238 2786//2786
f 1233//1233 2785//2785 2782//2782
f 1233//1233 1237//1237 2785//2785
f 2784//2784 2788//2788 2787//2787
f 2784//2784 2789//2789 2788//2788
f 2785//2785 2788//2788 2789//2789
f 2785//2785 2786//2786 2788//2788
f 2782//2782 2789//2789 2784//2784
f 2782//2782 2785//2785 2789//2789
f 1243//1243 2791//2791 2790//2790
f 1243//1243 1244//1244 2791//2791
f 1238//1238 2790//2790 2786//2786
f 1238//1238 1243//1243 2790//2790
f 2788//2788 2793//2793 2792//2792
f 2788//2788 2794//2794 2793//2793
f 2790//2790 2793//2793 2794//2794
f 2790//2790 2791//2791 2793//2793
f 2786//2786 2794//2794 2788//2788
f 2786//2786 2790//2790 2794//2794
f 1815//1815 2795//2795 1820//1820
f 1815//1815 2796//2796 2795//2795
f 1806//1806 2796//2796 1815//1815
f 1806//1806 2783//2783 2796//2796
f 2796//2796 2797//2797 2795//2795
f 2796//2796 2798//2798 2797//2797
f 2784//2784 2797//2797 2798//2798
f 2784//2784 2787//2787 2797//2797
f 2783//2783 2798//2798 2796//2796
f 2783//2783 2784//2784 2798//2798
f 2795//2795 2800//2800 2799//2799
f 2795//2795 2797//2797 2800//2800
f 1818//1818 2801//2801 1823//1823
f 1818//1818 2802//2802 2801//2801
f 2795//2795 2801//2801 2802//2802
f 2795//2795 2799//2799 2801//2801
f 1820//1820 2802//2802 1818//1818
f 1820//1820 2795//2795 2802//2802
f 2797//2797 2803//2803 2800//2800
f 2797//2797 2804//2804 2803//2803
f 2788//2788 2803//2803 2804//2804
f 2788//2788 2792//2792 2803//2803
f 2787//2787 2804//2804 2797//2797
f 2787//2787 2788//2788 2804//2804
f 1244//1244 2805//2805 2791//2791
f 1244//1244 1261//1261 2805//2805
f 2791//2791 2806//2806 2793//2793
f 2791//2791 2805//2805 2806//2806
f 2805//2805 2807//2807 2806//2806
f 2805//2805 2808//2808 2807//2807
f 1823//1823 2809//2809 1872//1872
f 1823//1823 2801//2801 2809//2809
f 2801//2801 2810//2810 2809//2809
f 2801//2801 2811//2811 2810//2810
f 2800//2800 2810//2810 2811//2811
f 2800//2800 2812//2812 2810//2810
f 2799//2799 2811//2811 2801//2801
f 2799//2799 2800//2800 2811//2811
f 1872//1872 2813//2813 1875//1875
f 1872//1872 2809//2809 2813//2813
f 2809//2809 2814//2814 2813//2813
f 2809//2809 2810//2810 2814//2814
f 2812//2812 2814//2814 2810//2810
f 2812//2812 2815//2815 2814//2814
f 2800//2800 2816//2816 2812//2812
f 2800//2800 2803//2803 2816//2816
f 2803//2803 2817//2817 2816//2816
f 2803//2803 2818//2818 2817//2817
f 2793//2793 2817//2817 2818//2818
f 2793//2793 2806//2806 2817//2817
f 2792//2792 2818//2818 2803//2803
f 2792//2792 2793//2793 2818//2818
f 2812//2812 2819//2819 2815//2815
f 2812//2812 2816//2816 2819//2819
f 2820//2820 2821//2821 2807//2807
f 2820//2820 2819//2819 2821//2821
f 2816//2816 2821//2821 2819//2819
f 2816//2816 2817//2817 2821//2821
f 2806//2806 2821//2821 2817//2817
f 2806//2806 2807//2807 2821//2821
f 1265//1265 2822//2822 1264//1264
f 1265//1265 2808//2808 2822//2822
f 2805//2805 2822//2822 2808//2808
f 2805//2805 2823//2823 2822//2822
f 1267//1267 2822//2822 2823//2823
f 1267//1267 1264//1264 2822//2822
f 1261//1261 2823//2823 2805//2805
f 1261//1261 1267//1267 2823//2823
f 1283//1283 2824//2824 1282//1282
f 1283//1283 2825//2825 2824//2824
f 2825//2825 2826//2826 2824//2824
f 2825//2825 2827//2827 2826//2826
f 1288//1288 2828//2828 1287//1287
f 1288//1288 2829//2829 2828//2828
f 1265//1265 2828//2828 2808//2808
f 1265//1265 1287//1287 2828//2828
f 2829//2829 2830//2830 2828//2828
f 2829//2829 2831//2831 2830//2830
f 2820//2820 2830//2830 2831//2831
f 2820//2820 2807//2807 2830//2830
f 2808//2808 2830//2830 2807//2807
f 2808//2808 2828//2828 2830//2830
f 1282//1282 2832//2832 1291//1291
f 1282//1282 2824//2824 2832//2832
f 1288//1288 2832//2832 2829//2829
f 1288//1288 1291//1291 2832//2832
f 2824//2824 2833//2833 2832//2832
f 2824//2824 2826//2826 2833//2833
f 2834//2834 2833//2833 2826//2826
f 2834//2834 2831//2831 2833//2833
f 2829//2829 2833//2833 2831//2831
f 2829//2829 2832//2832 2833//2833
f 1875//1875 2835//2835 2275//2275
f 1875//1875 2813//2813 2835//2835
f 2836//2836 2838//2838 2837//2837
f 2836//2836 2835//2835 2838//2838
f 2813//2813 2838//2838 2835//2835
f 2813//2813 2814//2814 2838//2838
f 2815//2815 2838//2838 2814//2814
f 2815//2815 2837//2837 2838//2838
f 2827//2827 2839//2839 2826//2826
f 2827//2827 2840//2840 2839//2839
f 2836//2836 2839//2839 2840//2840
f 2836//2836 2837//2837 2839//2839
f 2834//2834 2839//2839 2837//2837
f 2834//2834 2826//2826 2839//2839
f 2235//2235 2841//2841 2840//2840
f 2235//2235 2236//2236 2841//2841
f 2275//2275 2841//2841 2236//2236
f 2275//2275 2835//2835 2841//2841
f 2836//2836 2841//2841 2835//2835
f 2836//2836 2840//2840 2841//2841
f 2834//2834 2842//2842 2831//2831
f 2834//2834 2837//2837 2842//2842
f 2815//2815 2842//2842 2837//2837
f 2815//2815 2819//2819 2842//2842
f 2820//2820 2842//2842 2819//2819
f 2820//2820 2831//2831 2842//2842
f 1283//1283 2843//2843 2825//2825
f 1283//1283 1295//1295 2843//2843
f 2231//2231 2844//2844 2843//2843
f 2231//2231 2232//2232 2844//2844
f 2825//2825 2844//2844 2827//2827
f 2825//2825 2843//2843 2844//2844
f 916//916 2845//2845 1297//1297
f 916//916 2234//2234 2845//2845
f 2231//2231 2845//2845 2234//2234
f 2231//2231 2843//2843 2845//2845
f 1295//1295 2845//2845 2843//2843
f 1295//1295 1297//1297 2845//2845
f 2232//2232 2846//2846 2844//2844
f 2232//2232 2238//2238 2846//2846
f 2235//2235 2846//2846 2238//2238
f 2235//2235 2840//2840 2846//2846
f 2827//2827 2846//2846 2840//2840
f 2827//2827 2844//2844 2846//2846
f 1328//1328 2848//2848 2847//2847
f 1328//1328 1329//1329 2848//2848
f 1328//1328 2849//2849 1330//1330
f 1328//1328 2847//2847 2849//2849
f 1329//1329 2850//2850 2848//2848
f 1329//1329 1331//1331 2850//2850
f 2851//2851 2853//2853 2852//2852
f 2851//2851 2854//2854 2853//2853
f 2847//2847 2854//2854 2851//2851
f 2847//2847 2848//2848 2854//2854
f 2847//2847 2852//2852 2849//2849
f 2847//2847 2851//2851 2852//2852
f 2848//2848 2855//2855 2854//2854
f 2848//2848 2850//2850 2855//2855
f 2854//2854 2857//2857 2856//2856
f 2854//2854 2855//2855 2857//2857
f 2854//2854 2858//2858 2853//2853
f 2854//2854 2856//2856 2858//2858
f 2859//2859 2861//2861 2860//2860
f 2859//2859 2862//2862 2861//2861
f 2856//2856 2862//2862 2859//2859
f 2856//2856 2857//2857 2862//2862
f 2856//2856 2860//2860 2858//2858
f 2856//2856 2859//2859 2860//2860
f 1381//1381 2864//2864 2863//2863
f 1381//1381 1382//1382 2864//2864
f 1213//1213 2863//2863 2558//2558
f 1213//1213 1381//1381 2863//2863
f 2559//2559 2865//2865 2565//2565
f 2559//2559 2866//2866 2865//2865
f 2863//2863 2865//2865 2866//2866
f 2863//2863 2864//2864 2865//2865
f 2558//2558 2866//2866 2559//2559
f 2558//2558 2863//2863 2866//2866
f 1382//1382 2867//2867 2864//2864
f 1382//1382 1405//1405 2867//2867
f 2865//2865 2869//2869 2868//2868
f 2865//2865 2870//2870 2869//2869
f 2867//2867 2869//2869 2870//2870
f 2867//2867 2871//2871 2869//2869
f 2864//2864 2870//2870 2865//2865
f 2864//2864 2867//2867 2870//2870
f 2867//2867 2872//2872 2871//2871
f 2867//2867 2873//2873 2872//2872
f 1405//1405 2873//2873 2867//2867
f 1405//1405 1409//1409 2873//2873
f 1409//1409 2874//2874 2873//2873
f 1409//1409 1410//1410 2874//2874
f 2873//2873 2876//2876 2875//2875
f 2873//2873 2874//2874 2876//2876
f 2873//2873 2877//2877 2872//2872
f 2873//2873 2875//2875 2877//2877
f 2871//2871 2877//2877 2869//2869
f 2871//2871 2872//2872 2877//2877
f 2564//2564 2878//2878 2570//2570
f 2564//2564 2879//2879 2878//2878
f 2865//2865 2878//2878 2879//2879
f 2865//2865 2868//2868 2878//2878
f 2565//2565 2879//2879 2564//2564
f 2565//2565 2865//2865 2879//2879
f 2878//2878 2881//2881 2880//2880
f 2878//2878 2882//2882 2881//2881
f 2868//2868 2882//2882 2878//2878
f 2868//2868 2869//2869 2882//2882
f 2569//2569 2883//2883 2596//2596
f 2569//2569 2884//2884 2883//2883
f 2878//2878 2883//2883 2884//2884
f 2878//2878 2880//2880 2883//2883
f 2570//2570 2884//2884 2569//2569
f 2570//2570 2878//2878 2884//2884
f 2885//2885 2887//2887 2886//2886
f 2885//2885 2888//2888 2887//2887
f 2875//2875 2888//2888 2885//2885
f 2875//2875 2876//2876 2888//2888
f 2875//2875 2886//2886 2877//2877
f 2875//2875 2885//2885 2886//2886
f 2882//2882 2889//2889 2881//2881
f 2882//2882 2886//2886 2889//2889
f 2869//2869 2886//2886 2882//2882
f 2869//2869 2877//2877 2886//2886
f 2890//2890 2892//2892 2891//2891
f 2890//2890 2893//2893 2892//2892
f 2886//2886 2893//2893 2890//2890
f 2886//2886 2887//2887 2893//2893
f 2886//2886 2891//2891 2889//2889
f 2886//2886 2890//2890 2891//2891
f 1423//1423 2849//2849 2894//2894
f 1423//1423 1330//1330 2849//2849
f 1423//1423 2895//2895 1424//1424
f 1423//1423 2894//2894 2895//2895
f 2894//2894 2852//2852 2896//2896
f 2894//2894 2849//2849 2852//2852
f 2894//2894 2897//2897 2895//2895
f 2894//2894 2896//2896 2897//2897
f 1426//1426 2895//2895 2898//2898
f 1426//1426 1424//1424 2895//2895
f 1426//1426 2874//2874 1410//1410
f 1426//1426 2898//2898 2874//2874
f 2898//2898 2897//2897 2899//2899
f 2898//2898 2895//2895 2897//2897
f 2898//2898 2876//2876 2874//2874
f 2898//2898 2899//2899 2876//2876
f 2900//2900 2902//2902 2901//2901
f 2900//2900 2903//2903 2902//2902
f 2896//2896 2903//2903 2900//2900
f 2896//2896 2852//2852 2903//2903
f 2896//2896 2901//2901 2897//2897
f 2896//2896 2900//2900 2901//2901
f 2904//2904 2905//2905 2888//2888
f 2904//2904 2901//2901 2905//2905
f 2899//2899 2901//2901 2904//2904
f 2899//2899 2897//2897 2901//2901
f 2899//2899 2888//2888 2876//2876
f 2899//2899 2904//2904 2888//2888
f 2901//2901 2907//2907 2906//2906
f 2901//2901 2902//2902 2907//2907
f 2901//2901 2908//2908 2905//2905
f 2901//2901 2906//2906 2908//2908
f 2852//2852 2858//2858 2903//2903
f 2852//2852 2853//2853 2858//2858
f 2909//2909 2910//2910 2907//2907
f 2909//2909 2860//2860 2910//2910
f 2903//2903 2860//2860 2909//2909
f 2903//2903 2858//2858 2860//2860
f 2903//2903 2907//2907 2902//2902
f 2903//2903 2909//2909 2907//2907
f 2888//2888 2908//2908 2911//2911
f 2888//2888 2905//2905 2908//2908
f 2888//2888 2893//2893 2887//2887
f 2888//2888 2911//2911 2893//2893
f 2912//2912 2914//2914 2913//2913
f 2912//2912 2915//2915 2914//2914
f 2906//2906 2915//2915 2912//2912
f 2906//2906 2907//2907 2915//2915
f 2906//2906 2913//2913 2908//2908
f 2906//2906 2912//2912 2913//2913
f 2916//2916 2918//2918 2917//2917
f 2916//2916 2919//2919 2918//2918
f 2860//2860 2919//2919 2916//2916
f 2860//2860 2861//2861 2919//2919
f 2860//2860 2917//2917 2910//2910
f 2860//2860 2916//2916 2917//2917
f 2907//2907 2917//2917 2915//2915
f 2907//2907 2910//2910 2917//2917
f 2920//2920 2922//2922 2921//2921
f 2920//2920 2923//2923 2922//2922
f 2915//2915 2923//2923 2920//2920
f 2915//2915 2917//2917 2923//2923
f 2915//2915 2921//2921 2914//2914
f 2915//2915 2920//2920 2921//2921
f 2923//2923 2924//2924 2922//2922
f 2923//2923 2925//2925 2924//2924
f 2917//2917 2925//2925 2923//2923
f 2917//2917 2918//2918 2925//2925
f 2926//2926 2928//2928 2927//2927
f 2926//2926 2913//2913 2928//2928
f 2911//2911 2913//2913 2926//2926
f 2911//2911 2908//2908 2913//2913
f 2911//2911 2927//2927 2893//2893
f 2911//2911 2926//2926 2927//2927
f 2929//2929 2931//2931 2930//2930
f 2929//2929 2921//2921 2931//2931
f 2913//2913 2921//2921 2929//2929
f 2913//2913 2914//2914 2921//2921
f 2913//2913 2930//2930 2928//2928
f 2913//2913 2929//2929 2930//2930
f 2893//2893 2932//2932 2892//2892
f 2893//2893 2927//2927 2932//2932
f 2933//2933 2935//2935 2934//2934
f 2933//2933 2930//2930 2935//2935
f 2927//2927 2930//2930 2933//2933
f 2927//2927 2928//2928 2930//2930
f 2927//2927 2934//2934 2932//2932
f 2927//2927 2933//2933 2934//2934
f 2936//2936 2938//2938 2937//2937
f 2936//2936 2939//2939 2938//2938
f 2930//2930 2939//2939 2936//2936
f 2930//2930 2931//2931 2939//2939
f 2930//2930 2937//2937 2935//2935
f 2930//2930 2936//2936 2937//2937
f 2940//2940 2941//2941 2939//2939
f 2940//2940 2942//2942 2941//2941
f 2921//2921 2942//2942 2940//2940
f 2921//2921 2922//2922 2942//2942
f 2921//2921 2939//2939 2931//2931
f 2921//2921 2940//2940 2939//2939
f 2942//2942 2943//2943 2941//2941
f 2942//2942 2944//2944 2943//2943
f 2922//2922 2944//2944 2942//2942
f 2922//2922 2924//2924 2944//2944
f 2939//2939 2945//2945 2938//2938
f 2939//2939 2941//2941 2945//2945
f 2946//2946 2948//2948 2947//2947
f 2946//2946 2949//2949 2948//2948
f 2941//2941 2949//2949 2946//2946
f 2941//2941 2943//2943 2949//2949
f 2941//2941 2947//2947 2945//2945
f 2941//2941 2946//2946 2947//2947
f 2950//2950 2951//2951 2850//2850
f 2950//2950 2952//2952 2951//2951
f 1467//1467 2952//2952 2950//2950
f 1467//1467 1468//1468 2952//2952
f 1467//1467 2850//2850 1331//1331
f 1467//1467 2950//2950 2850//2850
f 1468//1468 2953//2953 2952//2952
f 1468//1468 1469//1469 2953//2953
f 2952//2952 2955//2955 2954//2954
f 2952//2952 2953//2953 2955//2955
f 2952//2952 2956//2956 2951//2951
f 2952//2952 2954//2954 2956//2956
f 2850//2850 2956//2956 2855//2855
f 2850//2850 2951//2951 2956//2956
f 1469//1469 2957//2957 2953//2953
f 1469//1469 1472//1472 2957//2957
f 1472//1472 2958//2958 2957//2957
f 1472//1472 1473//1473 2958//2958
f 2953//2953 2959//2959 2955//2955
f 2953//2953 2957//2957 2959//2959
f 2957//2957 2960//2960 2959//2959
f 2957//2957 2958//2958 2960//2960
f 2961//2961 2963//2963 2962//2962
f 2961//2961 2964//2964 2963//2963
f 2954//2954 2964//2964 2961//2961
f 2954//2954 2955//2955 2964//2964
f 2954//2954 2962//2962 2956//2956
f 2954//2954 2961//2961 2962//2962
f 2855//2855 2962//2962 2857//2857
f 2855//2855 2956//2956 2962//2962
f 2862//2862 2965//2965 2861//2861
f 2862//2862 2966//2966 2965//2965
f 2857//2857 2966//2966 2862//2862
f 2857//2857 2962//2962 2966//2966
f 2962//2962 2967//2967 2966//2966
f 2962//2962 2963//2963 2967//2967
f 2964//2964 2968//2968 2963//2963
f 2964//2964 2969//2969 2968//2968
f 2955//2955 2969//2969 2964//2964
f 2955//2955 2959//2959 2969//2969
f 2969//2969 2970//2970 2968//2968
f 2969//2969 2971//2971 2970//2970
f 2959//2959 2971//2971 2969//2969
f 2959//2959 2960//2960 2971//2971
f 2963//2963 2972//2972 2967//2967
f 2963//2963 2968//2968 2972//2972
f 2968//2968 2973//2973 2972//2972
f 2968//2968 2970//2970 2973//2973
f 1473//1473 2974//2974 2958//2958
f 1473//1473 1491//1491 2974//2974
f 1491//1491 2975//2975 2974//2974
f 1491//1491 1492//1492 2975//2975
f 2958//2958 2976//2976 2960//2960
f 2958//2958 2974//2974 2976//2976
f 2974//2974 2977//2977 2976//2976
f 2974//2974 2975//2975 2977//2977
f 1492//1492 2978//2978 2975//2975
f 1492//1492 1497//1497 2978//2978
f 1498//1498 2980//2980 2979//2979
f 1498//1498 1499//1499 2980//2980
f 1497//1497 2979//2979 2978//2978
f 1497//1497 1498//1498 2979//2979
f 2975//2975 2981//2981 2977//2977
f 2975//2975 2978//2978 2981//2981
f 2981//2981 2983//2983 2982//2982
f 2981//2981 2984//2984 2983//2983
f 2979//2979 2983//2983 2984//2984
f 2979//2979 2980//2980 2983//2983
f 2978//2978 2984//2984 2981//2981
f 2978//2978 2979//2979 2984//2984
f 2971//2971 2985//2985 2970//2970
f 2971//2971 2986//2986 2985//2985
f 2960//2960 2986//2986 2971//2971
f 2960//2960 2976//2976 2986//2986
f 2986//2986 2987//2987 2985//2985
f 2986//2986 2988//2988 2987//2987
f 2976//2976 2988//2988 2986//2986
f 2976//2976 2977//2977 2988//2988
f 2970//2970 2989//2989 2973//2973
f 2970//2970 2985//2985 2989//2989
f 2985//2985 2990//2990 2989//2989
f 2985//2985 2987//2987 2990//2990
f 2988//2988 2991//2991 2987//2987
f 2988//2988 2992//2992 2991//2991
f 2981//2981 2991//2991 2992//2992
f 2981//2981 2982//2982 2991//2991
f 2977//2977 2992//2992 2988//2988
f 2977//2977 2981//2981 2992//2992
f 2982//2982 2993//2993 2991//2991
f 2982//2982 2983//2983 2993//2993
f 2987//2987 2994//2994 2990//2990
f 2987//2987 2991//2991 2994//2994
f 2994//2994 2996//2996 2995//2995
f 2994//2994 2997//2997 2996//2996
f 2993//2993 2996//2996 2997//2997
f 2993//2993 2998//2998 2996//2996
f 2991//2991 2997//2997 2994//2994
f 2991//2991 2993//2993 2997//2997
f 2999//2999 3001//3001 3000//3000
f 2999//2999 3002//3002 3001//3001
f 2966//2966 3002//3002 2999//2999
f 2966//2966 2967//2967 3002//3002
f 2966//2966 3000//3000 2965//2965
f 2966//2966 2999//2999 3000//3000
f 3002//3002 3003//3003 3001//3001
f 3002//3002 3004//3004 3003//3003
f 2967//2967 3004//3004 3002//3002
f 2967//2967 2972//2972 3004//3004
f 3004//3004 3005//3005 3003//3003
f 3004//3004 3006//3006 3005//3005
f 2972//2972 3006//3006 3004//3004
f 2972//2972 2973//2973 3006//3006
f 3006//3006 3007//3007 3005//3005
f 3006//3006 3008//3008 3007//3007
f 2973//2973 3008//3008 3006//3006
f 2973//2973 2989//2989 3008//3008
f 3008//3008 3009//3009 3007//3007
f 3008//3008 3010//3010 3009//3009
f 2989//2989 3010//3010 3008//3008
f 2989//2989 2990//2990 3010//3010
f 3010//3010 3011//3011 3009//3009
f 3010//3010 3012//3012 3011//3011
f 2994//2994 3011//3011 3012//3012
f 2994//2994 2995//2995 3011//3011
f 2990//2990 3012//3012 3010//3010
f 2990//2990 2994//2994 3012//3012
f 2861//2861 3000//3000 2919//2919
f 2861//2861 2965//2965 3000//3000
f 3013//3013 3014//3014 2925//2925
f 3013//3013 3015//3015 3014//3014
f 2919//2919 3015//3015 3013//3013
f 2919//2919 3000//3000 3015//3015
f 2919//2919 2925//2925 2918//2918
f 2919//2919 3013//3013 2925//2925
f 3015//3015 3016//3016 3014//3014
f 3015//3015 3017//3017 3016//3016
f 3000//3000 3017//3017 3015//3015
f 3000//3000 3001//3001 3017//3017
f 3017//3017 3018//3018 3016//3016
f 3017//3017 3019//3019 3018//3018
f 3001//3001 3019//3019 3017//3017
f 3001//3001 3003//3003 3019//3019
f 3019//3019 3020//3020 3018//3018
f 3019//3019 3021//3021 3020//3020
f 3003//3003 3021//3021 3019//3019
f 3003//3003 3005//3005 3021//3021
f 3022//3022 3023//3023 2944//2944
f 3022//3022 3024//3024 3023//3023
f 2925//2925 3024//3024 3022//3022
f 2925//2925 3014//3014 3024//3024
f 2925//2925 2944//2944 2924//2924
f 2925//2925 3022//3022 2944//2944
f 3024//3024 3025//3025 3023//3023
f 3024//3024 3026//3026 3025//3025
f 3014//3014 3026//3026 3024//3024
f 3014//3014 3016//3016 3026//3026
f 3026//3026 3027//3027 3025//3025
f 3026//3026 3028//3028 3027//3027
f 3016//3016 3028//3028 3026//3026
f 3016//3016 3018//3018 3028//3028
f 3028//3028 3029//3029 3027//3027
f 3028//3028 3030//3030 3029//3029
f 3018//3018 3030//3030 3028//3028
f 3018//3018 3020//3020 3030//3030
f 3031//3031 3032//3032 2949//2949
f 3031//3031 3033//3033 3032//3032
f 2944//2944 3033//3033 3031//3031
f 2944//2944 3023//3023 3033//3033
f 2944//2944 2949//2949 2943//2943
f 2944//2944 3031//3031 2949//2949
f 3033//3033 3034//3034 3032//3032
f 3033//3033 3035//3035 3034//3034
f 3023//3023 3035//3035 3033//3033
f 3023//3023 3025//3025 3035//3035
f 2949//2949 3036//3036 2948//2948
f 2949//2949 3032//3032 3036//3036
f 3035//3035 3037//3037 3034//3034
f 3035//3035 3038//3038 3037//3037
f 3025//3025 3038//3038 3035//3035
f 3025//3025 3027//3027 3038//3038
f 3038//3038 3039//3039 3037//3037
f 3038//3038 3040//3040 3039//3039
f 3027//3027 3040//3040 3038//3038
f 3027//3027 3029//3029 3040//3040
f 3021//3021 3041//3041 3020//3020
f 3021//3021 3042//3042 3041//3041
f 3005//3005 3042//3042 3021//3021
f 3005//3005 3007//3007 3042//3042
f 3042//3042 3043//3043 3041//3041
f 3042//3042 3044//3044 3043//3043
f 3007//3007 3044//3044 3042//3042
f 3007//3007 3009//3009 3044//3044
f 3011//3011 3046//3046 3045//3045
f 3011//3011 3047//3047 3046//3046
f 2995//2995 3047//3047 3011//3011
f 2995//2995 2996//2996 3047//3047
f 3044//3044 3048//3048 3043//3043
f 3044//3044 3049//3049 3048//3048
f 3011//3011 3048//3048 3049//3049
f 3011//3011 3045//3045 3048//3048
f 3009//3009 3049//3049 3044//3044
f 3009//3009 3011//3011 3049//3049
f 3048//3048 3051//3051 3050//3050
f 3048//3048 3052//3052 3051//3051
f 3045//3045 3052//3052 3048//3048
f 3045//3045 3046//3046 3052//3052
f 3030//3030 3053//3053 3029//3029
f 3030//3030 3054//3054 3053//3053
f 3020//3020 3054//3054 3030//3030
f 3020//3020 3041//3041 3054//3054
f 3054//3054 3055//3055 3053//3053
f 3054//3054 3056//3056 3055//3055
f 3041//3041 3056//3056 3054//3054
f 3041//3041 3043//3043 3056//3056
f 3056//3056 3057//3057 3055//3055
f 3056//3056 3058//3058 3057//3057
f 3048//3048 3057//3057 3058//3058
f 3048//3048 3050//3050 3057//3057
f 3043//3043 3058//3058 3056//3056
f 3043//3043 3048//3048 3058//3058
f 3040//3040 3059//3059 3039//3039
f 3040//3040 3060//3060 3059//3059
f 3029//3029 3060//3060 3040//3040
f 3029//3029 3053//3053 3060//3060
f 3060//3060 3061//3061 3059//3059
f 3060//3060 3062//3062 3061//3061
f 3055//3055 3061//3061 3062//3062
f 3055//3055 3063//3063 3061//3061
f 3053//3053 3062//3062 3060//3060
f 3053//3053 3055//3055 3062//3062
f 3039//3039 3065//3065 3064//3064
f 3039//3039 3059//3059 3065//3065
f 3059//3059 3066//3066 3065//3065
f 3059//3059 3061//3061 3066//3066
f 3055//3055 3067//3067 3063//3063
f 3055//3055 3057//3057 3067//3067
f 3057//3057 3068//3068 3067//3067
f 3057//3057 3069//3069 3068//3068
f 3051//3051 3068//3068 3069//3069
f 3051//3051 3070//3070 3068//3068
f 3050//3050 3069//3069 3057//3057
f 3050//3050 3051//3051 3069//3069
f 3061//3061 3071//3071 3066//3066
f 3061//3061 3072//3072 3071//3071
f 3063//3063 3072//3072 3061//3061
f 3063//3063 3067//3067 3072//3072
f 3072//3072 3073//3073 3071//3071
f 3072//3072 3074//3074 3073//3073
f 3068//3068 3073//3073 3074//3074
f 3068//3068 3075//3075 3073//3073
f 3067//3067 3074//3074 3072//3072
f 3067//3067 3068//3068 3074//3074
f 3076//3076 3078//3078 3077//3077
f 3076//3076 3079//3079 3078//3078
f 3032//3032 3079//3079 3076//3076
f 3032//3032 3034//3034 3079//3079
f 3032//3032 3077//3077 3036//3036
f 3032//3032 3076//3076 3077//3077
f 3079//3079 3080//3080 3078//3078
f 3079//3079 3081//3081 3080//3080
f 3034//3034 3081//3081 3079//3079
f 3034//3034 3037//3037 3081//3081
f 3081//3081 3082//3082 3080//3080
f 3081//3081 3083//3083 3082//3082
f 3039//3039 3082//3082 3083//3083
f 3039//3039 3064//3064 3082//3082
f 3037//3037 3083//3083 3081//3081
f 3037//3037 3039//3039 3083//3083
f 1499//1499 3084//3084 2980//2980
f 1499//1499 1563//1563 3084//3084
f 3084//3084 3086//3086 3085//3085
f 3084//3084 3087//3087 3086//3086
f 1565//1565 3086//3086 3087//3087
f 1565//1565 1566//1566 3086//3086
f 1563//1563 3087//3087 3084//3084
f 1563//1563 1565//1565 3087//3087
f 3084//3084 3089//3089 3088//3088
f 3084//3084 3085//3085 3089//3089
f 2980//2980 3088//3088 2983//2983
f 2980//2980 3084//3084 3088//3088
f 2993//2993 3090//3090 2998//2998
f 2993//2993 3091//3091 3090//3090
f 3088//3088 3090//3090 3091//3091
f 3088//3088 3089//3089 3090//3090
f 2983//2983 3091//3091 2993//2993
f 2983//2983 3088//3088 3091//3091
f 1566//1566 3092//3092 3086//3086
f 1566//1566 1604//1604 3092//3092
f 3086//3086 3094//3094 3093//3093
f 3086//3086 3092//3092 3094//3094
f 3085//3085 3093//3093 3089//3089
f 3085//3085 3086//3086 3093//3093
f 1607//1607 3096//3096 3095//3095
f 1607//1607 1608//1608 3096//3096
f 1604//1604 3095//3095 3092//3092
f 1604//1604 1607//1607 3095//3095
f 3095//3095 3098//3098 3097//3097
f 3095//3095 3096//3096 3098//3098
f 3092//3092 3097//3097 3094//3094
f 3092//3092 3095//3095 3097//3097
f 3090//3090 3100//3100 3099//3099
f 3090//3090 3101//3101 3100//3100
f 3093//3093 3100//3100 3101//3101
f 3093//3093 3094//3094 3100//3100
f 3089//3089 3101//3101 3090//3090
f 3089//3089 3093//3093 3101//3101
f 3090//3090 3103//3103 3102//3102
f 3090//3090 3099//3099 3103//3103
f 2998//2998 3102//3102 2996//2996
f 2998//2998 3090//3090 3102//3102
f 3100//3100 3105//3105 3104//3104
f 3100//3100 3106//3106 3105//3105
f 3099//3099 3104//3104 3103//3103
f 3099//3099 3100//3100 3104//3104
f 3100//3100 3107//3107 3106//3106
f 3100//3100 3108//3108 3107//3107
f 3097//3097 3107//3107 3108//3108
f 3097//3097 3098//3098 3107//3107
f 3094//3094 3108//3108 3100//3100
f 3094//3094 3097//3097 3108//3108
f 1620//1620 3110//3110 3109//3109
f 1620//1620 1621//1621 3110//3110
f 1608//1608 3109//3109 3096//3096
f 1608//1608 1620//1620 3109//3109
f 3098//3098 3112//3112 3111//3111
f 3098//3098 3113//3113 3112//3112
f 3109//3109 3112//3112 3113//3113
f 3109//3109 3110//3110 3112//3112
f 3096//3096 3113//3113 3098//3098
f 3096//3096 3109//3109 3113//3113
f 1621//1621 3114//3114 3110//3110
f 1621//1621 1623//1623 3114//3114
f 3110//3110 3115//3115 3112//3112
f 3110//3110 3114//3114 3115//3115
f 3098//3098 3116//3116 3107//3107
f 3098//3098 3111//3111 3116//3116
f 3105//3105 3118//3118 3117//3117
f 3105//3105 3119//3119 3118//3118
f 3107//3107 3118//3118 3119//3119
f 3107//3107 3116//3116 3118//3118
f 3106//3106 3119//3119 3105//3105
f 3106//3106 3107//3107 3119//3119
f 3116//3116 3121//3121 3120//3120
f 3116//3116 3122//3122 3121//3121
f 3112//3112 3121//3121 3122//3122
f 3112//3112 3115//3115 3121//3121
f 3111//3111 3122//3122 3116//3116
f 3111//3111 3112//3112 3122//3122
f 3116//3116 3123//3123 3118//3118
f 3116//3116 3120//3120 3123//3123
f 3047//3047 3124//3124 3046//3046
f 3047//3047 3125//3125 3124//3124
f 3102//3102 3124//3124 3125//3125
f 3102//3102 3103//3103 3124//3124
f 2996//2996 3125//3125 3047//3047
f 2996//2996 3102//3102 3125//3125
f 3124//3124 3127//3127 3126//3126
f 3124//3124 3128//3128 3127//3127
f 3104//3104 3127//3127 3128//3128
f 3104//3104 3105//3105 3127//3127
f 3103//3103 3128//3128 3124//3124
f 3103//3103 3104//3104 3128//3128
f 3052//3052 3129//3129 3051//3051
f 3052//3052 3130//3130 3129//3129
f 3124//3124 3129//3129 3130//3130
f 3124//3124 3126//3126 3129//3129
f 3046//3046 3130//3130 3052//3052
f 3046//3046 3124//3124 3130//3130
f 3105//3105 3131//3131 3127//3127
f 3105//3105 3117//3117 3131//3131
f 3051//3051 3132//3132 3070//3070
f 3051//3051 3129//3129 3132//3132
f 3129//3129 3133//3133 3132//3132
f 3129//3129 3134//3134 3133//3133
f 3127//3127 3133//3133 3134//3134
f 3127//3127 3131//3131 3133//3133
f 3126//3126 3134//3134 3129//3129
f 3126//3126 3127//3127 3134//3134
f 3132//3132 3136//3136 3135//3135
f 3132//3132 3133//3133 3136//3136
f 3131//3131 3136//3136 3133//3133
f 3131//3131 3137//3137 3136//3136
f 3131//3131 3138//3138 3137//3137
f 3131//3131 3139//3139 3138//3138
f 3118//3118 3138//3138 3139//3139
f 3118//3118 3123//3123 3138//3138
f 3117//3117 3139//3139 3131//3131
f 3117//3117 3118//3118 3139//3139
f 3068//3068 3140//3140 3075//3075
f 3068//3068 3141//3141 3140//3140
f 3132//3132 3140//3140 3141//3141
f 3132//3132 3135//3135 3140//3140
f 3070//3070 3141//3141 3068//3068
f 3070//3070 3132//3132 3141//3141
f 549//549 3142//3142 548//548
f 549//549 3143//3143 3142//3142
f 549//549 3144//3144 3143//3143
f 549//549 550//550 3144//3144
f 551//551 3144//3144 550//550
f 551//551 3145//3145 3144//3144
f 551//551 3146//3146 3145//3145
f 551//551 552//552 3146//3146
f 3143//3143 3147//3147 3142//3142
f 3143//3143 3148//3148 3147//3147
f 3143//3143 3149//3149 3148//3148
f 3143//3143 3144//3144 3149//3149
f 3145//3145 3149//3149 3144//3144
f 3145//3145 3150//3150 3149//3149
f 3145//3145 3151//3151 3150//3150
f 3145//3145 3146//3146 3151//3151
f 548//548 3152//3152 555//555
f 548//548 3142//3142 3152//3152
f 555//555 3153//3153 556//556
f 555//555 3152//3152 3153//3153
f 3142//3142 3154//3154 3152//3152
f 3142//3142 3147//3147 3154//3154
f 3152//3152 3155//3155 3153//3153
f 3152//3152 3154//3154 3155//3155
f 3148//3148 3156//3156 3147//3147
f 3148//3148 3157//3157 3156//3156
f 3148//3148 3158//3158 3157//3157
f 3148//3148 3149//3149 3158//3158
f 3150//3150 3158//3158 3149//3149
f 3150//3150 3159//3159 3158//3158
f 3150//3150 3160//3160 3159//3159
f 3150//3150 3151//3151 3160//3160
f 3157//3157 3161//3161 3156//3156
f 3157//3157 3162//3162 3161//3161
f 3157//3157 3163//3163 3162//3162
f 3157//3157 3158//3158 3163//3163
f 3159//3159 3163//3163 3158//3158
f 3159//3159 3164//3164 3163//3163
f 3159//3159 3165//3165 3164//3164
f 3159//3159 3160//3160 3165//3165
f 3147//3147 3166//3166 3154//3154
f 3147//3147 3156//3156 3166//3166
f 3154//3154 3167//3167 3155//3155
f 3154//3154 3166//3166 3167//3167
f 3156//3156 3168//3168 3166//3166
f 3156//3156 3161//3161 3168//3168
f 3166//3166 3169//3169 3167//3167
f 3166//3166 3168//3168 3169//3169
f 573//573 3146//3146 552//552
f 573//573 3170//3170 3146//3146
f 573//573 3171//3171 3170//3170
f 573//573 574//574 3171//3171
f 574//574 3172//3172 3171//3171
f 574//574 575//575 3172//3172
f 3170//3170 3151//3151 3146//3146
f 3170//3170 3173//3173 3151//3151
f 3170//3170 3174//3174 3173//3173
f 3170//3170 3171//3171 3174//3174
f 3171//3171 3175//3175 3174//3174
f 3171//3171 3172//3172 3175//3175
f 575//575 3176//3176 3172//3172
f 575//575 579//579 3176//3176
f 580//580 3176//3176 579//579
f 580//580 3177//3177 3176//3176
f 580//580 3178//3178 3177//3177
f 580//580 581//581 3178//3178
f 3172//3172 3179//3179 3175//3175
f 3172//3172 3176//3176 3179//3179
f 3177//3177 3179//3179 3176//3176
f 3177//3177 3180//3180 3179//3179
f 3177//3177 3181//3181 3180//3180
f 3177//3177 3178//3178 3181//3181
f 3173//3173 3160//3160 3151//3151
f 3173//3173 3182//3182 3160//3160
f 3173//3173 3183//3183 3182//3182
f 3173//3173 3174//3174 3183//3183
f 3174//3174 3184//3184 3183//3183
f 3174//3174 3175//3175 3184//3184
f 3182//3182 3165//3165 3160//3160
f 3182//3182 3185//3185 3165//3165
f 3182//3182 3186//3186 3185//3185
f 3182//3182 3183//3183 3186//3186
f 3183//3183 3187//3187 3186//3186
f 3183//3183 3184//3184 3187//3187
f 3175//3175 3188//3188 3184//3184
f 3175//3175 3179//3179 3188//3188
f 3180//3180 3188//3188 3179//3179
f 3180//3180 3189//3189 3188//3188
f 3180//3180 3190//3190 3189//3189
f 3180//3180 3181//3181 3190//3190
f 3184//3184 3191//3191 3187//3187
f 3184//3184 3188//3188 3191//3191
f 3189//3189 3191//3191 3188//3188
f 3189//3189 3192//3192 3191//3191
f 3189//3189 3193//3193 3192//3192
f 3189//3189 3190//3190 3193//3193
f 3162//3162 3194//3194 3161//3161
f 3162//3162 3195//3195 3194//3194
f 3162//3162 3196//3196 3195//3195
f 3162//3162 3163//3163 3196//3196
f 3164//3164 3196//3196 3163//3163
f 3164//3164 3197//3197 3196//3196
f 3164//3164 3198//3198 3197//3197
f 3164//3164 3165//3165 3198//3198
f 3195//3195 3199//3199 3194//3194
f 3195//3195 3200//3200 3199//3199
f 3195//3195 3201//3201 3200//3200
f 3195//3195 3196//3196 3201//3201
f 3197//3197 3201//3201 3196//3196
f 3197//3197 3202//3202 3201//3201
f 3197//3197 3203//3203 3202//3202
f 3197//3197 3198//3198 3203//3203
f 3161//3161 3204//3204 3168//3168
f 3161//3161 3194//3194 3204//3204
f 3168//3168 3205//3205 3169//3169
f 3168//3168 3204//3204 3205//3205
f 3194//3194 3206//3206 3204//3204
f 3194//3194 3199//3199 3206//3206
f 3204//3204 3207//3207 3205//3205
f 3204//3204 3206//3206 3207//3207
f 3208//3208 3210//3210 3209//3209
f 3208//3208 3211//3211 3210//3210
f 3200//3200 3209//3209 3199//3199
f 3200//3200 3208//3208 3209//3209
f 3200//3200 3211//3211 3208//3208
f 3200//3200 3201//3201 3211//3211
f 3202//3202 3211//3211 3201//3201
f 3202//3202 3212//3212 3211//3211
f 3202//3202 3213//3213 3212//3212
f 3202//3202 3203//3203 3213//3213
f 3212//3212 3214//3214 3211//3211
f 3212//3212 3215//3215 3214//3214
f 3212//3212 3216//3216 3215//3215
f 3212//3212 3213//3213 3216//3216
f 3211//3211 3217//3217 3210//3210
f 3211//3211 3214//3214 3217//3217
f 3199//3199 3218//3218 3206//3206
f 3199//3199 3209//3209 3218//3218
f 3206//3206 3219//3219 3207//3207
f 3206//3206 3218//3218 3219//3219
f 3209//3209 3220//3220 3218//3218
f 3209//3209 3221//3221 3220//3220
f 3209//3209 3217//3217 3221//3221
f 3209//3209 3210//3210 3217//3217
f 3218//3218 3222//3222 3219//3219
f 3218//3218 3220//3220 3222//3222
f 3185//3185 3198//3198 3165//3165
f 3185//3185 3223//3223 3198//3198
f 3185//3185 3224//3224 3223//3223
f 3185//3185 3186//3186 3224//3224
f 3186//3186 3225//3225 3224//3224
f 3186//3186 3187//3187 3225//3225
f 3223//3223 3203//3203 3198//3198
f 3223//3223 3226//3226 3203//3203
f 3223//3223 3227//3227 3226//3226
f 3223//3223 3224//3224 3227//3227
f 3224//3224 3228//3228 3227//3227
f 3224//3224 3225//3225 3228//3228
f 3187//3187 3229//3229 3225//3225
f 3187//3187 3191//3191 3229//3229
f 3192//3192 3229//3229 3191//3191
f 3192//3192 3230//3230 3229//3229
f 3192//3192 3231//3231 3230//3230
f 3192//3192 3193//3193 3231//3231
f 3225//3225 3232//3232 3228//3228
f 3225//3225 3229//3229 3232//3232
f 3230//3230 3232//3232 3229//3229
f 3230//3230 3233//3233 3232//3232
f 3230//3230 3234//3234 3233//3233
f 3230//3230 3231//3231 3234//3234
f 3235//3235 3236//3236 3213//3213
f 3235//3235 3237//3237 3236//3236
f 3226//3226 3213//3213 3203//3203
f 3226//3226 3235//3235 3213//3213
f 3226//3226 3237//3237 3235//3235
f 3226//3226 3227//3227 3237//3237
f 3227//3227 3238//3238 3237//3237
f 3227//3227 3228//3228 3238//3238
f 3237//3237 3239//3239 3236//3236
f 3237//3237 3240//3240 3239//3239
f 3237//3237 3241//3241 3240//3240
f 3237//3237 3238//3238 3241//3241
f 3228//3228 3242//3242 3238//3238
f 3228//3228 3232//3232 3242//3242
f 3243//3243 3244//3244 3242//3242
f 3243//3243 3245//3245 3244//3244
f 3233//3233 3242//3242 3232//3232
f 3233//3233 3243//3243 3242//3242
f 3233//3233 3245//3245 3243//3243
f 3233//3233 3234//3234 3245//3245
f 3238//3238 3246//3246 3241//3241
f 3238//3238 3242//3242 3246//3246
f 3242//3242 3247//3247 3246//3246
f 3242//3242 3244//3244 3247//3247
f 3213//3213 3239//3239 3216//3216
f 3213//3213 3236//3236 3239//3239
f 581//581 3248//3248 3178//3178
f 581//581 629//629 3248//3248
f 629//629 3249//3249 3248//3248
f 629//629 630//630 3249//3249
f 3178//3178 3250//3250 3181//3181
f 3178//3178 3248//3248 3250//3250
f 3248//3248 3251//3251 3250//3250
f 3248//3248 3249//3249 3251//3251
f 630//630 3252//3252 3249//3249
f 630//630 633//633 3252//3252
f 633//633 3253//3253 3252//3252
f 633//633 634//634 3253//3253
f 3249//3249 3254//3254 3251//3251
f 3249//3249 3252//3252 3254//3254
f 3252//3252 3255//3255 3254//3254
f 3252//3252 3253//3253 3255//3255
f 3181//3181 3256//3256 3190//3190
f 3181//3181 3250//3250 3256//3256
f 3250//3250 3257//3257 3256//3256
f 3250//3250 3251//3251 3257//3257
f 3190//3190 3258//3258 3193//3193
f 3190//3190 3256//3256 3258//3258
f 3256//3256 3259//3259 3258//3258
f 3256//3256 3257//3257 3259//3259
f 3251//3251 3260//3260 3257//3257
f 3251//3251 3254//3254 3260//3260
f 3254//3254 3261//3261 3260//3260
f 3254//3254 3255//3255 3261//3261
f 3257//3257 3262//3262 3259//3259
f 3257//3257 3260//3260 3262//3262
f 3260//3260 3263//3263 3262//3262
f 3260//3260 3261//3261 3263//3263
f 634//634 3264//3264 3253//3253
f 634//634 645//645 3264//3264
f 645//645 3265//3265 3264//3264
f 645//645 646//646 3265//3265
f 3253//3253 3266//3266 3255//3255
f 3253//3253 3264//3264 3266//3266
f 3264//3264 3267//3267 3266//3266
f 3264//3264 3265//3265 3267//3267
f 646//646 3268//3268 3265//3265
f 646//646 649//649 3268//3268
f 649//649 3269//3269 3268//3268
f 649//649 650//650 3269//3269
f 3265//3265 3270//3270 3267//3267
f 3265//3265 3268//3268 3270//3270
f 3268//3268 3271//3271 3270//3270
f 3268//3268 3269//3269 3271//3271
f 3255//3255 3272//3272 3261//3261
f 3255//3255 3266//3266 3272//3272
f 3266//3266 3273//3273 3272//3272
f 3266//3266 3267//3267 3273//3273
f 3261//3261 3274//3274 3263//3263
f 3261//3261 3272//3272 3274//3274
f 3272//3272 3275//3275 3274//3274
f 3272//3272 3273//3273 3275//3275
f 3267//3267 3276//3276 3273//3273
f 3267//3267 3270//3270 3276//3276
f 3270//3270 3277//3277 3276//3276
f 3270//3270 3271//3271 3277//3277
f 3273//3273 3278//3278 3275//3275
f 3273//3273 3276//3276 3278//3278
f 3276//3276 3279//3279 3278//3278
f 3276//3276 3277//3277 3279//3279
f 3193//3193 3280//3280 3231//3231
f 3193//3193 3258//3258 3280//3280
f 3258//3258 3281//3281 3280//3280
f 3258//3258 3259//3259 3281//3281
f 3231//3231 3282//3282 3234//3234
f 3231//3231 3280//3280 3282//3282
f 3280//3280 3283//3283 3282//3282
f 3280//3280 3281//3281 3283//3283
f 3259//3259 3284//3284 3281//3281
f 3259//3259 3262//3262 3284//3284
f 3262//3262 3285//3285 3284//3284
f 3262//3262 3263//3263 3285//3285
f 3281//3281 3286//3286 3283//3283
f 3281//3281 3284//3284 3286//3286
f 3284//3284 3287//3287 3286//3286
f 3284//3284 3285//3285 3287//3287
f 3234//3234 3288//3288 3245//3245
f 3234//3234 3282//3282 3288//3288
f 3282//3282 3289//3289 3288//3288
f 3282//3282 3283//3283 3289//3289
f 3245//3245 3247//3247 3244//3244
f 3245//3245 3290//3290 3247//3247
f 3245//3245 3291//3291 3290//3290
f 3245//3245 3288//3288 3291//3291
f 3288//3288 3292//3292 3291//3291
f 3288//3288 3289//3289 3292//3292
f 3283//3283 3293//3293 3289//3289
f 3283//3283 3286//3286 3293//3293
f 3286//3286 3294//3294 3293//3293
f 3286//3286 3287//3287 3294//3294
f 3289//3289 3295//3295 3292//3292
f 3289//3289 3293//3293 3295//3295
f 3293//3293 3296//3296 3295//3295
f 3293//3293 3294//3294 3296//3296
f 3263//3263 3297//3297 3285//3285
f 3263//3263 3274//3274 3297//3297
f 3274//3274 3298//3298 3297//3297
f 3274//3274 3275//3275 3298//3298
f 3285//3285 3299//3299 3287//3287
f 3285//3285 3297//3297 3299//3299
f 3297//3297 3300//3300 3299//3299
f 3297//3297 3298//3298 3300//3300
f 3275//3275 3301//3301 3298//3298
f 3275//3275 3278//3278 3301//3301
f 3278//3278 3302//3302 3301//3301
f 3278//3278 3279//3279 3302//3302
f 3298//3298 3303//3303 3300//3300
f 3298//3298 3301//3301 3303//3303
f 3301//3301 3304//3304 3303//3303
f 3301//3301 3302//3302 3304//3304
f 3287//3287 3305//3305 3294//3294
f 3287//3287 3299//3299 3305//3305
f 3299//3299 3306//3306 3305//3305
f 3299//3299 3300//3300 3306//3306
f 3294//3294 3307//3307 3296//3296
f 3294//3294 3305//3305 3307//3307
f 3305//3305 3308//3308 3307//3307
f 3305//3305 3306//3306 3308//3308
f 3300//3300 3309//3309 3306//3306
f 3300//3300 3303//3303 3309//3309
f 3303//3303 3310//3310 3309//3309
f 3303//3303 3304//3304 3310//3310
f 3306//3306 3311//3311 3308//3308
f 3306//3306 3309//3309 3311//3311
f 3309//3309 3312//3312 3311//3311
f 3309//3309 3310//3310 3312//3312
f 3313//3313 3315//3315 3314//3314
f 3313//3313 3316//3316 3315//3315
f 3215//3215 3314//3314 3214//3214
f 3215//3215 3313//3313 3314//3314
f 3215//3215 3316//3316 3313//3313
f 3215//3215 3216//3216 3316//3316
f 3214//3214 3317//3317 3217//3217
f 3214//3214 3314//3314 3317//3317
f 3314//3314 3318//3318 3317//3317
f 3314//3314 3319//3319 3318//3318
f 3314//3314 3320//3320 3319//3319
f 3314//3314 3315//3315 3320//3320
f 3221//3221 3321//3321 3220//3220
f 3221//3221 3322//3322 3321//3321
f 3221//3221 3317//3317 3322//3322
f 3221//3221 3217//3217 3317//3317
f 3220//3220 3323//3323 3222//3222
f 3220//3220 3321//3321 3323//3323
f 3324//3324 3326//3326 3325//3325
f 3324//3324 3318//3318 3326//3326
f 3322//3322 3325//3325 3321//3321
f 3322//3322 3324//3324 3325//3325
f 3322//3322 3318//3318 3324//3324
f 3322//3322 3317//3317 3318//3318
f 3321//3321 3327//3327 3323//3323
f 3321//3321 3325//3325 3327//3327
f 3328//3328 3330//3330 3329//3329
f 3328//3328 3331//3331 3330//3330
f 3319//3319 3329//3329 3318//3318
f 3319//3319 3328//3328 3329//3329
f 3319//3319 3331//3331 3328//3328
f 3319//3319 3320//3320 3331//3331
f 3332//3332 3334//3334 3333//3333
f 3332//3332 3335//3335 3334//3334
f 3325//3325 3333//3333 3327//3327
f 3325//3325 3332//3332 3333//3333
f 3325//3325 3335//3335 3332//3332
f 3325//3325 3326//3326 3335//3335
f 3318//3318 3335//3335 3326//3326
f 3318//3318 3329//3329 3335//3335
f 3336//3336 3338//3338 3337//3337
f 3336//3336 3339//3339 3338//3338
f 3329//3329 3337//3337 3335//3335
f 3329//3329 3336//3336 3337//3337
f 3329//3329 3339//3339 3336//3336
f 3329//3329 3330//3330 3339//3339
f 3335//3335 3340//3340 3334//3334
f 3335//3335 3337//3337 3340//3340
f 3341//3341 3343//3343 3342//3342
f 3341//3341 3344//3344 3343//3343
f 3240//3240 3342//3342 3239//3239
f 3240//3240 3341//3341 3342//3342
f 3240//3240 3344//3344 3341//3341
f 3240//3240 3241//3241 3344//3344
f 3241//3241 3345//3345 3344//3344
f 3241//3241 3246//3246 3345//3345
f 3246//3246 3346//3346 3345//3345
f 3246//3246 3247//3247 3346//3346
f 3344//3344 3347//3347 3343//3343
f 3344//3344 3348//3348 3347//3347
f 3344//3344 3349//3349 3348//3348
f 3344//3344 3345//3345 3349//3349
f 3345//3345 3350//3350 3349//3349
f 3345//3345 3346//3346 3350//3350
f 3351//3351 3353//3353 3352//3352
f 3351//3351 3354//3354 3353//3353
f 3348//3348 3352//3352 3347//3347
f 3348//3348 3351//3351 3352//3352
f 3348//3348 3354//3354 3351//3351
f 3348//3348 3349//3349 3354//3354
f 3349//3349 3355//3355 3354//3354
f 3349//3349 3350//3350 3355//3355
f 3356//3356 3358//3358 3357//3357
f 3356//3356 3359//3359 3358//3358
f 3354//3354 3357//3357 3353//3353
f 3354//3354 3356//3356 3357//3357
f 3354//3354 3359//3359 3356//3356
f 3354//3354 3355//3355 3359//3359
f 3216//3216 3342//3342 3316//3316
f 3216//3216 3239//3239 3342//3342
f 3360//3360 3361//3361 3320//3320
f 3360//3360 3362//3362 3361//3361
f 3316//3316 3320//3320 3315//3315
f 3316//3316 3360//3360 3320//3320
f 3316//3316 3362//3362 3360//3360
f 3316//3316 3342//3342 3362//3362
f 3342//3342 3347//3347 3362//3362
f 3342//3342 3343//3343 3347//3347
f 3320//3320 3363//3363 3331//3331
f 3320//3320 3361//3361 3363//3363
f 3362//3362 3363//3363 3361//3361
f 3362//3362 3364//3364 3363//3363
f 3362//3362 3352//3352 3364//3364
f 3362//3362 3347//3347 3352//3352
f 3365//3365 3366//3366 3339//3339
f 3365//3365 3367//3367 3366//3366
f 3331//3331 3339//3339 3330//3330
f 3331//3331 3365//3365 3339//3339
f 3331//3331 3367//3367 3365//3365
f 3331//3331 3363//3363 3367//3367
f 3368//3368 3369//3369 3367//3367
f 3368//3368 3370//3370 3369//3369
f 3364//3364 3367//3367 3363//3363
f 3364//3364 3368//3368 3367//3367
f 3364//3364 3370//3370 3368//3368
f 3364//3364 3352//3352 3370//3370
f 3352//3352 3357//3357 3370//3370
f 3352//3352 3353//3353 3357//3357
f 3371//3371 3373//3373 3372//3372
f 3371//3371 3374//3374 3373//3373
f 3337//3337 3372//3372 3340//3340
f 3337//3337 3371//3371 3372//3372
f 3337//3337 3374//3374 3371//3371
f 3337//3337 3338//3338 3374//3374
f 3375//3375 3377//3377 3376//3376
f 3375//3375 3378//3378 3377//3377
f 3367//3367 3376//3376 3366//3366
f 3367//3367 3375//3375 3376//3376
f 3367//3367 3378//3378 3375//3375
f 3367//3367 3369//3369 3378//3378
f 3379//3379 3380//3380 3374//3374
f 3379//3379 3376//3376 3380//3380
f 3339//3339 3374//3374 3338//3338
f 3339//3339 3379//3379 3374//3374
f 3339//3339 3376//3376 3379//3379
f 3339//3339 3366//3366 3376//3376
f 3381//3381 3383//3383 3382//3382
f 3381//3381 3384//3384 3383//3383
f 3374//3374 3382//3382 3373//3373
f 3374//3374 3381//3381 3382//3382
f 3374//3374 3384//3384 3381//3381
f 3374//3374 3380//3380 3384//3384
f 3376//3376 3384//3384 3380//3380
f 3376//3376 3385//3385 3384//3384
f 3376//3376 3386//3386 3385//3385
f 3376//3376 3377//3377 3386//3386
f 3387//3387 3388//3388 3378//3378
f 3387//3387 3389//3389 3388//3388
f 3370//3370 3378//3378 3369//3369
f 3370//3370 3387//3387 3378//3378
f 3370//3370 3389//3389 3387//3387
f 3370//3370 3357//3357 3389//3389
f 3357//3357 3390//3390 3389//3389
f 3357//3357 3358//3358 3390//3390
f 3391//3391 3392//3392 3386//3386
f 3391//3391 3393//3393 3392//3392
f 3378//3378 3386//3386 3377//3377
f 3378//3378 3391//3391 3386//3386
f 3378//3378 3393//3393 3391//3391
f 3378//3378 3388//3388 3393//3393
f 3394//3394 3395//3395 3393//3393
f 3394//3394 3396//3396 3395//3395
f 3389//3389 3393//3393 3388//3388
f 3389//3389 3394//3394 3393//3393
f 3389//3389 3396//3396 3394//3394
f 3389//3389 3390//3390 3396//3396
f 3397//3397 3399//3399 3398//3398
f 3397//3397 3400//3400 3399//3399
f 3385//3385 3398//3398 3384//3384
f 3385//3385 3397//3397 3398//3398
f 3385//3385 3400//3400 3397//3397
f 3385//3385 3386//3386 3400//3400
f 3398//3398 3402//3402 3401//3401
f 3398//3398 3399//3399 3402//3402
f 3384//3384 3401//3401 3383//3383
f 3384//3384 3398//3398 3401//3401
f 3403//3403 3405//3405 3404//3404
f 3403//3403 3406//3406 3405//3405
f 3393//3393 3404//3404 3392//3392
f 3393//3393 3403//3403 3404//3404
f 3393//3393 3406//3406 3403//3403
f 3393//3393 3395//3395 3406//3406
f 3386//3386 3404//3404 3400//3400
f 3386//3386 3392//3392 3404//3404
f 3407//3407 3409//3409 3408//3408
f 3407//3407 3410//3410 3409//3409
f 3400//3400 3408//3408 3399//3399
f 3400//3400 3407//3407 3408//3408
f 3400//3400 3410//3410 3407//3407
f 3400//3400 3404//3404 3410//3410
f 3408//3408 3412//3412 3411//3411
f 3408//3408 3409//3409 3412//3412
f 3399//3399 3411//3411 3402//3402
f 3399//3399 3408//3408 3411//3411
f 3410//3410 3413//3413 3409//3409
f 3410//3410 3414//3414 3413//3413
f 3404//3404 3414//3414 3410//3410
f 3404//3404 3405//3405 3414//3414
f 3290//3290 3346//3346 3247//3247
f 3290//3290 3415//3415 3346//3346
f 3290//3290 3416//3416 3415//3415
f 3290//3290 3291//3291 3416//3416
f 3291//3291 3417//3417 3416//3416
f 3291//3291 3292//3292 3417//3417
f 3418//3418 3419//3419 3350//3350
f 3418//3418 3420//3420 3419//3419
f 3415//3415 3350//3350 3346//3346
f 3415//3415 3418//3418 3350//3350
f 3415//3415 3420//3420 3418//3418
f 3415//3415 3416//3416 3420//3420
f 3416//3416 3421//3421 3420//3420
f 3416//3416 3417//3417 3421//3421
f 3292//3292 3422//3422 3417//3417
f 3292//3292 3295//3295 3422//3422
f 3295//3295 3423//3423 3422//3422
f 3295//3295 3296//3296 3423//3423
f 3417//3417 3424//3424 3421//3421
f 3417//3417 3422//3422 3424//3424
f 3422//3422 3425//3425 3424//3424
f 3422//3422 3423//3423 3425//3425
f 3350//3350 3426//3426 3355//3355
f 3350//3350 3419//3419 3426//3426
f 3427//3427 3428//3428 3426//3426
f 3427//3427 3429//3429 3428//3428
f 3420//3420 3426//3426 3419//3419
f 3420//3420 3427//3427 3426//3426
f 3420//3420 3429//3429 3427//3427
f 3420//3420 3421//3421 3429//3429
f 3355//3355 3430//3430 3359//3359
f 3355//3355 3426//3426 3430//3430
f 3426//3426 3431//3431 3430//3430
f 3426//3426 3428//3428 3431//3431
f 3421//3421 3432//3432 3429//3429
f 3421//3421 3424//3424 3432//3432
f 3424//3424 3433//3433 3432//3432
f 3424//3424 3425//3425 3433//3433
f 3434//3434 3435//3435 3431//3431
f 3434//3434 3436//3436 3435//3435
f 3429//3429 3431//3431 3428//3428
f 3429//3429 3434//3434 3431//3431
f 3429//3429 3436//3436 3434//3434
f 3429//3429 3432//3432 3436//3436
f 3436//3436 3437//3437 3435//3435
f 3436//3436 3438//3438 3437//3437
f 3432//3432 3438//3438 3436//3436
f 3432//3432 3433//3433 3438//3438
f 3296//3296 3439//3439 3423//3423
f 3296//3296 3307//3307 3439//3439
f 3307//3307 3440//3440 3439//3439
f 3307//3307 3308//3308 3440//3440
f 3423//3423 3441//3441 3425//3425
f 3423//3423 3439//3439 3441//3441
f 3439//3439 3442//3442 3441//3441
f 3439//3439 3440//3440 3442//3442
f 3308//3308 3443//3443 3440//3440
f 3308//3308 3311//3311 3443//3443
f 3311//3311 3444//3444 3443//3443
f 3311//3311 3312//3312 3444//3444
f 3440//3440 3445//3445 3442//3442
f 3440//3440 3443//3443 3445//3445
f 3443//3443 3446//3446 3445//3445
f 3443//3443 3444//3444 3446//3446
f 3425//3425 3447//3447 3433//3433
f 3425//3425 3441//3441 3447//3447
f 3441//3441 3448//3448 3447//3447
f 3441//3441 3442//3442 3448//3448
f 3438//3438 3449//3449 3437//3437
f 3438//3438 3450//3450 3449//3449
f 3433//3433 3450//3450 3438//3438
f 3433//3433 3447//3447 3450//3450
f 3450//3450 3451//3451 3449//3449
f 3450//3450 3452//3452 3451//3451
f 3447//3447 3452//3452 3450//3450
f 3447//3447 3448//3448 3452//3452
f 3442//3442 3453//3453 3448//3448
f 3442//3442 3445//3445 3453//3453
f 3445//3445 3454//3454 3453//3453
f 3445//3445 3446//3446 3454//3454
f 3452//3452 3455//3455 3451//3451
f 3452//3452 3456//3456 3455//3455
f 3448//3448 3456//3456 3452//3452
f 3448//3448 3453//3453 3456//3456
f 3456//3456 3457//3457 3455//3455
f 3456//3456 3458//3458 3457//3457
f 3453//3453 3458//3458 3456//3456
f 3453//3453 3454//3454 3458//3458
f 3459//3459 3460//3460 3390//3390
f 3459//3459 3461//3461 3460//3460
f 3359//3359 3390//3390 3358//3358
f 3359//3359 3459//3459 3390//3390
f 3359//3359 3461//3461 3459//3459
f 3359//3359 3430//3430 3461//3461
f 3430//3430 3462//3462 3461//3461
f 3430//3430 3431//3431 3462//3462
f 3463//3463 3465//3465 3464//3464
f 3463//3463 3466//3466 3465//3465
f 3461//3461 3464//3464 3460//3460
f 3461//3461 3463//3463 3464//3464
f 3461//3461 3466//3466 3463//3463
f 3461//3461 3462//3462 3466//3466
f 3431//3431 3467//3467 3462//3462
f 3431//3431 3435//3435 3467//3467
f 3435//3435 3468//3468 3467//3467
f 3435//3435 3437//3437 3468//3468
f 3466//3466 3469//3469 3465//3465
f 3466//3466 3470//3470 3469//3469
f 3462//3462 3470//3470 3466//3466
f 3462//3462 3467//3467 3470//3470
f 3467//3467 3471//3471 3470//3470
f 3467//3467 3468//3468 3471//3471
f 3472//3472 3474//3474 3473//3473
f 3472//3472 3475//3475 3474//3474
f 3470//3470 3473//3473 3469//3469
f 3470//3470 3472//3472 3473//3473
f 3470//3470 3475//3475 3472//3472
f 3470//3470 3471//3471 3475//3475
f 3390//3390 3464//3464 3396//3396
f 3390//3390 3460//3460 3464//3464
f 3476//3476 3477//3477 3406//3406
f 3476//3476 3478//3478 3477//3477
f 3396//3396 3406//3406 3395//3395
f 3396//3396 3476//3476 3406//3406
f 3396//3396 3478//3478 3476//3476
f 3396//3396 3464//3464 3478//3478
f 3464//3464 3479//3479 3478//3478
f 3464//3464 3465//3465 3479//3479
f 3480//3480 3481//3481 3414//3414
f 3480//3480 3482//3482 3481//3481
f 3406//3406 3414//3414 3405//3405
f 3406//3406 3480//3480 3414//3414
f 3406//3406 3482//3482 3480//3480
f 3406//3406 3477//3477 3482//3482
f 3483//3483 3484//3484 3482//3482
f 3483//3483 3485//3485 3484//3484
f 3478//3478 3482//3482 3477//3477
f 3478//3478 3483//3483 3482//3482
f 3478//3478 3485//3485 3483//3483
f 3478//3478 3479//3479 3485//3485
f 3465//3465 3473//3473 3479//3479
f 3465//3465 3469//3469 3473//3473
f 3485//3485 3486//3486 3484//3484
f 3485//3485 3487//3487 3486//3486
f 3479//3479 3487//3487 3485//3485
f 3479//3479 3473//3473 3487//3487
f 3473//3473 3488//3488 3487//3487
f 3473//3473 3474//3474 3488//3488
f 3437//3437 3489//3489 3468//3468
f 3437//3437 3449//3449 3489//3489
f 3449//3449 3490//3490 3489//3489
f 3449//3449 3451//3451 3490//3490
f 3468//3468 3491//3491 3471//3471
f 3468//3468 3489//3489 3491//3491
f 3489//3489 3492//3492 3491//3491
f 3489//3489 3490//3490 3492//3492
f 3451//3451 3493//3493 3490//3490
f 3451//3451 3455//3455 3493//3493
f 3455//3455 3494//3494 3493//3493
f 3455//3455 3457//3457 3494//3494
f 3490//3490 3495//3495 3492//3492
f 3490//3490 3493//3493 3495//3495
f 3493//3493 3496//3496 3495//3495
f 3493//3493 3494//3494 3496//3496
f 3475//3475 3497//3497 3474//3474
f 3475//3475 3498//3498 3497//3497
f 3471//3471 3498//3498 3475//3475
f 3471//3471 3491//3491 3498//3498
f 3498//3498 3499//3499 3497//3497
f 3498//3498 3500//3500 3499//3499
f 3491//3491 3500//3500 3498//3498
f 3491//3491 3492//3492 3500//3500
f 3500//3500 3501//3501 3499//3499
f 3500//3500 3502//3502 3501//3501
f 3492//3492 3502//3502 3500//3500
f 3492//3492 3495//3495 3502//3502
f 3502//3502 3503//3503 3501//3501
f 3502//3502 3504//3504 3503//3503
f 3495//3495 3504//3504 3502//3502
f 3495//3495 3496//3496 3504//3504
f 3474//3474 3505//3505 3488//3488
f 3474//3474 3497//3497 3505//3505
f 3497//3497 3506//3506 3505//3505
f 3497//3497 3499//3499 3506//3506
f 3499//3499 3507//3507 3506//3506
f 3499//3499 3501//3501 3507//3507
f 3501//3501 3508//3508 3507//3507
f 3501//3501 3503//3503 3508//3508
f 1004//1004 3509//3509 1003//1003
f 1004//1004 3510//3510 3509//3509
f 1004//1004 3153//3153 3510//3510
f 1004//1004 556//556 3153//3153
f 1003//1003 3511//3511 1005//1005
f 1003//1003 3509//3509 3511//3511
f 3510//3510 3512//3512 3509//3509
f 3510//3510 3513//3513 3512//3512
f 3510//3510 3155//3155 3513//3513
f 3510//3510 3153//3153 3155//3155
f 3509//3509 3514//3514 3511//3511
f 3509//3509 3512//3512 3514//3514
f 1005//1005 3515//3515 1008//1008
f 1005//1005 3511//3511 3515//3515
f 1008//1008 3516//3516 1009//1009
f 1008//1008 3515//3515 3516//3516
f 3511//3511 3517//3517 3515//3515
f 3511//3511 3514//3514 3517//3517
f 3515//3515 3518//3518 3516//3516
f 3515//3515 3517//3517 3518//3518
f 3513//3513 3519//3519 3512//3512
f 3513//3513 3520//3520 3519//3519
f 3513//3513 3167//3167 3520//3520
f 3513//3513 3155//3155 3167//3167
f 3512//3512 3521//3521 3514//3514
f 3512//3512 3519//3519 3521//3521
f 3520//3520 3522//3522 3519//3519
f 3520//3520 3523//3523 3522//3522
f 3520//3520 3169//3169 3523//3523
f 3520//3520 3167//3167 3169//3169
f 3519//3519 3524//3524 3521//3521
f 3519//3519 3522//3522 3524//3524
f 3514//3514 3525//3525 3517//3517
f 3514//3514 3521//3521 3525//3525
f 3517//3517 3526//3526 3518//3518
f 3517//3517 3525//3525 3526//3526
f 3521//3521 3527//3527 3525//3525
f 3521//3521 3524//3524 3527//3527
f 3525//3525 3528//3528 3526//3526
f 3525//3525 3527//3527 3528//3528
f 1009//1009 3529//3529 1026//1026
f 1009//1009 3516//3516 3529//3529
f 1026//1026 3530//3530 1027//1027
f 1026//1026 3529//3529 3530//3530
f 3516//3516 3531//3531 3529//3529
f 3516//3516 3518//3518 3531//3531
f 3529//3529 3532//3532 3530//3530
f 3529//3529 3531//3531 3532//3532
f 1027//1027 3533//3533 1031//1031
f 1027//1027 3530//3530 3533//3533
f 3534//3534 3535//3535 1033//1033
f 3534//3534 3536//3536 3535//3535
f 1031//1031 1033//1033 1030//1030
f 1031//1031 3534//3534 1033//1033
f 1031//1031 3536//3536 3534//3534
f 1031//1031 3533//3533 3536//3536
f 3530//3530 3537//3537 3533//3533
f 3530//3530 3532//3532 3537//3537
f 3536//3536 3538//3538 3535//3535
f 3536//3536 3539//3539 3538//3538
f 3533//3533 3539//3539 3536//3536
f 3533//3533 3537//3537 3539//3539
f 3518//3518 3540//3540 3531//3531
f 3518//3518 3526//3526 3540//3540
f 3531//3531 3541//3541 3532//3532
f 3531//3531 3540//3540 3541//3541
f 3526//3526 3542//3542 3540//3540
f 3526//3526 3528//3528 3542//3542
f 3540//3540 3543//3543 3541//3541
f 3540//3540 3542//3542 3543//3543
f 3532//3532 3544//3544 3537//3537
f 3532//3532 3541//3541 3544//3544
f 3539//3539 3545//3545 3538//3538
f 3539//3539 3546//3546 3545//3545
f 3537//3537 3546//3546 3539//3539
f 3537//3537 3544//3544 3546//3546
f 3541//3541 3547//3547 3544//3544
f 3541//3541 3543//3543 3547//3547
f 3546//3546 3548//3548 3545//3545
f 3546//3546 3549//3549 3548//3548
f 3544//3544 3549//3549 3546//3546
f 3544//3544 3547//3547 3549//3549
f 3523//3523 3550//3550 3522//3522
f 3523//3523 3551//3551 3550//3550
f 3523//3523 3205//3205 3551//3551
f 3523//3523 3169//3169 3205//3205
f 3522//3522 3552//3552 3524//3524
f 3522//3522 3550//3550 3552//3552
f 3551//3551 3553//3553 3550//3550
f 3551//3551 3554//3554 3553//3553
f 3551//3551 3207//3207 3554//3554
f 3551//3551 3205//3205 3207//3207
f 3550//3550 3555//3555 3552//3552
f 3550//3550 3553//3553 3555//3555
f 3524//3524 3556//3556 3527//3527
f 3524//3524 3552//3552 3556//3556
f 3527//3527 3557//3557 3528//3528
f 3527//3527 3556//3556 3557//3557
f 3552//3552 3558//3558 3556//3556
f 3552//3552 3555//3555 3558//3558
f 3556//3556 3559//3559 3557//3557
f 3556//3556 3558//3558 3559//3559
f 3560//3560 3562//3562 3561//3561
f 3560//3560 3219//3219 3562//3562
f 3554//3554 3561//3561 3553//3553
f 3554//3554 3560//3560 3561//3561
f 3554//3554 3219//3219 3560//3560
f 3554//3554 3207//3207 3219//3219
f 3553//3553 3563//3563 3555//3555
f 3553//3553 3561//3561 3563//3563
f 3561//3561 3564//3564 3563//3563
f 3561//3561 3565//3565 3564//3564
f 3561//3561 3566//3566 3565//3565
f 3561//3561 3562//3562 3566//3566
f 3555//3555 3567//3567 3558//3558
f 3555//3555 3563//3563 3567//3567
f 3558//3558 3568//3568 3559//3559
f 3558//3558 3567//3567 3568//3568
f 3563//3563 3569//3569 3567//3567
f 3563//3563 3564//3564 3569//3569
f 3567//3567 3570//3570 3568//3568
f 3567//3567 3569//3569 3570//3570
f 3219//3219 3566//3566 3562//3562
f 3219//3219 3222//3222 3566//3566
f 3528//3528 3571//3571 3542//3542
f 3528//3528 3557//3557 3571//3571
f 3542//3542 3572//3572 3543//3543
f 3542//3542 3571//3571 3572//3572
f 3557//3557 3573//3573 3571//3571
f 3557//3557 3559//3559 3573//3573
f 3571//3571 3574//3574 3572//3572
f 3571//3571 3573//3573 3574//3574
f 3543//3543 3575//3575 3547//3547
f 3543//3543 3572//3572 3575//3575
f 3549//3549 3576//3576 3548//3548
f 3549//3549 3577//3577 3576//3576
f 3547//3547 3577//3577 3549//3549
f 3547//3547 3575//3575 3577//3577
f 3572//3572 3578//3578 3575//3575
f 3572//3572 3574//3574 3578//3578
f 3577//3577 3579//3579 3576//3576
f 3577//3577 3580//3580 3579//3579
f 3575//3575 3580//3580 3577//3577
f 3575//3575 3578//3578 3580//3580
f 3559//3559 3581//3581 3573//3573
f 3559//3559 3568//3568 3581//3581
f 3573//3573 3582//3582 3574//3574
f 3573//3573 3581//3581 3582//3582
f 3568//3568 3583//3583 3581//3581
f 3568//3568 3570//3570 3583//3583
f 3581//3581 3584//3584 3582//3582
f 3581//3581 3583//3583 3584//3584
f 3574//3574 3585//3585 3578//3578
f 3574//3574 3582//3582 3585//3585
f 3585//3585 3587//3587 3586//3586
f 3585//3585 3588//3588 3587//3587
f 3580//3580 3587//3587 3579//3579
f 3580//3580 3586//3586 3587//3587
f 3578//3578 3586//3586 3580//3580
f 3578//3578 3585//3585 3586//3586
f 3585//3585 3589//3589 3588//3588
f 3585//3585 3590//3590 3589//3589
f 3582//3582 3590//3590 3585//3585
f 3582//3582 3584//3584 3590//3590
f 3588//3588 3591//3591 3587//3587
f 3588//3588 3589//3589 3591//3591
f 1081//1081 3592//3592 1080//1080
f 1081//1081 3593//3593 3592//3592
f 1033//1033 3593//3593 1081//1081
f 1033//1033 3535//3535 3593//3593
f 1083//1083 3594//3594 1082//1082
f 1083//1083 3595//3595 3594//3594
f 1080//1080 3595//3595 1083//1083
f 1080//1080 3592//3592 3595//3595
f 3535//3535 3596//3596 3593//3593
f 3535//3535 3538//3538 3596//3596
f 3597//3597 3598//3598 3595//3595
f 3597//3597 3599//3599 3598//3598
f 3593//3593 3595//3595 3592//3592
f 3593//3593 3597//3597 3595//3595
f 3593//3593 3599//3599 3597//3597
f 3593//3593 3596//3596 3599//3599
f 3600//3600 3602//3602 3601//3601
f 3600//3600 3603//3603 3602//3602
f 3595//3595 3601//3601 3594//3594
f 3595//3595 3600//3600 3601//3601
f 3595//3595 3603//3603 3600//3600
f 3595//3595 3598//3598 3603//3603
f 3538//3538 3604//3604 3596//3596
f 3538//3538 3545//3545 3604//3604
f 3599//3599 3605//3605 3598//3598
f 3599//3599 3606//3606 3605//3605
f 3596//3596 3606//3606 3599//3599
f 3596//3596 3604//3604 3606//3606
f 3545//3545 3607//3607 3604//3604
f 3545//3545 3548//3548 3607//3607
f 3606//3606 3608//3608 3605//3605
f 3606//3606 3609//3609 3608//3608
f 3604//3604 3609//3609 3606//3606
f 3604//3604 3607//3607 3609//3609
f 3603//3603 3610//3610 3602//3602
f 3603//3603 3611//3611 3610//3610
f 3598//3598 3611//3611 3603//3603
f 3598//3598 3605//3605 3611//3611
f 3611//3611 3612//3612 3610//3610
f 3611//3611 3613//3613 3612//3612
f 3605//3605 3613//3613 3611//3611
f 3605//3605 3608//3608 3613//3613
f 1104//1104 3614//3614 1103//1103
f 1104//1104 3601//3601 3614//3614
f 1082//1082 3601//3601 1104//1104
f 1082//1082 3594//3594 3601//3601
f 1108//1108 3615//3615 1107//1107
f 1108//1108 3616//3616 3615//3615
f 1103//1103 3616//3616 1108//1108
f 1103//1103 3614//3614 3616//3616
f 3617//3617 3618//3618 3616//3616
f 3617//3617 3619//3619 3618//3618
f 3601//3601 3616//3616 3614//3614
f 3601//3601 3617//3617 3616//3616
f 3601//3601 3619//3619 3617//3617
f 3601//3601 3602//3602 3619//3619
f 3616//3616 3620//3620 3615//3615
f 3616//3616 3618//3618 3620//3620
f 3619//3619 3621//3621 3618//3618
f 3619//3619 3622//3622 3621//3621
f 3602//3602 3622//3622 3619//3619
f 3602//3602 3610//3610 3622//3622
f 3618//3618 3623//3623 3620//3620
f 3618//3618 3621//3621 3623//3623
f 3622//3622 3624//3624 3621//3621
f 3622//3622 3625//3625 3624//3624
f 3610//3610 3625//3625 3622//3622
f 3610//3610 3612//3612 3625//3625
f 3626//3626 3627//3627 1117//1117
f 3626//3626 3628//3628 3627//3627
f 1107//1107 1117//1117 1111//1111
f 1107//1107 3626//3626 1117//1117
f 1107//1107 3628//3628 3626//3626
f 1107//1107 3615//3615 3628//3628
f 1117//1117 3629//3629 1116//1116
f 1117//1117 3627//3627 3629//3629
f 3628//3628 3630//3630 3627//3627
f 3628//3628 3631//3631 3630//3630
f 3615//3615 3631//3631 3628//3628
f 3615//3615 3620//3620 3631//3631
f 3632//3632 3634//3634 3633//3633
f 3632//3632 3635//3635 3634//3634
f 3627//3627 3633//3633 3629//3629
f 3627//3627 3632//3632 3633//3633
f 3627//3627 3635//3635 3632//3632
f 3627//3627 3630//3630 3635//3635
f 3636//3636 3638//3638 3637//3637
f 3636//3636 3639//3639 3638//3638
f 3621//3621 3637//3637 3623//3623
f 3621//3621 3636//3636 3637//3637
f 3621//3621 3639//3639 3636//3636
f 3621//3621 3624//3624 3639//3639
f 3631//3631 3640//3640 3630//3630
f 3631//3631 3637//3637 3640//3640
f 3620//3620 3637//3637 3631//3631
f 3620//3620 3623//3623 3637//3637
f 3635//3635 3641//3641 3634//3634
f 3635//3635 3642//3642 3641//3641
f 3630//3630 3642//3642 3635//3635
f 3630//3630 3640//3640 3642//3642
f 3637//3637 3643//3643 3640//3640
f 3637//3637 3638//3638 3643//3643
f 3642//3642 3644//3644 3641//3641
f 3642//3642 3645//3645 3644//3644
f 3640//3640 3645//3645 3642//3642
f 3640//3640 3643//3643 3645//3645
f 3548//3548 3646//3646 3607//3607
f 3548//3548 3576//3576 3646//3646
f 3609//3609 3647//3647 3608//3608
f 3609//3609 3648//3648 3647//3647
f 3607//3607 3648//3648 3609//3609
f 3607//3607 3646//3646 3648//3648
f 3576//3576 3649//3649 3646//3646
f 3576//3576 3579//3579 3649//3649
f 3648//3648 3650//3650 3647//3647
f 3648//3648 3651//3651 3650//3650
f 3646//3646 3651//3651 3648//3648
f 3646//3646 3649//3649 3651//3651
f 3613//3613 3652//3652 3612//3612
f 3613//3613 3653//3653 3652//3652
f 3608//3608 3653//3653 3613//3613
f 3608//3608 3647//3647 3653//3653
f 3653//3653 3654//3654 3652//3652
f 3653//3653 3655//3655 3654//3654
f 3647//3647 3655//3655 3653//3653
f 3647//3647 3650//3650 3655//3655
f 3579//3579 3656//3656 3649//3649
f 3579//3579 3587//3587 3656//3656
f 3656//3656 3658//3658 3657//3657
f 3656//3656 3659//3659 3658//3658
f 3651//3651 3658//3658 3650//3650
f 3651//3651 3657//3657 3658//3658
f 3649//3649 3657//3657 3651//3651
f 3649//3649 3656//3656 3657//3657
f 3656//3656 3660//3660 3659//3659
f 3656//3656 3661//3661 3660//3660
f 3587//3587 3661//3661 3656//3656
f 3587//3587 3591//3591 3661//3661
f 3659//3659 3662//3662 3658//3658
f 3659//3659 3660//3660 3662//3662
f 3655//3655 3663//3663 3654//3654
f 3655//3655 3664//3664 3663//3663
f 3650//3650 3664//3664 3655//3655
f 3650//3650 3658//3658 3664//3664
f 3664//3664 3665//3665 3663//3663
f 3664//3664 3666//3666 3665//3665
f 3658//3658 3666//3666 3664//3664
f 3658//3658 3662//3662 3666//3666
f 3625//3625 3667//3667 3624//3624
f 3625//3625 3668//3668 3667//3667
f 3612//3612 3668//3668 3625//3625
f 3612//3612 3652//3652 3668//3668
f 3668//3668 3669//3669 3667//3667
f 3668//3668 3670//3670 3669//3669
f 3652//3652 3670//3670 3668//3668
f 3652//3652 3654//3654 3670//3670
f 3670//3670 3671//3671 3669//3669
f 3670//3670 3672//3672 3671//3671
f 3654//3654 3672//3672 3670//3670
f 3654//3654 3663//3663 3672//3672
f 3672//3672 3673//3673 3671//3671
f 3672//3672 3674//3674 3673//3673
f 3663//3663 3674//3674 3672//3672
f 3663//3663 3665//3665 3674//3674
f 3639//3639 3675//3675 3638//3638
f 3639//3639 3676//3676 3675//3675
f 3624//3624 3676//3676 3639//3639
f 3624//3624 3667//3667 3676//3676
f 3676//3676 3677//3677 3675//3675
f 3676//3676 3678//3678 3677//3677
f 3667//3667 3678//3678 3676//3676
f 3667//3667 3669//3669 3678//3678
f 3638//3638 3679//3679 3643//3643
f 3638//3638 3675//3675 3679//3679
f 3645//3645 3680//3680 3644//3644
f 3645//3645 3681//3681 3680//3680
f 3643//3643 3681//3681 3645//3645
f 3643//3643 3679//3679 3681//3681
f 3675//3675 3682//3682 3679//3679
f 3675//3675 3677//3677 3682//3682
f 3681//3681 3683//3683 3680//3680
f 3681//3681 3684//3684 3683//3683
f 3679//3679 3684//3684 3681//3681
f 3679//3679 3682//3682 3684//3684
f 3678//3678 3685//3685 3677//3677
f 3678//3678 3686//3686 3685//3685
f 3669//3669 3686//3686 3678//3678
f 3669//3669 3671//3671 3686//3686
f 3686//3686 3687//3687 3685//3685
f 3686//3686 3688//3688 3687//3687
f 3671//3671 3688//3688 3686//3686
f 3671//3671 3673//3673 3688//3688
f 3677//3677 3689//3689 3682//3682
f 3677//3677 3685//3685 3689//3689
f 3684//3684 3690//3690 3683//3683
f 3684//3684 3691//3691 3690//3690
f 3682//3682 3691//3691 3684//3684
f 3682//3682 3689//3689 3691//3691
f 3685//3685 3692//3692 3689//3689
f 3685//3685 3687//3687 3692//3692
f 3691//3691 3693//3693 3690//3690
f 3691//3691 3694//3694 3693//3693
f 3689//3689 3694//3694 3691//3691
f 3689//3689 3692//3692 3694//3694
f 1192//1192 3695//3695 1191//1191
f 1192//1192 3633//3633 3695//3695
f 1116//1116 3633//3633 1192//1192
f 1116//1116 3629//3629 3633//3633
f 3633//3633 3696//3696 3695//3695
f 3633//3633 3634//3634 3696//3696
f 1196//1196 3697//3697 1195//1195
f 1196//1196 3698//3698 3697//3697
f 1191//1191 3698//3698 1196//1196
f 1191//1191 3695//3695 3698//3698
f 3698//3698 3699//3699 3697//3697
f 3698//3698 3700//3700 3699//3699
f 3695//3695 3700//3700 3698//3698
f 3695//3695 3696//3696 3700//3700
f 3701//3701 3702//3702 1204//1204
f 3701//3701 3703//3703 3702//3702
f 1195//1195 1204//1204 1202//1202
f 1195//1195 3701//3701 1204//1204
f 1195//1195 3703//3703 3701//3701
f 1195//1195 3697//3697 3703//3703
f 3697//3697 3704//3704 3703//3703
f 3697//3697 3699//3699 3704//3704
f 3705//3705 3706//3706 3700//3700
f 3705//3705 3707//3707 3706//3706
f 3634//3634 3700//3700 3696//3696
f 3634//3634 3705//3705 3700//3700
f 3634//3634 3707//3707 3705//3705
f 3634//3634 3641//3641 3707//3707
f 3708//3708 3709//3709 3704//3704
f 3708//3708 3710//3710 3709//3709
f 3700//3700 3704//3704 3699//3699
f 3700//3700 3708//3708 3704//3704
f 3700//3700 3710//3710 3708//3708
f 3700//3700 3706//3706 3710//3710
f 3707//3707 3711//3711 3706//3706
f 3707//3707 3712//3712 3711//3711
f 3641//3641 3712//3712 3707//3707
f 3641//3641 3644//3644 3712//3712
f 3706//3706 3713//3713 3710//3710
f 3706//3706 3711//3711 3713//3713
f 3712//3712 3714//3714 3711//3711
f 3712//3712 3715//3715 3714//3714
f 3644//3644 3715//3715 3712//3712
f 3644//3644 3680//3680 3715//3715
f 3711//3711 3716//3716 3713//3713
f 3711//3711 3714//3714 3716//3716
f 3715//3715 3717//3717 3714//3714
f 3715//3715 3718//3718 3717//3717
f 3680//3680 3718//3718 3715//3715
f 3680//3680 3683//3683 3718//3718
f 3714//3714 3719//3719 3716//3716
f 3714//3714 3717//3717 3719//3719
f 3718//3718 3720//3720 3717//3717
f 3718//3718 3721//3721 3720//3720
f 3683//3683 3721//3721 3718//3718
f 3683//3683 3690//3690 3721//3721
f 3717//3717 3722//3722 3719//3719
f 3717//3717 3720//3720 3722//3722
f 3721//3721 3723//3723 3720//3720
f 3721//3721 3724//3724 3723//3723
f 3690//3690 3724//3724 3721//3721
f 3690//3690 3693//3693 3724//3724
f 3720//3720 3725//3725 3722//3722
f 3720//3720 3723//3723 3725//3725
f 3726//3726 3728//3728 3727//3727
f 3726//3726 3729//3729 3728//3728
f 3565//3565 3727//3727 3564//3564
f 3565//3565 3726//3726 3727//3727
f 3565//3565 3729//3729 3726//3726
f 3565//3565 3566//3566 3729//3729
f 3564//3564 3730//3730 3569//3569
f 3564//3564 3727//3727 3730//3730
f 3569//3569 3731//3731 3570//3570
f 3569//3569 3730//3730 3731//3731
f 3732//3732 3734//3734 3733//3733
f 3732//3732 3735//3735 3734//3734
f 3727//3727 3733//3733 3730//3730
f 3727//3727 3732//3732 3733//3733
f 3727//3727 3735//3735 3732//3732
f 3727//3727 3728//3728 3735//3735
f 3733//3733 3737//3737 3736//3736
f 3733//3733 3734//3734 3737//3737
f 3730//3730 3736//3736 3731//3731
f 3730//3730 3733//3733 3736//3736
f 3222//3222 3729//3729 3566//3566
f 3222//3222 3323//3323 3729//3729
f 3323//3323 3738//3738 3729//3729
f 3323//3323 3327//3327 3738//3738
f 3729//3729 3735//3735 3728//3728
f 3729//3729 3738//3738 3735//3735
f 3327//3327 3739//3739 3738//3738
f 3327//3327 3333//3333 3739//3739
f 3738//3738 3740//3740 3735//3735
f 3738//3738 3739//3739 3740//3740
f 3741//3741 3743//3743 3742//3742
f 3741//3741 3340//3340 3743//3743
f 3333//3333 3742//3742 3739//3739
f 3333//3333 3741//3741 3742//3742
f 3333//3333 3340//3340 3741//3741
f 3333//3333 3334//3334 3340//3340
f 3739//3739 3744//3744 3740//3740
f 3739//3739 3742//3742 3744//3744
f 3735//3735 3745//3745 3734//3734
f 3735//3735 3740//3740 3745//3745
f 3734//3734 3746//3746 3737//3737
f 3734//3734 3745//3745 3746//3746
f 3740//3740 3747//3747 3745//3745
f 3740//3740 3744//3744 3747//3747
f 3745//3745 3748//3748 3746//3746
f 3745//3745 3747//3747 3748//3748
f 3570//3570 3749//3749 3583//3583
f 3570//3570 3731//3731 3749//3749
f 3583//3583 3750//3750 3584//3584
f 3583//3583 3749//3749 3750//3750
f 3736//3736 3752//3752 3751//3751
f 3736//3736 3737//3737 3752//3752
f 3731//3731 3751//3751 3749//3749
f 3731//3731 3736//3736 3751//3751
f 3751//3751 3754//3754 3753//3753
f 3751//3751 3752//3752 3754//3754
f 3750//3750 3754//3754 3755//3755
f 3750//3750 3753//3753 3754//3754
f 3749//3749 3753//3753 3750//3750
f 3749//3749 3751//3751 3753//3753
f 3750//3750 3757//3757 3756//3756
f 3750//3750 3755//3755 3757//3757
f 3590//3590 3757//3757 3589//3589
f 3590//3590 3756//3756 3757//3757
f 3584//3584 3756//3756 3590//3590
f 3584//3584 3750//3750 3756//3756
f 3589//3589 3758//3758 3591//3591
f 3589//3589 3757//3757 3758//3758
f 3755//3755 3759//3759 3757//3757
f 3755//3755 3754//3754 3759//3759
f 3757//3757 3760//3760 3758//3758
f 3757//3757 3759//3759 3760//3760
f 3737//3737 3761//3761 3752//3752
f 3737//3737 3746//3746 3761//3761
f 3752//3752 3762//3762 3754//3754
f 3752//3752 3761//3761 3762//3762
f 3746//3746 3763//3763 3761//3761
f 3746//3746 3748//3748 3763//3763
f 3761//3761 3764//3764 3762//3762
f 3761//3761 3763//3763 3764//3764
f 3754//3754 3765//3765 3759//3759
f 3754//3754 3762//3762 3765//3765
f 3760//3760 3767//3767 3766//3766
f 3760//3760 3768//3768 3767//3767
f 3759//3759 3768//3768 3760//3760
f 3759//3759 3765//3765 3768//3768
f 3762//3762 3769//3769 3765//3765
f 3762//3762 3764//3764 3769//3769
f 3769//3769 3771//3771 3770//3770
f 3769//3769 3772//3772 3771//3771
f 3768//3768 3771//3771 3767//3767
f 3768//3768 3770//3770 3771//3771
f 3765//3765 3770//3770 3768//3768
f 3765//3765 3769//3769 3770//3770
f 3773//3773 3775//3775 3774//3774
f 3773//3773 3776//3776 3775//3775
f 3742//3742 3774//3774 3744//3744
f 3742//3742 3773//3773 3774//3774
f 3742//3742 3776//3776 3773//3773
f 3742//3742 3743//3743 3776//3776
f 3340//3340 3776//3776 3743//3743
f 3340//3340 3372//3372 3776//3776
f 3777//3777 3779//3779 3778//3778
f 3777//3777 3382//3382 3779//3779
f 3372//3372 3778//3778 3776//3776
f 3372//3372 3777//3777 3778//3778
f 3372//3372 3382//3382 3777//3777
f 3372//3372 3373//3373 3382//3382
f 3778//3778 3781//3781 3780//3780
f 3778//3778 3779//3779 3781//3781
f 3776//3776 3780//3780 3775//3775
f 3776//3776 3778//3778 3780//3780
f 3774//3774 3783//3783 3782//3782
f 3774//3774 3775//3775 3783//3783
f 3744//3744 3782//3782 3747//3747
f 3744//3744 3774//3774 3782//3782
f 3782//3782 3785//3785 3784//3784
f 3782//3782 3783//3783 3785//3785
f 3747//3747 3784//3784 3748//3748
f 3747//3747 3782//3782 3784//3784
f 3775//3775 3786//3786 3783//3783
f 3775//3775 3780//3780 3786//3786
f 3783//3783 3787//3787 3785//3785
f 3783//3783 3786//3786 3787//3787
f 3788//3788 3790//3790 3789//3789
f 3788//3788 3791//3791 3790//3790
f 3780//3780 3789//3789 3786//3786
f 3780//3780 3788//3788 3789//3789
f 3780//3780 3791//3791 3788//3788
f 3780//3780 3781//3781 3791//3791
f 3789//3789 3793//3793 3792//3792
f 3789//3789 3790//3790 3793//3793
f 3786//3786 3792//3792 3787//3787
f 3786//3786 3789//3789 3792//3792
f 3784//3784 3795//3795 3794//3794
f 3784//3784 3785//3785 3795//3795
f 3748//3748 3794//3794 3763//3763
f 3748//3748 3784//3784 3794//3794
f 3794//3794 3797//3797 3796//3796
f 3794//3794 3795//3795 3797//3797
f 3763//3763 3796//3796 3764//3764
f 3763//3763 3794//3794 3796//3796
f 3785//3785 3798//3798 3795//3795
f 3785//3785 3787//3787 3798//3798
f 3795//3795 3799//3799 3797//3797
f 3795//3795 3798//3798 3799//3799
f 3796//3796 3801//3801 3800//3800
f 3796//3796 3797//3797 3801//3801
f 3769//3769 3801//3801 3772//3772
f 3769//3769 3800//3800 3801//3801
f 3764//3764 3800//3800 3769//3769
f 3764//3764 3796//3796 3800//3800
f 3772//3772 3802//3802 3771//3771
f 3772//3772 3801//3801 3802//3802
f 3799//3799 3804//3804 3803//3803
f 3799//3799 3805//3805 3804//3804
f 3797//3797 3803//3803 3801//3801
f 3797//3797 3799//3799 3803//3803
f 3803//3803 3807//3807 3806//3806
f 3803//3803 3804//3804 3807//3807
f 3802//3802 3807//3807 3808//3808
f 3802//3802 3806//3806 3807//3807
f 3801//3801 3806//3806 3802//3802
f 3801//3801 3803//3803 3806//3806
f 3792//3792 3810//3810 3809//3809
f 3792//3792 3793//3793 3810//3810
f 3787//3787 3809//3809 3798//3798
f 3787//3787 3792//3792 3809//3809
f 3809//3809 3812//3812 3811//3811
f 3809//3809 3810//3810 3812//3812
f 3799//3799 3812//3812 3805//3805
f 3799//3799 3811//3811 3812//3812
f 3798//3798 3811//3811 3799//3799
f 3798//3798 3809//3809 3811//3811
f 3813//3813 3815//3815 3814//3814
f 3813//3813 3401//3401 3815//3815
f 3382//3382 3814//3814 3779//3779
f 3382//3382 3813//3813 3814//3814
f 3382//3382 3401//3401 3813//3813
f 3382//3382 3383//3383 3401//3401
f 3814//3814 3816//3816 3791//3791
f 3814//3814 3815//3815 3816//3816
f 3779//3779 3791//3791 3781//3781
f 3779//3779 3814//3814 3791//3791
f 3817//3817 3819//3819 3818//3818
f 3817//3817 3411//3411 3819//3819
f 3401//3401 3818//3818 3815//3815
f 3401//3401 3817//3817 3818//3818
f 3401//3401 3411//3411 3817//3817
f 3401//3401 3402//3402 3411//3411
f 3818//3818 3821//3821 3820//3820
f 3818//3818 3819//3819 3821//3821
f 3815//3815 3820//3820 3816//3816
f 3815//3815 3818//3818 3820//3820
f 3822//3822 3824//3824 3823//3823
f 3822//3822 3820//3820 3824//3824
f 3791//3791 3823//3823 3790//3790
f 3791//3791 3822//3822 3823//3823
f 3791//3791 3820//3820 3822//3822
f 3791//3791 3816//3816 3820//3820
f 3823//3823 3826//3826 3825//3825
f 3823//3823 3824//3824 3826//3826
f 3790//3790 3825//3825 3793//3793
f 3790//3790 3823//3823 3825//3825
f 3825//3825 3828//3828 3827//3827
f 3825//3825 3826//3826 3828//3828
f 3793//3793 3827//3827 3810//3810
f 3793//3793 3825//3825 3827//3827
f 3827//3827 3830//3830 3829//3829
f 3827//3827 3828//3828 3830//3830
f 3812//3812 3830//3830 3831//3831
f 3812//3812 3829//3829 3830//3830
f 3810//3810 3829//3829 3812//3812
f 3810//3810 3827//3827 3829//3829
f 3812//3812 3833//3833 3832//3832
f 3812//3812 3831//3831 3833//3833
f 3805//3805 3832//3832 3804//3804
f 3805//3805 3812//3812 3832//3832
f 3832//3832 3835//3835 3834//3834
f 3832//3832 3833//3833 3835//3835
f 3807//3807 3835//3835 3836//3836
f 3807//3807 3834//3834 3835//3835
f 3804//3804 3834//3834 3807//3807
f 3804//3804 3832//3832 3834//3834
f 3830//3830 3838//3838 3837//3837
f 3830//3830 3839//3839 3838//3838
f 3831//3831 3837//3837 3833//3833
f 3831//3831 3830//3830 3837//3837
f 3837//3837 3841//3841 3840//3840
f 3837//3837 3838//3838 3841//3841
f 3835//3835 3841//3841 3842//3842
f 3835//3835 3840//3840 3841//3841
f 3833//3833 3840//3840 3835//3835
f 3833//3833 3837//3837 3840//3840
f 3661//3661 3843//3843 3660//3660
f 3661//3661 3844//3844 3843//3843
f 3591//3591 3844//3844 3661//3661
f 3591//3591 3758//3758 3844//3844
f 3660//3660 3845//3845 3662//3662
f 3660//3660 3843//3843 3845//3845
f 3760//3760 3847//3847 3846//3846
f 3760//3760 3766//3766 3847//3847
f 3844//3844 3847//3847 3843//3843
f 3844//3844 3846//3846 3847//3847
f 3758//3758 3846//3846 3844//3844
f 3758//3758 3760//3760 3846//3846
f 3843//3843 3848//3848 3845//3845
f 3843//3843 3847//3847 3848//3848
f 3666//3666 3849//3849 3665//3665
f 3666//3666 3850//3850 3849//3849
f 3662//3662 3850//3850 3666//3666
f 3662//3662 3845//3845 3850//3850
f 3848//3848 3852//3852 3851//3851
f 3848//3848 3853//3853 3852//3852
f 3850//3850 3852//3852 3849//3849
f 3850//3850 3851//3851 3852//3852
f 3845//3845 3851//3851 3850//3850
f 3845//3845 3848//3848 3851//3851
f 3766//3766 3854//3854 3847//3847
f 3766//3766 3767//3767 3854//3854
f 3848//3848 3855//3855 3853//3853
f 3848//3848 3856//3856 3855//3855
f 3847//3847 3856//3856 3848//3848
f 3847//3847 3854//3854 3856//3856
f 3767//3767 3857//3857 3854//3854
f 3767//3767 3771//3771 3857//3857
f 3857//3857 3859//3859 3858//3858
f 3857//3857 3860//3860 3859//3859
f 3856//3856 3859//3859 3855//3855
f 3856//3856 3858//3858 3859//3859
f 3854//3854 3858//3858 3856//3856
f 3854//3854 3857//3857 3858//3858
f 3674//3674 3861//3861 3673//3673
f 3674//3674 3862//3862 3861//3861
f 3665//3665 3862//3862 3674//3674
f 3665//3665 3849//3849 3862//3862
f 3862//3862 3863//3863 3861//3861
f 3862//3862 3864//3864 3863//3863
f 3849//3849 3864//3864 3862//3862
f 3849//3849 3852//3852 3864//3864
f 3853//3853 3865//3865 3852//3852
f 3853//3853 3855//3855 3865//3865
f 3865//3865 3867//3867 3866//3866
f 3865//3865 3868//3868 3867//3867
f 3864//3864 3867//3867 3863//3863
f 3864//3864 3866//3866 3867//3867
f 3852//3852 3866//3866 3864//3864
f 3852//3852 3865//3865 3866//3866
f 3863//3863 3870//3870 3869//3869
f 3863//3863 3867//3867 3870//3870
f 3865//3865 3871//3871 3868//3868
f 3865//3865 3872//3872 3871//3871
f 3855//3855 3872//3872 3865//3865
f 3855//3855 3859//3859 3872//3872
f 3871//3871 3874//3874 3873//3873
f 3871//3871 3875//3875 3874//3874
f 3867//3867 3874//3874 3870//3870
f 3867//3867 3873//3873 3874//3874
f 3868//3868 3873//3873 3867//3867
f 3868//3868 3871//3871 3873//3873
f 3688//3688 3876//3876 3687//3687
f 3688//3688 3877//3877 3876//3876
f 3673//3673 3877//3877 3688//3688
f 3673//3673 3861//3861 3877//3877
f 3863//3863 3879//3879 3878//3878
f 3863//3863 3869//3869 3879//3879
f 3877//3877 3879//3879 3876//3876
f 3877//3877 3878//3878 3879//3879
f 3861//3861 3878//3878 3877//3877
f 3861//3861 3863//3863 3878//3878
f 3687//3687 3880//3880 3692//3692
f 3687//3687 3876//3876 3880//3880
f 3694//3694 3881//3881 3693//3693
f 3694//3694 3882//3882 3881//3881
f 3692//3692 3882//3882 3694//3694
f 3692//3692 3880//3880 3882//3882
f 3876//3876 3883//3883 3880//3880
f 3876//3876 3879//3879 3883//3883
f 3882//3882 3884//3884 3881//3881
f 3882//3882 3885//3885 3884//3884
f 3880//3880 3885//3885 3882//3882
f 3880//3880 3883//3883 3885//3885
f 3879//3879 3886//3886 3883//3883
f 3879//3879 3887//3887 3886//3886
f 3869//3869 3887//3887 3879//3879
f 3869//3869 3870//3870 3887//3887
f 3886//3886 3889//3889 3888//3888
f 3886//3886 3890//3890 3889//3889
f 3885//3885 3889//3889 3884//3884
f 3885//3885 3888//3888 3889//3889
f 3883//3883 3888//3888 3885//3885
f 3883//3883 3886//3886 3888//3888
f 3874//3874 3892//3892 3891//3891
f 3874//3874 3893//3893 3892//3892
f 3887//3887 3892//3892 3886//3886
f 3887//3887 3891//3891 3892//3892
f 3870//3870 3891//3891 3887//3887
f 3870//3870 3874//3874 3891//3891
f 3886//3886 3894//3894 3890//3890
f 3886//3886 3892//3892 3894//3894
f 3802//3802 3896//3896 3895//3895
f 3802//3802 3808//3808 3896//3896
f 3857//3857 3896//3896 3860//3860
f 3857//3857 3895//3895 3896//3896
f 3771//3771 3895//3895 3857//3857
f 3771//3771 3802//3802 3895//3895
f 3860//3860 3897//3897 3859//3859
f 3860//3860 3896//3896 3897//3897
f 3807//3807 3899//3899 3898//3898
f 3807//3807 3836//3836 3899//3899
f 3808//3808 3898//3898 3896//3896
f 3808//3808 3807//3807 3898//3898
f 3898//3898 3901//3901 3900//3900
f 3898//3898 3899//3899 3901//3901
f 3897//3897 3901//3901 3902//3902
f 3897//3897 3900//3900 3901//3901
f 3896//3896 3900//3900 3897//3897
f 3896//3896 3898//3898 3900//3900
f 3897//3897 3904//3904 3903//3903
f 3897//3897 3902//3902 3904//3904
f 3872//3872 3904//3904 3871//3871
f 3872//3872 3903//3903 3904//3904
f 3859//3859 3903//3903 3872//3872
f 3859//3859 3897//3897 3903//3903
f 3871//3871 3905//3905 3875//3875
f 3871//3871 3904//3904 3905//3905
f 3901//3901 3907//3907 3906//3906
f 3901//3901 3908//3908 3907//3907
f 3904//3904 3907//3907 3905//3905
f 3904//3904 3906//3906 3907//3907
f 3902//3902 3906//3906 3904//3904
f 3902//3902 3901//3901 3906//3906
f 3874//3874 3909//3909 3893//3893
f 3874//3874 3910//3910 3909//3909
f 3875//3875 3910//3910 3874//3874
f 3875//3875 3905//3905 3910//3910
f 3907//3907 3912//3912 3911//3911
f 3907//3907 3913//3913 3912//3912
f 3910//3910 3912//3912 3909//3909
f 3910//3910 3911//3911 3912//3912
f 3905//3905 3911//3911 3910//3910
f 3905//3905 3907//3907 3911//3911
f 3909//3909 3915//3915 3914//3914
f 3909//3909 3912//3912 3915//3915
f 3835//3835 3917//3917 3916//3916
f 3835//3835 3842//3842 3917//3917
f 3836//3836 3916//3916 3899//3899
f 3836//3836 3835//3835 3916//3916
f 3916//3916 3919//3919 3918//3918
f 3916//3916 3917//3917 3919//3919
f 3901//3901 3919//3919 3908//3908
f 3901//3901 3918//3918 3919//3919
f 3899//3899 3918//3918 3901//3901
f 3899//3899 3916//3916 3918//3918
f 3841//3841 3921//3921 3920//3920
f 3841//3841 3922//3922 3921//3921
f 3842//3842 3920//3920 3917//3917
f 3842//3842 3841//3841 3920//3920
f 3920//3920 3924//3924 3923//3923
f 3920//3920 3921//3921 3924//3924
f 3919//3919 3924//3924 3925//3925
f 3919//3919 3923//3923 3924//3924
f 3917//3917 3923//3923 3919//3919
f 3917//3917 3920//3920 3923//3923
f 3921//3921 3926//3926 3924//3924
f 3921//3921 3927//3927 3926//3926
f 3919//3919 3929//3929 3928//3928
f 3919//3919 3925//3925 3929//3929
f 3907//3907 3929//3929 3913//3913
f 3907//3907 3928//3928 3929//3929
f 3908//3908 3928//3928 3907//3907
f 3908//3908 3919//3919 3928//3928
f 3929//3929 3931//3931 3930//3930
f 3929//3929 3932//3932 3931//3931
f 3912//3912 3931//3931 3915//3915
f 3912//3912 3930//3930 3931//3931
f 3913//3913 3930//3930 3912//3912
f 3913//3913 3929//3929 3930//3930
f 3924//3924 3934//3934 3933//3933
f 3924//3924 3926//3926 3934//3934
f 3929//3929 3934//3934 3932//3932
f 3929//3929 3933//3933 3934//3934
f 3925//3925 3933//3933 3929//3929
f 3925//3925 3924//3924 3933//3933
f 3909//3909 3936//3936 3935//3935
f 3909//3909 3914//3914 3936//3936
f 3892//3892 3936//3936 3894//3894
f 3892//3892 3935//3935 3936//3936
f 3893//3893 3935//3935 3892//3892
f 3893//3893 3909//3909 3935//3935
f 3724//3724 3937//3937 3723//3723
f 3724//3724 3938//3938 3937//3937
f 3693//3693 3938//3938 3724//3724
f 3693//3693 3881//3881 3938//3938
f 3723//3723 3939//3939 3725//3725
f 3723//3723 3937//3937 3939//3939
f 3884//3884 3941//3941 3940//3940
f 3884//3884 3942//3942 3941//3941
f 3938//3938 3941//3941 3937//3937
f 3938//3938 3940//3940 3941//3941
f 3881//3881 3940//3940 3938//3938
f 3881//3881 3884//3884 3940//3940
f 3937//3937 3943//3943 3939//3939
f 3937//3937 3941//3941 3943//3943
f 3884//3884 3944//3944 3942//3942
f 3884//3884 3889//3889 3944//3944
f 3889//3889 3945//3945 3944//3944
f 3889//3889 3946//3946 3945//3945
f 3890//3890 3946//3946 3889//3889
f 3890//3890 3894//3894 3946//3946
f 3942//3942 3947//3947 3941//3941
f 3942//3942 3944//3944 3947//3947
f 3947//3947 3949//3949 3948//3948
f 3947//3947 3950//3950 3949//3949
f 3943//3943 3949//3949 3951//3951
f 3943//3943 3948//3948 3949//3949
f 3941//3941 3948//3948 3943//3943
f 3941//3941 3947//3947 3948//3948
f 3945//3945 3953//3953 3952//3952
f 3945//3945 3954//3954 3953//3953
f 3947//3947 3953//3953 3950//3950
f 3947//3947 3952//3952 3953//3953
f 3944//3944 3952//3952 3947//3947
f 3944//3944 3945//3945 3952//3952
f 3950//3950 3955//3955 3949//3949
f 3950//3950 3953//3953 3955//3955
f 3932//3932 3956//3956 3931//3931
f 3932//3932 3957//3957 3956//3956
f 3915//3915 3956//3956 3958//3958
f 3915//3915 3931//3931 3956//3956
f 3926//3926 3959//3959 3934//3934
f 3926//3926 3960//3960 3959//3959
f 3932//3932 3959//3959 3957//3957
f 3932//3932 3934//3934 3959//3959
f 3959//3959 3962//3962 3961//3961
f 3959//3959 3963//3963 3962//3962
f 3956//3956 3962//3962 3964//3964
f 3956//3956 3961//3961 3962//3962
f 3957//3957 3961//3961 3956//3956
f 3957//3957 3959//3959 3961//3961
f 3936//3936 3966//3966 3965//3965
f 3936//3936 3967//3967 3966//3966
f 3946//3946 3966//3966 3945//3945
f 3946//3946 3965//3965 3966//3966
f 3894//3894 3965//3965 3946//3946
f 3894//3894 3936//3936 3965//3965
f 3945//3945 3968//3968 3954//3954
f 3945//3945 3966//3966 3968//3968
f 3915//3915 3970//3970 3969//3969
f 3915//3915 3958//3958 3970//3970
f 3936//3936 3970//3970 3967//3967
f 3936//3936 3969//3969 3970//3970
f 3914//3914 3969//3969 3936//3936
f 3914//3914 3915//3915 3969//3969
f 3970//3970 3972//3972 3971//3971
f 3970//3970 3973//3973 3972//3972
f 3966//3966 3972//3972 3968//3968
f 3966//3966 3971//3971 3972//3972
f 3967//3967 3971//3971 3966//3966
f 3967//3967 3970//3970 3971//3971
f 3954//3954 3974//3974 3953//3953
f 3954//3954 3968//3968 3974//3974
f 3974//3974 3976//3976 3975//3975
f 3974//3974 3977//3977 3976//3976
f 3955//3955 3976//3976 3978//3978
f 3955//3955 3975//3975 3976//3976
f 3953//3953 3975//3975 3955//3955
f 3953//3953 3974//3974 3975//3975
f 3972//3972 3980//3980 3979//3979
f 3972//3972 3981//3981 3980//3980
f 3974//3974 3980//3980 3977//3977
f 3974//3974 3979//3979 3980//3980
f 3968//3968 3979//3979 3974//3974
f 3968//3968 3972//3972 3979//3979
f 3981//3981 3982//3982 3980//3980
f 3981//3981 3983//3983 3982//3982
f 3980//3980 3985//3985 3984//3984
f 3980//3980 3982//3982 3985//3985
f 3976//3976 3985//3985 3986//3986
f 3976//3976 3984//3984 3985//3985
f 3977//3977 3984//3984 3976//3976
f 3977//3977 3980//3980 3984//3984
f 3956//3956 3988//3988 3987//3987
f 3956//3956 3964//3964 3988//3988
f 3970//3970 3988//3988 3973//3973
f 3970//3970 3987//3987 3988//3988
f 3958//3958 3987//3987 3970//3970
f 3958//3958 3956//3956 3987//3987
f 3988//3988 3990//3990 3989//3989
f 3988//3988 3991//3991 3990//3990
f 3972//3972 3990//3990 3981//3981
f 3972//3972 3989//3989 3990//3990
f 3973//3973 3989//3989 3972//3972
f 3973//3973 3988//3988 3989//3989
f 3991//3991 3992//3992 3990//3990
f 3991//3991 3993//3993 3992//3992
f 3981//3981 3992//3992 3983//3983
f 3981//3981 3990//3990 3992//3992
f 3962//3962 3995//3995 3994//3994
f 3962//3962 3996//3996 3995//3995
f 3988//3988 3995//3995 3991//3991
f 3988//3988 3994//3994 3995//3995
f 3964//3964 3994//3994 3988//3988
f 3964//3964 3962//3962 3994//3994
f 3996//3996 3997//3997 3995//3995
f 3996//3996 3998//3998 3997//3997
f 3991//3991 3997//3997 3993//3993
f 3991//3991 3995//3995 3997//3997
f 3982//3982 3999//3999 3985//3985
f 3982//3982 4000//4000 3999//3999
f 3986//3986 3999//3999 4001//4001
f 3986//3986 3985//3985 3999//3999
f 4000//4000 4002//4002 3999//3999
f 4000//4000 4003//4003 4002//4002
f 3997//3997 4005//4005 4004//4004
f 3997//3997 4006//4006 4005//4005
f 3992//3992 4005//4005 4007//4007
f 3992//3992 4004//4004 4005//4005
f 3993//3993 4004//4004 3992//3992
f 3993//3993 3997//3997 4004//4004
f 4006//4006 4008//4008 4005//4005
f 4006//4006 4009//4009 4008//4008
f 4007//4007 4008//4008 4010//4010
f 4007//4007 4005//4005 4008//4008
f 3992//3992 4012//4012 4011//4011
f 3992//3992 4007//4007 4012//4012
f 3982//3982 4012//4012 4000//4000
f 3982//3982 4011//4011 4012//4012
f 3983//3983 4011//4011 3982//3982
f 3983//3983 3992//3992 4011//4011
f 4007//4007 4013//4013 4012//4012
f 4007//4007 4010//4010 4013//4013
f 4000//4000 4013//4013 4003//4003
f 4000//4000 4012//4012 4013//4013
f 4009//4009 4014//4014 4008//4008
f 4009//4009 4015//4015 4014//4014
f 4015//4015 4016//4016 4014//4014
f 4015//4015 4017//4017 4016//4016
f 4013//4013 4019//4019 4018//4018
f 4013//4013 4020//4020 4019//4019
f 4002//4002 4019//4019 4021//4021
f 4002//4002 4018//4018 4019//4019
f 4003//4003 4018//4018 4002//4002
f 4003//4003 4013//4013 4018//4018
f 4020//4020 4022//4022 4019//4019
f 4020//4020 4023//4023 4022//4022
f 4021//4021 4022//4022 4024//4024
f 4021//4021 4019//4019 4022//4022
f 4008//4008 4026//4026 4025//4025
f 4008//4008 4014//4014 4026//4026
f 4013//4013 4026//4026 4020//4020
f 4013//4013 4025//4025 4026//4026
f 4010//4010 4025//4025 4013//4013
f 4010//4010 4008//4008 4025//4025
f 4014//4014 4027//4027 4026//4026
f 4014//4014 4016//4016 4027//4027
f 4020//4020 4027//4027 4023//4023
f 4020//4020 4026//4026 4027//4027
f 4028//4028 4030//4030 4029//4029
f 4028//4028 4031//4031 4030//4030
f 3409//3409 4029//4029 3412//3412
f 3409//3409 4028//4028 4029//4029
f 3409//3409 4031//4031 4028//4028
f 3409//3409 3413//3413 4031//4031
f 4032//4032 4034//4034 4033//4033
f 4032//4032 4035//4035 4034//4034
f 3482//3482 4033//4033 3481//3481
f 3482//3482 4032//4032 4033//4033
f 3482//3482 4035//4035 4032//4032
f 3482//3482 3484//3484 4035//4035
f 4036//4036 4037//4037 4031//4031
f 4036//4036 4033//4033 4037//4037
f 3414//3414 4031//4031 3413//3413
f 3414//3414 4036//4036 4031//4031
f 3414//3414 4033//4033 4036//4036
f 3414//3414 3481//3481 4033//4033
f 4038//4038 4040//4040 4039//4039
f 4038//4038 4041//4041 4040//4040
f 4031//4031 4039//4039 4030//4030
f 4031//4031 4038//4038 4039//4039
f 4031//4031 4041//4041 4038//4038
f 4031//4031 4037//4037 4041//4041
f 4042//4042 4043//4043 4041//4041
f 4042//4042 4044//4044 4043//4043
f 4033//4033 4041//4041 4037//4037
f 4033//4033 4042//4042 4041//4041
f 4033//4033 4044//4044 4042//4042
f 4033//4033 4034//4034 4044//4044
f 4041//4041 4045//4045 4040//4040
f 4041//4041 4043//4043 4045//4045
f 4035//4035 4046//4046 4034//4034
f 4035//4035 4047//4047 4046//4046
f 3484//3484 4047//4047 4035//4035
f 3484//3484 3486//3486 4047//4047
f 4048//4048 4049//4049 4047//4047
f 4048//4048 4050//4050 4049//4049
f 3487//3487 4047//4047 3486//3486
f 3487//3487 4048//4048 4047//4047
f 3487//3487 4050//4050 4048//4048
f 3487//3487 3488//3488 4050//4050
f 4051//4051 4053//4053 4052//4052
f 4051//4051 4054//4054 4053//4053
f 4047//4047 4052//4052 4046//4046
f 4047//4047 4051//4051 4052//4052
f 4047//4047 4054//4054 4051//4051
f 4047//4047 4049//4049 4054//4054
f 4044//4044 4055//4055 4043//4043
f 4044//4044 4052//4052 4055//4055
f 4034//4034 4052//4052 4044//4044
f 4034//4034 4046//4046 4052//4052
f 4052//4052 4056//4056 4055//4055
f 4052//4052 4053//4053 4056//4056
f 4057//4057 4059//4059 4058//4058
f 4057//4057 4060//4060 4059//4059
f 4043//4043 4058//4058 4045//4045
f 4043//4043 4057//4057 4058//4058
f 4043//4043 4060//4060 4057//4057
f 4043//4043 4055//4055 4060//4060
f 4060//4060 4061//4061 4059//4059
f 4060//4060 4062//4062 4061//4061
f 4055//4055 4062//4062 4060//4060
f 4055//4055 4056//4056 4062//4062
f 4050//4050 4063//4063 4049//4049
f 4050//4050 4064//4064 4063//4063
f 3488//3488 4064//4064 4050//4050
f 3488//3488 3505//3505 4064//4064
f 4064//4064 4065//4065 4063//4063
f 4064//4064 4066//4066 4065//4065
f 3505//3505 4066//4066 4064//4064
f 3505//3505 3506//3506 4066//4066
f 4054//4054 4067//4067 4053//4053
f 4054//4054 4068//4068 4067//4067
f 4049//4049 4068//4068 4054//4054
f 4049//4049 4063//4063 4068//4068
f 4068//4068 4069//4069 4067//4067
f 4068//4068 4070//4070 4069//4069
f 4063//4063 4070//4070 4068//4068
f 4063//4063 4065//4065 4070//4070
f 4066//4066 4071//4071 4065//4065
f 4066//4066 4072//4072 4071//4071
f 3506//3506 4072//4072 4066//4066
f 3506//3506 3507//3507 4072//4072
f 4072//4072 4073//4073 4071//4071
f 4072//4072 4074//4074 4073//4073
f 3507//3507 4074//4074 4072//4072
f 3507//3507 3508//3508 4074//4074
f 4070//4070 4075//4075 4069//4069
f 4070//4070 4076//4076 4075//4075
f 4065//4065 4076//4076 4070//4070
f 4065//4065 4071//4071 4076//4076
f 4076//4076 4077//4077 4075//4075
f 4076//4076 4078//4078 4077//4077
f 4071//4071 4078//4078 4076//4076
f 4071//4071 4073//4073 4078//4078
f 4079//4079 4080//4080 4062//4062
f 4079//4079 4081//4081 4080//4080
f 4053//4053 4062//4062 4056//4056
f 4053//4053 4079//4079 4062//4062
f 4053//4053 4081//4081 4079//4079
f 4053//4053 4067//4067 4081//4081
f 4062//4062 4082//4082 4061//4061
f 4062//4062 4080//4080 4082//4082
f 4081//4081 4083//4083 4080//4080
f 4081//4081 4084//4084 4083//4083
f 4067//4067 4084//4084 4081//4081
f 4067//4067 4069//4069 4084//4084
f 4080//4080 4085//4085 4082//4082
f 4080//4080 4083//4083 4085//4085
f 4084//4084 4086//4086 4083//4083
f 4084//4084 4087//4087 4086//4086
f 4069//4069 4087//4087 4084//4084
f 4069//4069 4075//4075 4087//4087
f 4083//4083 4088//4088 4085//4085
f 4083//4083 4086//4086 4088//4088
f 4087//4087 4089//4089 4086//4086
f 4087//4087 4090//4090 4089//4089
f 4075//4075 4090//4090 4087//4087
f 4075//4075 4077//4077 4090//4090
f 4086//4086 4091//4091 4088//4088
f 4086//4086 4089//4089 4091//4091
f 4092//4092 4094//4094 4093//4093
f 4092//4092 4095//4095 4094//4094
f 3820//3820 4093//4093 3824//3824
f 3820//3820 4092//4092 4093//4093
f 3820//3820 4095//4095 4092//4092
f 3820//3820 3821//3821 4095//4095
f 4093//4093 4097//4097 4096//4096
f 4093//4093 4094//4094 4097//4097
f 3824//3824 4096//4096 3826//3826
f 3824//3824 4093//4093 4096//4096
f 4098//4098 4100//4100 4099//4099
f 4098//4098 4029//4029 4100//4100
f 3411//3411 4099//4099 3819//3819
f 3411//3411 4098//4098 4099//4099
f 3411//3411 4029//4029 4098//4098
f 3411//3411 3412//3412 4029//4029
f 4099//4099 4101//4101 4095//4095
f 4099//4099 4100//4100 4101//4101
f 3819//3819 4095//4095 3821//3821
f 3819//3819 4099//4099 4095//4095
f 4102//4102 4104//4104 4103//4103
f 4102//4102 4039//4039 4104//4104
f 4029//4029 4103//4103 4100//4100
f 4029//4029 4102//4102 4103//4103
f 4029//4029 4039//4039 4102//4102
f 4029//4029 4030//4030 4039//4039
f 4103//4103 4106//4106 4105//4105
f 4103//4103 4104//4104 4106//4106
f 4100//4100 4105//4105 4101//4101
f 4100//4100 4103//4103 4105//4105
f 4095//4095 4107//4107 4094//4094
f 4095//4095 4101//4101 4107//4107
f 4094//4094 4108//4108 4097//4097
f 4094//4094 4107//4107 4108//4108
f 4105//4105 4110//4110 4109//4109
f 4105//4105 4106//4106 4110//4110
f 4101//4101 4109//4109 4107//4107
f 4101//4101 4105//4105 4109//4109
f 4109//4109 4112//4112 4111//4111
f 4109//4109 4110//4110 4112//4112
f 4107//4107 4111//4111 4108//4108
f 4107//4107 4109//4109 4111//4111
f 4096//4096 4114//4114 4113//4113
f 4096//4096 4097//4097 4114//4114
f 3826//3826 4113//4113 3828//3828
f 3826//3826 4096//4096 4113//4113
f 4113//4113 4116//4116 4115//4115
f 4113//4113 4114//4114 4116//4116
f 3830//3830 4116//4116 3839//3839
f 3830//3830 4115//4115 4116//4116
f 3828//3828 4115//4115 3830//3830
f 3828//3828 4113//4113 4115//4115
f 4097//4097 4117//4117 4114//4114
f 4097//4097 4108//4108 4117//4117
f 4114//4114 4118//4118 4116//4116
f 4114//4114 4117//4117 4118//4118
f 4111//4111 4120//4120 4119//4119
f 4111//4111 4112//4112 4120//4120
f 4108//4108 4119//4119 4117//4117
f 4108//4108 4111//4111 4119//4119
f 4119//4119 4122//4122 4121//4121
f 4119//4119 4120//4120 4122//4122
f 4117//4117 4121//4121 4118//4118
f 4117//4117 4119//4119 4121//4121
f 4116//4116 4124//4124 4123//4123
f 4116//4116 4118//4118 4124//4124
f 3839//3839 4123//4123 3838//3838
f 3839//3839 4116//4116 4123//4123
f 4123//4123 4126//4126 4125//4125
f 4123//4123 4124//4124 4126//4126
f 3841//3841 4126//4126 3922//3922
f 3841//3841 4125//4125 4126//4126
f 3838//3838 4125//4125 3841//3841
f 3838//3838 4123//4123 4125//4125
f 4124//4124 4127//4127 4126//4126
f 4124//4124 4128//4128 4127//4127
f 4121//4121 4130//4130 4129//4129
f 4121//4121 4122//4122 4130//4130
f 4124//4124 4130//4130 4128//4128
f 4124//4124 4129//4129 4130//4130
f 4118//4118 4129//4129 4124//4124
f 4118//4118 4121//4121 4129//4129
f 4126//4126 4132//4132 4131//4131
f 4126//4126 4127//4127 4132//4132
f 3921//3921 4132//4132 3927//3927
f 3921//3921 4131//4131 4132//4132
f 3922//3922 4131//4131 3921//3921
f 3922//3922 4126//4126 4131//4131
f 4039//4039 4133//4133 4104//4104
f 4039//4039 4040//4040 4133//4133
f 4104//4104 4134//4134 4106//4106
f 4104//4104 4133//4133 4134//4134
f 4135//4135 4137//4137 4136//4136
f 4135//4135 4058//4058 4137//4137
f 4040//4040 4136//4136 4133//4133
f 4040//4040 4135//4135 4136//4136
f 4040//4040 4058//4058 4135//4135
f 4040//4040 4045//4045 4058//4058
f 4136//4136 4139//4139 4138//4138
f 4136//4136 4137//4137 4139//4139
f 4133//4133 4138//4138 4134//4134
f 4133//4133 4136//4136 4138//4138
f 4140//4140 4142//4142 4141//4141
f 4140//4140 4138//4138 4142//4142
f 4106//4106 4141//4141 4110//4110
f 4106//4106 4140//4140 4141//4141
f 4106//4106 4138//4138 4140//4140
f 4106//4106 4134//4134 4138//4138
f 4141//4141 4144//4144 4143//4143
f 4141//4141 4142//4142 4144//4144
f 4110//4110 4143//4143 4112//4112
f 4110//4110 4141//4141 4143//4143
f 4138//4138 4145//4145 4142//4142
f 4138//4138 4139//4139 4145//4145
f 4142//4142 4146//4146 4144//4144
f 4142//4142 4145//4145 4146//4146
f 4058//4058 4147//4147 4137//4137
f 4058//4058 4059//4059 4147//4147
f 4137//4137 4148//4148 4139//4139
f 4137//4137 4147//4147 4148//4148
f 4059//4059 4149//4149 4147//4147
f 4059//4059 4061//4061 4149//4149
f 4150//4150 4152//4152 4151//4151
f 4150//4150 4153//4153 4152//4152
f 4147//4147 4151//4151 4148//4148
f 4147//4147 4150//4150 4151//4151
f 4147//4147 4153//4153 4150//4150
f 4147//4147 4149//4149 4153//4153
f 4139//4139 4154//4154 4145//4145
f 4139//4139 4148//4148 4154//4154
f 4145//4145 4155//4155 4146//4146
f 4145//4145 4154//4154 4155//4155
f 4151//4151 4157//4157 4156//4156
f 4151//4151 4152//4152 4157//4157
f 4148//4148 4156//4156 4154//4154
f 4148//4148 4151//4151 4156//4156
f 4156//4156 4159//4159 4158//4158
f 4156//4156 4157//4157 4159//4159
f 4154//4154 4158//4158 4155//4155
f 4154//4154 4156//4156 4158//4158
f 4122//4122 4160//4160 4130//4130
f 4122//4122 4161//4161 4160//4160
f 4130//4130 4163//4163 4162//4162
f 4130//4130 4160//4160 4163//4163
f 4128//4128 4162//4162 4127//4127
f 4128//4128 4130//4130 4162//4162
f 4143//4143 4165//4165 4164//4164
f 4143//4143 4144//4144 4165//4165
f 4112//4112 4164//4164 4120//4120
f 4112//4112 4143//4143 4164//4164
f 4164//4164 4167//4167 4166//4166
f 4164//4164 4165//4165 4167//4167
f 4122//4122 4167//4167 4161//4161
f 4122//4122 4166//4166 4167//4167
f 4120//4120 4166//4166 4122//4122
f 4120//4120 4164//4164 4166//4166
f 4144//4144 4168//4168 4165//4165
f 4144//4144 4146//4146 4168//4168
f 4165//4165 4169//4169 4167//4167
f 4165//4165 4168//4168 4169//4169
f 4167//4167 4171//4171 4170//4170
f 4167//4167 4169//4169 4171//4171
f 4161//4161 4170//4170 4160//4160
f 4161//4161 4167//4167 4170//4170
f 4170//4170 4173//4173 4172//4172
f 4170//4170 4171//4171 4173//4173
f 4163//4163 4173//4173 4174//4174
f 4163//4163 4172//4172 4173//4173
f 4160//4160 4172//4172 4163//4163
f 4160//4160 4170//4170 4172//4172
f 4146//4146 4175//4175 4168//4168
f 4146//4146 4155//4155 4175//4175
f 4168//4168 4176//4176 4169//4169
f 4168//4168 4175//4175 4176//4176
f 4158//4158 4178//4178 4177//4177
f 4158//4158 4159//4159 4178//4178
f 4155//4155 4177//4177 4175//4175
f 4155//4155 4158//4158 4177//4177
f 4177//4177 4180//4180 4179//4179
f 4177//4177 4178//4178 4180//4180
f 4176//4176 4180//4180 4181//4181
f 4176//4176 4179//4179 4180//4180
f 4175//4175 4179//4179 4176//4176
f 4175//4175 4177//4177 4179//4179
f 4169//4169 4182//4182 4171//4171
f 4169//4169 4176//4176 4182//4182
f 4171//4171 4183//4183 4173//4173
f 4171//4171 4182//4182 4183//4183
f 4176//4176 4184//4184 4182//4182
f 4176//4176 4181//4181 4184//4184
f 4182//4182 4185//4185 4183//4183
f 4182//4182 4184//4184 4185//4185
f 4061//4061 4186//4186 4149//4149
f 4061//4061 4082//4082 4186//4186
f 4153//4153 4187//4187 4152//4152
f 4153//4153 4188//4188 4187//4187
f 4149//4149 4188//4188 4153//4153
f 4149//4149 4186//4186 4188//4188
f 4189//4189 4190//4190 4188//4188
f 4189//4189 4191//4191 4190//4190
f 4082//4082 4188//4188 4186//4186
f 4082//4082 4189//4189 4188//4188
f 4082//4082 4191//4191 4189//4189
f 4082//4082 4085//4085 4191//4191
f 4188//4188 4192//4192 4187//4187
f 4188//4188 4190//4190 4192//4192
f 4152//4152 4193//4193 4157//4157
f 4152//4152 4187//4187 4193//4193
f 4157//4157 4194//4194 4159//4159
f 4157//4157 4193//4193 4194//4194
f 4187//4187 4195//4195 4193//4193
f 4187//4187 4192//4192 4195//4195
f 4193//4193 4196//4196 4194//4194
f 4193//4193 4195//4195 4196//4196
f 4191//4191 4197//4197 4190//4190
f 4191//4191 4198//4198 4197//4197
f 4085//4085 4198//4198 4191//4191
f 4085//4085 4088//4088 4198//4198
f 4190//4190 4199//4199 4192//4192
f 4190//4190 4197//4197 4199//4199
f 4198//4198 4200//4200 4197//4197
f 4198//4198 4201//4201 4200//4200
f 4088//4088 4201//4201 4198//4198
f 4088//4088 4091//4091 4201//4201
f 4197//4197 4202//4202 4199//4199
f 4197//4197 4200//4200 4202//4202
f 4192//4192 4203//4203 4195//4195
f 4192//4192 4199//4199 4203//4203
f 4195//4195 4204//4204 4196//4196
f 4195//4195 4203//4203 4204//4204
f 4199//4199 4205//4205 4203//4203
f 4199//4199 4202//4202 4205//4205
f 4203//4203 4206//4206 4204//4204
f 4203//4203 4205//4205 4206//4206
f 4159//4159 4207//4207 4178//4178
f 4159//4159 4194//4194 4207//4207
f 4178//4178 4208//4208 4180//4180
f 4178//4178 4207//4207 4208//4208
f 4194//4194 4209//4209 4207//4207
f 4194//4194 4196//4196 4209//4209
f 4207//4207 4210//4210 4208//4208
f 4207//4207 4209//4209 4210//4210
f 4184//4184 4211//4211 4185//4185
f 4184//4184 4212//4212 4211//4211
f 4180//4180 4214//4214 4213//4213
f 4180//4180 4208//4208 4214//4214
f 4184//4184 4214//4214 4212//4212
f 4184//4184 4213//4213 4214//4214
f 4181//4181 4213//4213 4184//4184
f 4181//4181 4180//4180 4213//4213
f 4208//4208 4215//4215 4214//4214
f 4208//4208 4210//4210 4215//4215
f 4214//4214 4217//4217 4216//4216
f 4214//4214 4215//4215 4217//4217
f 4211//4211 4217//4217 4218//4218
f 4211//4211 4216//4216 4217//4217
f 4212//4212 4216//4216 4211//4211
f 4212//4212 4214//4214 4216//4216
f 4196//4196 4219//4219 4209//4209
f 4196//4196 4204//4204 4219//4219
f 4209//4209 4220//4220 4210//4210
f 4209//4209 4219//4219 4220//4220
f 4204//4204 4221//4221 4219//4219
f 4204//4204 4206//4206 4221//4221
f 4219//4219 4222//4222 4220//4220
f 4219//4219 4221//4221 4222//4222
f 4210//4210 4223//4223 4215//4215
f 4210//4210 4220//4220 4223//4223
f 4215//4215 4224//4224 4217//4217
f 4215//4215 4223//4223 4224//4224
f 4218//4218 4224//4224 4225//4225
f 4218//4218 4217//4217 4224//4224
f 4220//4220 4226//4226 4223//4223
f 4220//4220 4222//4222 4226//4226
f 4223//4223 4227//4227 4224//4224
f 4223//4223 4226//4226 4227//4227
f 4225//4225 4227//4227 4228//4228
f 4225//4225 4224//4224 4227//4227
f 4132//4132 4230//4230 4229//4229
f 4132//4132 4231//4231 4230//4230
f 3926//3926 4230//4230 3960//3960
f 3926//3926 4229//4229 4230//4230
f 3927//3927 4229//4229 3926//3926
f 3927//3927 4132//4132 4229//4229
f 4162//4162 4233//4233 4232//4232
f 4162//4162 4163//4163 4233//4233
f 4132//4132 4233//4233 4231//4231
f 4132//4132 4232//4232 4233//4233
f 4127//4127 4232//4232 4132//4132
f 4127//4127 4162//4162 4232//4232
f 4163//4163 4234//4234 4233//4233
f 4163//4163 4174//4174 4234//4234
f 4233//4233 4236//4236 4235//4235
f 4233//4233 4234//4234 4236//4236
f 4230//4230 4236//4236 4237//4237
f 4230//4230 4235//4235 4236//4236
f 4231//4231 4235//4235 4230//4230
f 4231//4231 4233//4233 4235//4235
f 4230//4230 4239//4239 4238//4238
f 4230//4230 4237//4237 4239//4239
f 3959//3959 4239//4239 3963//3963
f 3959//3959 4238//4238 4239//4239
f 3960//3960 4238//4238 3959//3959
f 3960//3960 4230//4230 4238//4238
f 4234//4234 4240//4240 4236//4236
f 4234//4234 4241//4241 4240//4240
f 4237//4237 4240//4240 4242//4242
f 4237//4237 4236//4236 4240//4240
f 4241//4241 4243//4243 4240//4240
f 4241//4241 4244//4244 4243//4243
f 4237//4237 4245//4245 4239//4239
f 4237//4237 4242//4242 4245//4245
f 4239//4239 4247//4247 4246//4246
f 4239//4239 4245//4245 4247//4247
f 3962//3962 4247//4247 3996//3996
f 3962//3962 4246//4246 4247//4247
f 3963//3963 4246//4246 3962//3962
f 3963//3963 4239//4239 4246//4246
f 4245//4245 4248//4248 4247//4247
f 4245//4245 4249//4249 4248//4248
f 3996//3996 4248//4248 3998//3998
f 3996//3996 4247//4247 4248//4248
f 4240//4240 4251//4251 4250//4250
f 4240//4240 4243//4243 4251//4251
f 4245//4245 4251//4251 4249//4249
f 4245//4245 4250//4250 4251//4251
f 4242//4242 4250//4250 4245//4245
f 4242//4242 4240//4240 4250//4250
f 4173//4173 4253//4253 4252//4252
f 4173//4173 4183//4183 4253//4253
f 4234//4234 4253//4253 4241//4241
f 4234//4234 4252//4252 4253//4253
f 4174//4174 4252//4252 4234//4234
f 4174//4174 4173//4173 4252//4252
f 4183//4183 4254//4254 4253//4253
f 4183//4183 4185//4185 4254//4254
f 4241//4241 4254//4254 4244//4244
f 4241//4241 4253//4253 4254//4254
f 4249//4249 4255//4255 4248//4248
f 4249//4249 4256//4256 4255//4255
f 4243//4243 4257//4257 4251//4251
f 4243//4243 4258//4258 4257//4257
f 4249//4249 4257//4257 4256//4256
f 4249//4249 4251//4251 4257//4257
f 4258//4258 4259//4259 4257//4257
f 4258//4258 4260//4260 4259//4259
f 4257//4257 4262//4262 4261//4261
f 4257//4257 4259//4259 4262//4262
f 4255//4255 4262//4262 4263//4263
f 4255//4255 4261//4261 4262//4262
f 4256//4256 4261//4261 4255//4255
f 4256//4256 4257//4257 4261//4261
f 4260//4260 4264//4264 4259//4259
f 4260//4260 4265//4265 4264//4264
f 4259//4259 4266//4266 4262//4262
f 4259//4259 4264//4264 4266//4266
f 4263//4263 4266//4266 4267//4267
f 4263//4263 4262//4262 4266//4266
f 4265//4265 4268//4268 4264//4264
f 4265//4265 4269//4269 4268//4268
f 4264//4264 4270//4270 4266//4266
f 4264//4264 4268//4268 4270//4270
f 4267//4267 4270//4270 4271//4271
f 4267//4267 4266//4266 4270//4270
f 4185//4185 4272//4272 4254//4254
f 4185//4185 4211//4211 4272//4272
f 4254//4254 4274//4274 4273//4273
f 4254//4254 4272//4272 4274//4274
f 4243//4243 4274//4274 4258//4258
f 4243//4243 4273//4273 4274//4274
f 4244//4244 4273//4273 4243//4243
f 4244//4244 4254//4254 4273//4273
f 4211//4211 4275//4275 4272//4272
f 4211//4211 4218//4218 4275//4275
f 4272//4272 4276//4276 4274//4274
f 4272//4272 4275//4275 4276//4276
f 4258//4258 4276//4276 4260//4260
f 4258//4258 4274//4274 4276//4276
f 4218//4218 4277//4277 4275//4275
f 4218//4218 4225//4225 4277//4277
f 4275//4275 4278//4278 4276//4276
f 4275//4275 4277//4277 4278//4278
f 4260//4260 4278//4278 4265//4265
f 4260//4260 4276//4276 4278//4278
f 4225//4225 4279//4279 4277//4277
f 4225//4225 4228//4228 4279//4279
f 4277//4277 4280//4280 4278//4278
f 4277//4277 4279//4279 4280//4280
f 4265//4265 4280//4280 4269//4269
f 4265//4265 4278//4278 4280//4280
f 4248//4248 4282//4282 4281//4281
f 4248//4248 4255//4255 4282//4282
f 3997//3997 4282//4282 4006//4006
f 3997//3997 4281//4281 4282//4282
f 3998//3998 4281//4281 3997//3997
f 3998//3998 4248//4248 4281//4281
f 4255//4255 4283//4283 4282//4282
f 4255//4255 4263//4263 4283//4283
f 4006//4006 4283//4283 4009//4009
f 4006//4006 4282//4282 4283//4283
f 4263//4263 4284//4284 4283//4283
f 4263//4263 4267//4267 4284//4284
f 4009//4009 4284//4284 4015//4015
f 4009//4009 4283//4283 4284//4284
f 4267//4267 4285//4285 4284//4284
f 4267//4267 4271//4271 4285//4285
f 4015//4015 4285//4285 4017//4017
f 4015//4015 4284//4284 4285//4285
f 4286//4286 4288//4288 4287//4287
f 4286//4286 4289//4289 4288//4288
f 4286//4286 4290//4290 4289//4289
f 4286//4286 4291//4291 4290//4290
f 4286//4286 4292//4292 4291//4291
f 4286//4286 4287//4287 4292//4292
f 4293//4293 4292//4292 4294//4294
f 4293//4293 4291//4291 4292//4292
f 4293//4293 4295//4295 4291//4291
f 4293//4293 4296//4296 4295//4295
f 4293//4293 4297//4297 4296//4296
f 4293//4293 4294//4294 4297//4297
f 4291//4291 4298//4298 4290//4290
f 4291//4291 4295//4295 4298//4298
f 4296//4296 4299//4299 4295//4295
f 4296//4296 4300//4300 4299//4299
f 4296//4296 4301//4301 4300//4300
f 4296//4296 4297//4297 4301//4301
f 4295//4295 4302//4302 4298//4298
f 4295//4295 4299//4299 4302//4302
f 4303//4303 4301//4301 4304//4304
f 4303//4303 4300//4300 4301//4301
f 4303//4303 4305//4305 4300//4300
f 4303//4303 4306//4306 4305//4305
f 4303//4303 4307//4307 4306//4306
f 4303//4303 4304//4304 4307//4307
f 4306//4306 4308//4308 4305//4305
f 4306//4306 4309//4309 4308//4308
f 4306//4306 4310//4310 4309//4309
f 4306//4306 4307//4307 4310//4310
f 4300//4300 4311//4311 4299//4299
f 4300//4300 4305//4305 4311//4311
f 4299//4299 4312//4312 4302//4302
f 4299//4299 4311//4311 4312//4312
f 4313//4313 4312//4312 4311//4311
f 4313//4313 4314//4314 4312//4312
f 4313//4313 4315//4315 4314//4314
f 4313//4313 4316//4316 4315//4315
f 4313//4313 4317//4317 4316//4316
f 4313//4313 4311//4311 4317//4317
f 4305//4305 4317//4317 4311//4311
f 4305//4305 4308//4308 4317//4317
f 4309//4309 4318//4318 4308//4308
f 4309//4309 4319//4319 4318//4318
f 4309//4309 4320//4320 4319//4319
f 4309//4309 4310//4310 4320//4320
f 4319//4319 4321//4321 4318//4318
f 4319//4319 4322//4322 4321//4321
f 4319//4319 4323//4323 4322//4322
f 4319//4319 4320//4320 4323//4323
f 4324//4324 4326//4326 4325//4325
f 4324//4324 4327//4327 4326//4326
f 4316//4316 4325//4325 4315//4315
f 4316//4316 4324//4324 4325//4325
f 4316//4316 4327//4327 4324//4324
f 4316//4316 4317//4317 4327//4327
f 4308//4308 4327//4327 4317//4317
f 4308//4308 4318//4318 4327//4327
f 4318//4318 4328//4328 4327//4327
f 4318//4318 4321//4321 4328//4328
f 4327//4327 4329//4329 4326//4326
f 4327//4327 4328//4328 4329//4329
f 4330//4330 1304//1304 1364//1364
f 4330//4330 1303//1303 1304//1304
f 4330//4330 4331//4331 1303//1303
f 4330//4330 4289//4289 4331//4331
f 4330//4330 4288//4288 4289//4289
f 4330//4330 1364//1364 4288//4288
f 1303//1303 4332//4332 1302//1302
f 1303//1303 4331//4331 4332//4332
f 4289//4289 4333//4333 4331//4331
f 4289//4289 4290//4290 4333//4333
f 4331//4331 4334//4334 4332//4332
f 4331//4331 4333//4333 4334//4334
f 1302//1302 4335//4335 1307//1307
f 1302//1302 4332//4332 4335//4335
f 1307//1307 4336//4336 1311//1311
f 1307//1307 4335//4335 4336//4336
f 4332//4332 4337//4337 4335//4335
f 4332//4332 4334//4334 4337//4337
f 4335//4335 4338//4338 4336//4336
f 4335//4335 4337//4337 4338//4338
f 4290//4290 4339//4339 4333//4333
f 4290//4290 4298//4298 4339//4339
f 4333//4333 4340//4340 4334//4334
f 4333//4333 4339//4339 4340//4340
f 4341//4341 4339//4339 4298//4298
f 4341//4341 4342//4342 4339//4339
f 4341//4341 4343//4343 4342//4342
f 4341//4341 4344//4344 4343//4343
f 4341//4341 4302//4302 4344//4344
f 4341//4341 4298//4298 4302//4302
f 4342//4342 4340//4340 4339//4339
f 4342//4342 4345//4345 4340//4340
f 4342//4342 4346//4346 4345//4345
f 4342//4342 4343//4343 4346//4346
f 4334//4334 4347//4347 4337//4337
f 4334//4334 4340//4340 4347//4347
f 4337//4337 4348//4348 4338//4338
f 4337//4337 4347//4347 4348//4348
f 4345//4345 4347//4347 4340//4340
f 4345//4345 4349//4349 4347//4347
f 4345//4345 4350//4350 4349//4349
f 4345//4345 4346//4346 4350//4350
f 4351//4351 4352//4352 4348//4348
f 4351//4351 4353//4353 4352//4352
f 4349//4349 4348//4348 4347//4347
f 4349//4349 4351//4351 4348//4348
f 4349//4349 4353//4353 4351//4351
f 4349//4349 4350//4350 4353//4353
f 1311//1311 1546//1546 1310//1310
f 1311//1311 4354//4354 1546//1546
f 1311//1311 4355//4355 4354//4354
f 1311//1311 4336//4336 4355//4355
f 4356//4356 4357//4357 1547//1547
f 4356//4356 4358//4358 4357//4357
f 4354//4354 1547//1547 1546//1546
f 4354//4354 4356//4356 1547//1547
f 4354//4354 4358//4358 4356//4356
f 4354//4354 4355//4355 4358//4358
f 4336//4336 4359//4359 4355//4355
f 4336//4336 4338//4338 4359//4359
f 4355//4355 4360//4360 4358//4358
f 4355//4355 4359//4359 4360//4360
f 4361//4361 4363//4363 4362//4362
f 4361//4361 4364//4364 4363//4363
f 4358//4358 4362//4362 4357//4357
f 4358//4358 4361//4361 4362//4362
f 4358//4358 4364//4364 4361//4361
f 4358//4358 4360//4360 4364//4364
f 4338//4338 4365//4365 4359//4359
f 4338//4338 4348//4348 4365//4365
f 4359//4359 4366//4366 4360//4360
f 4359//4359 4365//4365 4366//4366
f 4348//4348 4367//4367 4365//4365
f 4348//4348 4352//4352 4367//4367
f 4365//4365 4368//4368 4366//4366
f 4365//4365 4367//4367 4368//4368
f 4360//4360 4369//4369 4364//4364
f 4360//4360 4366//4366 4369//4369
f 4370//4370 4372//4372 4371//4371
f 4370//4370 4373//4373 4372//4372
f 4364//4364 4371//4371 4363//4363
f 4364//4364 4370//4370 4371//4371
f 4364//4364 4373//4373 4370//4370
f 4364//4364 4369//4369 4373//4373
f 4366//4366 4374//4374 4369//4369
f 4366//4366 4368//4368 4374//4374
f 4373//4373 4375//4375 4372//4372
f 4373//4373 4376//4376 4375//4375
f 4369//4369 4376//4376 4373//4373
f 4369//4369 4374//4374 4376//4376
f 4344//4344 4377//4377 4343//4343
f 4344//4344 4314//4314 4377//4377
f 4344//4344 4312//4312 4314//4314
f 4344//4344 4302//4302 4312//4312
f 4343//4343 4378//4378 4346//4346
f 4343//4343 4377//4377 4378//4378
f 4314//4314 4379//4379 4377//4377
f 4314//4314 4315//4315 4379//4379
f 4377//4377 4380//4380 4378//4378
f 4377//4377 4379//4379 4380//4380
f 4346//4346 4381//4381 4350//4350
f 4346//4346 4378//4378 4381//4381
f 4353//4353 4382//4382 4352//4352
f 4353//4353 4383//4383 4382//4382
f 4350//4350 4383//4383 4353//4353
f 4350//4350 4381//4381 4383//4383
f 4378//4378 4384//4384 4381//4381
f 4378//4378 4380//4380 4384//4384
f 4383//4383 4385//4385 4382//4382
f 4383//4383 4386//4386 4385//4385
f 4381//4381 4386//4386 4383//4383
f 4381//4381 4384//4384 4386//4386
f 4315//4315 4387//4387 4379//4379
f 4315//4315 4325//4325 4387//4387
f 4379//4379 4388//4388 4380//4380
f 4379//4379 4387//4387 4388//4388
f 4325//4325 4389//4389 4387//4387
f 4325//4325 4390//4390 4389//4389
f 4325//4325 4329//4329 4390//4390
f 4325//4325 4326//4326 4329//4329
f 4387//4387 4391//4391 4388//4388
f 4387//4387 4389//4389 4391//4391
f 4380//4380 4392//4392 4384//4384
f 4380//4380 4388//4388 4392//4392
f 4386//4386 4393//4393 4385//4385
f 4386//4386 4394//4394 4393//4393
f 4384//4384 4394//4394 4386//4386
f 4384//4384 4392//4392 4394//4394
f 4388//4388 4395//4395 4392//4392
f 4388//4388 4391//4391 4395//4395
f 4395//4395 4397//4397 4396//4396
f 4395//4395 4398//4398 4397//4397
f 4394//4394 4397//4397 4393//4393
f 4394//4394 4396//4396 4397//4397
f 4392//4392 4396//4396 4394//4394
f 4392//4392 4395//4395 4396//4396
f 4352//4352 4399//4399 4367//4367
f 4352//4352 4382//4382 4399//4399
f 4367//4367 4400//4400 4368//4368
f 4367//4367 4399//4399 4400//4400
f 4382//4382 4401//4401 4399//4399
f 4382//4382 4385//4385 4401//4401
f 4399//4399 4402//4402 4400//4400
f 4399//4399 4401//4401 4402//4402
f 4368//4368 4403//4403 4374//4374
f 4368//4368 4400//4400 4403//4403
f 4376//4376 4404//4404 4375//4375
f 4376//4376 4405//4405 4404//4404
f 4374//4374 4405//4405 4376//4376
f 4374//4374 4403//4403 4405//4405
f 4400//4400 4406//4406 4403//4403
f 4400//4400 4402//4402 4406//4406
f 4405//4405 4407//4407 4404//4404
f 4405//4405 4408//4408 4407//4407
f 4403//4403 4408//4408 4405//4405
f 4403//4403 4406//4406 4408//4408
f 4385//4385 4409//4409 4401//4401
f 4385//4385 4393//4393 4409//4409
f 4401//4401 4410//4410 4402//4402
f 4401//4401 4409//4409 4410//4410
f 4393//4393 4411//4411 4409//4409
f 4393//4393 4397//4397 4411//4411
f 4409//4409 4412//4412 4410//4410
f 4409//4409 4411//4411 4412//4412
f 4402//4402 4413//4413 4406//4406
f 4402//4402 4410//4410 4413//4413
f 4413//4413 4415//4415 4414//4414
f 4413//4413 4416//4416 4415//4415
f 4408//4408 4415//4415 4407//4407
f 4408//4408 4414//4414 4415//4415
f 4406//4406 4414//4414 4408//4408
f 4406//4406 4413//4413 4414//4414
f 4413//4413 4417//4417 4416//4416
f 4413//4413 4418//4418 4417//4417
f 4410//4410 4418//4418 4413//4413
f 4410//4410 4412//4412 4418//4418
f 4419//4419 4420//4420 1388//1388
f 4419//4419 4421//4421 4420//4420
f 1204//1204 1388//1388 1203//1203
f 1204//1204 4419//4419 1388//1388
f 1204//1204 4421//4421 4419//4419
f 1204//1204 3702//3702 4421//4421
f 4422//4422 4423//4423 4421//4421
f 4422//4422 4424//4424 4423//4423
f 3703//3703 4421//4421 3702//3702
f 3703//3703 4422//4422 4421//4421
f 3703//3703 4424//4424 4422//4422
f 3703//3703 3704//3704 4424//4424
f 4421//4421 4425//4425 4420//4420
f 4421//4421 4426//4426 4425//4425
f 4421//4421 4427//4427 4426//4426
f 4421//4421 4423//4423 4427//4427
f 4428//4428 1376//1376 1400//1400
f 4428//4428 1375//1375 1376//1376
f 4428//4428 4429//4429 1375//1375
f 4428//4428 4430//4430 4429//4429
f 4428//4428 4431//4431 4430//4430
f 4428//4428 1400//1400 4431//4431
f 4432//4432 4429//4429 4430//4430
f 4432//4432 4433//4433 4429//4429
f 4432//4432 4434//4434 4433//4433
f 4432//4432 4435//4435 4434//4434
f 4432//4432 4436//4436 4435//4435
f 4432//4432 4430//4430 4436//4436
f 4426//4426 4431//4431 4425//4425
f 4426//4426 4430//4430 4431//4431
f 4426//4426 4436//4436 4430//4430
f 4426//4426 4427//4427 4436//4436
f 4437//4437 4439//4439 4438//4438
f 4437//4437 4440//4440 4439//4439
f 3710//3710 4438//4438 3709//3709
f 3710//3710 4437//4437 4438//4438
f 3710//3710 4440//4440 4437//4437
f 3710//3710 3713//3713 4440//4440
f 4441//4441 4434//4434 4435//4435
f 4441//4441 4442//4442 4434//4434
f 4441//4441 4443//4443 4442//4442
f 4441//4441 4444//4444 4443//4443
f 4441//4441 4445//4445 4444//4444
f 4441//4441 4435//4435 4445//4445
f 4446//4446 4445//4445 4447//4447
f 4446//4446 4444//4444 4445//4445
f 4446//4446 4448//4448 4444//4444
f 4446//4446 4449//4449 4448//4448
f 4446//4446 4450//4450 4449//4449
f 4446//4446 4447//4447 4450//4450
f 4444//4444 4451//4451 4443//4443
f 4444//4444 4448//4448 4451//4451
f 3704//3704 4438//4438 4424//4424
f 3704//3704 3709//3709 4438//4438
f 4424//4424 4427//4427 4423//4423
f 4424//4424 4452//4452 4427//4427
f 4424//4424 4447//4447 4452//4452
f 4424//4424 4438//4438 4447//4447
f 4438//4438 4450//4450 4447//4447
f 4438//4438 4439//4439 4450//4450
f 4452//4452 4436//4436 4427//4427
f 4452//4452 4435//4435 4436//4436
f 4452//4452 4445//4445 4435//4435
f 4452//4452 4447//4447 4445//4445
f 1355//1355 4453//4453 1354//1354
f 1355//1355 4454//4454 4453//4453
f 1355//1355 4455//4455 4454//4454
f 1355//1355 1356//1356 4455//4455
f 4456//4456 4453//4453 4454//4454
f 4456//4456 4457//4457 4453//4453
f 4456//4456 4294//4294 4457//4457
f 4456//4456 4458//4458 4294//4294
f 4456//4456 4459//4459 4458//4458
f 4456//4456 4454//4454 4459//4459
f 4460//4460 4455//4455 4433//4433
f 4460//4460 4454//4454 4455//4455
f 4460//4460 4459//4459 4454//4454
f 4460//4460 4442//4442 4459//4459
f 4460//4460 4434//4434 4442//4442
f 4460//4460 4433//4433 4434//4434
f 4461//4461 1366//1366 1354//1354
f 4461//4461 1365//1365 1366//1366
f 4461//4461 4287//4287 1365//1365
f 4461//4461 4457//4457 4287//4287
f 4461//4461 4453//4453 4457//4457
f 4461//4461 1354//1354 4453//4453
f 1365//1365 4288//4288 1364//1364
f 1365//1365 4287//4287 4288//4288
f 4457//4457 4292//4292 4287//4287
f 4457//4457 4294//4294 4292//4292
f 1374//1374 4455//4455 1356//1356
f 1374//1374 4433//4433 4455//4455
f 1374//1374 4429//4429 4433//4433
f 1374//1374 1375//1375 4429//4429
f 4458//4458 4297//4297 4294//4294
f 4458//4458 4462//4462 4297//4297
f 4458//4458 4463//4463 4462//4462
f 4458//4458 4459//4459 4463//4463
f 4442//4442 4463//4463 4459//4459
f 4442//4442 4443//4443 4463//4463
f 4464//4464 4463//4463 4443//4443
f 4464//4464 4462//4462 4463//4463
f 4464//4464 4304//4304 4462//4462
f 4464//4464 4465//4465 4304//4304
f 4464//4464 4451//4451 4465//4465
f 4464//4464 4443//4443 4451//4451
f 4462//4462 4301//4301 4297//4297
f 4462//4462 4304//4304 4301//4301
f 1388//1388 1391//1391 1387//1387
f 1388//1388 4466//4466 1391//1391
f 1388//1388 4425//4425 4466//4466
f 1388//1388 4420//4420 4425//4425
f 4466//4466 1401//1401 1391//1391
f 4466//4466 1400//1400 1401//1401
f 4466//4466 4431//4431 1400//1400
f 4466//4466 4425//4425 4431//4431
f 3713//3713 4467//4467 4440//4440
f 3713//3713 3716//3716 4467//4467
f 4440//4440 4450//4450 4439//4439
f 4440//4440 4449//4449 4450//4450
f 4440//4440 4468//4468 4449//4449
f 4440//4440 4467//4467 4468//4468
f 3716//3716 4469//4469 4467//4467
f 3716//3716 3719//3719 4469//4469
f 4467//4467 4470//4470 4468//4468
f 4467//4467 4469//4469 4470//4470
f 4471//4471 4451//4451 4448//4448
f 4471//4471 4465//4465 4451//4451
f 4471//4471 4472//4472 4465//4465
f 4471//4471 4473//4473 4472//4472
f 4471//4471 4474//4474 4473//4473
f 4471//4471 4448//4448 4474//4474
f 4449//4449 4474//4474 4448//4448
f 4449//4449 4468//4468 4474//4474
f 4473//4473 4475//4475 4472//4472
f 4473//4473 4476//4476 4475//4475
f 4473//4473 4477//4477 4476//4476
f 4473//4473 4474//4474 4477//4477
f 4468//4468 4477//4477 4474//4474
f 4468//4468 4470//4470 4477//4477
f 3719//3719 4478//4478 4469//4469
f 3719//3719 3722//3722 4478//4478
f 4469//4469 4479//4479 4470//4470
f 4469//4469 4478//4478 4479//4479
f 3722//3722 4480//4480 4478//4478
f 3722//3722 3725//3725 4480//4480
f 4478//4478 4481//4481 4479//4479
f 4478//4478 4480//4480 4481//4481
f 4476//4476 4482//4482 4475//4475
f 4476//4476 4483//4483 4482//4482
f 4476//4476 4484//4484 4483//4483
f 4476//4476 4477//4477 4484//4484
f 4470//4470 4484//4484 4477//4477
f 4470//4470 4479//4479 4484//4484
f 4483//4483 4485//4485 4482//4482
f 4483//4483 4486//4486 4485//4485
f 4483//4483 4487//4487 4486//4486
f 4483//4483 4484//4484 4487//4487
f 4479//4479 4487//4487 4484//4484
f 4479//4479 4481//4481 4487//4487
f 4465//4465 4307//4307 4304//4304
f 4465//4465 4472//4472 4307//4307
f 4472//4472 4310//4310 4307//4307
f 4472//4472 4475//4475 4310//4310
f 4475//4475 4320//4320 4310//4310
f 4475//4475 4482//4482 4320//4320
f 4482//4482 4323//4323 4320//4320
f 4482//4482 4485//4485 4323//4323
f 1547//1547 4362//4362 1553//1553
f 1547//1547 4357//4357 4362//4362
f 1553//1553 4488//4488 1556//1556
f 1553//1553 4362//4362 4488//4488
f 4362//4362 4371//4371 4488//4488
f 4362//4362 4363//4363 4371//4371
f 4416//4416 4489//4489 4415//4415
f 4416//4416 4417//4417 4489//4489
f 4490//4490 4492//4492 4491//4491
f 4490//4490 4493//4493 4492//4492
f 4322//4322 4491//4491 4321//4321
f 4322//4322 4490//4490 4491//4491
f 4322//4322 4493//4493 4490//4490
f 4322//4322 4323//4323 4493//4493
f 4321//4321 4494//4494 4328//4328
f 4321//4321 4491//4491 4494//4494
f 4328//4328 4495//4495 4329//4329
f 4328//4328 4494//4494 4495//4495
f 4496//4496 4498//4498 4497//4497
f 4496//4496 4499//4499 4498//4498
f 4491//4491 4497//4497 4494//4494
f 4491//4491 4496//4496 4497//4497
f 4491//4491 4499//4499 4496//4496
f 4491//4491 4492//4492 4499//4499
f 4494//4494 4500//4500 4495//4495
f 4494//4494 4497//4497 4500//4500
f 4501//4501 4503//4503 4502//4502
f 4501//4501 4504//4504 4503//4503
f 4497//4497 4502//4502 4500//4500
f 4497//4497 4501//4501 4502//4502
f 4497//4497 4504//4504 4501//4501
f 4497//4497 4498//4498 4504//4504
f 4505//4505 4507//4507 4506//4506
f 4505//4505 4495//4495 4507//4507
f 4390//4390 4506//4506 4389//4389
f 4390//4390 4505//4505 4506//4506
f 4390//4390 4495//4495 4505//4505
f 4390//4390 4329//4329 4495//4495
f 4506//4506 4509//4509 4508//4508
f 4506//4506 4507//4507 4509//4509
f 4389//4389 4508//4508 4391//4391
f 4389//4389 4506//4506 4508//4508
f 4495//4495 4510//4510 4507//4507
f 4495//4495 4500//4500 4510//4510
f 4507//4507 4511//4511 4509//4509
f 4507//4507 4510//4510 4511//4511
f 4508//4508 4513//4513 4512//4512
f 4508//4508 4509//4509 4513//4513
f 4395//4395 4513//4513 4398//4398
f 4395//4395 4512//4512 4513//4513
f 4391//4391 4512//4512 4395//4395
f 4391//4391 4508//4508 4512//4512
f 4398//4398 4514//4514 4397//4397
f 4398//4398 4513//4513 4514//4514
f 4509//4509 4515//4515 4513//4513
f 4509//4509 4511//4511 4515//4515
f 4513//4513 4516//4516 4514//4514
f 4513//4513 4515//4515 4516//4516
f 4502//4502 4518//4518 4517//4517
f 4502//4502 4503//4503 4518//4518
f 4500//4500 4517//4517 4510//4510
f 4500//4500 4502//4502 4517//4517
f 4517//4517 4520//4520 4519//4519
f 4517//4517 4518//4518 4520//4520
f 4510//4510 4519//4519 4511//4511
f 4510//4510 4517//4517 4519//4519
f 4519//4519 4522//4522 4521//4521
f 4519//4519 4520//4520 4522//4522
f 4511//4511 4521//4521 4515//4515
f 4511//4511 4519//4519 4521//4521
f 4521//4521 4524//4524 4523//4523
f 4521//4521 4522//4522 4524//4524
f 4516//4516 4524//4524 4525//4525
f 4516//4516 4523//4523 4524//4524
f 4515//4515 4523//4523 4516//4516
f 4515//4515 4521//4521 4523//4523
f 4397//4397 4526//4526 4411//4411
f 4397//4397 4514//4514 4526//4526
f 4411//4411 4527//4527 4412//4412
f 4411//4411 4526//4526 4527//4527
f 4516//4516 4529//4529 4528//4528
f 4516//4516 4525//4525 4529//4529
f 4514//4514 4528//4528 4526//4526
f 4514//4514 4516//4516 4528//4528
f 4528//4528 4531//4531 4530//4530
f 4528//4528 4529//4529 4531//4531
f 4527//4527 4531//4531 4532//4532
f 4527//4527 4530//4530 4531//4531
f 4526//4526 4530//4530 4527//4527
f 4526//4526 4528//4528 4530//4530
f 4527//4527 4534//4534 4533//4533
f 4527//4527 4532//4532 4534//4534
f 4418//4418 4534//4534 4417//4417
f 4418//4418 4533//4533 4534//4534
f 4412//4412 4533//4533 4418//4418
f 4412//4412 4527//4527 4533//4533
f 3725//3725 4535//4535 4480//4480
f 3725//3725 3939//3939 4535//4535
f 4480//4480 4536//4536 4481//4481
f 4480//4480 4535//4535 4536//4536
f 3943//3943 4538//4538 4537//4537
f 3943//3943 3951//3951 4538//4538
f 3939//3939 4537//4537 4535//4535
f 3939//3939 3943//3943 4537//4537
f 4537//4537 4540//4540 4539//4539
f 4537//4537 4538//4538 4540//4540
f 4535//4535 4539//4539 4536//4536
f 4535//4535 4537//4537 4539//4539
f 4541//4541 4543//4543 4542//4542
f 4541//4541 4544//4544 4543//4543
f 4486//4486 4542//4542 4485//4485
f 4486//4486 4541//4541 4542//4542
f 4486//4486 4544//4544 4541//4541
f 4486//4486 4487//4487 4544//4544
f 4481//4481 4544//4544 4487//4487
f 4481//4481 4536//4536 4544//4544
f 4539//4539 4546//4546 4545//4545
f 4539//4539 4540//4540 4546//4546
f 4536//4536 4545//4545 4544//4544
f 4536//4536 4539//4539 4545//4545
f 4544//4544 4547//4547 4543//4543
f 4544//4544 4545//4545 4547//4547
f 4548//4548 4550//4550 4549//4549
f 4548//4548 4551//4551 4550//4550
f 4545//4545 4549//4549 4547//4547
f 4545//4545 4548//4548 4549//4549
f 4545//4545 4551//4551 4548//4548
f 4545//4545 4546//4546 4551//4551
f 3951//3951 4552//4552 4538//4538
f 3951//3951 3949//3949 4552//4552
f 4552//4552 4554//4554 4553//4553
f 4552//4552 4555//4555 4554//4554
f 4538//4538 4553//4553 4540//4540
f 4538//4538 4552//4552 4553//4553
f 3955//3955 4557//4557 4556//4556
f 3955//3955 3978//3978 4557//4557
f 4552//4552 4557//4557 4555//4555
f 4552//4552 4556//4556 4557//4557
f 3949//3949 4556//4556 4552//4552
f 3949//3949 3955//3955 4556//4556
f 4557//4557 4559//4559 4558//4558
f 4557//4557 4560//4560 4559//4559
f 4555//4555 4558//4558 4554//4554
f 4555//4555 4557//4557 4558//4558
f 4553//4553 4561//4561 4551//4551
f 4553//4553 4554//4554 4561//4561
f 4540//4540 4551//4551 4546//4546
f 4540//4540 4553//4553 4551//4551
f 4562//4562 4564//4564 4563//4563
f 4562//4562 4565//4565 4564//4564
f 4551//4551 4563//4563 4550//4550
f 4551//4551 4562//4562 4563//4563
f 4551//4551 4565//4565 4562//4562
f 4551//4551 4561//4561 4565//4565
f 4558//4558 4566//4566 4565//4565
f 4558//4558 4559//4559 4566//4566
f 4554//4554 4565//4565 4561//4561
f 4554//4554 4558//4558 4565//4565
f 4565//4565 4567//4567 4564//4564
f 4565//4565 4566//4566 4567//4567
f 4485//4485 4493//4493 4323//4323
f 4485//4485 4542//4542 4493//4493
f 4568//4568 4570//4570 4569//4569
f 4568//4568 4547//4547 4570//4570
f 4542//4542 4569//4569 4493//4493
f 4542//4542 4568//4568 4569//4569
f 4542//4542 4547//4547 4568//4568
f 4542//4542 4543//4543 4547//4547
f 4493//4493 4499//4499 4492//4492
f 4493//4493 4569//4569 4499//4499
f 4571//4571 4573//4573 4572//4572
f 4571//4571 4574//4574 4573//4573
f 4569//4569 4572//4572 4499//4499
f 4569//4569 4571//4571 4572//4572
f 4569//4569 4574//4574 4571//4571
f 4569//4569 4570//4570 4574//4574
f 4549//4549 4575//4575 4574//4574
f 4549//4549 4550//4550 4575//4575
f 4547//4547 4574//4574 4570//4570
f 4547//4547 4549//4549 4574//4574
f 4576//4576 4578//4578 4577//4577
f 4576//4576 4579//4579 4578//4578
f 4574//4574 4577//4577 4573//4573
f 4574//4574 4576//4576 4577//4577
f 4574//4574 4579//4579 4576//4576
f 4574//4574 4575//4575 4579//4579
f 4499//4499 4504//4504 4498//4498
f 4499//4499 4572//4572 4504//4504
f 4580//4580 4582//4582 4581//4581
f 4580//4580 4577//4577 4582//4582
f 4572//4572 4581//4581 4504//4504
f 4572//4572 4580//4580 4581//4581
f 4572//4572 4577//4577 4580//4580
f 4572//4572 4573//4573 4577//4577
f 4581//4581 4584//4584 4583//4583
f 4581//4581 4582//4582 4584//4584
f 4504//4504 4583//4583 4503//4503
f 4504//4504 4581//4581 4583//4583
f 4563//4563 4585//4585 4579//4579
f 4563//4563 4564//4564 4585//4585
f 4550//4550 4579//4579 4575//4575
f 4550//4550 4563//4563 4579//4579
f 4559//4559 4586//4586 4566//4566
f 4559//4559 4587//4587 4586//4586
f 3976//3976 4589//4589 4588//4588
f 3976//3976 3986//3986 4589//4589
f 4557//4557 4589//4589 4560//4560
f 4557//4557 4588//4588 4589//4589
f 3978//3978 4588//4588 4557//4557
f 3978//3978 3976//3976 4588//4588
f 4590//4590 4592//4592 4591//4591
f 4590//4590 4593//4593 4592//4592
f 4577//4577 4591//4591 4582//4582
f 4577//4577 4590//4590 4591//4591
f 4577//4577 4593//4593 4590//4590
f 4577//4577 4578//4578 4593//4593
f 4582//4582 4594//4594 4584//4584
f 4582//4582 4591//4591 4594//4594
f 4595//4595 4597//4597 4596//4596
f 4595//4595 4598//4598 4597//4597
f 4591//4591 4596//4596 4594//4594
f 4591//4591 4595//4595 4596//4596
f 4591//4591 4598//4598 4595//4595
f 4591//4591 4592//4592 4598//4598
f 4599//4599 4600//4600 4593//4593
f 4599//4599 4601//4601 4600//4600
f 4579//4579 4593//4593 4578//4578
f 4579//4579 4599//4599 4593//4593
f 4579//4579 4601//4601 4599//4599
f 4579//4579 4585//4585 4601//4601
f 4602//4602 4603//4603 4601//4601
f 4602//4602 4604//4604 4603//4603
f 4564//4564 4601//4601 4585//4585
f 4564//4564 4602//4602 4601//4601
f 4564//4564 4604//4604 4602//4602
f 4564//4564 4567//4567 4604//4604
f 4605//4605 4607//4607 4606//4606
f 4605//4605 4608//4608 4607//4607
f 4601//4601 4606//4606 4600//4600
f 4601//4601 4605//4605 4606//4606
f 4601//4601 4608//4608 4605//4605
f 4601//4601 4603//4603 4608//4608
f 4609//4609 4610//4610 4598//4598
f 4609//4609 4606//4606 4610//4610
f 4593//4593 4598//4598 4592//4592
f 4593//4593 4609//4609 4598//4598
f 4593//4593 4606//4606 4609//4609
f 4593//4593 4600//4600 4606//4606
f 4611//4611 4613//4613 4612//4612
f 4611//4611 4614//4614 4613//4613
f 4598//4598 4612//4612 4597//4597
f 4598//4598 4611//4611 4612//4612
f 4598//4598 4614//4614 4611//4611
f 4598//4598 4610//4610 4614//4614
f 4615//4615 4616//4616 4614//4614
f 4615//4615 4617//4617 4616//4616
f 4606//4606 4614//4614 4610//4610
f 4606//4606 4615//4615 4614//4614
f 4606//4606 4617//4617 4615//4615
f 4606//4606 4607//4607 4617//4617
f 4618//4618 4620//4620 4619//4619
f 4618//4618 4621//4621 4620//4620
f 4614//4614 4619//4619 4613//4613
f 4614//4614 4618//4618 4619//4619
f 4614//4614 4621//4621 4618//4618
f 4614//4614 4616//4616 4621//4621
f 3986//3986 4622//4622 4589//4589
f 3986//3986 4001//4001 4622//4622
f 4589//4589 4624//4624 4623//4623
f 4589//4589 4622//4622 4624//4624
f 4559//4559 4624//4624 4587//4587
f 4559//4559 4623//4623 4624//4624
f 4560//4560 4623//4623 4559//4559
f 4560//4560 4589//4589 4623//4623
f 4622//4622 4625//4625 4624//4624
f 4622//4622 4626//4626 4625//4625
f 3999//3999 4628//4628 4627//4627
f 3999//3999 4002//4002 4628//4628
f 4622//4622 4628//4628 4626//4626
f 4622//4622 4627//4627 4628//4628
f 4001//4001 4627//4627 4622//4622
f 4001//4001 3999//3999 4627//4627
f 4629//4629 4630//4630 4604//4604
f 4629//4629 4631//4631 4630//4630
f 4566//4566 4604//4604 4567//4567
f 4566//4566 4629//4629 4604//4604
f 4566//4566 4631//4631 4629//4629
f 4566//4566 4586//4586 4631//4631
f 4624//4624 4632//4632 4631//4631
f 4624//4624 4625//4625 4632//4632
f 4587//4587 4631//4631 4586//4586
f 4587//4587 4624//4624 4631//4631
f 4631//4631 4633//4633 4630//4630
f 4631//4631 4632//4632 4633//4633
f 4626//4626 4634//4634 4625//4625
f 4626//4626 4635//4635 4634//4634
f 4635//4635 4636//4636 4634//4634
f 4635//4635 4637//4637 4636//4636
f 4002//4002 4638//4638 4628//4628
f 4002//4002 4021//4021 4638//4638
f 4626//4626 4638//4638 4635//4635
f 4626//4626 4628//4628 4638//4638
f 4021//4021 4639//4639 4638//4638
f 4021//4021 4024//4024 4639//4639
f 4635//4635 4639//4639 4637//4637
f 4635//4635 4638//4638 4639//4639
f 4625//4625 4640//4640 4632//4632
f 4625//4625 4634//4634 4640//4640
f 4632//4632 4641//4641 4633//4633
f 4632//4632 4640//4640 4641//4641
f 4634//4634 4642//4642 4640//4640
f 4634//4634 4636//4636 4642//4642
f 4640//4640 4643//4643 4641//4641
f 4640//4640 4642//4642 4643//4643
f 4604//4604 4644//4644 4603//4603
f 4604//4604 4630//4630 4644//4644
f 4630//4630 4645//4645 4644//4644
f 4630//4630 4633//4633 4645//4645
f 4608//4608 4646//4646 4607//4607
f 4608//4608 4647//4647 4646//4646
f 4603//4603 4647//4647 4608//4608
f 4603//4603 4644//4644 4647//4647
f 4647//4647 4648//4648 4646//4646
f 4647//4647 4649//4649 4648//4648
f 4644//4644 4649//4649 4647//4647
f 4644//4644 4645//4645 4649//4649
f 4650//4650 4651//4651 4649//4649
f 4650//4650 4652//4652 4651//4651
f 4633//4633 4649//4649 4645//4645
f 4633//4633 4650//4650 4649//4649
f 4633//4633 4652//4652 4650//4650
f 4633//4633 4641//4641 4652//4652
f 4649//4649 4653//4653 4648//4648
f 4649//4649 4651//4651 4653//4653
f 4652//4652 4654//4654 4651//4651
f 4652//4652 4655//4655 4654//4654
f 4641//4641 4655//4655 4652//4652
f 4641//4641 4643//4643 4655//4655
f 4617//4617 4656//4656 4616//4616
f 4617//4617 4657//4657 4656//4656
f 4607//4607 4657//4657 4617//4617
f 4607//4607 4646//4646 4657//4657
f 4646//4646 4658//4658 4657//4657
f 4646//4646 4648//4648 4658//4658
f 4616//4616 4659//4659 4621//4621
f 4616//4616 4656//4656 4659//4659
f 4660//4660 4661//4661 4659//4659
f 4660//4660 4662//4662 4661//4661
f 4657//4657 4659//4659 4656//4656
f 4657//4657 4660//4660 4659//4659
f 4657//4657 4662//4662 4660//4660
f 4657//4657 4658//4658 4662//4662
f 4663//4663 4665//4665 4664//4664
f 4663//4663 4666//4666 4665//4665
f 4651//4651 4664//4664 4653//4653
f 4651//4651 4663//4663 4664//4664
f 4651//4651 4666//4666 4663//4663
f 4651//4651 4654//4654 4666//4666
f 4648//4648 4664//4664 4658//4658
f 4648//4648 4653//4653 4664//4664
f 4662//4662 4667//4667 4661//4661
f 4662//4662 4668//4668 4667//4667
f 4658//4658 4668//4668 4662//4662
f 4658//4658 4664//4664 4668//4668
f 4668//4668 4669//4669 4667//4667
f 4668//4668 4670//4670 4669//4669
f 4664//4664 4670//4670 4668//4668
f 4664//4664 4665//4665 4670//4670
f 4583//4583 4672//4672 4671//4671
f 4583//4583 4584//4584 4672//4672
f 4503//4503 4671//4671 4518//4518
f 4503//4503 4583//4583 4671//4671
f 4671//4671 4674//4674 4673//4673
f 4671//4671 4672//4672 4674//4674
f 4518//4518 4673//4673 4520//4520
f 4518//4518 4671//4671 4673//4673
f 4520//4520 4675//4675 4522//4522
f 4520//4520 4673//4673 4675//4675
f 4522//4522 4676//4676 4524//4524
f 4522//4522 4675//4675 4676//4676
f 4489//4489 4678//4678 4677//4677
f 4489//4489 4679//4679 4678//4678
f 4417//4417 4679//4679 4489//4489
f 4417//4417 4534//4534 4679//4679
f 4531//4531 4681//4681 4680//4680
f 4531//4531 4682//4682 4681//4681
f 4532//4532 4680//4680 4534//4534
f 4532//4532 4531//4531 4680//4680
f 4680//4680 4684//4684 4683//4683
f 4680//4680 4681//4681 4684//4684
f 4679//4679 4684//4684 4678//4678
f 4679//4679 4683//4683 4684//4684
f 4534//4534 4683//4683 4679//4679
f 4534//4534 4680//4680 4683//4683
f 4525//4525 4685//4685 4529//4529
f 4525//4525 4524//4524 4685//4685
f 4685//4685 4687//4687 4686//4686
f 4685//4685 4688//4688 4687//4687
f 4531//4531 4687//4687 4682//4682
f 4531//4531 4686//4686 4687//4687
f 4529//4529 4686//4686 4531//4531
f 4529//4529 4685//4685 4686//4686
f 4685//4685 4689//4689 4688//4688
f 4685//4685 4690//4690 4689//4689
f 4524//4524 4690//4690 4685//4685
f 4524//4524 4676//4676 4690//4690
f 4688//4688 4691//4691 4687//4687
f 4688//4688 4689//4689 4691//4691
f 4682//4682 4692//4692 4681//4681
f 4682//4682 4687//4687 4692//4692
f 4692//4692 4694//4694 4693//4693
f 4692//4692 4695//4695 4694//4694
f 4684//4684 4694//4694 4696//4696
f 4684//4684 4693//4693 4694//4694
f 4681//4681 4693//4693 4684//4684
f 4681//4681 4692//4692 4693//4693
f 4691//4691 4698//4698 4697//4697
f 4691//4691 4699//4699 4698//4698
f 4692//4692 4698//4698 4695//4695
f 4692//4692 4697//4697 4698//4698
f 4687//4687 4697//4697 4692//4692
f 4687//4687 4691//4691 4697//4697
f 4698//4698 4701//4701 4700//4700
f 4698//4698 4702//4702 4701//4701
f 4694//4694 4701//4701 4703//4703
f 4694//4694 4700//4700 4701//4701
f 4695//4695 4700//4700 4694//4694
f 4695//4695 4698//4698 4700//4700
f 4584//4584 4704//4704 4672//4672
f 4584//4584 4594//4594 4704//4704
f 4672//4672 4705//4705 4674//4674
f 4672//4672 4704//4704 4705//4705
f 4596//4596 4707//4707 4706//4706
f 4596//4596 4597//4597 4707//4707
f 4594//4594 4706//4706 4704//4704
f 4594//4594 4596//4596 4706//4706
f 4704//4704 4708//4708 4705//4705
f 4704//4704 4706//4706 4708//4708
f 4673//4673 4709//4709 4675//4675
f 4673//4673 4710//4710 4709//4709
f 4673//4673 4705//4705 4710//4710
f 4673//4673 4674//4674 4705//4705
f 4675//4675 4711//4711 4676//4676
f 4675//4675 4709//4709 4711//4711
f 4712//4712 4714//4714 4713//4713
f 4712//4712 4708//4708 4714//4714
f 4710//4710 4713//4713 4709//4709
f 4710//4710 4712//4712 4713//4713
f 4710//4710 4708//4708 4712//4712
f 4710//4710 4705//4705 4708//4708
f 4713//4713 4716//4716 4715//4715
f 4713//4713 4714//4714 4716//4716
f 4711//4711 4716//4716 4717//4717
f 4711//4711 4715//4715 4716//4716
f 4709//4709 4715//4715 4711//4711
f 4709//4709 4713//4713 4715//4715
f 4718//4718 4720//4720 4719//4719
f 4718//4718 4721//4721 4720//4720
f 4706//4706 4719//4719 4708//4708
f 4706//4706 4718//4718 4719//4719
f 4706//4706 4721//4721 4718//4718
f 4706//4706 4707//4707 4721//4721
f 4708//4708 4722//4722 4714//4714
f 4708//4708 4719//4719 4722//4722
f 4714//4714 4723//4723 4716//4716
f 4714//4714 4722//4722 4723//4723
f 4724//4724 4726//4726 4725//4725
f 4724//4724 4727//4727 4726//4726
f 4719//4719 4725//4725 4722//4722
f 4719//4719 4724//4724 4725//4725
f 4719//4719 4727//4727 4724//4724
f 4719//4719 4720//4720 4727//4727
f 4725//4725 4729//4729 4728//4728
f 4725//4725 4726//4726 4729//4729
f 4723//4723 4729//4729 4730//4730
f 4723//4723 4728//4728 4729//4729
f 4722//4722 4728//4728 4723//4723
f 4722//4722 4725//4725 4728//4728
f 4597//4597 4721//4721 4707//4707
f 4597//4597 4612//4612 4721//4721
f 4731//4731 4733//4733 4732//4732
f 4731//4731 4619//4619 4733//4733
f 4612//4612 4732//4732 4721//4721
f 4612//4612 4731//4731 4732//4732
f 4612//4612 4619//4619 4731//4731
f 4612//4612 4613//4613 4619//4619
f 4721//4721 4727//4727 4720//4720
f 4721//4721 4732//4732 4727//4727
f 4711//4711 4735//4735 4734//4734
f 4711//4711 4717//4717 4735//4735
f 4690//4690 4735//4735 4689//4689
f 4690//4690 4734//4734 4735//4735
f 4676//4676 4734//4734 4690//4690
f 4676//4676 4711//4711 4734//4734
f 4735//4735 4737//4737 4736//4736
f 4735//4735 4738//4738 4737//4737
f 4691//4691 4737//4737 4699//4699
f 4691//4691 4736//4736 4737//4737
f 4689//4689 4736//4736 4691//4691
f 4689//4689 4735//4735 4736//4736
f 4735//4735 4739//4739 4738//4738
f 4735//4735 4740//4740 4739//4739
f 4717//4717 4740//4740 4735//4735
f 4717//4717 4716//4716 4740//4740
f 4739//4739 4742//4742 4741//4741
f 4739//4739 4743//4743 4742//4742
f 4737//4737 4742//4742 4744//4744
f 4737//4737 4741//4741 4742//4742
f 4738//4738 4741//4741 4737//4737
f 4738//4738 4739//4739 4741//4741
f 4744//4744 4746//4746 4745//4745
f 4744//4744 4742//4742 4746//4746
f 4737//4737 4748//4748 4747//4747
f 4737//4737 4744//4744 4748//4748
f 4698//4698 4748//4748 4702//4702
f 4698//4698 4747//4747 4748//4748
f 4699//4699 4747//4747 4698//4698
f 4699//4699 4737//4737 4747//4747
f 4744//4744 4749//4749 4748//4748
f 4744//4744 4745//4745 4749//4749
f 4748//4748 4751//4751 4750//4750
f 4748//4748 4749//4749 4751//4751
f 4701//4701 4751//4751 4752//4752
f 4701//4701 4750//4750 4751//4751
f 4702//4702 4750//4750 4701//4701
f 4702//4702 4748//4748 4750//4750
f 4723//4723 4754//4754 4753//4753
f 4723//4723 4730//4730 4754//4754
f 4740//4740 4754//4754 4739//4739
f 4740//4740 4753//4753 4754//4754
f 4716//4716 4753//4753 4740//4740
f 4716//4716 4723//4723 4753//4753
f 4739//4739 4755//4755 4743//4743
f 4739//4739 4754//4754 4755//4755
f 4742//4742 4756//4756 4746//4746
f 4742//4742 4757//4757 4756//4756
f 4743//4743 4757//4757 4742//4742
f 4743//4743 4755//4755 4757//4757
f 4754//4754 4758//4758 4755//4755
f 4754//4754 4759//4759 4758//4758
f 4730//4730 4759//4759 4754//4754
f 4730//4730 4729//4729 4759//4759
f 4757//4757 4760//4760 4756//4756
f 4757//4757 4761//4761 4760//4760
f 4755//4755 4761//4761 4757//4757
f 4755//4755 4758//4758 4761//4761
f 4749//4749 4762//4762 4751//4751
f 4749//4749 4763//4763 4762//4762
f 4752//4752 4762//4762 4764//4764
f 4752//4752 4751//4751 4762//4762
f 4763//4763 4765//4765 4762//4762
f 4763//4763 4766//4766 4765//4765
f 4746//4746 4768//4768 4767//4767
f 4746//4746 4769//4769 4768//4768
f 4749//4749 4768//4768 4763//4763
f 4749//4749 4767//4767 4768//4768
f 4745//4745 4767//4767 4749//4749
f 4745//4745 4746//4746 4767//4767
f 4763//4763 4770//4770 4766//4766
f 4763//4763 4768//4768 4770//4770
f 4770//4770 4772//4772 4771//4771
f 4770//4770 4773//4773 4772//4772
f 4765//4765 4772//4772 4774//4774
f 4765//4765 4771//4771 4772//4772
f 4766//4766 4771//4771 4765//4765
f 4766//4766 4770//4770 4771//4771
f 4773//4773 4775//4775 4772//4772
f 4773//4773 4776//4776 4775//4775
f 4774//4774 4775//4775 4777//4777
f 4774//4774 4772//4772 4775//4775
f 4746//4746 4778//4778 4769//4769
f 4746//4746 4756//4756 4778//4778
f 4756//4756 4779//4779 4778//4778
f 4756//4756 4760//4760 4779//4779
f 4768//4768 4780//4780 4770//4770
f 4768//4768 4781//4781 4780//4780
f 4769//4769 4781//4781 4768//4768
f 4769//4769 4778//4778 4781//4781
f 4781//4781 4782//4782 4780//4780
f 4781//4781 4783//4783 4782//4782
f 4778//4778 4783//4783 4781//4781
f 4778//4778 4779//4779 4783//4783
f 4770//4770 4784//4784 4773//4773
f 4770//4770 4780//4780 4784//4784
f 4773//4773 4785//4785 4776//4776
f 4773//4773 4784//4784 4785//4785
f 4780//4780 4786//4786 4784//4784
f 4780//4780 4782//4782 4786//4786
f 4784//4784 4787//4787 4785//4785
f 4784//4784 4786//4786 4787//4787
f 4788//4788 4789//4789 1582//1582
f 4788//4788 4790//4790 4789//4789
f 1556//1556 1582//1582 1555//1555
f 1556//1556 4788//4788 1582//1582
f 1556//1556 4790//4790 4788//4788
f 1556//1556 4488//4488 4790//4790
f 4791//4791 4792//4792 1588//1588
f 4791//4791 4793//4793 4792//4792
f 1582//1582 1588//1588 1581//1581
f 1582//1582 4791//4791 1588//1588
f 1582//1582 4793//4793 4791//4791
f 1582//1582 4789//4789 4793//4793
f 4790//4790 4794//4794 4789//4789
f 4790//4790 4795//4795 4794//4794
f 4488//4488 4795//4795 4790//4790
f 4488//4488 4371//4371 4795//4795
f 4793//4793 4796//4796 4792//4792
f 4793//4793 4797//4797 4796//4796
f 4789//4789 4797//4797 4793//4793
f 4789//4789 4794//4794 4797//4797
f 4798//4798 4799//4799 1592//1592
f 4798//4798 4800//4800 4799//4799
f 1588//1588 1592//1592 1587//1587
f 1588//1588 4798//4798 1592//1592
f 1588//1588 4800//4800 4798//4798
f 1588//1588 4792//4792 4800//4800
f 1592//1592 4801//4801 1591//1591
f 1592//1592 4799//4799 4801//4801
f 4800//4800 4802//4802 4799//4799
f 4800//4800 4803//4803 4802//4802
f 4792//4792 4803//4803 4800//4800
f 4792//4792 4796//4796 4803//4803
f 4804//4804 4806//4806 4805//4805
f 4804//4804 4807//4807 4806//4806
f 4799//4799 4805//4805 4801//4801
f 4799//4799 4804//4804 4805//4805
f 4799//4799 4807//4807 4804//4804
f 4799//4799 4802//4802 4807//4807
f 4795//4795 4808//4808 4794//4794
f 4795//4795 4809//4809 4808//4808
f 4371//4371 4809//4809 4795//4795
f 4371//4371 4372//4372 4809//4809
f 4794//4794 4810//4810 4797//4797
f 4794//4794 4808//4808 4810//4810
f 4372//4372 4811//4811 4809//4809
f 4372//4372 4375//4375 4811//4811
f 4812//4812 4813//4813 4810//4810
f 4812//4812 4814//4814 4813//4813
f 4809//4809 4810//4810 4808//4808
f 4809//4809 4812//4812 4810//4810
f 4809//4809 4814//4814 4812//4812
f 4809//4809 4811//4811 4814//4814
f 4815//4815 4816//4816 4803//4803
f 4815//4815 4817//4817 4816//4816
f 4797//4797 4803//4803 4796//4796
f 4797//4797 4815//4815 4803//4803
f 4797//4797 4817//4817 4815//4815
f 4797//4797 4810//4810 4817//4817
f 4817//4817 4818//4818 4816//4816
f 4817//4817 4819//4819 4818//4818
f 4810//4810 4819//4819 4817//4817
f 4810//4810 4813//4813 4819//4819
f 4803//4803 4820//4820 4802//4802
f 4803//4803 4816//4816 4820//4820
f 4807//4807 4821//4821 4806//4806
f 4807//4807 4822//4822 4821//4821
f 4802//4802 4822//4822 4807//4807
f 4802//4802 4820//4820 4822//4822
f 4818//4818 4824//4824 4823//4823
f 4818//4818 4825//4825 4824//4824
f 4826//4826 4824//4824 4822//4822
f 4826//4826 4823//4823 4824//4824
f 4816//4816 4822//4822 4820//4820
f 4816//4816 4826//4826 4822//4822
f 4816//4816 4823//4823 4826//4826
f 4816//4816 4818//4818 4823//4823
f 4822//4822 4827//4827 4821//4821
f 4822//4822 4824//4824 4827//4827
f 4828//4828 4829//4829 1616//1616
f 4828//4828 4805//4805 4829//4829
f 1591//1591 1616//1616 1612//1612
f 1591//1591 4828//4828 1616//1616
f 1591//1591 4805//4805 4828//4828
f 1591//1591 4801//4801 4805//4805
f 1616//1616 4830//4830 1615//1615
f 1616//1616 4829//4829 4830//4830
f 4805//4805 4831//4831 4829//4829
f 4805//4805 4806//4806 4831//4831
f 1615//1615 4832//4832 1622//1622
f 1615//1615 4830//4830 4832//4832
f 4806//4806 4833//4833 4831//4831
f 4806//4806 4821//4821 4833//4833
f 4834//4834 4836//4836 4835//4835
f 4834//4834 4837//4837 4836//4836
f 4829//4829 4835//4835 4830//4830
f 4829//4829 4834//4834 4835//4835
f 4829//4829 4837//4837 4834//4834
f 4829//4829 4831//4831 4837//4837
f 4838//4838 4840//4840 4839//4839
f 4838//4838 4841//4841 4840//4840
f 1622//1622 4839//4839 1623//1623
f 1622//1622 4838//4838 4839//4839
f 1622//1622 4841//4841 4838//4838
f 1622//1622 4832//4832 4841//4841
f 4835//4835 4842//4842 4841//4841
f 4835//4835 4836//4836 4842//4842
f 4830//4830 4841//4841 4832//4832
f 4830//4830 4835//4835 4841//4841
f 4841//4841 4843//4843 4840//4840
f 4841//4841 4842//4842 4843//4843
f 4837//4837 4844//4844 4836//4836
f 4837//4837 4845//4845 4844//4844
f 4831//4831 4845//4845 4837//4837
f 4831//4831 4833//4833 4845//4845
f 4846//4846 4847//4847 4845//4845
f 4846//4846 4848//4848 4847//4847
f 4821//4821 4845//4845 4833//4833
f 4821//4821 4846//4846 4845//4845
f 4821//4821 4848//4848 4846//4846
f 4821//4821 4827//4827 4848//4848
f 4845//4845 4849//4849 4844//4844
f 4845//4845 4847//4847 4849//4849
f 4836//4836 4850//4850 4842//4842
f 4836//4836 4844//4844 4850//4850
f 4842//4842 4851//4851 4843//4843
f 4842//4842 4850//4850 4851//4851
f 4844//4844 4852//4852 4850//4850
f 4844//4844 4849//4849 4852//4852
f 4850//4850 4853//4853 4851//4851
f 4850//4850 4852//4852 4853//4853
f 4375//4375 4854//4854 4811//4811
f 4375//4375 4404//4404 4854//4854
f 4814//4814 4855//4855 4813//4813
f 4814//4814 4856//4856 4855//4855
f 4811//4811 4856//4856 4814//4814
f 4811//4811 4854//4854 4856//4856
f 4404//4404 4857//4857 4854//4854
f 4404//4404 4407//4407 4857//4857
f 4857//4857 4859//4859 4858//4858
f 4857//4857 4860//4860 4859//4859
f 4856//4856 4859//4859 4855//4855
f 4856//4856 4858//4858 4859//4859
f 4854//4854 4858//4858 4856//4856
f 4854//4854 4857//4857 4858//4858
f 4819//4819 4861//4861 4818//4818
f 4819//4819 4862//4862 4861//4861
f 4813//4813 4862//4862 4819//4819
f 4813//4813 4855//4855 4862//4862
f 4859//4859 4864//4864 4863//4863
f 4859//4859 4865//4865 4864//4864
f 4862//4862 4864//4864 4861//4861
f 4862//4862 4863//4863 4864//4864
f 4855//4855 4863//4863 4862//4862
f 4855//4855 4859//4859 4863//4863
f 4818//4818 4866//4866 4825//4825
f 4818//4818 4861//4861 4866//4866
f 4824//4824 4867//4867 4827//4827
f 4824//4824 4868//4868 4867//4867
f 4825//4825 4868//4868 4824//4824
f 4825//4825 4866//4866 4868//4868
f 4861//4861 4869//4869 4866//4866
f 4861//4861 4864//4864 4869//4869
f 4868//4868 4870//4870 4867//4867
f 4868//4868 4871//4871 4870//4870
f 4866//4866 4871//4871 4868//4868
f 4866//4866 4869//4869 4871//4871
f 4857//4857 4872//4872 4860//4860
f 4857//4857 4873//4873 4872//4872
f 4407//4407 4873//4873 4857//4857
f 4407//4407 4415//4415 4873//4873
f 4859//4859 4874//4874 4865//4865
f 4859//4859 4875//4875 4874//4874
f 4860//4860 4875//4875 4859//4859
f 4860//4860 4872//4872 4875//4875
f 4489//4489 4877//4877 4876//4876
f 4489//4489 4677//4677 4877//4877
f 4873//4873 4877//4877 4872//4872
f 4873//4873 4876//4876 4877//4877
f 4415//4415 4876//4876 4873//4873
f 4415//4415 4489//4489 4876//4876
f 4875//4875 4878//4878 4874//4874
f 4875//4875 4879//4879 4878//4878
f 4872//4872 4879//4879 4875//4875
f 4872//4872 4877//4877 4879//4879
f 4864//4864 4880//4880 4869//4869
f 4864//4864 4881//4881 4880//4880
f 4865//4865 4881//4881 4864//4864
f 4865//4865 4874//4874 4881//4881
f 4871//4871 4882//4882 4870//4870
f 4871//4871 4883//4883 4882//4882
f 4869//4869 4883//4883 4871//4871
f 4869//4869 4880//4880 4883//4883
f 4878//4878 4885//4885 4884//4884
f 4878//4878 4886//4886 4885//4885
f 4881//4881 4885//4885 4880//4880
f 4881//4881 4884//4884 4885//4885
f 4874//4874 4884//4884 4881//4881
f 4874//4874 4878//4878 4884//4884
f 4885//4885 4888//4888 4887//4887
f 4885//4885 4889//4889 4888//4888
f 4883//4883 4888//4888 4882//4882
f 4883//4883 4887//4887 4888//4888
f 4880//4880 4887//4887 4883//4883
f 4880//4880 4885//4885 4887//4887
f 4848//4848 4890//4890 4847//4847
f 4848//4848 4891//4891 4890//4890
f 4827//4827 4891//4891 4848//4848
f 4827//4827 4867//4867 4891//4891
f 4847//4847 4892//4892 4849//4849
f 4847//4847 4890//4890 4892//4892
f 4891//4891 4893//4893 4890//4890
f 4891//4891 4894//4894 4893//4893
f 4867//4867 4894//4894 4891//4891
f 4867//4867 4870//4870 4894//4894
f 4890//4890 4895//4895 4892//4892
f 4890//4890 4893//4893 4895//4895
f 4896//4896 4898//4898 4897//4897
f 4896//4896 4899//4899 4898//4898
f 4849//4849 4897//4897 4852//4852
f 4849//4849 4896//4896 4897//4897
f 4849//4849 4899//4899 4896//4896
f 4849//4849 4892//4892 4899//4899
f 4897//4897 4901//4901 4900//4900
f 4897//4897 4898//4898 4901//4901
f 4852//4852 4900//4900 4853//4853
f 4852//4852 4897//4897 4900//4900
f 4899//4899 4902//4902 4898//4898
f 4899//4899 4903//4903 4902//4902
f 4892//4892 4903//4903 4899//4899
f 4892//4892 4895//4895 4903//4903
f 4898//4898 4904//4904 4901//4901
f 4898//4898 4902//4902 4904//4904
f 4894//4894 4905//4905 4893//4893
f 4894//4894 4906//4906 4905//4905
f 4870//4870 4906//4906 4894//4894
f 4870//4870 4882//4882 4906//4906
f 4893//4893 4907//4907 4895//4895
f 4893//4893 4905//4905 4907//4907
f 4888//4888 4909//4909 4908//4908
f 4888//4888 4910//4910 4909//4909
f 4906//4906 4909//4909 4905//4905
f 4906//4906 4908//4908 4909//4909
f 4882//4882 4908//4908 4906//4906
f 4882//4882 4888//4888 4908//4908
f 4905//4905 4911//4911 4907//4907
f 4905//4905 4909//4909 4911//4911
f 4903//4903 4912//4912 4902//4902
f 4903//4903 4913//4913 4912//4912
f 4895//4895 4913//4913 4903//4903
f 4895//4895 4907//4907 4913//4913
f 4902//4902 4914//4914 4904//4904
f 4902//4902 4912//4912 4914//4914
f 4911//4911 4916//4916 4915//4915
f 4911//4911 4917//4917 4916//4916
f 4913//4913 4916//4916 4912//4912
f 4913//4913 4915//4915 4916//4916
f 4907//4907 4915//4915 4913//4913
f 4907//4907 4911//4911 4915//4915
f 4912//4912 4918//4918 4914//4914
f 4912//4912 4916//4916 4918//4918
f 4677//4677 4919//4919 4877//4877
f 4677//4677 4678//4678 4919//4919
f 4919//4919 4921//4921 4920//4920
f 4919//4919 4922//4922 4921//4921
f 4879//4879 4921//4921 4878//4878
f 4879//4879 4920//4920 4921//4921
f 4877//4877 4920//4920 4879//4879
f 4877//4877 4919//4919 4920//4920
f 4684//4684 4924//4924 4923//4923
f 4684//4684 4696//4696 4924//4924
f 4919//4919 4924//4924 4922//4922
f 4919//4919 4923//4923 4924//4924
f 4678//4678 4923//4923 4919//4919
f 4678//4678 4684//4684 4923//4923
f 4878//4878 4925//4925 4886//4886
f 4878//4878 4921//4921 4925//4925
f 4924//4924 4927//4927 4926//4926
f 4924//4924 4928//4928 4927//4927
f 4921//4921 4927//4927 4925//4925
f 4921//4921 4926//4926 4927//4927
f 4922//4922 4926//4926 4921//4921
f 4922//4922 4924//4924 4926//4926
f 4885//4885 4929//4929 4889//4889
f 4885//4885 4930//4930 4929//4929
f 4886//4886 4930//4930 4885//4885
f 4886//4886 4925//4925 4930//4930
f 4927//4927 4932//4932 4931//4931
f 4927//4927 4933//4933 4932//4932
f 4930//4930 4932//4932 4929//4929
f 4930//4930 4931//4931 4932//4932
f 4925//4925 4931//4931 4930//4930
f 4925//4925 4927//4927 4931//4931
f 4694//4694 4935//4935 4934//4934
f 4694//4694 4703//4703 4935//4935
f 4924//4924 4935//4935 4928//4928
f 4924//4924 4934//4934 4935//4935
f 4696//4696 4934//4934 4924//4924
f 4696//4696 4694//4694 4934//4934
f 4935//4935 4937//4937 4936//4936
f 4935//4935 4938//4938 4937//4937
f 4927//4927 4937//4937 4933//4933
f 4927//4927 4936//4936 4937//4937
f 4928//4928 4936//4936 4927//4927
f 4928//4928 4935//4935 4936//4936
f 4701//4701 4940//4940 4939//4939
f 4701//4701 4752//4752 4940//4940
f 4935//4935 4940//4940 4938//4938
f 4935//4935 4939//4939 4940//4940
f 4703//4703 4939//4939 4935//4935
f 4703//4703 4701//4701 4939//4939
f 4929//4929 4942//4942 4941//4941
f 4929//4929 4943//4943 4942//4942
f 4888//4888 4942//4942 4910//4910
f 4888//4888 4941//4941 4942//4942
f 4889//4889 4941//4941 4888//4888
f 4889//4889 4929//4929 4941//4941
f 4929//4929 4944//4944 4943//4943
f 4929//4929 4932//4932 4944//4944
f 4944//4944 4946//4946 4945//4945
f 4944//4944 4947//4947 4946//4946
f 4943//4943 4945//4945 4942//4942
f 4943//4943 4944//4944 4945//4945
f 4947//4947 4948//4948 4946//4946
f 4947//4947 4949//4949 4948//4948
f 4752//4752 4950//4950 4940//4940
f 4752//4752 4764//4764 4950//4950
f 4940//4940 4952//4952 4951//4951
f 4940//4940 4950//4950 4952//4952
f 4937//4937 4952//4952 4953//4953
f 4937//4937 4951//4951 4952//4952
f 4938//4938 4951//4951 4937//4937
f 4938//4938 4940//4940 4951//4951
f 4950//4950 4954//4954 4952//4952
f 4950//4950 4955//4955 4954//4954
f 4953//4953 4954//4954 4956//4956
f 4953//4953 4952//4952 4954//4954
f 4937//4937 4958//4958 4957//4957
f 4937//4937 4953//4953 4958//4958
f 4932//4932 4958//4958 4944//4944
f 4932//4932 4957//4957 4958//4958
f 4933//4933 4957//4957 4932//4932
f 4933//4933 4937//4937 4957//4957
f 4953//4953 4959//4959 4958//4958
f 4953//4953 4956//4956 4959//4959
f 4944//4944 4959//4959 4947//4947
f 4944//4944 4958//4958 4959//4959
f 4955//4955 4960//4960 4954//4954
f 4955//4955 4961//4961 4960//4960
f 4956//4956 4960//4960 4962//4962
f 4956//4956 4954//4954 4960//4960
f 4961//4961 4963//4963 4960//4960
f 4961//4961 4964//4964 4963//4963
f 4962//4962 4963//4963 4965//4965
f 4962//4962 4960//4960 4963//4963
f 4956//4956 4966//4966 4959//4959
f 4956//4956 4962//4962 4966//4966
f 4947//4947 4966//4966 4949//4949
f 4947//4947 4959//4959 4966//4966
f 4962//4962 4967//4967 4966//4966
f 4962//4962 4965//4965 4967//4967
f 4966//4966 4969//4969 4968//4968
f 4966//4966 4967//4967 4969//4969
f 4948//4948 4969//4969 4970//4970
f 4948//4948 4968//4968 4969//4969
f 4949//4949 4968//4968 4948//4948
f 4949//4949 4966//4966 4968//4968
f 4909//4909 4971//4971 4911//4911
f 4909//4909 4972//4972 4971//4971
f 4910//4910 4972//4972 4909//4909
f 4910//4910 4942//4942 4972//4972
f 4945//4945 4974//4974 4973//4973
f 4945//4945 4946//4946 4974//4974
f 4972//4972 4974//4974 4971//4971
f 4972//4972 4973//4973 4974//4974
f 4942//4942 4973//4973 4972//4972
f 4942//4942 4945//4945 4973//4973
f 4911//4911 4975//4975 4917//4917
f 4911//4911 4971//4971 4975//4975
f 4975//4975 4977//4977 4976//4976
f 4975//4975 4978//4978 4977//4977
f 4916//4916 4977//4977 4918//4918
f 4916//4916 4976//4976 4977//4977
f 4917//4917 4976//4976 4916//4916
f 4917//4917 4975//4975 4976//4976
f 4946//4946 4979//4979 4974//4974
f 4946//4946 4948//4948 4979//4979
f 4971//4971 4979//4979 4975//4975
f 4971//4971 4974//4974 4979//4979
f 4948//4948 4980//4980 4979//4979
f 4948//4948 4970//4970 4980//4980
f 4975//4975 4980//4980 4978//4978
f 4975//4975 4979//4979 4980//4980
f 4762//4762 4982//4982 4981//4981
f 4762//4762 4765//4765 4982//4982
f 4950//4950 4982//4982 4955//4955
f 4950//4950 4981//4981 4982//4982
f 4764//4764 4981//4981 4950//4950
f 4764//4764 4762//4762 4981//4981
f 4765//4765 4983//4983 4982//4982
f 4765//4765 4774//4774 4983//4983
f 4955//4955 4983//4983 4961//4961
f 4955//4955 4982//4982 4983//4983
f 4774//4774 4984//4984 4983//4983
f 4774//4774 4777//4777 4984//4984
f 4961//4961 4984//4984 4964//4964
f 4961//4961 4983//4983 4984//4984
f 4985//4985 4987//4987 4986//4986
f 4985//4985 4988//4988 4987//4987
f 4621//4621 4986//4986 4620//4620
f 4621//4621 4985//4985 4986//4986
f 4621//4621 4988//4988 4985//4985
f 4621//4621 4659//4659 4988//4988
f 4988//4988 4989//4989 4987//4987
f 4988//4988 4990//4990 4989//4989
f 4659//4659 4990//4990 4988//4988
f 4659//4659 4661//4661 4990//4990
f 4990//4990 4991//4991 4989//4989
f 4990//4990 4992//4992 4991//4991
f 4661//4661 4992//4992 4990//4990
f 4661//4661 4667//4667 4992//4992
f 4667//4667 4993//4993 4992//4992
f 4667//4667 4669//4669 4993//4993
f 4994//4994 4996//4996 4995//4995
f 4994//4994 4997//4997 4996//4996
f 4992//4992 4995//4995 4991//4991
f 4992//4992 4994//4994 4995//4995
f 4992//4992 4997//4997 4994//4994
f 4992//4992 4993//4993 4997//4997
f 4998//4998 5000//5000 4999//4999
f 4998//4998 5001//5001 5000//5000
f 4732//4732 4999//4999 4727//4727
f 4732//4732 4998//4998 4999//4999
f 4732//4732 5001//5001 4998//4998
f 4732//4732 4733//4733 5001//5001
f 4619//4619 5001//5001 4733//4733
f 4619//4619 5002//5002 5001//5001
f 4619//4619 4986//4986 5002//5002
f 4619//4619 4620//4620 4986//4986
f 5003//5003 5005//5005 5004//5004
f 5003//5003 5006//5006 5005//5005
f 5002//5002 5004//5004 5001//5001
f 5002//5002 5003//5003 5004//5004
f 5002//5002 5006//5006 5003//5003
f 5002//5002 4986//4986 5006//5006
f 5004//5004 5008//5008 5007//5007
f 5004//5004 5005//5005 5008//5008
f 5001//5001 5007//5007 5000//5000
f 5001//5001 5004//5004 5007//5007
f 4727//4727 5009//5009 4726//4726
f 4727//4727 4999//4999 5009//5009
f 4726//4726 5010//5010 4729//4729
f 4726//4726 5009//5009 5010//5010
f 5011//5011 5013//5013 5012//5012
f 5011//5011 5007//5007 5013//5013
f 4999//4999 5012//5012 5009//5009
f 4999//4999 5011//5011 5012//5012
f 4999//4999 5007//5007 5011//5011
f 4999//4999 5000//5000 5007//5007
f 5012//5012 5015//5015 5014//5014
f 5012//5012 5013//5013 5015//5015
f 5010//5010 5015//5015 5016//5016
f 5010//5010 5014//5014 5015//5015
f 5009//5009 5014//5014 5010//5010
f 5009//5009 5012//5012 5014//5014
f 5017//5017 5019//5019 5018//5018
f 5017//5017 5020//5020 5019//5019
f 5007//5007 5018//5018 5013//5013
f 5007//5007 5017//5017 5018//5018
f 5007//5007 5020//5020 5017//5017
f 5007//5007 5008//5008 5020//5020
f 5018//5018 5022//5022 5021//5021
f 5018//5018 5019//5019 5022//5022
f 5013//5013 5021//5021 5015//5015
f 5013//5013 5018//5018 5021//5021
f 5010//5010 5024//5024 5023//5023
f 5010//5010 5016//5016 5024//5024
f 4759//4759 5024//5024 4758//4758
f 4759//4759 5023//5023 5024//5024
f 4729//4729 5023//5023 4759//4759
f 4729//4729 5010//5010 5023//5023
f 4761//4761 5025//5025 4760//4760
f 4761//4761 5026//5026 5025//5025
f 4758//4758 5026//5026 4761//4761
f 4758//4758 5024//5024 5026//5026
f 5016//5016 5027//5027 5024//5024
f 5016//5016 5015//5015 5027//5027
f 5026//5026 5028//5028 5025//5025
f 5026//5026 5029//5029 5028//5028
f 5024//5024 5029//5029 5026//5026
f 5024//5024 5027//5027 5029//5029
f 5021//5021 5031//5031 5030//5030
f 5021//5021 5022//5022 5031//5031
f 5015//5015 5030//5030 5027//5027
f 5015//5015 5021//5021 5030//5030
f 5030//5030 5033//5033 5032//5032
f 5030//5030 5031//5031 5033//5033
f 5029//5029 5033//5033 5028//5028
f 5029//5029 5032//5032 5033//5033
f 5027//5027 5032//5032 5029//5029
f 5027//5027 5030//5030 5032//5032
f 4986//4986 5034//5034 5006//5006
f 4986//4986 4987//4987 5034//5034
f 4987//4987 5035//5035 5034//5034
f 4987//4987 4989//4989 5035//5035
f 4989//4989 4995//4995 5035//5035
f 4989//4989 4991//4991 4995//4995
f 5036//5036 5038//5038 5037//5037
f 5036//5036 5039//5039 5038//5038
f 5039//5039 5040//5040 5038//5038
f 5039//5039 5041//5041 5040//5040
f 5042//5042 5044//5044 5043//5043
f 5042//5042 5045//5045 5044//5044
f 5006//5006 5043//5043 5005//5005
f 5006//5006 5042//5042 5043//5043
f 5006//5006 5045//5045 5042//5042
f 5006//5006 5034//5034 5045//5045
f 5043//5043 5046//5046 5020//5020
f 5043//5043 5044//5044 5046//5046
f 5005//5005 5020//5020 5008//5008
f 5005//5005 5043//5043 5020//5020
f 5034//5034 5047//5047 5045//5045
f 5034//5034 5035//5035 5047//5047
f 5048//5048 5050//5050 5049//5049
f 5048//5048 5051//5051 5050//5050
f 5045//5045 5049//5049 5044//5044
f 5045//5045 5048//5048 5049//5049
f 5045//5045 5051//5051 5048//5048
f 5045//5045 5047//5047 5051//5051
f 5049//5049 5053//5053 5052//5052
f 5049//5049 5050//5050 5053//5053
f 5044//5044 5052//5052 5046//5046
f 5044//5044 5049//5049 5052//5052
f 5020//5020 5054//5054 5019//5019
f 5020//5020 5046//5046 5054//5054
f 5019//5019 5055//5055 5022//5022
f 5019//5019 5054//5054 5055//5055
f 5054//5054 5056//5056 5055//5055
f 5054//5054 5057//5057 5056//5056
f 5036//5036 5056//5056 5057//5057
f 5036//5036 5037//5037 5056//5056
f 5052//5052 5059//5059 5058//5058
f 5052//5052 5053//5053 5059//5059
f 5054//5054 5059//5059 5057//5057
f 5054//5054 5058//5058 5059//5059
f 5046//5046 5058//5058 5054//5054
f 5046//5046 5052//5052 5058//5058
f 5035//5035 5060//5060 5047//5047
f 5035//5035 4995//4995 5060//5060
f 4995//4995 5061//5061 5060//5060
f 4995//4995 4996//4996 5061//5061
f 5051//5051 5062//5062 5050//5050
f 5051//5051 5063//5063 5062//5062
f 5047//5047 5063//5063 5051//5051
f 5047//5047 5060//5060 5063//5063
f 5063//5063 5064//5064 5062//5062
f 5063//5063 5065//5065 5064//5064
f 5060//5060 5065//5065 5063//5063
f 5060//5060 5061//5061 5065//5065
f 5036//5036 5066//5066 5039//5039
f 5036//5036 5057//5057 5066//5066
f 5039//5039 5067//5067 5041//5041
f 5039//5039 5066//5066 5067//5067
f 5053//5053 5068//5068 5059//5059
f 5053//5053 5069//5069 5068//5068
f 5057//5057 5068//5068 5066//5066
f 5057//5057 5059//5059 5068//5068
f 5069//5069 5070//5070 5068//5068
f 5069//5069 5071//5071 5070//5070
f 5066//5066 5070//5070 5067//5067
f 5066//5066 5068//5068 5070//5070
f 4760//4760 5072//5072 4779//4779
f 4760//4760 5025//5025 5072//5072
f 5025//5025 5073//5073 5072//5072
f 5025//5025 5028//5028 5073//5073
f 4783//4783 5074//5074 4782//4782
f 4783//4783 5075//5075 5074//5074
f 4779//4779 5075//5075 4783//4783
f 4779//4779 5072//5072 5075//5075
f 5075//5075 5076//5076 5074//5074
f 5075//5075 5077//5077 5076//5076
f 5072//5072 5077//5077 5075//5075
f 5072//5072 5073//5073 5077//5077
f 4782//4782 5078//5078 4786//4786
f 4782//4782 5074//5074 5078//5078
f 4786//4786 5079//5079 4787//4787
f 4786//4786 5078//5078 5079//5079
f 5074//5074 5080//5080 5078//5078
f 5074//5074 5076//5076 5080//5080
f 5078//5078 5081//5081 5079//5079
f 5078//5078 5080//5080 5081//5081
f 5082//5082 5084//5084 5083//5083
f 5082//5082 5085//5085 5084//5084
f 5022//5022 5083//5083 5031//5031
f 5022//5022 5082//5082 5083//5083
f 5022//5022 5085//5085 5082//5082
f 5022//5022 5055//5055 5085//5085
f 5083//5083 5087//5087 5086//5086
f 5083//5083 5084//5084 5087//5087
f 5033//5033 5087//5087 5088//5088
f 5033//5033 5086//5086 5087//5087
f 5031//5031 5086//5086 5033//5033
f 5031//5031 5083//5083 5086//5086
f 5085//5085 5089//5089 5084//5084
f 5085//5085 5090//5090 5089//5089
f 5055//5055 5090//5090 5085//5085
f 5055//5055 5056//5056 5090//5090
f 5084//5084 5091//5091 5087//5087
f 5084//5084 5089//5089 5091//5091
f 5033//5033 5093//5093 5092//5092
f 5033//5033 5088//5088 5093//5093
f 5094//5094 5093//5093 5077//5077
f 5094//5094 5092//5092 5093//5093
f 5028//5028 5077//5077 5073//5073
f 5028//5028 5094//5094 5077//5077
f 5028//5028 5092//5092 5094//5094
f 5028//5028 5033//5033 5092//5092
f 5077//5077 5095//5095 5076//5076
f 5077//5077 5093//5093 5095//5095
f 5087//5087 5097//5097 5096//5096
f 5087//5087 5091//5091 5097//5097
f 5093//5093 5097//5097 5095//5095
f 5093//5093 5096//5096 5097//5097
f 5088//5088 5096//5096 5093//5093
f 5088//5088 5087//5087 5096//5096
f 5037//5037 5098//5098 5056//5056
f 5037//5037 5038//5038 5098//5098
f 5098//5098 5100//5100 5099//5099
f 5098//5098 5101//5101 5100//5100
f 5038//5038 5101//5101 5098//5098
f 5038//5038 5040//5040 5101//5101
f 5090//5090 5102//5102 5089//5089
f 5090//5090 5103//5103 5102//5102
f 5098//5098 5102//5102 5103//5103
f 5098//5098 5099//5099 5102//5102
f 5056//5056 5103//5103 5090//5090
f 5056//5056 5098//5098 5103//5103
f 5089//5089 5104//5104 5091//5091
f 5089//5089 5102//5102 5104//5104
f 5102//5102 5105//5105 5104//5104
f 5102//5102 5106//5106 5105//5105
f 5099//5099 5106//5106 5102//5102
f 5099//5099 5100//5100 5106//5106
f 5076//5076 5107//5107 5080//5080
f 5076//5076 5095//5095 5107//5107
f 5108//5108 5110//5110 5109//5109
f 5108//5108 5111//5111 5110//5110
f 5080//5080 5109//5109 5081//5081
f 5080//5080 5108//5108 5109//5109
f 5080//5080 5111//5111 5108//5108
f 5080//5080 5107//5107 5111//5111
f 5097//5097 5113//5113 5112//5112
f 5097//5097 5114//5114 5113//5113
f 5115//5115 5113//5113 5111//5111
f 5115//5115 5112//5112 5113//5113
f 5095//5095 5111//5111 5107//5107
f 5095//5095 5115//5115 5111//5111
f 5095//5095 5112//5112 5115//5115
f 5095//5095 5097//5097 5112//5112
f 5114//5114 5116//5116 5113//5113
f 5114//5114 5117//5117 5116//5116
f 5111//5111 5116//5116 5110//5110
f 5111//5111 5113//5113 5116//5116
f 5118//5118 5120//5120 5119//5119
f 5118//5118 5121//5121 5120//5120
f 5053//5053 5120//5120 5069//5069
f 5053//5053 5119//5119 5120//5120
f 5050//5050 5119//5119 5053//5053
f 5050//5050 5118//5118 5119//5119
f 5050//5050 5121//5121 5118//5118
f 5050//5050 5062//5062 5121//5121
f 5121//5121 5122//5122 5120//5120
f 5121//5121 5123//5123 5122//5122
f 5069//5069 5122//5122 5071//5071
f 5069//5069 5120//5120 5122//5122
f 5062//5062 5123//5123 5121//5121
f 5062//5062 5064//5064 5123//5123
f 5124//5124 5126//5126 5125//5125
f 5124//5124 5127//5127 5126//5126
f 5097//5097 5126//5126 5114//5114
f 5097//5097 5125//5125 5126//5126
f 5091//5091 5125//5125 5097//5097
f 5091//5091 5124//5124 5125//5125
f 5091//5091 5127//5127 5124//5124
f 5091//5091 5104//5104 5127//5127
f 5127//5127 5128//5128 5126//5126
f 5127//5127 5129//5129 5128//5128
f 5114//5114 5128//5128 5117//5117
f 5114//5114 5126//5126 5128//5128
f 5104//5104 5129//5129 5127//5127
f 5104//5104 5105//5105 5129//5129
f 650//650 5130//5130 3269//3269
f 650//650 2104//2104 5130//5130
f 2104//2104 5131//5131 5130//5130
f 2104//2104 2105//2105 5131//5131
f 3269//3269 5132//5132 3271//3271
f 3269//3269 5130//5130 5132//5132
f 5130//5130 5133//5133 5132//5132
f 5130//5130 5131//5131 5133//5133
f 2105//2105 5134//5134 5131//5131
f 2105//2105 2108//2108 5134//5134
f 2108//2108 5135//5135 5134//5134
f 2108//2108 2109//2109 5135//5135
f 5131//5131 5136//5136 5133//5133
f 5131//5131 5134//5134 5136//5136
f 5134//5134 5137//5137 5136//5136
f 5134//5134 5135//5135 5137//5137
f 3271//3271 5138//5138 3277//3277
f 3271//3271 5132//5132 5138//5138
f 5132//5132 5139//5139 5138//5138
f 5132//5132 5133//5133 5139//5139
f 3277//3277 5140//5140 3279//3279
f 3277//3277 5138//5138 5140//5140
f 5138//5138 5141//5141 5140//5140
f 5138//5138 5139//5139 5141//5141
f 5133//5133 5142//5142 5139//5139
f 5133//5133 5136//5136 5142//5142
f 5136//5136 5143//5143 5142//5142
f 5136//5136 5137//5137 5143//5143
f 5139//5139 5144//5144 5141//5141
f 5139//5139 5142//5142 5144//5144
f 5142//5142 5145//5145 5144//5144
f 5142//5142 5143//5143 5145//5145
f 2109//2109 5146//5146 5135//5135
f 2109//2109 2120//2120 5146//5146
f 2120//2120 5147//5147 5146//5146
f 2120//2120 2121//2121 5147//5147
f 5135//5135 5148//5148 5137//5137
f 5135//5135 5146//5146 5148//5148
f 5146//5146 5149//5149 5148//5148
f 5146//5146 5147//5147 5149//5149
f 2121//2121 5150//5150 5147//5147
f 2121//2121 2124//2124 5150//5150
f 2124//2124 5151//5151 5150//5150
f 2124//2124 2125//2125 5151//5151
f 5147//5147 5152//5152 5149//5149
f 5147//5147 5150//5150 5152//5152
f 5150//5150 5153//5153 5152//5152
f 5150//5150 5151//5151 5153//5153
f 5137//5137 5154//5154 5143//5143
f 5137//5137 5148//5148 5154//5154
f 5148//5148 5155//5155 5154//5154
f 5148//5148 5149//5149 5155//5155
f 5143//5143 5156//5156 5145//5145
f 5143//5143 5154//5154 5156//5156
f 5154//5154 5157//5157 5156//5156
f 5154//5154 5155//5155 5157//5157
f 5149//5149 5158//5158 5155//5155
f 5149//5149 5152//5152 5158//5158
f 5152//5152 5159//5159 5158//5158
f 5152//5152 5153//5153 5159//5159
f 5155//5155 5160//5160 5157//5157
f 5155//5155 5158//5158 5160//5160
f 5158//5158 5161//5161 5160//5160
f 5158//5158 5159//5159 5161//5161
f 3279//3279 5162//5162 3302//3302
f 3279//3279 5140//5140 5162//5162
f 5140//5140 5163//5163 5162//5162
f 5140//5140 5141//5141 5163//5163
f 3302//3302 5164//5164 3304//3304
f 3302//3302 5162//5162 5164//5164
f 5162//5162 5165//5165 5164//5164
f 5162//5162 5163//5163 5165//5165
f 5141//5141 5166//5166 5163//5163
f 5141//5141 5144//5144 5166//5166
f 5144//5144 5167//5167 5166//5166
f 5144//5144 5145//5145 5167//5167
f 5163//5163 5168//5168 5165//5165
f 5163//5163 5166//5166 5168//5168
f 5166//5166 5169//5169 5168//5168
f 5166//5166 5167//5167 5169//5169
f 3304//3304 5170//5170 3310//3310
f 3304//3304 5164//5164 5170//5170
f 5164//5164 5171//5171 5170//5170
f 5164//5164 5165//5165 5171//5171
f 3310//3310 5172//5172 3312//3312
f 3310//3310 5170//5170 5172//5172
f 5170//5170 5173//5173 5172//5172
f 5170//5170 5171//5171 5173//5173
f 5165//5165 5174//5174 5171//5171
f 5165//5165 5168//5168 5174//5174
f 5168//5168 5175//5175 5174//5174
f 5168//5168 5169//5169 5175//5175
f 5171//5171 5176//5176 5173//5173
f 5171//5171 5174//5174 5176//5176
f 5174//5174 5177//5177 5176//5176
f 5174//5174 5175//5175 5177//5177
f 5145//5145 5178//5178 5167//5167
f 5145//5145 5156//5156 5178//5178
f 5156//5156 5179//5179 5178//5178
f 5156//5156 5157//5157 5179//5179
f 5167//5167 5180//5180 5169//5169
f 5167//5167 5178//5178 5180//5180
f 5178//5178 5181//5181 5180//5180
f 5178//5178 5179//5179 5181//5181
f 5157//5157 5182//5182 5179//5179
f 5157//5157 5160//5160 5182//5182
f 5160//5160 5183//5183 5182//5182
f 5160//5160 5161//5161 5183//5183
f 5179//5179 5184//5184 5181//5181
f 5179//5179 5182//5182 5184//5184
f 5182//5182 5185//5185 5184//5184
f 5182//5182 5183//5183 5185//5185
f 5169//5169 5186//5186 5175//5175
f 5169//5169 5180//5180 5186//5186
f 5180//5180 5187//5187 5186//5186
f 5180//5180 5181//5181 5187//5187
f 5175//5175 5188//5188 5177//5177
f 5175//5175 5186//5186 5188//5188
f 5186//5186 5189//5189 5188//5188
f 5186//5186 5187//5187 5189//5189
f 5181//5181 5190//5190 5187//5187
f 5181//5181 5184//5184 5190//5190
f 5184//5184 5191//5191 5190//5190
f 5184//5184 5185//5185 5191//5191
f 5187//5187 5192//5192 5189//5189
f 5187//5187 5190//5190 5192//5192
f 5191//5191 5194//5194 5193//5193
f 5191//5191 5195//5195 5194//5194
f 5190//5190 5193//5193 5192//5192
f 5190//5190 5191//5191 5193//5193
f 2194//2194 5197//5197 5196//5196
f 2194//2194 2195//2195 5197//5197
f 2125//2125 5196//5196 5151//5151
f 2125//2125 2194//2194 5196//5196
f 2195//2195 5198//5198 5197//5197
f 2195//2195 2196//2196 5198//5198
f 5196//5196 5200//5200 5199//5199
f 5196//5196 5197//5197 5200//5200
f 5151//5151 5199//5199 5153//5153
f 5151//5151 5196//5196 5199//5199
f 5197//5197 5201//5201 5200//5200
f 5197//5197 5198//5198 5201//5201
f 2196//2196 5202//5202 5198//5198
f 2196//2196 2200//2200 5202//5202
f 2201//2201 5204//5204 5203//5203
f 2201//2201 2202//2202 5204//5204
f 2200//2200 5203//5203 5202//5202
f 2200//2200 2201//2201 5203//5203
f 5198//5198 5205//5205 5201//5201
f 5198//5198 5202//5202 5205//5205
f 5203//5203 5207//5207 5206//5206
f 5203//5203 5204//5204 5207//5207
f 5202//5202 5206//5206 5205//5205
f 5202//5202 5203//5203 5206//5206
f 5199//5199 5209//5209 5208//5208
f 5199//5199 5200//5200 5209//5209
f 5153//5153 5208//5208 5159//5159
f 5153//5153 5199//5199 5208//5208
f 5200//5200 5210//5210 5209//5209
f 5200//5200 5201//5201 5210//5210
f 5208//5208 5212//5212 5211//5211
f 5208//5208 5209//5209 5212//5212
f 5159//5159 5211//5211 5161//5161
f 5159//5159 5208//5208 5211//5211
f 5209//5209 5213//5213 5212//5212
f 5209//5209 5210//5210 5213//5213
f 5201//5201 5214//5214 5210//5210
f 5201//5201 5205//5205 5214//5214
f 5206//5206 5216//5216 5215//5215
f 5206//5206 5207//5207 5216//5216
f 5205//5205 5215//5215 5214//5214
f 5205//5205 5206//5206 5215//5215
f 5210//5210 5217//5217 5213//5213
f 5210//5210 5214//5214 5217//5217
f 5215//5215 5219//5219 5218//5218
f 5215//5215 5216//5216 5219//5219
f 5214//5214 5218//5218 5217//5217
f 5214//5214 5215//5215 5218//5218
f 2221//2221 5221//5221 5220//5220
f 2221//2221 2222//2222 5221//5221
f 2202//2202 5220//5220 5204//5204
f 2202//2202 2221//2221 5220//5220
f 2223//2223 5223//5223 5222//5222
f 2223//2223 2224//2224 5223//5223
f 2222//2222 5222//5222 5221//5221
f 2222//2222 2223//2223 5222//5222
f 5220//5220 5225//5225 5224//5224
f 5220//5220 5221//5221 5225//5225
f 5204//5204 5224//5224 5207//5207
f 5204//5204 5220//5220 5224//5224
f 5222//5222 5227//5227 5226//5226
f 5222//5222 5223//5223 5227//5227
f 5221//5221 5226//5226 5225//5225
f 5221//5221 5222//5222 5226//5226
f 2224//2224 5228//5228 5223//5223
f 2224//2224 2227//2227 5228//5228
f 2227//2227 5229//5229 5228//5228
f 2227//2227 2228//2228 5229//5229
f 5223//5223 5230//5230 5227//5227
f 5223//5223 5228//5228 5230//5230
f 5228//5228 5231//5231 5230//5230
f 5228//5228 5229//5229 5231//5231
f 5224//5224 5233//5233 5232//5232
f 5224//5224 5225//5225 5233//5233
f 5207//5207 5232//5232 5216//5216
f 5207//5207 5224//5224 5232//5232
f 5226//5226 5235//5235 5234//5234
f 5226//5226 5227//5227 5235//5235
f 5225//5225 5234//5234 5233//5233
f 5225//5225 5226//5226 5234//5234
f 5232//5232 5237//5237 5236//5236
f 5232//5232 5233//5233 5237//5237
f 5216//5216 5236//5236 5219//5219
f 5216//5216 5232//5232 5236//5236
f 5234//5234 5239//5239 5238//5238
f 5234//5234 5235//5235 5239//5239
f 5233//5233 5238//5238 5237//5237
f 5233//5233 5234//5234 5238//5238
f 5227//5227 5240//5240 5235//5235
f 5227//5227 5230//5230 5240//5240
f 5230//5230 5241//5241 5240//5240
f 5230//5230 5231//5231 5241//5241
f 5235//5235 5242//5242 5239//5239
f 5235//5235 5240//5240 5242//5242
f 5240//5240 5243//5243 5242//5242
f 5240//5240 5241//5241 5243//5243
f 5211//5211 5245//5245 5244//5244
f 5211//5211 5212//5212 5245//5245
f 5161//5161 5244//5244 5183//5183
f 5161//5161 5211//5211 5244//5244
f 5212//5212 5246//5246 5245//5245
f 5212//5212 5213//5213 5246//5246
f 5244//5244 5248//5248 5247//5247
f 5244//5244 5245//5245 5248//5248
f 5183//5183 5247//5247 5185//5185
f 5183//5183 5244//5244 5247//5247
f 5245//5245 5249//5249 5248//5248
f 5245//5245 5246//5246 5249//5249
f 5213//5213 5250//5250 5246//5246
f 5213//5213 5217//5217 5250//5250
f 5218//5218 5252//5252 5251//5251
f 5218//5218 5219//5219 5252//5252
f 5217//5217 5251//5251 5250//5250
f 5217//5217 5218//5218 5251//5251
f 5246//5246 5253//5253 5249//5249
f 5246//5246 5250//5250 5253//5253
f 5251//5251 5255//5255 5254//5254
f 5251//5251 5252//5252 5255//5255
f 5250//5250 5254//5254 5253//5253
f 5250//5250 5251//5251 5254//5254
f 5191//5191 5256//5256 5195//5195
f 5191//5191 5257//5257 5256//5256
f 5247//5247 5256//5256 5257//5257
f 5247//5247 5248//5248 5256//5256
f 5185//5185 5257//5257 5191//5191
f 5185//5185 5247//5247 5257//5257
f 5248//5248 5258//5258 5256//5256
f 5248//5248 5249//5249 5258//5258
f 5195//5195 5259//5259 5194//5194
f 5195//5195 5256//5256 5259//5259
f 5256//5256 5260//5260 5259//5259
f 5256//5256 5258//5258 5260//5260
f 5249//5249 5261//5261 5258//5258
f 5249//5249 5253//5253 5261//5261
f 5261//5261 5263//5263 5262//5262
f 5261//5261 5264//5264 5263//5263
f 5254//5254 5263//5263 5264//5264
f 5254//5254 5255//5255 5263//5263
f 5253//5253 5264//5264 5261//5261
f 5253//5253 5254//5254 5264//5264
f 5261//5261 5266//5266 5265//5265
f 5261//5261 5262//5262 5266//5266
f 5258//5258 5265//5265 5260//5260
f 5258//5258 5261//5261 5265//5265
f 5262//5262 5267//5267 5266//5266
f 5262//5262 5263//5263 5267//5267
f 5236//5236 5269//5269 5268//5268
f 5236//5236 5237//5237 5269//5269
f 5219//5219 5268//5268 5252//5252
f 5219//5219 5236//5236 5268//5268
f 5238//5238 5271//5271 5270//5270
f 5238//5238 5239//5239 5271//5271
f 5237//5237 5270//5270 5269//5269
f 5237//5237 5238//5238 5270//5270
f 5268//5268 5273//5273 5272//5272
f 5268//5268 5269//5269 5273//5273
f 5252//5252 5272//5272 5255//5255
f 5252//5252 5268//5268 5272//5272
f 5270//5270 5275//5275 5274//5274
f 5270//5270 5271//5271 5275//5275
f 5269//5269 5274//5274 5273//5273
f 5269//5269 5270//5270 5274//5274
f 5239//5239 5276//5276 5271//5271
f 5239//5239 5242//5242 5276//5276
f 5242//5242 5277//5277 5276//5276
f 5242//5242 5243//5243 5277//5277
f 5271//5271 5278//5278 5275//5275
f 5271//5271 5276//5276 5278//5278
f 5276//5276 5279//5279 5278//5278
f 5276//5276 5277//5277 5279//5279
f 5272//5272 5281//5281 5280//5280
f 5272//5272 5273//5273 5281//5281
f 5255//5255 5280//5280 5263//5263
f 5255//5255 5272//5272 5280//5280
f 5281//5281 5283//5283 5282//5282
f 5281//5281 5284//5284 5283//5283
f 5274//5274 5283//5283 5284//5284
f 5274//5274 5275//5275 5283//5283
f 5273//5273 5284//5284 5281//5281
f 5273//5273 5274//5274 5284//5284
f 5280//5280 5286//5286 5285//5285
f 5280//5280 5281//5281 5286//5286
f 5263//5263 5285//5285 5267//5267
f 5263//5263 5280//5280 5285//5285
f 5281//5281 5287//5287 5286//5286
f 5281//5281 5282//5282 5287//5287
f 5275//5275 5288//5288 5283//5283
f 5275//5275 5278//5278 5288//5288
f 5278//5278 5289//5289 5288//5288
f 5278//5278 5279//5279 5289//5289
f 5283//5283 5291//5291 5290//5290
f 5283//5283 5288//5288 5291//5291
f 5282//5282 5290//5290 5287//5287
f 5282//5282 5283//5283 5290//5290
f 5288//5288 5292//5292 5291//5291
f 5288//5288 5289//5289 5292//5292
f 3312//3312 5293//5293 3444//3444
f 3312//3312 5172//5172 5293//5293
f 5172//5172 5294//5294 5293//5293
f 5172//5172 5173//5173 5294//5294
f 3444//3444 5295//5295 3446//3446
f 3444//3444 5293//5293 5295//5295
f 5293//5293 5296//5296 5295//5295
f 5293//5293 5294//5294 5296//5296
f 5173//5173 5297//5297 5294//5294
f 5173//5173 5176//5176 5297//5297
f 5176//5176 5298//5298 5297//5297
f 5176//5176 5177//5177 5298//5298
f 5294//5294 5299//5299 5296//5296
f 5294//5294 5297//5297 5299//5299
f 5297//5297 5300//5300 5299//5299
f 5297//5297 5298//5298 5300//5300
f 3446//3446 5301//5301 3454//3454
f 3446//3446 5295//5295 5301//5301
f 5295//5295 5302//5302 5301//5301
f 5295//5295 5296//5296 5302//5302
f 3458//3458 5303//5303 3457//3457
f 3458//3458 5304//5304 5303//5303
f 3454//3454 5304//5304 3458//3458
f 3454//3454 5301//5301 5304//5304
f 5304//5304 5305//5305 5303//5303
f 5304//5304 5306//5306 5305//5305
f 5301//5301 5306//5306 5304//5304
f 5301//5301 5302//5302 5306//5306
f 5296//5296 5307//5307 5302//5302
f 5296//5296 5299//5299 5307//5307
f 5299//5299 5308//5308 5307//5307
f 5299//5299 5300//5300 5308//5308
f 5306//5306 5309//5309 5305//5305
f 5306//5306 5310//5310 5309//5309
f 5302//5302 5310//5310 5306//5306
f 5302//5302 5307//5307 5310//5310
f 5310//5310 5311//5311 5309//5309
f 5310//5310 5312//5312 5311//5311
f 5307//5307 5312//5312 5310//5310
f 5307//5307 5308//5308 5312//5312
f 5177//5177 5313//5313 5298//5298
f 5177//5177 5188//5188 5313//5313
f 5188//5188 5314//5314 5313//5313
f 5188//5188 5189//5189 5314//5314
f 5298//5298 5315//5315 5300//5300
f 5298//5298 5313//5313 5315//5315
f 5313//5313 5316//5316 5315//5315
f 5313//5313 5314//5314 5316//5316
f 5189//5189 5317//5317 5314//5314
f 5189//5189 5192//5192 5317//5317
f 5193//5193 5319//5319 5318//5318
f 5193//5193 5194//5194 5319//5319
f 5192//5192 5318//5318 5317//5317
f 5192//5192 5193//5193 5318//5318
f 5314//5314 5320//5320 5316//5316
f 5314//5314 5317//5317 5320//5320
f 5320//5320 5322//5322 5321//5321
f 5320//5320 5323//5323 5322//5322
f 5318//5318 5322//5322 5323//5323
f 5318//5318 5319//5319 5322//5322
f 5317//5317 5323//5323 5320//5320
f 5317//5317 5318//5318 5323//5323
f 5300//5300 5324//5324 5308//5308
f 5300//5300 5315//5315 5324//5324
f 5315//5315 5325//5325 5324//5324
f 5315//5315 5316//5316 5325//5325
f 5312//5312 5326//5326 5311//5311
f 5312//5312 5327//5327 5326//5326
f 5308//5308 5327//5327 5312//5312
f 5308//5308 5324//5324 5327//5327
f 5327//5327 5328//5328 5326//5326
f 5327//5327 5329//5329 5328//5328
f 5325//5325 5328//5328 5329//5329
f 5325//5325 5330//5330 5328//5328
f 5324//5324 5329//5329 5327//5327
f 5324//5324 5325//5325 5329//5329
f 5325//5325 5331//5331 5330//5330
f 5325//5325 5332//5332 5331//5331
f 5320//5320 5331//5331 5332//5332
f 5320//5320 5321//5321 5331//5331
f 5316//5316 5332//5332 5325//5325
f 5316//5316 5320//5320 5332//5332
f 5321//5321 5333//5333 5331//5331
f 5321//5321 5322//5322 5333//5333
f 5330//5330 5334//5334 5328//5328
f 5330//5330 5331//5331 5334//5334
f 5331//5331 5335//5335 5334//5334
f 5331//5331 5333//5333 5335//5335
f 3457//3457 5336//5336 3494//3494
f 3457//3457 5303//5303 5336//5336
f 5303//5303 5337//5337 5336//5336
f 5303//5303 5305//5305 5337//5337
f 3494//3494 5338//5338 3496//3496
f 3494//3494 5336//5336 5338//5338
f 5336//5336 5339//5339 5338//5338
f 5336//5336 5337//5337 5339//5339
f 5305//5305 5340//5340 5337//5337
f 5305//5305 5309//5309 5340//5340
f 5309//5309 5341//5341 5340//5340
f 5309//5309 5311//5311 5341//5341
f 5337//5337 5342//5342 5339//5339
f 5337//5337 5340//5340 5342//5342
f 5340//5340 5343//5343 5342//5342
f 5340//5340 5341//5341 5343//5343
f 3504//3504 5344//5344 3503//3503
f 3504//3504 5345//5345 5344//5344
f 3496//3496 5345//5345 3504//3504
f 3496//3496 5338//5338 5345//5345
f 5345//5345 5346//5346 5344//5344
f 5345//5345 5347//5347 5346//5346
f 5338//5338 5347//5347 5345//5345
f 5338//5338 5339//5339 5347//5347
f 5347//5347 5348//5348 5346//5346
f 5347//5347 5349//5349 5348//5348
f 5339//5339 5349//5349 5347//5347
f 5339//5339 5342//5342 5349//5349
f 5349//5349 5350//5350 5348//5348
f 5349//5349 5351//5351 5350//5350
f 5342//5342 5351//5351 5349//5349
f 5342//5342 5343//5343 5351//5351
f 3503//3503 5352//5352 3508//3508
f 3503//3503 5344//5344 5352//5352
f 5344//5344 5353//5353 5352//5352
f 5344//5344 5346//5346 5353//5353
f 5346//5346 5354//5354 5353//5353
f 5346//5346 5348//5348 5354//5354
f 5348//5348 5355//5355 5354//5354
f 5348//5348 5350//5350 5355//5355
f 5311//5311 5356//5356 5341//5341
f 5311//5311 5326//5326 5356//5356
f 5326//5326 5357//5357 5356//5356
f 5326//5326 5328//5328 5357//5357
f 5341//5341 5358//5358 5343//5343
f 5341//5341 5356//5356 5358//5358
f 5358//5358 5360//5360 5359//5359
f 5358//5358 5361//5361 5360//5360
f 5356//5356 5361//5361 5358//5358
f 5356//5356 5357//5357 5361//5361
f 5328//5328 5362//5362 5357//5357
f 5328//5328 5334//5334 5362//5362
f 5362//5362 5364//5364 5363//5363
f 5362//5362 5365//5365 5364//5364
f 5335//5335 5364//5364 5365//5365
f 5335//5335 5366//5366 5364//5364
f 5334//5334 5365//5365 5362//5362
f 5334//5334 5335//5335 5365//5365
f 5361//5361 5367//5367 5360//5360
f 5361//5361 5368//5368 5367//5367
f 5362//5362 5367//5367 5368//5368
f 5362//5362 5363//5363 5367//5367
f 5357//5357 5368//5368 5361//5361
f 5357//5357 5362//5362 5368//5368
f 5351//5351 5369//5369 5350//5350
f 5351//5351 5370//5370 5369//5369
f 5358//5358 5369//5369 5370//5370
f 5358//5358 5359//5359 5369//5369
f 5343//5343 5370//5370 5351//5351
f 5343//5343 5358//5358 5370//5370
f 5363//5363 5371//5371 5367//5367
f 5363//5363 5364//5364 5371//5371
f 5359//5359 5372//5372 5369//5369
f 5359//5359 5360//5360 5372//5372
f 5350//5350 5373//5373 5355//5355
f 5350//5350 5369//5369 5373//5373
f 5373//5373 5375//5375 5374//5374
f 5373//5373 5376//5376 5375//5375
f 5369//5369 5376//5376 5373//5373
f 5369//5369 5372//5372 5376//5376
f 5360//5360 5377//5377 5372//5372
f 5360//5360 5367//5367 5377//5377
f 5377//5377 5379//5379 5378//5378
f 5377//5377 5380//5380 5379//5379
f 5371//5371 5379//5379 5380//5380
f 5371//5371 5381//5381 5379//5379
f 5367//5367 5380//5380 5377//5377
f 5367//5367 5371//5371 5380//5380
f 5376//5376 5382//5382 5375//5375
f 5376//5376 5383//5383 5382//5382
f 5377//5377 5382//5382 5383//5383
f 5377//5377 5378//5378 5382//5382
f 5372//5372 5383//5383 5376//5376
f 5372//5372 5377//5377 5383//5383
f 5382//5382 5385//5385 5384//5384
f 5382//5382 5386//5386 5385//5385
f 5379//5379 5385//5385 5386//5386
f 5379//5379 5387//5387 5385//5385
f 5378//5378 5386//5386 5382//5382
f 5378//5378 5379//5379 5386//5386
f 5194//5194 5388//5388 5319//5319
f 5194//5194 5259//5259 5388//5388
f 5259//5259 5389//5389 5388//5388
f 5259//5259 5260//5260 5389//5389
f 5319//5319 5390//5390 5322//5322
f 5319//5319 5388//5388 5390//5390
f 5389//5389 5392//5392 5391//5391
f 5389//5389 5393//5393 5392//5392
f 5388//5388 5391//5391 5390//5390
f 5388//5388 5389//5389 5391//5391
f 5389//5389 5394//5394 5393//5393
f 5389//5389 5395//5395 5394//5394
f 5265//5265 5394//5394 5395//5395
f 5265//5265 5266//5266 5394//5394
f 5260//5260 5395//5395 5389//5389
f 5260//5260 5265//5265 5395//5395
f 5322//5322 5396//5396 5333//5333
f 5322//5322 5390//5390 5396//5396
f 5396//5396 5398//5398 5397//5397
f 5396//5396 5399//5399 5398//5398
f 5391//5391 5398//5398 5399//5399
f 5391//5391 5392//5392 5398//5398
f 5390//5390 5399//5399 5396//5396
f 5390//5390 5391//5391 5399//5399
f 5335//5335 5400//5400 5366//5366
f 5335//5335 5401//5401 5400//5400
f 5396//5396 5400//5400 5401//5401
f 5396//5396 5397//5397 5400//5400
f 5333//5333 5401//5401 5335//5335
f 5333//5333 5396//5396 5401//5401
f 5266//5266 5402//5402 5394//5394
f 5266//5266 5267//5267 5402//5402
f 5393//5393 5403//5403 5392//5392
f 5393//5393 5394//5394 5403//5403
f 5403//5403 5405//5405 5404//5404
f 5403//5403 5406//5406 5405//5405
f 5402//5402 5405//5405 5406//5406
f 5402//5402 5407//5407 5405//5405
f 5394//5394 5406//5406 5403//5403
f 5394//5394 5402//5402 5406//5406
f 5397//5397 5408//5408 5400//5400
f 5397//5397 5398//5398 5408//5408
f 5403//5403 5410//5410 5409//5409
f 5403//5403 5404//5404 5410//5410
f 5392//5392 5409//5409 5398//5398
f 5392//5392 5403//5403 5409//5409
f 5404//5404 5411//5411 5410//5410
f 5404//5404 5405//5405 5411//5411
f 5408//5408 5413//5413 5412//5412
f 5408//5408 5414//5414 5413//5413
f 5409//5409 5413//5413 5414//5414
f 5409//5409 5410//5410 5413//5413
f 5398//5398 5414//5414 5408//5408
f 5398//5398 5409//5409 5414//5414
f 5413//5413 5416//5416 5415//5415
f 5413//5413 5417//5417 5416//5416
f 5411//5411 5416//5416 5417//5417
f 5411//5411 5418//5418 5416//5416
f 5410//5410 5417//5417 5413//5413
f 5410//5410 5411//5411 5417//5417
f 5402//5402 5419//5419 5407//5407
f 5402//5402 5420//5420 5419//5419
f 5285//5285 5419//5419 5420//5420
f 5285//5285 5286//5286 5419//5419
f 5267//5267 5420//5420 5402//5402
f 5267//5267 5285//5285 5420//5420
f 5286//5286 5421//5421 5419//5419
f 5286//5286 5287//5287 5421//5421
f 5419//5419 5423//5423 5422//5422
f 5419//5419 5421//5421 5423//5423
f 5407//5407 5422//5422 5405//5405
f 5407//5407 5419//5419 5422//5422
f 5290//5290 5425//5425 5424//5424
f 5290//5290 5291//5291 5425//5425
f 5287//5287 5424//5424 5421//5421
f 5287//5287 5290//5290 5424//5424
f 5291//5291 5426//5426 5425//5425
f 5291//5291 5292//5292 5426//5426
f 5423//5423 5428//5428 5427//5427
f 5423//5423 5429//5429 5428//5428
f 5424//5424 5428//5428 5429//5429
f 5424//5424 5425//5425 5428//5428
f 5421//5421 5429//5429 5423//5423
f 5421//5421 5424//5424 5429//5429
f 5425//5425 5430//5430 5428//5428
f 5425//5425 5426//5426 5430//5430
f 5411//5411 5431//5431 5418//5418
f 5411//5411 5432//5432 5431//5431
f 5422//5422 5431//5431 5432//5432
f 5422//5422 5423//5423 5431//5431
f 5405//5405 5432//5432 5411//5411
f 5405//5405 5422//5422 5432//5432
f 5423//5423 5433//5433 5431//5431
f 5423//5423 5427//5427 5433//5433
f 5433//5433 5435//5435 5434//5434
f 5433//5433 5436//5436 5435//5435
f 5428//5428 5435//5435 5436//5436
f 5428//5428 5430//5430 5435//5435
f 5427//5427 5436//5436 5433//5433
f 5427//5427 5428//5428 5436//5436
f 5416//5416 5438//5438 5437//5437
f 5416//5416 5439//5439 5438//5438
f 5431//5431 5438//5438 5439//5439
f 5431//5431 5433//5433 5438//5438
f 5418//5418 5439//5439 5416//5416
f 5418//5418 5431//5431 5439//5439
f 5433//5433 5440//5440 5438//5438
f 5433//5433 5434//5434 5440//5440
f 5366//5366 5441//5441 5364//5364
f 5366//5366 5400//5400 5441//5441
f 5441//5441 5443//5443 5442//5442
f 5441//5441 5444//5444 5443//5443
f 5408//5408 5443//5443 5444//5444
f 5408//5408 5412//5412 5443//5443
f 5400//5400 5444//5444 5441//5441
f 5400//5400 5408//5408 5444//5444
f 5371//5371 5445//5445 5381//5381
f 5371//5371 5446//5446 5445//5445
f 5441//5441 5445//5445 5446//5446
f 5441//5441 5442//5442 5445//5445
f 5364//5364 5446//5446 5371//5371
f 5364//5364 5441//5441 5446//5446
f 5445//5445 5448//5448 5447//5447
f 5445//5445 5449//5449 5448//5448
f 5443//5443 5448//5448 5449//5449
f 5443//5443 5450//5450 5448//5448
f 5442//5442 5449//5449 5445//5445
f 5442//5442 5443//5443 5449//5449
f 5443//5443 5451//5451 5450//5450
f 5443//5443 5452//5452 5451//5451
f 5413//5413 5451//5451 5452//5452
f 5413//5413 5415//5415 5451//5451
f 5412//5412 5452//5452 5443//5443
f 5412//5412 5413//5413 5452//5452
f 5451//5451 5454//5454 5453//5453
f 5451//5451 5455//5455 5454//5454
f 5416//5416 5454//5454 5455//5455
f 5416//5416 5437//5437 5454//5454
f 5415//5415 5455//5455 5451//5451
f 5415//5415 5416//5416 5455//5455
f 5451//5451 5457//5457 5456//5456
f 5451//5451 5453//5453 5457//5457
f 5450//5450 5456//5456 5448//5448
f 5450//5450 5451//5451 5456//5456
f 5457//5457 5459//5459 5458//5458
f 5457//5457 5460//5460 5459//5459
f 5454//5454 5459//5459 5460//5460
f 5454//5454 5461//5461 5459//5459
f 5453//5453 5460//5460 5457//5457
f 5453//5453 5454//5454 5460//5460
f 5379//5379 5462//5462 5387//5387
f 5379//5379 5463//5463 5462//5462
f 5445//5445 5462//5462 5463//5463
f 5445//5445 5447//5447 5462//5462
f 5381//5381 5463//5463 5379//5379
f 5381//5381 5445//5445 5463//5463
f 5447//5447 5464//5464 5462//5462
f 5447//5447 5448//5448 5464//5464
f 5385//5385 5466//5466 5465//5465
f 5385//5385 5467//5467 5466//5466
f 5387//5387 5467//5467 5385//5385
f 5387//5387 5462//5462 5467//5467
f 5467//5467 5468//5468 5466//5466
f 5467//5467 5469//5469 5468//5468
f 5464//5464 5468//5468 5469//5469
f 5464//5464 5470//5470 5468//5468
f 5462//5462 5469//5469 5467//5467
f 5462//5462 5464//5464 5469//5469
f 5466//5466 5472//5472 5471//5471
f 5466//5466 5468//5468 5472//5472
f 5470//5470 5472//5472 5468//5468
f 5470//5470 5473//5473 5472//5472
f 5464//5464 5474//5474 5470//5470
f 5464//5464 5475//5475 5474//5474
f 5456//5456 5474//5474 5475//5475
f 5456//5456 5457//5457 5474//5474
f 5448//5448 5475//5475 5464//5464
f 5448//5448 5456//5456 5475//5475
f 5470//5470 5476//5476 5473//5473
f 5470//5470 5474//5474 5476//5476
f 5457//5457 5476//5476 5474//5474
f 5457//5457 5458//5458 5476//5476
f 5454//5454 5477//5477 5461//5461
f 5454//5454 5478//5478 5477//5477
f 5438//5438 5477//5477 5478//5478
f 5438//5438 5440//5440 5477//5477
f 5437//5437 5478//5478 5454//5454
f 5437//5437 5438//5438 5478//5478
f 2597//2597 5480//5480 5479//5479
f 2597//2597 5481//5481 5480//5480
f 2595//2595 5480//5480 5481//5481
f 2595//2595 5482//5482 5480//5480
f 2594//2594 5481//5481 2597//2597
f 2594//2594 2595//2595 5481//5481
f 5479//5479 5484//5484 5483//5483
f 5479//5479 5480//5480 5484//5484
f 2601//2601 5486//5486 5485//5485
f 2601//2601 2602//2602 5486//5486
f 2604//2604 5486//5486 2602//2602
f 2604//2604 5487//5487 5486//5486
f 5487//5487 5488//5488 5486//5486
f 5487//5487 5489//5489 5488//5488
f 2604//2604 5490//5490 5487//5487
f 2604//2604 2605//2605 5490//5490
f 2597//2597 5490//5490 2605//2605
f 2597//2597 5479//5479 5490//5490
f 5487//5487 5491//5491 5489//5489
f 5487//5487 5490//5490 5491//5491
f 5479//5479 5491//5491 5490//5490
f 5479//5479 5483//5483 5491//5491
f 5491//5491 5493//5493 5492//5492
f 5491//5491 5494//5494 5493//5493
f 5484//5484 5493//5493 5494//5494
f 5484//5484 5495//5495 5493//5493
f 5483//5483 5494//5494 5491//5491
f 5483//5483 5484//5484 5494//5494
f 5488//5488 5497//5497 5496//5496
f 5488//5488 5498//5498 5497//5497
f 5491//5491 5497//5497 5498//5498
f 5491//5491 5492//5492 5497//5497
f 5489//5489 5498//5498 5488//5488
f 5489//5489 5491//5491 5498//5498
f 5492//5492 5500//5500 5499//5499
f 5492//5492 5493//5493 5500//5500
f 5496//5496 5502//5502 5501//5501
f 5496//5496 5497//5497 5502//5502
f 5492//5492 5502//5502 5497//5497
f 5492//5492 5499//5499 5502//5502
f 5499//5499 5504//5504 5503//5503
f 5499//5499 5500//5500 5504//5504
f 5501//5501 5506//5506 5505//5505
f 5501//5501 5502//5502 5506//5506
f 5499//5499 5506//5506 5502//5502
f 5499//5499 5503//5503 5506//5506
f 5503//5503 5508//5508 5507//5507
f 5503//5503 5504//5504 5508//5508
f 5505//5505 5510//5510 5509//5509
f 5505//5505 5506//5506 5510//5510
f 5503//5503 5510//5510 5506//5506
f 5503//5503 5507//5507 5510//5510
f 5507//5507 5512//5512 5511//5511
f 5507//5507 5508//5508 5512//5512
f 5509//5509 5514//5514 5513//5513
f 5509//5509 5510//5510 5514//5514
f 5507//5507 5514//5514 5510//5510
f 5507//5507 5511//5511 5514//5514
f 5511//5511 5516//5516 5515//5515
f 5511//5511 5512//5512 5516//5516
f 5513//5513 5518//5518 5517//5517
f 5513//5513 5514//5514 5518//5518
f 5511//5511 5518//5518 5514//5514
f 5511//5511 5515//5515 5518//5518
f 2676//2676 5520//5520 5519//5519
f 2676//2676 2677//2677 5520//5520
f 2228//2228 5519//5519 5229//5229
f 2228//2228 2676//2676 5519//5519
f 2677//2677 5521//5521 5520//5520
f 2677//2677 2678//2678 5521//5521
f 5519//5519 5523//5523 5522//5522
f 5519//5519 5520//5520 5523//5523
f 5229//5229 5522//5522 5231//5231
f 5229//5229 5519//5519 5522//5522
f 5520//5520 5524//5524 5523//5523
f 5520//5520 5521//5521 5524//5524
f 2678//2678 5525//5525 5521//5521
f 2678//2678 2681//2681 5525//5525
f 2681//2681 5526//5526 5525//5525
f 2681//2681 2682//2682 5526//5526
f 5521//5521 5527//5527 5524//5524
f 5521//5521 5525//5525 5527//5527
f 5525//5525 5528//5528 5527//5527
f 5525//5525 5526//5526 5528//5528
f 5522//5522 5530//5530 5529//5529
f 5522//5522 5523//5523 5530//5530
f 5231//5231 5529//5529 5241//5241
f 5231//5231 5522//5522 5529//5529
f 5523//5523 5531//5531 5530//5530
f 5523//5523 5524//5524 5531//5531
f 5529//5529 5533//5533 5532//5532
f 5529//5529 5530//5530 5533//5533
f 5241//5241 5532//5532 5243//5243
f 5241//5241 5529//5529 5532//5532
f 5530//5530 5534//5534 5533//5533
f 5530//5530 5531//5531 5534//5534
f 5524//5524 5535//5535 5531//5531
f 5524//5524 5527//5527 5535//5535
f 5527//5527 5536//5536 5535//5535
f 5527//5527 5528//5528 5536//5536
f 5531//5531 5537//5537 5534//5534
f 5531//5531 5535//5535 5537//5537
f 5535//5535 5538//5538 5537//5537
f 5535//5535 5536//5536 5538//5538
f 2682//2682 5539//5539 5526//5526
f 2682//2682 2703//2703 5539//5539
f 2703//2703 5540//5540 5539//5539
f 2703//2703 2704//2704 5540//5540
f 5526//5526 5541//5541 5528//5528
f 5526//5526 5539//5539 5541//5541
f 5539//5539 5542//5542 5541//5541
f 5539//5539 5540//5540 5542//5542
f 2704//2704 5543//5543 5540//5540
f 2704//2704 2706//2706 5543//5543
f 2706//2706 5544//5544 5543//5543
f 2706//2706 5545//5545 5544//5544
f 2700//2700 5544//5544 5545//5545
f 2700//2700 5546//5546 5544//5544
f 2699//2699 5545//5545 2706//2706
f 2699//2699 2700//2700 5545//5545
f 5540//5540 5547//5547 5542//5542
f 5540//5540 5543//5543 5547//5547
f 5543//5543 5548//5548 5547//5547
f 5543//5543 5544//5544 5548//5548
f 5546//5546 5548//5548 5544//5544
f 5546//5546 5549//5549 5548//5548
f 5528//5528 5550//5550 5536//5536
f 5528//5528 5541//5541 5550//5550
f 5541//5541 5551//5551 5550//5550
f 5541//5541 5542//5542 5551//5551
f 5536//5536 5552//5552 5538//5538
f 5536//5536 5550//5550 5552//5552
f 5550//5550 5553//5553 5552//5552
f 5550//5550 5551//5551 5553//5553
f 5542//5542 5554//5554 5551//5551
f 5542//5542 5547//5547 5554//5554
f 5547//5547 5555//5555 5554//5554
f 5547//5547 5548//5548 5555//5555
f 5549//5549 5555//5555 5548//5548
f 5549//5549 5556//5556 5555//5555
f 5551//5551 5557//5557 5553//5553
f 5551//5551 5554//5554 5557//5557
f 5554//5554 5558//5558 5557//5557
f 5554//5554 5555//5555 5558//5558
f 5556//5556 5558//5558 5555//5555
f 5556//5556 5559//5559 5558//5558
f 5532//5532 5561//5561 5560//5560
f 5532//5532 5533//5533 5561//5561
f 5243//5243 5560//5560 5277//5277
f 5243//5243 5532//5532 5560//5560
f 5533//5533 5562//5562 5561//5561
f 5533//5533 5534//5534 5562//5562
f 5560//5560 5564//5564 5563//5563
f 5560//5560 5561//5561 5564//5564
f 5277//5277 5563//5563 5279//5279
f 5277//5277 5560//5560 5563//5563
f 5561//5561 5565//5565 5564//5564
f 5561//5561 5562//5562 5565//5565
f 5534//5534 5566//5566 5562//5562
f 5534//5534 5537//5537 5566//5566
f 5537//5537 5567//5567 5566//5566
f 5537//5537 5538//5538 5567//5567
f 5562//5562 5568//5568 5565//5565
f 5562//5562 5566//5566 5568//5568
f 5566//5566 5569//5569 5568//5568
f 5566//5566 5567//5567 5569//5569
f 5289//5289 5570//5570 5292//5292
f 5289//5289 5571//5571 5570//5570
f 5289//5289 5572//5572 5571//5571
f 5289//5289 5573//5573 5572//5572
f 5563//5563 5572//5572 5573//5573
f 5563//5563 5564//5564 5572//5572
f 5279//5279 5573//5573 5289//5289
f 5279//5279 5563//5563 5573//5573
f 5564//5564 5574//5574 5572//5572
f 5564//5564 5565//5565 5574//5574
f 5572//5572 5576//5576 5575//5575
f 5572//5572 5574//5574 5576//5576
f 5571//5571 5575//5575 5570//5570
f 5571//5571 5572//5572 5575//5575
f 5565//5565 5577//5577 5574//5574
f 5565//5565 5568//5568 5577//5577
f 5568//5568 5578//5578 5577//5577
f 5568//5568 5569//5569 5578//5578
f 5574//5574 5579//5579 5576//5576
f 5574//5574 5577//5577 5579//5579
f 5577//5577 5580//5580 5579//5579
f 5577//5577 5578//5578 5580//5580
f 5538//5538 5581//5581 5567//5567
f 5538//5538 5552//5552 5581//5581
f 5552//5552 5582//5582 5581//5581
f 5552//5552 5553//5553 5582//5582
f 5567//5567 5583//5583 5569//5569
f 5567//5567 5581//5581 5583//5583
f 5581//5581 5584//5584 5583//5583
f 5581//5581 5582//5582 5584//5584
f 5553//5553 5585//5585 5582//5582
f 5553//5553 5557//5557 5585//5585
f 5557//5557 5586//5586 5585//5585
f 5557//5557 5558//5558 5586//5586
f 5559//5559 5586//5586 5558//5558
f 5559//5559 5587//5587 5586//5586
f 5582//5582 5588//5588 5584//5584
f 5582//5582 5585//5585 5588//5588
f 5585//5585 5589//5589 5588//5588
f 5585//5585 5586//5586 5589//5589
f 5587//5587 5589//5589 5586//5586
f 5587//5587 5590//5590 5589//5589
f 5591//5591 5593//5593 5592//5592
f 5591//5591 5594//5594 5593//5593
f 5569//5569 5595//5595 5578//5578
f 5569//5569 5583//5583 5595//5595
f 5583//5583 5596//5596 5595//5595
f 5583//5583 5584//5584 5596//5596
f 5578//5578 5597//5597 5580//5580
f 5578//5578 5595//5595 5597//5597
f 5595//5595 5598//5598 5597//5597
f 5595//5595 5596//5596 5598//5598
f 5584//5584 5599//5599 5596//5596
f 5584//5584 5588//5588 5599//5599
f 5591//5591 5600//5600 5594//5594
f 5591//5591 5599//5599 5600//5600
f 5588//5588 5600//5600 5599//5599
f 5588//5588 5589//5589 5600//5600
f 5590//5590 5600//5600 5589//5589
f 5590//5590 5594//5594 5600//5600
f 5596//5596 5601//5601 5598//5598
f 5596//5596 5599//5599 5601//5601
f 5591//5591 5601//5601 5599//5599
f 5591//5591 5592//5592 5601//5601
f 2763//2763 5603//5603 5602//5602
f 2763//2763 2764//2764 5603//5603
f 2757//2757 5603//5603 2764//2764
f 2757//2757 5604//5604 5603//5603
f 2766//2766 5606//5606 5605//5605
f 2766//2766 2767//2767 5606//5606
f 2763//2763 5606//5606 2767//2767
f 2763//2763 5602//5602 5606//5606
f 5604//5604 5607//5607 5603//5603
f 5604//5604 5608//5608 5607//5607
f 5606//5606 5610//5610 5609//5609
f 5606//5606 5611//5611 5610//5610
f 5603//5603 5610//5610 5611//5611
f 5603//5603 5607//5607 5610//5610
f 5602//5602 5611//5611 5606//5606
f 5602//5602 5603//5603 5611//5611
f 5608//5608 5612//5612 5607//5607
f 5608//5608 5613//5613 5612//5612
f 5609//5609 5615//5615 5614//5614
f 5609//5609 5610//5610 5615//5615
f 5607//5607 5615//5615 5610//5610
f 5607//5607 5612//5612 5615//5615
f 5614//5614 5617//5617 5616//5616
f 5614//5614 5615//5615 5617//5617
f 5612//5612 5617//5617 5615//5615
f 5612//5612 5618//5618 5617//5617
f 2601//2601 5619//5619 2770//2770
f 2601//2601 5485//5485 5619//5619
f 2757//2757 5620//5620 5604//5604
f 2757//2757 5621//5621 5620//5620
f 2770//2770 5620//5620 5621//5621
f 2770//2770 5619//5619 5620//5620
f 2758//2758 5621//5621 2757//2757
f 2758//2758 2770//2770 5621//5621
f 5619//5619 5623//5623 5622//5622
f 5619//5619 5624//5624 5623//5623
f 5486//5486 5623//5623 5624//5624
f 5486//5486 5488//5488 5623//5623
f 5485//5485 5624//5624 5619//5619
f 5485//5485 5486//5486 5624//5624
f 5604//5604 5625//5625 5608//5608
f 5604//5604 5620//5620 5625//5625
f 5619//5619 5625//5625 5620//5620
f 5619//5619 5622//5622 5625//5625
f 5622//5622 5627//5627 5626//5626
f 5622//5622 5623//5623 5627//5627
f 5488//5488 5627//5627 5623//5623
f 5488//5488 5496//5496 5627//5627
f 5608//5608 5628//5628 5613//5613
f 5608//5608 5625//5625 5628//5628
f 5622//5622 5628//5628 5625//5625
f 5622//5622 5626//5626 5628//5628
f 5626//5626 5630//5630 5629//5629
f 5626//5626 5627//5627 5630//5630
f 5496//5496 5630//5630 5627//5627
f 5496//5496 5501//5501 5630//5630
f 5626//5626 5631//5631 5628//5628
f 5626//5626 5629//5629 5631//5631
f 5612//5612 5632//5632 5618//5618
f 5612//5612 5633//5633 5632//5632
f 5628//5628 5632//5632 5633//5633
f 5628//5628 5631//5631 5632//5632
f 5613//5613 5633//5633 5612//5612
f 5613//5613 5628//5628 5633//5633
f 2778//2778 5635//5635 5634//5634
f 2778//2778 2779//2779 5635//5635
f 2766//2766 5635//5635 2779//2779
f 2766//2766 5605//5605 5635//5635
f 2700//2700 5636//5636 5546//5546
f 2700//2700 2780//2780 5636//5636
f 2778//2778 5636//5636 2780//2780
f 2778//2778 5634//5634 5636//5636
f 5546//5546 5637//5637 5549//5549
f 5546//5546 5636//5636 5637//5637
f 5636//5636 5638//5638 5637//5637
f 5636//5636 5639//5639 5638//5638
f 5635//5635 5638//5638 5639//5639
f 5635//5635 5640//5640 5638//5638
f 5634//5634 5639//5639 5636//5636
f 5634//5634 5635//5635 5639//5639
f 5635//5635 5641//5641 5640//5640
f 5635//5635 5642//5642 5641//5641
f 5606//5606 5641//5641 5642//5642
f 5606//5606 5609//5609 5641//5641
f 5605//5605 5642//5642 5635//5635
f 5605//5605 5606//5606 5642//5642
f 5549//5549 5643//5643 5556//5556
f 5549//5549 5637//5637 5643//5643
f 5637//5637 5644//5644 5643//5643
f 5637//5637 5638//5638 5644//5644
f 5640//5640 5644//5644 5638//5638
f 5640//5640 5645//5645 5644//5644
f 5556//5556 5646//5646 5559//5559
f 5556//5556 5643//5643 5646//5646
f 5643//5643 5647//5647 5646//5646
f 5643//5643 5644//5644 5647//5647
f 5645//5645 5647//5647 5644//5644
f 5645//5645 5648//5648 5647//5647
f 5640//5640 5649//5649 5645//5645
f 5640//5640 5641//5641 5649//5649
f 5609//5609 5649//5649 5641//5641
f 5609//5609 5614//5614 5649//5649
f 5645//5645 5650//5650 5648//5648
f 5645//5645 5649//5649 5650//5650
f 5614//5614 5650//5650 5649//5649
f 5614//5614 5616//5616 5650//5650
f 5616//5616 5652//5652 5651//5651
f 5616//5616 5617//5617 5652//5652
f 5618//5618 5652//5652 5617//5617
f 5618//5618 5653//5653 5652//5652
f 5651//5651 5655//5655 5654//5654
f 5651//5651 5652//5652 5655//5655
f 5653//5653 5655//5655 5652//5652
f 5653//5653 5656//5656 5655//5655
f 5654//5654 5658//5658 5657//5657
f 5654//5654 5655//5655 5658//5658
f 5656//5656 5658//5658 5655//5655
f 5656//5656 5659//5659 5658//5658
f 5657//5657 5661//5661 5660//5660
f 5657//5657 5658//5658 5661//5661
f 5659//5659 5661//5661 5658//5658
f 5659//5659 5662//5662 5661//5661
f 5629//5629 5664//5664 5663//5663
f 5629//5629 5630//5630 5664//5664
f 5501//5501 5664//5664 5630//5630
f 5501//5501 5505//5505 5664//5664
f 5629//5629 5665//5665 5631//5631
f 5629//5629 5663//5663 5665//5665
f 5663//5663 5667//5667 5666//5666
f 5663//5663 5664//5664 5667//5667
f 5505//5505 5667//5667 5664//5664
f 5505//5505 5509//5509 5667//5667
f 5663//5663 5668//5668 5665//5665
f 5663//5663 5666//5666 5668//5668
f 5618//5618 5669//5669 5653//5653
f 5618//5618 5632//5632 5669//5669
f 5631//5631 5669//5669 5632//5632
f 5631//5631 5665//5665 5669//5669
f 5653//5653 5670//5670 5656//5656
f 5653//5653 5669//5669 5670//5670
f 5665//5665 5670//5670 5669//5669
f 5665//5665 5668//5668 5670//5670
f 5666//5666 5672//5672 5671//5671
f 5666//5666 5667//5667 5672//5672
f 5509//5509 5672//5672 5667//5667
f 5509//5509 5513//5513 5672//5672
f 5666//5666 5673//5673 5668//5668
f 5666//5666 5671//5671 5673//5673
f 5671//5671 5675//5675 5674//5674
f 5671//5671 5672//5672 5675//5675
f 5513//5513 5675//5675 5672//5672
f 5513//5513 5517//5517 5675//5675
f 5671//5671 5676//5676 5673//5673
f 5671//5671 5674//5674 5676//5676
f 5656//5656 5677//5677 5659//5659
f 5656//5656 5670//5670 5677//5677
f 5668//5668 5677//5677 5670//5670
f 5668//5668 5673//5673 5677//5677
f 5659//5659 5678//5678 5662//5662
f 5659//5659 5677//5677 5678//5678
f 5673//5673 5678//5678 5677//5677
f 5673//5673 5676//5676 5678//5678
f 5559//5559 5679//5679 5587//5587
f 5559//5559 5646//5646 5679//5679
f 5646//5646 5680//5680 5679//5679
f 5646//5646 5647//5647 5680//5680
f 5648//5648 5680//5680 5647//5647
f 5648//5648 5681//5681 5680//5680
f 5587//5587 5682//5682 5590//5590
f 5587//5587 5679//5679 5682//5682
f 5679//5679 5683//5683 5682//5682
f 5679//5679 5680//5680 5683//5683
f 5681//5681 5683//5683 5680//5680
f 5681//5681 5684//5684 5683//5683
f 5648//5648 5685//5685 5681//5681
f 5648//5648 5650//5650 5685//5685
f 5616//5616 5685//5685 5650//5650
f 5616//5616 5651//5651 5685//5685
f 5681//5681 5686//5686 5684//5684
f 5681//5681 5685//5685 5686//5686
f 5651//5651 5686//5686 5685//5685
f 5651//5651 5654//5654 5686//5686
f 5590//5590 5687//5687 5594//5594
f 5590//5590 5682//5682 5687//5687
f 5688//5688 5690//5690 5689//5689
f 5688//5688 5687//5687 5690//5690
f 5682//5682 5690//5690 5687//5687
f 5682//5682 5683//5683 5690//5690
f 5684//5684 5690//5690 5683//5683
f 5684//5684 5689//5689 5690//5690
f 5688//5688 5692//5692 5691//5691
f 5688//5688 5689//5689 5692//5692
f 5594//5594 5693//5693 5593//5593
f 5594//5594 5687//5687 5693//5693
f 5688//5688 5693//5693 5687//5687
f 5688//5688 5691//5691 5693//5693
f 5684//5684 5694//5694 5689//5689
f 5684//5684 5686//5686 5694//5694
f 5654//5654 5694//5694 5686//5686
f 5654//5654 5657//5657 5694//5694
f 5689//5689 5695//5695 5692//5692
f 5689//5689 5694//5694 5695//5695
f 5657//5657 5695//5695 5694//5694
f 5657//5657 5660//5660 5695//5695
f 5515//5515 5697//5697 5696//5696
f 5515//5515 5516//5516 5697//5697
f 5517//5517 5699//5699 5698//5698
f 5517//5517 5518//5518 5699//5699
f 5515//5515 5699//5699 5518//5518
f 5515//5515 5696//5696 5699//5699
f 5696//5696 5701//5701 5700//5700
f 5696//5696 5697//5697 5701//5701
f 5702//5702 5703//5703 5700//5700
f 5702//5702 5704//5704 5703//5703
f 5698//5698 5703//5703 5704//5704
f 5698//5698 5699//5699 5703//5703
f 5696//5696 5703//5703 5699//5699
f 5696//5696 5700//5700 5703//5703
f 5705//5705 5707//5707 5706//5706
f 5705//5705 5708//5708 5707//5707
f 5702//5702 5709//5709 5704//5704
f 5702//5702 5710//5710 5709//5709
f 5711//5711 5713//5713 5712//5712
f 5711//5711 5709//5709 5713//5713
f 5710//5710 5713//5713 5709//5709
f 5710//5710 5714//5714 5713//5713
f 5702//5702 5715//5715 5710//5710
f 5702//5702 5700//5700 5715//5715
f 5705//5705 5716//5716 5708//5708
f 5705//5705 5715//5715 5716//5716
f 5700//5700 5716//5716 5715//5715
f 5700//5700 5701//5701 5716//5716
f 5717//5717 5716//5716 5701//5701
f 5717//5717 5708//5708 5716//5716
f 5718//5718 5719//5719 5706//5706
f 5718//5718 5714//5714 5719//5719
f 5710//5710 5719//5719 5714//5714
f 5710//5710 5715//5715 5719//5719
f 5705//5705 5719//5719 5715//5715
f 5705//5705 5706//5706 5719//5719
f 5720//5720 5722//5722 5721//5721
f 5720//5720 5723//5723 5722//5722
f 5723//5723 5724//5724 5722//5722
f 5723//5723 5725//5725 5724//5724
f 5726//5726 5724//5724 5727//5727
f 5726//5726 5722//5722 5724//5724
f 4017//4017 5728//5728 4016//4016
f 4017//4017 5729//5729 5728//5728
f 5729//5729 5730//5730 5728//5728
f 5729//5729 5731//5731 5730//5730
f 4023//4023 5732//5732 4022//4022
f 4023//4023 5733//5733 5732//5732
f 4024//4024 5732//5732 5734//5734
f 4024//4024 4022//4022 5732//5732
f 5733//5733 5735//5735 5732//5732
f 5733//5733 5736//5736 5735//5735
f 5720//5720 5735//5735 5736//5736
f 5720//5720 5721//5721 5735//5735
f 5734//5734 5735//5735 5721//5721
f 5734//5734 5732//5732 5735//5735
f 4016//4016 5737//5737 4027//4027
f 4016//4016 5728//5728 5737//5737
f 4023//4023 5737//5737 5733//5733
f 4023//4023 4027//4027 5737//5737
f 5728//5728 5738//5738 5737//5737
f 5728//5728 5730//5730 5738//5738
f 5739//5739 5738//5738 5730//5730
f 5739//5739 5736//5736 5738//5738
f 5733//5733 5738//5738 5736//5736
f 5733//5733 5737//5737 5738//5738
f 5731//5731 5740//5740 5730//5730
f 5731//5731 5741//5741 5740//5740
f 5739//5739 5740//5740 5742//5742
f 5739//5739 5730//5730 5740//5740
f 5741//5741 5743//5743 5740//5740
f 5741//5741 5744//5744 5743//5743
f 5745//5745 5743//5743 5744//5744
f 5745//5745 5746//5746 5743//5743
f 5742//5742 5743//5743 5746//5746
f 5742//5742 5740//5740 5743//5743
f 5739//5739 5747//5747 5736//5736
f 5739//5739 5742//5742 5747//5747
f 5720//5720 5747//5747 5723//5723
f 5720//5720 5736//5736 5747//5747
f 5742//5742 5748//5748 5747//5747
f 5742//5742 5746//5746 5748//5748
f 5749//5749 5748//5748 5746//5746
f 5749//5749 5725//5725 5748//5748
f 5723//5723 5748//5748 5725//5725
f 5723//5723 5747//5747 5748//5748
f 5750//5750 5752//5752 5751//5751
f 5750//5750 5753//5753 5752//5752
f 5754//5754 5752//5752 5755//5755
f 5754//5754 5751//5751 5752//5752
f 5756//5756 5758//5758 5757//5757
f 5756//5756 5759//5759 5758//5758
f 5750//5750 5758//5758 5759//5759
f 5750//5750 5751//5751 5758//5758
f 5760//5760 5758//5758 5751//5751
f 5760//5760 5757//5757 5758//5758
f 5761//5761 5762//5762 5759//5759
f 5761//5761 5763//5763 5762//5762
f 5750//5750 5762//5762 5753//5753
f 5750//5750 5759//5759 5762//5762
f 5718//5718 5765//5765 5764//5764
f 5718//5718 5706//5706 5765//5765
f 5766//5766 5768//5768 5767//5767
f 5766//5766 5765//5765 5768//5768
f 5706//5706 5768//5768 5765//5765
f 5706//5706 5707//5707 5768//5768
f 5769//5769 5768//5768 5707//5707
f 5769//5769 5767//5767 5768//5768
f 5749//5749 5770//5770 5725//5725
f 5749//5749 5771//5771 5770//5770
f 5725//5725 5772//5772 5724//5724
f 5725//5725 5770//5770 5772//5772
f 5766//5766 5772//5772 5770//5770
f 5766//5766 5767//5767 5772//5772
f 5727//5727 5772//5772 5767//5767
f 5727//5727 5724//5724 5772//5772
f 5771//5771 5773//5773 5770//5770
f 5771//5771 5774//5774 5773//5773
f 5764//5764 5773//5773 5774//5774
f 5764//5764 5765//5765 5773//5773
f 5766//5766 5773//5773 5765//5765
f 5766//5766 5770//5770 5773//5773
f 5718//5718 5775//5775 5714//5714
f 5718//5718 5764//5764 5775//5775
f 5776//5776 5777//5777 5775//5775
f 5776//5776 5778//5778 5777//5777
f 5712//5712 5777//5777 5778//5778
f 5712//5712 5713//5713 5777//5777
f 5714//5714 5777//5777 5713//5713
f 5714//5714 5775//5775 5777//5777
f 5779//5779 5780//5780 5774//5774
f 5779//5779 5781//5781 5780//5780
f 5776//5776 5780//5780 5781//5781
f 5776//5776 5775//5775 5780//5780
f 5764//5764 5780//5780 5775//5775
f 5764//5764 5774//5774 5780//5780
f 5754//5754 5782//5782 5781//5781
f 5754//5754 5755//5755 5782//5782
f 5783//5783 5782//5782 5755//5755
f 5783//5783 5778//5778 5782//5782
f 5776//5776 5782//5782 5778//5778
f 5776//5776 5781//5781 5782//5782
f 5745//5745 5784//5784 5746//5746
f 5745//5745 5785//5785 5784//5784
f 5749//5749 5784//5784 5771//5771
f 5749//5749 5746//5746 5784//5784
f 5785//5785 5786//5786 5784//5784
f 5785//5785 5787//5787 5786//5786
f 5779//5779 5786//5786 5787//5787
f 5779//5779 5774//5774 5786//5786
f 5771//5771 5786//5786 5774//5774
f 5771//5771 5784//5784 5786//5786
f 5788//5788 5789//5789 5744//5744
f 5788//5788 5790//5790 5789//5789
f 5745//5745 5789//5789 5785//5785
f 5745//5745 5744//5744 5789//5789
f 5790//5790 5791//5791 5789//5789
f 5790//5790 5757//5757 5791//5791
f 5760//5760 5791//5791 5757//5757
f 5760//5760 5787//5787 5791//5791
f 5785//5785 5791//5791 5787//5787
f 5785//5785 5789//5789 5791//5791
f 5760//5760 5792//5792 5787//5787
f 5760//5760 5751//5751 5792//5792
f 5754//5754 5792//5792 5751//5751
f 5754//5754 5781//5781 5792//5792
f 5779//5779 5792//5792 5781//5781
f 5779//5779 5787//5787 5792//5792
f 5292//5292 5793//5793 5426//5426
f 5292//5292 5570//5570 5793//5793
f 5426//5426 5794//5794 5430//5430
f 5426//5426 5793//5793 5794//5794
f 5793//5793 5795//5795 5794//5794
f 5793//5793 5796//5796 5795//5795
f 5793//5793 5797//5797 5796//5796
f 5793//5793 5798//5798 5797//5797
f 5575//5575 5797//5797 5798//5798
f 5575//5575 5576//5576 5797//5797
f 5570//5570 5798//5798 5793//5793
f 5570//5570 5575//5575 5798//5798
f 5576//5576 5799//5799 5797//5797
f 5576//5576 5579//5579 5799//5799
f 5579//5579 5800//5800 5799//5799
f 5579//5579 5580//5580 5800//5800
f 5795//5795 5802//5802 5801//5801
f 5795//5795 5803//5803 5802//5802
f 5797//5797 5802//5802 5803//5803
f 5797//5797 5799//5799 5802//5802
f 5796//5796 5803//5803 5795//5795
f 5796//5796 5797//5797 5803//5803
f 5801//5801 5805//5805 5804//5804
f 5801//5801 5802//5802 5805//5805
f 5799//5799 5805//5805 5802//5802
f 5799//5799 5800//5800 5805//5805
f 5430//5430 5806//5806 5435//5435
f 5430//5430 5794//5794 5806//5806
f 5794//5794 5807//5807 5806//5806
f 5794//5794 5795//5795 5807//5807
f 5440//5440 5809//5809 5808//5808
f 5440//5440 5810//5810 5809//5809
f 5435//5435 5809//5809 5810//5810
f 5435//5435 5806//5806 5809//5809
f 5434//5434 5810//5810 5440//5440
f 5434//5434 5435//5435 5810//5810
f 5806//5806 5811//5811 5809//5809
f 5806//5806 5807//5807 5811//5811
f 5795//5795 5812//5812 5807//5807
f 5795//5795 5801//5801 5812//5812
f 5801//5801 5813//5813 5812//5812
f 5801//5801 5804//5804 5813//5813
f 5807//5807 5814//5814 5811//5811
f 5807//5807 5812//5812 5814//5814
f 5812//5812 5815//5815 5814//5814
f 5812//5812 5813//5813 5815//5815
f 5592//5592 5817//5817 5816//5816
f 5592//5592 5593//5593 5817//5817
f 5818//5818 5820//5820 5819//5819
f 5818//5818 5816//5816 5820//5820
f 5816//5816 5821//5821 5820//5820
f 5816//5816 5817//5817 5821//5821
f 5580//5580 5822//5822 5800//5800
f 5580//5580 5597//5597 5822//5822
f 5597//5597 5823//5823 5822//5822
f 5597//5597 5598//5598 5823//5823
f 5804//5804 5825//5825 5824//5824
f 5804//5804 5805//5805 5825//5825
f 5800//5800 5825//5825 5805//5805
f 5800//5800 5822//5822 5825//5825
f 5824//5824 5826//5826 5819//5819
f 5824//5824 5825//5825 5826//5826
f 5822//5822 5826//5826 5825//5825
f 5822//5822 5823//5823 5826//5826
f 5818//5818 5826//5826 5823//5823
f 5818//5818 5819//5819 5826//5826
f 5818//5818 5827//5827 5816//5816
f 5818//5818 5823//5823 5827//5827
f 5598//5598 5827//5827 5823//5823
f 5598//5598 5601//5601 5827//5827
f 5592//5592 5827//5827 5601//5601
f 5592//5592 5816//5816 5827//5827
f 5804//5804 5828//5828 5813//5813
f 5804//5804 5824//5824 5828//5828
f 5824//5824 5829//5829 5828//5828
f 5824//5824 5819//5819 5829//5829
f 5813//5813 5830//5830 5815//5815
f 5813//5813 5828//5828 5830//5830
f 5828//5828 5831//5831 5830//5830
f 5828//5828 5829//5829 5831//5831
f 5819//5819 5832//5832 5829//5829
f 5819//5819 5820//5820 5832//5832
f 5820//5820 5833//5833 5832//5832
f 5820//5820 5821//5821 5833//5833
f 5834//5834 5833//5833 5821//5821
f 5834//5834 5835//5835 5833//5833
f 5829//5829 5836//5836 5831//5831
f 5829//5829 5832//5832 5836//5836
f 5837//5837 5839//5839 5838//5838
f 5837//5837 5836//5836 5839//5839
f 5832//5832 5839//5839 5836//5836
f 5832//5832 5833//5833 5839//5839
f 5835//5835 5839//5839 5833//5833
f 5835//5835 5838//5838 5839//5839
f 5476//5476 5841//5841 5840//5840
f 5476//5476 5842//5842 5841//5841
f 5459//5459 5841//5841 5842//5842
f 5459//5459 5843//5843 5841//5841
f 5458//5458 5842//5842 5476//5476
f 5458//5458 5459//5459 5842//5842
f 5840//5840 5845//5845 5844//5844
f 5840//5840 5841//5841 5845//5845
f 5843//5843 5845//5845 5841//5841
f 5843//5843 5846//5846 5845//5845
f 5472//5472 5848//5848 5847//5847
f 5472//5472 5849//5849 5848//5848
f 5476//5476 5848//5848 5849//5849
f 5476//5476 5840//5840 5848//5848
f 5473//5473 5849//5849 5472//5472
f 5473//5473 5476//5476 5849//5849
f 5847//5847 5851//5851 5850//5850
f 5847//5847 5848//5848 5851//5851
f 5840//5840 5851//5851 5848//5848
f 5840//5840 5844//5844 5851//5851
f 5851//5851 5853//5853 5852//5852
f 5851//5851 5854//5854 5853//5853
f 5845//5845 5853//5853 5854//5854
f 5845//5845 5855//5855 5853//5853
f 5844//5844 5854//5854 5851//5851
f 5844//5844 5845//5845 5854//5854
f 5852//5852 5857//5857 5856//5856
f 5852//5852 5853//5853 5857//5857
f 5855//5855 5857//5857 5853//5853
f 5855//5855 5858//5858 5857//5857
f 5856//5856 5860//5860 5859//5859
f 5856//5856 5857//5857 5860//5860
f 5858//5858 5860//5860 5857//5857
f 5858//5858 5861//5861 5860//5860
f 5859//5859 5863//5863 5862//5862
f 5859//5859 5860//5860 5863//5863
f 5861//5861 5863//5863 5860//5860
f 5861//5861 5864//5864 5863//5863
f 5865//5865 5863//5863 5864//5864
f 5865//5865 5862//5862 5863//5863
f 5865//5865 5867//5867 5866//5866
f 5865//5865 5864//5864 5867//5867
f 5868//5868 5867//5867 5864//5864
f 5868//5868 5869//5869 5867//5867
f 5866//5866 5871//5871 5870//5870
f 5866//5866 5867//5867 5871//5871
f 5869//5869 5871//5871 5867//5867
f 5869//5869 5872//5872 5871//5871
f 5873//5873 5871//5871 5872//5872
f 5873//5873 5870//5870 5871//5871
f 5874//5874 5876//5876 5875//5875
f 5874//5874 5862//5862 5876//5876
f 5865//5865 5876//5876 5862//5862
f 5865//5865 5866//5866 5876//5876
f 5875//5875 5878//5878 5877//5877
f 5875//5875 5876//5876 5878//5878
f 5866//5866 5878//5878 5876//5876
f 5866//5866 5870//5870 5878//5878
f 5879//5879 5878//5878 5870//5870
f 5879//5879 5877//5877 5878//5878
f 5440//5440 5880//5880 5477//5477
f 5440//5440 5808//5808 5880//5880
f 5880//5880 5882//5882 5881//5881
f 5880//5880 5883//5883 5882//5882
f 5809//5809 5882//5882 5883//5883
f 5809//5809 5811//5811 5882//5882
f 5808//5808 5883//5883 5880//5880
f 5808//5808 5809//5809 5883//5883
f 5459//5459 5884//5884 5843//5843
f 5459//5459 5885//5885 5884//5884
f 5477//5477 5884//5884 5885//5885
f 5477//5477 5880//5880 5884//5884
f 5461//5461 5885//5885 5459//5459
f 5461//5461 5477//5477 5885//5885
f 5843//5843 5886//5886 5846//5846
f 5843//5843 5884//5884 5886//5886
f 5880//5880 5886//5886 5884//5884
f 5880//5880 5881//5881 5886//5886
f 5881//5881 5888//5888 5887//5887
f 5881//5881 5882//5882 5888//5888
f 5811//5811 5888//5888 5882//5882
f 5811//5811 5814//5814 5888//5888
f 5887//5887 5890//5890 5889//5889
f 5887//5887 5888//5888 5890//5890
f 5814//5814 5890//5890 5888//5888
f 5814//5814 5815//5815 5890//5890
f 5881//5881 5891//5891 5886//5886
f 5881//5881 5887//5887 5891//5891
f 5887//5887 5892//5892 5891//5891
f 5887//5887 5889//5889 5892//5892
f 5845//5845 5893//5893 5855//5855
f 5845//5845 5894//5894 5893//5893
f 5886//5886 5893//5893 5894//5894
f 5886//5886 5891//5891 5893//5893
f 5846//5846 5894//5894 5845//5845
f 5846//5846 5886//5886 5894//5894
f 5855//5855 5895//5895 5858//5858
f 5855//5855 5893//5893 5895//5895
f 5891//5891 5895//5895 5893//5893
f 5891//5891 5892//5892 5895//5895
f 5889//5889 5897//5897 5896//5896
f 5889//5889 5890//5890 5897//5897
f 5815//5815 5897//5897 5890//5890
f 5815//5815 5830//5830 5897//5897
f 5896//5896 5899//5899 5898//5898
f 5896//5896 5897//5897 5899//5899
f 5830//5830 5899//5899 5897//5897
f 5830//5830 5831//5831 5899//5899
f 5889//5889 5900//5900 5892//5892
f 5889//5889 5896//5896 5900//5900
f 5896//5896 5901//5901 5900//5900
f 5896//5896 5898//5898 5901//5901
f 5837//5837 5903//5903 5902//5902
f 5837//5837 5838//5838 5903//5903
f 5898//5898 5904//5904 5902//5902
f 5898//5898 5899//5899 5904//5904
f 5831//5831 5904//5904 5899//5899
f 5831//5831 5836//5836 5904//5904
f 5837//5837 5904//5904 5836//5836
f 5837//5837 5902//5902 5904//5904
f 5868//5868 5905//5905 5869//5869
f 5868//5868 5901//5901 5905//5905
f 5898//5898 5905//5905 5901//5901
f 5898//5898 5902//5902 5905//5905
f 5869//5869 5906//5906 5872//5872
f 5869//5869 5905//5905 5906//5906
f 5902//5902 5906//5906 5905//5905
f 5902//5902 5903//5903 5906//5906
f 5907//5907 5906//5906 5903//5903
f 5907//5907 5872//5872 5906//5906
f 5858//5858 5908//5908 5861//5861
f 5858//5858 5895//5895 5908//5908
f 5892//5892 5908//5908 5895//5895
f 5892//5892 5900//5900 5908//5908
f 5861//5861 5909//5909 5864//5864
f 5861//5861 5908//5908 5909//5909
f 5900//5900 5909//5909 5908//5908
f 5900//5900 5901//5901 5909//5909
f 5868//5868 5909//5909 5901//5901
f 5868//5868 5864//5864 5909//5909
f 5660//5660 5911//5911 5910//5910
f 5660//5660 5661//5661 5911//5911
f 5662//5662 5911//5911 5661//5661
f 5662//5662 5912//5912 5911//5911
f 5910//5910 5914//5914 5913//5913
f 5910//5910 5911//5911 5914//5914
f 5912//5912 5914//5914 5911//5911
f 5912//5912 5915//5915 5914//5914
f 5916//5916 5917//5917 5915//5915
f 5916//5916 5918//5918 5917//5917
f 5919//5919 5921//5921 5920//5920
f 5919//5919 5913//5913 5921//5921
f 5922//5922 5923//5923 5917//5917
f 5922//5922 5921//5921 5923//5923
f 5913//5913 5923//5923 5921//5921
f 5913//5913 5914//5914 5923//5923
f 5915//5915 5923//5923 5914//5914
f 5915//5915 5917//5917 5923//5923
f 5924//5924 5926//5926 5925//5925
f 5924//5924 5927//5927 5926//5926
f 5922//5922 5926//5926 5927//5927
f 5922//5922 5917//5917 5926//5926
f 5918//5918 5926//5926 5917//5917
f 5918//5918 5925//5925 5926//5926
f 5920//5920 5929//5929 5928//5928
f 5920//5920 5921//5921 5929//5929
f 5922//5922 5929//5929 5921//5921
f 5922//5922 5927//5927 5929//5929
f 5674//5674 5931//5931 5930//5930
f 5674//5674 5675//5675 5931//5931
f 5517//5517 5931//5931 5675//5675
f 5517//5517 5698//5698 5931//5931
f 5674//5674 5932//5932 5676//5676
f 5674//5674 5930//5930 5932//5932
f 5930//5930 5934//5934 5933//5933
f 5930//5930 5931//5931 5934//5934
f 5698//5698 5934//5934 5931//5931
f 5698//5698 5704//5704 5934//5934
f 5930//5930 5935//5935 5932//5932
f 5930//5930 5933//5933 5935//5935
f 5662//5662 5936//5936 5912//5912
f 5662//5662 5678//5678 5936//5936
f 5676//5676 5936//5936 5678//5678
f 5676//5676 5932//5932 5936//5936
f 5916//5916 5937//5937 5935//5935
f 5916//5916 5915//5915 5937//5937
f 5912//5912 5937//5937 5915//5915
f 5912//5912 5936//5936 5937//5937
f 5932//5932 5937//5937 5936//5936
f 5932//5932 5935//5935 5937//5937
f 5711//5711 5938//5938 5709//5709
f 5711//5711 5939//5939 5938//5938
f 5933//5933 5938//5938 5939//5939
f 5933//5933 5934//5934 5938//5938
f 5704//5704 5938//5938 5934//5934
f 5704//5704 5709//5709 5938//5938
f 5916//5916 5940//5940 5918//5918
f 5916//5916 5935//5935 5940//5940
f 5933//5933 5940//5940 5935//5935
f 5933//5933 5939//5939 5940//5940
f 5711//5711 5941//5941 5939//5939
f 5711//5711 5712//5712 5941//5941
f 5942//5942 5943//5943 5941//5941
f 5942//5942 5925//5925 5943//5943
f 5918//5918 5943//5943 5925//5925
f 5918//5918 5940//5940 5943//5943
f 5939//5939 5943//5943 5940//5940
f 5939//5939 5941//5941 5943//5943
f 5691//5691 5945//5945 5944//5944
f 5691//5691 5692//5692 5945//5945
f 5593//5593 5946//5946 5817//5817
f 5593//5593 5693//5693 5946//5946
f 5691//5691 5946//5946 5693//5693
f 5691//5691 5944//5944 5946//5946
f 5944//5944 5948//5948 5947//5947
f 5944//5944 5945//5945 5948//5948
f 5834//5834 5949//5949 5947//5947
f 5834//5834 5821//5821 5949//5949
f 5817//5817 5949//5949 5821//5821
f 5817//5817 5946//5946 5949//5949
f 5944//5944 5949//5949 5946//5946
f 5944//5944 5947//5947 5949//5949
f 5692//5692 5950//5950 5945//5945
f 5692//5692 5695//5695 5950//5950
f 5660//5660 5950//5950 5695//5695
f 5660//5660 5910//5910 5950//5950
f 5919//5919 5951//5951 5913//5913
f 5919//5919 5948//5948 5951//5951
f 5945//5945 5951//5951 5948//5948
f 5945//5945 5950//5950 5951//5951
f 5910//5910 5951//5951 5950//5950
f 5910//5910 5913//5913 5951//5951
f 5834//5834 5952//5952 5835//5835
f 5834//5834 5947//5947 5952//5952
f 5947//5947 5953//5953 5952//5952
f 5947//5947 5948//5948 5953//5953
f 5919//5919 5953//5953 5948//5948
f 5919//5919 5920//5920 5953//5953
f 5835//5835 5954//5954 5838//5838
f 5835//5835 5952//5952 5954//5954
f 5955//5955 5956//5956 5928//5928
f 5955//5955 5954//5954 5956//5956
f 5952//5952 5956//5956 5954//5954
f 5952//5952 5953//5953 5956//5956
f 5920//5920 5956//5956 5953//5953
f 5920//5920 5928//5928 5956//5956
f 5924//5924 5958//5958 5957//5957
f 5924//5924 5925//5925 5958//5958
f 5942//5942 5958//5958 5925//5925
f 5942//5942 5959//5959 5958//5958
f 5783//5783 5960//5960 5959//5959
f 5783//5783 5755//5755 5960//5960
f 5961//5961 5962//5962 5960//5960
f 5961//5961 5963//5963 5962//5962
f 5957//5957 5962//5962 5963//5963
f 5957//5957 5958//5958 5962//5962
f 5959//5959 5962//5962 5958//5958
f 5959//5959 5960//5960 5962//5962
f 5955//5955 5965//5965 5964//5964
f 5955//5955 5928//5928 5965//5965
f 5873//5873 5967//5967 5966//5966
f 5873//5873 5872//5872 5967//5967
f 5907//5907 5967//5967 5872//5872
f 5907//5907 5964//5964 5967//5967
f 5966//5966 5969//5969 5968//5968
f 5966//5966 5967//5967 5969//5969
f 5964//5964 5969//5969 5967//5967
f 5964//5964 5965//5965 5969//5969
f 5970//5970 5969//5969 5965//5965
f 5970//5970 5968//5968 5969//5969
f 5924//5924 5971//5971 5927//5927
f 5924//5924 5957//5957 5971//5971
f 5970//5970 5972//5972 5971//5971
f 5970//5970 5965//5965 5972//5972
f 5928//5928 5972//5972 5965//5965
f 5928//5928 5929//5929 5972//5972
f 5927//5927 5972//5972 5929//5929
f 5927//5927 5971//5971 5972//5972
f 5973//5973 5974//5974 5963//5963
f 5973//5973 5968//5968 5974//5974
f 5970//5970 5974//5974 5968//5968
f 5970//5970 5971//5971 5974//5974
f 5957//5957 5974//5974 5971//5971
f 5957//5957 5963//5963 5974//5974
f 5975//5975 5976//5976 5763//5763
f 5975//5975 5977//5977 5976//5976
f 5978//5978 5979//5979 5977//5977
f 5978//5978 5877//5877 5979//5979
f 5879//5879 5979//5979 5877//5877
f 5879//5879 5980//5980 5979//5979
f 5977//5977 5981//5981 5976//5976
f 5977//5977 5979//5979 5981//5981
f 5980//5980 5981//5981 5979//5979
f 5980//5980 5982//5982 5981//5981
f 5983//5983 5981//5981 5982//5982
f 5983//5983 5976//5976 5981//5981
f 5753//5753 5984//5984 5752//5752
f 5753//5753 5985//5985 5984//5984
f 5961//5961 5984//5984 5985//5985
f 5961//5961 5960//5960 5984//5984
f 5755//5755 5984//5984 5960//5960
f 5755//5755 5752//5752 5984//5984
f 5983//5983 5986//5986 5985//5985
f 5983//5983 5982//5982 5986//5986
f 5973//5973 5986//5986 5982//5982
f 5973//5973 5963//5963 5986//5986
f 5961//5961 5986//5986 5963//5963
f 5961//5961 5985//5985 5986//5986
f 5763//5763 5987//5987 5762//5762
f 5763//5763 5976//5976 5987//5987
f 5983//5983 5987//5987 5976//5976
f 5983//5983 5985//5985 5987//5987
f 5753//5753 5987//5987 5985//5985
f 5753//5753 5762//5762 5987//5987
f 5879//5879 5988//5988 5980//5980
f 5879//5879 5870//5870 5988//5988
f 5873//5873 5988//5988 5870//5870
f 5873//5873 5966//5966 5988//5988
f 5980//5980 5989//5989 5982//5982
f 5980//5980 5988//5988 5989//5989
f 5966//5966 5989//5989 5988//5988
f 5966//5966 5968//5968 5989//5989
f 5973//5973 5989//5989 5968//5968
f 5973//5973 5982//5982 5989//5989
f 5783//5783 5990//5990 5778//5778
f 5783//5783 5959//5959 5990//5990
f 5942//5942 5990//5990 5959//5959
f 5942//5942 5941//5941 5990//5990
f 5712//5712 5990//5990 5941//5941
f 5712//5712 5778//5778 5990//5990
f 5907//5907 5991//5991 5964//5964
f 5907//5907 5903//5903 5991//5991
f 5838//5838 5991//5991 5903//5903
f 5838//5838 5954//5954 5991//5991
f 5955//5955 5991//5991 5954//5954
f 5955//5955 5964//5964 5991//5991
f 4074//4074 5992//5992 4073//4073
f 4074//4074 5993//5993 5992//5992
f 3508//3508 5993//5993 4074//4074
f 3508//3508 5352//5352 5993//5993
f 5993//5993 5994//5994 5992//5992
f 5993//5993 5995//5995 5994//5994
f 5352//5352 5995//5995 5993//5993
f 5352//5352 5353//5353 5995//5995
f 4078//4078 5996//5996 4077//4077
f 4078//4078 5997//5997 5996//5996
f 4073//4073 5997//5997 4078//4078
f 4073//4073 5992//5992 5997//5997
f 5997//5997 5998//5998 5996//5996
f 5997//5997 5999//5999 5998//5998
f 5992//5992 5999//5999 5997//5997
f 5992//5992 5994//5994 5999//5999
f 5995//5995 6000//6000 5994//5994
f 5995//5995 6001//6001 6000//6000
f 5353//5353 6001//6001 5995//5995
f 5353//5353 5354//5354 6001//6001
f 6001//6001 6002//6002 6000//6000
f 6001//6001 6003//6003 6002//6002
f 5354//5354 6003//6003 6001//6001
f 5354//5354 5355//5355 6003//6003
f 5999//5999 6004//6004 5998//5998
f 5999//5999 6005//6005 6004//6004
f 5994//5994 6005//6005 5999//5999
f 5994//5994 6000//6000 6005//6005
f 6005//6005 6006//6006 6004//6004
f 6005//6005 6007//6007 6006//6006
f 6000//6000 6007//6007 6005//6005
f 6000//6000 6002//6002 6007//6007
f 4090//4090 6008//6008 4089//4089
f 4090//4090 6009//6009 6008//6008
f 4077//4077 6009//6009 4090//4090
f 4077//4077 5996//5996 6009//6009
f 4089//4089 6010//6010 4091//4091
f 4089//4089 6008//6008 6010//6010
f 6009//6009 6011//6011 6008//6008
f 6009//6009 6012//6012 6011//6011
f 5996//5996 6012//6012 6009//6009
f 5996//5996 5998//5998 6012//6012
f 6008//6008 6013//6013 6010//6010
f 6008//6008 6011//6011 6013//6013
f 6012//6012 6014//6014 6011//6011
f 6012//6012 6015//6015 6014//6014
f 5998//5998 6015//6015 6012//6012
f 5998//5998 6004//6004 6015//6015
f 6011//6011 6016//6016 6013//6013
f 6011//6011 6014//6014 6016//6016
f 6015//6015 6017//6017 6014//6014
f 6015//6015 6018//6018 6017//6017
f 6006//6006 6017//6017 6018//6018
f 6006//6006 6019//6019 6017//6017
f 6004//6004 6018//6018 6015//6015
f 6004//6004 6006//6006 6018//6018
f 6014//6014 6020//6020 6016//6016
f 6014//6014 6017//6017 6020//6020
f 6003//6003 6021//6021 6002//6002
f 6003//6003 6022//6022 6021//6021
f 5373//5373 6021//6021 6022//6022
f 5373//5373 5374//5374 6021//6021
f 5355//5355 6022//6022 6003//6003
f 5355//5355 5373//5373 6022//6022
f 6021//6021 6024//6024 6023//6023
f 6021//6021 6025//6025 6024//6024
f 5374//5374 6025//6025 6021//6021
f 5374//5374 5375//5375 6025//6025
f 6007//6007 6026//6026 6006//6006
f 6007//6007 6027//6027 6026//6026
f 6021//6021 6026//6026 6027//6027
f 6021//6021 6023//6023 6026//6026
f 6002//6002 6027//6027 6007//6007
f 6002//6002 6021//6021 6027//6027
f 6006//6006 6028//6028 6019//6019
f 6006//6006 6026//6026 6028//6028
f 6026//6026 6029//6029 6028//6028
f 6026//6026 6030//6030 6029//6029
f 6023//6023 6030//6030 6026//6026
f 6023//6023 6024//6024 6030//6030
f 6025//6025 6031//6031 6024//6024
f 6025//6025 6032//6032 6031//6031
f 5382//5382 6031//6031 6032//6032
f 5382//5382 5384//5384 6031//6031
f 5375//5375 6032//6032 6025//6025
f 5375//5375 5382//5382 6032//6032
f 6031//6031 6034//6034 6033//6033
f 6031//6031 6035//6035 6034//6034
f 5385//5385 6034//6034 6035//6035
f 5385//5385 5465//5465 6034//6034
f 5384//5384 6035//6035 6031//6031
f 5384//5384 5385//5385 6035//6035
f 6030//6030 6036//6036 6029//6029
f 6030//6030 6037//6037 6036//6036
f 6031//6031 6036//6036 6037//6037
f 6031//6031 6033//6033 6036//6036
f 6024//6024 6037//6037 6030//6030
f 6024//6024 6031//6031 6037//6037
f 6029//6029 6039//6039 6038//6038
f 6029//6029 6036//6036 6039//6039
f 6036//6036 6040//6040 6039//6039
f 6036//6036 6041//6041 6040//6040
f 6034//6034 6040//6040 6041//6041
f 6034//6034 6042//6042 6040//6040
f 6033//6033 6041//6041 6036//6036
f 6033//6033 6034//6034 6041//6041
f 6017//6017 6043//6043 6020//6020
f 6017//6017 6044//6044 6043//6043
f 6019//6019 6044//6044 6017//6017
f 6019//6019 6028//6028 6044//6044
f 6044//6044 6045//6045 6043//6043
f 6044//6044 6046//6046 6045//6045
f 6029//6029 6045//6045 6046//6046
f 6029//6029 6038//6038 6045//6045
f 6028//6028 6046//6046 6044//6044
f 6028//6028 6029//6029 6046//6046
f 6034//6034 6047//6047 6042//6042
f 6034//6034 6048//6048 6047//6047
f 5466//5466 6047//6047 6048//6048
f 5466//5466 5471//5471 6047//6047
f 5465//5465 6048//6048 6034//6034
f 5465//5465 5466//5466 6048//6048
f 4201//4201 6049//6049 4200//4200
f 4201//4201 6050//6050 6049//6049
f 4091//4091 6050//6050 4201//4201
f 4091//4091 6010//6010 6050//6050
f 4200//4200 6051//6051 4202//4202
f 4200//4200 6049//6049 6051//6051
f 6050//6050 6052//6052 6049//6049
f 6050//6050 6053//6053 6052//6052
f 6010//6010 6053//6053 6050//6050
f 6010//6010 6013//6013 6053//6053
f 6049//6049 6054//6054 6051//6051
f 6049//6049 6052//6052 6054//6054
f 4202//4202 6055//6055 4205//4205
f 4202//4202 6051//6051 6055//6055
f 4205//4205 6056//6056 4206//4206
f 4205//4205 6055//6055 6056//6056
f 6051//6051 6057//6057 6055//6055
f 6051//6051 6054//6054 6057//6057
f 6055//6055 6058//6058 6056//6056
f 6055//6055 6057//6057 6058//6058
f 6016//6016 6060//6060 6059//6059
f 6016//6016 6020//6020 6060//6060
f 6053//6053 6061//6061 6052//6052
f 6053//6053 6062//6062 6061//6061
f 6016//6016 6061//6061 6062//6062
f 6016//6016 6059//6059 6061//6061
f 6013//6013 6062//6062 6053//6053
f 6013//6013 6016//6016 6062//6062
f 6052//6052 6063//6063 6054//6054
f 6052//6052 6061//6061 6063//6063
f 6061//6061 6064//6064 6063//6063
f 6061//6061 6065//6065 6064//6064
f 6059//6059 6065//6065 6061//6061
f 6059//6059 6060//6060 6065//6065
f 6054//6054 6066//6066 6057//6057
f 6054//6054 6063//6063 6066//6066
f 6057//6057 6067//6067 6058//6058
f 6057//6057 6066//6066 6067//6067
f 6063//6063 6068//6068 6066//6066
f 6063//6063 6064//6064 6068//6068
f 6066//6066 6069//6069 6067//6067
f 6066//6066 6068//6068 6069//6069
f 4206//4206 6070//6070 4221//4221
f 4206//4206 6056//6056 6070//6070
f 4221//4221 6071//6071 4222//4222
f 4221//4221 6070//6070 6071//6071
f 6056//6056 6072//6072 6070//6070
f 6056//6056 6058//6058 6072//6072
f 6070//6070 6073//6073 6071//6071
f 6070//6070 6072//6072 6073//6073
f 4222//4222 6074//6074 4226//4226
f 4222//4222 6071//6071 6074//6074
f 4226//4226 6075//6075 4227//4227
f 4226//4226 6074//6074 6075//6075
f 4228//4228 6075//6075 6076//6076
f 4228//4228 4227//4227 6075//6075
f 6071//6071 6077//6077 6074//6074
f 6071//6071 6073//6073 6077//6077
f 6074//6074 6078//6078 6075//6075
f 6074//6074 6077//6077 6078//6078
f 6076//6076 6078//6078 6079//6079
f 6076//6076 6075//6075 6078//6078
f 6058//6058 6080//6080 6072//6072
f 6058//6058 6067//6067 6080//6080
f 6072//6072 6081//6081 6073//6073
f 6072//6072 6080//6080 6081//6081
f 6067//6067 6082//6082 6080//6080
f 6067//6067 6069//6069 6082//6082
f 6080//6080 6083//6083 6081//6081
f 6080//6080 6082//6082 6083//6083
f 6084//6084 6086//6086 6085//6085
f 6084//6084 6087//6087 6086//6086
f 6073//6073 6088//6088 6077//6077
f 6073//6073 6081//6081 6088//6088
f 6077//6077 6089//6089 6078//6078
f 6077//6077 6088//6088 6089//6089
f 6084//6084 6089//6089 6088//6088
f 6084//6084 6085//6085 6089//6089
f 6079//6079 6089//6089 6085//6085
f 6079//6079 6078//6078 6089//6089
f 6081//6081 6090//6090 6088//6088
f 6081//6081 6083//6083 6090//6090
f 6091//6091 6090//6090 6083//6083
f 6091//6091 6087//6087 6090//6090
f 6084//6084 6090//6090 6087//6087
f 6084//6084 6088//6088 6090//6090
f 6039//6039 6093//6093 6092//6092
f 6039//6039 6040//6040 6093//6093
f 6092//6092 6095//6095 6094//6094
f 6092//6092 6093//6093 6095//6095
f 6020//6020 6096//6096 6060//6060
f 6020//6020 6043//6043 6096//6096
f 6043//6043 6097//6097 6096//6096
f 6043//6043 6045//6045 6097//6097
f 6096//6096 6099//6099 6098//6098
f 6096//6096 6097//6097 6099//6099
f 6065//6065 6100//6100 6064//6064
f 6065//6065 6101//6101 6100//6100
f 6096//6096 6100//6100 6101//6101
f 6096//6096 6098//6098 6100//6100
f 6060//6060 6101//6101 6065//6065
f 6060//6060 6096//6096 6101//6101
f 6098//6098 6103//6103 6102//6102
f 6098//6098 6099//6099 6103//6103
f 6102//6102 6105//6105 6104//6104
f 6102//6102 6103//6103 6105//6105
f 6064//6064 6106//6106 6068//6068
f 6064//6064 6100//6100 6106//6106
f 6098//6098 6106//6106 6100//6100
f 6098//6098 6102//6102 6106//6106
f 6068//6068 6107//6107 6069//6069
f 6068//6068 6106//6106 6107//6107
f 6102//6102 6107//6107 6106//6106
f 6102//6102 6104//6104 6107//6107
f 6045//6045 6108//6108 6097//6097
f 6045//6045 6109//6109 6108//6108
f 6039//6039 6108//6108 6109//6109
f 6039//6039 6092//6092 6108//6108
f 6038//6038 6109//6109 6045//6045
f 6038//6038 6039//6039 6109//6109
f 6097//6097 6110//6110 6099//6099
f 6097//6097 6108//6108 6110//6110
f 6092//6092 6110//6110 6108//6108
f 6092//6092 6094//6094 6110//6110
f 6099//6099 6111//6111 6103//6103
f 6099//6099 6110//6110 6111//6111
f 6103//6103 6112//6112 6105//6105
f 6103//6103 6111//6111 6112//6112
f 6110//6110 6113//6113 6111//6111
f 6110//6110 6114//6114 6113//6113
f 6095//6095 6113//6113 6114//6114
f 6095//6095 6115//6115 6113//6113
f 6094//6094 6114//6114 6110//6110
f 6094//6094 6095//6095 6114//6114
f 6111//6111 6116//6116 6112//6112
f 6111//6111 6113//6113 6116//6116
f 6115//6115 6116//6116 6113//6113
f 6115//6115 6117//6117 6116//6116
f 6118//6118 6120//6120 6119//6119
f 6118//6118 6121//6121 6120//6120
f 6119//6119 6123//6123 6122//6122
f 6119//6119 6120//6120 6123//6123
f 6124//6124 6123//6123 6120//6120
f 6124//6124 6125//6125 6123//6123
f 6104//6104 6127//6127 6126//6126
f 6104//6104 6105//6105 6127//6127
f 6126//6126 6129//6129 6128//6128
f 6126//6126 6127//6127 6129//6129
f 6069//6069 6130//6130 6082//6082
f 6069//6069 6107//6107 6130//6130
f 6104//6104 6130//6130 6107//6107
f 6104//6104 6126//6126 6130//6130
f 6082//6082 6131//6131 6083//6083
f 6082//6082 6130//6130 6131//6131
f 6126//6126 6131//6131 6130//6130
f 6126//6126 6128//6128 6131//6131
f 6091//6091 6131//6131 6128//6128
f 6091//6091 6083//6083 6131//6131
f 6091//6091 6132//6132 6087//6087
f 6091//6091 6128//6128 6132//6132
f 6087//6087 6133//6133 6086//6086
f 6087//6087 6132//6132 6133//6133
f 6128//6128 6134//6134 6132//6132
f 6128//6128 6129//6129 6134//6134
f 6132//6132 6135//6135 6133//6133
f 6132//6132 6134//6134 6135//6135
f 6105//6105 6136//6136 6127//6127
f 6105//6105 6112//6112 6136//6136
f 6127//6127 6137//6137 6129//6129
f 6127//6127 6136//6136 6137//6137
f 6112//6112 6138//6138 6136//6136
f 6112//6112 6116//6116 6138//6138
f 6117//6117 6138//6138 6116//6116
f 6117//6117 6139//6139 6138//6138
f 6136//6136 6140//6140 6137//6137
f 6136//6136 6138//6138 6140//6140
f 6139//6139 6140//6140 6138//6138
f 6139//6139 6121//6121 6140//6140
f 6118//6118 6140//6140 6121//6121
f 6118//6118 6137//6137 6140//6140
f 6129//6129 6141//6141 6134//6134
f 6129//6129 6137//6137 6141//6141
f 6118//6118 6141//6141 6137//6137
f 6118//6118 6119//6119 6141//6141
f 6134//6134 6142//6142 6135//6135
f 6134//6134 6141//6141 6142//6142
f 6119//6119 6142//6142 6141//6141
f 6119//6119 6122//6122 6142//6142
f 6143//6143 6142//6142 6122//6122
f 6143//6143 6135//6135 6142//6142
f 4269//4269 6144//6144 4268//4268
f 4269//4269 6145//6145 6144//6144
f 4268//4268 6146//6146 4270//4270
f 4268//4268 6144//6144 6146//6146
f 4271//4271 6146//6146 6147//6147
f 4271//4271 4270//4270 6146//6146
f 6145//6145 6148//6148 6144//6144
f 6145//6145 6149//6149 6148//6148
f 6144//6144 6150//6150 6146//6146
f 6144//6144 6148//6148 6150//6150
f 6147//6147 6150//6150 6151//6151
f 6147//6147 6146//6146 6150//6150
f 6152//6152 6154//6154 6153//6153
f 6152//6152 6155//6155 6154//6154
f 6149//6149 6156//6156 6148//6148
f 6149//6149 6157//6157 6156//6156
f 6148//6148 6158//6158 6150//6150
f 6148//6148 6156//6156 6158//6158
f 6152//6152 6158//6158 6156//6156
f 6152//6152 6153//6153 6158//6158
f 6151//6151 6158//6158 6153//6153
f 6151//6151 6150//6150 6158//6158
f 6157//6157 6159//6159 6156//6156
f 6157//6157 6160//6160 6159//6159
f 6152//6152 6159//6159 6155//6155
f 6152//6152 6156//6156 6159//6159
f 4228//4228 6161//6161 4279//4279
f 4228//4228 6076//6076 6161//6161
f 4279//4279 6162//6162 4280//4280
f 4279//4279 6161//6161 6162//6162
f 4269//4269 6162//6162 6145//6145
f 4269//4269 4280//4280 6162//6162
f 6076//6076 6163//6163 6161//6161
f 6076//6076 6079//6079 6163//6163
f 6161//6161 6164//6164 6162//6162
f 6161//6161 6163//6163 6164//6164
f 6145//6145 6164//6164 6149//6149
f 6145//6145 6162//6162 6164//6164
f 6079//6079 6165//6165 6163//6163
f 6079//6079 6085//6085 6165//6165
f 6163//6163 6166//6166 6164//6164
f 6163//6163 6165//6165 6166//6166
f 6149//6149 6166//6166 6157//6157
f 6149//6149 6164//6164 6166//6166
f 6085//6085 6167//6167 6165//6165
f 6085//6085 6086//6086 6167//6167
f 6165//6165 6168//6168 6166//6166
f 6165//6165 6167//6167 6168//6168
f 6169//6169 6168//6168 6167//6167
f 6169//6169 6160//6160 6168//6168
f 6157//6157 6168//6168 6160//6160
f 6157//6157 6166//6166 6168//6168
f 4271//4271 6170//6170 4285//4285
f 4271//4271 6147//6147 6170//6170
f 4017//4017 6170//6170 5729//5729
f 4017//4017 4285//4285 6170//6170
f 6147//6147 6171//6171 6170//6170
f 6147//6147 6151//6151 6171//6171
f 5729//5729 6171//6171 5731//5731
f 5729//5729 6170//6170 6171//6171
f 6151//6151 6172//6172 6171//6171
f 6151//6151 6153//6153 6172//6172
f 5731//5731 6172//6172 5741//5741
f 5731//5731 6171//6171 6172//6172
f 6153//6153 6173//6173 6172//6172
f 6153//6153 6154//6154 6173//6173
f 5788//5788 6173//6173 6154//6154
f 5788//5788 5744//5744 6173//6173
f 5741//5741 6173//6173 5744//5744
f 5741//5741 6172//6172 6173//6173
f 6169//6169 6174//6174 6160//6160
f 6169//6169 6175//6175 6174//6174
f 6175//6175 6176//6176 6174//6174
f 6175//6175 6177//6177 6176//6176
f 6178//6178 6176//6176 6179//6179
f 6178//6178 6174//6174 6176//6176
f 6155//6155 6180//6180 6154//6154
f 6155//6155 6181//6181 6180//6180
f 5788//5788 6180//6180 5790//5790
f 5788//5788 6154//6154 6180//6180
f 6178//6178 6182//6182 6181//6181
f 6178//6178 6179//6179 6182//6182
f 6181//6181 6183//6183 6180//6180
f 6181//6181 6182//6182 6183//6183
f 5756//5756 6183//6183 6182//6182
f 5756//5756 5757//5757 6183//6183
f 5790//5790 6183//6183 5757//5757
f 5790//5790 6180//6180 6183//6183
f 6160//6160 6184//6184 6159//6159
f 6160//6160 6174//6174 6184//6184
f 6178//6178 6184//6184 6174//6174
f 6178//6178 6181//6181 6184//6184
f 6155//6155 6184//6184 6181//6181
f 6155//6155 6159//6159 6184//6184
f 6185//6185 6187//6187 6186//6186
f 6185//6185 6188//6188 6187//6187
f 5975//5975 6187//6187 6188//6188
f 5975//5975 5763//5763 6187//6187
f 5761//5761 6187//6187 5763//5763
f 5761//5761 6186//6186 6187//6187
f 6143//6143 6189//6189 6177//6177
f 6143//6143 6122//6122 6189//6189
f 6177//6177 6190//6190 6176//6176
f 6177//6177 6189//6189 6190//6190
f 6185//6185 6190//6190 6189//6189
f 6185//6185 6186//6186 6190//6190
f 6179//6179 6190//6190 6186//6186
f 6179//6179 6176//6176 6190//6190
f 6122//6122 6191//6191 6189//6189
f 6122//6122 6123//6123 6191//6191
f 6125//6125 6191//6191 6123//6123
f 6125//6125 6188//6188 6191//6191
f 6185//6185 6191//6191 6188//6188
f 6185//6185 6189//6189 6191//6191
f 6179//6179 6192//6192 6182//6182
f 6179//6179 6186//6186 6192//6192
f 5761//5761 6192//6192 6186//6186
f 5761//5761 5759//5759 6192//6192
f 5756//5756 6192//6192 5759//5759
f 5756//5756 6182//6182 6192//6192
f 6086//6086 6193//6193 6167//6167
f 6086//6086 6133//6133 6193//6193
f 6169//6169 6193//6193 6175//6175
f 6169//6169 6167//6167 6193//6193
f 6133//6133 6194//6194 6193//6193
f 6133//6133 6135//6135 6194//6194
f 6143//6143 6194//6194 6135//6135
f 6143//6143 6177//6177 6194//6194
f 6175//6175 6194//6194 6177//6177
f 6175//6175 6193//6193 6194//6194
f 6047//6047 6196//6196 6195//6195
f 6047//6047 6197//6197 6196//6196
f 5472//5472 6196//6196 6197//6197
f 5472//5472 5847//5847 6196//6196
f 5471//5471 6197//6197 6047//6047
f 5471//5471 5472//5472 6197//6197
f 6195//6195 6199//6199 6198//6198
f 6195//6195 6196//6196 6199//6199
f 5847//5847 6199//6199 6196//6196
f 5847//5847 5850//5850 6199//6199
f 6040//6040 6200//6200 6093//6093
f 6040//6040 6201//6201 6200//6200
f 6047//6047 6200//6200 6201//6201
f 6047//6047 6195//6195 6200//6200
f 6042//6042 6201//6201 6040//6040
f 6042//6042 6047//6047 6201//6201
f 6093//6093 6202//6202 6095//6095
f 6093//6093 6200//6200 6202//6202
f 6195//6195 6202//6202 6200//6200
f 6195//6195 6198//6198 6202//6202
f 6198//6198 6204//6204 6203//6203
f 6198//6198 6199//6199 6204//6204
f 6203//6203 6206//6206 6205//6205
f 6203//6203 6204//6204 6206//6206
f 6095//6095 6207//6207 6115//6115
f 6095//6095 6202//6202 6207//6207
f 6198//6198 6207//6207 6202//6202
f 6198//6198 6203//6203 6207//6207
f 6115//6115 6208//6208 6117//6117
f 6115//6115 6207//6207 6208//6208
f 6203//6203 6208//6208 6207//6207
f 6203//6203 6205//6205 6208//6208
f 6199//6199 6209//6209 6204//6204
f 6199//6199 6210//6210 6209//6209
f 5851//5851 6209//6209 6210//6210
f 5851//5851 5852//5852 6209//6209
f 5850//5850 6210//6210 6199//6199
f 5850//5850 5851//5851 6210//6210
f 6204//6204 6211//6211 6206//6206
f 6204//6204 6209//6209 6211//6211
f 5852//5852 6211//6211 6209//6209
f 5852//5852 5856//5856 6211//6211
f 6205//6205 6213//6213 6212//6212
f 6205//6205 6206//6206 6213//6213
f 6212//6212 6215//6215 6214//6214
f 6212//6212 6213//6213 6215//6215
f 6117//6117 6216//6216 6139//6139
f 6117//6117 6208//6208 6216//6216
f 6205//6205 6216//6216 6208//6208
f 6205//6205 6212//6212 6216//6216
f 6139//6139 6217//6217 6121//6121
f 6139//6139 6216//6216 6217//6217
f 6212//6212 6217//6217 6216//6216
f 6212//6212 6214//6214 6217//6217
f 6124//6124 6218//6218 6125//6125
f 6124//6124 6219//6219 6218//6218
f 6214//6214 6220//6220 6219//6219
f 6214//6214 6215//6215 6220//6220
f 5874//5874 6220//6220 6215//6215
f 5874//5874 5875//5875 6220//6220
f 6219//6219 6221//6221 6218//6218
f 6219//6219 6220//6220 6221//6221
f 5875//5875 6221//6221 6220//6220
f 5875//5875 5877//5877 6221//6221
f 5978//5978 6221//6221 5877//5877
f 5978//5978 6218//6218 6221//6221
f 6121//6121 6222//6222 6120//6120
f 6121//6121 6217//6217 6222//6222
f 6214//6214 6222//6222 6217//6217
f 6214//6214 6219//6219 6222//6222
f 6124//6124 6222//6222 6219//6219
f 6124//6124 6120//6120 6222//6222
f 6206//6206 6223//6223 6213//6213
f 6206//6206 6211//6211 6223//6223
f 5856//5856 6223//6223 6211//6211
f 5856//5856 5859//5859 6223//6223
f 6213//6213 6224//6224 6215//6215
f 6213//6213 6223//6223 6224//6224
f 5859//5859 6224//6224 6223//6223
f 5859//5859 5862//5862 6224//6224
f 5874//5874 6224//6224 5862//5862
f 5874//5874 6215//6215 6224//6224
f 6125//6125 6225//6225 6188//6188
f 6125//6125 6218//6218 6225//6225
f 5978//5978 6225//6225 6218//6218
f 5978//5978 5977//5977 6225//6225
f 5975//5975 6225//6225 5977//5977
f 5975//5975 6188//6188 6225//6225
f 2883//2883 6227//6227 6226//6226
f 2883//2883 6228//6228 6227//6227
f 2880//2880 6228//6228 2883//2883
f 2880//2880 2881//2881 6228//6228
f 6228//6228 6229//6229 6227//6227
f 6228//6228 2891//2891 6229//6229
f 2881//2881 2891//2891 6228//6228
f 2881//2881 2889//2889 2891//2891
f 2595//2595 6230//6230 5482//5482
f 2595//2595 6231//6231 6230//6230
f 2883//2883 6230//6230 6231//6231
f 2883//2883 6226//6226 6230//6230
f 2596//2596 6231//6231 2595//2595
f 2596//2596 2883//2883 6231//6231
f 6230//6230 6233//6233 6232//6232
f 6230//6230 6234//6234 6233//6233
f 6226//6226 6234//6234 6230//6230
f 6226//6226 6227//6227 6234//6234
f 5480//5480 6235//6235 5484//5484
f 5480//5480 6236//6236 6235//6235
f 6230//6230 6235//6235 6236//6236
f 6230//6230 6232//6232 6235//6235
f 5482//5482 6236//6236 5480//5480
f 5482//5482 6230//6230 6236//6236
f 6237//6237 6239//6239 6238//6238
f 6237//6237 2932//2932 6239//6239
f 2891//2891 2932//2932 6237//6237
f 2891//2891 2892//2892 2932//2932
f 2891//2891 6238//6238 6229//6229
f 2891//2891 6237//6237 6238//6238
f 6234//6234 6240//6240 6233//6233
f 6234//6234 6238//6238 6240//6240
f 6227//6227 6238//6238 6234//6234
f 6227//6227 6229//6229 6238//6238
f 6241//6241 6243//6243 6242//6242
f 6241//6241 6244//6244 6243//6243
f 6238//6238 6244//6244 6241//6241
f 6238//6238 6239//6239 6244//6244
f 6238//6238 6242//6242 6240//6240
f 6238//6238 6241//6241 6242//6242
f 5484//5484 6245//6245 5495//5495
f 5484//5484 6235//6235 6245//6245
f 6235//6235 6246//6246 6245//6245
f 6235//6235 6247//6247 6246//6246
f 6232//6232 6247//6247 6235//6235
f 6232//6232 6233//6233 6247//6247
f 6245//6245 6249//6249 6248//6248
f 6245//6245 6246//6246 6249//6249
f 6247//6247 6250//6250 6246//6246
f 6247//6247 6242//6242 6250//6250
f 6233//6233 6242//6242 6247//6247
f 6233//6233 6240//6240 6242//6242
f 5493//5493 6251//6251 5500//5500
f 5493//5493 6252//6252 6251//6251
f 6245//6245 6251//6251 6252//6252
f 6245//6245 6248//6248 6251//6251
f 5495//5495 6252//6252 5493//5493
f 5495//5495 6245//6245 6252//6252
f 6253//6253 6255//6255 6254//6254
f 6253//6253 6256//6256 6255//6255
f 6242//6242 6256//6256 6253//6253
f 6242//6242 6243//6243 6256//6256
f 6242//6242 6254//6254 6250//6250
f 6242//6242 6253//6253 6254//6254
f 6257//6257 6259//6259 6258//6258
f 6257//6257 6254//6254 6259//6259
f 6246//6246 6254//6254 6257//6257
f 6246//6246 6250//6250 6254//6254
f 6246//6246 6258//6258 6249//6249
f 6246//6246 6257//6257 6258//6258
f 6254//6254 6260//6260 6259//6259
f 6254//6254 6255//6255 6260//6260
f 2934//2934 6261//6261 6244//6244
f 2934//2934 2935//2935 6261//6261
f 2932//2932 6244//6244 6239//6239
f 2932//2932 2934//2934 6244//6244
f 2937//2937 6263//6263 6262//6262
f 2937//2937 2938//2938 6263//6263
f 2935//2935 6262//6262 6261//6261
f 2935//2935 2937//2937 6262//6262
f 6264//6264 6265//6265 6256//6256
f 6264//6264 6262//6262 6265//6265
f 6244//6244 6262//6262 6264//6264
f 6244//6244 6261//6261 6262//6262
f 6244//6244 6256//6256 6243//6243
f 6244//6244 6264//6264 6256//6256
f 6266//6266 6268//6268 6267//6267
f 6266//6266 6269//6269 6268//6268
f 6262//6262 6269//6269 6266//6266
f 6262//6262 6263//6263 6269//6269
f 6262//6262 6267//6267 6265//6265
f 6262//6262 6266//6266 6267//6267
f 6270//6270 6271//6271 6269//6269
f 6270//6270 2947//2947 6271//6271
f 2938//2938 2947//2947 6270//6270
f 2938//2938 2945//2945 2947//2947
f 2938//2938 6269//6269 6263//6263
f 2938//2938 6270//6270 6269//6269
f 2947//2947 6272//6272 6271//6271
f 2947//2947 2948//2948 6272//6272
f 6269//6269 6273//6273 6268//6268
f 6269//6269 6271//6271 6273//6273
f 6256//6256 6274//6274 6255//6255
f 6256//6256 6265//6265 6274//6274
f 6267//6267 6276//6276 6275//6275
f 6267//6267 6268//6268 6276//6276
f 6265//6265 6275//6275 6274//6274
f 6265//6265 6267//6267 6275//6275
f 6277//6277 6279//6279 6278//6278
f 6277//6277 6275//6275 6279//6279
f 6255//6255 6275//6275 6277//6277
f 6255//6255 6274//6274 6275//6275
f 6255//6255 6278//6278 6260//6260
f 6255//6255 6277//6277 6278//6278
f 6275//6275 6280//6280 6279//6279
f 6275//6275 6276//6276 6280//6280
f 5500//5500 6281//6281 5504//5504
f 5500//5500 6251//6251 6281//6281
f 6251//6251 6282//6282 6281//6281
f 6251//6251 6258//6258 6282//6282
f 6248//6248 6258//6258 6251//6251
f 6248//6248 6249//6249 6258//6258
f 5504//5504 6283//6283 5508//5508
f 5504//5504 6281//6281 6283//6283
f 6281//6281 6284//6284 6283//6283
f 6281//6281 6282//6282 6284//6284
f 6258//6258 6285//6285 6282//6282
f 6258//6258 6259//6259 6285//6285
f 6286//6286 6288//6288 6287//6287
f 6286//6286 6278//6278 6288//6288
f 6259//6259 6278//6278 6286//6286
f 6259//6259 6260//6260 6278//6278
f 6259//6259 6287//6287 6285//6285
f 6259//6259 6286//6286 6287//6287
f 6282//6282 6289//6289 6284//6284
f 6282//6282 6285//6285 6289//6289
f 6287//6287 6291//6291 6290//6290
f 6287//6287 6288//6288 6291//6291
f 6285//6285 6290//6290 6289//6289
f 6285//6285 6287//6287 6290//6290
f 5508//5508 6292//6292 5512//5512
f 5508//5508 6283//6283 6292//6292
f 6283//6283 6293//6293 6292//6292
f 6283//6283 6284//6284 6293//6293
f 5512//5512 6294//6294 5516//5516
f 5512//5512 6292//6292 6294//6294
f 6292//6292 6295//6295 6294//6294
f 6292//6292 6293//6293 6295//6295
f 6284//6284 6296//6296 6293//6293
f 6284//6284 6289//6289 6296//6296
f 6290//6290 6298//6298 6297//6297
f 6290//6290 6291//6291 6298//6298
f 6289//6289 6297//6297 6296//6296
f 6289//6289 6290//6290 6297//6297
f 6293//6293 6299//6299 6295//6295
f 6293//6293 6296//6296 6299//6299
f 6297//6297 6301//6301 6300//6300
f 6297//6297 6298//6298 6301//6301
f 6296//6296 6300//6300 6299//6299
f 6296//6296 6297//6297 6300//6300
f 6278//6278 6302//6302 6288//6288
f 6278//6278 6279//6279 6302//6302
f 6288//6288 6303//6303 6291//6291
f 6288//6288 6302//6302 6303//6303
f 6291//6291 6304//6304 6298//6298
f 6291//6291 6303//6303 6304//6304
f 6298//6298 6305//6305 6301//6301
f 6298//6298 6304//6304 6305//6305
f 3066//3066 6307//6307 6306//6306
f 3066//3066 3071//3071 6307//6307
f 3071//3071 6308//6308 6307//6307
f 3071//3071 3073//3073 6308//6308
f 6307//6307 6310//6310 6309//6309
f 6307//6307 6308//6308 6310//6310
f 6311//6311 6313//6313 6312//6312
f 6311//6311 6314//6314 6313//6313
f 6315//6315 6317//6317 6316//6316
f 6315//6315 6318//6318 6317//6317
f 6271//6271 6318//6318 6315//6315
f 6271//6271 6272//6272 6318//6318
f 6271//6271 6316//6316 6273//6273
f 6271//6271 6315//6315 6316//6316
f 6319//6319 6321//6321 6320//6320
f 6319//6319 6316//6316 6321//6321
f 6268//6268 6316//6316 6319//6319
f 6268//6268 6273//6273 6316//6316
f 6268//6268 6320//6320 6276//6276
f 6268//6268 6319//6319 6320//6320
f 6316//6316 6322//6322 6321//6321
f 6316//6316 6317//6317 6322//6322
f 6320//6320 6324//6324 6323//6323
f 6320//6320 6321//6321 6324//6324
f 6276//6276 6323//6323 6280//6280
f 6276//6276 6320//6320 6323//6323
f 6321//6321 6325//6325 6324//6324
f 6321//6321 6322//6322 6325//6325
f 6326//6326 6328//6328 6327//6327
f 6326//6326 6323//6323 6328//6328
f 6279//6279 6323//6323 6326//6326
f 6279//6279 6280//6280 6323//6323
f 6279//6279 6327//6327 6302//6302
f 6279//6279 6326//6326 6327//6327
f 6327//6327 6330//6330 6329//6329
f 6327//6327 6328//6328 6330//6330
f 6302//6302 6329//6329 6303//6303
f 6302//6302 6327//6327 6329//6329
f 6323//6323 6331//6331 6328//6328
f 6323//6323 6324//6324 6331//6331
f 6324//6324 6332//6332 6331//6331
f 6324//6324 6325//6325 6332//6332
f 6328//6328 6333//6333 6330//6330
f 6328//6328 6331//6331 6333//6333
f 6334//6334 6336//6336 6335//6335
f 6334//6334 6337//6337 6336//6336
f 6331//6331 6337//6337 6334//6334
f 6331//6331 6332//6332 6337//6337
f 6331//6331 6335//6335 6333//6333
f 6331//6331 6334//6334 6335//6335
f 6329//6329 6339//6339 6338//6338
f 6329//6329 6330//6330 6339//6339
f 6303//6303 6338//6338 6304//6304
f 6303//6303 6329//6329 6338//6338
f 6338//6338 6341//6341 6340//6340
f 6338//6338 6339//6339 6341//6341
f 6304//6304 6340//6340 6305//6305
f 6304//6304 6338//6338 6340//6340
f 6330//6330 6342//6342 6339//6339
f 6330//6330 6333//6333 6342//6342
f 6342//6342 6344//6344 6343//6343
f 6342//6342 6345//6345 6344//6344
f 6335//6335 6344//6344 6345//6345
f 6335//6335 6336//6336 6344//6344
f 6333//6333 6345//6345 6342//6342
f 6333//6333 6335//6335 6345//6345
f 6339//6339 6346//6346 6341//6341
f 6339//6339 6342//6342 6346//6346
f 6342//6342 6347//6347 6346//6346
f 6342//6342 6343//6343 6347//6347
f 6348//6348 6349//6349 6318//6318
f 6348//6348 3077//3077 6349//6349
f 2948//2948 3077//3077 6348//6348
f 2948//2948 3036//3036 3077//3077
f 2948//2948 6318//6318 6272//6272
f 2948//2948 6348//6348 6318//6318
f 3077//3077 6350//6350 6349//6349
f 3077//3077 3078//3078 6350//6350
f 6318//6318 6351//6351 6317//6317
f 6318//6318 6349//6349 6351//6351
f 6349//6349 6352//6352 6351//6351
f 6349//6349 6350//6350 6352//6352
f 3078//3078 6353//6353 6350//6350
f 3078//3078 3080//3080 6353//6353
f 3080//3080 6354//6354 6353//6353
f 3080//3080 3082//3082 6354//6354
f 6350//6350 6355//6355 6352//6352
f 6350//6350 6353//6353 6355//6355
f 6353//6353 6356//6356 6355//6355
f 6353//6353 6354//6354 6356//6356
f 6317//6317 6357//6357 6322//6322
f 6317//6317 6351//6351 6357//6357
f 6351//6351 6358//6358 6357//6357
f 6351//6351 6352//6352 6358//6358
f 6359//6359 6361//6361 6360//6360
f 6359//6359 6362//6362 6361//6361
f 6322//6322 6362//6362 6359//6359
f 6322//6322 6357//6357 6362//6362
f 6322//6322 6360//6360 6325//6325
f 6322//6322 6359//6359 6360//6360
f 6362//6362 6363//6363 6361//6361
f 6362//6362 6364//6364 6363//6363
f 6357//6357 6364//6364 6362//6362
f 6357//6357 6358//6358 6364//6364
f 6352//6352 6365//6365 6358//6358
f 6352//6352 6355//6355 6365//6365
f 6355//6355 6366//6366 6365//6365
f 6355//6355 6356//6356 6366//6366
f 6364//6364 6367//6367 6363//6363
f 6364//6364 6368//6368 6367//6367
f 6358//6358 6368//6368 6364//6364
f 6358//6358 6365//6365 6368//6368
f 6368//6368 6369//6369 6367//6367
f 6368//6368 6370//6370 6369//6369
f 6366//6366 6369//6369 6370//6370
f 6366//6366 6371//6371 6369//6369
f 6365//6365 6370//6370 6368//6368
f 6365//6365 6366//6366 6370//6370
f 3082//3082 6372//6372 6354//6354
f 3082//3082 6373//6373 6372//6372
f 3064//3064 6373//6373 3082//3082
f 3064//3064 3065//3065 6373//6373
f 6373//6373 6374//6374 6372//6372
f 6373//6373 6375//6375 6374//6374
f 3066//3066 6374//6374 6375//6375
f 3066//3066 6306//6306 6374//6374
f 3065//3065 6375//6375 6373//6373
f 3065//3065 3066//3066 6375//6375
f 6354//6354 6376//6376 6356//6356
f 6354//6354 6372//6372 6376//6376
f 6372//6372 6377//6377 6376//6376
f 6372//6372 6374//6374 6377//6377
f 6374//6374 6378//6378 6377//6377
f 6374//6374 6379//6379 6378//6378
f 6307//6307 6378//6378 6379//6379
f 6307//6307 6309//6309 6378//6378
f 6306//6306 6379//6379 6374//6374
f 6306//6306 6307//6307 6379//6379
f 6356//6356 6380//6380 6366//6366
f 6356//6356 6376//6376 6380//6380
f 6376//6376 6381//6381 6380//6380
f 6376//6376 6377//6377 6381//6381
f 6366//6366 6382//6382 6371//6371
f 6366//6366 6380//6380 6382//6382
f 6380//6380 6383//6383 6382//6382
f 6380//6380 6381//6381 6383//6383
f 6377//6377 6384//6384 6381//6381
f 6377//6377 6378//6378 6384//6384
f 6378//6378 6385//6385 6384//6384
f 6378//6378 6386//6386 6385//6385
f 6310//6310 6385//6385 6386//6386
f 6310//6310 6387//6387 6385//6385
f 6309//6309 6386//6386 6378//6378
f 6309//6309 6310//6310 6386//6386
f 6381//6381 6388//6388 6383//6383
f 6381//6381 6384//6384 6388//6388
f 6384//6384 6389//6389 6388//6388
f 6384//6384 6385//6385 6389//6389
f 6387//6387 6389//6389 6385//6385
f 6387//6387 6390//6390 6389//6389
f 6360//6360 6391//6391 6337//6337
f 6360//6360 6361//6361 6391//6391
f 6325//6325 6337//6337 6332//6332
f 6325//6325 6360//6360 6337//6337
f 6361//6361 6392//6392 6391//6391
f 6361//6361 6363//6363 6392//6392
f 6337//6337 6393//6393 6336//6336
f 6337//6337 6391//6391 6393//6393
f 6391//6391 6394//6394 6393//6393
f 6391//6391 6392//6392 6394//6394
f 6363//6363 6395//6395 6392//6392
f 6363//6363 6367//6367 6395//6395
f 6367//6367 6396//6396 6395//6395
f 6367//6367 6369//6369 6396//6396
f 6371//6371 6396//6396 6369//6369
f 6371//6371 6397//6397 6396//6396
f 6392//6392 6398//6398 6394//6394
f 6392//6392 6395//6395 6398//6398
f 6395//6395 6399//6399 6398//6398
f 6395//6395 6396//6396 6399//6399
f 6397//6397 6399//6399 6396//6396
f 6397//6397 6400//6400 6399//6399
f 6336//6336 6401//6401 6344//6344
f 6336//6336 6393//6393 6401//6401
f 6393//6393 6402//6402 6401//6401
f 6393//6393 6394//6394 6402//6402
f 6344//6344 6404//6404 6403//6403
f 6344//6344 6401//6401 6404//6404
f 6343//6343 6403//6403 6347//6347
f 6343//6343 6344//6344 6403//6403
f 6401//6401 6405//6405 6404//6404
f 6401//6401 6402//6402 6405//6405
f 6394//6394 6406//6406 6402//6402
f 6394//6394 6398//6398 6406//6406
f 6398//6398 6407//6407 6406//6406
f 6398//6398 6399//6399 6407//6407
f 6400//6400 6407//6407 6399//6399
f 6400//6400 6408//6408 6407//6407
f 6402//6402 6409//6409 6405//6405
f 6402//6402 6406//6406 6409//6409
f 6410//6410 6412//6412 6411//6411
f 6410//6410 6409//6409 6412//6412
f 6406//6406 6412//6412 6409//6409
f 6406//6406 6407//6407 6412//6412
f 6408//6408 6412//6412 6407//6407
f 6408//6408 6411//6411 6412//6412
f 6371//6371 6413//6413 6397//6397
f 6371//6371 6382//6382 6413//6413
f 6382//6382 6414//6414 6413//6413
f 6382//6382 6383//6383 6414//6414
f 6397//6397 6415//6415 6400//6400
f 6397//6397 6413//6413 6415//6415
f 6413//6413 6416//6416 6415//6415
f 6413//6413 6414//6414 6416//6416
f 6383//6383 6417//6417 6414//6414
f 6383//6383 6388//6388 6417//6417
f 6388//6388 6418//6418 6417//6417
f 6388//6388 6389//6389 6418//6418
f 6390//6390 6418//6418 6389//6389
f 6390//6390 6419//6419 6418//6418
f 6414//6414 6420//6420 6416//6416
f 6414//6414 6417//6417 6420//6420
f 6417//6417 6421//6421 6420//6420
f 6417//6417 6418//6418 6421//6421
f 6419//6419 6421//6421 6418//6418
f 6419//6419 6422//6422 6421//6421
f 6400//6400 6423//6423 6408//6408
f 6400//6400 6415//6415 6423//6423
f 6415//6415 6424//6424 6423//6423
f 6415//6415 6416//6416 6424//6424
f 6408//6408 6425//6425 6411//6411
f 6408//6408 6423//6423 6425//6425
f 6423//6423 6426//6426 6425//6425
f 6423//6423 6424//6424 6426//6426
f 6416//6416 6427//6427 6424//6424
f 6416//6416 6420//6420 6427//6427
f 6311//6311 6428//6428 6314//6314
f 6311//6311 6427//6427 6428//6428
f 6420//6420 6428//6428 6427//6427
f 6420//6420 6421//6421 6428//6428
f 6422//6422 6428//6428 6421//6421
f 6422//6422 6314//6314 6428//6428
f 6424//6424 6429//6429 6426//6426
f 6424//6424 6427//6427 6429//6429
f 6311//6311 6429//6429 6427//6427
f 6311//6311 6312//6312 6429//6429
f 6430//6430 6432//6432 6431//6431
f 6430//6430 6433//6433 6432//6432
f 5516//5516 6434//6434 5697//5697
f 5516//5516 6294//6294 6434//6434
f 6294//6294 6435//6435 6434//6434
f 6294//6294 6295//6295 6435//6435
f 5717//5717 6437//6437 6436//6436
f 5717//5717 5701//5701 6437//6437
f 5697//5697 6437//6437 5701//5701
f 5697//5697 6434//6434 6437//6437
f 6436//6436 6439//6439 6438//6438
f 6436//6436 6437//6437 6439//6439
f 6434//6434 6439//6439 6437//6437
f 6434//6434 6435//6435 6439//6439
f 6295//6295 6440//6440 6435//6435
f 6295//6295 6299//6299 6440//6440
f 6440//6440 6442//6442 6441//6441
f 6440//6440 6443//6443 6442//6442
f 6300//6300 6442//6442 6443//6443
f 6300//6300 6301//6301 6442//6442
f 6299//6299 6443//6443 6440//6440
f 6299//6299 6300//6300 6443//6443
f 6438//6438 6445//6445 6444//6444
f 6438//6438 6439//6439 6445//6445
f 6435//6435 6445//6445 6439//6439
f 6435//6435 6440//6440 6445//6445
f 6440//6440 6446//6446 6445//6445
f 6440//6440 6441//6441 6446//6446
f 5717//5717 6447//6447 5708//5708
f 5717//5717 6436//6436 6447//6447
f 6448//6448 6450//6450 6449//6449
f 6448//6448 6447//6447 6450//6450
f 6436//6436 6450//6450 6447//6447
f 6436//6436 6438//6438 6450//6450
f 6451//6451 6452//6452 6433//6433
f 6451//6451 6453//6453 6452//6452
f 6448//6448 6452//6452 6453//6453
f 6448//6448 6449//6449 6452//6452
f 5769//5769 6454//6454 6453//6453
f 5769//5769 5707//5707 6454//6454
f 5708//5708 6454//6454 5707//5707
f 5708//5708 6447//6447 6454//6454
f 6448//6448 6454//6454 6447//6447
f 6448//6448 6453//6453 6454//6454
f 6449//6449 6456//6456 6455//6455
f 6449//6449 6450//6450 6456//6456
f 6438//6438 6456//6456 6450//6450
f 6438//6438 6444//6444 6456//6456
f 6433//6433 6457//6457 6432//6432
f 6433//6433 6452//6452 6457//6457
f 6449//6449 6457//6457 6452//6452
f 6449//6449 6455//6455 6457//6457
f 6432//6432 6459//6459 6458//6458
f 6432//6432 6457//6457 6459//6459
f 6457//6457 6460//6460 6459//6459
f 6457//6457 6461//6461 6460//6460
f 6456//6456 6460//6460 6461//6461
f 6456//6456 6462//6462 6460//6460
f 6455//6455 6461//6461 6457//6457
f 6455//6455 6456//6456 6461//6461
f 6456//6456 6463//6463 6462//6462
f 6456//6456 6464//6464 6463//6463
f 6445//6445 6463//6463 6464//6464
f 6445//6445 6446//6446 6463//6463
f 6444//6444 6464//6464 6456//6456
f 6444//6444 6445//6445 6464//6464
f 6301//6301 6465//6465 6442//6442
f 6301//6301 6305//6305 6465//6465
f 6446//6446 6467//6467 6466//6466
f 6446//6446 6468//6468 6467//6467
f 6442//6442 6467//6467 6468//6468
f 6442//6442 6465//6465 6467//6467
f 6441//6441 6468//6468 6446//6446
f 6441//6441 6442//6442 6468//6468
f 6465//6465 6469//6469 6467//6467
f 6465//6465 6470//6470 6469//6469
f 6459//6459 6472//6472 6471//6471
f 6459//6459 6460//6460 6472//6472
f 6462//6462 6472//6472 6460//6460
f 6462//6462 6473//6473 6472//6472
f 6462//6462 6474//6474 6473//6473
f 6462//6462 6463//6463 6474//6474
f 6446//6446 6474//6474 6463//6463
f 6446//6446 6466//6466 6474//6474
f 6474//6474 6476//6476 6475//6475
f 6474//6474 6477//6477 6476//6476
f 6467//6467 6476//6476 6477//6477
f 6467//6467 6469//6469 6476//6476
f 6466//6466 6477//6477 6474//6474
f 6466//6466 6467//6467 6477//6477
f 6472//6472 6479//6479 6478//6478
f 6472//6472 6480//6480 6479//6479
f 6474//6474 6479//6479 6480//6480
f 6474//6474 6475//6475 6479//6479
f 6473//6473 6480//6480 6472//6472
f 6473//6473 6474//6474 6480//6480
f 6469//6469 6481//6481 6476//6476
f 6469//6469 6482//6482 6481//6481
f 6479//6479 6484//6484 6483//6483
f 6479//6479 6485//6485 6484//6484
f 6476//6476 6484//6484 6485//6485
f 6476//6476 6481//6481 6484//6484
f 6475//6475 6485//6485 6479//6479
f 6475//6475 6476//6476 6485//6485
f 6483//6483 6487//6487 6486//6486
f 6483//6483 6484//6484 6487//6487
f 6481//6481 6487//6487 6484//6484
f 6481//6481 6488//6488 6487//6487
f 4637//4637 6489//6489 4636//4636
f 4637//4637 6490//6490 6489//6489
f 6490//6490 6491//6491 6489//6489
f 6490//6490 6492//6492 6491//6491
f 4024//4024 6493//6493 4639//4639
f 4024//4024 5734//5734 6493//6493
f 4637//4637 6493//6493 6490//6490
f 4637//4637 4639//4639 6493//6493
f 5734//5734 6494//6494 6493//6493
f 5734//5734 5721//5721 6494//6494
f 6490//6490 6494//6494 6492//6492
f 6490//6490 6493//6493 6494//6494
f 4636//4636 6495//6495 4642//4642
f 4636//4636 6489//6489 6495//6495
f 4642//4642 6496//6496 4643//4643
f 4642//4642 6495//6495 6496//6496
f 6489//6489 6497//6497 6495//6495
f 6489//6489 6491//6491 6497//6497
f 6495//6495 6498//6498 6496//6496
f 6495//6495 6497//6497 6498//6498
f 6492//6492 6499//6499 6491//6491
f 6492//6492 6500//6500 6499//6499
f 5726//5726 6501//6501 6500//6500
f 5726//5726 5727//5727 6501//6501
f 6500//6500 6502//6502 6499//6499
f 6500//6500 6501//6501 6502//6502
f 6451//6451 6502//6502 6501//6501
f 6451//6451 6433//6433 6502//6502
f 6430//6430 6502//6502 6433//6433
f 6430//6430 6499//6499 6502//6502
f 5721//5721 6503//6503 6494//6494
f 5721//5721 5722//5722 6503//6503
f 5726//5726 6503//6503 5722//5722
f 5726//5726 6500//6500 6503//6503
f 6492//6492 6503//6503 6500//6500
f 6492//6492 6494//6494 6503//6503
f 6491//6491 6504//6504 6497//6497
f 6491//6491 6499//6499 6504//6504
f 6430//6430 6504//6504 6499//6499
f 6430//6430 6431//6431 6504//6504
f 6497//6497 6505//6505 6498//6498
f 6497//6497 6504//6504 6505//6505
f 6504//6504 6506//6506 6505//6505
f 6504//6504 6507//6507 6506//6506
f 6432//6432 6506//6506 6507//6507
f 6432//6432 6458//6458 6506//6506
f 6431//6431 6507//6507 6504//6504
f 6431//6431 6432//6432 6507//6507
f 4655//4655 6508//6508 4654//4654
f 4655//4655 6509//6509 6508//6508
f 4643//4643 6509//6509 4655//4655
f 4643//4643 6496//6496 6509//6509
f 6509//6509 6510//6510 6508//6508
f 6509//6509 6511//6511 6510//6510
f 6498//6498 6510//6510 6511//6511
f 6498//6498 6512//6512 6510//6510
f 6496//6496 6511//6511 6509//6509
f 6496//6496 6498//6498 6511//6511
f 6508//6508 6514//6514 6513//6513
f 6508//6508 6510//6510 6514//6514
f 6498//6498 6515//6515 6512//6512
f 6498//6498 6505//6505 6515//6515
f 6505//6505 6516//6516 6515//6515
f 6505//6505 6506//6506 6516//6516
f 6510//6510 6517//6517 6514//6514
f 6510//6510 6518//6518 6517//6517
f 6512//6512 6518//6518 6510//6510
f 6512//6512 6515//6515 6518//6518
f 6518//6518 6519//6519 6517//6517
f 6518//6518 6520//6520 6519//6519
f 6515//6515 6520//6520 6518//6518
f 6515//6515 6516//6516 6520//6520
f 4666//4666 6521//6521 4665//4665
f 4666//4666 6522//6522 6521//6521
f 6508//6508 6521//6521 6522//6522
f 6508//6508 6513//6513 6521//6521
f 4654//4654 6522//6522 4666//4666
f 4654//4654 6508//6508 6522//6522
f 6513//6513 6523//6523 6521//6521
f 6513//6513 6514//6514 6523//6523
f 4670//4670 6524//6524 4669//4669
f 4670//4670 6525//6525 6524//6524
f 4665//4665 6525//6525 4670//4670
f 4665//4665 6521//6521 6525//6525
f 6525//6525 6526//6526 6524//6524
f 6525//6525 6527//6527 6526//6526
f 6521//6521 6527//6527 6525//6525
f 6521//6521 6523//6523 6527//6527
f 6514//6514 6528//6528 6523//6523
f 6514//6514 6517//6517 6528//6528
f 6528//6528 6530//6530 6529//6529
f 6528//6528 6531//6531 6530//6530
f 6517//6517 6531//6531 6528//6528
f 6517//6517 6519//6519 6531//6531
f 6527//6527 6532//6532 6526//6526
f 6527//6527 6533//6533 6532//6532
f 6528//6528 6532//6532 6533//6533
f 6528//6528 6529//6529 6532//6532
f 6523//6523 6533//6533 6527//6527
f 6523//6523 6528//6528 6533//6533
f 6529//6529 6534//6534 6532//6532
f 6529//6529 6530//6530 6534//6534
f 5727//5727 6535//6535 6501//6501
f 5727//5727 5767//5767 6535//6535
f 5769//5769 6535//6535 5767//5767
f 5769//5769 6453//6453 6535//6535
f 6451//6451 6535//6535 6453//6453
f 6451//6451 6501//6501 6535//6535
f 6506//6506 6536//6536 6516//6516
f 6506//6506 6537//6537 6536//6536
f 6459//6459 6536//6536 6537//6537
f 6459//6459 6471//6471 6536//6536
f 6458//6458 6537//6537 6506//6506
f 6458//6458 6459//6459 6537//6537
f 6536//6536 6539//6539 6538//6538
f 6536//6536 6540//6540 6539//6539
f 6472//6472 6539//6539 6540//6540
f 6472//6472 6478//6478 6539//6539
f 6471//6471 6540//6540 6536//6536
f 6471//6471 6472//6472 6540//6540
f 6520//6520 6541//6541 6519//6519
f 6520//6520 6542//6542 6541//6541
f 6536//6536 6541//6541 6542//6542
f 6536//6536 6538//6538 6541//6541
f 6516//6516 6542//6542 6520//6520
f 6516//6516 6536//6536 6542//6542
f 6541//6541 6544//6544 6543//6543
f 6541//6541 6545//6545 6544//6544
f 6539//6539 6544//6544 6545//6545
f 6539//6539 6546//6546 6544//6544
f 6538//6538 6545//6545 6541//6541
f 6538//6538 6539//6539 6545//6545
f 6539//6539 6547//6547 6546//6546
f 6539//6539 6548//6548 6547//6547
f 6479//6479 6547//6547 6548//6548
f 6479//6479 6483//6483 6547//6547
f 6478//6478 6548//6548 6539//6539
f 6478//6478 6479//6479 6548//6548
f 6483//6483 6549//6549 6547//6547
f 6483//6483 6486//6486 6549//6549
f 6544//6544 6551//6551 6550//6550
f 6544//6544 6552//6552 6551//6551
f 6547//6547 6551//6551 6552//6552
f 6547//6547 6549//6549 6551//6551
f 6546//6546 6552//6552 6544//6544
f 6546//6546 6547//6547 6552//6552
f 6531//6531 6553//6553 6530//6530
f 6531//6531 6554//6554 6553//6553
f 6541//6541 6553//6553 6554//6554
f 6541//6541 6543//6543 6553//6553
f 6519//6519 6554//6554 6531//6531
f 6519//6519 6541//6541 6554//6554
f 6553//6553 6556//6556 6555//6555
f 6553//6553 6557//6557 6556//6556
f 6544//6544 6556//6556 6557//6557
f 6544//6544 6550//6550 6556//6556
f 6543//6543 6557//6557 6553//6553
f 6543//6543 6544//6544 6557//6557
f 6534//6534 6559//6559 6558//6558
f 6534//6534 6560//6560 6559//6559
f 6553//6553 6559//6559 6560//6560
f 6553//6553 6555//6555 6559//6559
f 6530//6530 6560//6560 6534//6534
f 6530//6530 6553//6553 6560//6560
f 6486//6486 6562//6562 6561//6561
f 6486//6486 6487//6487 6562//6562
f 6488//6488 6562//6562 6487//6487
f 6488//6488 6563//6563 6562//6562
f 6561//6561 6565//6565 6564//6564
f 6561//6561 6562//6562 6565//6565
f 6563//6563 6565//6565 6562//6562
f 6563//6563 6566//6566 6565//6565
f 6566//6566 6567//6567 6565//6565
f 6566//6566 6568//6568 6567//6567
f 6568//6568 6569//6569 6567//6567
f 6568//6568 6570//6570 6569//6569
f 6312//6312 6572//6572 6571//6571
f 6312//6312 6313//6313 6572//6572
f 6573//6573 6572//6572 6313//6313
f 6573//6573 6574//6574 6572//6572
f 6575//6575 6577//6577 6576//6576
f 6575//6575 6578//6578 6577//6577
f 6579//6579 6577//6577 6578//6578
f 6579//6579 6571//6571 6577//6577
f 6576//6576 6581//6581 6580//6580
f 6576//6576 6577//6577 6581//6581
f 6571//6571 6581//6581 6577//6577
f 6571//6571 6572//6572 6581//6581
f 6574//6574 6581//6581 6572//6572
f 6574//6574 6580//6580 6581//6581
f 6582//6582 6584//6584 6583//6583
f 6582//6582 6585//6585 6584//6584
f 6586//6586 6584//6584 6585//6585
f 6586//6586 6587//6587 6584//6584
f 6588//6588 6584//6584 6587//6587
f 6588//6588 6583//6583 6584//6584
f 6589//6589 6590//6590 6570//6570
f 6589//6589 6591//6591 6590//6590
f 6592//6592 6594//6594 6593//6593
f 6592//6592 6590//6590 6594//6594
f 6591//6591 6594//6594 6590//6590
f 6591//6591 6578//6578 6594//6594
f 6575//6575 6594//6594 6578//6578
f 6575//6575 6593//6593 6594//6594
f 6592//6592 6596//6596 6595//6595
f 6592//6592 6593//6593 6596//6596
f 6570//6570 6597//6597 6569//6569
f 6570//6570 6590//6590 6597//6597
f 6592//6592 6597//6597 6590//6590
f 6592//6592 6595//6595 6597//6597
f 6575//6575 6598//6598 6593//6593
f 6575//6575 6576//6576 6598//6598
f 6586//6586 6599//6599 6587//6587
f 6586//6586 6598//6598 6599//6599
f 6576//6576 6599//6599 6598//6598
f 6576//6576 6580//6580 6599//6599
f 6600//6600 6599//6599 6580//6580
f 6600//6600 6587//6587 6599//6599
f 6601//6601 6602//6602 6585//6585
f 6601//6601 6596//6596 6602//6602
f 6593//6593 6602//6602 6596//6596
f 6593//6593 6598//6598 6602//6602
f 6586//6586 6602//6602 6598//6598
f 6586//6586 6585//6585 6602//6602
f 4776//4776 6603//6603 4775//4775
f 4776//4776 6604//6604 6603//6603
f 4777//4777 6603//6603 6605//6605
f 4777//4777 4775//4775 6603//6603
f 6604//6604 6606//6606 6603//6603
f 6604//6604 6607//6607 6606//6606
f 6608//6608 6606//6606 6607//6607
f 6608//6608 6609//6609 6606//6606
f 6605//6605 6606//6606 6609//6609
f 6605//6605 6603//6603 6606//6606
f 6608//6608 6610//6610 6609//6609
f 6608//6608 6611//6611 6610//6610
f 6611//6611 6612//6612 6610//6610
f 6611//6611 6613//6613 6612//6612
f 6614//6614 6612//6612 6615//6615
f 6614//6614 6610//6610 6612//6612
f 6608//6608 6616//6616 6611//6611
f 6608//6608 6607//6607 6616//6616
f 6617//6617 6618//6618 6616//6616
f 6617//6617 6619//6619 6618//6618
f 6620//6620 6618//6618 6619//6619
f 6620//6620 6613//6613 6618//6618
f 6611//6611 6618//6618 6613//6613
f 6611//6611 6616//6616 6618//6618
f 4776//4776 6621//6621 6604//6604
f 4776//4776 4785//4785 6621//6621
f 6604//6604 6622//6622 6607//6607
f 6604//6604 6621//6621 6622//6622
f 4785//4785 6623//6623 6621//6621
f 4785//4785 4787//4787 6623//6623
f 6621//6621 6624//6624 6622//6622
f 6621//6621 6623//6623 6624//6624
f 6617//6617 6625//6625 6619//6619
f 6617//6617 6626//6626 6625//6625
f 6626//6626 6627//6627 6625//6625
f 6626//6626 6628//6628 6627//6627
f 6617//6617 6629//6629 6626//6626
f 6617//6617 6616//6616 6629//6629
f 6607//6607 6629//6629 6616//6616
f 6607//6607 6622//6622 6629//6629
f 6626//6626 6630//6630 6628//6628
f 6626//6626 6629//6629 6630//6630
f 6622//6622 6630//6630 6629//6629
f 6622//6622 6624//6624 6630//6630
f 6486//6486 6631//6631 6549//6549
f 6486//6486 6561//6561 6631//6631
f 6561//6561 6632//6632 6631//6631
f 6561//6561 6564//6564 6632//6632
f 6550//6550 6634//6634 6633//6633
f 6550//6550 6551//6551 6634//6634
f 6549//6549 6634//6634 6551//6551
f 6549//6549 6631//6631 6634//6634
f 6631//6631 6635//6635 6634//6634
f 6631//6631 6632//6632 6635//6635
f 6565//6565 6637//6637 6636//6636
f 6565//6565 6567//6567 6637//6637
f 6564//6564 6636//6636 6632//6632
f 6564//6564 6565//6565 6636//6636
f 6567//6567 6638//6638 6637//6637
f 6567//6567 6569//6569 6638//6638
f 6635//6635 6640//6640 6639//6639
f 6635//6635 6641//6641 6640//6640
f 6636//6636 6640//6640 6641//6641
f 6636//6636 6637//6637 6640//6640
f 6632//6632 6641//6641 6635//6635
f 6632//6632 6636//6636 6641//6641
f 6639//6639 6643//6643 6642//6642
f 6639//6639 6640//6640 6643//6643
f 6637//6637 6643//6643 6640//6640
f 6637//6637 6638//6638 6643//6643
f 6644//6644 6643//6643 6638//6638
f 6644//6644 6642//6642 6643//6643
f 6550//6550 6645//6645 6556//6556
f 6550//6550 6633//6633 6645//6645
f 6559//6559 6647//6647 6646//6646
f 6559//6559 6648//6648 6647//6647
f 6556//6556 6647//6647 6648//6648
f 6556//6556 6645//6645 6647//6647
f 6555//6555 6648//6648 6559//6559
f 6555//6555 6556//6556 6648//6648
f 6645//6645 6649//6649 6647//6647
f 6645//6645 6650//6650 6649//6649
f 6645//6645 6651//6651 6650//6650
f 6645//6645 6652//6652 6651//6651
f 6634//6634 6651//6651 6652//6652
f 6634//6634 6635//6635 6651//6651
f 6633//6633 6652//6652 6645//6645
f 6633//6633 6634//6634 6652//6652
f 6635//6635 6653//6653 6651//6651
f 6635//6635 6639//6639 6653//6653
f 6639//6639 6654//6654 6653//6653
f 6639//6639 6642//6642 6654//6654
f 6649//6649 6656//6656 6655//6655
f 6649//6649 6657//6657 6656//6656
f 6651//6651 6656//6656 6657//6657
f 6651//6651 6653//6653 6656//6656
f 6650//6650 6657//6657 6649//6649
f 6650//6650 6651//6651 6657//6657
f 6655//6655 6659//6659 6658//6658
f 6655//6655 6656//6656 6659//6659
f 6653//6653 6659//6659 6656//6656
f 6653//6653 6654//6654 6659//6659
f 6660//6660 6659//6659 6654//6654
f 6660//6660 6658//6658 6659//6659
f 6620//6620 6662//6662 6661//6661
f 6620//6620 6619//6619 6662//6662
f 6663//6663 6664//6664 6662//6662
f 6663//6663 6665//6665 6664//6664
f 6666//6666 6664//6664 6665//6665
f 6666//6666 6667//6667 6664//6664
f 6661//6661 6664//6664 6667//6667
f 6661//6661 6662//6662 6664//6664
f 6620//6620 6668//6668 6613//6613
f 6620//6620 6661//6661 6668//6668
f 6613//6613 6669//6669 6612//6612
f 6613//6613 6668//6668 6669//6669
f 6582//6582 6669//6669 6668//6668
f 6582//6582 6583//6583 6669//6669
f 6615//6615 6669//6669 6583//6583
f 6615//6615 6612//6612 6669//6669
f 6661//6661 6670//6670 6668//6668
f 6661//6661 6667//6667 6670//6670
f 6601//6601 6670//6670 6667//6667
f 6601//6601 6585//6585 6670//6670
f 6582//6582 6670//6670 6585//6585
f 6582//6582 6668//6668 6670//6670
f 6666//6666 6671//6671 6667//6667
f 6666//6666 6672//6672 6671//6671
f 6595//6595 6671//6671 6672//6672
f 6595//6595 6596//6596 6671//6671
f 6601//6601 6671//6671 6596//6596
f 6601//6601 6667//6667 6671//6671
f 6644//6644 6673//6673 6672//6672
f 6644//6644 6638//6638 6673//6673
f 6569//6569 6673//6673 6638//6638
f 6569//6569 6597//6597 6673//6673
f 6595//6595 6673//6673 6597//6597
f 6595//6595 6672//6672 6673//6673
f 6644//6644 6674//6674 6642//6642
f 6644//6644 6672//6672 6674//6674
f 6666//6666 6674//6674 6672//6672
f 6666//6666 6665//6665 6674//6674
f 6663//6663 6676//6676 6675//6675
f 6663//6663 6662//6662 6676//6676
f 6619//6619 6676//6676 6662//6662
f 6619//6619 6625//6625 6676//6676
f 6663//6663 6677//6677 6665//6665
f 6663//6663 6675//6675 6677//6677
f 6675//6675 6679//6679 6678//6678
f 6675//6675 6676//6676 6679//6679
f 6625//6625 6679//6679 6676//6676
f 6625//6625 6627//6627 6679//6679
f 6660//6660 6680//6680 6658//6658
f 6660//6660 6677//6677 6680//6680
f 6675//6675 6680//6680 6677//6677
f 6675//6675 6678//6678 6680//6680
f 6660//6660 6681//6681 6677//6677
f 6660//6660 6654//6654 6681//6681
f 6642//6642 6681//6681 6654//6654
f 6642//6642 6674//6674 6681//6681
f 6665//6665 6681//6681 6674//6674
f 6665//6665 6677//6677 6681//6681
f 6465//6465 6682//6682 6470//6470
f 6465//6465 6683//6683 6682//6682
f 6340//6340 6682//6682 6683//6683
f 6340//6340 6341//6341 6682//6682
f 6305//6305 6683//6683 6465//6465
f 6305//6305 6340//6340 6683//6683
f 6341//6341 6684//6684 6682//6682
f 6341//6341 6346//6346 6684//6684
f 6346//6346 6685//6685 6684//6684
f 6346//6346 6347//6347 6685//6685
f 6469//6469 6686//6686 6482//6482
f 6469//6469 6687//6687 6686//6686
f 6682//6682 6686//6686 6687//6687
f 6682//6682 6684//6684 6686//6686
f 6470//6470 6687//6687 6469//6469
f 6470//6470 6682//6682 6687//6687
f 6684//6684 6688//6688 6686//6686
f 6684//6684 6685//6685 6688//6688
f 6481//6481 6689//6689 6488//6488
f 6481//6481 6690//6690 6689//6689
f 6686//6686 6689//6689 6690//6690
f 6686//6686 6688//6688 6689//6689
f 6482//6482 6690//6690 6481//6481
f 6482//6482 6686//6686 6690//6690
f 6685//6685 6692//6692 6691//6691
f 6685//6685 6693//6693 6692//6692
f 6403//6403 6692//6692 6693//6693
f 6403//6403 6404//6404 6692//6692
f 6347//6347 6693//6693 6685//6685
f 6347//6347 6403//6403 6693//6693
f 6691//6691 6695//6695 6694//6694
f 6691//6691 6692//6692 6695//6695
f 6404//6404 6695//6695 6692//6692
f 6404//6404 6405//6405 6695//6695
f 6685//6685 6696//6696 6688//6688
f 6685//6685 6691//6691 6696//6696
f 6691//6691 6697//6697 6696//6696
f 6691//6691 6694//6694 6697//6697
f 6410//6410 6699//6699 6698//6698
f 6410//6410 6411//6411 6699//6699
f 6694//6694 6700//6700 6698//6698
f 6694//6694 6695//6695 6700//6700
f 6405//6405 6700//6700 6695//6695
f 6405//6405 6409//6409 6700//6700
f 6410//6410 6700//6700 6409//6409
f 6410//6410 6698//6698 6700//6700
f 6694//6694 6701//6701 6697//6697
f 6694//6694 6698//6698 6701//6701
f 6698//6698 6702//6702 6701//6701
f 6698//6698 6699//6699 6702//6702
f 6488//6488 6703//6703 6563//6563
f 6488//6488 6689//6689 6703//6703
f 6688//6688 6703//6703 6689//6689
f 6688//6688 6696//6696 6703//6703
f 6563//6563 6704//6704 6566//6566
f 6563//6563 6703//6703 6704//6704
f 6696//6696 6704//6704 6703//6703
f 6696//6696 6697//6697 6704//6704
f 6566//6566 6705//6705 6568//6568
f 6566//6566 6704//6704 6705//6705
f 6697//6697 6705//6705 6704//6704
f 6697//6697 6701//6701 6705//6705
f 6568//6568 6706//6706 6570//6570
f 6568//6568 6705//6705 6706//6706
f 6701//6701 6706//6706 6705//6705
f 6701//6701 6702//6702 6706//6706
f 6589//6589 6706//6706 6702//6702
f 6589//6589 6570//6570 6706//6706
f 6411//6411 6707//6707 6699//6699
f 6411//6411 6425//6425 6707//6707
f 6425//6425 6708//6708 6707//6707
f 6425//6425 6426//6426 6708//6708
f 6589//6589 6709//6709 6591//6591
f 6589//6589 6702//6702 6709//6709
f 6699//6699 6709//6709 6702//6702
f 6699//6699 6707//6707 6709//6709
f 6591//6591 6710//6710 6578//6578
f 6591//6591 6709//6709 6710//6710
f 6707//6707 6710//6710 6709//6709
f 6707//6707 6708//6708 6710//6710
f 6579//6579 6710//6710 6708//6708
f 6579//6579 6578//6578 6710//6710
f 6579//6579 6711//6711 6571//6571
f 6579//6579 6708//6708 6711//6711
f 6426//6426 6711//6711 6708//6708
f 6426//6426 6429//6429 6711//6711
f 6312//6312 6711//6711 6429//6429
f 6312//6312 6571//6571 6711//6711
f 3114//3114 6712//6712 3115//3115
f 3114//3114 6713//6713 6712//6712
f 3115//3115 6714//6714 3121//3121
f 3115//3115 6712//6712 6714//6714
f 3123//3123 6716//6716 6715//6715
f 3123//3123 6717//6717 6716//6716
f 3121//3121 6716//6716 6717//6717
f 3121//3121 6714//6714 6716//6716
f 3120//3120 6717//6717 3123//3123
f 3120//3120 3121//3121 6717//6717
f 6714//6714 6718//6718 6716//6716
f 6714//6714 6719//6719 6718//6718
f 6719//6719 6720//6720 6718//6718
f 6719//6719 6721//6721 6720//6720
f 3114//3114 6722//6722 6713//6713
f 3114//3114 6723//6723 6722//6722
f 4839//4839 6722//6722 6723//6723
f 4839//4839 4840//4840 6722//6722
f 1623//1623 6723//6723 3114//3114
f 1623//1623 4839//4839 6723//6723
f 4840//4840 6724//6724 6722//6722
f 4840//4840 4843//4843 6724//6724
f 6722//6722 6726//6726 6725//6725
f 6722//6722 6724//6724 6726//6726
f 6713//6713 6725//6725 6712//6712
f 6713//6713 6722//6722 6725//6725
f 6714//6714 6727//6727 6719//6719
f 6714//6714 6728//6728 6727//6727
f 6725//6725 6727//6727 6728//6728
f 6725//6725 6726//6726 6727//6727
f 6712//6712 6728//6728 6714//6714
f 6712//6712 6725//6725 6728//6728
f 4843//4843 6729//6729 6724//6724
f 4843//4843 4851//4851 6729//6729
f 6724//6724 6730//6730 6726//6726
f 6724//6724 6729//6729 6730//6730
f 4851//4851 6731//6731 6729//6729
f 4851//4851 4853//4853 6731//6731
f 6729//6729 6732//6732 6730//6730
f 6729//6729 6731//6731 6732//6732
f 6719//6719 6733//6733 6721//6721
f 6719//6719 6727//6727 6733//6733
f 6726//6726 6733//6733 6727//6727
f 6726//6726 6730//6730 6733//6733
f 6730//6730 6734//6734 6733//6733
f 6730//6730 6732//6732 6734//6734
f 6720//6720 6736//6736 6735//6735
f 6720//6720 6737//6737 6736//6736
f 6733//6733 6736//6736 6737//6737
f 6733//6733 6734//6734 6736//6736
f 6721//6721 6737//6737 6720//6720
f 6721//6721 6733//6733 6737//6737
f 3123//3123 6738//6738 3138//3138
f 3123//3123 6715//6715 6738//6738
f 3136//3136 6740//6740 6739//6739
f 3136//3136 6741//6741 6740//6740
f 3138//3138 6740//6740 6741//6741
f 3138//3138 6738//6738 6740//6740
f 3137//3137 6741//6741 3136//3136
f 3137//3137 3138//3138 6741//6741
f 6738//6738 6743//6743 6742//6742
f 6738//6738 6744//6744 6743//6743
f 6716//6716 6743//6743 6744//6744
f 6716//6716 6718//6718 6743//6743
f 6715//6715 6744//6744 6738//6738
f 6715//6715 6716//6716 6744//6744
f 6739//6739 6746//6746 6745//6745
f 6739//6739 6740//6740 6746//6746
f 6738//6738 6746//6746 6740//6740
f 6738//6738 6742//6742 6746//6746
f 3140//3140 6748//6748 6747//6747
f 3140//3140 6749//6749 6748//6748
f 3136//3136 6748//6748 6749//6749
f 3136//3136 6739//6739 6748//6748
f 3135//3135 6749//6749 3140//3140
f 3135//3135 3136//3136 6749//6749
f 3073//3073 6750//6750 6308//6308
f 3073//3073 6751//6751 6750//6750
f 3140//3140 6750//6750 6751//6751
f 3140//3140 6747//6747 6750//6750
f 3075//3075 6751//6751 3073//3073
f 3075//3075 3140//3140 6751//6751
f 6747//6747 6753//6753 6752//6752
f 6747//6747 6748//6748 6753//6753
f 6739//6739 6753//6753 6748//6748
f 6739//6739 6745//6745 6753//6753
f 6308//6308 6754//6754 6310//6310
f 6308//6308 6750//6750 6754//6754
f 6747//6747 6754//6754 6750//6750
f 6747//6747 6752//6752 6754//6754
f 6742//6742 6756//6756 6755//6755
f 6742//6742 6743//6743 6756//6756
f 6718//6718 6756//6756 6743//6743
f 6718//6718 6720//6720 6756//6756
f 6742//6742 6757//6757 6746//6746
f 6742//6742 6755//6755 6757//6757
f 6720//6720 6758//6758 6756//6756
f 6720//6720 6735//6735 6758//6758
f 6759//6759 6760//6760 6758//6758
f 6759//6759 6761//6761 6760//6760
f 6757//6757 6760//6760 6761//6761
f 6757//6757 6762//6762 6760//6760
f 6756//6756 6760//6760 6762//6762
f 6756//6756 6758//6758 6760//6760
f 6755//6755 6762//6762 6757//6757
f 6755//6755 6756//6756 6762//6762
f 6752//6752 6764//6764 6763//6763
f 6752//6752 6753//6753 6764//6764
f 6310//6310 6765//6765 6387//6387
f 6310//6310 6754//6754 6765//6765
f 6752//6752 6765//6765 6754//6754
f 6752//6752 6763//6763 6765//6765
f 6387//6387 6766//6766 6390//6390
f 6387//6387 6765//6765 6766//6766
f 6765//6765 6767//6767 6766//6766
f 6765//6765 6768//6768 6767//6767
f 6764//6764 6767//6767 6768//6768
f 6764//6764 6769//6769 6767//6767
f 6763//6763 6768//6768 6765//6765
f 6763//6763 6764//6764 6768//6768
f 6753//6753 6770//6770 6764//6764
f 6753//6753 6771//6771 6770//6770
f 6746//6746 6770//6770 6771//6771
f 6746//6746 6757//6757 6770//6770
f 6745//6745 6771//6771 6753//6753
f 6745//6745 6746//6746 6771//6771
f 6764//6764 6772//6772 6769//6769
f 6764//6764 6770//6770 6772//6772
f 6757//6757 6772//6772 6770//6770
f 6757//6757 6761//6761 6772//6772
f 4900//4900 6774//6774 6773//6773
f 4900//4900 4901//4901 6774//6774
f 4853//4853 6773//6773 6731//6731
f 4853//4853 4900//4900 6773//6773
f 6732//6732 6776//6776 6775//6775
f 6732//6732 6777//6777 6776//6776
f 6773//6773 6776//6776 6777//6777
f 6773//6773 6774//6774 6776//6776
f 6731//6731 6777//6777 6732//6732
f 6731//6731 6773//6773 6777//6777
f 4901//4901 6778//6778 6774//6774
f 4901//4901 4904//4904 6778//6778
f 6775//6775 6780//6780 6779//6779
f 6775//6775 6776//6776 6780//6780
f 6774//6774 6780//6780 6776//6776
f 6774//6774 6778//6778 6780//6780
f 6732//6732 6781//6781 6734//6734
f 6732//6732 6775//6775 6781//6781
f 6735//6735 6783//6783 6782//6782
f 6735//6735 6736//6736 6783//6783
f 6734//6734 6783//6783 6736//6736
f 6734//6734 6781//6781 6783//6783
f 6775//6775 6784//6784 6781//6781
f 6775//6775 6779//6779 6784//6784
f 6782//6782 6786//6786 6785//6785
f 6782//6782 6783//6783 6786//6786
f 6781//6781 6786//6786 6783//6783
f 6781//6781 6784//6784 6786//6786
f 4904//4904 6787//6787 6778//6778
f 4904//4904 4914//4914 6787//6787
f 6779//6779 6789//6789 6788//6788
f 6779//6779 6780//6780 6789//6789
f 6778//6778 6789//6789 6780//6780
f 6778//6778 6787//6787 6789//6789
f 4914//4914 6790//6790 6787//6787
f 4914//4914 4918//4918 6790//6790
f 6791//6791 6792//6792 6790//6790
f 6791//6791 6793//6793 6792//6792
f 6788//6788 6792//6792 6793//6793
f 6788//6788 6789//6789 6792//6792
f 6787//6787 6792//6792 6789//6789
f 6787//6787 6790//6790 6792//6792
f 6779//6779 6794//6794 6784//6784
f 6779//6779 6788//6788 6794//6794
f 6785//6785 6796//6796 6795//6795
f 6785//6785 6786//6786 6796//6796
f 6784//6784 6796//6796 6786//6786
f 6784//6784 6794//6794 6796//6796
f 6788//6788 6797//6797 6794//6794
f 6788//6788 6793//6793 6797//6797
f 6798//6798 6799//6799 6797//6797
f 6798//6798 6800//6800 6799//6799
f 6795//6795 6799//6799 6800//6800
f 6795//6795 6796//6796 6799//6799
f 6794//6794 6799//6799 6796//6796
f 6794//6794 6797//6797 6799//6799
f 6759//6759 6802//6802 6801//6801
f 6759//6759 6758//6758 6802//6802
f 6735//6735 6802//6802 6758//6758
f 6735//6735 6782//6782 6802//6802
f 6759//6759 6803//6803 6761//6761
f 6759//6759 6801//6801 6803//6803
f 6801//6801 6805//6805 6804//6804
f 6801//6801 6802//6802 6805//6805
f 6782//6782 6805//6805 6802//6802
f 6782//6782 6785//6785 6805//6805
f 6801//6801 6806//6806 6803//6803
f 6801//6801 6804//6804 6806//6806
f 6390//6390 6807//6807 6419//6419
f 6390//6390 6766//6766 6807//6807
f 6766//6766 6808//6808 6807//6807
f 6766//6766 6767//6767 6808//6808
f 6769//6769 6808//6808 6767//6767
f 6769//6769 6809//6809 6808//6808
f 6419//6419 6810//6810 6422//6422
f 6419//6419 6807//6807 6810//6810
f 6811//6811 6813//6813 6812//6812
f 6811//6811 6810//6810 6813//6813
f 6807//6807 6813//6813 6810//6810
f 6807//6807 6808//6808 6813//6813
f 6809//6809 6813//6813 6808//6808
f 6809//6809 6812//6812 6813//6813
f 6769//6769 6814//6814 6809//6809
f 6769//6769 6772//6772 6814//6814
f 6761//6761 6814//6814 6772//6772
f 6761//6761 6803//6803 6814//6814
f 6815//6815 6816//6816 6806//6806
f 6815//6815 6812//6812 6816//6816
f 6809//6809 6816//6816 6812//6812
f 6809//6809 6814//6814 6816//6816
f 6803//6803 6816//6816 6814//6814
f 6803//6803 6806//6806 6816//6816
f 6804//6804 6818//6818 6817//6817
f 6804//6804 6805//6805 6818//6818
f 6785//6785 6818//6818 6805//6805
f 6785//6785 6795//6795 6818//6818
f 6815//6815 6820//6820 6819//6819
f 6815//6815 6806//6806 6820//6820
f 6804//6804 6820//6820 6806//6806
f 6804//6804 6817//6817 6820//6820
f 6821//6821 6822//6822 6800//6800
f 6821//6821 6823//6823 6822//6822
f 6817//6817 6822//6822 6823//6823
f 6817//6817 6818//6818 6822//6822
f 6795//6795 6822//6822 6818//6818
f 6795//6795 6800//6800 6822//6822
f 6824//6824 6825//6825 6823//6823
f 6824//6824 6826//6826 6825//6825
f 6819//6819 6825//6825 6826//6826
f 6819//6819 6820//6820 6825//6825
f 6817//6817 6825//6825 6820//6820
f 6817//6817 6823//6823 6825//6825
f 6811//6811 6828//6828 6827//6827
f 6811//6811 6812//6812 6828//6828
f 6815//6815 6828//6828 6812//6812
f 6815//6815 6819//6819 6828//6828
f 6422//6422 6829//6829 6314//6314
f 6422//6422 6810//6810 6829//6829
f 6811//6811 6829//6829 6810//6810
f 6811//6811 6827//6827 6829//6829
f 6827//6827 6831//6831 6830//6830
f 6827//6827 6828//6828 6831//6831
f 6819//6819 6831//6831 6828//6828
f 6819//6819 6826//6826 6831//6831
f 6573//6573 6832//6832 6830//6830
f 6573//6573 6313//6313 6832//6832
f 6314//6314 6832//6832 6313//6313
f 6314//6314 6829//6829 6832//6832
f 6827//6827 6832//6832 6829//6829
f 6827//6827 6830//6830 6832//6832
f 6833//6833 6835//6835 6834//6834
f 6833//6833 6836//6836 6835//6835
f 6837//6837 6839//6839 6838//6838
f 6837//6837 6840//6840 6839//6839
f 6821//6821 6839//6839 6840//6840
f 6821//6821 6800//6800 6839//6839
f 6798//6798 6839//6839 6800//6800
f 6798//6798 6838//6838 6839//6839
f 6836//6836 6841//6841 6835//6835
f 6836//6836 6842//6842 6841//6841
f 6837//6837 6841//6841 6842//6842
f 6837//6837 6838//6838 6841//6841
f 6837//6837 6843//6843 6840//6840
f 6837//6837 6842//6842 6843//6843
f 4964//4964 6844//6844 4963//4963
f 4964//4964 6845//6845 6844//6844
f 4965//4965 6844//6844 6846//6846
f 4965//4965 4963//4963 6844//6844
f 6845//6845 6847//6847 6844//6844
f 6845//6845 6848//6848 6847//6847
f 6846//6846 6847//6847 6849//6849
f 6846//6846 6844//6844 6847//6847
f 4965//4965 6850//6850 4967//4967
f 4965//4965 6846//6846 6850//6850
f 4967//4967 6851//6851 4969//4969
f 4967//4967 6850//6850 6851//6851
f 6833//6833 6851//6851 6850//6850
f 6833//6833 6834//6834 6851//6851
f 4970//4970 6851//6851 6834//6834
f 4970//4970 4969//4969 6851//6851
f 6846//6846 6852//6852 6850//6850
f 6846//6846 6849//6849 6852//6852
f 6833//6833 6852//6852 6836//6836
f 6833//6833 6850//6850 6852//6852
f 6848//6848 6853//6853 6847//6847
f 6848//6848 6854//6854 6853//6853
f 6849//6849 6853//6853 6855//6855
f 6849//6849 6847//6847 6853//6853
f 6614//6614 6856//6856 6854//6854
f 6614//6614 6615//6615 6856//6856
f 6854//6854 6857//6857 6853//6853
f 6854//6854 6856//6856 6857//6857
f 6858//6858 6857//6857 6856//6856
f 6858//6858 6859//6859 6857//6857
f 6855//6855 6857//6857 6859//6859
f 6855//6855 6853//6853 6857//6857
f 6849//6849 6860//6860 6852//6852
f 6849//6849 6855//6855 6860//6860
f 6836//6836 6860//6860 6842//6842
f 6836//6836 6852//6852 6860//6860
f 6855//6855 6861//6861 6860//6860
f 6855//6855 6859//6859 6861//6861
f 6862//6862 6861//6861 6859//6859
f 6862//6862 6843//6843 6861//6861
f 6842//6842 6861//6861 6843//6843
f 6842//6842 6860//6860 6861//6861
f 4978//4978 6863//6863 4977//4977
f 4978//4978 6864//6864 6863//6863
f 6791//6791 6863//6863 6864//6864
f 6791//6791 6790//6790 6863//6863
f 4918//4918 6863//6863 6790//6790
f 4918//4918 4977//4977 6863//6863
f 6791//6791 6865//6865 6793//6793
f 6791//6791 6864//6864 6865//6865
f 4970//4970 6866//6866 4980//4980
f 4970//4970 6834//6834 6866//6866
f 4978//4978 6866//6866 6864//6864
f 4978//4978 4980//4980 6866//6866
f 6834//6834 6867//6867 6866//6866
f 6834//6834 6835//6835 6867//6867
f 6864//6864 6867//6867 6865//6865
f 6864//6864 6866//6866 6867//6867
f 6798//6798 6868//6868 6838//6838
f 6798//6798 6797//6797 6868//6868
f 6793//6793 6868//6868 6797//6797
f 6793//6793 6865//6865 6868//6868
f 6835//6835 6869//6869 6867//6867
f 6835//6835 6841//6841 6869//6869
f 6838//6838 6869//6869 6841//6841
f 6838//6838 6868//6868 6869//6869
f 6865//6865 6869//6869 6868//6868
f 6865//6865 6867//6867 6869//6869
f 6824//6824 6870//6870 6826//6826
f 6824//6824 6871//6871 6870//6870
f 6872//6872 6874//6874 6873//6873
f 6872//6872 6875//6875 6874//6874
f 6876//6876 6874//6874 6875//6875
f 6876//6876 6870//6870 6874//6874
f 6871//6871 6874//6874 6870//6870
f 6871//6871 6873//6873 6874//6874
f 6824//6824 6877//6877 6871//6871
f 6824//6824 6823//6823 6877//6877
f 6821//6821 6877//6877 6823//6823
f 6821//6821 6840//6840 6877//6877
f 6862//6862 6878//6878 6843//6843
f 6862//6862 6873//6873 6878//6878
f 6871//6871 6878//6878 6873//6873
f 6871//6871 6877//6877 6878//6878
f 6840//6840 6878//6878 6877//6877
f 6840//6840 6843//6843 6878//6878
f 6573//6573 6879//6879 6574//6574
f 6573//6573 6830//6830 6879//6879
f 6876//6876 6880//6880 6870//6870
f 6876//6876 6879//6879 6880//6880
f 6830//6830 6880//6880 6879//6879
f 6830//6830 6831//6831 6880//6880
f 6826//6826 6880//6880 6831//6831
f 6826//6826 6870//6870 6880//6880
f 6600//6600 6881//6881 6875//6875
f 6600//6600 6580//6580 6881//6881
f 6574//6574 6881//6881 6580//6580
f 6574//6574 6879//6879 6881//6881
f 6876//6876 6881//6881 6879//6879
f 6876//6876 6875//6875 6881//6881
f 6858//6858 6882//6882 6859//6859
f 6858//6858 6883//6883 6882//6882
f 6872//6872 6882//6882 6883//6883
f 6872//6872 6873//6873 6882//6882
f 6862//6862 6882//6882 6873//6873
f 6862//6862 6859//6859 6882//6882
f 6588//6588 6884//6884 6883//6883
f 6588//6588 6587//6587 6884//6884
f 6600//6600 6884//6884 6587//6587
f 6600//6600 6875//6875 6884//6884
f 6872//6872 6884//6884 6875//6875
f 6872//6872 6883//6883 6884//6884
f 6615//6615 6885//6885 6856//6856
f 6615//6615 6583//6583 6885//6885
f 6588//6588 6885//6885 6583//6583
f 6588//6588 6883//6883 6885//6885
f 6858//6858 6885//6885 6883//6883
f 6858//6858 6856//6856 6885//6885
f 4777//4777 6886//6886 4984//4984
f 4777//4777 6605//6605 6886//6886
f 4964//4964 6886//6886 6845//6845
f 4964//4964 4984//4984 6886//6886
f 6605//6605 6887//6887 6886//6886
f 6605//6605 6609//6609 6887//6887
f 6845//6845 6887//6887 6848//6848
f 6845//6845 6886//6886 6887//6887
f 6609//6609 6888//6888 6887//6887
f 6609//6609 6610//6610 6888//6888
f 6614//6614 6888//6888 6610//6610
f 6614//6614 6854//6854 6888//6888
f 6848//6848 6888//6888 6854//6854
f 6848//6848 6887//6887 6888//6888
f 4669//4669 6889//6889 4993//4993
f 4669//4669 6524//6524 6889//6889
f 6889//6889 6891//6891 6890//6890
f 6889//6889 6892//6892 6891//6891
f 6524//6524 6892//6892 6889//6889
f 6524//6524 6526//6526 6892//6892
f 4997//4997 6893//6893 4996//4996
f 4997//4997 6894//6894 6893//6893
f 6889//6889 6893//6893 6894//6894
f 6889//6889 6890//6890 6893//6893
f 4993//4993 6894//6894 4997//4997
f 4993//4993 6889//6889 6894//6894
f 6892//6892 6895//6895 6891//6891
f 6892//6892 6896//6896 6895//6895
f 6526//6526 6896//6896 6892//6892
f 6526//6526 6532//6532 6896//6896
f 6896//6896 6897//6897 6895//6895
f 6896//6896 6898//6898 6897//6897
f 6534//6534 6897//6897 6898//6898
f 6534//6534 6558//6558 6897//6897
f 6532//6532 6898//6898 6896//6896
f 6532//6532 6534//6534 6898//6898
f 6890//6890 6899//6899 6893//6893
f 6890//6890 6891//6891 6899//6899
f 5041//5041 6900//6900 5040//5040
f 5041//5041 6901//6901 6900//6900
f 6901//6901 6902//6902 6900//6900
f 6901//6901 6903//6903 6902//6902
f 6891//6891 6904//6904 6899//6899
f 6891//6891 6895//6895 6904//6904
f 6895//6895 6905//6905 6904//6904
f 6895//6895 6897//6897 6905//6905
f 4996//4996 6906//6906 5061//5061
f 4996//4996 6893//6893 6906//6906
f 6893//6893 6907//6907 6906//6906
f 6893//6893 6899//6899 6907//6907
f 5065//5065 6908//6908 5064//5064
f 5065//5065 6909//6909 6908//6908
f 5061//5061 6909//6909 5065//5065
f 5061//5061 6906//6906 6909//6909
f 6909//6909 6910//6910 6908//6908
f 6909//6909 6911//6911 6910//6910
f 6906//6906 6911//6911 6909//6909
f 6906//6906 6907//6907 6911//6911
f 5041//5041 6912//6912 6901//6901
f 5041//5041 5067//5067 6912//6912
f 6901//6901 6913//6913 6903//6903
f 6901//6901 6912//6912 6913//6913
f 5071//5071 6914//6914 5070//5070
f 5071//5071 6915//6915 6914//6914
f 5067//5067 6914//6914 6912//6912
f 5067//5067 5070//5070 6914//6914
f 6915//6915 6916//6916 6914//6914
f 6915//6915 6917//6917 6916//6916
f 6912//6912 6916//6916 6913//6913
f 6912//6912 6914//6914 6916//6916
f 6899//6899 6918//6918 6907//6907
f 6899//6899 6904//6904 6918//6918
f 6918//6918 6920//6920 6919//6919
f 6918//6918 6921//6921 6920//6920
f 6905//6905 6920//6920 6921//6921
f 6905//6905 6922//6922 6920//6920
f 6904//6904 6921//6921 6918//6918
f 6904//6904 6905//6905 6921//6921
f 6919//6919 6924//6924 6923//6923
f 6919//6919 6920//6920 6924//6924
f 6922//6922 6924//6924 6920//6920
f 6922//6922 6925//6925 6924//6924
f 6911//6911 6926//6926 6910//6910
f 6911//6911 6927//6927 6926//6926
f 6918//6918 6926//6926 6927//6927
f 6918//6918 6919//6919 6926//6926
f 6907//6907 6927//6927 6911//6911
f 6907//6907 6918//6918 6927//6927
f 6910//6910 6928//6928 6917//6917
f 6910//6910 6926//6926 6928//6928
f 6919//6919 6928//6928 6926//6926
f 6919//6919 6923//6923 6928//6928
f 6913//6913 6930//6930 6929//6929
f 6913//6913 6931//6931 6930//6930
f 6903//6903 6929//6929 6902//6902
f 6903//6903 6913//6913 6929//6929
f 6923//6923 6932//6932 6931//6931
f 6923//6923 6924//6924 6932//6932
f 6931//6931 6933//6933 6930//6930
f 6931//6931 6932//6932 6933//6933
f 6917//6917 6934//6934 6916//6916
f 6917//6917 6928//6928 6934//6934
f 6923//6923 6934//6934 6928//6928
f 6923//6923 6931//6931 6934//6934
f 6913//6913 6934//6934 6931//6931
f 6913//6913 6916//6916 6934//6934
f 4787//4787 6935//6935 6623//6623
f 4787//4787 5079//5079 6935//6935
f 6623//6623 6936//6936 6624//6624
f 6623//6623 6935//6935 6936//6936
f 5079//5079 6937//6937 6935//6935
f 5079//5079 5081//5081 6937//6937
f 6935//6935 6938//6938 6936//6936
f 6935//6935 6937//6937 6938//6938
f 6628//6628 6939//6939 6627//6627
f 6628//6628 6940//6940 6939//6939
f 6940//6940 6941//6941 6939//6939
f 6940//6940 6942//6942 6941//6941
f 6628//6628 6943//6943 6940//6940
f 6628//6628 6630//6630 6943//6943
f 6624//6624 6943//6943 6630//6630
f 6624//6624 6936//6936 6943//6943
f 6940//6940 6944//6944 6942//6942
f 6940//6940 6943//6943 6944//6944
f 6936//6936 6944//6944 6943//6943
f 6936//6936 6938//6938 6944//6944
f 5101//5101 6945//6945 5100//5100
f 5101//5101 6946//6946 6945//6945
f 5040//5040 6946//6946 5101//5101
f 5040//5040 6900//6900 6946//6946
f 6900//6900 6929//6929 6946//6946
f 6900//6900 6902//6902 6929//6929
f 5106//5106 6947//6947 5105//5105
f 5106//5106 6948//6948 6947//6947
f 5100//5100 6948//6948 5106//5106
f 5100//5100 6945//6945 6948//6948
f 6949//6949 6950//6950 6948//6948
f 6949//6949 6951//6951 6950//6950
f 6946//6946 6948//6948 6945//6945
f 6946//6946 6949//6949 6948//6948
f 6946//6946 6951//6951 6949//6949
f 6946//6946 6929//6929 6951//6951
f 6948//6948 6952//6952 6947//6947
f 6948//6948 6950//6950 6952//6952
f 6937//6937 6954//6954 6953//6953
f 6937//6937 6955//6955 6954//6954
f 5109//5109 6954//6954 6955//6955
f 5109//5109 5110//5110 6954//6954
f 5081//5081 6955//6955 6937//6937
f 5081//5081 5109//5109 6955//6955
f 6937//6937 6956//6956 6938//6938
f 6937//6937 6953//6953 6956//6956
f 5117//5117 6957//6957 5116//5116
f 5117//5117 6958//6958 6957//6957
f 5110//5110 6957//6957 6954//6954
f 5110//5110 5116//5116 6957//6957
f 6958//6958 6959//6959 6957//6957
f 6958//6958 6960//6960 6959//6959
f 6956//6956 6959//6959 6960//6960
f 6956//6956 6961//6961 6959//6959
f 6954//6954 6959//6959 6961//6961
f 6954//6954 6957//6957 6959//6959
f 6953//6953 6961//6961 6956//6956
f 6953//6953 6954//6954 6961//6961
f 6951//6951 6962//6962 6950//6950
f 6951//6951 6963//6963 6962//6962
f 6929//6929 6963//6963 6951//6951
f 6929//6929 6930//6930 6963//6963
f 6950//6950 6964//6964 6952//6952
f 6950//6950 6962//6962 6964//6964
f 6963//6963 6965//6965 6962//6962
f 6963//6963 6966//6966 6965//6965
f 6933//6933 6965//6965 6966//6966
f 6933//6933 6967//6967 6965//6965
f 6930//6930 6966//6966 6963//6963
f 6930//6930 6933//6933 6966//6966
f 6962//6962 6968//6968 6964//6964
f 6962//6962 6965//6965 6968//6968
f 6967//6967 6968//6968 6965//6965
f 6967//6967 6969//6969 6968//6968
f 6970//6970 6968//6968 6969//6969
f 6970//6970 6964//6964 6968//6968
f 6938//6938 6971//6971 6944//6944
f 6938//6938 6956//6956 6971//6971
f 6970//6970 6972//6972 6971//6971
f 6970//6970 6969//6969 6972//6972
f 6941//6941 6972//6972 6969//6969
f 6941//6941 6973//6973 6972//6972
f 6944//6944 6972//6972 6973//6973
f 6944//6944 6971//6971 6972//6972
f 6942//6942 6973//6973 6941//6941
f 6942//6942 6944//6944 6973//6973
f 6952//6952 6974//6974 6960//6960
f 6952//6952 6964//6964 6974//6974
f 6970//6970 6974//6974 6964//6964
f 6970//6970 6971//6971 6974//6974
f 6956//6956 6974//6974 6971//6971
f 6956//6956 6960//6960 6974//6974
f 6559//6559 6976//6976 6975//6975
f 6559//6559 6646//6646 6976//6976
f 6558//6558 6975//6975 6897//6897
f 6558//6558 6559//6559 6975//6975
f 6976//6976 6978//6978 6977//6977
f 6976//6976 6979//6979 6978//6978
f 6647//6647 6978//6978 6979//6979
f 6647//6647 6649//6649 6978//6978
f 6646//6646 6979//6979 6976//6976
f 6646//6646 6647//6647 6979//6979
f 6905//6905 6980//6980 6922//6922
f 6905//6905 6981//6981 6980//6980
f 6975//6975 6980//6980 6981//6981
f 6975//6975 6976//6976 6980//6980
f 6897//6897 6981//6981 6905//6905
f 6897//6897 6975//6975 6981//6981
f 6922//6922 6982//6982 6925//6925
f 6922//6922 6980//6980 6982//6982
f 6976//6976 6982//6982 6980//6980
f 6976//6976 6977//6977 6982//6982
f 6649//6649 6983//6983 6978//6978
f 6649//6649 6655//6655 6983//6983
f 6655//6655 6984//6984 6983//6983
f 6655//6655 6658//6658 6984//6984
f 6982//6982 6986//6986 6985//6985
f 6982//6982 6987//6987 6986//6986
f 6978//6978 6986//6986 6987//6987
f 6978//6978 6983//6983 6986//6986
f 6977//6977 6987//6987 6982//6982
f 6977//6977 6978//6978 6987//6987
f 6985//6985 6989//6989 6988//6988
f 6985//6985 6986//6986 6989//6989
f 6983//6983 6989//6989 6986//6986
f 6983//6983 6984//6984 6989//6989
f 6990//6990 6989//6989 6984//6984
f 6990//6990 6988//6988 6989//6989
f 6924//6924 6991//6991 6932//6932
f 6924//6924 6992//6992 6991//6991
f 6982//6982 6991//6991 6992//6992
f 6982//6982 6985//6985 6991//6991
f 6925//6925 6992//6992 6924//6924
f 6925//6925 6982//6982 6992//6992
f 6932//6932 6993//6993 6933//6933
f 6932//6932 6991//6991 6993//6993
f 6985//6985 6993//6993 6991//6991
f 6985//6985 6988//6988 6993//6993
f 6678//6678 6995//6995 6994//6994
f 6678//6678 6679//6679 6995//6995
f 6627//6627 6995//6995 6679//6679
f 6627//6627 6939//6939 6995//6995
f 6990//6990 6996//6996 6994//6994
f 6990//6990 6984//6984 6996//6996
f 6658//6658 6996//6996 6984//6984
f 6658//6658 6680//6680 6996//6996
f 6678//6678 6996//6996 6680//6680
f 6678//6678 6994//6994 6996//6996
f 6990//6990 6997//6997 6988//6988
f 6990//6990 6994//6994 6997//6997
f 6994//6994 6998//6998 6997//6997
f 6994//6994 6995//6995 6998//6998
f 6939//6939 6998//6998 6995//6995
f 6939//6939 6941//6941 6998//6998
f 6933//6933 6999//6999 6967//6967
f 6933//6933 6993//6993 6999//6999
f 6988//6988 6999//6999 6993//6993
f 6988//6988 6997//6997 6999//6999
f 6967//6967 7000//7000 6969//6969
f 6967//6967 6999//6999 7000//7000
f 6997//6997 7000//7000 6999//6999
f 6997//6997 6998//6998 7000//7000
f 6941//6941 7000//7000 6998//6998
f 6941//6941 6969//6969 7000//7000
f 5123//5123 7001//7001 5122//5122
f 5123//5123 7002//7002 7001//7001
f 5071//5071 7001//7001 6915//6915
f 5071//5071 5122//5122 7001//7001
f 5064//5064 7002//7002 5123//5123
f 5064//5064 6908//6908 7002//7002
f 7002//7002 7003//7003 7001//7001
f 7002//7002 7004//7004 7003//7003
f 6910//6910 7003//7003 7004//7004
f 6910//6910 6917//6917 7003//7003
f 6915//6915 7003//7003 6917//6917
f 6915//6915 7001//7001 7003//7003
f 6908//6908 7004//7004 7002//7002
f 6908//6908 6910//6910 7004//7004
f 5129//5129 7005//7005 5128//5128
f 5129//5129 7006//7006 7005//7005
f 5117//5117 7005//7005 6958//6958
f 5117//5117 5128//5128 7005//7005
f 5105//5105 7006//7006 5129//5129
f 5105//5105 6947//6947 7006//7006
f 7006//7006 7007//7007 7005//7005
f 7006//7006 7008//7008 7007//7007
f 6952//6952 7007//7007 7008//7008
f 6952//6952 6960//6960 7007//7007
f 6958//6958 7007//7007 6960//6960
f 6958//6958 7005//7005 7007//7007
f 6947//6947 7008//7008 7006//7006
f 6947//6947 6952//6952 7008//7008
