# https://github.com/mikedh/trimesh
v -0.02806636 -0.03026666 -0.03027022
v -0.02806636 -0.03026666 -0.02933166
v -0.02806636 -0.03018918 -0.03110450
v -0.02722469 -0.03053136 -0.03027022
v -0.02722469 -0.03053781 -0.02933166
v -0.02806636 -0.03026020 -0.02924302
v -0.02806636 -0.03017627 -0.03119836
v -0.02722469 -0.03043451 -0.03119836
v -0.02655020 -0.03073149 -0.03027022
v -0.02657326 -0.03073795 -0.02933166
v -0.02722469 -0.03044743 -0.02840352
v -0.02644067 -0.03069276 -0.02840352
v -0.02806636 -0.03017627 -0.02840352
v -0.02806636 -0.03000841 -0.03211606
v -0.02722469 -0.03026020 -0.03213171
v -0.02628501 -0.03069921 -0.03124528
v -0.02597371 -0.03082833 -0.03096372
v -0.02608324 -0.03086061 -0.03027022
v -0.02610630 -0.03086707 -0.02933166
v -0.02597371 -0.03083479 -0.02840352
v -0.02584112 -0.03079605 -0.02790296
v -0.02722469 -0.03026020 -0.02746496
v -0.02806636 -0.02999550 -0.02750668
v -0.02806636 -0.02988575 -0.03268963
v -0.02629078 -0.03052490 -0.03213171
v -0.02787612 -0.02991157 -0.03280956
v -0.02576041 -0.03077669 -0.03158942
v -0.02540875 -0.03091226 -0.03124528
v -0.02442295 -0.03113823 -0.03119836
v -0.02348904 -0.03134482 -0.03119836
v -0.02348904 -0.03146103 -0.03027022
v -0.02535686 -0.03103493 -0.03027022
v -0.02442295 -0.03128672 -0.02933166
v -0.02535686 -0.03106075 -0.02933166
v -0.02535686 -0.03099619 -0.02840352
v -0.02559899 -0.03072504 -0.02728246
v -0.02621007 -0.03060237 -0.02754318
v -0.02348904 -0.03132545 -0.02746496
v -0.02442295 -0.03108012 -0.02746496
v -0.02531651 -0.03086061 -0.02754318
v -0.02629078 -0.03028602 -0.02653161
v -0.02781271 -0.02989866 -0.02688097
v -0.02806636 -0.02972434 -0.02663068
v -0.02806636 -0.02980827 -0.03299205
v -0.02629078 -0.03029894 -0.03306505
v -0.02540875 -0.03072504 -0.03218906
v -0.02725928 -0.03001487 -0.03310155
v -0.02447484 -0.03092518 -0.03218906
v -0.02348904 -0.03114468 -0.03213171
v -0.02255513 -0.03133191 -0.03213171
v -0.02255513 -0.03152559 -0.03119836
v -0.02203052 -0.03171282 -0.03063522
v -0.02250901 -0.03165471 -0.03030151
v -0.02272231 -0.03166763 -0.02933166
v -0.02348904 -0.03149977 -0.02933166
v -0.02348904 -0.03146103 -0.02840352
v -0.02497638 -0.03081542 -0.02692790
v -0.02246865 -0.03158370 -0.02755360
v -0.02255513 -0.03133836 -0.02653161
v -0.02531651 -0.03060237 -0.02658376
v -0.02296444 -0.03077023 -0.02518634
v -0.02629078 -0.02998905 -0.02578598
v -0.02686727 -0.02989220 -0.02598933
v -0.02719587 -0.02999550 -0.02655247
v -0.02806636 -0.02968561 -0.02652118
v -0.02806636 -0.02976308 -0.03316412
v -0.02535686 -0.03024083 -0.03399840
v -0.02535686 -0.03051844 -0.03306505
v -0.02697680 -0.02992448 -0.03373248
v -0.02629654 -0.03000841 -0.03402447
v -0.02482073 -0.03077669 -0.03253320
v -0.02759941 -0.02982764 -0.03343005
v -0.02420389 -0.03084125 -0.03278870
v -0.02162698 -0.03148040 -0.03213171
v -0.02348328 -0.03091226 -0.03308591
v -0.02255513 -0.03109949 -0.03306505
v -0.02168463 -0.03166117 -0.03121400
v -0.02141944 -0.03175801 -0.03091679
v -0.01975915 -0.03208727 -0.03027022
v -0.02069307 -0.03194524 -0.03027022
v -0.02216311 -0.03173864 -0.03001472
v -0.02225535 -0.03175155 -0.02933166
v -0.02162698 -0.03184839 -0.02840352
v -0.02219771 -0.03174510 -0.02840352
v -0.02266466 -0.03164826 -0.02840352
v -0.02209394 -0.03172573 -0.02792903
v -0.02348904 -0.03109304 -0.02653161
v -0.02348904 -0.03086707 -0.02586419
v -0.02184605 -0.03167408 -0.02730853
v -0.02162698 -0.03126735 -0.02560348
v -0.02261278 -0.03099619 -0.02554091
v -0.02156933 -0.03157724 -0.02659418
v -0.02027800 -0.03173864 -0.02603626
v -0.02234183 -0.03086061 -0.02499341
v -0.02348904 -0.03034413 -0.02467013
v -0.02580653 -0.02985347 -0.02514984
v -0.02629078 -0.02976954 -0.02531670
v -0.02719587 -0.02962105 -0.02565041
v -0.02806636 -0.02927242 -0.02554612
v -0.02748987 -0.02978891 -0.02626569
v -0.02806636 -0.02951775 -0.03399840
v -0.02348904 -0.03032476 -0.03493175
v -0.02348328 -0.03064756 -0.03396712
v -0.02378881 -0.03075732 -0.03340919
v -0.02599100 -0.02989866 -0.03459283
v -0.02552981 -0.02979536 -0.03521853
v -0.02806636 -0.02923368 -0.03484311
v -0.02661361 -0.02982119 -0.03435297
v -0.02162698 -0.03124798 -0.03306505
v -0.01975915 -0.03168699 -0.03243413
v -0.02068154 -0.03162889 -0.03210042
v -0.02098708 -0.03169991 -0.03153728
v -0.02316620 -0.03082188 -0.03362298
v -0.02167310 -0.03094454 -0.03407140
v -0.02255513 -0.03073149 -0.03427997
v -0.02036447 -0.03174510 -0.03176149
v -0.01975915 -0.03193878 -0.03119836
v -0.01882524 -0.03221639 -0.03027022
v -0.01882524 -0.03229386 -0.02933166
v -0.01975915 -0.03215829 -0.02933166
v -0.02162698 -0.03186131 -0.02933166
v -0.01975915 -0.03217120 -0.02840352
v -0.01975915 -0.03210018 -0.02746496
v -0.02122344 -0.03173218 -0.02694875
v -0.01917114 -0.03169991 -0.02521241
v -0.01884830 -0.03158370 -0.02469620
v -0.01975915 -0.03135773 -0.02467013
v -0.02062965 -0.03178383 -0.02659418
v -0.01975915 -0.03193878 -0.02653161
v -0.01882524 -0.03211310 -0.02653161
v -0.01975915 -0.03179029 -0.02586419
v -0.02069307 -0.03086061 -0.02407571
v -0.02116579 -0.03079605 -0.02420085
v -0.02178840 -0.03070567 -0.02437292
v -0.01882524 -0.03117696 -0.02374200
v -0.02256089 -0.03009880 -0.02369507
v -0.02348904 -0.02997613 -0.02399749
v -0.02405400 -0.02988575 -0.02415392
v -0.02467084 -0.02978891 -0.02433642
v -0.02543757 -0.02971143 -0.02465970
v -0.02629078 -0.02943382 -0.02467013
v -0.02796260 -0.02902063 -0.02496734
v -0.02806636 -0.02909165 -0.02518112
v -0.02490720 -0.02985992 -0.03540624
v -0.02255513 -0.03018273 -0.03586510
v -0.02255513 -0.03051199 -0.03493175
v -0.02629654 -0.02971143 -0.03491611
v -0.02629078 -0.02936281 -0.03586510
v -0.02584688 -0.02893025 -0.03728337
v -0.02527039 -0.02964042 -0.03577646
v -0.02806636 -0.02905937 -0.03533846
v -0.02722469 -0.02944674 -0.03493175
v -0.02069307 -0.03138356 -0.03306505
v -0.01926914 -0.03171927 -0.03259056
v -0.01975915 -0.03178383 -0.03196485
v -0.01975915 -0.03124152 -0.03399840
v -0.02201323 -0.03077669 -0.03442597
v -0.02167310 -0.03067339 -0.03490568
v -0.02069307 -0.03087998 -0.03472839
v -0.01882524 -0.03205499 -0.03119836
v -0.01890595 -0.03184194 -0.03222035
v -0.01789133 -0.03231323 -0.03027022
v -0.01789133 -0.03240362 -0.02933166
v -0.01882524 -0.03231323 -0.02840352
v -0.01882524 -0.03225513 -0.02746496
v -0.01855429 -0.03176446 -0.02502470
v -0.01789133 -0.03166117 -0.02438335
v -0.01789133 -0.03139001 -0.02374200
v -0.01789133 -0.03224867 -0.02653161
v -0.01695742 -0.03219702 -0.02560348
v -0.01789133 -0.03204853 -0.02560348
v -0.01884830 -0.03186776 -0.02555655
v -0.01932679 -0.03080251 -0.02325707
v -0.01968998 -0.03095100 -0.02373157
v -0.02069307 -0.03060883 -0.02360643
v -0.02153474 -0.03048616 -0.02383064
v -0.01789133 -0.03098328 -0.02291293
v -0.01882524 -0.03086707 -0.02312672
v -0.02225535 -0.02991157 -0.02318929
v -0.02287796 -0.02980827 -0.02335614
v -0.02684997 -0.02895607 -0.02415392
v -0.02747258 -0.02884632 -0.02434685
v -0.02806636 -0.02877530 -0.02459192
v -0.02806636 -0.02891734 -0.02484742
v -0.02344869 -0.02966624 -0.03673588
v -0.02373117 -0.02980827 -0.03620402
v -0.02442295 -0.02991157 -0.03554182
v -0.02162698 -0.03034413 -0.03586510
v -0.02310856 -0.02987284 -0.03638131
v -0.02255513 -0.02975663 -0.03699659
v -0.02185758 -0.02982119 -0.03716866
v -0.02722469 -0.02909811 -0.03588596
v -0.02691338 -0.02896899 -0.03644388
v -0.02621007 -0.02903355 -0.03677238
v -0.02255513 -0.02832983 -0.04053184
v -0.02220347 -0.02894962 -0.03919178
v -0.02348904 -0.02925951 -0.03773179
v -0.02535686 -0.02922723 -0.03679845
v -0.02646949 -0.02884632 -0.03706437
v -0.02806636 -0.02795538 -0.03811243
v -0.02631384 -0.02782626 -0.03958285
v -0.02601406 -0.02804577 -0.03925957
v -0.02551252 -0.02791665 -0.03988528
v -0.02488991 -0.02799412 -0.04006256
v -0.02255513 -0.02806513 -0.04117319
v -0.02806636 -0.02891734 -0.03572431
v -0.02794530 -0.02900127 -0.03559396
v -0.01865230 -0.03175801 -0.03271570
v -0.01890595 -0.03163535 -0.03304420
v -0.01882524 -0.03136419 -0.03399840
v -0.01975915 -0.03093163 -0.03498911
v -0.01882524 -0.03107367 -0.03493175
v -0.02069307 -0.03072504 -0.03519768
v -0.01789133 -0.03215183 -0.03119836
v -0.01789133 -0.03196460 -0.03213171
v -0.01695742 -0.03239716 -0.03027022
v -0.01594856 -0.03259730 -0.02926387
v -0.01695742 -0.03249400 -0.02933166
v -0.01789133 -0.03242299 -0.02840352
v -0.01558537 -0.03266186 -0.02889888
v -0.01553926 -0.03265541 -0.02715211
v -0.01789133 -0.03237779 -0.02746496
v -0.01602351 -0.03250691 -0.02653161
v -0.01789133 -0.03182903 -0.02485263
v -0.01544702 -0.03170636 -0.02331443
v -0.01602351 -0.03165471 -0.02346043
v -0.01700354 -0.03158370 -0.02376807
v -0.01602351 -0.03182903 -0.02391928
v -0.01602351 -0.03134482 -0.02280343
v -0.01704966 -0.03107367 -0.02271479
v -0.01602351 -0.03233260 -0.02560348
v -0.01602351 -0.03208727 -0.02467013
v -0.01882524 -0.03060883 -0.02265744
v -0.02162698 -0.03000841 -0.02303807
v -0.01741861 -0.03078960 -0.02233937
v -0.01789133 -0.03073149 -0.02244365
v -0.01975915 -0.03000196 -0.02213080
v -0.02037023 -0.02990512 -0.02227680
v -0.02162698 -0.02969852 -0.02256879
v -0.02256089 -0.02957586 -0.02285036
v -0.02780118 -0.02803285 -0.02321536
v -0.02629078 -0.02905291 -0.02400271
v -0.02806636 -0.02825882 -0.02371593
v -0.02069307 -0.03014399 -0.03679845
v -0.01975915 -0.03064756 -0.03581296
v -0.02162698 -0.02881404 -0.03979142
v -0.02062389 -0.02873011 -0.04044841
v -0.01882524 -0.02863972 -0.04146519
v -0.01831793 -0.02891734 -0.04098027
v -0.02806636 -0.02882695 -0.03596417
v -0.02753599 -0.02887860 -0.03621967
v -0.02806636 -0.02849769 -0.03679845
v -0.02722469 -0.02874948 -0.03677238
v -0.02157510 -0.02813615 -0.04149648
v -0.02162698 -0.02851706 -0.04053184
v -0.02806636 -0.02776170 -0.03856607
v -0.02806636 -0.02733560 -0.03954635
v -0.02629078 -0.02741953 -0.04053184
v -0.02533957 -0.02724521 -0.04149126
v -0.02526463 -0.02773587 -0.04043798
v -0.02442295 -0.02749700 -0.04146519
v -0.02255513 -0.02786500 -0.04163726
v -0.02185181 -0.02794247 -0.04181976
v -0.01789133 -0.03179029 -0.03284605
v -0.01695742 -0.03204853 -0.03213171
v -0.01789133 -0.03146749 -0.03399840
v -0.01714766 -0.03169991 -0.03344048
v -0.02007046 -0.03077023 -0.03533325
v -0.01944785 -0.03081542 -0.03546360
v -0.01789133 -0.03117696 -0.03493175
v -0.01882524 -0.03085416 -0.03558353
v -0.01789133 -0.03091226 -0.03573995
v -0.01602351 -0.03231969 -0.03119836
v -0.01602351 -0.03247463 -0.03027022
v -0.01457652 -0.03265541 -0.02978008
v -0.01508959 -0.03263604 -0.02957673
v -0.01559114 -0.03266186 -0.02840352
v -0.01508959 -0.03268123 -0.02910745
v -0.01322753 -0.03282326 -0.02840352
v -0.01416145 -0.03276516 -0.02840352
v -0.01508959 -0.03270060 -0.02840352
v -0.01517607 -0.03268769 -0.02746496
v -0.01416145 -0.03275870 -0.02746496
v -0.01491665 -0.03268123 -0.02684447
v -0.01517607 -0.03260376 -0.02653683
v -0.01508959 -0.03244881 -0.02560348
v -0.01416145 -0.03160952 -0.02261572
v -0.01511842 -0.03155142 -0.02285558
v -0.01511842 -0.03188713 -0.02367421
v -0.01482441 -0.03175155 -0.02319972
v -0.01511265 -0.03102202 -0.02181273
v -0.01602351 -0.03095100 -0.02204737
v -0.01508959 -0.03222285 -0.02467013
v -0.01789133 -0.03038287 -0.02188051
v -0.01879642 -0.03010525 -0.02184401
v -0.01544125 -0.03076377 -0.02145816
v -0.01602351 -0.03069276 -0.02157809
v -0.01704966 -0.03061529 -0.02189094
v -0.01846206 -0.02989220 -0.02136430
v -0.02068154 -0.02956294 -0.02193266
v -0.02159816 -0.02919495 -0.02183880
v -0.02378881 -0.02886569 -0.02242801
v -0.02806636 -0.02818780 -0.02360643
v -0.02655020 -0.02792310 -0.02243844
v -0.02806636 -0.02768422 -0.02284515
v -0.01975915 -0.03028602 -0.03679845
v -0.01887713 -0.03004069 -0.03780479
v -0.01882524 -0.03042160 -0.03679845
v -0.01882524 -0.03069276 -0.03605281
v -0.02069307 -0.02831046 -0.04146519
v -0.02122920 -0.02800703 -0.04196054
v -0.01885407 -0.02819425 -0.04246632
v -0.01789133 -0.02837503 -0.04239854
v -0.01796051 -0.02878821 -0.04141826
v -0.01769532 -0.02895607 -0.04107933
v -0.01602351 -0.02936926 -0.04053184
v -0.01789133 -0.02976308 -0.03888414
v -0.02806636 -0.02729686 -0.03963499
v -0.02806636 -0.02708381 -0.04011992
v -0.02629078 -0.02712900 -0.04115234
v -0.02501674 -0.02709672 -0.04200747
v -0.02442295 -0.02717419 -0.04215347
v -0.02255513 -0.02750346 -0.04239854
v -0.02157510 -0.02776170 -0.04232554
v -0.01602351 -0.03189359 -0.03306505
v -0.01508959 -0.03220348 -0.03213171
v -0.01602351 -0.03135773 -0.03493175
v -0.01602351 -0.03161598 -0.03408704
v -0.01652505 -0.03172573 -0.03353955
v -0.01602351 -0.03105430 -0.03586510
v -0.01789133 -0.03053781 -0.03679845
v -0.01668070 -0.03080897 -0.03639174
v -0.01508959 -0.03239070 -0.03119836
v -0.01508959 -0.03254565 -0.03027022
v -0.01422486 -0.03260376 -0.03021808
v -0.01229362 -0.03263604 -0.03058308
v -0.01395391 -0.03266832 -0.02987394
v -0.01229362 -0.03281035 -0.02933166
v -0.01322753 -0.03276516 -0.02933166
v -0.01422486 -0.03270705 -0.02941509
v -0.01229362 -0.03287491 -0.02840352
v -0.01229362 -0.03286845 -0.02746496
v -0.01229362 -0.03282326 -0.02653161
v -0.01229362 -0.03271997 -0.02572862
v -0.01372908 -0.03266186 -0.02605712
v -0.01322753 -0.03242944 -0.02467013
v -0.01416145 -0.03233260 -0.02467013
v -0.01408650 -0.03255856 -0.02569212
v -0.01322753 -0.03168054 -0.02245408
v -0.01416145 -0.03124152 -0.02188051
v -0.01416145 -0.03204208 -0.02374200
v -0.01416145 -0.03179675 -0.02307979
v -0.01481864 -0.03082833 -0.02134345
v -0.01322753 -0.03215829 -0.02374200
v -0.01695742 -0.03010525 -0.02105145
v -0.01789133 -0.02997613 -0.02124438
v -0.01416145 -0.03062174 -0.02076467
v -0.01511265 -0.03055072 -0.02099931
v -0.01585056 -0.02994385 -0.02035796
v -0.01610998 -0.03020209 -0.02085852
v -0.01789133 -0.02964687 -0.02077510
v -0.01879642 -0.02952421 -0.02100974
v -0.02069307 -0.02905937 -0.02122873
v -0.02126956 -0.02896253 -0.02135909
v -0.02806636 -0.02718711 -0.02215165
v -0.01789133 -0.03019564 -0.03773179
v -0.02069307 -0.02783272 -0.04252889
v -0.01975915 -0.02791665 -0.04271139
v -0.01856006 -0.02802640 -0.04293560
v -0.01695742 -0.02849769 -0.04239854
v -0.01789133 -0.02807805 -0.04303467
v -0.01695742 -0.02881404 -0.04166333
v -0.01543549 -0.02891088 -0.04189276
v -0.01602351 -0.02905937 -0.04134005
v -0.01508959 -0.02947256 -0.04053184
v -0.01695742 -0.02999550 -0.03855565
v -0.01511265 -0.02908519 -0.04153819
v -0.02806636 -0.02687722 -0.04054748
v -0.02676350 -0.02705799 -0.04100112
v -0.02563934 -0.02699988 -0.04181976
v -0.02533957 -0.02679974 -0.04235161
v -0.02442295 -0.02692241 -0.04261754
v -0.02314891 -0.02709027 -0.04291996
v -0.02255513 -0.02716774 -0.04304510
v -0.02162698 -0.02727104 -0.04323281
v -0.01508959 -0.03196460 -0.03306505
v -0.01602351 -0.03174510 -0.03362298
v -0.01508959 -0.03178383 -0.03375333
v -0.01416145 -0.03225513 -0.03213171
v -0.01416145 -0.03202271 -0.03306505
v -0.01508959 -0.03143521 -0.03493175
v -0.01508959 -0.03165471 -0.03422261
v -0.01508959 -0.03113177 -0.03586510
v -0.01602351 -0.03084125 -0.03648559
v -0.01508959 -0.03088644 -0.03661595
v -0.01602351 -0.03040223 -0.03773179
v -0.01602351 -0.03067984 -0.03694966
v -0.01416145 -0.03244235 -0.03119836
v -0.01152113 -0.03264895 -0.03067693
v -0.01229362 -0.03253274 -0.03119836
v -0.01135971 -0.03283617 -0.02933166
v -0.01135971 -0.03291365 -0.02840352
v -0.01135971 -0.03287491 -0.02653161
v -0.01135971 -0.03290719 -0.02746496
v -0.01142312 -0.03274579 -0.02552005
v -0.01176902 -0.03265541 -0.02515505
v -0.01322753 -0.03259084 -0.02547312
v -0.01229362 -0.03226158 -0.02374200
v -0.01229362 -0.03251337 -0.02467013
v -0.01269716 -0.03171282 -0.02236022
v -0.01235127 -0.03155142 -0.02192744
v -0.01322753 -0.03139001 -0.02188051
v -0.01322753 -0.03185485 -0.02291293
v -0.01231668 -0.03101556 -0.02087417
v -0.01264528 -0.03077023 -0.02051438
v -0.01322753 -0.03071858 -0.02060824
v -0.01235127 -0.03189359 -0.02272522
v -0.01322753 -0.03033122 -0.02001382
v -0.01412109 -0.03010525 -0.01996167
v -0.01508959 -0.03004069 -0.02020674
v -0.01508959 -0.02971789 -0.01974268
v -0.01610998 -0.02963396 -0.02002946
v -0.01789133 -0.02918203 -0.02014939
v -0.01882524 -0.02902709 -0.02034753
v -0.01933255 -0.02893671 -0.02045703
v -0.02806636 -0.02684494 -0.02169280
v -0.02076801 -0.02733560 -0.04342053
v -0.01885407 -0.02778107 -0.04327974
v -0.01789133 -0.02781980 -0.04349874
v -0.01602351 -0.02861390 -0.04239854
v -0.01695742 -0.02788436 -0.04361345
v -0.01547008 -0.02798121 -0.04378031
v -0.01695742 -0.02813615 -0.04314417
v -0.01481288 -0.02894316 -0.04198140
v -0.01416145 -0.02956294 -0.04053184
v -0.01508959 -0.03015690 -0.03866514
v -0.01416145 -0.02920786 -0.04146519
v -0.02806636 -0.02638010 -0.04148605
v -0.02713245 -0.02674809 -0.04137655
v -0.02629078 -0.02689659 -0.04161640
v -0.02806636 -0.02630908 -0.04161640
v -0.02806636 -0.02612831 -0.04192926
v -0.02535686 -0.02630908 -0.04313896
v -0.02445178 -0.02642529 -0.04339967
v -0.02255513 -0.02687076 -0.04350917
v -0.02162698 -0.02699343 -0.04369688
v -0.02113696 -0.02705153 -0.04379074
v -0.01416145 -0.03168699 -0.03432690
v -0.01322753 -0.03230032 -0.03213171
v -0.01322753 -0.03206790 -0.03306505
v -0.01322753 -0.03183548 -0.03394105
v -0.01416145 -0.03149977 -0.03493175
v -0.01416145 -0.03119633 -0.03586510
v -0.01416145 -0.03091872 -0.03671502
v -0.01508959 -0.03072504 -0.03708002
v -0.01416145 -0.03076377 -0.03718430
v -0.01508959 -0.03049262 -0.03773179
v -0.01126747 -0.03257793 -0.03110450
v -0.01089852 -0.03265541 -0.03073429
v -0.01042580 -0.03257793 -0.03121400
v -0.01135971 -0.03236488 -0.03213171
v -0.01042580 -0.03285554 -0.02933166
v -0.01042580 -0.03293302 -0.02840352
v -0.01042580 -0.03293302 -0.02746496
v -0.01042580 -0.03290719 -0.02653161
v -0.01042580 -0.03280389 -0.02560348
v -0.01042580 -0.03268769 -0.02498820
v -0.01142312 -0.03259084 -0.02472227
v -0.01135971 -0.03234551 -0.02374200
v -0.01135971 -0.03202271 -0.02280343
v -0.01208032 -0.03175155 -0.02227680
v -0.01135971 -0.03158370 -0.02171887
v -0.01135971 -0.03119633 -0.02094195
v -0.01202267 -0.03082188 -0.02042053
v -0.01135971 -0.03059592 -0.01986782
v -0.01231668 -0.03055072 -0.02007117
v -0.01229362 -0.03004069 -0.01927340
v -0.01378096 -0.02987929 -0.01951325
v -0.01440357 -0.02980827 -0.01961753
v -0.01412109 -0.02953712 -0.01915347
v -0.01416145 -0.02902709 -0.01848605
v -0.01470911 -0.02894962 -0.01857990
v -0.01504924 -0.02920140 -0.01903875
v -0.01602351 -0.02911747 -0.01930468
v -0.01735520 -0.02889797 -0.01957061
v -0.02806636 -0.02632199 -0.02103059
v -0.00199176 -0.01479144 0.00430017
v -0.00206670 -0.01476562 0.00430017
v -0.02051436 -0.02711609 -0.04387417
v -0.01975915 -0.02718711 -0.04398367
v -0.01789133 -0.02735497 -0.04421309
v -0.01882524 -0.02727749 -0.04410359
v -0.01511265 -0.02874948 -0.04233075
v -0.01602351 -0.02819425 -0.04324846
v -0.01484747 -0.02801349 -0.04383767
v -0.01512995 -0.02821362 -0.04341010
v -0.01702660 -0.02736788 -0.04435388
v -0.01602351 -0.02756156 -0.04426524
v -0.01512995 -0.02772296 -0.04419223
v -0.01416145 -0.02897544 -0.04204397
v -0.01416145 -0.02876239 -0.04251325
v -0.01416145 -0.02979536 -0.03989049
v -0.01322753 -0.02927888 -0.04146519
v -0.01202844 -0.02987284 -0.04010427
v -0.02806636 -0.02581196 -0.04237247
v -0.02722469 -0.02596045 -0.04263318
v -0.02663091 -0.02607666 -0.04279482
v -0.02600830 -0.02619287 -0.04296168
v -0.02478037 -0.02608957 -0.04375424
v -0.02415777 -0.02617996 -0.04386895
v -0.02348904 -0.02627680 -0.04398367
v -0.02255513 -0.02640592 -0.04414009
v -0.02166157 -0.02648340 -0.04433823
v -0.02137332 -0.02618642 -0.04479187
v -0.02076801 -0.02679329 -0.04421831
v -0.01975915 -0.02683202 -0.04444773
v -0.01269716 -0.03171927 -0.03445204
v -0.01229362 -0.03130608 -0.03586510
v -0.01229362 -0.03210664 -0.03306505
v -0.01234551 -0.03183548 -0.03408704
v -0.01135971 -0.03190004 -0.03399840
v -0.01322753 -0.03125443 -0.03586510
v -0.01229362 -0.03100265 -0.03679845
v -0.01416145 -0.03057009 -0.03773179
v -0.01353307 -0.03078314 -0.03723644
v -0.01042580 -0.03266186 -0.03075514
v -0.01042580 -0.03238425 -0.03213171
v -0.00949188 -0.03257793 -0.03125050
v -0.00855797 -0.03267477 -0.03081250
v -0.00949188 -0.03266832 -0.03078643
v -0.01135971 -0.03213892 -0.03306505
v -0.00949188 -0.03273933 -0.03027022
v -0.00855797 -0.03286845 -0.02933166
v -0.00762982 -0.03295884 -0.02840352
v -0.00949188 -0.03294593 -0.02840352
v -0.00855797 -0.03297175 -0.02746496
v -0.00855797 -0.03293302 -0.02653161
v -0.00762982 -0.03286200 -0.02560348
v -0.00855797 -0.03284909 -0.02560348
v -0.00949188 -0.03282972 -0.02560348
v -0.00855797 -0.03271997 -0.02482656
v -0.00949188 -0.03261021 -0.02444070
v -0.01042580 -0.03259084 -0.02452413
v -0.01042580 -0.03239716 -0.02374200
v -0.00855797 -0.03220994 -0.02280343
v -0.01042580 -0.03209373 -0.02280343
v -0.01135971 -0.03179029 -0.02218815
v -0.01042580 -0.03163535 -0.02162502
v -0.01042580 -0.03129317 -0.02094195
v -0.01042580 -0.03091872 -0.02023803
v -0.01135971 -0.03086707 -0.02033710
v -0.01042580 -0.03066048 -0.01976875
v -0.01135971 -0.03013108 -0.01914304
v -0.01229362 -0.02972434 -0.01880411
v -0.01322753 -0.02961459 -0.01896054
v -0.01225903 -0.02920786 -0.01809498
v -0.00107514 -0.01508842 0.00430017
v -0.02806636 -0.02599273 -0.02063431
v -0.00296026 -0.01442990 0.00430017
v -0.01882524 -0.02692887 -0.04457287
v -0.01789133 -0.02701279 -0.04467716
v -0.01738402 -0.02705153 -0.04472409
v -0.01416145 -0.02804577 -0.04387938
v -0.01416145 -0.02835566 -0.04332667
v -0.01416145 -0.02771005 -0.04434866
v -0.01602351 -0.02713546 -0.04481794
v -0.01508959 -0.02719356 -0.04488051
v -0.01229362 -0.02904646 -0.04220561
v -0.01322753 -0.02880113 -0.04259146
v -0.01135971 -0.02940800 -0.04146519
v -0.01135971 -0.02972434 -0.04062570
v -0.01135971 -0.02989220 -0.04015641
v -0.01229362 -0.03065402 -0.03781001
v -0.02806636 -0.02537295 -0.04295646
v -0.02449213 -0.02568284 -0.04428609
v -0.02255513 -0.02600565 -0.04460937
v -0.02806636 -0.02531485 -0.04302425
v -0.02675773 -0.02519218 -0.04379595
v -0.02535686 -0.02550207 -0.04412445
v -0.02482073 -0.02516636 -0.04470844
v -0.02199593 -0.02609603 -0.04469802
v -0.02188640 -0.02512116 -0.04561051
v -0.02126379 -0.02522446 -0.04568872
v -0.02069307 -0.02576032 -0.04533937
v -0.02069307 -0.02626389 -0.04487009
v -0.01135971 -0.03175155 -0.03455111
v -0.01135971 -0.03160952 -0.03502039
v -0.01135971 -0.03104784 -0.03679845
v -0.01135971 -0.03134482 -0.03586510
v -0.01042580 -0.03192587 -0.03399840
v -0.01135971 -0.03067984 -0.03788301
v -0.01135971 -0.03084125 -0.03741373
v -0.01042580 -0.03215829 -0.03306505
v -0.00855797 -0.03218411 -0.03306505
v -0.00855797 -0.03239716 -0.03213171
v -0.00855797 -0.03257793 -0.03127657
v -0.00762982 -0.03267477 -0.03081772
v -0.00762982 -0.03274579 -0.03027022
v -0.00762982 -0.03286200 -0.02933166
v -0.00762982 -0.03297821 -0.02746496
v -0.00669591 -0.03293947 -0.02840352
v -0.00762982 -0.03293947 -0.02653161
v -0.00669591 -0.03284909 -0.02560348
v -0.00482809 -0.03271351 -0.02486306
v -0.00576200 -0.03271997 -0.02483177
v -0.00669591 -0.03272642 -0.02480570
v -0.00762982 -0.03272642 -0.02479006
v -0.00762982 -0.03262958 -0.02432078
v -0.00855797 -0.03262313 -0.02436249
v -0.00855797 -0.03248755 -0.02374200
v -0.00762982 -0.03224222 -0.02280343
v -0.00807372 -0.03172573 -0.02141123
v -0.01042580 -0.03182257 -0.02208908
v -0.00949188 -0.03167408 -0.02153637
v -0.00949188 -0.03138356 -0.02094195
v -0.00809102 -0.03078960 -0.01954454
v -0.00949188 -0.03071858 -0.01968011
v -0.00949188 -0.03034413 -0.01908047
v -0.01050650 -0.03015045 -0.01899183
v -0.01086969 -0.02985347 -0.01861640
v -0.01135971 -0.02981473 -0.01867376
v -0.01135971 -0.02943382 -0.01814712
v -0.01135971 -0.02901418 -0.01756834
v -0.00016429 -0.01530147 0.00430017
v -0.01192467 -0.02894962 -0.01764655
v -0.02806636 -0.02552789 -0.02011810
v -0.00367511 -0.01412001 0.00430017
v -0.01975915 -0.02636719 -0.04497437
v -0.01882524 -0.02646403 -0.04506823
v -0.01789133 -0.02654796 -0.04515165
v -0.01705542 -0.02660606 -0.04521423
v -0.01602351 -0.02667062 -0.04528723
v -0.01229362 -0.02811678 -0.04398367
v -0.01229362 -0.02849124 -0.04332667
v -0.01229362 -0.02883341 -0.04266968
v -0.01322753 -0.02774233 -0.04440080
v -0.01416145 -0.02723876 -0.04492744
v -0.01508959 -0.02672873 -0.04534980
v -0.01135971 -0.02886569 -0.04273746
v -0.01135971 -0.02907228 -0.04226818
v -0.01042580 -0.02909811 -0.04231511
v -0.01042580 -0.02944674 -0.04146519
v -0.01042580 -0.02974371 -0.04067784
v -0.01042580 -0.02991157 -0.04021377
v -0.02738034 -0.02505015 -0.04364995
v -0.02806636 -0.02490811 -0.04345181
v -0.02806636 -0.02446910 -0.04387938
v -0.02806636 -0.02441745 -0.04392631
v -0.02668279 -0.02421731 -0.04469802
v -0.02535686 -0.02456594 -0.04497437
v -0.02459590 -0.02413984 -0.04557922
v -0.02348904 -0.02482418 -0.04537587
v -0.02419812 -0.02526965 -0.04480230
v -0.02348904 -0.02538586 -0.04490658
v -0.02255513 -0.02554081 -0.04504215
v -0.02397329 -0.02426251 -0.04566786
v -0.02255513 -0.02452720 -0.04586079
v -0.02159239 -0.02477254 -0.04593379
v -0.02069307 -0.02529548 -0.04574608
v -0.02069307 -0.02472734 -0.04615800
v -0.01882524 -0.02597982 -0.04553229
v -0.01042580 -0.03175801 -0.03459283
v -0.01042580 -0.03108012 -0.03679845
v -0.01042580 -0.03137064 -0.03586510
v -0.00949188 -0.03139001 -0.03586510
v -0.00855797 -0.03177092 -0.03462411
v -0.00855797 -0.03194524 -0.03399840
v -0.01042580 -0.03044743 -0.03866514
v -0.01042580 -0.03069921 -0.03792994
v -0.00762982 -0.03218411 -0.03306505
v -0.00762982 -0.03195169 -0.03399840
v -0.00762982 -0.03239716 -0.03213171
v -0.00762982 -0.03257793 -0.03128178
v -0.00669591 -0.03273288 -0.03027022
v -0.00669591 -0.03257148 -0.03124528
v -0.00669591 -0.03266186 -0.03078122
v -0.00669591 -0.03284263 -0.02933166
v -0.00482809 -0.03292010 -0.02746496
v -0.00669591 -0.03292656 -0.02653161
v -0.00482809 -0.03288782 -0.02840352
v -0.00482809 -0.03281035 -0.02560348
v -0.00389417 -0.03270060 -0.02493606
v -0.00482809 -0.03261667 -0.02439899
v -0.00576200 -0.03249400 -0.02374200
v -0.00669591 -0.03262958 -0.02433642
v -0.00762982 -0.03250691 -0.02374200
v -0.00669591 -0.03224222 -0.02280343
v -0.00576200 -0.03191296 -0.02188051
v -0.00669591 -0.03173218 -0.02140080
v -0.00771053 -0.03186776 -0.02178666
v -0.00482809 -0.03154496 -0.02092109
v -0.00482809 -0.03112532 -0.02001382
v -0.00771053 -0.03155142 -0.02103059
v -0.00771630 -0.03099619 -0.01991996
v -0.00855797 -0.03146103 -0.02094195
v -0.00576200 -0.03082833 -0.01947675
v -0.00576200 -0.03057655 -0.01900747
v -0.00576200 -0.03011171 -0.01822012
v -0.00762982 -0.03006006 -0.01830876
v -0.00855797 -0.03001487 -0.01837655
v -0.00855797 -0.03045388 -0.01908047
v -0.01024708 -0.02989866 -0.01855383
v -0.00855797 -0.02970498 -0.01790726
v -0.00949188 -0.02964042 -0.01800634
v -0.01050650 -0.02962105 -0.01820448
v 0.00076386 -0.01543705 0.00430017
v -0.02806636 -0.02508888 -0.01965403
v -0.00414206 -0.01388113 0.00430017
v -0.01789133 -0.02607021 -0.04561572
v -0.01734943 -0.02611540 -0.04565222
v -0.01229362 -0.02777461 -0.04444252
v -0.01135971 -0.02780043 -0.04448423
v -0.01135971 -0.02814261 -0.04401495
v -0.01135971 -0.02854934 -0.04332667
v -0.01416145 -0.02677392 -0.04539673
v -0.01322753 -0.02727749 -0.04495873
v -0.01602351 -0.02620578 -0.04573043
v -0.01508959 -0.02626389 -0.04578258
v -0.01042580 -0.02888506 -0.04278439
v -0.00855797 -0.02912393 -0.04237768
v -0.00855797 -0.02949838 -0.04146519
v -0.00855797 -0.02976954 -0.04075084
v -0.00949188 -0.02992448 -0.04024506
v -0.02806636 -0.02364918 -0.04454680
v -0.02722469 -0.02406882 -0.04458330
v -0.02786459 -0.02342967 -0.04480752
v -0.02535686 -0.02394616 -0.04543844
v -0.02535686 -0.02347486 -0.04576172
v -0.02434224 -0.02381058 -0.04586600
v -0.02162698 -0.02401717 -0.04644479
v -0.01882524 -0.02551498 -0.04591293
v -0.01882524 -0.02487583 -0.04638221
v -0.01953432 -0.02432061 -0.04663771
v -0.02069307 -0.02416566 -0.04653864
v -0.00949188 -0.03162889 -0.03507775
v -0.00949188 -0.03086707 -0.03748673
v -0.00855797 -0.03087353 -0.03751280
v -0.00762982 -0.03111886 -0.03679845
v -0.00855797 -0.03140293 -0.03586510
v -0.00855797 -0.03163535 -0.03508818
v -0.00762982 -0.03163535 -0.03509861
v -0.00762982 -0.03177092 -0.03462932
v -0.00855797 -0.03016981 -0.03959849
v -0.00855797 -0.03048616 -0.03866514
v -0.00669591 -0.03217120 -0.03306505
v -0.00669591 -0.03176446 -0.03461368
v -0.00669591 -0.03193878 -0.03399840
v -0.00669591 -0.03237779 -0.03213171
v -0.00615401 -0.03265541 -0.03074472
v -0.00553140 -0.03264895 -0.03068215
v -0.00482809 -0.03264249 -0.03060393
v -0.00482809 -0.03252628 -0.03119836
v -0.00482809 -0.03232614 -0.03213171
v -0.00482809 -0.03279098 -0.02933166
v -0.00389417 -0.03288137 -0.02746496
v -0.00482809 -0.03287491 -0.02653161
v -0.00389417 -0.03284909 -0.02840352
v -0.00389417 -0.03277807 -0.02560348
v -0.00296026 -0.03267477 -0.02506120
v -0.00389417 -0.03244235 -0.02374200
v -0.00482809 -0.03247463 -0.02374200
v -0.00482809 -0.03222930 -0.02280343
v -0.00482809 -0.03191296 -0.02188051
v -0.00482809 -0.03173218 -0.02138516
v -0.00576200 -0.03173218 -0.02139037
v -0.00424007 -0.03173218 -0.02139559
v -0.00391723 -0.03157078 -0.02103059
v -0.00389417 -0.03111886 -0.02001382
v -0.00576200 -0.03110595 -0.02001382
v -0.00389417 -0.03083479 -0.01945589
v -0.00482809 -0.03083479 -0.01945589
v -0.00482809 -0.03058946 -0.01898661
v -0.00482809 -0.03012462 -0.01818362
v -0.00482809 -0.02983410 -0.01771434
v -0.00482809 -0.02951130 -0.01721377
v -0.00576200 -0.02945965 -0.01721377
v -0.00576200 -0.02904000 -0.01658285
v -0.00762982 -0.02975017 -0.01784469
v 0.00169777 -0.01552743 0.00430017
v 0.00082727 -0.01544351 0.00430017
v -0.00490303 -0.01346795 0.00430017
v -0.00519704 -0.01330654 0.00430017
v -0.02806636 -0.02462404 -0.01921082
v -0.01789133 -0.02560537 -0.04598593
v -0.01700930 -0.02574740 -0.04598072
v -0.01229362 -0.02730977 -0.04499001
v -0.01135971 -0.02733560 -0.04501608
v -0.01042580 -0.02781980 -0.04451030
v -0.01042580 -0.02816197 -0.04404102
v -0.01042580 -0.02858808 -0.04332667
v -0.01416145 -0.02630908 -0.04581908
v -0.01229362 -0.02683848 -0.04545930
v -0.01602351 -0.02565702 -0.04615279
v -0.01508959 -0.02557954 -0.04630400
v -0.01477829 -0.02521155 -0.04661164
v -0.00949188 -0.02862036 -0.04332667
v -0.00855797 -0.02891088 -0.04284175
v -0.00762982 -0.02891734 -0.04285739
v -0.00762982 -0.02913039 -0.04238811
v -0.00762982 -0.02951775 -0.04146519
v -0.00762982 -0.02977599 -0.04077169
v -0.00762982 -0.02994385 -0.04030242
v -0.02806636 -0.02336511 -0.04476059
v -0.02806636 -0.02308104 -0.04495873
v -0.02726504 -0.02284862 -0.04543322
v -0.02584688 -0.02333929 -0.04567308
v -0.02535686 -0.02286154 -0.04614236
v -0.02488414 -0.02239024 -0.04659078
v -0.02259548 -0.02375248 -0.04636136
v -0.02451519 -0.02284217 -0.04641872
v -0.02348904 -0.02315852 -0.04650214
v -0.02230724 -0.02341676 -0.04664814
v -0.02162698 -0.02355234 -0.04673157
v -0.01882524 -0.02440454 -0.04669507
v -0.01789133 -0.02497267 -0.04645000
v -0.02069307 -0.02370083 -0.04682021
v -0.01882524 -0.02379121 -0.04704964
v -0.00855797 -0.03071858 -0.03797686
v -0.00762982 -0.03072504 -0.03799772
v -0.00762982 -0.03087998 -0.03752844
v -0.00669591 -0.03111240 -0.03679845
v -0.00762982 -0.03140938 -0.03586510
v -0.00669591 -0.03162889 -0.03507775
v -0.00762982 -0.03049908 -0.03866514
v -0.00482809 -0.03211955 -0.03306505
v -0.00482809 -0.03135773 -0.03586510
v -0.00482809 -0.03160952 -0.03499432
v -0.00482809 -0.03188713 -0.03399840
v -0.00389417 -0.03248755 -0.03119836
v -0.00389417 -0.03262313 -0.03044229
v -0.00389417 -0.03229386 -0.03213171
v -0.00296026 -0.03282326 -0.02746496
v -0.00296026 -0.03278453 -0.02653161
v -0.00389417 -0.03283617 -0.02653161
v -0.00336380 -0.03266186 -0.02984265
v -0.00301791 -0.03269414 -0.02932645
v -0.00296026 -0.03278453 -0.02840352
v -0.00060819 -0.03265541 -0.02795510
v -0.00296026 -0.03271997 -0.02560348
v -0.00247601 -0.03265541 -0.02513420
v -0.00109820 -0.03246818 -0.02467013
v -0.00109820 -0.03226804 -0.02374200
v -0.00202635 -0.03232614 -0.02374200
v -0.00296026 -0.03215183 -0.02280343
v -0.00389417 -0.03220348 -0.02280343
v -0.00202635 -0.03167408 -0.02154680
v -0.00202635 -0.03144812 -0.02094195
v -0.00296026 -0.03149331 -0.02094195
v -0.00391723 -0.03186131 -0.02180230
v -0.00296026 -0.03186776 -0.02194830
v -0.00202635 -0.03104139 -0.02001382
v -0.00151327 -0.03079605 -0.01953932
v -0.00296026 -0.03082188 -0.01948196
v -0.00296026 -0.03058301 -0.01902311
v -0.00389417 -0.03058946 -0.01899183
v -0.00389417 -0.03012462 -0.01816798
v -0.00389417 -0.02984055 -0.01770391
v -0.00389417 -0.02953066 -0.01721377
v -0.00482809 -0.02906583 -0.01653592
v 0.00263168 -0.01550161 0.00430017
v -0.00296026 -0.02907874 -0.01651506
v -0.00202635 -0.02907228 -0.01651506
v -0.00565247 -0.01303539 0.00430017
v -0.00585424 -0.01291272 0.00430017
v -0.00669015 -0.01235750 0.00430017
v -0.02806636 -0.02408819 -0.01874676
v -0.01695742 -0.02505015 -0.04650214
v -0.01135971 -0.02686430 -0.04548537
v -0.01042580 -0.02734851 -0.04503694
v -0.00855797 -0.02784563 -0.04454680
v -0.00855797 -0.02818780 -0.04407752
v -0.00855797 -0.02864618 -0.04332667
v -0.01416145 -0.02570221 -0.04628314
v -0.01322753 -0.02634136 -0.04584515
v -0.01229362 -0.02637364 -0.04586600
v -0.01602351 -0.02512116 -0.04654907
v -0.01416145 -0.02523737 -0.04662728
v -0.01695742 -0.02458531 -0.04680457
v -0.01602351 -0.02465633 -0.04684628
v -0.01508959 -0.02480482 -0.04683585
v -0.01416145 -0.02472734 -0.04694535
v -0.00669591 -0.02891734 -0.04284696
v -0.00669591 -0.02913039 -0.04238289
v -0.00762982 -0.02865264 -0.04332667
v -0.00669591 -0.02951130 -0.04146519
v -0.00669591 -0.02977599 -0.04076648
v -0.00669591 -0.03018273 -0.03959849
v -0.02806636 -0.02223530 -0.04551144
v -0.02760517 -0.02233859 -0.04563136
v -0.02451519 -0.02201579 -0.04682021
v -0.02426153 -0.02252582 -0.04666900
v -0.02806636 -0.02172527 -0.04581386
v -0.02806636 -0.02109257 -0.04611629
v -0.02593912 -0.02153804 -0.04663250
v -0.02535686 -0.02174463 -0.04671071
v -0.02259548 -0.02292610 -0.04683585
v -0.02162698 -0.02286154 -0.04707571
v -0.01789133 -0.02450783 -0.04675764
v -0.02069307 -0.02286154 -0.04722692
v -0.01789133 -0.02379121 -0.04716435
v -0.01882524 -0.02301003 -0.04741985
v -0.01789133 -0.02315206 -0.04747720
v -0.00669591 -0.03071858 -0.03798729
v -0.00576200 -0.03047971 -0.03866514
v -0.00576200 -0.03086707 -0.03749194
v -0.00482809 -0.03106721 -0.03679845
v -0.00669591 -0.03139647 -0.03586510
v -0.00389417 -0.03208727 -0.03306505
v -0.00389417 -0.03104139 -0.03679845
v -0.00389417 -0.03132545 -0.03586510
v -0.00418242 -0.03173218 -0.03448854
v -0.00355981 -0.03171927 -0.03444682
v -0.00387688 -0.03182903 -0.03407662
v -0.00296026 -0.03243590 -0.03119836
v -0.00202635 -0.03237134 -0.03119836
v -0.00109820 -0.03230678 -0.03119836
v -0.00109820 -0.03245527 -0.03027022
v -0.00202635 -0.03251983 -0.03027022
v -0.00301791 -0.03259730 -0.03019722
v -0.00296026 -0.03224222 -0.03213171
v -0.00202635 -0.03275870 -0.02746496
v -0.00065431 -0.03265541 -0.02714689
v -0.00202635 -0.03271997 -0.02653161
v -0.00185340 -0.03263604 -0.02544705
v -0.00109820 -0.03255856 -0.02933166
v -0.00109820 -0.03267477 -0.02813238
v -0.00024500 -0.03261667 -0.02745975
v -0.00060819 -0.03265541 -0.02776739
v -0.00101173 -0.03268769 -0.02745975
v -0.00016429 -0.03248109 -0.02933166
v -0.00024500 -0.03258439 -0.02832531
v 0.00263168 -0.03224867 -0.02840352
v 0.00263168 -0.03228095 -0.02746496
v 0.00076962 -0.03250046 -0.02746496
v -0.00016429 -0.03250691 -0.02560348
v -0.00016429 -0.03237779 -0.02467013
v -0.00016429 -0.03217766 -0.02374200
v -0.00016429 -0.03195169 -0.02280343
v -0.00109820 -0.03203562 -0.02280343
v -0.00202635 -0.03209373 -0.02280343
v -0.00109820 -0.03181611 -0.02208908
v -0.00202635 -0.03184194 -0.02201608
v -0.00109820 -0.03139001 -0.02094195
v -0.00116162 -0.03096391 -0.01994082
v -0.00016429 -0.03074440 -0.01964361
v -0.00116162 -0.03058301 -0.01916911
v -0.00202635 -0.03057009 -0.01905440
v -0.00202635 -0.03009880 -0.01818883
v -0.00296026 -0.03011171 -0.01817319
v -0.00296026 -0.02984055 -0.01770912
v 0.00356560 -0.01539831 0.00430017
v -0.00109820 -0.02905291 -0.01654114
v -0.00016429 -0.02902709 -0.01658806
v 0.00076962 -0.02899481 -0.01662978
v 0.00169201 -0.02865909 -0.01623350
v -0.00202635 -0.02951775 -0.01721377
v -0.00682850 -0.01226066 0.00430017
v -0.02806636 -0.01552098 -0.01135297
v -0.01135971 -0.02639947 -0.04588686
v -0.01042580 -0.02641238 -0.04590250
v -0.00855797 -0.02690304 -0.04552708
v -0.00855797 -0.02737433 -0.04505780
v -0.00762982 -0.02784563 -0.04455202
v -0.00762982 -0.02819425 -0.04408274
v -0.01322753 -0.02573449 -0.04630922
v -0.01135971 -0.02578614 -0.04635614
v -0.01322753 -0.02526965 -0.04664814
v -0.01322753 -0.02472734 -0.04698707
v -0.01695742 -0.02379121 -0.04724778
v -0.01610421 -0.02372665 -0.04735728
v -0.01508959 -0.02388805 -0.04735206
v -0.01416145 -0.02392679 -0.04738335
v -0.00669591 -0.02864618 -0.04332667
v -0.00576200 -0.02891088 -0.04284175
v -0.00482809 -0.02911747 -0.04235682
v -0.00482809 -0.02948547 -0.04146519
v -0.00576200 -0.02976954 -0.04075084
v -0.00482809 -0.03015045 -0.03959849
v -0.00482809 -0.02992448 -0.04026070
v -0.02601983 -0.01880712 -0.04758670
v -0.02348904 -0.02192541 -0.04707049
v -0.02806636 -0.02098927 -0.04616322
v -0.02656173 -0.02129271 -0.04653343
v -0.02806636 -0.02015644 -0.04650214
v -0.02806636 -0.01757401 -0.04744592
v -0.02729387 -0.01733513 -0.04775356
v -0.02255513 -0.02192541 -0.04724778
v -0.02163851 -0.02188667 -0.04741985
v -0.02069307 -0.02216428 -0.04747720
v -0.01974186 -0.02279052 -0.04737813
v -0.01646164 -0.02331992 -0.04752935
v -0.02004740 -0.02231277 -0.04750849
v -0.01942479 -0.02243544 -0.04754499
v -0.01882524 -0.02254519 -0.04757628
v -0.01789133 -0.02268722 -0.04761799
v -0.00482809 -0.03046034 -0.03866514
v -0.00389417 -0.03069276 -0.03788822
v -0.00482809 -0.03085416 -0.03746065
v -0.00296026 -0.03182903 -0.03392019
v -0.00296026 -0.03203562 -0.03306505
v -0.00296026 -0.03082188 -0.03735637
v -0.00296026 -0.03099619 -0.03679845
v -0.00296026 -0.03128026 -0.03586510
v -0.00387688 -0.03161598 -0.03485354
v -0.00202635 -0.03122861 -0.03586510
v -0.00202635 -0.03149331 -0.03493175
v -0.00296026 -0.03169991 -0.03438947
v -0.00109820 -0.03211955 -0.03213171
v -0.00016429 -0.03222930 -0.03119836
v -0.00016429 -0.03237779 -0.03027022
v -0.00202635 -0.03197752 -0.03306505
v -0.00109820 -0.03191941 -0.03306505
v 0.00263168 -0.03224867 -0.02653161
v 0.00076962 -0.03246172 -0.02653161
v -0.00016429 -0.03256502 -0.02653161
v -0.00087337 -0.03263604 -0.02653161
v -0.00118468 -0.03260376 -0.02569212
v 0.00076962 -0.03228095 -0.03027022
v 0.00076962 -0.03237779 -0.02933166
v 0.00263168 -0.03217120 -0.02933166
v 0.00356560 -0.03205499 -0.02933166
v 0.00356560 -0.03211955 -0.02840352
v 0.00356560 -0.03215183 -0.02746496
v 0.00076962 -0.03239716 -0.02560348
v 0.00076962 -0.03227449 -0.02467013
v 0.00076962 -0.03207436 -0.02374200
v 0.00078692 -0.03183548 -0.02274086
v 0.00049291 -0.03174510 -0.02228722
v -0.00016429 -0.03177738 -0.02219858
v -0.00016429 -0.03131254 -0.02094195
v -0.00016429 -0.03096391 -0.02011289
v 0.00076962 -0.03091872 -0.02020153
v 0.00076962 -0.03069921 -0.01974268
v 0.00076962 -0.03037641 -0.01908047
v -0.00016429 -0.03046034 -0.01908047
v -0.00016429 -0.03004069 -0.01828269
v -0.00109820 -0.03007943 -0.01822533
v -0.00109820 -0.02981473 -0.01775605
v -0.00202635 -0.02982764 -0.01772477
v 0.00361171 -0.01539186 0.00430017
v 0.00254521 -0.02864618 -0.01636907
v 0.00356560 -0.02845896 -0.01627521
v 0.00429774 -0.02803285 -0.01575379
v -0.00109820 -0.02947902 -0.01721377
v 0.00076962 -0.02974371 -0.01788119
v 0.00169201 -0.02925951 -0.01721377
v 0.00169201 -0.02894962 -0.01670278
v 0.00217049 -0.02892379 -0.01674449
v -0.00763559 -0.01167961 0.00430017
v -0.02806636 -0.01504323 -0.01096190
v -0.00855797 -0.02643820 -0.04591293
v -0.00949188 -0.02581196 -0.04637178
v -0.00855797 -0.02581842 -0.04638221
v -0.00762982 -0.02643820 -0.04591293
v -0.00762982 -0.02690304 -0.04552186
v -0.00762982 -0.02737433 -0.04505780
v -0.00576200 -0.02735497 -0.04503694
v -0.00576200 -0.02782626 -0.04452595
v -0.00576200 -0.02818134 -0.04406188
v -0.01229362 -0.02529548 -0.04666900
v -0.01135971 -0.02532130 -0.04667943
v -0.01042580 -0.02533421 -0.04668985
v -0.01229362 -0.02397844 -0.04741985
v -0.01135971 -0.02472734 -0.04704964
v -0.01583903 -0.02336511 -0.04755020
v -0.01508959 -0.02342321 -0.04756585
v -0.01416145 -0.02346195 -0.04758670
v -0.00482809 -0.02862036 -0.04332667
v -0.00482809 -0.02890442 -0.04282610
v -0.00389417 -0.02910456 -0.04232554
v -0.00389417 -0.02945965 -0.04146519
v -0.00389417 -0.02975017 -0.04069348
v -0.00482809 -0.02976308 -0.04072477
v -0.00389417 -0.02991157 -0.04022941
v -0.00389417 -0.03012462 -0.03959849
v -0.02631384 -0.01823253 -0.04770663
v -0.02629078 -0.01725766 -0.04803513
v -0.02806636 -0.01714791 -0.04759713
v -0.02806636 -0.01705752 -0.04762842
v -0.02722469 -0.01632799 -0.04808206
v -0.02535686 -0.01725766 -0.04819155
v -0.02348904 -0.01739324 -0.04837927
v -0.02255513 -0.01759983 -0.04843141
v -0.01695742 -0.02279698 -0.04764406
v -0.02205358 -0.01770959 -0.04845748
v -0.01882524 -0.02192541 -0.04772749
v -0.01789133 -0.02192541 -0.04780049
v -0.00296026 -0.03008589 -0.03959849
v -0.00296026 -0.03039578 -0.03866514
v -0.00202635 -0.03167408 -0.03427997
v -0.00038336 -0.03174510 -0.03360212
v -0.00087914 -0.02984701 -0.04002606
v -0.00109820 -0.03059592 -0.03773179
v -0.00229730 -0.03080251 -0.03729901
v -0.00199752 -0.03091872 -0.03688187
v -0.00109820 -0.03117051 -0.03586510
v -0.00109820 -0.03091226 -0.03672023
v -0.00109820 -0.03143521 -0.03493175
v 0.00023349 -0.03171927 -0.03350826
v -0.00016429 -0.03204208 -0.03213171
v 0.00076962 -0.03195815 -0.03213171
v 0.00076962 -0.03213892 -0.03119836
v 0.00169201 -0.03228741 -0.02560348
v 0.00356560 -0.03211310 -0.02653161
v 0.00263168 -0.03217120 -0.02560348
v 0.00263168 -0.03207436 -0.03027022
v 0.00356560 -0.03195815 -0.03027022
v 0.00513365 -0.03175155 -0.02999908
v 0.00449951 -0.03191296 -0.02933166
v 0.00531812 -0.03178383 -0.02933166
v 0.00449951 -0.03197106 -0.02840352
v 0.00449951 -0.03200334 -0.02746496
v 0.00599838 -0.03173864 -0.02680797
v 0.00169201 -0.03216474 -0.02467013
v 0.00169201 -0.03197106 -0.02374200
v 0.00237803 -0.03175155 -0.02315279
v 0.00169201 -0.03167408 -0.02252186
v 0.00111552 -0.03170636 -0.02239672
v 0.00169201 -0.03146103 -0.02188051
v 0.00169201 -0.03111886 -0.02094195
v 0.00076962 -0.03121570 -0.02094195
v 0.00169201 -0.03086707 -0.02030581
v 0.00169201 -0.03065402 -0.01984175
v 0.00169201 -0.03027957 -0.01908047
v 0.00169201 -0.02995677 -0.01842869
v 0.00076962 -0.03000196 -0.01835048
v 0.00449374 -0.01523691 0.00430017
v 0.00492035 -0.02798121 -0.01582157
v 0.00279310 -0.02888506 -0.01680706
v 0.00356560 -0.02883986 -0.01689570
v 0.00456292 -0.02826527 -0.01619178
v 0.00169201 -0.02969852 -0.01796462
v 0.00254521 -0.02912393 -0.01715641
v -0.00774512 -0.01159568 0.00430017
v -0.02806636 -0.01447509 -0.01050305
v -0.00949188 -0.02534067 -0.04670028
v -0.00855797 -0.02535358 -0.04670550
v -0.00762982 -0.02581196 -0.04638221
v -0.00576200 -0.02640592 -0.04588686
v -0.00669591 -0.02689013 -0.04551144
v -0.00482809 -0.02734205 -0.04501608
v -0.00576200 -0.02687076 -0.04550101
v -0.00482809 -0.02780689 -0.04451030
v -0.00482809 -0.02816843 -0.04404102
v -0.01042580 -0.02472734 -0.04706528
v -0.01135971 -0.02399780 -0.04743028
v -0.01508959 -0.02286154 -0.04772227
v -0.01229362 -0.02351360 -0.04759713
v -0.01416145 -0.02286154 -0.04774835
v -0.01322753 -0.02286154 -0.04776399
v -0.00389417 -0.02814906 -0.04401495
v -0.00389417 -0.02858162 -0.04332667
v -0.00389417 -0.02889151 -0.04278961
v -0.00202635 -0.02905937 -0.04222125
v -0.00296026 -0.02942091 -0.04146519
v -0.00296026 -0.02973080 -0.04063613
v -0.00296026 -0.02989220 -0.04017206
v -0.02629078 -0.01632799 -0.04829584
v -0.02806636 -0.01632799 -0.04785263
v -0.02806636 -0.01548870 -0.04807684
v -0.02719587 -0.01537249 -0.04832712
v -0.02686150 -0.01504968 -0.04848877
v -0.02544334 -0.01632799 -0.04841055
v -0.02462472 -0.01663788 -0.04843662
v -0.02400212 -0.01681219 -0.04846791
v -0.02348904 -0.01692840 -0.04849398
v -0.02255513 -0.01713500 -0.04853048
v -0.02069307 -0.01790327 -0.04850962
v -0.01602351 -0.02192541 -0.04788913
v -0.01851394 -0.01870382 -0.04847312
v -0.01789133 -0.01923968 -0.04838970
v -0.00202635 -0.02987284 -0.04010949
v -0.00016429 -0.03136419 -0.03493175
v -0.00011241 -0.03162889 -0.03394626
v -0.00202635 -0.02970498 -0.04057877
v -0.00109820 -0.02931761 -0.04146519
v -0.00016429 -0.02960814 -0.04053184
v -0.00016429 -0.02982119 -0.03994785
v -0.00016429 -0.03023437 -0.03866514
v -0.00016429 -0.03053136 -0.03773179
v -0.00016429 -0.03087998 -0.03662116
v -0.00016429 -0.03110595 -0.03586510
v 0.00076962 -0.03128672 -0.03493175
v 0.00169201 -0.03119633 -0.03493175
v 0.00263168 -0.03109949 -0.03493175
v 0.00263168 -0.03133836 -0.03399840
v 0.00263168 -0.03156433 -0.03306505
v 0.00263168 -0.03169991 -0.03245499
v 0.00169201 -0.03203562 -0.03119836
v 0.00356560 -0.03203562 -0.02560348
v 0.00263168 -0.03204853 -0.02467013
v 0.00263168 -0.03192587 -0.03119836
v 0.00356560 -0.03180320 -0.03122443
v 0.00424585 -0.03175801 -0.03093243
v 0.00486846 -0.03170636 -0.03061958
v 0.00544495 -0.03166117 -0.03029629
v 0.00636157 -0.03151268 -0.03027022
v 0.00577931 -0.03170636 -0.02933166
v 0.00588308 -0.03171927 -0.02882588
v 0.00550836 -0.03180320 -0.02846609
v 0.00596956 -0.03173864 -0.02820538
v 0.00542766 -0.03184839 -0.02746496
v 0.00602144 -0.03174510 -0.02746496
v 0.00649416 -0.03166117 -0.02746496
v 0.00728971 -0.03149977 -0.02746496
v 0.00728971 -0.03146103 -0.02653161
v 0.00632698 -0.03164826 -0.02651076
v 0.00636157 -0.03155787 -0.02560348
v 0.00582543 -0.03171282 -0.02618747
v 0.00266627 -0.03183548 -0.02367943
v 0.00300064 -0.03171282 -0.02333007
v 0.00266627 -0.03163535 -0.02282950
v 0.00263168 -0.03134482 -0.02188051
v 0.00239532 -0.03082833 -0.02039967
v 0.00268357 -0.03062820 -0.02005553
v 0.00263168 -0.03016981 -0.01908047
v 0.00263168 -0.02989866 -0.01853819
v 0.00534118 -0.01499803 0.00430017
v 0.00542766 -0.02793601 -0.01589457
v 0.00636157 -0.02785208 -0.01603014
v 0.00728971 -0.02776815 -0.01617614
v 0.00822939 -0.02720002 -0.01560257
v 0.00893847 -0.02711609 -0.01572771
v 0.00956108 -0.02703862 -0.01584243
v 0.01009722 -0.02696760 -0.01595714
v 0.00542766 -0.02822654 -0.01636385
v 0.00449951 -0.02876885 -0.01700520
v 0.00356560 -0.02911102 -0.01735977
v 0.00449951 -0.02904646 -0.01747448
v 0.00263168 -0.02964042 -0.01807412
v -0.00859833 -0.01093716 0.00430017
v -0.02806636 -0.01399734 -0.01012241
v -0.00855797 -0.02472734 -0.04707571
v -0.00762982 -0.02534713 -0.04670028
v -0.00576200 -0.02577323 -0.04635614
v -0.00482809 -0.02638656 -0.04587122
v -0.00482809 -0.02685139 -0.04548015
v -0.00389417 -0.02730977 -0.04498480
v -0.00296026 -0.02774233 -0.04443731
v -0.01042580 -0.02400426 -0.04743549
v -0.01135971 -0.02353297 -0.04760235
v -0.01508959 -0.02192541 -0.04793084
v -0.01416145 -0.02192541 -0.04795691
v -0.01229362 -0.02192541 -0.04797777
v -0.01135971 -0.02286154 -0.04777963
v -0.00202635 -0.02809096 -0.04392631
v -0.00296026 -0.02852997 -0.04332667
v -0.00202635 -0.02883986 -0.04269053
v -0.00109820 -0.02902709 -0.04215868
v -0.00202635 -0.02936926 -0.04146519
v -0.02581229 -0.01585669 -0.04846269
v -0.02806636 -0.01441699 -0.04832712
v -0.02629078 -0.01524982 -0.04852526
v -0.02806636 -0.01437180 -0.04833755
v -0.02774353 -0.01405545 -0.04847833
v -0.02719587 -0.01440408 -0.04853048
v -0.02629078 -0.01446218 -0.04865040
v -0.02544334 -0.01548224 -0.04856698
v -0.02442295 -0.01539186 -0.04867648
v -0.02348904 -0.01632799 -0.04859827
v -0.02255513 -0.01632799 -0.04867126
v -0.01975915 -0.01725766 -0.04867648
v -0.01882524 -0.01825835 -0.04855134
v -0.01602351 -0.02005960 -0.04829584
v -0.01789133 -0.01819379 -0.04860348
v -0.01602351 -0.01895561 -0.04852526
v -0.00016429 -0.02925305 -0.04146519
v 0.00076962 -0.02953712 -0.04053184
v 0.00076962 -0.02993740 -0.03937428
v 0.00076962 -0.02978245 -0.03983313
v 0.00076962 -0.03016336 -0.03866514
v 0.00076962 -0.03069921 -0.03696009
v 0.00076962 -0.03084125 -0.03649602
v 0.00076962 -0.03102202 -0.03586510
v 0.00263168 -0.03088644 -0.03572953
v 0.00356560 -0.03099619 -0.03493175
v 0.00356560 -0.03083479 -0.03555225
v 0.00356560 -0.03122861 -0.03399840
v 0.00356560 -0.03145457 -0.03306505
v 0.00356560 -0.03164180 -0.03211606
v 0.00325429 -0.03174510 -0.03178756
v 0.00356560 -0.03191296 -0.02467013
v 0.00565825 -0.03168699 -0.02560348
v 0.00502988 -0.03173218 -0.02507163
v 0.00356560 -0.03177092 -0.02398707
v 0.00449951 -0.03151268 -0.03213171
v 0.00542766 -0.03137710 -0.03213171
v 0.00542766 -0.03153205 -0.03119836
v 0.00636157 -0.03137710 -0.03119836
v 0.00636157 -0.03160307 -0.02933166
v 0.00728971 -0.03120924 -0.03119836
v 0.00822939 -0.03103493 -0.03119836
v 0.00728971 -0.03133836 -0.03027022
v 0.00631545 -0.03166117 -0.02846609
v 0.00728971 -0.03147394 -0.02840352
v 0.00822939 -0.03130608 -0.02746496
v 0.00822939 -0.03126735 -0.02653161
v 0.00728971 -0.03136419 -0.02560348
v 0.00636157 -0.03142875 -0.02467013
v 0.00356560 -0.03166763 -0.02352300
v 0.00356560 -0.03149331 -0.02280343
v 0.00356560 -0.03120279 -0.02188051
v 0.00356560 -0.03091226 -0.02108795
v 0.00268357 -0.03096391 -0.02086895
v 0.00356560 -0.03073795 -0.02061867
v 0.00449951 -0.03033122 -0.02001382
v 0.00449951 -0.02998905 -0.01927861
v 0.00449951 -0.02976308 -0.01880933
v 0.00375007 -0.02981473 -0.01869462
v 0.00449951 -0.02941445 -0.01814712
v 0.00571590 -0.01486246 0.00430017
v 0.01018946 -0.02647694 -0.01525322
v 0.01055841 -0.02612185 -0.01487779
v 0.01102536 -0.02636073 -0.01545136
v 0.01102536 -0.02605084 -0.01498729
v 0.01178633 -0.02623806 -0.01564429
v 0.00636157 -0.02814261 -0.01649942
v 0.00728971 -0.02805222 -0.01664021
v 0.00780856 -0.02800057 -0.01672885
v 0.00921519 -0.02734851 -0.01620221
v 0.01009722 -0.02725812 -0.01642121
v 0.01086395 -0.02714837 -0.01659849
v 0.01148656 -0.02705799 -0.01674970
v 0.00542766 -0.02869137 -0.01713556
v 0.00542766 -0.02896899 -0.01760484
v -0.00924399 -0.01038840 0.00430017
v -0.02806636 -0.01296437 -0.00934549
v -0.02806636 -0.01347440 -0.00972091
v -0.00855797 -0.02399780 -0.04744070
v -0.00762982 -0.02472734 -0.04706528
v -0.00576200 -0.02530839 -0.04667421
v -0.00482809 -0.02574095 -0.04633529
v -0.00296026 -0.02629617 -0.04579822
v -0.00389417 -0.02681266 -0.04544887
v -0.00389417 -0.02568930 -0.04630400
v -0.00202635 -0.02723230 -0.04490137
v -0.00202635 -0.02770359 -0.04439559
v -0.00949188 -0.02353297 -0.04759713
v -0.01508959 -0.02005960 -0.04833234
v -0.01229362 -0.02098927 -0.04818113
v -0.01416145 -0.02005960 -0.04835319
v -0.01229362 -0.02008542 -0.04837405
v -0.01135971 -0.02098927 -0.04818634
v -0.01042580 -0.02098927 -0.04818634
v -0.00855797 -0.02286154 -0.04776399
v -0.00109820 -0.02805222 -0.04387417
v -0.00109820 -0.02840085 -0.04332667
v -0.00202635 -0.02847187 -0.04332667
v -0.00109820 -0.02880758 -0.04262275
v -0.00016429 -0.02899481 -0.04207525
v -0.02806636 -0.01377784 -0.04843662
v -0.02806636 -0.01352605 -0.04846791
v -0.02806636 -0.01271258 -0.04856177
v -0.02806636 -0.01175063 -0.04866605
v -0.02722469 -0.01352605 -0.04862955
v -0.02629078 -0.01352605 -0.04873384
v -0.02442295 -0.01446218 -0.04879119
v -0.02348904 -0.01539186 -0.04875990
v -0.02255513 -0.01539186 -0.04881726
v -0.01882524 -0.01725766 -0.04871298
v -0.01508959 -0.01951083 -0.04844705
v -0.01602351 -0.01819379 -0.04866084
v -0.01508959 -0.01903954 -0.04853569
v -0.01508959 -0.01819379 -0.04868691
v 0.00161130 -0.02907228 -0.04152255
v 0.00263168 -0.02936926 -0.04053184
v 0.00169201 -0.02974371 -0.03971842
v 0.00169201 -0.02989866 -0.03925435
v 0.00230885 -0.02987284 -0.03917093
v 0.00169201 -0.03037641 -0.03773179
v 0.00263168 -0.03029248 -0.03773179
v 0.00142682 -0.03080897 -0.03639695
v 0.00263168 -0.03075086 -0.03619881
v 0.00449951 -0.03111240 -0.03399840
v 0.00410750 -0.03080251 -0.03543753
v 0.00356560 -0.03047325 -0.03679845
v 0.00449951 -0.03036350 -0.03679845
v 0.00449951 -0.03132545 -0.03306505
v 0.00538154 -0.03161598 -0.02472227
v 0.00469551 -0.03168054 -0.02445113
v 0.00407291 -0.03173218 -0.02417478
v 0.00542766 -0.03118987 -0.03306505
v 0.00636157 -0.03104784 -0.03306505
v 0.00636157 -0.03122861 -0.03213171
v 0.00728971 -0.03106721 -0.03213171
v 0.00728971 -0.03142875 -0.02933166
v 0.00825245 -0.03088644 -0.03214735
v 0.00822939 -0.03115114 -0.03027022
v 0.00884624 -0.03082188 -0.03184492
v 0.00946884 -0.03075732 -0.03138607
v 0.00915754 -0.03085416 -0.03113057
v 0.00822939 -0.03128026 -0.02840352
v 0.00915754 -0.03108012 -0.02840352
v 0.00915754 -0.03109949 -0.02746496
v 0.00915754 -0.03105430 -0.02653161
v 0.00915754 -0.03095746 -0.02560348
v 0.00822939 -0.03116405 -0.02560348
v 0.00728971 -0.03123507 -0.02467013
v 0.00878282 -0.03081542 -0.02411742
v 0.00636157 -0.03123507 -0.02374200
v 0.00542766 -0.03140938 -0.02374200
v 0.00443609 -0.03159015 -0.02380978
v 0.00542766 -0.03118342 -0.02280343
v 0.00449951 -0.03133836 -0.02280343
v 0.00535848 -0.03090581 -0.02185966
v 0.00449951 -0.03105430 -0.02188051
v 0.00449951 -0.03066693 -0.02081681
v 0.00542766 -0.03017627 -0.02001382
v 0.00542766 -0.02991157 -0.01942982
v 0.00542766 -0.02968561 -0.01897097
v 0.00542766 -0.02925951 -0.01814712
v 0.00628662 -0.01464941 0.00430017
v 0.01195928 -0.02697406 -0.01688006
v 0.01240894 -0.02612185 -0.01582157
v 0.00626933 -0.02863972 -0.01730763
v 0.00728971 -0.02838794 -0.01721377
v 0.00816021 -0.02818134 -0.01718249
v 0.00843116 -0.02792956 -0.01684877
v 0.00915754 -0.02784563 -0.01700520
v 0.01009722 -0.02775524 -0.01726070
v 0.01111760 -0.02738079 -0.01711991
v 0.01102536 -0.02785854 -0.01791248
v 0.01195928 -0.02724521 -0.01734934
v 0.01262224 -0.02713546 -0.01754227
v 0.00590038 -0.02892379 -0.01767784
v -0.01018944 -0.00953620 0.00430017
v -0.02806636 -0.01135035 -0.00824007
v -0.00855797 -0.02353297 -0.04759192
v -0.00762982 -0.02350714 -0.04758670
v -0.00762982 -0.02397198 -0.04743028
v -0.00669591 -0.02472734 -0.04703921
v -0.00482809 -0.02527611 -0.04664814
v -0.00576200 -0.02472734 -0.04700792
v -0.00482809 -0.02472734 -0.04696621
v -0.00202635 -0.02624452 -0.04575651
v -0.00202635 -0.02670936 -0.04537065
v -0.00389417 -0.02522446 -0.04661686
v -0.00304674 -0.02556663 -0.04631443
v -0.00202635 -0.02565702 -0.04616322
v -0.00109820 -0.02718065 -0.04484401
v -0.00109820 -0.02764549 -0.04434345
v -0.01416145 -0.01909119 -0.04854612
v -0.01321600 -0.01921385 -0.04853569
v -0.01229362 -0.01912347 -0.04856698
v -0.01135971 -0.01912347 -0.04857741
v -0.01135971 -0.01963995 -0.04847312
v -0.01042580 -0.01963995 -0.04847312
v -0.00949188 -0.01962704 -0.04847312
v -0.00855797 -0.02007897 -0.04836884
v -0.00762982 -0.02098927 -0.04815505
v -0.00762982 -0.02286154 -0.04774313
v -0.00042947 -0.02801349 -0.04382724
v -0.00016429 -0.02876239 -0.04254454
v -0.00013546 -0.02824590 -0.04341010
v 0.00076962 -0.02824590 -0.04325367
v 0.00076962 -0.02894962 -0.04198140
v -0.02722469 -0.01259638 -0.04870777
v -0.02806636 -0.01082095 -0.04873905
v -0.02348904 -0.01446218 -0.04885376
v -0.02722469 -0.01166024 -0.04877555
v -0.02629078 -0.01259638 -0.04879641
v -0.02162698 -0.01539186 -0.04883812
v -0.01882524 -0.01632799 -0.04882247
v -0.02255513 -0.01446218 -0.04889026
v -0.01789133 -0.01725766 -0.04873905
v -0.01602351 -0.01725766 -0.04878598
v -0.01416145 -0.01819379 -0.04870255
v 0.00125964 -0.02892379 -0.04193447
v 0.00186495 -0.02889151 -0.04186669
v 0.00263168 -0.02905937 -0.04130355
v 0.00356560 -0.02959522 -0.03959849
v 0.00292569 -0.02984055 -0.03908228
v 0.00356560 -0.02925951 -0.04053184
v 0.00262015 -0.02998259 -0.03872771
v 0.00356560 -0.03019564 -0.03773179
v 0.00356560 -0.02995677 -0.03850871
v 0.00444762 -0.03087998 -0.03495261
v 0.00594073 -0.03079605 -0.03449375
v 0.00542766 -0.03071212 -0.03509339
v 0.00542766 -0.03024729 -0.03679845
v 0.00542766 -0.03050553 -0.03586510
v 0.00449951 -0.03008589 -0.03773179
v 0.00568131 -0.02982764 -0.03811243
v 0.00656334 -0.03075086 -0.03427997
v 0.00698994 -0.03081542 -0.03365426
v 0.00730125 -0.03088644 -0.03308069
v 0.00795268 -0.03082833 -0.03278348
v 0.00857529 -0.03077023 -0.03247063
v 0.00915754 -0.03104139 -0.02933166
v 0.00915754 -0.03095746 -0.03027022
v 0.00915754 -0.03070567 -0.03214735
v 0.01009722 -0.03050553 -0.03213171
v 0.00964179 -0.03079605 -0.03076557
v 0.01001074 -0.03066693 -0.03113057
v 0.00992427 -0.03086061 -0.02933166
v 0.00999921 -0.03087998 -0.02840352
v 0.01001651 -0.03089290 -0.02746496
v 0.00992427 -0.03086707 -0.02653161
v 0.00973403 -0.03081542 -0.02560348
v 0.00963026 -0.03078960 -0.02513941
v 0.00822939 -0.03103493 -0.02467013
v 0.00816598 -0.03086707 -0.02377328
v 0.00912295 -0.03084770 -0.02476399
v 0.00940543 -0.03073795 -0.02451892
v 0.01009722 -0.03038932 -0.02374200
v 0.00912295 -0.03064756 -0.02377328
v 0.00915754 -0.03039578 -0.02280343
v 0.00844846 -0.03073795 -0.02349171
v 0.00636157 -0.03100911 -0.02280343
v 0.00684582 -0.03079605 -0.02233415
v 0.00636157 -0.03084125 -0.02219858
v 0.00562366 -0.03074440 -0.02153637
v 0.00500105 -0.03079605 -0.02139559
v 0.00535848 -0.03060237 -0.02103059
v 0.00636157 -0.03038287 -0.02094195
v 0.00629815 -0.03000196 -0.01999296
v 0.00594073 -0.02986638 -0.01952889
v 0.00728971 -0.02904000 -0.01839740
v 0.00626933 -0.02909165 -0.01811583
v 0.00728971 -0.01417166 0.00430017
v 0.01288742 -0.02601856 -0.01596235
v 0.01352156 -0.02619933 -0.01662978
v 0.01292202 -0.02682557 -0.01722420
v 0.01288742 -0.02633491 -0.01643164
v 0.00652298 -0.02886569 -0.01779255
v 0.00728971 -0.02878821 -0.01792812
v 0.00915754 -0.02811033 -0.01747448
v 0.00825245 -0.02871720 -0.01818883
v 0.00978591 -0.02803285 -0.01760484
v 0.01040276 -0.02794893 -0.01775084
v 0.01102536 -0.02811678 -0.01838176
v 0.01160762 -0.02802640 -0.01854340
v 0.01193045 -0.02772942 -0.01819926
v 0.01324485 -0.02701279 -0.01776127
v 0.01223023 -0.02792956 -0.01874154
v 0.01292202 -0.02732914 -0.01810019
v -0.01065063 -0.00910364 0.00430017
v -0.01112335 -0.00863880 0.00430017
v -0.02806636 -0.01073057 -0.00786464
v -0.00576200 -0.02340385 -0.04755542
v -0.00669591 -0.02392679 -0.04741985
v -0.00576200 -0.02387514 -0.04739899
v -0.00389417 -0.02379121 -0.04732078
v -0.00389417 -0.02472734 -0.04690364
v -0.00124809 -0.02618642 -0.04570958
v -0.00100020 -0.02653504 -0.04538630
v -0.00340992 -0.02519218 -0.04659600
v -0.00279308 -0.02514699 -0.04656993
v -0.00202635 -0.02508888 -0.04653343
v -0.00109820 -0.02499850 -0.04647607
v -0.00100020 -0.02575386 -0.04597029
v 0.00035455 -0.02706444 -0.04473451
v -0.00013546 -0.02764549 -0.04418702
v 0.00019313 -0.02797475 -0.04377509
v -0.01042580 -0.01912347 -0.04857741
v -0.01229362 -0.01819379 -0.04872341
v -0.01135971 -0.01819379 -0.04872862
v -0.00855797 -0.01961413 -0.04846791
v -0.00855797 -0.01912347 -0.04856698
v -0.00803913 -0.01960122 -0.04846269
v -0.00482809 -0.01893624 -0.04852526
v -0.00576200 -0.02286154 -0.04768056
v 0.00076962 -0.02871074 -0.04245068
v 0.00076962 -0.02793601 -0.04372295
v 0.00169201 -0.02818780 -0.04315460
v 0.00161130 -0.02869137 -0.04230468
v -0.02806636 -0.00988482 -0.04879119
v -0.02722469 -0.00979444 -0.04886419
v -0.02806636 -0.00886476 -0.04884333
v -0.02722469 -0.01073057 -0.04882247
v -0.01882524 -0.01539186 -0.04890069
v -0.01602351 -0.01632799 -0.04886940
v -0.02722469 -0.00886476 -0.04889026
v -0.02722469 -0.00792863 -0.04891112
v -0.02348904 -0.01166024 -0.04892155
v -0.02255513 -0.01259638 -0.04892155
v -0.01975915 -0.01446218 -0.04892155
v -0.01508959 -0.01725766 -0.04880162
v -0.01416145 -0.01725766 -0.04881205
v 0.00263168 -0.02884632 -0.04176762
v 0.00356560 -0.02900127 -0.04116798
v 0.00449951 -0.02948547 -0.03959849
v 0.00449951 -0.02975663 -0.03880593
v 0.00356560 -0.02980827 -0.03897278
v 0.00425738 -0.02895607 -0.04106369
v 0.00454563 -0.02910456 -0.04060484
v 0.00542766 -0.02936926 -0.03959849
v 0.00538730 -0.02971789 -0.03859214
v 0.00636157 -0.03037641 -0.03586510
v 0.00728971 -0.03023437 -0.03586510
v 0.00728971 -0.03047325 -0.03493175
v 0.00636157 -0.02992448 -0.03748673
v 0.00636157 -0.03011817 -0.03679845
v 0.00636157 -0.02978245 -0.03795079
v 0.00822939 -0.03053136 -0.03399840
v 0.00730125 -0.03069276 -0.03397754
v 0.00825245 -0.03071212 -0.03308069
v 0.00915754 -0.03035704 -0.03399840
v 0.00915754 -0.03053781 -0.03306505
v 0.01009722 -0.03034413 -0.03306505
v 0.00976285 -0.03082188 -0.03027022
v 0.01022981 -0.03071212 -0.03027022
v 0.01102536 -0.03013108 -0.03306505
v 0.01102536 -0.03028602 -0.03213171
v 0.01102536 -0.03041515 -0.03119836
v 0.01102536 -0.03058946 -0.02933166
v 0.01046617 -0.03076377 -0.02840352
v 0.01102536 -0.03062174 -0.02840352
v 0.01048347 -0.03077023 -0.02746496
v 0.01102536 -0.03057655 -0.02653161
v 0.01020098 -0.03069276 -0.02560348
v 0.01102536 -0.03047325 -0.02560348
v 0.01102536 -0.03033767 -0.02467013
v 0.01000498 -0.03062820 -0.02476399
v 0.01102536 -0.03014399 -0.02374200
v 0.01098501 -0.02993740 -0.02286079
v 0.01009722 -0.03015690 -0.02280343
v 0.00816598 -0.03064111 -0.02286600
v 0.01063912 -0.02987929 -0.02228722
v 0.01009722 -0.02995031 -0.02208908
v 0.00822939 -0.03033122 -0.02188051
v 0.00721477 -0.03058301 -0.02196394
v 0.00636157 -0.03067339 -0.02172930
v 0.00819480 -0.02999550 -0.02092631
v 0.00786044 -0.02987929 -0.02043096
v 0.00728971 -0.02993740 -0.02029539
v 0.00728971 -0.02973080 -0.01983132
v 0.00728971 -0.02937572 -0.01908047
v 0.00795844 -0.02896899 -0.01852776
v 0.00767020 -0.01393924 0.00430017
v 0.01382710 -0.02581196 -0.01630649
v 0.01382710 -0.02532130 -0.01563907
v 0.01429982 -0.02519218 -0.01581114
v 0.01382710 -0.02688367 -0.01796984
v 0.01382710 -0.02640592 -0.01719292
v 0.01414417 -0.02604438 -0.01686442
v 0.00858105 -0.02889797 -0.01866854
v 0.00915754 -0.02847832 -0.01814712
v 0.01009722 -0.02822008 -0.01809498
v 0.01010875 -0.02873011 -0.01911175
v 0.01102536 -0.02845896 -0.01908047
v 0.01154420 -0.02894316 -0.02043617
v 0.01193045 -0.02817489 -0.01906483
v 0.01382710 -0.02716128 -0.01843912
v 0.01294507 -0.02783272 -0.01906483
v 0.01189586 -0.02866555 -0.02008160
v 0.01267989 -0.02807805 -0.01936725
v 0.01329673 -0.02796829 -0.01959146
v -0.01199961 -0.00765102 0.00430017
v -0.02806636 -0.01004623 -0.00748400
v -0.00506445 -0.02336511 -0.04753977
v -0.00478773 -0.02372020 -0.04740421
v -0.00202635 -0.02379121 -0.04716956
v -0.00202635 -0.02462404 -0.04679935
v -0.00444184 -0.02330701 -0.04752413
v -0.00062548 -0.02612185 -0.04566265
v 0.00070621 -0.02665771 -0.04501608
v -0.00109820 -0.02452720 -0.04674721
v 0.00115011 -0.02423023 -0.04658557
v 0.00081574 -0.02466924 -0.04638221
v -0.00016429 -0.02487583 -0.04640829
v 0.00076962 -0.02550207 -0.04587122
v 0.00097139 -0.02700634 -0.04468237
v 0.00070621 -0.02738725 -0.04432781
v -0.01042580 -0.01819379 -0.04872862
v -0.01042580 -0.01725766 -0.04882769
v -0.00669591 -0.01904600 -0.04854612
v -0.00768747 -0.01920094 -0.04853569
v -0.00855797 -0.01819379 -0.04871819
v -0.00762982 -0.01819379 -0.04870777
v -0.00482809 -0.01819379 -0.04865040
v -0.00389417 -0.01819379 -0.04862434
v -0.00389417 -0.01886522 -0.04850962
v 0.00169201 -0.02738725 -0.04413488
v 0.00169201 -0.02785208 -0.04361867
v 0.00263168 -0.02811033 -0.04303467
v 0.00263168 -0.02849769 -0.04239854
v -0.02806636 -0.00801902 -0.04887462
v -0.01602351 -0.01539186 -0.04892676
v -0.01416145 -0.01632799 -0.04889026
v -0.02806636 -0.00708934 -0.04889548
v -0.02806636 -0.00615321 -0.04891633
v -0.02806636 -0.00522354 -0.04893197
v -0.02722469 -0.00606283 -0.04893719
v -0.01882524 -0.01446218 -0.04892676
v -0.02722469 -0.00419702 -0.04895283
v -0.01416145 -0.01539186 -0.04893719
v -0.01229362 -0.01632799 -0.04890591
v -0.01135971 -0.01632799 -0.04891112
v 0.00356560 -0.02878176 -0.04163726
v 0.00488576 -0.02891088 -0.04097505
v 0.00542766 -0.02905937 -0.04040148
v 0.00636157 -0.02955649 -0.03866514
v 0.00636157 -0.02923368 -0.03959849
v 0.00696688 -0.02987929 -0.03734073
v 0.00822939 -0.02991157 -0.03651688
v 0.00875400 -0.02986638 -0.03637088
v 0.00822939 -0.03031185 -0.03493175
v 0.00727818 -0.02972434 -0.03768487
v 0.00915754 -0.03014399 -0.03493175
v 0.01007992 -0.02995677 -0.03492654
v 0.01071406 -0.02989220 -0.03461368
v 0.01009722 -0.03015690 -0.03399840
v 0.01101960 -0.02995677 -0.03399319
v 0.01160762 -0.02988575 -0.03368033
v 0.01102536 -0.03051199 -0.03027022
v 0.01179786 -0.02994385 -0.03306505
v 0.01203998 -0.03001487 -0.03220992
v 0.01195928 -0.03017627 -0.03119836
v 0.01195928 -0.03026666 -0.03027022
v 0.01195928 -0.03033767 -0.02933166
v 0.01195928 -0.03036995 -0.02840352
v 0.01102536 -0.03062174 -0.02746496
v 0.01195928 -0.03036350 -0.02746496
v 0.01195928 -0.03031185 -0.02653161
v 0.01195928 -0.03020855 -0.02560348
v 0.01205152 -0.03002778 -0.02458670
v 0.01241470 -0.02985347 -0.02422171
v 0.01176327 -0.02993740 -0.02374200
v 0.01153844 -0.02987284 -0.02321014
v 0.01126172 -0.02979536 -0.02258965
v 0.01098501 -0.02965978 -0.02193787
v 0.01009722 -0.02978245 -0.02161980
v 0.00958991 -0.02984701 -0.02143730
v 0.00923248 -0.03006652 -0.02180230
v 0.00896730 -0.02992448 -0.02122352
v 0.00848305 -0.02980827 -0.02060303
v 0.00819480 -0.02964687 -0.02007639
v 0.00825245 -0.02914330 -0.01901790
v 0.00814868 -0.01363580 0.00430017
v 0.01466301 -0.02535358 -0.01634299
v 0.01527985 -0.02523092 -0.01669756
v 0.00886930 -0.01317097 0.00430017
v 0.01428830 -0.02705799 -0.01861119
v 0.01451889 -0.02624452 -0.01748491
v 0.01513573 -0.02607021 -0.01776127
v 0.01479561 -0.02588298 -0.01719292
v 0.00915754 -0.02882695 -0.01881454
v 0.00915754 -0.02905291 -0.01928382
v 0.00980321 -0.02896899 -0.01945068
v 0.01042582 -0.02889151 -0.01962275
v 0.01102536 -0.02880113 -0.01980525
v 0.01102536 -0.02901418 -0.02026931
v 0.01009722 -0.02953066 -0.02094195
v 0.01102536 -0.02927888 -0.02094195
v 0.01195928 -0.02934344 -0.02188051
v 0.01189586 -0.02903355 -0.02098367
v 0.01217258 -0.02883986 -0.02069688
v 0.01294507 -0.02825236 -0.01994082
v 0.01382710 -0.02749054 -0.01908047
v 0.01365992 -0.02811678 -0.02021196
v 0.01391358 -0.02788436 -0.01994082
v -0.01251269 -0.00704415 0.00430017
v -0.02806636 -0.00886476 -0.00684787
v -0.00109820 -0.02379121 -0.04707049
v -0.00296026 -0.02305522 -0.04747199
v -0.00109820 -0.02286154 -0.04735728
v -0.00165740 -0.01863281 -0.04845748
v -0.00109820 -0.01856179 -0.04844705
v 0.00636157 -0.01618595 -0.04857219
v 0.00076962 -0.02596691 -0.04555315
v 0.00169201 -0.02645112 -0.04499001
v 0.00081574 -0.02386869 -0.04677850
v 0.00169201 -0.02364272 -0.04673157
v 0.00245874 -0.02346841 -0.04665857
v 0.00169201 -0.02411401 -0.04652821
v 0.00169201 -0.02472734 -0.04618407
v 0.00169201 -0.02537295 -0.04578779
v 0.00169201 -0.02691595 -0.04460416
v -0.00855797 -0.01725766 -0.04882247
v -0.00855797 -0.01632799 -0.04890591
v -0.00389417 -0.01632799 -0.04885898
v -0.00016429 -0.01632799 -0.04879641
v 0.00263168 -0.01632799 -0.04871298
v 0.00356560 -0.01632799 -0.04868169
v 0.00263168 -0.02727749 -0.04402016
v 0.00263168 -0.02774233 -0.04349874
v 0.00399220 -0.02798121 -0.04285218
v 0.00449951 -0.02823945 -0.04230989
v 0.00362901 -0.02827818 -0.04248718
v -0.02806636 -0.00326089 -0.04895283
v -0.02722469 -0.00233121 -0.04896326
v -0.02806636 -0.00242160 -0.04895805
v -0.01229362 -0.01539186 -0.04894241
v -0.01042580 -0.01539186 -0.04894241
v 0.00454563 -0.02874302 -0.04140783
v 0.00542766 -0.02854934 -0.04146519
v 0.00542766 -0.02886569 -0.04086555
v 0.00693806 -0.02894316 -0.04010427
v 0.00728971 -0.02940800 -0.03866514
v 0.00726089 -0.02906583 -0.03963499
v 0.00822939 -0.02924660 -0.03866514
v 0.00822939 -0.02955649 -0.03773179
v 0.00822939 -0.02977599 -0.03698616
v 0.00910566 -0.02969206 -0.03673066
v 0.00937661 -0.02980827 -0.03613102
v 0.00975709 -0.02988575 -0.03551053
v 0.01037970 -0.02982119 -0.03523417
v 0.01133667 -0.02982119 -0.03430083
v 0.01193045 -0.02972434 -0.03399319
v 0.01288742 -0.02944028 -0.03399840
v 0.01288742 -0.02962750 -0.03306505
v 0.01240894 -0.02985347 -0.03257491
v 0.01257036 -0.02990512 -0.03195442
v 0.01273754 -0.02995031 -0.03119836
v 0.01296237 -0.02997613 -0.03024415
v 0.01288742 -0.03006006 -0.02933166
v 0.01288742 -0.03008589 -0.02840352
v 0.01348697 -0.02989866 -0.02840352
v 0.01288742 -0.03007298 -0.02746496
v 0.01341780 -0.02987284 -0.02679754
v 0.01296813 -0.02999550 -0.02650554
v 0.01333132 -0.02984701 -0.02617704
v 0.01275483 -0.02996322 -0.02560348
v 0.01258189 -0.02990512 -0.02484220
v 0.01288742 -0.02976308 -0.02458670
v 0.01382710 -0.02945319 -0.02467013
v 0.01382710 -0.02925305 -0.02374200
v 0.01288742 -0.02957586 -0.02374200
v 0.01223023 -0.02979536 -0.02374200
v 0.01189586 -0.02967270 -0.02286079
v 0.01348121 -0.02896899 -0.02222465
v 0.00923248 -0.02975017 -0.02092631
v 0.00915754 -0.02938863 -0.02001382
v 0.01573528 -0.02588298 -0.01810019
v 0.01563151 -0.02538586 -0.01728677
v 0.01618494 -0.02521800 -0.01764655
v 0.01589670 -0.02496622 -0.01702084
v 0.00935355 -0.01281588 0.00430017
v 0.00933049 -0.01283525 0.00430017
v 0.00931319 -0.01284816 0.00430017
v 0.01428830 -0.02798766 -0.02048831
v 0.01476101 -0.02752928 -0.02001382
v 0.01466301 -0.02715483 -0.01916911
v 0.01523374 -0.02705799 -0.01953932
v 0.01491667 -0.02689013 -0.01891883
v 0.01470913 -0.02656732 -0.01818362
v 0.01544704 -0.02627035 -0.01838176
v 0.01010875 -0.02912393 -0.01996689
v 0.01286437 -0.02905937 -0.02189616
v 0.01252424 -0.02895607 -0.02131738
v 0.01286437 -0.02872365 -0.02098367
v 0.01391358 -0.02828464 -0.02085852
v -0.01264528 -0.00688275 0.00430017
v -0.02806636 -0.00825789 -0.00654023
v 0.00728971 -0.01605038 -0.04853048
v 0.00636157 -0.01539186 -0.04873384
v 0.00728971 -0.01539186 -0.04866605
v 0.00169201 -0.02583779 -0.04545930
v 0.00263168 -0.02631554 -0.04488051
v 0.00790079 -0.01592125 -0.04848355
v 0.00915754 -0.01632799 -0.04812898
v 0.00308134 -0.02331992 -0.04659078
v 0.00960720 -0.01771604 -0.04752413
v 0.00356560 -0.02379121 -0.04626229
v 0.00449951 -0.02379121 -0.04604329
v 0.00449951 -0.02437226 -0.04573043
v 0.00356560 -0.02456594 -0.04584515
v 0.00264898 -0.02479190 -0.04592858
v 0.00236073 -0.02526320 -0.04570958
v 0.00413055 -0.02709027 -0.04382724
v 0.00356560 -0.02716128 -0.04390024
v 0.00398067 -0.02610894 -0.04471887
v 0.00263168 -0.02678038 -0.04448423
v -0.00762982 -0.01539186 -0.04893719
v -0.00389417 -0.01539186 -0.04891112
v -0.00016429 -0.01539186 -0.04887984
v 0.00076962 -0.01539186 -0.04886940
v 0.00356560 -0.01539186 -0.04882247
v 0.00449951 -0.01539186 -0.04879641
v 0.00362901 -0.02769714 -0.04327974
v 0.00449951 -0.02792310 -0.04277918
v 0.00542766 -0.02814261 -0.04215347
v -0.02806636 -0.00055579 -0.04896326
v -0.02722469 0.00046427 -0.04896848
v 0.00728971 -0.01166024 -0.04892676
v 0.00542766 -0.01259638 -0.04892676
v 0.00726089 -0.02869783 -0.04046406
v 0.00636157 -0.02876885 -0.04068305
v 0.00728971 -0.02820717 -0.04132962
v 0.00756066 -0.02888506 -0.03997392
v 0.00822939 -0.02900127 -0.03932214
v 0.00911142 -0.02905937 -0.03867036
v 0.00915754 -0.02937572 -0.03773179
v 0.01009722 -0.02945965 -0.03679845
v 0.01007992 -0.02973080 -0.03583903
v 0.01102536 -0.02950484 -0.03586510
v 0.01101960 -0.02974371 -0.03492654
v 0.01195928 -0.02949838 -0.03493175
v 0.01382710 -0.02930470 -0.03306505
v 0.01288742 -0.02922077 -0.03493175
v 0.01338897 -0.02893671 -0.03543232
v 0.01353886 -0.02900127 -0.03493175
v 0.01386169 -0.02909811 -0.03399319
v 0.01382710 -0.02946610 -0.03213171
v 0.01288742 -0.02976308 -0.03220992
v 0.01382710 -0.02960168 -0.03119836
v 0.01319873 -0.02980827 -0.03119836
v 0.01330826 -0.02984055 -0.03054658
v 0.01338897 -0.02986638 -0.02992608
v 0.01345238 -0.02988575 -0.02933166
v 0.01346391 -0.02989220 -0.02746496
v 0.01394817 -0.02974371 -0.02840352
v 0.01392511 -0.02973080 -0.02746496
v 0.01376945 -0.02973080 -0.02650554
v 0.01382710 -0.02960168 -0.02560348
v 0.01322179 -0.02980827 -0.02560348
v 0.01476101 -0.02924014 -0.02560348
v 0.01479561 -0.02907874 -0.02471706
v 0.01513573 -0.02888506 -0.02443028
v 0.01447853 -0.02900127 -0.02374200
v 0.01432288 -0.02893671 -0.02323100
v 0.01380404 -0.02903355 -0.02287643
v 0.01288742 -0.02933052 -0.02280343
v 0.01410382 -0.02884632 -0.02260529
v 0.01380404 -0.02872365 -0.02189616
v 0.01606388 -0.02605729 -0.01871547
v 0.01706697 -0.02515990 -0.01865290
v 0.01713615 -0.02430124 -0.01762570
v 0.01624836 -0.02434644 -0.01665063
v 0.01639248 -0.02539878 -0.01814712
v 0.00985509 -0.01237041 0.00430017
v 0.01483019 -0.02826527 -0.02181273
v 0.01483019 -0.02789082 -0.02085852
v 0.01544704 -0.02718065 -0.02001382
v 0.01613882 -0.02704507 -0.02051438
v -0.01325636 -0.00608219 0.00430017
v -0.01386744 -0.00508796 0.00430017
v -0.02806636 -0.00779305 -0.00635251
v 0.00636157 -0.01446218 -0.04881726
v 0.00728971 -0.01446218 -0.04878076
v 0.00822363 -0.01541122 -0.04854612
v 0.00822939 -0.01446218 -0.04868169
v 0.00852340 -0.01572757 -0.04843662
v 0.01009722 -0.01539186 -0.04824891
v 0.01009722 -0.01632799 -0.04793084
v 0.01061029 -0.01683802 -0.04755020
v 0.01009722 -0.01751591 -0.04743028
v 0.01009722 -0.01819379 -0.04707571
v 0.01051805 -0.02236442 -0.04471366
v 0.00990121 -0.02259684 -0.04483880
v 0.00917483 -0.02288736 -0.04497437
v 0.00886930 -0.02344258 -0.04480230
v 0.00818327 -0.02280343 -0.04539673
v 0.00728971 -0.02310687 -0.04555837
v 0.00676511 -0.02328118 -0.04564701
v 0.00614250 -0.02346841 -0.04574086
v 0.00534695 -0.02378476 -0.04581908
v 0.00497799 -0.02426896 -0.04566786
v 0.00449951 -0.02484355 -0.04544365
v 0.00356560 -0.02503723 -0.04556358
v 0.00298334 -0.02514699 -0.04563658
v 0.00362901 -0.02574095 -0.04506301
v 0.00362901 -0.02654796 -0.04443209
v 0.00445915 -0.02664480 -0.04411923
v 0.00475893 -0.02698697 -0.04372817
v 0.00542766 -0.02732914 -0.04315460
v 0.00449951 -0.02553435 -0.04497437
v 0.00449951 -0.02600565 -0.04464066
v 0.00636157 -0.01259638 -0.04892155
v 0.00728971 -0.01259638 -0.04891112
v 0.00636157 -0.01352605 -0.04887984
v 0.00728971 -0.01352605 -0.04885898
v 0.00542766 -0.02779398 -0.04261754
v 0.00675934 -0.02797475 -0.04190840
v -0.02806636 0.00046427 -0.04896326
v -0.02722469 0.00233007 -0.04896326
v -0.01229362 0.01539072 -0.04894241
v -0.01042580 0.01539072 -0.04894241
v 0.00728971 0.01165910 -0.04892676
v 0.00822939 0.00419588 -0.04892676
v 0.00822939 -0.00419702 -0.04892676
v 0.00822939 -0.00606283 -0.04892155
v 0.00822939 -0.00886476 -0.04891112
v 0.00822939 -0.01073057 -0.04889026
v 0.00822939 -0.01166024 -0.04887984
v 0.00822939 -0.02842022 -0.04053184
v 0.00822939 -0.02807805 -0.04112105
v 0.00822939 -0.02880113 -0.03979142
v 0.00876553 -0.02894316 -0.03917614
v 0.01052382 -0.02891734 -0.03817500
v 0.01016063 -0.02912393 -0.03781001
v 0.01102536 -0.02923368 -0.03679845
v 0.01195928 -0.02924660 -0.03586510
v 0.01438053 -0.02896253 -0.03367512
v 0.01453042 -0.02902709 -0.03306505
v 0.01480713 -0.02908519 -0.03210563
v 0.01189010 -0.02900772 -0.03673066
v 0.01246082 -0.02893671 -0.03637088
v 0.01214375 -0.02883341 -0.03699137
v 0.01282401 -0.02866555 -0.03673066
v 0.01382710 -0.02818780 -0.03677759
v 0.01375216 -0.02862036 -0.03579731
v 0.01472066 -0.02812969 -0.03577646
v 0.01476101 -0.02840731 -0.03493175
v 0.01400581 -0.02878821 -0.03493175
v 0.01472066 -0.02871720 -0.03399319
v 0.01476101 -0.02924014 -0.03119836
v 0.01476101 -0.02933698 -0.03027022
v 0.01375216 -0.02971789 -0.03024415
v 0.01391358 -0.02973080 -0.02933166
v 0.01476101 -0.02940800 -0.02933166
v 0.01476101 -0.02943382 -0.02840352
v 0.01476101 -0.02940800 -0.02746496
v 0.01476101 -0.02934989 -0.02653161
v 0.01547586 -0.02904000 -0.02653161
v 0.01535480 -0.02898190 -0.02560348
v 0.01526256 -0.02893671 -0.02505598
v 0.01561998 -0.02870428 -0.02471706
v 0.01568916 -0.02843959 -0.02374200
v 0.01493973 -0.02880113 -0.02374200
v 0.01468607 -0.02867846 -0.02287643
v 0.01631754 -0.02624452 -0.01934118
v 0.01693438 -0.02599273 -0.01974789
v 0.01669225 -0.02571512 -0.01899704
v 0.01728027 -0.02537295 -0.01927861
v 0.01790288 -0.02506306 -0.01973225
v 0.01763769 -0.02480482 -0.01897097
v 0.01799512 -0.02422377 -0.01865811
v 0.01807006 -0.02337157 -0.01762570
v 0.01687096 -0.02403654 -0.01700520
v 0.01079477 -0.01142137 0.00430017
v 0.01717651 -0.02341676 -0.01664542
v 0.01877338 -0.02127334 -0.01601971
v 0.01542398 -0.02809096 -0.02208387
v 0.01518185 -0.02796829 -0.02145816
v 0.01577563 -0.02740016 -0.02086895
v 0.01571799 -0.02781980 -0.02181273
v 0.01604082 -0.02792310 -0.02255836
v 0.01664037 -0.02730332 -0.02191701
v 0.01714768 -0.02710318 -0.02225072
v 0.01664037 -0.02683848 -0.02086895
v 0.01716498 -0.02618642 -0.02037360
v 0.01662884 -0.02641238 -0.02003989
v -0.02806636 -0.00564964 -0.00552867
v -0.01436322 -0.00419056 0.00430017
v 0.00822939 -0.01352605 -0.04878598
v 0.00894424 -0.01510779 -0.04849919
v 0.01015487 -0.01359707 -0.04854612
v 0.01051805 -0.01395861 -0.04845748
v 0.00922095 -0.01541122 -0.04839491
v 0.00956685 -0.01485600 -0.04845227
v 0.01015487 -0.01451383 -0.04842098
v 0.01102536 -0.01446218 -0.04820198
v 0.01102536 -0.01539186 -0.04796734
v 0.01096195 -0.01626988 -0.04765449
v 0.01155574 -0.01592125 -0.04756063
v 0.01223599 -0.01754173 -0.04650736
v 0.01161338 -0.01781934 -0.04664814
v 0.01095619 -0.01815506 -0.04674721
v 0.01102536 -0.02214491 -0.04459373
v 0.01107148 -0.02290673 -0.04413488
v 0.01016063 -0.02288736 -0.04457287
v 0.00949190 -0.02321662 -0.04467194
v 0.01353886 -0.01788390 -0.04574608
v 0.01410958 -0.01943982 -0.04464587
v 0.00917483 -0.02376539 -0.04446859
v 0.00776820 -0.02426896 -0.04473451
v 0.00814292 -0.02376539 -0.04489094
v 0.00728971 -0.02379121 -0.04518815
v 0.00641922 -0.02378476 -0.04547494
v 0.00728971 -0.02439808 -0.04481794
v 0.00629815 -0.02474026 -0.04493787
v 0.00534695 -0.02463696 -0.04531330
v 0.00542766 -0.02533421 -0.04482837
v 0.00542766 -0.02639301 -0.04402016
v 0.00689770 -0.02709027 -0.04289389
v 0.00636157 -0.02718065 -0.04298774
v 0.00618862 -0.02624452 -0.04389502
v 0.00644804 -0.02656732 -0.04352481
v 0.00542766 -0.02579905 -0.04448945
v 0.00681123 -0.02611540 -0.04379074
v 0.00822939 -0.01259638 -0.04885376
v 0.00641922 -0.02770359 -0.04235682
v 0.00724936 -0.02736788 -0.04242982
v 0.00728971 -0.02788436 -0.04179890
v -0.02806636 0.00233007 -0.04895805
v -0.02722469 0.00419588 -0.04895283
v -0.01508959 0.01539072 -0.04893719
v -0.01135971 0.01632685 -0.04891112
v -0.01042580 0.01632685 -0.04891112
v -0.00762982 0.01539072 -0.04893719
v 0.00636157 0.01259524 -0.04892676
v 0.00728971 0.01259524 -0.04891633
v 0.00822939 0.00979330 -0.04890591
v 0.00822939 0.00886362 -0.04891112
v 0.00822939 0.00606169 -0.04892155
v 0.00915754 0.00233007 -0.04890591
v 0.00915754 -0.00233121 -0.04890591
v 0.00915754 -0.00606283 -0.04888505
v 0.00915754 -0.00699250 -0.04887984
v 0.01102536 -0.00606283 -0.04878076
v 0.01102536 -0.00699250 -0.04876512
v 0.01102536 -0.00886476 -0.04872341
v 0.00911142 -0.02868492 -0.03953070
v 0.00908260 -0.02816843 -0.04053184
v 0.00871364 -0.02800057 -0.04100633
v 0.00939390 -0.02886569 -0.03898843
v 0.01152114 -0.02893671 -0.03728858
v 0.01102536 -0.02900772 -0.03750237
v 0.01016063 -0.02879467 -0.03867036
v 0.01102536 -0.02851706 -0.03866514
v 0.01189010 -0.02865264 -0.03765879
v 0.01499737 -0.02882049 -0.03306505
v 0.01514726 -0.02888506 -0.03239242
v 0.01526256 -0.02894316 -0.03177192
v 0.01288742 -0.02821362 -0.03772136
v 0.01351003 -0.02806513 -0.03740330
v 0.01413264 -0.02789728 -0.03707480
v 0.01438053 -0.02803931 -0.03645431
v 0.01523374 -0.02799412 -0.03540624
v 0.01537209 -0.02807805 -0.03493175
v 0.01571222 -0.02819425 -0.03395147
v 0.01534903 -0.02898190 -0.03119836
v 0.01545857 -0.02903355 -0.03027022
v 0.01553351 -0.02906583 -0.02933166
v 0.01555657 -0.02907874 -0.02840352
v 0.01553351 -0.02906583 -0.02746496
v 0.01600623 -0.02885278 -0.02746496
v 0.01594282 -0.02882049 -0.02653161
v 0.01582176 -0.02876239 -0.02560348
v 0.01654813 -0.02821362 -0.02467013
v 0.01635212 -0.02809741 -0.02374200
v 0.01620800 -0.02801994 -0.02317886
v 0.01571799 -0.02818134 -0.02284515
v 0.01810465 -0.02526965 -0.02035274
v 0.01883103 -0.02412047 -0.01975832
v 0.01913080 -0.02350069 -0.01930468
v 0.01983412 -0.02233214 -0.01869983
v 0.01964388 -0.02213200 -0.01814712
v 0.01899821 -0.02242898 -0.01763612
v 0.01905009 -0.02154450 -0.01664542
v 0.01123867 -0.01093716 0.00430017
v 0.01996671 -0.02060837 -0.01665585
v 0.02087756 -0.01964641 -0.01668192
v 0.01655966 -0.02769068 -0.02284515
v 0.01755122 -0.02658669 -0.02189616
v 0.01732063 -0.02632845 -0.02094195
v 0.01695744 -0.02695469 -0.02163023
v 0.01681332 -0.02781980 -0.02374200
v 0.01727451 -0.02720002 -0.02280343
v 0.01774146 -0.02681266 -0.02280343
v 0.01812195 -0.02621224 -0.02216730
v 0.01779335 -0.02589589 -0.02094195
v -0.01438628 -0.00414537 0.00430017
v -0.01483017 -0.00323506 0.00430017
v -0.02806636 -0.00559799 -0.00551302
v 0.01009722 -0.01259638 -0.04865040
v 0.01070830 -0.01333237 -0.04849919
v 0.01150385 -0.01215091 -0.04846791
v 0.01133090 -0.01277069 -0.04841577
v 0.01187280 -0.01251245 -0.04826455
v 0.01195928 -0.01352605 -0.04803513
v 0.01341780 -0.01315160 -0.04755020
v 0.01242623 -0.01492056 -0.04752935
v 0.01381557 -0.01535958 -0.04676285
v 0.01349850 -0.01599873 -0.04665857
v 0.01288166 -0.01631507 -0.04678893
v 0.01288166 -0.01724475 -0.04636136
v 0.01140585 -0.02325536 -0.04375424
v 0.01078324 -0.02350069 -0.04391588
v 0.01339473 -0.02148639 -0.04381160
v 0.01178056 -0.02263557 -0.04394195
v 0.01007416 -0.02380412 -0.04405145
v 0.01415570 -0.01759338 -0.04560008
v 0.01541245 -0.01791618 -0.04483359
v 0.01477254 -0.01821316 -0.04498480
v 0.01446701 -0.01881358 -0.04481273
v 0.01508385 -0.01853597 -0.04466152
v 0.01436324 -0.02059545 -0.04384288
v 0.00974556 -0.02433998 -0.04385331
v 0.00728971 -0.02486292 -0.04451030
v 0.00656334 -0.02505660 -0.04464066
v 0.00915754 -0.02452075 -0.04397845
v 0.00863293 -0.02515344 -0.04376988
v 0.00801033 -0.02533421 -0.04390024
v 0.00594073 -0.02521155 -0.04474494
v 0.00637886 -0.02566347 -0.04427045
v 0.00724936 -0.02661897 -0.04317024
v 0.00822939 -0.02631554 -0.04302946
v 0.00752031 -0.02694823 -0.04275832
v 0.00884047 -0.02712255 -0.04200226
v 0.00822939 -0.02725167 -0.04214304
v 0.00728971 -0.02552144 -0.04404102
v 0.00728971 -0.02599273 -0.04369688
v 0.01102536 -0.00979444 -0.04869733
v 0.01102536 -0.01073057 -0.04865040
v 0.00822939 -0.02771651 -0.04158512
v -0.02806636 0.00325975 -0.04895283
v -0.02722469 0.00512555 -0.04894762
v -0.01882524 0.01539072 -0.04890069
v -0.01416145 0.01632685 -0.04889548
v -0.01882524 0.01446104 -0.04892676
v -0.01975915 0.01446104 -0.04892155
v -0.01322753 0.01725652 -0.04882247
v -0.01135971 0.01725652 -0.04882769
v -0.00855797 0.01632685 -0.04890591
v -0.00949188 0.01725652 -0.04882769
v -0.00389417 0.01539072 -0.04891112
v -0.00016429 0.01539072 -0.04887984
v 0.00076962 0.01539072 -0.04886940
v 0.00636157 0.01352491 -0.04888505
v 0.00728971 0.01352491 -0.04886419
v 0.00822939 0.01259524 -0.04885898
v 0.00822939 0.01165910 -0.04887984
v 0.01102536 0.00606169 -0.04878076
v 0.01102536 0.00325975 -0.04880683
v 0.00915754 0.00606169 -0.04888505
v 0.01009722 0.00325975 -0.04885376
v 0.01102536 0.00233007 -0.04881205
v 0.01102536 0.00046427 -0.04881726
v 0.01102536 -0.00046541 -0.04881726
v 0.01102536 -0.00233121 -0.04881205
v 0.01009722 -0.00326089 -0.04885376
v 0.01102536 -0.00326089 -0.04880683
v 0.01195928 -0.00419702 -0.04872341
v 0.01195928 -0.00326089 -0.04873905
v 0.01195928 -0.00512669 -0.04870777
v 0.01195928 -0.00606283 -0.04868169
v 0.00988392 -0.02809096 -0.04021899
v 0.01014910 -0.02829755 -0.03966628
v 0.00908836 -0.02750346 -0.04142869
v 0.00933625 -0.02787791 -0.04083948
v 0.01102536 -0.02814261 -0.03938992
v 0.01159032 -0.02803285 -0.03920221
v 0.01191892 -0.02817489 -0.03864950
v 0.01255883 -0.02806513 -0.03833143
v 0.01568916 -0.02844604 -0.03306505
v 0.01561998 -0.02869137 -0.03210563
v 0.01581023 -0.02874948 -0.03119836
v 0.01318720 -0.02789728 -0.03802901
v 0.01382710 -0.02769714 -0.03772136
v 0.01467454 -0.02719356 -0.03763794
v 0.01522797 -0.02705799 -0.03726773
v 0.01472066 -0.02765840 -0.03677759
v 0.01540092 -0.02718065 -0.03679845
v 0.01565457 -0.02750346 -0.03580774
v 0.01628295 -0.02716128 -0.03559396
v 0.01583328 -0.02776815 -0.03493175
v 0.01602929 -0.02790373 -0.03422783
v 0.01619647 -0.02801349 -0.03360733
v 0.01591976 -0.02880758 -0.03027022
v 0.01600047 -0.02884632 -0.02933166
v 0.01602929 -0.02885923 -0.02840352
v 0.01662884 -0.02853643 -0.02840352
v 0.01662884 -0.02851060 -0.02746496
v 0.01662884 -0.02845250 -0.02653161
v 0.01672108 -0.02826527 -0.02551484
v 0.01709580 -0.02798766 -0.02513941
v 0.01701509 -0.02794247 -0.02467013
v 0.01826607 -0.02543106 -0.02094195
v 0.01873302 -0.02494685 -0.02094195
v 0.01901550 -0.02432061 -0.02037881
v 0.01974765 -0.02317788 -0.01979482
v 0.02004166 -0.02255164 -0.01932032
v 0.02039908 -0.02196414 -0.01902311
v 0.02075074 -0.02137664 -0.01872590
v 0.02008777 -0.02166071 -0.01814712
v 0.01990906 -0.02147994 -0.01765177
v 0.02013389 -0.02095054 -0.01728677
v 0.01966694 -0.02122815 -0.01702606
v 0.01127902 -0.01088551 0.00430017
v 0.02088909 -0.01872965 -0.01573814
v 0.02175959 -0.01772896 -0.01581114
v 0.02263586 -0.01670890 -0.01589457
v 0.02060085 -0.02103447 -0.01806369
v 0.02105628 -0.01985946 -0.01721377
v 0.02170771 -0.01953020 -0.01775084
v 0.02174806 -0.01864572 -0.01676535
v 0.02156359 -0.01841976 -0.01627521
v 0.01757428 -0.02729041 -0.02383064
v 0.01802971 -0.02705799 -0.02420085
v 0.01790288 -0.02695469 -0.02357514
v 0.01826030 -0.02634782 -0.02280343
v 0.01872726 -0.02588944 -0.02280343
v 0.01905009 -0.02528257 -0.02217251
v 0.01850819 -0.02566993 -0.02185966
v -0.01510112 -0.00233121 0.00430017
v -0.02806636 -0.00326089 -0.00495510
v -0.02806636 -0.00410663 -0.00514803
v -0.02806636 -0.00503631 -0.00537224
v 0.01102536 -0.01166024 -0.04858783
v 0.01101383 -0.01251245 -0.04852005
v 0.01420182 -0.01191849 -0.04749806
v 0.01168833 -0.01073057 -0.04853569
v 0.01476101 -0.00699250 -0.04792563
v 0.01572375 -0.00690857 -0.04763885
v 0.01616188 -0.00654058 -0.04753456
v 0.01532597 -0.00886476 -0.04756585
v 0.01525103 -0.00937479 -0.04753456
v 0.01796053 -0.00916174 -0.04656993
v 0.01734945 -0.00979444 -0.04668985
v 0.01403464 -0.01259638 -0.04742506
v 0.01684791 -0.01166024 -0.04650214
v 0.01622530 -0.01222838 -0.04662207
v 0.01436900 -0.01502386 -0.04663250
v 0.01657119 -0.01256410 -0.04639264
v 0.01762617 -0.01264157 -0.04590772
v 0.01411535 -0.01564364 -0.04651257
v 0.01538939 -0.01602455 -0.04574086
v 0.01477254 -0.01633444 -0.04589729
v 0.01477254 -0.01727057 -0.04545930
v 0.01239741 -0.02237087 -0.04378552
v 0.01288742 -0.02216428 -0.04365517
v 0.01203422 -0.02290673 -0.04363953
v 0.01259918 -0.02347486 -0.04296689
v 0.01107148 -0.02380412 -0.04355610
v 0.01036817 -0.02412047 -0.04370210
v 0.01571799 -0.01727703 -0.04499001
v 0.01604082 -0.01759338 -0.04466673
v 0.01785676 -0.01755464 -0.04369688
v 0.01723415 -0.01785808 -0.04386895
v 0.01689979 -0.01847786 -0.04369167
v 0.01532597 -0.01968515 -0.04385331
v 0.01470913 -0.02002086 -0.04399409
v 0.01613306 -0.02050507 -0.04284696
v 0.01356192 -0.02258393 -0.04299296
v 0.01710156 -0.01960122 -0.04286782
v 0.01014334 -0.02475317 -0.04335796
v 0.00991274 -0.02538586 -0.04300860
v 0.00915754 -0.02499204 -0.04365517
v 0.00912872 -0.02568284 -0.04314939
v 0.00827551 -0.02565056 -0.04354045
v 0.00822939 -0.02678038 -0.04260711
v 0.00878859 -0.02617350 -0.04290953
v 0.01009722 -0.02723876 -0.04120969
v 0.00912872 -0.02657378 -0.04238289
v 0.00946308 -0.02697406 -0.04184061
v 0.01183245 -0.00979444 -0.04856177
v 0.01195928 -0.00699250 -0.04865040
v -0.02806636 0.00512555 -0.04893197
v -0.02722469 0.00606169 -0.04893719
v -0.02348904 0.01165910 -0.04892155
v -0.02255513 0.01259524 -0.04892155
v -0.02255513 0.01539072 -0.04882247
v -0.01882524 0.01632685 -0.04882247
v -0.01602351 0.01632685 -0.04887462
v -0.02255513 0.01446104 -0.04889026
v -0.01416145 0.01725652 -0.04881205
v -0.02255513 0.01352491 -0.04891112
v -0.01416145 0.01819265 -0.04870777
v -0.01135971 0.01819265 -0.04873384
v -0.00482809 0.01632685 -0.04887462
v -0.00855797 0.01725652 -0.04882247
v -0.01042580 0.01819265 -0.04873384
v -0.00296026 0.01632685 -0.04884855
v 0.00356560 0.01539072 -0.04882769
v 0.00636157 0.01446104 -0.04882247
v 0.00728971 0.01446104 -0.04878598
v 0.00822939 0.01352491 -0.04879119
v 0.01009722 0.01259524 -0.04865562
v 0.01102536 0.01072943 -0.04865040
v 0.01102536 0.00979330 -0.04869733
v 0.01102536 0.00886362 -0.04872341
v 0.01102536 0.00699136 -0.04876512
v 0.01195928 0.00419588 -0.04872341
v 0.01195928 0.00325975 -0.04873905
v 0.01195928 0.00233007 -0.04874948
v 0.01195928 0.00046427 -0.04875990
v 0.01195928 -0.00046541 -0.04875990
v 0.01195928 -0.00139508 -0.04875469
v 0.01288742 -0.00233121 -0.04859305
v 0.01282401 -0.00419702 -0.04856698
v 0.01271448 -0.00606283 -0.04853569
v 0.01050652 -0.02796829 -0.04002606
v 0.01014910 -0.02774879 -0.04053184
v 0.01102536 -0.02784563 -0.03985920
v 0.01198234 -0.02754219 -0.03960892
v 0.01221293 -0.02787791 -0.03895193
v 0.01288742 -0.02768422 -0.03864950
v 0.01630601 -0.02808450 -0.03306505
v 0.01648472 -0.02819425 -0.03213171
v 0.01669225 -0.02824590 -0.03121400
v 0.01662884 -0.02841376 -0.03027022
v 0.01337744 -0.02707090 -0.03914485
v 0.01374639 -0.02720002 -0.03858172
v 0.01431135 -0.02707090 -0.03821672
v 0.01586787 -0.02681266 -0.03679845
v 0.01607541 -0.02698697 -0.03621445
v 0.01466301 -0.02652213 -0.03857129
v 0.01531445 -0.02620578 -0.03830015
v 0.01557963 -0.02650276 -0.03761187
v 0.01620800 -0.02617350 -0.03733030
v 0.01647895 -0.02730332 -0.03493175
v 0.01725721 -0.02628326 -0.03564610
v 0.01694591 -0.02692887 -0.03493175
v 0.01664037 -0.02753574 -0.03402447
v 0.01723415 -0.02717419 -0.03381590
v 0.01677873 -0.02776815 -0.03306505
v 0.01662884 -0.02849769 -0.02933166
v 0.01727451 -0.02811033 -0.02933166
v 0.01729757 -0.02812969 -0.02840352
v 0.01728604 -0.02811678 -0.02746496
v 0.01723992 -0.02809096 -0.02653161
v 0.01716498 -0.02803931 -0.02575991
v 0.01751087 -0.02774233 -0.02551484
v 0.01756275 -0.02753574 -0.02467013
v 0.01888868 -0.02511471 -0.02154680
v 0.01917116 -0.02448201 -0.02094195
v 0.02067003 -0.02222238 -0.01983132
v 0.02094674 -0.02160260 -0.01934639
v 0.02165006 -0.02040177 -0.01879369
v 0.02136758 -0.02014353 -0.01803241
v 0.02102745 -0.02075040 -0.01831919
v 0.01161338 -0.01044005 0.00430017
v 0.02260703 -0.01761275 -0.01687485
v 0.02283186 -0.01699296 -0.01651506
v 0.02343718 -0.01746426 -0.01797505
v 0.02365624 -0.01683802 -0.01762570
v 0.02346024 -0.01652813 -0.01700520
v 0.02314893 -0.01630862 -0.01630128
v 0.02365048 -0.01496575 -0.01577986
v 0.02362742 -0.01399734 -0.01487779
v 0.01200540 -0.00983317 0.00430017
v 0.02191525 -0.01977553 -0.01837133
v 0.02224384 -0.01915575 -0.01811583
v 0.02257821 -0.01850369 -0.01785512
v 0.01809312 -0.02711609 -0.02467013
v 0.01905009 -0.02621870 -0.02467013
v 0.01898092 -0.02614768 -0.02414349
v 0.01886562 -0.02603147 -0.02352300
v 0.01917116 -0.02542460 -0.02280343
v 0.01964388 -0.02492103 -0.02280343
v 0.01995518 -0.02432707 -0.02221423
v 0.01979953 -0.02415921 -0.02159373
v -0.02806636 -0.00233121 -0.00480389
v -0.01531442 -0.00133052 0.00430017
v 0.01717651 -0.01042713 -0.04663250
v 0.01239164 -0.00914237 -0.04845227
v 0.01476101 -0.00606283 -0.04799341
v 0.01568916 -0.00606283 -0.04771184
v 0.01636365 -0.00419702 -0.04759713
v 0.01682485 -0.00419702 -0.04744592
v 0.01756275 -0.00419702 -0.04720085
v 0.01756275 -0.00606283 -0.04708092
v 0.01756275 -0.00699250 -0.04699228
v 0.01807006 -0.00853550 -0.04661686
v 0.01988024 -0.00928441 -0.04565744
v 0.01849666 -0.00979444 -0.04620493
v 0.01780488 -0.00979444 -0.04650736
v 0.02073921 -0.00699250 -0.04562094
v 0.01752240 -0.01073702 -0.04642393
v 0.01756275 -0.01166024 -0.04619450
v 0.01626565 -0.01505614 -0.04570958
v 0.01797782 -0.01298374 -0.04564179
v 0.01730910 -0.01352605 -0.04576694
v 0.01688826 -0.01465586 -0.04555837
v 0.01816807 -0.01236396 -0.04573043
v 0.01600623 -0.01567592 -0.04558965
v 0.01724568 -0.01600518 -0.04480752
v 0.01270871 -0.02449492 -0.04211697
v 0.01220717 -0.02409465 -0.04273746
v 0.01158456 -0.02432707 -0.04291475
v 0.01322179 -0.02320371 -0.04277396
v 0.01102536 -0.02452720 -0.04306596
v 0.01786253 -0.01566947 -0.04464587
v 0.01847360 -0.01629571 -0.04401495
v 0.01814500 -0.01692840 -0.04386895
v 0.01895209 -0.01771604 -0.04285739
v 0.01826030 -0.01819379 -0.04302425
v 0.01755122 -0.01818088 -0.04349353
v 0.01903857 -0.01595999 -0.04385331
v 0.01876761 -0.01657977 -0.04367081
v 0.01923457 -0.01708980 -0.04305032
v 0.01527985 -0.02244835 -0.04197097
v 0.01747051 -0.01903954 -0.04299296
v 0.01803547 -0.01866509 -0.04286782
v 0.01909045 -0.01878775 -0.04202833
v 0.01815077 -0.01971097 -0.04202311
v 0.01746475 -0.01996921 -0.04232554
v 0.01624836 -0.02153804 -0.04199183
v 0.01052958 -0.02517281 -0.04285218
v 0.01016639 -0.02568284 -0.04263839
v 0.00941119 -0.02600565 -0.04276353
v 0.01064488 -0.02710318 -0.04105326
v 0.01099078 -0.02734851 -0.04054227
v 0.01009722 -0.02632845 -0.04212218
v 0.01063912 -0.02617350 -0.04197618
v 0.01009722 -0.02679329 -0.04166854
v 0.01202846 -0.00884539 -0.04856177
v 0.01262224 -0.00699250 -0.04851484
v -0.02806636 0.00606169 -0.04891633
v -0.02722469 0.00792749 -0.04891112
v -0.02348904 0.01259524 -0.04891112
v -0.02348904 0.01539072 -0.04876512
v -0.02255513 0.01632685 -0.04867648
v -0.01975915 0.01725652 -0.04868169
v -0.01882524 0.01725652 -0.04871819
v -0.02348904 0.01446104 -0.04885898
v -0.01602351 0.01725652 -0.04878598
v -0.01508959 0.01725652 -0.04880162
v -0.02722469 0.00886362 -0.04889548
v -0.01508959 0.01819265 -0.04869212
v -0.01416145 0.01909650 -0.04855134
v -0.01135971 0.01912233 -0.04857741
v -0.00855797 0.01819265 -0.04872341
v -0.01042580 0.01912233 -0.04857741
v -0.00109820 0.01632685 -0.04881726
v -0.00016429 0.01632685 -0.04879641
v 0.00263168 0.01632685 -0.04872341
v 0.00449951 0.01539072 -0.04880162
v 0.00636157 0.01539072 -0.04873905
v 0.00822939 0.01446104 -0.04868691
v 0.00728971 0.01539072 -0.04867648
v 0.01016639 0.01360238 -0.04854612
v 0.01071406 0.01334414 -0.04850441
v 0.01101960 0.01251776 -0.04852526
v 0.01102536 0.01165910 -0.04859305
v 0.01169986 0.01072943 -0.04853569
v 0.01183822 0.00979330 -0.04856698
v 0.01195928 0.00699136 -0.04865562
v 0.01195928 0.00606169 -0.04868691
v 0.01282978 0.00419588 -0.04856698
v 0.01288742 0.00233007 -0.04859305
v 0.01288742 0.00046427 -0.04860869
v 0.01288742 -0.00046541 -0.04860869
v 0.01337168 -0.00289935 -0.04846791
v 0.01297390 -0.00323506 -0.04855656
v 0.01389052 -0.00046541 -0.04836362
v 0.01476101 -0.00046541 -0.04814984
v 0.01334285 -0.00352559 -0.04845748
v 0.01476101 -0.00326089 -0.04810813
v 0.01476101 -0.00419702 -0.04807684
v 0.01317567 -0.00606283 -0.04841577
v 0.01175174 -0.02720002 -0.04023463
v 0.01237435 -0.02702571 -0.04002085
v 0.01288742 -0.02721293 -0.03934300
v 0.01694591 -0.02789082 -0.03213171
v 0.01704391 -0.02796184 -0.03153207
v 0.01714768 -0.02802640 -0.03091157
v 0.01719956 -0.02806513 -0.03027022
v 0.01342933 -0.02617996 -0.04011992
v 0.01371757 -0.02650922 -0.03949942
v 0.01440936 -0.02621870 -0.03923350
v 0.01400005 -0.02683848 -0.03883721
v 0.01640401 -0.02634136 -0.03679845
v 0.01503196 -0.02594754 -0.03892064
v 0.01565457 -0.02562474 -0.03862343
v 0.01594282 -0.02591526 -0.03795079
v 0.01817960 -0.02347486 -0.03836793
v 0.01785100 -0.02409465 -0.03798208
v 0.01844478 -0.02375248 -0.03767965
v 0.01809889 -0.02432707 -0.03736159
v 0.01895209 -0.02424959 -0.03631874
v 0.01800088 -0.02516636 -0.03629788
v 0.01707850 -0.02704507 -0.03443640
v 0.01820266 -0.02536650 -0.03567738
v 0.01787982 -0.02598628 -0.03512468
v 0.01756275 -0.02640592 -0.03485875
v 0.01804700 -0.02614122 -0.03450418
v 0.01739557 -0.02729686 -0.03306505
v 0.01755122 -0.02678683 -0.03407662
v 0.01786253 -0.02691595 -0.03306505
v 0.01762040 -0.02738079 -0.03213171
v 0.01774146 -0.02777461 -0.02933166
v 0.01777029 -0.02780043 -0.02840352
v 0.01775299 -0.02778752 -0.02746496
v 0.01770687 -0.02774879 -0.02653161
v 0.01820266 -0.02721293 -0.02560348
v 0.02095827 -0.02254519 -0.02094195
v 0.02083721 -0.02240316 -0.02045703
v 0.02107934 -0.02191895 -0.02009203
v 0.02160394 -0.02127334 -0.02001382
v 0.02184030 -0.02061482 -0.01941418
v 0.02253209 -0.01939462 -0.01888233
v 0.02310858 -0.01812278 -0.01822533
v 0.02363318 -0.01774187 -0.01859554
v 0.02428462 -0.01632153 -0.01814191
v 0.02447486 -0.01572112 -0.01782905
v 0.02428462 -0.01540477 -0.01720334
v 0.02377731 -0.01719310 -0.01823055
v 0.02365624 -0.01590834 -0.01670278
v 0.02427308 -0.01446218 -0.01627521
v 0.02377154 -0.01436534 -0.01542007
v 0.02446333 -0.01378429 -0.01596757
v 0.02422697 -0.01349377 -0.01539400
v 0.02456133 -0.01213154 -0.01487779
v 0.01307767 -0.00798028 0.00430017
v 0.01266836 -0.00879375 0.00430017
v 0.01239164 -0.00923276 0.00430017
v 0.02277998 -0.01877484 -0.01848083
v 0.01867538 -0.02679329 -0.02560348
v 0.01963235 -0.02584424 -0.02560348
v 0.01952281 -0.02572803 -0.02467013
v 0.01915963 -0.02632845 -0.02560348
v 0.01989753 -0.02519218 -0.02420085
v 0.01938446 -0.02561182 -0.02386192
v 0.02095827 -0.02347486 -0.02280343
v 0.02175959 -0.02239670 -0.02233415
v 0.02162123 -0.02223530 -0.02171887
v 0.02070462 -0.02320371 -0.02165109
v -0.01547584 -0.00046541 0.00430017
v -0.02806636 -0.00139508 -0.00472567
v 0.01568916 -0.00419702 -0.04781092
v 0.01643860 -0.00326089 -0.04761799
v 0.01756275 -0.00326089 -0.04724778
v 0.01849666 -0.00326089 -0.04692450
v 0.01849666 -0.00419702 -0.04686714
v 0.01843325 -0.00606283 -0.04676285
v 0.01831219 -0.00699250 -0.04671592
v 0.01877914 -0.00699250 -0.04651257
v 0.01942481 -0.00699250 -0.04622057
v 0.02031837 -0.00892932 -0.04550101
v 0.02035872 -0.00979444 -0.04530287
v 0.01977070 -0.00979444 -0.04560529
v 0.01942481 -0.01080804 -0.04553229
v 0.02081415 -0.00648893 -0.04565744
v 0.02128687 -0.00699250 -0.04529765
v 0.02128687 -0.00792863 -0.04512558
v 0.02133299 -0.00876792 -0.04494309
v 0.02057203 -0.00792863 -0.04554272
v 0.01835831 -0.01166024 -0.04582429
v 0.01659425 -0.01537894 -0.04541758
v 0.01949975 -0.01265448 -0.04499523
v 0.01985718 -0.01300311 -0.04470844
v 0.01849666 -0.01352605 -0.04518815
v 0.01899244 -0.01403608 -0.04475016
v 0.01942481 -0.01166024 -0.04530808
v 0.01812771 -0.01504323 -0.04478144
v 0.01382710 -0.02355234 -0.04210654
v 0.01333132 -0.02423023 -0.04190840
v 0.01296813 -0.02477254 -0.04171547
v 0.01233400 -0.02511471 -0.04186669
v 0.01171139 -0.02535358 -0.04206483
v 0.01102536 -0.02499850 -0.04272182
v 0.01431135 -0.02333929 -0.04194490
v 0.01845631 -0.01537249 -0.04446337
v 0.01985718 -0.01674763 -0.04283653
v 0.01949975 -0.01734805 -0.04270096
v 0.01941328 -0.01816797 -0.04221604
v 0.01872726 -0.01819379 -0.04269575
v 0.02073344 -0.01573403 -0.04279482
v 0.02011083 -0.01612785 -0.04301903
v 0.01944787 -0.01635381 -0.04334753
v 0.01925186 -0.01539186 -0.04398888
v 0.01971882 -0.01539186 -0.04367081
v 0.02039908 -0.01541122 -0.04319110
v 0.01438630 -0.02434644 -0.04106891
v 0.01998977 -0.01784516 -0.04200747
v 0.01971306 -0.01846495 -0.04178326
v 0.01877338 -0.01940754 -0.04178326
v 0.01822571 -0.02071812 -0.04115234
v 0.01781641 -0.02033076 -0.04177804
v 0.01719956 -0.02062773 -0.04200747
v 0.01098501 -0.02566347 -0.04221082
v 0.01095619 -0.02654796 -0.04142347
v 0.01126749 -0.02692241 -0.04086034
v 0.01126172 -0.02597337 -0.04179890
v -0.02806636 0.00783711 -0.04887984
v -0.02535686 0.01539072 -0.04859305
v -0.02348904 0.01632685 -0.04860348
v -0.02629078 0.01446104 -0.04865040
v -0.02255513 0.01714677 -0.04853048
v -0.02207664 0.01772136 -0.04846269
v -0.01975915 0.01805062 -0.04854091
v -0.01883101 0.01826367 -0.04855134
v -0.01789133 0.01819265 -0.04860348
v -0.01602351 0.01819265 -0.04866605
v -0.02722469 0.00979330 -0.04886419
v -0.02629078 0.01165910 -0.04883812
v -0.02629078 0.01259524 -0.04879641
v -0.02629078 0.01352491 -0.04873905
v -0.01508959 0.01904486 -0.04854091
v -0.01416145 0.01956134 -0.04845748
v -0.01356766 0.01958071 -0.04846269
v -0.01135971 0.01964527 -0.04847312
v -0.00669591 0.01819265 -0.04869212
v -0.00855797 0.01912233 -0.04856698
v -0.00767018 0.01919980 -0.04854091
v -0.00669591 0.01905131 -0.04855134
v -0.01042580 0.01964527 -0.04847312
v -0.00949188 0.01963236 -0.04847312
v -0.00482809 0.01819265 -0.04865040
v 0.00356560 0.01632685 -0.04868691
v -0.00389417 0.01819265 -0.04862434
v -0.00482809 0.01894156 -0.04853048
v -0.00389417 0.01887054 -0.04850962
v -0.00224542 0.01870268 -0.04847833
v 0.00636157 0.01620418 -0.04857741
v 0.01052958 0.01397038 -0.04845748
v 0.00824092 0.01541654 -0.04855134
v 0.00728971 0.01606860 -0.04853569
v 0.00793538 0.01593303 -0.04848877
v 0.01133667 0.01278246 -0.04842098
v 0.01150962 0.01215622 -0.04846791
v 0.01156727 0.01165910 -0.04849398
v 0.01476101 0.00699136 -0.04793084
v 0.01476101 0.00606169 -0.04799341
v 0.01262800 0.00699136 -0.04851484
v 0.01271448 0.00606169 -0.04854091
v 0.01334285 0.00353090 -0.04845748
v 0.01337168 0.00290466 -0.04846791
v 0.01297390 0.00323392 -0.04855656
v 0.01476101 0.00046427 -0.04814984
v 0.01389052 0.00046427 -0.04836362
v 0.01476101 -0.00233121 -0.04812898
v 0.01568916 -0.00046541 -0.04790477
v 0.01568916 -0.00326089 -0.04785263
v 0.01568916 -0.00233121 -0.04787870
v 0.01206305 -0.02666416 -0.04060484
v 0.01238588 -0.02609603 -0.04096984
v 0.01288742 -0.02637364 -0.04031806
v 0.01749934 -0.02769714 -0.03121400
v 0.01767229 -0.02772296 -0.03027022
v 0.01288742 -0.02590235 -0.04078734
v 0.01340627 -0.02523092 -0.04103762
v 0.01373486 -0.02557309 -0.04045884
v 0.01440936 -0.02529548 -0.04016684
v 0.01404617 -0.02591526 -0.03985920
v 0.01472066 -0.02562474 -0.03956199
v 0.01537209 -0.02532776 -0.03926999
v 0.01979953 -0.02137018 -0.03903014
v 0.01911927 -0.02255164 -0.03838358
v 0.01879644 -0.02317143 -0.03799251
v 0.01939022 -0.02282926 -0.03768487
v 0.01998401 -0.02248063 -0.03738244
v 0.01989753 -0.02332637 -0.03633438
v 0.01913657 -0.02443682 -0.03569824
v 0.01881950 -0.02505660 -0.03514553
v 0.01899244 -0.02522446 -0.03452504
v 0.01864079 -0.02581842 -0.03399840
v 0.01816807 -0.02625743 -0.03399840
v 0.01797782 -0.02701279 -0.03244977
v 0.01838137 -0.02644466 -0.03306505
v 0.01808159 -0.02710318 -0.03182406
v 0.01832372 -0.02730977 -0.02933166
v 0.01835254 -0.02732914 -0.02840352
v 0.01834101 -0.02732269 -0.02746496
v 0.01828913 -0.02728395 -0.02653161
v 0.01876185 -0.02687722 -0.02653161
v 0.02189218 -0.02161551 -0.02115052
v 0.02148288 -0.02192541 -0.02088459
v 0.02173653 -0.02142829 -0.02053003
v 0.02277998 -0.02062773 -0.02124438
v 0.02245715 -0.02024683 -0.02001382
v 0.02271080 -0.01962059 -0.01950804
v 0.02290681 -0.01910410 -0.01914825
v 0.02456133 -0.01773541 -0.02046746
v 0.02423273 -0.01721893 -0.01911175
v 0.02446333 -0.01663142 -0.01881454
v 0.02406555 -0.01815506 -0.02007117
v 0.02464780 -0.01600518 -0.01845476
v 0.02483228 -0.01540477 -0.01814191
v 0.02532806 -0.01450737 -0.01808455
v 0.02465933 -0.01509488 -0.01751098
v 0.02446909 -0.01477853 -0.01689049
v 0.02465357 -0.01415875 -0.01659328
v 0.02546065 -0.01393278 -0.01773520
v 0.02529923 -0.01358416 -0.01719292
v 0.02460745 -0.01316451 -0.01573293
v 0.02513205 -0.01158923 -0.01542007
v 0.02532806 -0.01073057 -0.01515936
v 0.02465933 -0.01166024 -0.01472658
v 0.02447486 -0.01101464 -0.01405394
v 0.01310073 -0.00792863 0.00430017
v 0.01925186 -0.02641238 -0.02653161
v 0.01971882 -0.02593463 -0.02653161
v 0.02006472 -0.02537941 -0.02560348
v 0.01995518 -0.02526320 -0.02467013
v 0.02080262 -0.02423023 -0.02431035
v 0.02159241 -0.02313915 -0.02374200
v 0.02112545 -0.02365563 -0.02374200
v 0.02184607 -0.02248708 -0.02280343
v 0.02247444 -0.02212554 -0.02374200
v 0.02235914 -0.02187376 -0.02279822
v 0.02264162 -0.02139601 -0.02248537
v 0.02290681 -0.02078914 -0.02188051
v -0.01547584 0.00046427 0.00430017
v -0.02806636 -0.00039439 -0.00464746
v 0.01647319 -0.00233121 -0.04763363
v 0.01756275 -0.00233121 -0.04727906
v 0.01849666 -0.00233121 -0.04695578
v 0.01913080 -0.00326089 -0.04667421
v 0.01906162 -0.00419702 -0.04664293
v 0.01889444 -0.00606283 -0.04656993
v 0.02106781 -0.00979444 -0.04489616
v 0.02093521 -0.01048524 -0.04480230
v 0.02042790 -0.01076931 -0.04501608
v 0.02001859 -0.01238332 -0.04481273
v 0.02045096 -0.00613384 -0.04585558
v 0.02087180 -0.00586914 -0.04568351
v 0.02147711 -0.00419702 -0.04550101
v 0.02122346 -0.00613384 -0.04545408
v 0.02196713 -0.00699250 -0.04487009
v 0.02207090 -0.00606283 -0.04493787
v 0.02166159 -0.00901971 -0.04467194
v 0.02182877 -0.00792863 -0.04478144
v 0.02230149 -0.00792863 -0.04447380
v 0.02094674 -0.01323553 -0.04387938
v 0.02010507 -0.01429432 -0.04394195
v 0.01874455 -0.01466232 -0.04461980
v 0.02111969 -0.01259638 -0.04399409
v 0.02158665 -0.01259638 -0.04367603
v 0.01382710 -0.02401717 -0.04173633
v 0.01205152 -0.02572158 -0.04152255
v 0.02087180 -0.01685093 -0.04197097
v 0.02039908 -0.01639255 -0.04264360
v 0.02173077 -0.01581796 -0.04190318
v 0.02106781 -0.01632799 -0.04214304
v 0.02179418 -0.01406190 -0.04289910
v 0.02134452 -0.01546287 -0.04244547
v 0.01988600 -0.01491411 -0.04379074
v 0.01789135 -0.02133790 -0.04088119
v 0.01470913 -0.02467569 -0.04049012
v 0.01403464 -0.02496622 -0.04078734
v 0.02061238 -0.01747071 -0.04173633
v 0.02034143 -0.01816797 -0.04144954
v 0.02006472 -0.01884586 -0.04115755
v 0.01915386 -0.01978844 -0.04116276
v 0.01884832 -0.02041468 -0.04089162
v 0.01176327 -0.02630263 -0.04117840
v -0.02806636 0.00876678 -0.04884855
v -0.02619854 0.01537780 -0.04851484
v -0.02401364 0.01681751 -0.04846791
v -0.02348904 0.01693372 -0.04849398
v -0.02722469 0.01352491 -0.04862955
v -0.02720163 0.01440294 -0.04853569
v -0.02687303 0.01505500 -0.04849398
v -0.02255513 0.01761161 -0.04843662
v -0.02069307 0.02216314 -0.04747720
v -0.01942479 0.02243430 -0.04754499
v -0.01882524 0.02254405 -0.04757628
v -0.01882524 0.02192427 -0.04772749
v -0.01789133 0.02192427 -0.04780049
v -0.01852547 0.01870914 -0.04847312
v -0.01789133 0.01877370 -0.04848877
v -0.01602351 0.01896093 -0.04852526
v -0.02722469 0.01072943 -0.04882247
v -0.02722469 0.01165910 -0.04878076
v -0.02722469 0.01259524 -0.04870777
v -0.01508959 0.01950969 -0.04844705
v -0.01508959 0.02005846 -0.04833234
v -0.01416145 0.02192427 -0.04795691
v -0.01229362 0.02009074 -0.04837405
v -0.01135971 0.02011011 -0.04837405
v -0.00855797 0.02008428 -0.04836884
v -0.00767018 0.01996807 -0.04837927
v -0.01042580 0.02011011 -0.04837405
v -0.01042580 0.02098813 -0.04818634
v -0.00762982 0.02286040 -0.04774313
v -0.00576200 0.02286040 -0.04768056
v -0.00506445 0.02336397 -0.04753977
v -0.00109820 0.01857356 -0.04844705
v -0.00444184 0.02330587 -0.04752413
v -0.00296026 0.02305408 -0.04747199
v 0.01016639 0.01451915 -0.04842620
v 0.01009722 0.01539072 -0.04825934
v 0.01102536 0.01446104 -0.04820720
v 0.00957838 0.01486777 -0.04845227
v 0.00855799 0.01574580 -0.04844184
v -0.00109820 0.02286040 -0.04735728
v -0.00109820 0.02379007 -0.04707049
v 0.00081574 0.02386755 -0.04677850
v 0.00169201 0.02364158 -0.04673157
v 0.00915754 0.01632685 -0.04813941
v 0.01187857 0.01251776 -0.04826977
v 0.01796053 0.00916060 -0.04656993
v 0.01525103 0.00937365 -0.04753456
v 0.01532597 0.00886362 -0.04756585
v 0.01616188 0.00653944 -0.04753456
v 0.01572375 0.00690743 -0.04763885
v 0.01568916 0.00606169 -0.04771184
v 0.01568916 0.00419588 -0.04781092
v 0.01476101 0.00419588 -0.04807684
v 0.01476101 0.00325975 -0.04810813
v 0.01476101 0.00233007 -0.04812898
v 0.01568916 0.00046427 -0.04790477
v 0.01652507 -0.00046541 -0.04764927
v 0.01815654 -0.02717419 -0.03119836
v 0.01826030 -0.02725167 -0.03027022
v 0.01728604 -0.02257747 -0.04023463
v 0.01503196 -0.02501141 -0.03989049
v 0.01790288 -0.02228049 -0.03994785
v 0.01918269 -0.02166071 -0.03934300
v 0.01948823 -0.02105384 -0.03966106
v 0.02009930 -0.02075040 -0.03934821
v 0.02101016 -0.01979490 -0.03934300
v 0.02072191 -0.02041468 -0.03900407
v 0.02038755 -0.02102801 -0.03870686
v 0.02005319 -0.02162197 -0.03840443
v 0.01974188 -0.02224175 -0.03800293
v 0.02032990 -0.02189958 -0.03769530
v 0.02091216 -0.02155095 -0.03738244
v 0.02065850 -0.02222238 -0.03679845
v 0.02081415 -0.02238379 -0.03631874
v 0.02177689 -0.02241607 -0.03450418
v 0.02068156 -0.02318434 -0.03514032
v 0.02002436 -0.02345549 -0.03586510
v 0.01975917 -0.02412047 -0.03514553
v 0.01937293 -0.02467569 -0.03483789
v 0.01911927 -0.02535358 -0.03399840
v 0.02085450 -0.02335220 -0.03451461
v 0.01884832 -0.02601856 -0.03306505
v 0.01894056 -0.02610249 -0.03254363
v 0.01903857 -0.02620578 -0.03192313
v 0.01862926 -0.02676101 -0.03119836
v 0.01878491 -0.02690950 -0.02933166
v 0.01881950 -0.02692887 -0.02840352
v 0.01880797 -0.02691595 -0.02746496
v 0.02337376 -0.02020163 -0.02188051
v 0.02363895 -0.01961413 -0.02137995
v 0.02313164 -0.02002732 -0.02099931
v 0.02348906 -0.01940754 -0.02075945
v 0.02471122 -0.01721893 -0.02009724
v 0.02467086 -0.01789036 -0.02094195
v 0.02537994 -0.01659914 -0.02074902
v 0.02460745 -0.01687675 -0.01943504
v 0.02522429 -0.01630216 -0.02001903
v 0.02559901 -0.01510779 -0.01932554
v 0.02528770 -0.01540477 -0.01903875
v 0.02544912 -0.01484955 -0.01870504
v 0.02484957 -0.01446218 -0.01720334
v 0.02637727 -0.01387468 -0.01965403
v 0.02577772 -0.01358416 -0.01808455
v 0.02635421 -0.01195722 -0.01783427
v 0.02648680 -0.01133744 -0.01756834
v 0.02616973 -0.01165379 -0.01723463
v 0.02559901 -0.01330654 -0.01749534
v 0.02561054 -0.01422331 -0.01836090
v 0.02566242 -0.01158923 -0.01630649
v 0.02550677 -0.01123414 -0.01578507
v 0.02483228 -0.01071120 -0.01438766
v 0.02560478 -0.01073057 -0.01561821
v 0.02544336 -0.01010433 -0.01496643
v 0.02461321 -0.01038840 -0.01387145
v 0.01331979 -0.00739923 0.00430017
v 0.01929222 -0.02645112 -0.02746496
v 0.01975917 -0.02598628 -0.02746496
v 0.02015119 -0.02546979 -0.02653161
v 0.02061238 -0.02495976 -0.02653161
v 0.02053167 -0.02486292 -0.02560348
v 0.02087756 -0.02431415 -0.02493084
v 0.02049132 -0.02466278 -0.02463885
v 0.02177689 -0.02334574 -0.02506120
v 0.02169618 -0.02326181 -0.02443549
v 0.02200748 -0.02267431 -0.02374200
v 0.02260703 -0.02228695 -0.02467013
v 0.02286069 -0.02166071 -0.02374200
v 0.02362742 -0.02053089 -0.02326750
v 0.02351788 -0.02038240 -0.02264701
v -0.01531442 0.00132938 0.00430017
v -0.02806636 0.00233007 -0.00480389
v -0.02806636 0.00139394 -0.00472567
v -0.02806636 0.00050300 -0.00465267
v -0.02806636 0.00039325 -0.00464746
v 0.01699203 -0.00046541 -0.04749806
v 0.01756275 -0.00046541 -0.04731035
v 0.01849666 -0.00046541 -0.04699228
v 0.01921728 -0.00046541 -0.04671071
v 0.01915963 -0.00233121 -0.04668985
v 0.02035872 -0.00233121 -0.04615800
v 0.01959776 -0.00326089 -0.04646564
v 0.02035872 -0.00419702 -0.04605893
v 0.02264739 -0.01013661 -0.04376467
v 0.02250903 -0.01073057 -0.04367081
v 0.02101016 -0.00419702 -0.04575651
v 0.02230149 -0.00420348 -0.04498480
v 0.02215160 -0.00512669 -0.04498480
v 0.02139640 -0.00512669 -0.04545408
v 0.02154053 -0.00326089 -0.04554272
v 0.02222655 -0.00326089 -0.04512037
v 0.02365048 -0.00663096 -0.04381160
v 0.02321811 -0.00696022 -0.04404624
v 0.02316046 -0.00512669 -0.04432259
v 0.02316046 -0.00606283 -0.04421309
v 0.02272233 -0.00389358 -0.04475016
v 0.02274539 -0.00951037 -0.04383767
v 0.02356977 -0.00725074 -0.04375424
v 0.02299328 -0.00792863 -0.04400452
v 0.02284916 -0.00886476 -0.04390545
v 0.02196136 -0.01352605 -0.04302425
v 0.02226690 -0.01257055 -0.04317024
v 0.02154053 -0.01632799 -0.04172590
v 0.02182877 -0.01688321 -0.04106369
v 0.02122346 -0.01718019 -0.04140262
v 0.02193831 -0.01519172 -0.04209611
v 0.02255515 -0.01472688 -0.04180933
v 0.02371389 -0.01413938 -0.04108976
v 0.02288951 -0.01521754 -0.04118362
v 0.02267621 -0.01583733 -0.04098027
v 0.02203631 -0.01632799 -0.04126183
v 0.02242256 -0.01352605 -0.04261754
v 0.02276268 -0.01410064 -0.04199704
v 0.01823724 -0.02165425 -0.04026070
v 0.02094674 -0.01787745 -0.04111583
v 0.02068156 -0.01849723 -0.04086555
v 0.02101016 -0.01886522 -0.04023984
v 0.02039908 -0.01916866 -0.04056313
v 0.01977070 -0.01946564 -0.04088641
v 0.01979953 -0.02042760 -0.03997392
v 0.01917116 -0.02073749 -0.04027113
v 0.01885985 -0.02135727 -0.03996349
v 0.02011083 -0.01980781 -0.04026070
v -0.02806636 0.00979330 -0.04879641
v -0.02645219 0.01567478 -0.04842098
v -0.02582959 0.01586201 -0.04846269
v -0.02535686 0.01644951 -0.04840013
v -0.02436530 0.01717905 -0.04833755
v -0.02774929 0.01405431 -0.04847833
v -0.02806636 0.01165910 -0.04867648
v -0.02806636 0.01298260 -0.04853569
v -0.02806636 0.01539072 -0.04810291
v -0.02720163 0.01537780 -0.04833234
v -0.02722469 0.01632685 -0.04808727
v -0.02619854 0.01623646 -0.04833234
v -0.02806636 0.01437066 -0.04833755
v -0.02163851 0.02188553 -0.04741985
v -0.02162698 0.02286040 -0.04707571
v -0.02069307 0.02286040 -0.04722692
v -0.01974186 0.02278938 -0.04737813
v -0.01882524 0.02300889 -0.04741985
v -0.02004740 0.02231163 -0.04750849
v -0.02535686 0.01725652 -0.04819677
v -0.01789133 0.02315092 -0.04747720
v -0.01789133 0.02268608 -0.04761799
v -0.01695742 0.02279584 -0.04764406
v -0.01508959 0.02286040 -0.04772227
v -0.01602351 0.02192427 -0.04788913
v -0.01789133 0.02005846 -0.04821241
v -0.01789133 0.01924499 -0.04838970
v -0.01602351 0.02005846 -0.04829584
v -0.02806636 0.01072943 -0.04873905
v -0.01508959 0.02098813 -0.04813420
v -0.01229362 0.02098813 -0.04818113
v -0.01508959 0.02192427 -0.04793084
v -0.01416145 0.02286040 -0.04774835
v -0.01322753 0.02286040 -0.04776399
v -0.01135971 0.02098813 -0.04818634
v -0.00855797 0.02286040 -0.04776399
v -0.01135971 0.02286040 -0.04777963
v -0.00762982 0.02350600 -0.04758670
v -0.00576200 0.02340271 -0.04755542
v -0.00576200 0.02387400 -0.04739899
v -0.00478773 0.02371906 -0.04740421
v -0.00389417 0.02379007 -0.04732078
v -0.00202635 0.02379007 -0.04716956
v 0.00922672 0.01541654 -0.04840013
v 0.01009722 0.01632685 -0.04794127
v 0.01102536 0.01539072 -0.04797777
v 0.01341780 0.01315046 -0.04755542
v 0.01195928 0.01352491 -0.04804034
v 0.01242623 0.01492588 -0.04752935
v -0.00109820 0.02452606 -0.04674721
v 0.00115011 0.02422909 -0.04658557
v 0.00245874 0.02346727 -0.04665857
v 0.00961873 0.01772136 -0.04752935
v 0.01420182 0.01191735 -0.04749806
v 0.01734945 0.00979330 -0.04668985
v 0.01781641 0.00979330 -0.04650736
v 0.01849666 0.00979330 -0.04620493
v 0.01988024 0.00928327 -0.04565744
v 0.02073921 0.00699136 -0.04562094
v 0.01807006 0.00853436 -0.04661686
v 0.01756275 0.00699136 -0.04699749
v 0.01756275 0.00606169 -0.04708092
v 0.01756275 0.00419588 -0.04720085
v 0.01682485 0.00419588 -0.04744592
v 0.01636365 0.00419588 -0.04759713
v 0.01643860 0.00325975 -0.04761799
v 0.01568916 0.00325975 -0.04785263
v 0.01568916 0.00233007 -0.04787870
v 0.01652507 0.00046427 -0.04764927
v 0.01872726 -0.02684494 -0.03027022
v 0.02072768 -0.01949146 -0.03996870
v 0.02132146 -0.01915575 -0.03963499
v 0.02163276 -0.01944627 -0.03897278
v 0.02129840 -0.02007251 -0.03868078
v 0.02159241 -0.02035012 -0.03798208
v 0.02125805 -0.02095054 -0.03768487
v 0.02110240 -0.02175755 -0.03679845
v 0.02182877 -0.02060191 -0.03736159
v 0.02156359 -0.02126043 -0.03679845
v 0.02173077 -0.02142183 -0.03627181
v 0.02226114 -0.02103447 -0.03592767
v 0.02278574 -0.02064065 -0.03558353
v 0.02294140 -0.02082142 -0.03493175
v 0.02266468 -0.02142829 -0.03438425
v 0.02238797 -0.02188667 -0.03404533
v 0.02186336 -0.02251291 -0.03399840
v 0.02022037 -0.02460468 -0.03306505
v 0.01931528 -0.02555372 -0.03306505
v 0.01958046 -0.02488229 -0.03399840
v 0.01945940 -0.02568930 -0.03222556
v 0.01997248 -0.02527611 -0.03190228
v 0.01960352 -0.02583133 -0.03119836
v 0.01913657 -0.02629617 -0.03119836
v 0.01922304 -0.02638010 -0.03027022
v 0.01928069 -0.02643820 -0.02933166
v 0.01930375 -0.02646403 -0.02840352
v 0.02373119 -0.01973680 -0.02188051
v 0.02448639 -0.01855533 -0.02163023
v 0.02481499 -0.01822607 -0.02191701
v 0.02531653 -0.01743198 -0.02188051
v 0.02550677 -0.01681865 -0.02137473
v 0.02513782 -0.01718019 -0.02101495
v 0.02617550 -0.01535958 -0.02094195
v 0.02636574 -0.01481081 -0.02063431
v 0.02555866 -0.01597936 -0.02033189
v 0.02574890 -0.01540477 -0.02001903
v 0.02578349 -0.01450737 -0.01903875
v 0.02665975 -0.01354542 -0.01998774
v 0.02725930 -0.01189266 -0.01976875
v 0.02662516 -0.01165379 -0.01814712
v 0.02636574 -0.01291918 -0.01874676
v 0.02651563 -0.01418457 -0.02027974
v 0.02738613 -0.01126642 -0.01947675
v 0.02695953 -0.01073057 -0.01814712
v 0.02659057 -0.01073057 -0.01735977
v 0.02634268 -0.01073057 -0.01689570
v 0.02598526 -0.01073057 -0.01627521
v 0.02642339 -0.01025928 -0.01674449
v 0.02573737 -0.00979444 -0.01530536
v 0.02554136 -0.00948455 -0.01479958
v 0.02544912 -0.00826435 -0.01401744
v 0.02534536 -0.00886476 -0.01416866
v 0.02521853 -0.00979444 -0.01446065
v 0.02472275 -0.00979444 -0.01372545
v 0.01383286 -0.00606283 0.00430017
v 0.01351580 -0.00691503 0.00430017
v 0.01977070 -0.02599273 -0.02840352
v 0.02067003 -0.02501786 -0.02840352
v 0.02018578 -0.02552144 -0.02746496
v 0.02107934 -0.02454012 -0.02746496
v 0.02150017 -0.02397198 -0.02653161
v 0.02182877 -0.02340385 -0.02560348
v 0.02238797 -0.02297129 -0.02653161
v 0.02236491 -0.02279052 -0.02558784
v 0.02266468 -0.02236442 -0.02526455
v 0.02207090 -0.02291319 -0.02471706
v 0.02298751 -0.02182211 -0.02467013
v 0.02332764 -0.02109257 -0.02374200
v 0.02370236 -0.02062773 -0.02374200
v 0.02457286 -0.01962059 -0.02414871
v 0.02435379 -0.01930424 -0.02280343
v -0.01510112 0.00233007 0.00430017
v -0.01508959 0.00238172 0.00430017
v -0.02806636 0.00325975 -0.00495510
v 0.01699203 0.00046427 -0.04749806
v 0.01756275 0.00046427 -0.04731035
v 0.01849666 0.00046427 -0.04699228
v 0.02035872 -0.00046541 -0.04619972
v 0.01921728 0.00046427 -0.04671071
v 0.02114275 -0.00139508 -0.04581908
v 0.02111392 -0.00233121 -0.04580343
v 0.02035872 -0.00326089 -0.04612150
v 0.02346024 -0.00792863 -0.04367081
v 0.02309705 -0.00981381 -0.04347267
v 0.02371389 -0.00979444 -0.04295125
v 0.02363895 -0.01029156 -0.04287303
v 0.02317199 -0.01065310 -0.04313896
v 0.02287222 -0.01166024 -0.04302425
v 0.02274539 -0.01224775 -0.04290953
v 0.02106781 -0.00326089 -0.04578779
v 0.02157512 -0.00233121 -0.04556358
v 0.02322388 -0.00326089 -0.04446859
v 0.02160971 -0.00139508 -0.04558443
v 0.02222655 -0.00233121 -0.04516208
v 0.02369083 -0.00606283 -0.04385331
v 0.02429615 -0.00419702 -0.04356131
v 0.02479769 -0.00419702 -0.04309724
v 0.02465357 -0.00606283 -0.04295646
v 0.02459592 -0.00670843 -0.04289910
v 0.02548371 -0.00741860 -0.04192404
v 0.02308552 -0.00420348 -0.04447380
v 0.02383495 -0.00419702 -0.04395759
v 0.02398484 -0.00792863 -0.04320153
v 0.02260703 -0.01286753 -0.04278439
v 0.02250326 -0.01632799 -0.04080820
v 0.02275692 -0.01687675 -0.04014077
v 0.02216890 -0.01719310 -0.04047970
v 0.02157512 -0.01750299 -0.04082384
v 0.02339106 -0.01352605 -0.04171547
v 0.02386378 -0.01352605 -0.04124619
v 0.02448062 -0.01288690 -0.04089684
v 0.02433073 -0.01352605 -0.04071434
v 0.02458439 -0.01403608 -0.04009384
v 0.02405402 -0.01439762 -0.04048491
v 0.02351212 -0.01475916 -0.04086555
v 0.02128687 -0.01819379 -0.04053184
v 0.02188642 -0.01789036 -0.04020334
v 0.02163276 -0.01851014 -0.03992177
v -0.02806636 0.01352491 -0.04846791
v -0.02806636 0.01632685 -0.04785263
v -0.02806636 0.01695954 -0.04766492
v -0.02729387 0.01733399 -0.04775356
v -0.02629078 0.01725652 -0.04804034
v -0.02255513 0.02192427 -0.04724778
v -0.02348904 0.02192427 -0.04707049
v -0.02426153 0.02252468 -0.04666900
v -0.02259548 0.02292496 -0.04683585
v -0.02162698 0.02355120 -0.04673157
v -0.02069307 0.02369969 -0.04682021
v -0.01882524 0.02379007 -0.04704964
v -0.01646164 0.02331878 -0.04752935
v -0.01789133 0.02379007 -0.04716435
v -0.01583903 0.02336397 -0.04755020
v -0.01508959 0.02342207 -0.04756585
v -0.01416145 0.02346081 -0.04758670
v -0.01229362 0.02192427 -0.04797777
v -0.01229362 0.02351246 -0.04759713
v -0.01135971 0.02353183 -0.04760235
v -0.00855797 0.02353183 -0.04759192
v -0.00949188 0.02353183 -0.04759713
v -0.00855797 0.02399666 -0.04744070
v -0.00762982 0.02397084 -0.04743028
v -0.00669591 0.02392565 -0.04741985
v -0.00482809 0.02472620 -0.04696621
v -0.00389417 0.02472620 -0.04690364
v -0.00202635 0.02462290 -0.04679935
v 0.01061606 0.01684333 -0.04755542
v 0.01096772 0.01627520 -0.04766492
v 0.01156727 0.01592657 -0.04756063
v 0.01224752 0.01539072 -0.04745113
v 0.01622530 0.01223369 -0.04662207
v 0.01684791 0.01165910 -0.04650214
v 0.01718803 0.01042599 -0.04663250
v 0.01436900 0.01502272 -0.04663250
v 0.01762617 0.01264043 -0.04590772
v 0.01657119 0.01256296 -0.04639264
v -0.00202635 0.02508774 -0.04653343
v -0.00109820 0.02499736 -0.04647607
v 0.00169201 0.02411287 -0.04652821
v 0.00081574 0.02466810 -0.04638221
v 0.00169201 0.02472620 -0.04618407
v 0.00308134 0.02331878 -0.04659078
v 0.01009722 0.01819265 -0.04708614
v 0.01009722 0.01752768 -0.04743549
v 0.00449951 0.02379007 -0.04604329
v 0.00534695 0.02378362 -0.04581908
v 0.00614250 0.02346727 -0.04574086
v 0.00676511 0.02328004 -0.04564701
v 0.00728971 0.02310573 -0.04555837
v 0.00818327 0.02280229 -0.04539673
v 0.00886930 0.02344144 -0.04480230
v 0.00990121 0.02259570 -0.04483880
v 0.01051805 0.02236328 -0.04471366
v 0.01752240 0.01073588 -0.04642393
v 0.01977070 0.00979330 -0.04560529
v 0.01756275 0.01165910 -0.04619450
v 0.01942481 0.01080690 -0.04553229
v 0.02035872 0.00979330 -0.04530287
v 0.02031837 0.00892818 -0.04550101
v 0.02057203 0.00792749 -0.04554272
v 0.02133299 0.00876678 -0.04494309
v 0.02128687 0.00792749 -0.04512558
v 0.02128687 0.00699136 -0.04529765
v 0.02081415 0.00648779 -0.04565744
v 0.01942481 0.00699136 -0.04622057
v 0.01877914 0.00699136 -0.04651257
v 0.01831219 0.00699136 -0.04671592
v 0.01843325 0.00606169 -0.04676285
v 0.01849666 0.00419588 -0.04686714
v 0.01849666 0.00325975 -0.04692450
v 0.01756275 0.00325975 -0.04724778
v 0.01756275 0.00233007 -0.04727906
v 0.01647319 0.00233007 -0.04763363
v 0.02189218 -0.01882649 -0.03930128
v 0.02187489 -0.01972388 -0.03835229
v 0.02219196 -0.01909119 -0.03862864
v 0.02199595 -0.02078914 -0.03679845
v 0.02271656 -0.01962059 -0.03730423
v 0.02262433 -0.02044696 -0.03620402
v 0.02314893 -0.02004669 -0.03583903
v 0.02365624 -0.01964641 -0.03547403
v 0.02341412 -0.02025974 -0.03493175
v 0.02354671 -0.02042760 -0.03424347
v 0.02365624 -0.02056317 -0.03362298
v 0.02276845 -0.02155095 -0.03376376
v 0.02288375 -0.02168653 -0.03306505
v 0.02248597 -0.02215137 -0.03306505
v 0.02201901 -0.02268077 -0.03306505
v 0.02159241 -0.02314560 -0.03306505
v 0.02112545 -0.02364272 -0.03306505
v 0.02088909 -0.02432707 -0.03185535
v 0.02038178 -0.02474671 -0.03218906
v 0.01986871 -0.02516636 -0.03252799
v 0.01969000 -0.02591526 -0.03027022
v 0.02005319 -0.02536004 -0.03119836
v 0.02013389 -0.02545042 -0.03027022
v 0.01975341 -0.02597337 -0.02933166
v 0.02468239 -0.01883940 -0.02280343
v 0.02518394 -0.01813569 -0.02282429
v 0.02552983 -0.01778706 -0.02314757
v 0.02543183 -0.01761920 -0.02252708
v 0.02559325 -0.01696714 -0.02188051
v 0.02658481 -0.01521109 -0.02188051
v 0.02648104 -0.01502386 -0.02126002
v 0.02663093 -0.01448155 -0.02094195
v 0.02623315 -0.01448155 -0.01998774
v 0.02739189 -0.01221547 -0.02039446
v 0.02710365 -0.01255764 -0.02005553
v 0.02748989 -0.01161505 -0.02005553
v 0.02726506 -0.01284171 -0.02076467
v 0.02776661 -0.01073057 -0.02001382
v 0.02747260 -0.01073057 -0.01928904
v 0.02726506 -0.01073057 -0.01882497
v 0.02721895 -0.00985254 -0.01813669
v 0.02712094 -0.00881957 -0.01727113
v 0.02724777 -0.00792863 -0.01697392
v 0.02733424 -0.00732822 -0.01679663
v 0.02687305 -0.00792863 -0.01627521
v 0.02625044 -0.00792863 -0.01518543
v 0.02563936 -0.00886476 -0.01463794
v 0.02555289 -0.00764456 -0.01386102
v 0.01409805 -0.00517189 0.00430017
v 0.02018578 -0.02550853 -0.02933166
v 0.02065273 -0.02500495 -0.02933166
v 0.02109087 -0.02455303 -0.02840352
v 0.02196713 -0.02355234 -0.02746496
v 0.02243409 -0.02302294 -0.02746496
v 0.02278574 -0.02250645 -0.02653161
v 0.02272809 -0.02243544 -0.02589026
v 0.02354671 -0.02136373 -0.02560348
v 0.02382342 -0.02078268 -0.02467013
v 0.02542030 -0.01855533 -0.02467013
v 0.02562207 -0.01792264 -0.02374200
v 0.02530500 -0.01838748 -0.02374200
v 0.02429615 -0.02015644 -0.02467013
v -0.01483017 0.00323392 0.00430017
v -0.02806636 0.00335659 -0.00497596
v 0.01849666 0.00233007 -0.04695578
v 0.02116581 -0.00046541 -0.04582429
v 0.02035872 0.00046427 -0.04619972
v 0.01915963 0.00233007 -0.04668985
v 0.02035872 0.00233007 -0.04615800
v 0.02163276 -0.00046541 -0.04559486
v 0.02465933 -0.00979444 -0.04203875
v 0.02458439 -0.01033029 -0.04195533
v 0.02446333 -0.01095008 -0.04183540
v 0.02350635 -0.01091134 -0.04275310
v 0.02388684 -0.00326089 -0.04399931
v 0.02325270 -0.00233121 -0.04448945
v 0.02222655 -0.00046541 -0.04522466
v 0.02330458 -0.00046541 -0.04452073
v 0.02435379 -0.00326089 -0.04361345
v 0.02527041 -0.00419702 -0.04265403
v 0.02485534 -0.00326089 -0.04314417
v 0.02560478 -0.00606283 -0.04204397
v 0.02554136 -0.00679236 -0.04198140
v 0.02613514 -0.00610156 -0.04139740
v 0.02584690 -0.00706352 -0.04154862
v 0.02635998 -0.00699250 -0.04091248
v 0.02578925 -0.00792863 -0.04137655
v 0.02566242 -0.00886476 -0.04122012
v 0.02556442 -0.00959430 -0.04109498
v 0.02527041 -0.00886476 -0.04168419
v 0.02354671 -0.01290627 -0.04186147
v 0.02384072 -0.01166024 -0.04212740
v 0.02356977 -0.01577922 -0.03999999
v 0.02343718 -0.01641192 -0.03965063
v 0.02361589 -0.01677991 -0.03911878
v 0.02362742 -0.01772896 -0.03820108
v 0.02276268 -0.01781288 -0.03921785
v 0.02250903 -0.01750299 -0.03983835
v 0.02408861 -0.01258346 -0.04146519
v 0.02461321 -0.01226066 -0.04106369
v 0.02525312 -0.01172480 -0.04052141
v 0.02486110 -0.01258346 -0.04056313
v 0.02469392 -0.01352605 -0.04024506
v 0.02518970 -0.01353896 -0.03956721
v 0.02543183 -0.01385531 -0.03904057
v 0.02476887 -0.01439116 -0.03956199
v 0.02463051 -0.01504323 -0.03922828
v 0.02220349 -0.01816151 -0.03957242
v -0.02806636 0.01706284 -0.04762842
v -0.02806636 0.01819911 -0.04722171
v -0.02664243 0.01856711 -0.04749806
v -0.02601983 0.01880598 -0.04758670
v -0.02631384 0.01823139 -0.04770663
v -0.02451519 0.02201465 -0.04682021
v -0.02488414 0.02238910 -0.04659078
v -0.02348904 0.02315738 -0.04650214
v -0.02230724 0.02341562 -0.04664814
v -0.02162698 0.02401603 -0.04644479
v -0.02069307 0.02416452 -0.04653864
v -0.01953432 0.02431947 -0.04663771
v -0.01882524 0.02440340 -0.04669507
v -0.01789133 0.02450669 -0.04675764
v -0.01610421 0.02372551 -0.04735728
v -0.01508959 0.02388691 -0.04735206
v -0.01695742 0.02458417 -0.04680457
v -0.01695742 0.02379007 -0.04724778
v -0.01416145 0.02392565 -0.04738335
v -0.01229362 0.02397730 -0.04741985
v -0.01135971 0.02399666 -0.04743028
v -0.01042580 0.02400312 -0.04743549
v -0.00855797 0.02472620 -0.04707571
v -0.00762982 0.02472620 -0.04706528
v -0.00669591 0.02472620 -0.04703921
v -0.00576200 0.02472620 -0.04700792
v -0.00576200 0.02530725 -0.04667421
v -0.00482809 0.02527497 -0.04664814
v -0.00389417 0.02522332 -0.04661686
v -0.00340992 0.02519104 -0.04659600
v -0.00279308 0.02514585 -0.04656993
v 0.01096772 0.01719842 -0.04723214
v 0.01194198 0.01724361 -0.04678371
v 0.01190739 0.01627520 -0.04724778
v 0.01349850 0.01599759 -0.04665857
v 0.01412111 0.01564896 -0.04651257
v 0.01381557 0.01535844 -0.04676285
v 0.01688826 0.01465472 -0.04555837
v 0.01730910 0.01352491 -0.04576694
v 0.01797782 0.01298260 -0.04564179
v 0.01626565 0.01505500 -0.04570958
v 0.01816807 0.01236282 -0.04573043
v -0.00202635 0.02565588 -0.04616322
v -0.00016429 0.02487469 -0.04640829
v -0.00100020 0.02575272 -0.04597029
v 0.00076962 0.02550093 -0.04587122
v 0.00264898 0.02479076 -0.04592858
v 0.00356560 0.02456480 -0.04584515
v 0.00449951 0.02437112 -0.04573043
v 0.00356560 0.02379007 -0.04626229
v 0.00169201 0.02537181 -0.04578779
v 0.00236073 0.02526206 -0.04570958
v 0.01096195 0.01815392 -0.04675243
v 0.01161338 0.01782466 -0.04664814
v 0.00497799 0.02426782 -0.04566786
v 0.00641922 0.02378362 -0.04547494
v 0.00728971 0.02379007 -0.04518815
v 0.00814292 0.02376425 -0.04489094
v 0.00776820 0.02426782 -0.04473451
v 0.00917483 0.02376425 -0.04446859
v 0.00949190 0.02321548 -0.04467194
v 0.01016063 0.02288622 -0.04457287
v 0.01107148 0.02290559 -0.04413488
v 0.01102536 0.02214377 -0.04459373
v 0.01410958 0.01943868 -0.04464587
v 0.01353886 0.01788276 -0.04574608
v 0.01287589 0.01819265 -0.04588165
v 0.01835831 0.01165910 -0.04582429
v 0.02042790 0.01076817 -0.04501608
v 0.01942481 0.01165910 -0.04530808
v 0.02001859 0.01238218 -0.04481273
v 0.02106781 0.00979330 -0.04489616
v 0.02093521 0.01048410 -0.04480230
v 0.02166159 0.00901857 -0.04467194
v 0.02230149 0.00792749 -0.04447380
v 0.02182877 0.00792749 -0.04478144
v 0.02196713 0.00699136 -0.04487009
v 0.02207090 0.00606169 -0.04493787
v 0.02122346 0.00613270 -0.04545408
v 0.02087180 0.00586800 -0.04568351
v 0.02045096 0.00613270 -0.04585558
v 0.01889444 0.00606169 -0.04656993
v 0.02147711 0.00419588 -0.04550101
v 0.01906162 0.00419588 -0.04664293
v 0.01913080 0.00325975 -0.04667421
v 0.02275115 -0.01873610 -0.03827929
v 0.02249750 -0.01935589 -0.03792472
v 0.02245715 -0.02025328 -0.03679845
v 0.02356977 -0.01858761 -0.03716866
v 0.02335070 -0.01912347 -0.03682973
v 0.02284916 -0.01978844 -0.03679845
v 0.02388107 -0.01912347 -0.03581817
v 0.02452097 -0.01861344 -0.03529675
v 0.02377154 -0.01978844 -0.03493175
v 0.02389260 -0.02009188 -0.03396190
v 0.02374272 -0.02067293 -0.03306505
v 0.02335070 -0.02113776 -0.03306505
v 0.02425003 -0.02000795 -0.03305984
v 0.02262433 -0.02231277 -0.03213171
v 0.02209972 -0.02291319 -0.03210563
v 0.02169618 -0.02326181 -0.03240284
v 0.02141947 -0.02388805 -0.03119836
v 0.02052014 -0.02486292 -0.03119836
v 0.02179418 -0.02335220 -0.03178235
v 0.02191525 -0.02350069 -0.03027022
v 0.02600832 -0.01725766 -0.02374200
v 0.02650986 -0.01600518 -0.02302243
v 0.02571431 -0.01728994 -0.02282429
v 0.02672316 -0.01546933 -0.02274608
v 0.02730542 -0.01480435 -0.02348650
v 0.02722471 -0.01448155 -0.02275129
v 0.02694800 -0.01446218 -0.02188051
v 0.02725930 -0.01373910 -0.02188051
v 0.02709788 -0.01344858 -0.02102538
v 0.02746684 -0.01255764 -0.02102538
v 0.02778967 -0.01166024 -0.02094195
v 0.02811827 -0.01069183 -0.02098888
v 0.02822204 -0.01000103 -0.02070731
v 0.02830851 -0.00938125 -0.02043617
v 0.02827968 -0.00834828 -0.01958103
v 0.02791650 -0.00886476 -0.01908047
v 0.02738613 -0.00848385 -0.01762570
v 0.02746107 -0.00792863 -0.01744320
v 0.02739189 -0.00670843 -0.01668713
v 0.02642915 -0.00374509 -0.01394444
v 0.02642339 -0.00650830 -0.01488822
v 0.02637151 -0.00699250 -0.01497165
v 0.02836039 -0.00772849 -0.01938289
v 0.02843534 -0.00699250 -0.01921082
v 0.02823357 -0.00699250 -0.01874154
v 0.02827968 -0.00646310 -0.01863726
v 0.02789344 -0.00512669 -0.01721377
v 0.02576043 -0.00794154 -0.01436158
v 0.02604867 -0.00699250 -0.01441373
v 0.02563360 -0.00699250 -0.01373066
v 0.01410958 -0.00512669 0.00430017
v 0.02154053 -0.02402363 -0.02933166
v 0.02243409 -0.02302939 -0.02933166
v 0.02197289 -0.02356525 -0.02840352
v 0.02243409 -0.02303585 -0.02840352
v 0.02283186 -0.02255810 -0.02746496
v 0.02365624 -0.02149930 -0.02682361
v 0.02360436 -0.02142829 -0.02620833
v 0.02394449 -0.02106675 -0.02652118
v 0.02438262 -0.02027911 -0.02560348
v 0.02471122 -0.01981427 -0.02560348
v 0.02523006 -0.01906536 -0.02558262
v 0.02552407 -0.01871028 -0.02587983
v 0.02576619 -0.01826481 -0.02558262
v 0.02572584 -0.01808404 -0.02467013
v 0.02623315 -0.01721247 -0.02461277
v 0.02641762 -0.01677346 -0.02425821
v -0.01461687 0.00370522 0.00430017
v -0.02806636 0.00564850 -0.00552867
v -0.02806636 0.00518366 -0.00540874
v -0.02806636 0.00419588 -0.00516888
v 0.02116581 0.00046427 -0.04582429
v 0.02114275 0.00139394 -0.04581908
v 0.01959776 0.00325975 -0.04646564
v 0.02035872 0.00325975 -0.04612150
v 0.02111392 0.00233007 -0.04580343
v 0.02163276 0.00046427 -0.04559486
v 0.02486687 -0.01067246 -0.04149648
v 0.02519547 -0.00985900 -0.04142869
v 0.02547795 -0.01021408 -0.04098027
v 0.02474004 -0.01166024 -0.04120969
v 0.02430768 -0.01166024 -0.04167376
v 0.02390990 -0.00233121 -0.04402016
v 0.02438262 -0.00233121 -0.04363953
v 0.02222655 0.00046427 -0.04522466
v 0.02395602 -0.00046541 -0.04405145
v 0.02330458 0.00046427 -0.04452073
v 0.02488416 -0.00233121 -0.04317546
v 0.02575466 -0.00419702 -0.04218475
v 0.02532230 -0.00326089 -0.04270096
v 0.02580655 -0.00326089 -0.04223690
v 0.02622162 -0.00419702 -0.04167897
v 0.02641186 -0.00643728 -0.04098027
v 0.02716706 -0.00699250 -0.03980185
v 0.02742071 -0.00771558 -0.03923350
v 0.02659634 -0.00792863 -0.04030242
v 0.02625621 -0.00792863 -0.04076648
v 0.02641186 -0.00928441 -0.04004692
v 0.02414049 -0.01639900 -0.03872771
v 0.02384072 -0.01710272 -0.03849308
v 0.02442874 -0.01752882 -0.03702266
v 0.02380037 -0.01796783 -0.03757537
v 0.02446333 -0.01664434 -0.03802901
v 0.02539147 -0.01073057 -0.04086034
v 0.02547218 -0.01207343 -0.04003127
v 0.02559901 -0.01145365 -0.04020856
v 0.02645221 -0.01126642 -0.03917093
v 0.02556442 -0.01323553 -0.03923350
v 0.02631962 -0.01188621 -0.03895193
v 0.02576619 -0.01353896 -0.03870164
v 0.02562207 -0.01424913 -0.03842007
v 0.02529347 -0.01452029 -0.03870164
v 0.02482652 -0.01536603 -0.03865993
v 0.02465357 -0.01602455 -0.03834186
v -0.02806636 0.02016176 -0.04650214
v -0.02593912 0.02153690 -0.04663250
v -0.02535686 0.02174349 -0.04671071
v -0.02760517 0.02233745 -0.04563136
v -0.02535686 0.02286040 -0.04614236
v -0.02535686 0.02347372 -0.04576172
v -0.02434224 0.02380944 -0.04586600
v -0.02451519 0.02284103 -0.04641872
v -0.02806636 0.02098813 -0.04616322
v -0.02806636 0.02172413 -0.04581386
v -0.02259548 0.02375134 -0.04636136
v -0.02397329 0.02426137 -0.04566786
v -0.02255513 0.02452606 -0.04586079
v -0.02159239 0.02477140 -0.04593379
v -0.02069307 0.02472620 -0.04615800
v -0.01882524 0.02487469 -0.04638221
v -0.01789133 0.02497153 -0.04645000
v -0.01695742 0.02504901 -0.04650214
v -0.01602351 0.02465519 -0.04684628
v -0.01508959 0.02480368 -0.04683585
v -0.01416145 0.02472620 -0.04694535
v -0.01602351 0.02512002 -0.04654907
v -0.01477829 0.02521041 -0.04661164
v -0.01322753 0.02472620 -0.04698707
v -0.01135971 0.02472620 -0.04704964
v -0.01042580 0.02472620 -0.04706528
v -0.00855797 0.02535244 -0.04670550
v -0.00762982 0.02534599 -0.04670028
v -0.00576200 0.02577209 -0.04635614
v -0.00482809 0.02573981 -0.04633529
v -0.00389417 0.02568816 -0.04630400
v -0.00304674 0.02556549 -0.04631443
v 0.01288166 0.01724361 -0.04636136
v 0.01223599 0.01754705 -0.04650736
v 0.01446701 0.01697246 -0.04574608
v 0.01477254 0.01633330 -0.04589729
v 0.01538939 0.01602987 -0.04574086
v 0.01601200 0.01567478 -0.04558965
v 0.01659425 0.01537780 -0.04541758
v 0.01899244 0.01403494 -0.04475016
v 0.01849666 0.01352491 -0.04518815
v 0.01985718 0.01300197 -0.04470844
v 0.01949975 0.01265334 -0.04499523
v -0.00202635 0.02624338 -0.04575651
v -0.00124809 0.02618528 -0.04570958
v -0.00062548 0.02612071 -0.04566265
v 0.00076962 0.02596577 -0.04555315
v 0.00298334 0.02514585 -0.04563658
v 0.00356560 0.02503609 -0.04556358
v 0.00449951 0.02484241 -0.04544365
v 0.00169201 0.02583665 -0.04545930
v 0.00398067 0.02610780 -0.04471887
v 0.00362901 0.02573981 -0.04506301
v 0.00534695 0.02463582 -0.04531330
v 0.00629815 0.02473912 -0.04493787
v 0.00728971 0.02439694 -0.04481794
v 0.00915754 0.02451961 -0.04397845
v 0.00974556 0.02433884 -0.04385331
v 0.00656334 0.02505546 -0.04464066
v 0.00728971 0.02486178 -0.04451030
v 0.00801033 0.02533307 -0.04390024
v 0.00863293 0.02515230 -0.04376988
v 0.01007416 0.02380298 -0.04405145
v 0.01078324 0.02349955 -0.04391588
v 0.01140585 0.02325422 -0.04375424
v 0.01178056 0.02263443 -0.04394195
v 0.01339473 0.02148525 -0.04381160
v 0.01508385 0.01853483 -0.04466152
v 0.01446701 0.01881244 -0.04481273
v 0.01436324 0.02059431 -0.04384288
v 0.01477254 0.01821202 -0.04498480
v 0.01541245 0.01791504 -0.04483359
v 0.01415570 0.01759224 -0.04560008
v 0.02111969 0.01259524 -0.04399409
v 0.02250903 0.01072943 -0.04367081
v 0.02264739 0.01013547 -0.04376467
v 0.02274539 0.00950923 -0.04383767
v 0.02284916 0.00886362 -0.04390545
v 0.02299328 0.00792749 -0.04400452
v 0.02356977 0.00724960 -0.04375424
v 0.02321811 0.00695908 -0.04404624
v 0.02365048 0.00662982 -0.04381160
v 0.02215160 0.00512555 -0.04498480
v 0.02139640 0.00512555 -0.04545408
v 0.02316046 0.00606169 -0.04421309
v 0.02316046 0.00512555 -0.04432259
v 0.02272233 0.00389244 -0.04475016
v 0.02101016 0.00419588 -0.04575651
v 0.02035872 0.00419588 -0.04605893
v 0.02222655 0.00325975 -0.04512037
v 0.02154053 0.00325975 -0.04554272
v 0.02230149 0.00420234 -0.04498480
v 0.02459015 -0.01777415 -0.03639695
v 0.02438262 -0.01842621 -0.03586510
v 0.02463051 -0.01875547 -0.03467625
v 0.02472275 -0.01796137 -0.03586510
v 0.02537994 -0.01754173 -0.03493175
v 0.02488416 -0.01825835 -0.03496825
v 0.02440568 -0.01937525 -0.03399840
v 0.02386378 -0.02082142 -0.03213171
v 0.02348330 -0.02128625 -0.03213171
v 0.02301634 -0.02184793 -0.03213171
v 0.02460745 -0.01965932 -0.03274698
v 0.02268774 -0.02238379 -0.03162071
v 0.02184607 -0.02341676 -0.03119836
v 0.02238797 -0.02297775 -0.03027022
v 0.02634845 -0.01665725 -0.02374200
v 0.02709788 -0.01532730 -0.02377328
v 0.02738036 -0.01496575 -0.02411221
v 0.02750719 -0.01448155 -0.02377328
v 0.02830851 -0.01217027 -0.02322057
v 0.02743801 -0.01418457 -0.02302765
v 0.02810097 -0.01162796 -0.02190137
v 0.02832580 -0.01129225 -0.02222987
v 0.02823357 -0.01097590 -0.02160416
v 0.02838345 -0.00973633 -0.02098888
v 0.02860252 -0.00886476 -0.02094195
v 0.02884464 -0.00792863 -0.02094195
v 0.02837769 -0.00886476 -0.02023803
v 0.02849875 -0.00799319 -0.01994082
v 0.02808944 -0.00413891 -0.01729198
v 0.02752448 -0.00512669 -0.01642642
v 0.02739189 -0.00390004 -0.01575900
v 0.01452465 -0.00331254 0.00430017
v 0.02611785 -0.00411309 -0.01356902
v 0.02573160 -0.00606283 -0.01358466
v 0.02624468 -0.00614676 -0.01444501
v 0.02742071 -0.00326089 -0.01570164
v 0.02644645 -0.00326089 -0.01391316
v 0.02615244 -0.00326089 -0.01344388
v 0.02568548 -0.00326089 -0.01271910
v 0.02537994 -0.00326089 -0.01224982
v 0.01466301 -0.00233121 0.00430017
v 0.01465725 -0.00237641 0.00430017
v 0.02873511 -0.00699250 -0.02001382
v 0.02869476 -0.00512669 -0.01908047
v 0.02839498 -0.00512669 -0.01837655
v 0.02830274 -0.00379674 -0.01765177
v 0.01426523 -0.00448754 0.00430017
v 0.02283186 -0.02255810 -0.02933166
v 0.02283186 -0.02256456 -0.02840352
v 0.02330458 -0.02199642 -0.02840352
v 0.02367930 -0.02151867 -0.02746496
v 0.02450945 -0.02045988 -0.02746496
v 0.02446333 -0.02039532 -0.02653161
v 0.02525888 -0.01925905 -0.02653161
v 0.02558172 -0.01878775 -0.02653161
v 0.02597373 -0.01819379 -0.02653161
v 0.02634845 -0.01759338 -0.02653161
v 0.02627350 -0.01745134 -0.02560348
v 0.02646951 -0.01687675 -0.02488391
v 0.02725930 -0.01567592 -0.02560348
v 0.02717859 -0.01552743 -0.02467013
v -0.01437475 0.00417651 0.00430017
v -0.01363684 0.00549355 0.00430017
v -0.02806636 0.00779191 -0.00635251
v 0.02160971 0.00139394 -0.04558443
v 0.02106781 0.00325975 -0.04578779
v 0.02157512 0.00233007 -0.04556358
v 0.02634268 -0.00979444 -0.03994785
v 0.02653869 -0.01073057 -0.03929085
v 0.02619856 -0.01073057 -0.03976013
v 0.02442874 -0.00046541 -0.04368124
v 0.02222655 0.00233007 -0.04516208
v 0.02395602 0.00046427 -0.04405145
v 0.02325270 0.00233007 -0.04448945
v 0.02390990 0.00233007 -0.04402016
v 0.02583537 -0.00233121 -0.04226297
v 0.02539724 -0.00046541 -0.04277396
v 0.02588725 -0.00046541 -0.04230468
v 0.02627350 -0.00326089 -0.04175197
v 0.02630233 -0.00233121 -0.04178326
v 0.02657904 -0.00419702 -0.04121491
v 0.02735154 -0.00461021 -0.04005734
v 0.02724200 -0.00606283 -0.03990092
v 0.02748989 -0.00699250 -0.03933257
v 0.02833157 -0.00763165 -0.03735637
v 0.02759943 -0.00798674 -0.03873814
v 0.02734001 -0.00833536 -0.03909792
v 0.02667128 -0.00979444 -0.03948378
v 0.02711518 -0.00798674 -0.03956721
v 0.02783579 -0.00699250 -0.03866514
v 0.02475734 -0.01723829 -0.03674109
v 0.02463051 -0.01690903 -0.03740330
v 0.02546065 -0.01486891 -0.03813329
v 0.02531077 -0.01543059 -0.03778915
v 0.02739189 -0.01127934 -0.03733551
v 0.02659634 -0.01160860 -0.03864950
v 0.02649257 -0.01229940 -0.03832622
v 0.02689035 -0.01073057 -0.03866514
v 0.02581231 -0.01452029 -0.03778915
v 0.02636574 -0.01291918 -0.03808115
v 0.02626197 -0.01357770 -0.03775265
v 0.02639456 -0.01391987 -0.03719994
v -0.02806636 0.02090421 -0.04619972
v -0.02656173 0.02129157 -0.04653343
v -0.02806636 0.02218897 -0.04553751
v -0.02806636 0.02279584 -0.04514644
v -0.02726504 0.02284748 -0.04543322
v -0.02584688 0.02333815 -0.04567308
v -0.02535686 0.02394502 -0.04543844
v -0.02459590 0.02413870 -0.04557922
v -0.02348904 0.02482304 -0.04537587
v -0.02188640 0.02512002 -0.04561051
v -0.02126379 0.02522332 -0.04568872
v -0.02069307 0.02529434 -0.04574608
v -0.01882524 0.02551384 -0.04591293
v -0.01789133 0.02560423 -0.04598593
v -0.01700930 0.02574626 -0.04598072
v -0.01602351 0.02565588 -0.04615279
v -0.01416145 0.02523623 -0.04662728
v -0.01508959 0.02557840 -0.04630400
v -0.01508959 0.02626275 -0.04578258
v -0.01416145 0.02630794 -0.04581908
v -0.01416145 0.02570107 -0.04628314
v -0.01322753 0.02526851 -0.04664814
v -0.01229362 0.02529434 -0.04666900
v -0.01135971 0.02532016 -0.04667943
v -0.01042580 0.02533307 -0.04668985
v -0.00949188 0.02533953 -0.04670028
v -0.00855797 0.02581728 -0.04638221
v -0.00762982 0.02581082 -0.04638221
v -0.00576200 0.02640478 -0.04588686
v -0.00482809 0.02638542 -0.04587122
v -0.00296026 0.02629503 -0.04579822
v 0.01477254 0.01726943 -0.04545930
v 0.01724568 0.01600404 -0.04480752
v 0.01571799 0.01727589 -0.04499001
v 0.01786253 0.01566833 -0.04464587
v 0.01812771 0.01504209 -0.04478144
v 0.01874455 0.01466118 -0.04461980
v 0.01925186 0.01539072 -0.04398888
v 0.02010507 0.01429318 -0.04394195
v 0.02094674 0.01323439 -0.04387938
v 0.02158665 0.01259524 -0.04367603
v -0.00202635 0.02670822 -0.04537065
v -0.00100020 0.02653390 -0.04538630
v 0.00070621 0.02665657 -0.04501608
v 0.00169201 0.02644998 -0.04499001
v 0.00449951 0.02553321 -0.04497437
v 0.00542766 0.02533307 -0.04482837
v 0.00263168 0.02631440 -0.04488051
v 0.00449951 0.02600451 -0.04464066
v 0.00169201 0.02691481 -0.04460416
v 0.00263168 0.02677924 -0.04448423
v 0.00362901 0.02654682 -0.04443209
v 0.00413055 0.02708913 -0.04382724
v 0.00445915 0.02664366 -0.04411923
v 0.00594073 0.02521041 -0.04474494
v 0.00915754 0.02499090 -0.04365517
v 0.00991274 0.02538472 -0.04300860
v 0.01014334 0.02475203 -0.04335796
v 0.01036817 0.02411933 -0.04370210
v 0.00637886 0.02566233 -0.04427045
v 0.00681123 0.02611426 -0.04379074
v 0.00728971 0.02552030 -0.04404102
v 0.00728971 0.02599159 -0.04369688
v 0.00827551 0.02564942 -0.04354045
v 0.00912872 0.02568170 -0.04314939
v 0.01107148 0.02380298 -0.04355610
v 0.01203422 0.02290559 -0.04363953
v 0.01288742 0.02216314 -0.04365517
v 0.01239741 0.02236973 -0.04378552
v 0.01259918 0.02347372 -0.04296689
v 0.01470913 0.02001972 -0.04399409
v 0.01532597 0.01968401 -0.04385331
v 0.01689979 0.01847672 -0.04369167
v 0.01723415 0.01785694 -0.04386895
v 0.01356192 0.02258279 -0.04299296
v 0.01613306 0.02050393 -0.04284696
v 0.01710156 0.01960008 -0.04286782
v 0.01785676 0.01755350 -0.04369688
v 0.01604082 0.01759224 -0.04466673
v 0.02287222 0.01165910 -0.04302425
v 0.02317199 0.01065196 -0.04313896
v 0.02226690 0.01256941 -0.04317024
v 0.02274539 0.01224661 -0.04290953
v 0.02363895 0.01029042 -0.04287303
v 0.02371389 0.00979330 -0.04295125
v 0.02309705 0.00981267 -0.04347267
v 0.02346024 0.00792749 -0.04367081
v 0.02398484 0.00792749 -0.04320153
v 0.02548371 0.00741746 -0.04192404
v 0.02459592 0.00670729 -0.04289910
v 0.02465357 0.00606169 -0.04295646
v 0.02479769 0.00419588 -0.04309724
v 0.02429615 0.00419588 -0.04356131
v 0.02369083 0.00606169 -0.04385331
v 0.02383495 0.00419588 -0.04395759
v 0.02308552 0.00420234 -0.04447380
v 0.02322388 0.00325975 -0.04446859
v 0.02520123 -0.01723184 -0.03585467
v 0.02474004 -0.01891042 -0.03399840
v 0.02525312 -0.01816797 -0.03405054
v 0.02555289 -0.01689612 -0.03553660
v 0.02547218 -0.01769022 -0.03439990
v 0.02565089 -0.01707689 -0.03493175
v 0.02557019 -0.01784516 -0.03377940
v 0.02433073 -0.02021454 -0.03213171
v 0.02394449 -0.02092471 -0.03119836
v 0.02356977 -0.02138955 -0.03119836
v 0.02535688 -0.01846495 -0.03306505
v 0.02544912 -0.01860053 -0.03232463
v 0.02278574 -0.02250645 -0.03027022
v 0.02238220 -0.02279698 -0.03127135
v 0.02361589 -0.02144120 -0.03065086
v 0.02743225 -0.01506260 -0.02467013
v 0.02784155 -0.01446218 -0.02560348
v 0.02768590 -0.01446218 -0.02467013
v 0.02810097 -0.01344858 -0.02473792
v 0.02836039 -0.01230585 -0.02374200
v 0.02859675 -0.01166024 -0.02374200
v 0.02840075 -0.01162796 -0.02286600
v 0.02866593 -0.01073057 -0.02280343
v 0.02889076 -0.00886476 -0.02188051
v 0.02920207 -0.00830308 -0.02241758
v 0.02927701 -0.00768330 -0.02217251
v 0.02918477 -0.00719910 -0.02155202
v 0.02757060 -0.00420348 -0.01621785
v 0.02771473 -0.00326089 -0.01627521
v 0.02561630 -0.00419702 -0.01282860
v 0.02777237 -0.00233121 -0.01627521
v 0.02788767 -0.00046541 -0.01627521
v 0.02750719 -0.00046541 -0.01553479
v 0.02684423 -0.00139508 -0.01441373
v 0.02650986 -0.00139508 -0.01380887
v 0.02625621 -0.00046541 -0.01328745
v 0.02618703 -0.00233121 -0.01339174
v 0.02573737 -0.00044604 -0.01246882
v 0.02572007 -0.00233121 -0.01266174
v 0.02545489 -0.00139508 -0.01214032
v 0.02523582 -0.00044604 -0.01169711
v 0.02550101 -0.00012324 -0.01206732
v 0.01479561 -0.00046541 0.00430017
v 0.02913289 -0.00606283 -0.02078552
v 0.02906948 -0.00508150 -0.02008682
v 0.02913289 -0.00419702 -0.01984696
v 0.02883888 -0.00419702 -0.01908047
v 0.02893688 -0.00326089 -0.01908047
v 0.02812403 -0.00326089 -0.01714599
v 0.02365624 -0.02149930 -0.03003037
v 0.02367930 -0.02153158 -0.02933166
v 0.02367930 -0.02153158 -0.02840352
v 0.02451521 -0.02046633 -0.02840352
v 0.02531077 -0.01933652 -0.02933166
v 0.02562207 -0.01885231 -0.02746496
v 0.02605444 -0.01819379 -0.02746496
v 0.02638880 -0.01765794 -0.02746496
v 0.02736307 -0.01586961 -0.02697482
v 0.02660787 -0.01712208 -0.02653161
v 0.02731695 -0.01578568 -0.02635433
v 0.02653292 -0.01698651 -0.02560348
v 0.02750719 -0.01521109 -0.02560348
v -0.01323906 0.00611333 0.00430017
v -0.02806636 0.00825675 -0.00654023
v 0.02442874 0.00046427 -0.04368124
v 0.02388684 0.00325975 -0.04399931
v 0.02438262 0.00233007 -0.04363953
v 0.02635421 -0.00046541 -0.04184061
v 0.02539724 0.00046427 -0.04277396
v 0.02588725 0.00046427 -0.04230468
v 0.02663093 -0.00326089 -0.04128269
v 0.02665398 -0.00233121 -0.04131919
v 0.02739766 -0.00399043 -0.04011992
v 0.02764555 -0.00426158 -0.03968713
v 0.02815862 -0.00419702 -0.03885285
v 0.02849299 -0.00794154 -0.03685059
v 0.02825662 -0.00825789 -0.03719473
v 0.02810097 -0.00794154 -0.03769008
v 0.02838922 -0.00699250 -0.03747630
v 0.02869476 -0.00699250 -0.03679845
v 0.02749566 -0.00886476 -0.03848786
v 0.02732848 -0.01014307 -0.03813329
v 0.02837769 -0.00419702 -0.03838358
v 0.02540877 -0.01665725 -0.03615709
v 0.02543759 -0.01576631 -0.03715301
v 0.02526465 -0.01633444 -0.03682973
v 0.02640033 -0.01487537 -0.03627181
v 0.02580078 -0.01543059 -0.03682973
v 0.02751872 -0.01161505 -0.03677759
v 0.02741495 -0.01227357 -0.03645431
v 0.02670011 -0.01357770 -0.03685580
v 0.02724777 -0.01073057 -0.03796644
v 0.02780120 -0.01073057 -0.03679845
v 0.02627927 -0.01452674 -0.03685580
v 0.02654445 -0.01425559 -0.03657945
v -0.02806636 0.02307990 -0.04495873
v -0.02786459 0.02342853 -0.04480752
v -0.02668279 0.02421617 -0.04469802
v -0.02535686 0.02456480 -0.04497437
v -0.02482073 0.02516522 -0.04470844
v -0.02419812 0.02526851 -0.04480230
v -0.02348904 0.02538472 -0.04490658
v -0.02255513 0.02553967 -0.04504215
v -0.02199593 0.02609489 -0.04469802
v -0.02137332 0.02618528 -0.04479187
v -0.02069307 0.02575918 -0.04533937
v -0.01882524 0.02597868 -0.04553229
v -0.01789133 0.02606907 -0.04561572
v -0.01734943 0.02611426 -0.04565222
v -0.01602351 0.02620464 -0.04573043
v -0.01322753 0.02573335 -0.04630922
v -0.01508959 0.02672759 -0.04534980
v -0.01416145 0.02677278 -0.04539673
v -0.01322753 0.02634022 -0.04584515
v -0.01229362 0.02683734 -0.04545930
v -0.01135971 0.02578500 -0.04635614
v -0.00949188 0.02581082 -0.04637178
v -0.01042580 0.02641124 -0.04590250
v -0.00855797 0.02643706 -0.04591293
v -0.00762982 0.02643706 -0.04591293
v -0.00669591 0.02688899 -0.04551144
v -0.00576200 0.02686962 -0.04550101
v -0.00482809 0.02685025 -0.04548015
v -0.00389417 0.02681152 -0.04544887
v 0.01847360 0.01629457 -0.04401495
v 0.01845631 0.01537135 -0.04446337
v 0.01971882 0.01539072 -0.04367081
v 0.01988600 0.01491297 -0.04379074
v 0.01903857 0.01595885 -0.04385331
v 0.02179418 0.01406076 -0.04289910
v 0.02196136 0.01352491 -0.04302425
v -0.00202635 0.02723116 -0.04490137
v -0.00109820 0.02717951 -0.04484401
v 0.00035455 0.02706330 -0.04473451
v 0.00097139 0.02700520 -0.04468237
v 0.00542766 0.02579791 -0.04448945
v 0.00542766 0.02639187 -0.04402016
v 0.00618862 0.02624338 -0.04389502
v 0.00169201 0.02738611 -0.04413488
v 0.00263168 0.02727635 -0.04402016
v 0.00356560 0.02716014 -0.04390024
v 0.00475893 0.02698583 -0.04372817
v 0.00362901 0.02769600 -0.04327974
v 0.00449951 0.02792196 -0.04277918
v 0.00542766 0.02732800 -0.04315460
v 0.00941119 0.02600451 -0.04276353
v 0.01016639 0.02568170 -0.04263839
v 0.01052958 0.02517167 -0.04285218
v 0.01102536 0.02452606 -0.04306596
v 0.01158456 0.02432593 -0.04291475
v 0.00644804 0.02656618 -0.04352481
v 0.00689770 0.02708913 -0.04289389
v 0.00724936 0.02661783 -0.04317024
v 0.00822939 0.02631440 -0.04302946
v 0.00878859 0.02617236 -0.04290953
v 0.01220717 0.02409351 -0.04273746
v 0.01270871 0.02449378 -0.04211697
v 0.01322179 0.02320257 -0.04277396
v 0.01755122 0.01817974 -0.04349353
v 0.01527985 0.02244721 -0.04197097
v 0.01746475 0.01996807 -0.04232554
v 0.01815077 0.01970983 -0.04202311
v 0.01909045 0.01878661 -0.04202833
v 0.01803547 0.01866395 -0.04286782
v 0.01747051 0.01903840 -0.04299296
v 0.01624836 0.02153690 -0.04199183
v 0.01826030 0.01819265 -0.04302425
v 0.01895209 0.01771490 -0.04285739
v 0.01923457 0.01708866 -0.04305032
v 0.01876761 0.01657863 -0.04367081
v 0.01814500 0.01692726 -0.04386895
v 0.02350635 0.01091020 -0.04275310
v 0.02260703 0.01286639 -0.04278439
v 0.02458439 0.01032915 -0.04195533
v 0.02446333 0.01094894 -0.04183540
v 0.02465933 0.00979330 -0.04203875
v 0.02578925 0.00792749 -0.04137655
v 0.02635998 0.00699136 -0.04091248
v 0.02584690 0.00706238 -0.04154862
v 0.02613514 0.00610042 -0.04139740
v 0.02554136 0.00679122 -0.04198140
v 0.02527041 0.00886362 -0.04168419
v 0.02556442 0.00959316 -0.04109498
v 0.02566242 0.00886362 -0.04122012
v 0.02560478 0.00606169 -0.04204397
v 0.02527041 0.00419588 -0.04265403
v 0.02485534 0.00325975 -0.04314417
v 0.02435379 0.00325975 -0.04361345
v 0.02652716 -0.01510133 -0.03565131
v 0.02634845 -0.01572757 -0.03515596
v 0.02626774 -0.01650876 -0.03399840
v 0.02616397 -0.01719310 -0.03302855
v 0.02567395 -0.01800011 -0.03306505
v 0.02636574 -0.01668953 -0.03332055
v 0.02448062 -0.02042114 -0.03027022
v 0.02474004 -0.01985301 -0.03119836
v 0.02395602 -0.02107966 -0.03031193
v 0.02572007 -0.01825190 -0.03205870
v 0.02553560 -0.01872319 -0.03119836
v 0.02331611 -0.02186084 -0.03031193
v 0.02797991 -0.01446218 -0.02653161
v 0.02815862 -0.01366163 -0.02560348
v 0.02834310 -0.01319033 -0.02560348
v 0.02857369 -0.01259638 -0.02560348
v 0.02841804 -0.01262220 -0.02473792
v 0.02875817 -0.01166024 -0.02467013
v 0.02888500 -0.01073057 -0.02374200
v 0.02920783 -0.00925858 -0.02337179
v 0.02928854 -0.00863880 -0.02303807
v 0.02913865 -0.00891641 -0.02276172
v 0.02937501 -0.00796737 -0.02276172
v 0.02957102 -0.00699250 -0.02280343
v 0.02932313 -0.00692794 -0.02187008
v 0.02961137 -0.00512669 -0.02188051
v 0.02820474 -0.00046541 -0.01695827
v 0.02788767 0.00046427 -0.01627521
v 0.02690187 -0.00046541 -0.01441373
v 0.02750719 0.00046427 -0.01553479
v 0.02653869 -0.00046541 -0.01375673
v 0.02625621 0.00046427 -0.01328745
v 0.02550101 0.00012210 -0.01206732
v 0.01479561 0.00046427 0.00430017
v 0.02923666 -0.00473933 -0.02044138
v 0.02927701 -0.00419702 -0.02031624
v 0.02917901 -0.00326089 -0.01969575
v 0.02921936 -0.00175662 -0.01956539
v 0.02923666 -0.00113684 -0.01951846
v 0.02906371 -0.00046541 -0.01900226
v 0.02860252 -0.00233121 -0.01814712
v 0.02834886 -0.00233121 -0.01754748
v 0.02452097 -0.02046633 -0.02933166
v 0.02411167 -0.02098927 -0.02933166
v 0.02560478 -0.01882003 -0.03027022
v 0.02563360 -0.01886522 -0.02933166
v 0.02607750 -0.01819379 -0.02933166
v 0.02640033 -0.01768376 -0.02933166
v 0.02736883 -0.01587606 -0.02746496
v 0.02762249 -0.01539186 -0.02746496
v 0.02753601 -0.01544351 -0.02660983
v -0.01285282 0.00663628 0.00430017
v -0.02806636 0.00886362 -0.00684787
v 0.02488416 0.00233007 -0.04317546
v 0.02669434 -0.00046541 -0.04137655
v 0.02667704 -0.00139508 -0.04135047
v 0.02635421 0.00046427 -0.04184061
v 0.02583537 0.00233007 -0.04226297
v 0.02709788 -0.00326089 -0.04063091
v 0.02712094 -0.00233121 -0.04066219
v 0.02742648 -0.00326089 -0.04016163
v 0.02780696 -0.00326089 -0.03959849
v 0.02820474 -0.00326089 -0.03894671
v 0.02886770 -0.00792863 -0.03586510
v 0.02839498 -0.00886476 -0.03655859
v 0.02818168 -0.00886476 -0.03702787
v 0.02849875 -0.00517834 -0.03781001
v 0.02883311 -0.00606283 -0.03679845
v 0.02923089 -0.00471996 -0.03635002
v 0.02919054 -0.00534620 -0.03620924
v 0.02907524 -0.00693440 -0.03579210
v 0.02926548 -0.00419702 -0.03642824
v 0.02909830 -0.00326089 -0.03698616
v 0.02559325 -0.01603101 -0.03653252
v 0.02670011 -0.01452674 -0.03592245
v 0.02787038 -0.01166024 -0.03586510
v 0.02729389 -0.01289981 -0.03615188
v 0.02816439 -0.01074994 -0.03586510
v 0.02807791 -0.00977507 -0.03674109
v 0.02832004 -0.00944581 -0.03639695
v 0.02823933 -0.01007205 -0.03617795
v -0.02806636 0.02364804 -0.04454680
v -0.02806636 0.02374488 -0.04447380
v -0.02722469 0.02406768 -0.04458330
v -0.02806636 0.02435821 -0.04398367
v -0.02738034 0.02504901 -0.04364995
v -0.02675773 0.02519104 -0.04379595
v -0.02535686 0.02550093 -0.04412445
v -0.02478037 0.02608843 -0.04375424
v -0.02449213 0.02568170 -0.04428609
v -0.02255513 0.02600451 -0.04460937
v -0.02415777 0.02617882 -0.04386895
v -0.02348904 0.02627566 -0.04398367
v -0.02255513 0.02640478 -0.04414009
v -0.02166157 0.02648226 -0.04433823
v -0.02113696 0.02705039 -0.04379074
v -0.02076801 0.02679215 -0.04421831
v -0.01975915 0.02683088 -0.04444773
v -0.01882524 0.02692773 -0.04457287
v -0.02069307 0.02626275 -0.04487009
v -0.01975915 0.02636605 -0.04497437
v -0.01882524 0.02646289 -0.04506823
v -0.01789133 0.02654682 -0.04515165
v -0.01705542 0.02660492 -0.04521423
v -0.01602351 0.02666948 -0.04528723
v -0.01229362 0.02637250 -0.04586600
v -0.01508959 0.02719242 -0.04488051
v -0.01416145 0.02723762 -0.04492744
v -0.01322753 0.02727635 -0.04495873
v -0.01135971 0.02686316 -0.04548537
v -0.01229362 0.02730863 -0.04499001
v -0.01135971 0.02639833 -0.04588686
v -0.00855797 0.02690190 -0.04552708
v -0.00762982 0.02690190 -0.04552186
v -0.00576200 0.02735383 -0.04503694
v -0.00482809 0.02734091 -0.04501608
v -0.00389417 0.02730863 -0.04498480
v 0.02039908 0.01541008 -0.04319110
v 0.01944787 0.01635267 -0.04334753
v 0.02011083 0.01612671 -0.04301903
v 0.02073344 0.01573289 -0.04279482
v 0.02276268 0.01409950 -0.04199704
v 0.02242256 0.01352491 -0.04261754
v 0.02134452 0.01546173 -0.04244547
v 0.02173077 0.01581682 -0.04190318
v 0.02193831 0.01519058 -0.04209611
v -0.00202635 0.02770245 -0.04439559
v -0.00109820 0.02764435 -0.04434345
v -0.00013546 0.02764435 -0.04418702
v 0.00070621 0.02738611 -0.04432781
v 0.00076962 0.02793487 -0.04372295
v 0.00169201 0.02785094 -0.04361867
v 0.00263168 0.02774119 -0.04349874
v 0.00636157 0.02717951 -0.04298774
v 0.00399220 0.02798007 -0.04285218
v 0.00449951 0.02823831 -0.04230989
v 0.00542766 0.02814147 -0.04215347
v 0.00675934 0.02797361 -0.04190840
v 0.00542766 0.02779284 -0.04261754
v 0.00912872 0.02657264 -0.04238289
v 0.01009722 0.02632731 -0.04212218
v 0.01063912 0.02617236 -0.04197618
v 0.01098501 0.02566233 -0.04221082
v 0.01171139 0.02535244 -0.04206483
v 0.01102536 0.02499736 -0.04272182
v 0.00752031 0.02694709 -0.04275832
v 0.00641922 0.02770245 -0.04235682
v 0.00724936 0.02736674 -0.04242982
v 0.00822939 0.02725053 -0.04214304
v 0.00884047 0.02712141 -0.04200226
v 0.00822939 0.02677924 -0.04260711
v 0.01233400 0.02511357 -0.04186669
v 0.01296813 0.02477140 -0.04171547
v 0.01333132 0.02422909 -0.04190840
v 0.01382710 0.02355120 -0.04210654
v 0.01431135 0.02333815 -0.04194490
v 0.01438630 0.02434530 -0.04106891
v 0.01719956 0.02062659 -0.04200747
v 0.01877338 0.01940640 -0.04178326
v 0.01781641 0.02032962 -0.04177804
v 0.01822571 0.02071698 -0.04115234
v 0.01971306 0.01846381 -0.04178326
v 0.01998977 0.01784402 -0.04200747
v 0.01941328 0.01816683 -0.04221604
v 0.01872726 0.01819265 -0.04269575
v 0.01949975 0.01734691 -0.04270096
v 0.01985718 0.01674649 -0.04283653
v 0.02384072 0.01165910 -0.04212740
v 0.02354671 0.01290513 -0.04186147
v 0.02339106 0.01352491 -0.04171547
v 0.02486687 0.01067132 -0.04149648
v 0.02547795 0.01021294 -0.04098027
v 0.02519547 0.00985786 -0.04142869
v 0.02430768 0.01165910 -0.04167376
v 0.02474004 0.01165910 -0.04120969
v 0.02625621 0.00792749 -0.04076648
v 0.02716706 0.00699136 -0.03980185
v 0.02641186 0.00643614 -0.04098027
v 0.02659634 0.00792749 -0.04030242
v 0.02742071 0.00771444 -0.03923350
v 0.02622162 0.00419588 -0.04167897
v 0.02641186 0.00928327 -0.04004692
v 0.02575466 0.00419588 -0.04218475
v 0.02580655 0.00325975 -0.04223690
v 0.02532230 0.00325975 -0.04270096
v 0.02711518 -0.01439116 -0.03487439
v 0.02725930 -0.01469460 -0.03399840
v 0.02734001 -0.01488828 -0.03346655
v 0.02661363 -0.01540477 -0.03487961
v 0.02689611 -0.01539186 -0.03399840
v 0.02716706 -0.01536603 -0.03311720
v 0.02645221 -0.01683802 -0.03270006
v 0.02623891 -0.01738678 -0.03213171
v 0.02630809 -0.01750945 -0.03119836
v 0.02637151 -0.01763211 -0.03027022
v 0.02601985 -0.01819379 -0.03027022
v 0.02804909 -0.01446218 -0.02746496
v 0.02822780 -0.01382949 -0.02653161
v 0.02870629 -0.01259638 -0.02653161
v 0.02891382 -0.01166024 -0.02560348
v 0.02915018 -0.01091134 -0.02560348
v 0.02944419 -0.00979444 -0.02560348
v 0.02953067 -0.00886476 -0.02467013
v 0.02935195 -0.00891641 -0.02371071
v 0.02959408 -0.00792863 -0.02374200
v 0.02976703 -0.00699250 -0.02374200
v 0.02971514 -0.00606283 -0.02280343
v 0.02985926 -0.00512669 -0.02280343
v 0.02974973 -0.00419702 -0.02188051
v 0.02840075 -0.00046541 -0.01742234
v 0.02820474 0.00046427 -0.01695827
v 0.02812403 0.00325975 -0.01714599
v 0.02777237 0.00233007 -0.01627521
v 0.02742071 0.00325975 -0.01570164
v 0.02690187 0.00046427 -0.01441373
v 0.02684423 0.00139394 -0.01441373
v 0.02653869 0.00046427 -0.01375673
v 0.02650986 0.00139394 -0.01380887
v 0.02644645 0.00325975 -0.01391316
v 0.02618703 0.00233007 -0.01339174
v 0.02573737 0.00044490 -0.01246882
v 0.02545489 0.00139394 -0.01214032
v 0.02523582 0.00044490 -0.01169711
v 0.01466877 0.00227843 0.00430017
v 0.02983621 -0.00326089 -0.02188051
v 0.02988809 -0.00233121 -0.02188051
v 0.02965749 -0.00139508 -0.02094195
v 0.02934619 -0.00233121 -0.02008160
v 0.02942113 -0.00046541 -0.02001382
v 0.02925395 -0.00046541 -0.01947154
v 0.02870629 -0.00046541 -0.01814712
v 0.02906371 0.00046427 -0.01900226
v 0.02737460 -0.01588897 -0.02992608
v 0.02738036 -0.01589543 -0.02933166
v 0.02737460 -0.01588897 -0.02840352
v 0.02764555 -0.01539186 -0.02933166
v -0.01256457 0.00699782 0.00430017
v -0.02806636 0.01014838 -0.00754136
v 0.02749566 -0.00046541 -0.04026070
v 0.02669434 0.00046427 -0.04137655
v 0.02714400 -0.00139508 -0.04069348
v 0.02630233 0.00233007 -0.04178326
v 0.02665398 0.00233007 -0.04131919
v 0.02667704 0.00139394 -0.04135047
v 0.02744954 -0.00233121 -0.04019813
v 0.02785308 -0.00233121 -0.03959849
v 0.02826815 -0.00046541 -0.03908750
v 0.02825086 -0.00139508 -0.03904057
v 0.02822780 -0.00233121 -0.03899364
v 0.02912712 -0.00797382 -0.03494739
v 0.02891959 -0.00886476 -0.03493175
v 0.02864287 -0.00886476 -0.03586510
v 0.02919054 -0.00720555 -0.03526546
v 0.02943843 -0.00419702 -0.03586510
v 0.02957679 -0.00512669 -0.03493175
v 0.02927125 -0.00606283 -0.03556267
v 0.02930584 -0.00326089 -0.03651688
v 0.02951914 -0.00326089 -0.03586510
v 0.02846416 -0.00139508 -0.03857129
v 0.02912136 -0.00233121 -0.03702787
v 0.02936925 -0.00046541 -0.03665766
v 0.02716129 -0.01350023 -0.03584945
v 0.02728236 -0.01379721 -0.03514032
v 0.02826239 -0.01107274 -0.03528632
v 0.02815286 -0.01166670 -0.03496304
v 0.02740342 -0.01317097 -0.03553139
v 0.02751872 -0.01258992 -0.03584945
v 0.02841228 -0.00977507 -0.03586510
v -0.02806636 0.02487469 -0.04348310
v -0.02806636 0.02527497 -0.04307117
v -0.02722469 0.02595931 -0.04263318
v -0.02663091 0.02607552 -0.04279482
v -0.02600830 0.02619173 -0.04296168
v -0.02535686 0.02630794 -0.04313896
v -0.02445178 0.02642415 -0.04339967
v -0.02255513 0.02686962 -0.04350917
v -0.02806636 0.02531371 -0.04302425
v -0.02162698 0.02699229 -0.04369688
v -0.02255513 0.02716660 -0.04304510
v -0.02162698 0.02726990 -0.04323281
v -0.02076801 0.02733446 -0.04342053
v -0.01885407 0.02777993 -0.04327974
v -0.02051436 0.02711495 -0.04387417
v -0.01975915 0.02718597 -0.04398367
v -0.01882524 0.02727635 -0.04410359
v -0.01789133 0.02701165 -0.04467716
v -0.01738402 0.02705039 -0.04472409
v -0.01602351 0.02713432 -0.04481794
v -0.01512995 0.02772182 -0.04419223
v -0.01416145 0.02770891 -0.04434866
v -0.01322753 0.02774119 -0.04440080
v -0.01229362 0.02777347 -0.04444252
v -0.01135971 0.02779929 -0.04448423
v -0.01135971 0.02733446 -0.04501608
v -0.01042580 0.02734737 -0.04503694
v -0.00855797 0.02737319 -0.04505780
v -0.00762982 0.02737319 -0.04505780
v -0.00762982 0.02784449 -0.04455202
v -0.00576200 0.02782512 -0.04452595
v -0.00482809 0.02780575 -0.04451030
v -0.00296026 0.02774119 -0.04443731
v 0.02039908 0.01639141 -0.04264360
v 0.02087180 0.01684979 -0.04197097
v 0.02106781 0.01632685 -0.04214304
v 0.02371389 0.01413824 -0.04108976
v 0.02255515 0.01472574 -0.04180933
v 0.02267621 0.01583619 -0.04098027
v 0.02288951 0.01521640 -0.04118362
v 0.02154053 0.01632685 -0.04172590
v 0.02203631 0.01632685 -0.04126183
v -0.00202635 0.02808982 -0.04392631
v -0.00109820 0.02805108 -0.04387417
v -0.00042947 0.02801235 -0.04382724
v 0.00019313 0.02797361 -0.04377509
v 0.00076962 0.02824476 -0.04325367
v 0.00169201 0.02818666 -0.04315460
v 0.00263168 0.02810919 -0.04303467
v 0.00362901 0.02827704 -0.04248718
v 0.00263168 0.02849655 -0.04239854
v 0.00356560 0.02878062 -0.04163726
v 0.00454563 0.02874188 -0.04140783
v 0.00542766 0.02854820 -0.04146519
v 0.00728971 0.02820603 -0.04132962
v 0.00822939 0.02807691 -0.04112105
v 0.00728971 0.02788322 -0.04179890
v 0.00946308 0.02697292 -0.04184061
v 0.01126172 0.02597223 -0.04179890
v 0.01009722 0.02679215 -0.04166854
v 0.01064488 0.02710204 -0.04105326
v 0.01095619 0.02654682 -0.04142347
v 0.01205152 0.02572044 -0.04152255
v 0.00822939 0.02771537 -0.04158512
v 0.00908836 0.02750232 -0.04142869
v 0.01009722 0.02723762 -0.04120969
v 0.01238588 0.02609489 -0.04096984
v 0.01340627 0.02522978 -0.04103762
v 0.01382710 0.02401603 -0.04173633
v 0.01403464 0.02496508 -0.04078734
v 0.01440936 0.02529434 -0.04016684
v 0.01470913 0.02467455 -0.04049012
v 0.01789135 0.02133676 -0.04088119
v 0.01915386 0.01978730 -0.04116276
v 0.01884832 0.02041354 -0.04089162
v 0.02006472 0.01884472 -0.04115755
v 0.02034143 0.01816683 -0.04144954
v 0.02061238 0.01746957 -0.04173633
v 0.02408861 0.01258232 -0.04146519
v 0.02386378 0.01352491 -0.04124619
v 0.02539147 0.01072943 -0.04086034
v 0.02645221 0.01126528 -0.03917093
v 0.02619856 0.01072943 -0.03976013
v 0.02653869 0.01072943 -0.03929085
v 0.02634268 0.00979330 -0.03994785
v 0.02461321 0.01225952 -0.04106369
v 0.02748989 0.00699136 -0.03933257
v 0.02724200 0.00606169 -0.03990092
v 0.02735154 0.00460907 -0.04005734
v 0.02657904 0.00419588 -0.04121491
v 0.02711518 0.00798560 -0.03956721
v 0.02833157 0.00763051 -0.03735637
v 0.02783579 0.00699136 -0.03866514
v 0.02667128 0.00979330 -0.03948378
v 0.02734001 0.00833422 -0.03909792
v 0.02759943 0.00798560 -0.03873814
v 0.02627350 0.00325975 -0.04175197
v 0.02737460 -0.01403608 -0.03451982
v 0.02744954 -0.01422976 -0.03399840
v 0.02772626 -0.01352605 -0.03399840
v 0.02832580 -0.01222192 -0.03365948
v 0.02756484 -0.01453320 -0.03311720
v 0.02741495 -0.01503032 -0.03284605
v 0.02721895 -0.01561136 -0.03213171
v 0.02682693 -0.01632799 -0.03213171
v 0.02649833 -0.01692195 -0.03213171
v 0.02728812 -0.01573403 -0.03119836
v 0.02733424 -0.01581796 -0.03054658
v 0.02663093 -0.01716082 -0.03027022
v 0.02807215 -0.01446218 -0.02933166
v 0.02827392 -0.01394569 -0.02933166
v 0.02826239 -0.01391341 -0.02746496
v 0.02875817 -0.01259638 -0.02746496
v 0.02923089 -0.01120832 -0.02694875
v 0.02907524 -0.01157632 -0.02659940
v 0.02920207 -0.01110502 -0.02633347
v 0.02968632 -0.00886476 -0.02560348
v 0.02974973 -0.00792863 -0.02467013
v 0.02992268 -0.00699250 -0.02467013
v 0.03007257 -0.00604346 -0.02470142
v 0.03012445 -0.00537203 -0.02440420
v 0.03006104 -0.00508796 -0.02378892
v 0.03013021 -0.00419702 -0.02345000
v 0.02999186 -0.00419702 -0.02280343
v 0.03008410 -0.00335773 -0.02285558
v 0.02840075 0.00046427 -0.01742234
v 0.02860252 0.00233007 -0.01814712
v 0.02834886 0.00233007 -0.01754748
v 0.02771473 0.00325975 -0.01627521
v 0.02893688 0.00325975 -0.01908047
v 0.02830274 0.00379560 -0.01765177
v 0.02739189 0.00389890 -0.01575900
v 0.02642915 0.00374395 -0.01394444
v 0.02615244 0.00325975 -0.01344388
v 0.02572007 0.00233007 -0.01266174
v 0.02568548 0.00325975 -0.01271910
v 0.02537994 0.00325975 -0.01224982
v 0.01466301 0.00233007 0.00430017
v 0.03011868 -0.00139508 -0.02252708
v 0.03014174 -0.00046541 -0.02241237
v 0.02998609 -0.00046541 -0.02188051
v 0.02970361 -0.00046541 -0.02094195
v 0.02942113 0.00046427 -0.02001382
v 0.02925395 0.00046427 -0.01947154
v 0.02870629 0.00046427 -0.01814712
v 0.02923666 0.00113570 -0.01951846
v 0.02755907 -0.01546287 -0.03024415
v 0.02802026 -0.01446218 -0.03027022
v -0.01199961 0.00764988 0.00430017
v -0.02806636 0.01072943 -0.00786464
v 0.02793956 -0.00046541 -0.03959849
v 0.02789920 -0.00139508 -0.03959849
v 0.02749566 0.00046427 -0.04026070
v 0.02663093 0.00325975 -0.04128269
v 0.02712094 0.00233007 -0.04066219
v 0.02709788 0.00325975 -0.04063091
v 0.02714400 0.00139394 -0.04069348
v 0.02848146 -0.00046541 -0.03862343
v 0.02826815 0.00046427 -0.03908750
v 0.02927125 -0.00768976 -0.03464497
v 0.02937501 -0.00797382 -0.03405054
v 0.02920783 -0.00830954 -0.03439468
v 0.02929430 -0.00867108 -0.03377419
v 0.02871782 -0.01073057 -0.03399840
v 0.02931737 -0.00693440 -0.03494739
v 0.02957102 -0.00699250 -0.03399840
v 0.02969785 -0.00419702 -0.03493175
v 0.02983044 -0.00512669 -0.03399840
v 0.02964596 -0.00046541 -0.03586510
v 0.02977856 -0.00326089 -0.03493175
v 0.02986503 -0.00139508 -0.03493175
v 0.02916171 -0.00046541 -0.03712173
v 0.02936925 0.00046427 -0.03665766
v 0.02747836 -0.01350023 -0.03487439
v 0.02834886 -0.01135681 -0.03466582
v 0.02823933 -0.01197659 -0.03427997
v 0.02780696 -0.01259638 -0.03493175
v -0.02806636 0.02581082 -0.04237247
v -0.02806636 0.02588830 -0.04226297
v -0.02781847 0.02616591 -0.04200226
v -0.02533957 0.02679860 -0.04235161
v -0.02442295 0.02692127 -0.04261754
v -0.02314891 0.02708913 -0.04291996
v -0.02255513 0.02750232 -0.04239854
v -0.02157510 0.02776056 -0.04232554
v -0.02069307 0.02783158 -0.04252889
v -0.01975915 0.02791551 -0.04271139
v -0.01856006 0.02802526 -0.04293560
v -0.01789133 0.02781866 -0.04349874
v -0.01789133 0.02735383 -0.04421309
v -0.01702660 0.02736674 -0.04435388
v -0.01602351 0.02756042 -0.04426524
v -0.01547008 0.02798007 -0.04378031
v -0.01484747 0.02801235 -0.04383767
v -0.01416145 0.02804463 -0.04387938
v -0.01229362 0.02811564 -0.04398367
v -0.01042580 0.02781866 -0.04451030
v -0.01135971 0.02814147 -0.04401495
v -0.00855797 0.02784449 -0.04454680
v -0.00762982 0.02819311 -0.04408274
v -0.00576200 0.02818020 -0.04406188
v -0.00482809 0.02816729 -0.04404102
v -0.00389417 0.02814792 -0.04401495
v 0.02182877 0.01688207 -0.04106369
v 0.02122346 0.01717905 -0.04140262
v 0.02405402 0.01439648 -0.04048491
v 0.02458439 0.01403494 -0.04009384
v 0.02433073 0.01352491 -0.04071434
v 0.02448062 0.01288576 -0.04089684
v 0.02351212 0.01475802 -0.04086555
v 0.02250326 0.01632685 -0.04080820
v 0.02275692 0.01687561 -0.04014077
v -0.00296026 0.02852883 -0.04332667
v -0.00202635 0.02847073 -0.04332667
v -0.00109820 0.02839971 -0.04332667
v -0.00013546 0.02824476 -0.04341010
v -0.00016429 0.02876125 -0.04254454
v 0.00076962 0.02870960 -0.04244547
v 0.00161130 0.02869023 -0.04230468
v 0.00263168 0.02884518 -0.04176762
v 0.00356560 0.02900013 -0.04116798
v 0.00425738 0.02895493 -0.04106369
v 0.00488576 0.02890974 -0.04097505
v 0.00542766 0.02886455 -0.04086555
v 0.00636157 0.02876771 -0.04068305
v 0.00726089 0.02869669 -0.04046406
v 0.00822939 0.02841908 -0.04053184
v 0.00871364 0.02799943 -0.04100633
v 0.00908260 0.02816729 -0.04053184
v 0.01176327 0.02630149 -0.04117840
v 0.01126749 0.02692127 -0.04086034
v 0.01099078 0.02734737 -0.04054227
v 0.01175174 0.02719888 -0.04023463
v 0.00933625 0.02787677 -0.04083948
v 0.01014910 0.02774765 -0.04053184
v 0.01342933 0.02617882 -0.04011992
v 0.01288742 0.02590121 -0.04078734
v 0.01206305 0.02666302 -0.04060484
v 0.01237435 0.02702457 -0.04002085
v 0.01288742 0.02637250 -0.04031806
v 0.01373486 0.02557195 -0.04045884
v 0.01404617 0.02591412 -0.03985920
v 0.01472066 0.02562360 -0.03956199
v 0.01503196 0.02501027 -0.03989049
v 0.01728604 0.02257633 -0.04023463
v 0.01823724 0.02165311 -0.04026070
v 0.01977070 0.01946450 -0.04088641
v 0.01885985 0.02135613 -0.03996349
v 0.01917116 0.02073635 -0.04027113
v 0.01979953 0.02042646 -0.03997392
v 0.02011083 0.01980667 -0.04026070
v 0.02039908 0.01916752 -0.04056313
v 0.02101016 0.01886408 -0.04023984
v 0.02068156 0.01849609 -0.04086555
v 0.02094674 0.01787631 -0.04111583
v 0.02559901 0.01145251 -0.04020856
v 0.02525312 0.01172366 -0.04052141
v 0.02547218 0.01207229 -0.04003127
v 0.02518970 0.01353782 -0.03956721
v 0.02556442 0.01323439 -0.03923350
v 0.02543183 0.01385417 -0.03904057
v 0.02631962 0.01188507 -0.03895193
v 0.02649257 0.01229826 -0.03832622
v 0.02659634 0.01160746 -0.03864950
v 0.02739189 0.01127820 -0.03733551
v 0.02689035 0.01072943 -0.03866514
v 0.02815862 0.00419588 -0.03885285
v 0.02764555 0.00426044 -0.03968713
v 0.02739766 0.00398929 -0.04011992
v 0.02869476 0.00699136 -0.03679845
v 0.02838922 0.00699136 -0.03747630
v 0.02810097 0.00794040 -0.03769008
v 0.02825662 0.00825675 -0.03719473
v 0.02849299 0.00794040 -0.03685059
v 0.02837769 0.00419588 -0.03838358
v 0.02732848 0.01014193 -0.03813329
v 0.02749566 0.00886362 -0.03848786
v 0.02843534 -0.01166670 -0.03398276
v 0.02866593 -0.01166024 -0.03306505
v 0.02839498 -0.01240269 -0.03306505
v 0.02821627 -0.01287399 -0.03306505
v 0.02796838 -0.01352605 -0.03306505
v 0.02827968 -0.01302248 -0.03249670
v 0.02777237 -0.01446218 -0.03213171
v 0.02747260 -0.01514653 -0.03213171
v 0.02753601 -0.01526919 -0.03119836
v 0.02824510 -0.01388113 -0.03027022
v 0.02873511 -0.01259638 -0.03027022
v 0.02878699 -0.01259638 -0.02933166
v 0.02844687 -0.01346149 -0.02840352
v 0.02877546 -0.01259638 -0.02840352
v 0.02908101 -0.01169252 -0.02746496
v 0.02923666 -0.01122769 -0.02746496
v 0.02936348 -0.01073057 -0.02746496
v 0.02959985 -0.00979444 -0.02746496
v 0.02983044 -0.00886476 -0.02746496
v 0.02979008 -0.00886476 -0.02653161
v 0.02955372 -0.00979444 -0.02653161
v 0.02931160 -0.01076931 -0.02659940
v 0.02990538 -0.00792863 -0.02560348
v 0.03007833 -0.00699250 -0.02561391
v 0.03018210 -0.00667615 -0.02593719
v 0.03013021 -0.00634044 -0.02531670
v 0.03021669 -0.00508796 -0.02470142
v 0.03017057 -0.00474579 -0.02412785
v 0.03048764 -0.00419702 -0.02560348
v 0.03015904 -0.00372573 -0.02327271
v 0.02921936 0.00175548 -0.01956539
v 0.02917901 0.00325975 -0.01969575
v 0.02883888 0.00419588 -0.01908047
v 0.02808944 0.00413777 -0.01729198
v 0.02869476 0.00512555 -0.01908047
v 0.02839498 0.00512555 -0.01837655
v 0.02789344 0.00512555 -0.01721377
v 0.02757060 0.00420234 -0.01621785
v 0.02752448 0.00512555 -0.01642642
v 0.02739189 0.00670729 -0.01668713
v 0.02733424 0.00732708 -0.01679663
v 0.02642339 0.00650716 -0.01488822
v 0.02624468 0.00614562 -0.01444501
v 0.02563360 0.00699136 -0.01373066
v 0.02573160 0.00606169 -0.01358466
v 0.02611785 0.00411195 -0.01356902
v 0.01454195 0.00321456 0.00430017
v 0.03023975 -0.00046541 -0.02288165
v 0.03014174 0.00046427 -0.02241237
v 0.02998609 0.00046427 -0.02188051
v 0.02970361 0.00046427 -0.02094195
v 0.02965749 0.00139394 -0.02094195
v 0.02789920 -0.01446218 -0.03119836
v 0.02818745 -0.01371973 -0.03119836
v -0.01161336 0.00809535 0.00430017
v -0.02806636 0.01134921 -0.00824007
v -0.01112335 0.00863766 0.00430017
v 0.02793956 0.00046427 -0.03959849
v 0.02744954 0.00233007 -0.04019813
v 0.02789920 0.00139394 -0.03959849
v 0.02742648 0.00325975 -0.04016163
v 0.02848146 0.00046427 -0.03862343
v 0.02785308 0.00233007 -0.03959849
v 0.02780696 0.00325975 -0.03959849
v 0.02825086 0.00139394 -0.03904057
v 0.02962290 -0.00792863 -0.03306505
v 0.02937501 -0.00893578 -0.03313284
v 0.02921360 -0.00929086 -0.03348741
v 0.02894265 -0.01073057 -0.03306505
v 0.03011868 -0.00419702 -0.03334141
v 0.02992268 -0.00606283 -0.03306505
v 0.02979008 -0.00699250 -0.03306505
v 0.02995150 -0.00419702 -0.03399840
v 0.03014751 -0.00356432 -0.03349783
v 0.02990538 -0.00046541 -0.03493175
v 0.02964596 0.00046427 -0.03586510
v 0.03016480 -0.00294454 -0.03356040
v 0.03009563 -0.00046541 -0.03422783
v 0.02916171 0.00046427 -0.03712173
v 0.02912136 0.00233007 -0.03702787
v 0.02909830 0.00325975 -0.03698616
v 0.02930584 0.00325975 -0.03651688
v -0.02806636 0.02630794 -0.04161640
v -0.02806636 0.02634668 -0.04154862
v -0.02563934 0.02699874 -0.04181976
v -0.02501674 0.02709558 -0.04200747
v -0.02442295 0.02717305 -0.04215347
v -0.02255513 0.02786386 -0.04163726
v -0.02185181 0.02794133 -0.04181976
v -0.02122920 0.02800589 -0.04196054
v -0.01885407 0.02819311 -0.04246632
v -0.01789133 0.02837389 -0.04239854
v -0.01789133 0.02807691 -0.04303467
v -0.01695742 0.02788322 -0.04361345
v -0.01695742 0.02813501 -0.04314417
v -0.01602351 0.02819311 -0.04324846
v -0.01512995 0.02821248 -0.04341010
v -0.01416145 0.02835452 -0.04332667
v -0.01229362 0.02849010 -0.04332667
v -0.01135971 0.02854820 -0.04332667
v -0.01042580 0.02816083 -0.04404102
v -0.01042580 0.02858694 -0.04332667
v -0.00855797 0.02818666 -0.04407752
v -0.00855797 0.02864504 -0.04332667
v -0.00762982 0.02865150 -0.04332667
v -0.00669591 0.02864504 -0.04332667
v -0.00482809 0.02861922 -0.04332667
v -0.00389417 0.02858048 -0.04332667
v 0.02157512 0.01750185 -0.04082384
v 0.02216890 0.01719196 -0.04047970
v 0.02356977 0.01577808 -0.03999999
v 0.02463051 0.01504209 -0.03922828
v 0.02469392 0.01352491 -0.04024506
v 0.02476887 0.01439002 -0.03956199
v 0.02486110 0.01258232 -0.04056313
v 0.02361589 0.01677877 -0.03911878
v 0.02343718 0.01641078 -0.03965063
v 0.02188642 0.01788922 -0.04020334
v 0.02163276 0.01850900 -0.03992177
v 0.02250903 0.01750185 -0.03983835
v 0.02276268 0.01781174 -0.03921785
v 0.02362742 0.01772782 -0.03820108
v -0.00389417 0.02889037 -0.04278961
v -0.00202635 0.02883872 -0.04269053
v -0.00109820 0.02880644 -0.04262275
v -0.00016429 0.02899367 -0.04207525
v 0.00076962 0.02894848 -0.04198140
v 0.00125964 0.02892265 -0.04193447
v 0.00186495 0.02889037 -0.04186669
v 0.00263168 0.02905823 -0.04130355
v 0.00356560 0.02925837 -0.04053184
v 0.00454563 0.02910342 -0.04060484
v 0.00542766 0.02905823 -0.04040148
v 0.00693806 0.02894202 -0.04010427
v 0.00756066 0.02888392 -0.03997392
v 0.00822939 0.02879999 -0.03979142
v 0.00911142 0.02868378 -0.03953070
v 0.00988392 0.02808982 -0.04021899
v 0.01050652 0.02796715 -0.04002606
v 0.01102536 0.02784449 -0.03985920
v 0.01198234 0.02754105 -0.03960892
v 0.01440936 0.02621756 -0.03923350
v 0.01337744 0.02706976 -0.03914485
v 0.01371757 0.02650808 -0.03949942
v 0.01221293 0.02787677 -0.03895193
v 0.01288742 0.02721179 -0.03934300
v 0.01537209 0.02532662 -0.03926999
v 0.01790288 0.02227935 -0.03994785
v 0.02072768 0.01949032 -0.03996870
v 0.01918269 0.02165957 -0.03934300
v 0.01948823 0.02105270 -0.03966106
v 0.02009930 0.02074926 -0.03934821
v 0.02128687 0.01819265 -0.04053184
v 0.02576619 0.01353782 -0.03870164
v 0.02529347 0.01451915 -0.03870164
v 0.02562207 0.01424799 -0.03842007
v 0.02636574 0.01291804 -0.03808115
v 0.02626197 0.01357656 -0.03775265
v 0.02639456 0.01391873 -0.03719994
v 0.02670011 0.01357656 -0.03685580
v 0.02741495 0.01227243 -0.03645431
v 0.02751872 0.01161391 -0.03677759
v 0.02780120 0.01072943 -0.03679845
v 0.02724777 0.01072943 -0.03796644
v 0.02820474 0.00325975 -0.03894671
v 0.02886770 0.00792749 -0.03586510
v 0.02907524 0.00693326 -0.03579210
v 0.02919054 0.00534506 -0.03620924
v 0.02923089 0.00471882 -0.03635002
v 0.02883311 0.00606169 -0.03679845
v 0.02849875 0.00517720 -0.03781001
v 0.02818168 0.00886362 -0.03702787
v 0.02839498 0.00886362 -0.03655859
v 0.02926548 0.00419588 -0.03642824
v 0.02911559 -0.01067892 -0.03212127
v 0.02882159 -0.01166024 -0.03213171
v 0.02845840 -0.01266739 -0.03216299
v 0.02832004 -0.01313869 -0.03187621
v 0.02836616 -0.01325489 -0.03119836
v 0.02861405 -0.01259638 -0.03119836
v 0.02894841 -0.01166024 -0.03119836
v 0.02908677 -0.01160214 -0.03026501
v 0.02924242 -0.01125351 -0.02995215
v 0.02909253 -0.01173772 -0.02933166
v 0.02908677 -0.01171835 -0.02840352
v 0.02924819 -0.01127288 -0.02933166
v 0.02939231 -0.01073057 -0.02933166
v 0.02984774 -0.00886476 -0.02840352
v 0.03004374 -0.00792863 -0.02746496
v 0.03000915 -0.00792863 -0.02653161
v 0.03013021 -0.00729594 -0.02653161
v 0.03031469 -0.00606283 -0.02653161
v 0.03045305 -0.00512669 -0.02653161
v 0.03036081 -0.00512669 -0.02560348
v 0.03057411 -0.00419702 -0.02653161
v 0.03056835 -0.00326089 -0.02560348
v 0.03051070 -0.00139508 -0.02467013
v 0.03055682 -0.00046541 -0.02467013
v 0.03039540 -0.00046541 -0.02374200
v 0.02934619 0.00233007 -0.02008160
v 0.02988809 0.00233007 -0.02188051
v 0.02983621 0.00325975 -0.02188051
v 0.02974973 0.00419588 -0.02188051
v 0.02927701 0.00419588 -0.02031624
v 0.02913289 0.00419588 -0.01984696
v 0.02873511 0.00699136 -0.02001382
v 0.02843534 0.00699136 -0.01921082
v 0.02827968 0.00646196 -0.01863726
v 0.02823357 0.00699136 -0.01874154
v 0.02836039 0.00772735 -0.01938289
v 0.02746107 0.00792749 -0.01744320
v 0.02724777 0.00792749 -0.01697392
v 0.02642339 0.01025814 -0.01674449
v 0.02687305 0.00792749 -0.01627521
v 0.02625044 0.00792749 -0.01518543
v 0.02637151 0.00699136 -0.01497165
v 0.02604867 0.00699136 -0.01441373
v 0.02555289 0.00764342 -0.01386102
v 0.01410958 0.00512555 0.00430017
v 0.01436324 0.00404093 0.00430017
v 0.02561630 0.00419588 -0.01282860
v 0.03023975 0.00046427 -0.02288165
v 0.03015904 0.00372459 -0.02327271
v 0.03011868 0.00139394 -0.02252708
v -0.01067945 0.00908313 0.00430017
v -0.02806636 0.01302134 -0.00938199
v 0.02846416 0.00139394 -0.03857129
v 0.02822780 0.00233007 -0.03899364
v 0.02977856 -0.00792863 -0.03213171
v 0.02956526 -0.00886476 -0.03213171
v 0.02927701 -0.00954911 -0.03286691
v 0.02915595 -0.00983317 -0.03313284
v 0.02920207 -0.01016889 -0.03241849
v 0.03021669 -0.00419702 -0.03287734
v 0.03017633 -0.00479743 -0.03269484
v 0.03006104 -0.00512024 -0.03302855
v 0.02993997 -0.00699250 -0.03213171
v 0.03023975 -0.00326089 -0.03313805
v 0.02990538 0.00046427 -0.03493175
v 0.02951914 0.00325975 -0.03586510
v 0.02986503 0.00139394 -0.03493175
v 0.03019939 -0.00139508 -0.03368555
v 0.03037810 -0.00046541 -0.03306505
v 0.03029740 -0.00233121 -0.03306505
v 0.03021669 -0.00046541 -0.03376376
v 0.03009563 0.00046427 -0.03422783
v -0.02806636 0.02687608 -0.04054748
v -0.02629078 0.02689545 -0.04161640
v -0.02676350 0.02705685 -0.04100112
v -0.02629078 0.02712786 -0.04115234
v -0.02533957 0.02724407 -0.04149126
v -0.02442295 0.02749586 -0.04146519
v -0.02488991 0.02799298 -0.04006256
v -0.02255513 0.02806399 -0.04117319
v -0.02157510 0.02813501 -0.04149648
v -0.02069307 0.02830932 -0.04146519
v -0.01882524 0.02863858 -0.04146519
v -0.01796051 0.02878707 -0.04141826
v -0.01695742 0.02849655 -0.04239854
v -0.01602351 0.02861276 -0.04239854
v -0.01511265 0.02874834 -0.04233075
v -0.01416145 0.02876125 -0.04251325
v -0.01322753 0.02879999 -0.04259146
v -0.01229362 0.02883227 -0.04266968
v -0.01135971 0.02886455 -0.04273746
v -0.01042580 0.02888392 -0.04278439
v -0.00949188 0.02861922 -0.04332667
v -0.00855797 0.02890974 -0.04284175
v -0.00762982 0.02891620 -0.04285739
v -0.00669591 0.02891620 -0.04284696
v -0.00576200 0.02890974 -0.04284175
v -0.00482809 0.02890328 -0.04282610
v 0.02414049 0.01639786 -0.03872771
v 0.02465357 0.01602341 -0.03834186
v 0.02482652 0.01536489 -0.03865993
v 0.02384072 0.01710158 -0.03849308
v 0.02132146 0.01915461 -0.03963499
v 0.02189218 0.01882535 -0.03930128
v 0.02220349 0.01816037 -0.03957242
v 0.02275115 0.01873496 -0.03827929
v 0.02249750 0.01935475 -0.03792472
v 0.02271656 0.01961945 -0.03730423
v 0.02356977 0.01858647 -0.03716866
v 0.02380037 0.01796669 -0.03757537
v 0.02442874 0.01752768 -0.03702266
v 0.02446333 0.01664320 -0.03802901
v -0.00389417 0.02910342 -0.04232554
v -0.00202635 0.02905823 -0.04222125
v -0.00109820 0.02902595 -0.04215868
v -0.00016429 0.02925191 -0.04146519
v 0.00161130 0.02907114 -0.04152255
v 0.00263168 0.02936812 -0.04053184
v 0.00449951 0.02948433 -0.03959849
v 0.00542766 0.02936812 -0.03959849
v 0.00636157 0.02923254 -0.03959849
v 0.00726089 0.02906469 -0.03963499
v 0.00822939 0.02924546 -0.03866514
v 0.00822939 0.02900013 -0.03932214
v 0.00876553 0.02894202 -0.03917614
v 0.00939390 0.02886455 -0.03898843
v 0.01016063 0.02879353 -0.03867036
v 0.01014910 0.02829641 -0.03966628
v 0.01102536 0.02814147 -0.03938992
v 0.01159032 0.02803171 -0.03920221
v 0.01531445 0.02620464 -0.03830015
v 0.01503196 0.02594640 -0.03892064
v 0.01400005 0.02683734 -0.03883721
v 0.01431135 0.02706976 -0.03821672
v 0.01466301 0.02652099 -0.03857129
v 0.01288742 0.02768308 -0.03864950
v 0.01318720 0.02789614 -0.03802901
v 0.01382710 0.02769600 -0.03772136
v 0.01374639 0.02719888 -0.03858172
v 0.01255883 0.02806399 -0.03833143
v 0.01565457 0.02562360 -0.03862343
v 0.01817960 0.02347372 -0.03836793
v 0.01979953 0.02136904 -0.03903014
v 0.02101016 0.01979376 -0.03934300
v 0.02546065 0.01486777 -0.03813329
v 0.02581231 0.01451915 -0.03778915
v 0.02627927 0.01452560 -0.03685580
v 0.02654445 0.01425445 -0.03657945
v 0.02729389 0.01289867 -0.03615188
v 0.02787038 0.01165910 -0.03586510
v 0.02816439 0.01074880 -0.03586510
v 0.02823933 0.01007091 -0.03617795
v 0.02832004 0.00944467 -0.03639695
v 0.02807791 0.00977393 -0.03674109
v 0.02919054 0.00720441 -0.03526546
v 0.02864287 0.00886362 -0.03586510
v 0.02891959 0.00886362 -0.03493175
v 0.02912712 0.00797268 -0.03494739
v 0.02927125 0.00606169 -0.03556267
v 0.02957679 0.00512555 -0.03493175
v 0.02943843 0.00419588 -0.03586510
v 0.02968632 -0.00886476 -0.03119836
v 0.02928277 -0.01048524 -0.03119836
v 0.02932890 -0.01077576 -0.03026501
v 0.02920207 -0.01111148 -0.03057265
v 0.02980161 -0.00886476 -0.03027022
v 0.02985926 -0.00886476 -0.02933166
v 0.03006680 -0.00794800 -0.02933166
v 0.03007833 -0.00784470 -0.02840874
v 0.03015904 -0.00747671 -0.02873202
v 0.03014751 -0.00739923 -0.02746496
v 0.03021669 -0.00693440 -0.02746496
v 0.03034352 -0.00606283 -0.02746496
v 0.03047611 -0.00512669 -0.02746496
v 0.03059717 -0.00419702 -0.02746496
v 0.03065482 -0.00326089 -0.02653161
v 0.03061447 -0.00233121 -0.02560348
v 0.03070670 -0.00046541 -0.02560348
v 0.03055682 0.00046427 -0.02467013
v 0.03039540 0.00046427 -0.02374200
v 0.03008410 0.00335659 -0.02285558
v 0.02999186 0.00419588 -0.02280343
v 0.02985926 0.00512555 -0.02280343
v 0.02961137 0.00512555 -0.02188051
v 0.02923666 0.00473819 -0.02044138
v 0.02906948 0.00508036 -0.02008682
v 0.02918477 0.00719796 -0.02155202
v 0.02884464 0.00792749 -0.02094195
v 0.02849875 0.00799205 -0.01994082
v 0.02913289 0.00606169 -0.02078552
v 0.02827968 0.00834714 -0.01958103
v 0.02738613 0.00848271 -0.01762570
v 0.02721895 0.00985140 -0.01813669
v 0.02712094 0.00881843 -0.01727113
v 0.02659057 0.01072943 -0.01735977
v 0.02634268 0.01072943 -0.01689570
v 0.02598526 0.01072943 -0.01627521
v 0.02560478 0.01072943 -0.01561821
v 0.02544336 0.01010319 -0.01496643
v 0.02573737 0.00979330 -0.01530536
v 0.02554136 0.00948341 -0.01479958
v 0.02563936 0.00886362 -0.01463794
v 0.02576043 0.00794040 -0.01436158
v 0.01383286 0.00606169 0.00430017
v 0.02544912 0.00826321 -0.01401744
v 0.03051070 0.00139394 -0.02467013
v 0.03056835 0.00325975 -0.02560348
v 0.03048764 0.00419588 -0.02560348
v 0.03013021 0.00419588 -0.02345000
v -0.01018944 0.00953506 0.00430017
v -0.02806636 0.01352491 -0.00976263
v -0.00964754 0.01002572 0.00430017
v -0.00920364 0.01041954 0.00430017
v -0.00854644 0.01098122 0.00430017
v 0.03012445 -0.00721201 -0.03044229
v 0.03015904 -0.00747671 -0.02982180
v 0.03003798 -0.00784470 -0.03018679
v 0.03032622 -0.00419702 -0.03213171
v 0.03040693 -0.00326089 -0.03213171
v 0.03021092 -0.00512024 -0.03210563
v 0.03013021 -0.00541722 -0.03239763
v 0.03008410 -0.00602409 -0.03210563
v 0.02977856 0.00325975 -0.03493175
v 0.03016480 0.00294340 -0.03356040
v 0.03053376 -0.00046541 -0.03213171
v 0.03037810 0.00046427 -0.03306505
v 0.03021669 0.00046427 -0.03376376
v 0.03019939 0.00139394 -0.03368555
v -0.02806636 0.02695355 -0.04038584
v -0.02713245 0.02717951 -0.04050577
v -0.02629078 0.02741839 -0.04053184
v -0.02551252 0.02791551 -0.03988528
v -0.02526463 0.02773473 -0.04043798
v -0.02584688 0.02892911 -0.03728337
v -0.02255513 0.02832869 -0.04053184
v -0.02220347 0.02894848 -0.03919178
v -0.02162698 0.02851592 -0.04053184
v -0.02162698 0.02881290 -0.03979142
v -0.02062389 0.02872897 -0.04044841
v -0.01831793 0.02891620 -0.04098027
v -0.02185758 0.02982005 -0.03716866
v -0.01543549 0.02890974 -0.04189276
v -0.01695742 0.02881290 -0.04166333
v -0.01769532 0.02895493 -0.04107933
v -0.01602351 0.02905823 -0.04134005
v -0.01481288 0.02894202 -0.04198140
v -0.01416145 0.02897430 -0.04204397
v -0.01229362 0.02904532 -0.04220561
v -0.01135971 0.02907114 -0.04226818
v -0.01042580 0.02909697 -0.04231511
v -0.00855797 0.02912279 -0.04237768
v -0.00762982 0.02912925 -0.04238811
v -0.00669591 0.02912925 -0.04238289
v -0.00482809 0.02911633 -0.04235682
v 0.02163276 0.01944513 -0.03897278
v 0.02219196 0.01909005 -0.03862864
v 0.02187489 0.01972274 -0.03835229
v 0.02284916 0.01978730 -0.03679845
v 0.02314893 0.02004555 -0.03583903
v 0.02365624 0.01964527 -0.03547403
v 0.02335070 0.01912233 -0.03682973
v 0.02182877 0.02060077 -0.03736159
v 0.02199595 0.02078800 -0.03679845
v 0.02245715 0.02025214 -0.03679845
v 0.02262433 0.02044582 -0.03620402
v 0.02459015 0.01777301 -0.03639695
v 0.02475734 0.01723715 -0.03674109
v 0.02463051 0.01690789 -0.03740330
v 0.02531077 0.01542945 -0.03778915
v -0.00389417 0.02945851 -0.04146519
v -0.00296026 0.02941977 -0.04146519
v -0.00202635 0.02936812 -0.04146519
v -0.00109820 0.02931647 -0.04146519
v -0.00016429 0.02960700 -0.04053184
v 0.00076962 0.02953598 -0.04053184
v 0.00169201 0.02974257 -0.03971842
v 0.00230885 0.02987170 -0.03917093
v 0.00292569 0.02983941 -0.03908228
v 0.00356560 0.02959408 -0.03959849
v 0.00449951 0.02975549 -0.03880593
v 0.00538730 0.02971675 -0.03859214
v 0.00636157 0.02955535 -0.03866514
v 0.00728971 0.02940686 -0.03866514
v 0.00911142 0.02905823 -0.03867036
v 0.00822939 0.02955535 -0.03773179
v 0.00915754 0.02937458 -0.03773179
v 0.01052382 0.02891620 -0.03817500
v 0.01102536 0.02851592 -0.03866514
v 0.01191892 0.02817375 -0.03864950
v 0.01620800 0.02617236 -0.03733030
v 0.01594282 0.02591412 -0.03795079
v 0.01522797 0.02705685 -0.03726773
v 0.01557963 0.02650162 -0.03761187
v 0.01467454 0.02719242 -0.03763794
v 0.01413264 0.02789614 -0.03707480
v 0.01351003 0.02806399 -0.03740330
v 0.01189010 0.02865150 -0.03765879
v 0.01288742 0.02821248 -0.03772136
v 0.01785100 0.02409351 -0.03798208
v 0.01879644 0.02317029 -0.03799251
v 0.01911927 0.02255050 -0.03838358
v 0.02005319 0.02162083 -0.03840443
v 0.02038755 0.02102687 -0.03870686
v 0.02072191 0.02041354 -0.03900407
v 0.02580078 0.01542945 -0.03682973
v 0.02640033 0.01487423 -0.03627181
v 0.02670011 0.01452560 -0.03592245
v 0.02740342 0.01316983 -0.03553139
v 0.02751872 0.01258878 -0.03584945
v 0.02716129 0.01349909 -0.03584945
v 0.02815286 0.01166556 -0.03496304
v 0.02826239 0.01107160 -0.03528632
v 0.02841228 0.00977393 -0.03586510
v 0.02927125 0.00768862 -0.03464497
v 0.02957102 0.00699136 -0.03399840
v 0.02931737 0.00693326 -0.03494739
v 0.02929430 0.00866994 -0.03377419
v 0.02920783 0.00830840 -0.03439468
v 0.02871782 0.01072943 -0.03399840
v 0.02937501 0.00797268 -0.03405054
v 0.02983044 0.00512555 -0.03399840
v 0.02969785 0.00419588 -0.03493175
v 0.03015904 -0.00748316 -0.02933166
v 0.03023398 -0.00699250 -0.02933166
v 0.03036081 -0.00606283 -0.02840352
v 0.03049340 -0.00512669 -0.02840352
v 0.03061447 -0.00419702 -0.02840352
v 0.03067788 -0.00326089 -0.02746496
v 0.03070094 -0.00233121 -0.02653161
v 0.03078741 -0.00046541 -0.02653161
v 0.03070670 0.00046427 -0.02560348
v 0.03061447 0.00233007 -0.02560348
v 0.02971514 0.00606169 -0.02280343
v 0.02976703 0.00699136 -0.02374200
v 0.02957102 0.00699136 -0.02280343
v 0.02932313 0.00692680 -0.02187008
v 0.02927701 0.00768216 -0.02217251
v 0.02920207 0.00830194 -0.02241758
v 0.02860252 0.00886362 -0.02094195
v 0.02830851 0.00938011 -0.02043617
v 0.02837769 0.00886362 -0.02023803
v 0.02776661 0.01072943 -0.02001382
v 0.02747260 0.01072943 -0.01928904
v 0.02791650 0.00886362 -0.01908047
v 0.02726506 0.01072943 -0.01882497
v 0.02695953 0.01072943 -0.01814712
v 0.02648680 0.01133630 -0.01756834
v 0.02550677 0.01123300 -0.01578507
v 0.02532806 0.01072943 -0.01515936
v 0.02483228 0.01071006 -0.01438766
v 0.02461321 0.01038726 -0.01387145
v 0.02521853 0.00979330 -0.01446065
v 0.02534536 0.00886362 -0.01416866
v 0.02472275 0.00979330 -0.01372545
v 0.01351580 0.00691389 0.00430017
v 0.03065482 0.00325975 -0.02653161
v 0.03017057 0.00474465 -0.02412785
v 0.03057411 0.00419588 -0.02653161
v 0.03045305 0.00512555 -0.02653161
v 0.03036081 0.00512555 -0.02560348
v 0.03006104 0.00508682 -0.02378892
v -0.02806636 0.01409950 -0.01020584
v -0.00818902 0.01126528 0.00430017
v 0.03043576 -0.00512669 -0.03027022
v 0.03019363 -0.00693440 -0.03018679
v 0.03049917 -0.00512669 -0.02933166
v 0.03036658 -0.00606283 -0.02933166
v 0.03044152 -0.00419702 -0.03119836
v 0.03063176 -0.00326089 -0.03027022
v 0.03014751 0.00356318 -0.03349783
v 0.03023975 0.00325975 -0.03313805
v 0.03029740 0.00233007 -0.03306505
v 0.03075282 -0.00046541 -0.03027022
v 0.03067211 -0.00233121 -0.03027022
v 0.03053376 0.00046427 -0.03213171
v -0.02806636 0.02720534 -0.03983835
v -0.02787612 0.02710849 -0.04017727
v -0.02631384 0.02782512 -0.03958285
v -0.02806636 0.02729572 -0.03963499
v -0.02601406 0.02804463 -0.03925957
v -0.02646949 0.02884518 -0.03706437
v -0.02621007 0.02903241 -0.03677238
v -0.02629078 0.02936167 -0.03586510
v -0.02552981 0.02979422 -0.03521853
v -0.02527039 0.02963928 -0.03577646
v -0.02535686 0.02922609 -0.03679845
v -0.02344869 0.02966510 -0.03673588
v -0.02255513 0.02975549 -0.03699659
v -0.02348904 0.02925837 -0.03773179
v -0.02806636 0.02776056 -0.03856607
v -0.02069307 0.03014285 -0.03679845
v -0.01887713 0.03003955 -0.03780479
v -0.01789133 0.02976194 -0.03888414
v -0.01602351 0.02936812 -0.04053184
v -0.02255513 0.03018159 -0.03586510
v -0.02162698 0.03034299 -0.03586510
v -0.01511265 0.02908405 -0.04153819
v -0.01416145 0.02920672 -0.04146519
v -0.01322753 0.02927774 -0.04146519
v -0.01135971 0.02940686 -0.04146519
v -0.01042580 0.02944560 -0.04146519
v -0.00855797 0.02949724 -0.04146519
v -0.00762982 0.02951661 -0.04146519
v -0.00669591 0.02951016 -0.04146519
v -0.00482809 0.02948433 -0.04146519
v 0.02129840 0.02007137 -0.03868078
v 0.02159241 0.02034898 -0.03798208
v 0.02278574 0.02063951 -0.03558353
v 0.02452097 0.01861230 -0.03529675
v 0.02388107 0.01912233 -0.03581817
v 0.02341412 0.02025860 -0.03493175
v 0.02438262 0.01842507 -0.03586510
v 0.02125805 0.02094940 -0.03768487
v 0.02091216 0.02154981 -0.03738244
v 0.02110240 0.02175641 -0.03679845
v 0.02156359 0.02125929 -0.03679845
v 0.02173077 0.02142069 -0.03627181
v 0.02226114 0.02103333 -0.03592767
v 0.02472275 0.01796023 -0.03586510
v 0.02520123 0.01723070 -0.03585467
v 0.02540877 0.01665611 -0.03615709
v 0.02526465 0.01633330 -0.03682973
v 0.02543759 0.01576517 -0.03715301
v -0.00389417 0.02974903 -0.04069348
v -0.00296026 0.02972966 -0.04063613
v -0.00202635 0.02970384 -0.04057877
v -0.00087914 0.02984587 -0.04002606
v -0.00016429 0.02982005 -0.03994785
v 0.00076962 0.02978131 -0.03983313
v 0.00076962 0.02993626 -0.03937428
v 0.00169201 0.02989752 -0.03925435
v 0.00076962 0.03016222 -0.03866514
v 0.00076962 0.03069807 -0.03696009
v 0.00169201 0.03037527 -0.03773179
v 0.00263168 0.03029134 -0.03773179
v 0.00262015 0.02998145 -0.03872771
v 0.00356560 0.02995563 -0.03850871
v 0.00356560 0.02980713 -0.03897278
v 0.00356560 0.03019450 -0.03773179
v 0.00449951 0.03008475 -0.03773179
v 0.00568131 0.02982650 -0.03811243
v 0.00636157 0.02978131 -0.03795079
v 0.00727818 0.02972320 -0.03768487
v 0.00696688 0.02987815 -0.03734073
v 0.00822939 0.02977485 -0.03698616
v 0.00875400 0.02986524 -0.03637088
v 0.00910566 0.02969092 -0.03673066
v 0.01009722 0.02945851 -0.03679845
v 0.01016063 0.02912279 -0.03781001
v 0.01102536 0.02923254 -0.03679845
v 0.01102536 0.02900658 -0.03750237
v 0.01152114 0.02893557 -0.03728858
v 0.01800088 0.02516522 -0.03629788
v 0.01895209 0.02424845 -0.03631874
v 0.01809889 0.02432593 -0.03736159
v 0.01844478 0.02375134 -0.03767965
v 0.01586787 0.02681152 -0.03679845
v 0.01640401 0.02634022 -0.03679845
v 0.01472066 0.02765726 -0.03677759
v 0.01540092 0.02717951 -0.03679845
v 0.01607541 0.02698583 -0.03621445
v 0.01382710 0.02818666 -0.03677759
v 0.01438053 0.02803817 -0.03645431
v 0.01214375 0.02883227 -0.03699137
v 0.01282401 0.02866441 -0.03673066
v 0.01939022 0.02282812 -0.03768487
v 0.01974188 0.02224061 -0.03800293
v 0.02032990 0.02189844 -0.03769530
v 0.02559325 0.01602987 -0.03653252
v 0.02555289 0.01689498 -0.03553660
v 0.02652716 0.01510019 -0.03565131
v 0.02711518 0.01439002 -0.03487439
v 0.02728236 0.01379607 -0.03514032
v 0.02780696 0.01259524 -0.03493175
v 0.02747836 0.01349909 -0.03487439
v 0.02823933 0.01197545 -0.03427997
v 0.02834886 0.01135567 -0.03466582
v 0.02979008 0.00699136 -0.03306505
v 0.02992268 0.00606169 -0.03306505
v 0.03011868 0.00419588 -0.03334141
v 0.02962290 0.00792749 -0.03306505
v 0.02921360 0.00928972 -0.03348741
v 0.02937501 0.00893464 -0.03313284
v 0.02843534 0.01166556 -0.03398276
v 0.02866593 0.01165910 -0.03306505
v 0.02894265 0.01072943 -0.03306505
v 0.02995150 0.00419588 -0.03399840
v 0.03062023 -0.00419702 -0.02933166
v 0.03069518 -0.00326089 -0.02840352
v 0.03082777 -0.00046541 -0.02840352
v 0.03078741 0.00046427 -0.02653161
v 0.03070094 0.00233007 -0.02653161
v 0.02992268 0.00699136 -0.02467013
v 0.02959408 0.00792749 -0.02374200
v 0.03012445 0.00537089 -0.02440420
v 0.03007257 0.00604232 -0.02470142
v 0.02937501 0.00796623 -0.02276172
v 0.02928854 0.00863766 -0.02303807
v 0.02913865 0.00891527 -0.02276172
v 0.02866593 0.01072943 -0.02280343
v 0.02889076 0.00886362 -0.02188051
v 0.02838345 0.00973519 -0.02098888
v 0.02823357 0.01097476 -0.02160416
v 0.02822204 0.00999989 -0.02070731
v 0.02811827 0.01069069 -0.02098888
v 0.02778967 0.01165910 -0.02094195
v 0.02748989 0.01161391 -0.02005553
v 0.02738613 0.01126528 -0.01947675
v 0.02662516 0.01165265 -0.01814712
v 0.02635421 0.01195608 -0.01783427
v 0.02546065 0.01393164 -0.01773520
v 0.02616973 0.01165265 -0.01723463
v 0.02566242 0.01158809 -0.01630649
v 0.02513205 0.01158809 -0.01542007
v 0.02456133 0.01213040 -0.01487779
v 0.02465933 0.01165910 -0.01472658
v 0.02447486 0.01101350 -0.01405394
v 0.01310073 0.00792749 0.00430017
v 0.03067788 0.00325975 -0.02746496
v 0.03021669 0.00508682 -0.02470142
v 0.03059717 0.00419588 -0.02746496
v 0.03047611 0.00512555 -0.02746496
v 0.03034352 0.00606169 -0.02746496
v 0.03021669 0.00693326 -0.02746496
v 0.03031469 0.00606169 -0.02653161
v 0.03018210 0.00667501 -0.02593719
v 0.03013021 0.00633930 -0.02531670
v -0.02806636 0.01457725 -0.01058648
v -0.00765865 0.01165910 0.00430017
v -0.02806636 0.01514539 -0.01104533
v 0.03055105 -0.00419702 -0.03027022
v 0.03069518 -0.00326089 -0.02933166
v 0.03078165 -0.00139508 -0.02933166
v 0.03021669 0.00419588 -0.03287734
v 0.03040693 0.00325975 -0.03213171
v 0.03082200 -0.00046541 -0.02933166
v 0.03075282 0.00046427 -0.03027022
v 0.03063176 0.00325975 -0.03027022
v 0.03067211 0.00233007 -0.03027022
v -0.02806636 0.02849655 -0.03679845
v -0.02722469 0.02874834 -0.03677238
v -0.02691338 0.02896785 -0.03644388
v -0.02806636 0.02810919 -0.03773179
v -0.02629654 0.02971029 -0.03491611
v -0.02722469 0.02909697 -0.03588596
v -0.02599100 0.02989752 -0.03459283
v -0.02535686 0.03023969 -0.03399840
v -0.02348904 0.03032362 -0.03493175
v -0.02490720 0.02985878 -0.03540624
v -0.02373117 0.02980713 -0.03620402
v -0.02310856 0.02987170 -0.03638131
v -0.01975915 0.03064642 -0.03581296
v -0.01975915 0.03028488 -0.03679845
v -0.01882524 0.03042046 -0.03679845
v -0.01789133 0.03019450 -0.03773179
v -0.01695742 0.02999436 -0.03855565
v -0.01508959 0.02947142 -0.04053184
v -0.02255513 0.03051085 -0.03493175
v -0.02442295 0.02991043 -0.03554182
v -0.02167310 0.03067225 -0.03490568
v -0.02069307 0.03072390 -0.03519768
v -0.01416145 0.02956180 -0.04053184
v -0.01202844 0.02987170 -0.04010427
v -0.01135971 0.02972320 -0.04062570
v -0.01042580 0.02974257 -0.04067784
v -0.00855797 0.02976840 -0.04075084
v -0.00762982 0.02977485 -0.04077169
v -0.00669591 0.02977485 -0.04076648
v -0.00576200 0.02976840 -0.04075084
v -0.00482809 0.02976194 -0.04072477
v 0.02294140 0.02082028 -0.03493175
v 0.02177689 0.02241493 -0.03450418
v 0.02463051 0.01875433 -0.03467625
v 0.02488416 0.01825721 -0.03496825
v 0.02537994 0.01754059 -0.03493175
v 0.02377154 0.01978730 -0.03493175
v 0.02354671 0.02042646 -0.03424347
v 0.02389260 0.02009074 -0.03396190
v 0.02266468 0.02142715 -0.03438425
v 0.01998401 0.02247949 -0.03738244
v 0.01989753 0.02332523 -0.03633438
v 0.02065850 0.02222124 -0.03679845
v 0.02081415 0.02238265 -0.03631874
v -0.00389417 0.02991043 -0.04022941
v -0.00296026 0.02989106 -0.04017206
v -0.00202635 0.02987170 -0.04010949
v -0.00296026 0.03039464 -0.03866514
v -0.00296026 0.03082074 -0.03735637
v -0.00109820 0.03059478 -0.03773179
v -0.00016429 0.03023323 -0.03866514
v -0.00016429 0.03053022 -0.03773179
v -0.00016429 0.03087884 -0.03662116
v 0.00076962 0.03084011 -0.03649602
v 0.00142682 0.03080783 -0.03639695
v 0.00263168 0.03074972 -0.03619881
v 0.00356560 0.03047211 -0.03679845
v 0.00449951 0.03036236 -0.03679845
v 0.00542766 0.03024615 -0.03679845
v 0.00636157 0.02992334 -0.03748673
v 0.00636157 0.03011703 -0.03679845
v 0.00636157 0.03037527 -0.03586510
v 0.00728971 0.03023323 -0.03586510
v 0.00822939 0.02991043 -0.03651688
v 0.00937661 0.02980713 -0.03613102
v 0.00728971 0.03047211 -0.03493175
v 0.00822939 0.03031071 -0.03493175
v 0.00915754 0.03014285 -0.03493175
v 0.01007992 0.02972966 -0.03583903
v 0.01102536 0.02950370 -0.03586510
v 0.01195928 0.02924546 -0.03586510
v 0.01189010 0.02900658 -0.03673066
v 0.01725721 0.02628212 -0.03564610
v 0.01820266 0.02536536 -0.03567738
v 0.01523374 0.02799298 -0.03540624
v 0.01628295 0.02716014 -0.03559396
v 0.01565457 0.02750232 -0.03580774
v 0.01338897 0.02893557 -0.03543232
v 0.01375216 0.02861922 -0.03579731
v 0.01472066 0.02812855 -0.03577646
v 0.01246082 0.02893557 -0.03637088
v 0.02565089 0.01707575 -0.03493175
v 0.02634845 0.01572643 -0.03515596
v 0.02661363 0.01540363 -0.03487961
v 0.02734001 0.01488714 -0.03346655
v 0.02725930 0.01469346 -0.03399840
v 0.02737460 0.01403494 -0.03451982
v 0.02772626 0.01352491 -0.03399840
v 0.02832580 0.01222078 -0.03365948
v 0.02977856 0.00792749 -0.03213171
v 0.02993997 0.00699136 -0.03213171
v 0.03017633 0.00479629 -0.03269484
v 0.03006104 0.00511910 -0.03302855
v 0.02956526 0.00886362 -0.03213171
v 0.02915595 0.00983203 -0.03313284
v 0.02927701 0.00954797 -0.03286691
v 0.02839498 0.01240155 -0.03306505
v 0.02827968 0.01302134 -0.03249670
v 0.02882159 0.01165910 -0.03213171
v 0.02911559 0.01067778 -0.03212127
v 0.02920207 0.01016775 -0.03241849
v 0.03082777 0.00046427 -0.02840352
v 0.03007833 0.00699136 -0.02561391
v 0.02990538 0.00792749 -0.02560348
v 0.02974973 0.00792749 -0.02467013
v 0.02953067 0.00886362 -0.02467013
v 0.02935195 0.00891527 -0.02371071
v 0.02920783 0.00925744 -0.02337179
v 0.02888500 0.01072943 -0.02374200
v 0.02859675 0.01165910 -0.02374200
v 0.02840075 0.01162682 -0.02286600
v 0.02832580 0.01129111 -0.02222987
v 0.02830851 0.01216913 -0.02322057
v 0.02746684 0.01255650 -0.02102538
v 0.02739189 0.01221433 -0.02039446
v 0.02810097 0.01162682 -0.02190137
v 0.02725930 0.01189152 -0.01976875
v 0.02637727 0.01387354 -0.01965403
v 0.02636574 0.01291804 -0.01874676
v 0.02577772 0.01358302 -0.01808455
v 0.02446333 0.01378315 -0.01596757
v 0.02529923 0.01358302 -0.01719292
v 0.02559901 0.01330540 -0.01749534
v 0.02561054 0.01422217 -0.01836090
v 0.02544912 0.01484841 -0.01870504
v 0.02532806 0.01450623 -0.01808455
v 0.02484957 0.01446104 -0.01720334
v 0.02465357 0.01415761 -0.01659328
v 0.02460745 0.01316337 -0.01573293
v 0.02422697 0.01349263 -0.01539400
v 0.02362742 0.01399620 -0.01487779
v 0.01266836 0.00879261 0.00430017
v 0.03069518 0.00325975 -0.02840352
v 0.03061447 0.00419588 -0.02840352
v 0.03049340 0.00512555 -0.02840352
v 0.03036081 0.00606169 -0.02840352
v 0.03015904 0.00747557 -0.02873202
v 0.03014751 0.00739809 -0.02746496
v 0.03013021 0.00729480 -0.02653161
v -0.00708792 0.01207875 0.00430017
v -0.02806636 0.01556503 -0.01139468
v 0.03032622 0.00419588 -0.03213171
v 0.03044152 0.00419588 -0.03119836
v 0.03082200 0.00046427 -0.02933166
v 0.03069518 0.00325975 -0.02933166
v 0.03078165 0.00139394 -0.02933166
v 0.03055105 0.00419588 -0.03027022
v 0.03062023 0.00419588 -0.02933166
v -0.02806636 0.02882581 -0.03596417
v -0.02753599 0.02887746 -0.03621967
v -0.02722469 0.02944560 -0.03493175
v -0.02661361 0.02982005 -0.03435297
v -0.02794530 0.02900013 -0.03559396
v -0.02629654 0.03000727 -0.03402447
v -0.02629078 0.03029780 -0.03306505
v -0.02535686 0.03051730 -0.03306505
v -0.02378881 0.03075618 -0.03340919
v -0.02348328 0.03064642 -0.03396712
v -0.02255513 0.03073035 -0.03427997
v -0.02007046 0.03076909 -0.03533325
v -0.01944785 0.03081428 -0.03546360
v -0.01882524 0.03069162 -0.03605281
v -0.01789133 0.03053667 -0.03679845
v -0.01602351 0.03040109 -0.03773179
v -0.01508959 0.03015576 -0.03866514
v -0.02201323 0.03077555 -0.03442597
v -0.02167310 0.03094340 -0.03407140
v -0.02069307 0.03087884 -0.03472839
v -0.01975915 0.03093049 -0.03498911
v -0.01416145 0.02979422 -0.03989049
v -0.01135971 0.02989106 -0.04015641
v -0.01416145 0.03056895 -0.03773179
v -0.01416145 0.03076263 -0.03718430
v -0.01353307 0.03078200 -0.03723644
v -0.01229362 0.03065288 -0.03781001
v -0.01042580 0.02991043 -0.04021377
v -0.00949188 0.02992334 -0.04024506
v -0.00855797 0.03016867 -0.03959849
v -0.00762982 0.02994271 -0.04030242
v -0.00669591 0.03018159 -0.03959849
v -0.00482809 0.02992334 -0.04026070
v 0.02186336 0.02251177 -0.03399840
v 0.02238797 0.02188553 -0.03404533
v 0.02068156 0.02318320 -0.03514032
v 0.02085450 0.02335106 -0.03451461
v 0.01911927 0.02535244 -0.03399840
v 0.01958046 0.02488115 -0.03399840
v 0.01931528 0.02555258 -0.03306505
v 0.02022037 0.02460354 -0.03306505
v 0.02440568 0.01937411 -0.03399840
v 0.02474004 0.01890928 -0.03399840
v 0.02525312 0.01816683 -0.03405054
v 0.02557019 0.01784402 -0.03377940
v 0.02547218 0.01768908 -0.03439990
v 0.02365624 0.02056203 -0.03362298
v 0.02425003 0.02000681 -0.03305984
v 0.02276845 0.02154981 -0.03376376
v 0.01913657 0.02443568 -0.03569824
v 0.01937293 0.02467455 -0.03483789
v 0.01975917 0.02411933 -0.03514553
v 0.02002436 0.02345435 -0.03586510
v -0.00482809 0.03014931 -0.03959849
v -0.00389417 0.03012348 -0.03959849
v -0.00296026 0.03008475 -0.03959849
v -0.00389417 0.03069162 -0.03788822
v -0.00199752 0.03091758 -0.03688187
v -0.00229730 0.03080137 -0.03729901
v -0.00389417 0.03104025 -0.03679845
v -0.00296026 0.03099505 -0.03679845
v -0.00109820 0.03091112 -0.03672023
v -0.00109820 0.03116937 -0.03586510
v -0.00016429 0.03110481 -0.03586510
v 0.00076962 0.03102088 -0.03586510
v 0.00263168 0.03088530 -0.03572953
v 0.00356560 0.03083365 -0.03555225
v 0.00410750 0.03080137 -0.03543753
v 0.00542766 0.03050439 -0.03586510
v 0.00542766 0.03071098 -0.03509339
v 0.00594073 0.03079491 -0.03449375
v 0.00975709 0.02988461 -0.03551053
v 0.00822939 0.03053022 -0.03399840
v 0.00656334 0.03074972 -0.03427997
v 0.00915754 0.03035590 -0.03399840
v 0.01007992 0.02995563 -0.03492654
v 0.01037970 0.02982005 -0.03523417
v 0.01195928 0.02949724 -0.03493175
v 0.01101960 0.02974257 -0.03492654
v 0.01133667 0.02982005 -0.03430083
v 0.01694591 0.02692773 -0.03493175
v 0.01787982 0.02598514 -0.03512468
v 0.01881950 0.02505546 -0.03514553
v 0.01476101 0.02840617 -0.03493175
v 0.01537209 0.02807691 -0.03493175
v 0.01602929 0.02790259 -0.03422783
v 0.01583328 0.02776701 -0.03493175
v 0.01647895 0.02730218 -0.03493175
v 0.01288742 0.02921963 -0.03493175
v 0.01288742 0.02943914 -0.03399840
v 0.01353886 0.02900013 -0.03493175
v 0.01438053 0.02896139 -0.03367512
v 0.01472066 0.02871606 -0.03399319
v 0.01400581 0.02878707 -0.03493175
v 0.02626774 0.01650762 -0.03399840
v 0.02689611 0.01539072 -0.03399840
v 0.02636574 0.01668839 -0.03332055
v 0.02616397 0.01719196 -0.03302855
v 0.02716706 0.01536489 -0.03311720
v 0.02741495 0.01502918 -0.03284605
v 0.02756484 0.01453206 -0.03311720
v 0.02744954 0.01422862 -0.03399840
v 0.02796838 0.01352491 -0.03306505
v 0.02821627 0.01287285 -0.03306505
v 0.03003798 0.00784356 -0.03018679
v 0.03015904 0.00747557 -0.02982180
v 0.03012445 0.00721087 -0.03044229
v 0.02968632 0.00886362 -0.03119836
v 0.02980161 0.00886362 -0.03027022
v 0.03008410 0.00602295 -0.03210563
v 0.03013021 0.00541608 -0.03239763
v 0.03021092 0.00511910 -0.03210563
v 0.02832004 0.01313755 -0.03187621
v 0.02845840 0.01266625 -0.03216299
v 0.02777237 0.01446104 -0.03213171
v 0.02894841 0.01165910 -0.03119836
v 0.02920207 0.01111034 -0.03057265
v 0.02932890 0.01077462 -0.03026501
v 0.02928277 0.01048410 -0.03119836
v 0.03000915 0.00792749 -0.02653161
v 0.02968632 0.00886362 -0.02560348
v 0.02944419 0.00979330 -0.02560348
v 0.02915018 0.01091020 -0.02560348
v 0.02875817 0.01165910 -0.02467013
v 0.02841804 0.01262106 -0.02473792
v 0.02836039 0.01230471 -0.02374200
v 0.02750719 0.01448041 -0.02377328
v 0.02730542 0.01480321 -0.02348650
v 0.02743801 0.01418343 -0.02302765
v 0.02725930 0.01373796 -0.02188051
v 0.02726506 0.01284057 -0.02076467
v 0.02651563 0.01418343 -0.02027974
v 0.02665975 0.01354428 -0.01998774
v 0.02710365 0.01255650 -0.02005553
v 0.02427308 0.01446104 -0.01627521
v 0.02377154 0.01436420 -0.01542007
v 0.02578349 0.01450623 -0.01903875
v 0.02636574 0.01480967 -0.02063431
v 0.02559901 0.01510665 -0.01932554
v 0.02528770 0.01540363 -0.01903875
v 0.02446333 0.01663028 -0.01881454
v 0.02464780 0.01600404 -0.01845476
v 0.02483228 0.01540363 -0.01814191
v 0.02447486 0.01571998 -0.01782905
v 0.02465933 0.01509374 -0.01751098
v 0.02446909 0.01477739 -0.01689049
v 0.01238011 0.00925099 0.00430017
v 0.02365048 0.01496461 -0.01577986
v 0.02263586 0.01670776 -0.01589457
v 0.03049917 0.00512555 -0.02933166
v 0.03036658 0.00606169 -0.02933166
v 0.03023398 0.00699136 -0.02933166
v 0.03015904 0.00748202 -0.02933166
v 0.03006680 0.00794686 -0.02933166
v 0.03007833 0.00784356 -0.02840874
v 0.03004374 0.00792749 -0.02746496
v -0.00668438 0.01236282 0.00430017
v -0.02806636 0.02462290 -0.01921082
v 0.03043576 0.00512555 -0.03027022
v -0.02806636 0.02891620 -0.03572431
v -0.02806636 0.02905823 -0.03533846
v -0.02806636 0.02912925 -0.03514032
v -0.02806636 0.02918089 -0.03498911
v -0.02697680 0.02992334 -0.03373248
v -0.02806636 0.02951661 -0.03399840
v -0.02629078 0.03052376 -0.03213171
v -0.02540875 0.03072390 -0.03218906
v -0.02725928 0.03001373 -0.03310155
v -0.02787612 0.02991043 -0.03280956
v -0.02482073 0.03077555 -0.03253320
v -0.02420389 0.03084011 -0.03278870
v -0.02348328 0.03091112 -0.03308591
v -0.02316620 0.03082074 -0.03362298
v -0.02255513 0.03109835 -0.03306505
v -0.01882524 0.03085302 -0.03558353
v -0.01882524 0.03107253 -0.03493175
v -0.01789133 0.03091112 -0.03573995
v -0.01668070 0.03080783 -0.03639174
v -0.01602351 0.03067870 -0.03694966
v -0.01508959 0.03072390 -0.03708002
v -0.01508959 0.03049148 -0.03773179
v -0.02162698 0.03124684 -0.03306505
v -0.02069307 0.03138242 -0.03306505
v -0.01975915 0.03124038 -0.03399840
v -0.01135971 0.03067870 -0.03788301
v -0.01508959 0.03088530 -0.03661595
v -0.01416145 0.03091758 -0.03671502
v -0.01229362 0.03100151 -0.03679845
v -0.01042580 0.03044629 -0.03866514
v -0.01042580 0.03069807 -0.03792994
v -0.00855797 0.03048502 -0.03866514
v -0.00762982 0.03049794 -0.03866514
v -0.00762982 0.03072390 -0.03799772
v -0.00669591 0.03071744 -0.03798729
v -0.00576200 0.03047857 -0.03866514
v 0.02201901 0.02267963 -0.03306505
v 0.02248597 0.02215023 -0.03306505
v 0.02112545 0.02364158 -0.03306505
v 0.02159241 0.02314446 -0.03306505
v 0.02288375 0.02168539 -0.03306505
v 0.01899244 0.02522332 -0.03452504
v 0.01864079 0.02581728 -0.03399840
v 0.01884832 0.02601742 -0.03306505
v 0.01997248 0.02527497 -0.03190228
v 0.01986871 0.02516522 -0.03252799
v 0.01894056 0.02610135 -0.03254363
v 0.01945940 0.02568816 -0.03222556
v 0.02038178 0.02474557 -0.03218906
v 0.02088909 0.02432593 -0.03185535
v 0.02460745 0.01965818 -0.03274698
v 0.02535688 0.01846381 -0.03306505
v 0.02567395 0.01799897 -0.03306505
v 0.02374272 0.02067179 -0.03306505
v 0.02335070 0.02113662 -0.03306505
v -0.00482809 0.03045920 -0.03866514
v -0.00576200 0.03086593 -0.03749194
v -0.00482809 0.03085302 -0.03746065
v -0.00482809 0.03106607 -0.03679845
v -0.00296026 0.03127912 -0.03586510
v -0.00202635 0.03122747 -0.03586510
v -0.00482809 0.03135659 -0.03586510
v -0.00389417 0.03132431 -0.03586510
v -0.00109820 0.03143407 -0.03493175
v -0.00016429 0.03136305 -0.03493175
v 0.00076962 0.03128558 -0.03493175
v 0.00169201 0.03119519 -0.03493175
v 0.00263168 0.03109835 -0.03493175
v 0.00356560 0.03099505 -0.03493175
v 0.00449951 0.03111126 -0.03399840
v 0.00444762 0.03087884 -0.03495261
v 0.00449951 0.03132431 -0.03306505
v 0.00542766 0.03118873 -0.03306505
v 0.00730125 0.03069162 -0.03397754
v 0.00698994 0.03081428 -0.03365426
v 0.00730125 0.03088530 -0.03308069
v 0.00795268 0.03082719 -0.03278348
v 0.00825245 0.03071098 -0.03308069
v 0.00636157 0.03104670 -0.03306505
v 0.01009722 0.03034299 -0.03306505
v 0.01009722 0.03015576 -0.03399840
v 0.01071406 0.02989106 -0.03461368
v 0.00857529 0.03076909 -0.03247063
v 0.00915754 0.03053667 -0.03306505
v 0.01193045 0.02972320 -0.03399319
v 0.01101960 0.02995563 -0.03399319
v 0.01160762 0.02988461 -0.03368033
v 0.01707850 0.02704393 -0.03443640
v 0.01804700 0.02614008 -0.03450418
v 0.01756275 0.02640478 -0.03485875
v 0.01571222 0.02819311 -0.03395147
v 0.01619647 0.02801235 -0.03360733
v 0.01664037 0.02753460 -0.03402447
v 0.01723415 0.02717305 -0.03381590
v 0.01382710 0.02930356 -0.03306505
v 0.01386169 0.02909697 -0.03399319
v 0.01288742 0.02962636 -0.03306505
v 0.01453042 0.02902595 -0.03306505
v 0.01499737 0.02881935 -0.03306505
v 0.02645221 0.01683688 -0.03270006
v 0.02721895 0.01561022 -0.03213171
v 0.02747260 0.01514539 -0.03213171
v 0.03019363 0.00693326 -0.03018679
v 0.02985926 0.00886362 -0.02933166
v 0.02924242 0.01125237 -0.02995215
v 0.02836616 0.01325375 -0.03119836
v 0.02861405 0.01259524 -0.03119836
v 0.02818745 0.01371859 -0.03119836
v 0.02789920 0.01446104 -0.03119836
v 0.02873511 0.01259524 -0.03027022
v 0.02908677 0.01160100 -0.03026501
v 0.02983044 0.00886362 -0.02746496
v 0.02979008 0.00886362 -0.02653161
v 0.02920207 0.01110388 -0.02633347
v 0.02891382 0.01165910 -0.02560348
v 0.02857369 0.01259524 -0.02560348
v 0.02810097 0.01344744 -0.02473792
v 0.02738036 0.01496461 -0.02411221
v 0.02709788 0.01532616 -0.02377328
v 0.02650986 0.01600404 -0.02302243
v 0.02672316 0.01546819 -0.02274608
v 0.02658481 0.01520995 -0.02188051
v 0.02648104 0.01502272 -0.02126002
v 0.02722471 0.01448041 -0.02275129
v 0.02694800 0.01446104 -0.02188051
v 0.02663093 0.01448041 -0.02094195
v 0.02709788 0.01344744 -0.02102538
v 0.02623315 0.01448041 -0.01998774
v 0.02428462 0.01540363 -0.01720334
v 0.02617550 0.01535844 -0.02094195
v 0.02537994 0.01659800 -0.02074902
v 0.02556442 0.01597822 -0.02033189
v 0.02574890 0.01540363 -0.02001903
v 0.02428462 0.01632039 -0.01814191
v 0.02460745 0.01687561 -0.01943504
v 0.02471122 0.01721779 -0.02009724
v 0.02423273 0.01721779 -0.01911175
v 0.02363318 0.01774073 -0.01859554
v 0.02365624 0.01683688 -0.01762570
v 0.01203422 0.00978684 0.00430017
v 0.02365624 0.01590720 -0.01670278
v 0.02314893 0.01630748 -0.01630128
v 0.02346024 0.01652699 -0.01700520
v 0.02343718 0.01746312 -0.01797505
v 0.02283186 0.01699182 -0.01651506
v 0.02260703 0.01761161 -0.01687485
v 0.02174806 0.01864458 -0.01676535
v 0.02156359 0.01841862 -0.01627521
v 0.02175959 0.01772782 -0.01581114
v 0.01126172 0.01090374 0.00430017
v 0.01159609 0.01046473 0.00430017
v 0.01164221 0.01039371 0.00430017
v 0.02984774 0.00886362 -0.02840352
v -0.00590612 0.01287930 0.00430017
v -0.00545646 0.01315691 0.00430017
v -0.02806636 0.02508774 -0.01965403
v -0.02759941 0.02982650 -0.03343005
v -0.02806636 0.02976194 -0.03316412
v -0.02722469 0.03025906 -0.03213171
v -0.02628501 0.03069807 -0.03124528
v -0.02576041 0.03077555 -0.03158942
v -0.02447484 0.03092404 -0.03218906
v -0.02806636 0.02980713 -0.03299205
v -0.02806636 0.02998145 -0.03223077
v -0.02806636 0.03000727 -0.03211606
v -0.02348904 0.03114354 -0.03213171
v -0.02255513 0.03133077 -0.03213171
v -0.01882524 0.03136305 -0.03399840
v -0.01789133 0.03117582 -0.03493175
v -0.01602351 0.03105316 -0.03586510
v -0.01602351 0.03084011 -0.03648559
v -0.02162698 0.03147926 -0.03213171
v -0.01975915 0.03168585 -0.03243413
v -0.01926914 0.03171813 -0.03259056
v -0.01890595 0.03163421 -0.03304420
v -0.01135971 0.03084011 -0.03741373
v -0.01508959 0.03113063 -0.03586510
v -0.01416145 0.03119519 -0.03586510
v -0.01322753 0.03125329 -0.03586510
v -0.01229362 0.03130494 -0.03586510
v -0.01135971 0.03104670 -0.03679845
v -0.01042580 0.03107898 -0.03679845
v -0.00949188 0.03086593 -0.03748673
v -0.00855797 0.03071744 -0.03797686
v -0.00855797 0.03087239 -0.03751280
v -0.00762982 0.03087884 -0.03752844
v -0.00669591 0.03111126 -0.03679845
v 0.02262433 0.02231163 -0.03213171
v 0.02169618 0.02326067 -0.03240284
v 0.02209972 0.02291205 -0.03210563
v 0.01816807 0.02625629 -0.03399840
v 0.01838137 0.02644352 -0.03306505
v 0.01797782 0.02701165 -0.03244977
v 0.01903857 0.02620464 -0.03192313
v 0.01960352 0.02583019 -0.03119836
v 0.02005319 0.02535890 -0.03119836
v 0.02052014 0.02486178 -0.03119836
v 0.02141947 0.02388691 -0.03119836
v 0.02179418 0.02335106 -0.03178235
v 0.02544912 0.01859939 -0.03232463
v 0.02386378 0.02082028 -0.03213171
v 0.02433073 0.02021340 -0.03213171
v 0.02572007 0.01825076 -0.03205870
v 0.02623891 0.01738564 -0.03213171
v 0.02301634 0.02184679 -0.03213171
v 0.02348330 0.02128511 -0.03213171
v -0.00355981 0.03171813 -0.03444682
v -0.00202635 0.03149217 -0.03493175
v -0.00669591 0.03139533 -0.03586510
v -0.00669591 0.03162775 -0.03507775
v -0.00669591 0.03176332 -0.03461368
v -0.00482809 0.03160838 -0.03499432
v -0.00418242 0.03173104 -0.03448854
v -0.00387688 0.03161484 -0.03485354
v -0.00202635 0.03167294 -0.03427997
v -0.00038336 0.03174396 -0.03360212
v -0.00011241 0.03162775 -0.03394626
v 0.00023349 0.03171813 -0.03350826
v 0.00263168 0.03133722 -0.03399840
v 0.00356560 0.03122747 -0.03399840
v 0.00356560 0.03145343 -0.03306505
v 0.00449951 0.03151154 -0.03213171
v 0.00542766 0.03137596 -0.03213171
v 0.00636157 0.03122747 -0.03213171
v 0.00728971 0.03106607 -0.03213171
v 0.01102536 0.03012994 -0.03306505
v 0.00915754 0.03070453 -0.03214735
v 0.01009722 0.03050439 -0.03213171
v 0.00825245 0.03088530 -0.03214735
v 0.00884624 0.03082074 -0.03184492
v 0.01179786 0.02994271 -0.03306505
v 0.01755122 0.02678569 -0.03407662
v 0.01568916 0.02844490 -0.03306505
v 0.01630601 0.02808336 -0.03306505
v 0.01677873 0.02776701 -0.03306505
v 0.01739557 0.02729572 -0.03306505
v 0.01786253 0.02691481 -0.03306505
v 0.01382710 0.02946496 -0.03213171
v 0.01480713 0.02908405 -0.03210563
v 0.01288742 0.02976194 -0.03220992
v 0.01240894 0.02985233 -0.03257491
v 0.01257036 0.02990398 -0.03195442
v 0.01514726 0.02888392 -0.03239242
v 0.01561998 0.02869023 -0.03210563
v 0.02649833 0.01692081 -0.03213171
v 0.02682693 0.01632685 -0.03213171
v 0.02728812 0.01573289 -0.03119836
v 0.02733424 0.01581682 -0.03054658
v 0.02753601 0.01526805 -0.03119836
v 0.02802026 0.01446104 -0.03027022
v 0.02939231 0.01072943 -0.02933166
v 0.02924819 0.01127174 -0.02933166
v 0.02878699 0.01259524 -0.02933166
v 0.02909253 0.01173658 -0.02933166
v 0.02824510 0.01387999 -0.03027022
v 0.02827392 0.01394455 -0.02933166
v 0.02959985 0.00979330 -0.02746496
v 0.02923089 0.01120718 -0.02694875
v 0.02955372 0.00979330 -0.02653161
v 0.02931160 0.01076817 -0.02659940
v 0.02907524 0.01157518 -0.02659940
v 0.02870629 0.01259524 -0.02653161
v 0.02822780 0.01382835 -0.02653161
v 0.02834310 0.01318919 -0.02560348
v 0.02815862 0.01366049 -0.02560348
v 0.02784155 0.01446104 -0.02560348
v 0.02768590 0.01446104 -0.02467013
v 0.02743225 0.01506146 -0.02467013
v 0.02717859 0.01552629 -0.02467013
v 0.02641762 0.01677232 -0.02425821
v 0.02634845 0.01665611 -0.02374200
v 0.02600832 0.01725652 -0.02374200
v 0.02552983 0.01778592 -0.02314757
v 0.02571431 0.01728880 -0.02282429
v 0.02543183 0.01761806 -0.02252708
v 0.02559325 0.01696600 -0.02188051
v 0.02550677 0.01681751 -0.02137473
v 0.02513782 0.01717905 -0.02101495
v 0.02467086 0.01788922 -0.02094195
v 0.02456133 0.01773427 -0.02046746
v 0.02377731 0.01719196 -0.01823055
v 0.02406555 0.01815392 -0.02007117
v 0.02271080 0.01961945 -0.01950804
v 0.02290681 0.01910296 -0.01914825
v 0.02277998 0.01877370 -0.01848083
v 0.02310858 0.01812164 -0.01822533
v 0.02257821 0.01850255 -0.01785512
v 0.02224384 0.01915461 -0.01811583
v 0.02170771 0.01952906 -0.01775084
v 0.02087756 0.01964527 -0.01668192
v 0.02088909 0.01872851 -0.01573814
v 0.01081783 0.01140086 0.00430017
v -0.00490303 0.01346681 0.00430017
v -0.02806636 0.02559777 -0.02019632
v -0.00411324 0.01389291 0.00430017
v -0.00367511 0.01411887 0.00430017
v -0.02806636 0.03016222 -0.03129221
v -0.02722469 0.03043337 -0.03119836
v -0.02597371 0.03082719 -0.03096372
v -0.02540875 0.03091112 -0.03124528
v -0.02442295 0.03113709 -0.03119836
v -0.02348904 0.03134368 -0.03119836
v -0.02255513 0.03152445 -0.03119836
v -0.01789133 0.03146635 -0.03399840
v -0.01602351 0.03135659 -0.03493175
v -0.02168463 0.03166003 -0.03121400
v -0.02098708 0.03169877 -0.03153728
v -0.02068154 0.03162775 -0.03210042
v -0.02036447 0.03174396 -0.03176149
v -0.01975915 0.03178269 -0.03196485
v -0.01890595 0.03184080 -0.03222035
v -0.01865230 0.03175687 -0.03271570
v -0.01508959 0.03143407 -0.03493175
v -0.01416145 0.03149863 -0.03493175
v -0.01135971 0.03134368 -0.03586510
v -0.01416145 0.03168585 -0.03432690
v -0.01269716 0.03171813 -0.03445204
v -0.01135971 0.03160838 -0.03502039
v -0.00762982 0.03111772 -0.03679845
v -0.01042580 0.03136950 -0.03586510
v -0.00949188 0.03138887 -0.03586510
v -0.00762982 0.03140824 -0.03586510
v 0.02268774 0.02238265 -0.03162071
v 0.01762040 0.02737965 -0.03213171
v 0.01808159 0.02710204 -0.03182406
v 0.01862926 0.02675987 -0.03119836
v 0.01913657 0.02629503 -0.03119836
v 0.01969000 0.02591412 -0.03027022
v 0.02013389 0.02544928 -0.03027022
v 0.02191525 0.02349955 -0.03027022
v 0.02184607 0.02341562 -0.03119836
v 0.02474004 0.01985187 -0.03119836
v 0.02553560 0.01872205 -0.03119836
v 0.02394449 0.02092357 -0.03119836
v 0.02356977 0.02138841 -0.03119836
v 0.02448062 0.02042000 -0.03027022
v 0.02601985 0.01819265 -0.03027022
v 0.02637151 0.01763097 -0.03027022
v 0.02630809 0.01750831 -0.03119836
v -0.00482809 0.03188599 -0.03399840
v -0.00387688 0.03182789 -0.03407662
v -0.00296026 0.03182789 -0.03392019
v -0.00296026 0.03169877 -0.03438947
v -0.00762982 0.03163421 -0.03509861
v -0.00762982 0.03176978 -0.03462932
v -0.00762982 0.03195055 -0.03399840
v -0.00669591 0.03193764 -0.03399840
v -0.00202635 0.03197638 -0.03306505
v -0.00109820 0.03191827 -0.03306505
v 0.00263168 0.03169877 -0.03245499
v 0.00263168 0.03156319 -0.03306505
v -0.00109820 0.03211841 -0.03213171
v -0.00016429 0.03204094 -0.03213171
v 0.00076962 0.03195701 -0.03213171
v 0.00356560 0.03164066 -0.03211606
v 0.00325429 0.03174396 -0.03178756
v 0.00356560 0.03180206 -0.03122443
v 0.00424585 0.03175687 -0.03093243
v 0.00542766 0.03153091 -0.03119836
v 0.00636157 0.03137596 -0.03119836
v 0.00728971 0.03120810 -0.03119836
v 0.01102536 0.03028488 -0.03213171
v 0.00946884 0.03075618 -0.03138607
v 0.01001074 0.03066579 -0.03113057
v 0.00822939 0.03103379 -0.03119836
v 0.01203998 0.03001373 -0.03220992
v 0.01648472 0.02819311 -0.03213171
v 0.01694591 0.02788968 -0.03213171
v 0.01382710 0.02960054 -0.03119836
v 0.01476101 0.02923900 -0.03119836
v 0.01526256 0.02894202 -0.03177192
v 0.01319873 0.02980713 -0.03119836
v 0.01195928 0.03017513 -0.03119836
v 0.01273754 0.02994917 -0.03119836
v 0.01581023 0.02874834 -0.03119836
v 0.01669225 0.02824476 -0.03121400
v 0.02737460 0.01588783 -0.02992608
v 0.02755907 0.01546173 -0.03024415
v 0.02663093 0.01715968 -0.03027022
v 0.02807215 0.01446104 -0.02933166
v 0.02764555 0.01539072 -0.02933166
v 0.02923666 0.01122655 -0.02746496
v 0.02936348 0.01072943 -0.02746496
v 0.02908677 0.01171721 -0.02840352
v 0.02877546 0.01259524 -0.02840352
v 0.02844687 0.01346035 -0.02840352
v 0.02804909 0.01446104 -0.02746496
v 0.02826239 0.01391227 -0.02746496
v 0.02908101 0.01169138 -0.02746496
v 0.02875817 0.01259524 -0.02746496
v 0.02797991 0.01446104 -0.02653161
v 0.02750719 0.01520995 -0.02560348
v 0.02725930 0.01567478 -0.02560348
v 0.02646951 0.01687561 -0.02488391
v 0.02627350 0.01745020 -0.02560348
v 0.02623315 0.01721133 -0.02461277
v 0.02562207 0.01792150 -0.02374200
v 0.02530500 0.01838634 -0.02374200
v 0.02518394 0.01813455 -0.02282429
v 0.02481499 0.01822493 -0.02191701
v 0.02531653 0.01743084 -0.02188051
v 0.02448639 0.01855419 -0.02163023
v 0.02363895 0.01961299 -0.02137995
v 0.02348906 0.01940640 -0.02075945
v 0.02253209 0.01939348 -0.01888233
v 0.02313164 0.02002618 -0.02099931
v 0.02277998 0.02062659 -0.02124438
v 0.02245715 0.02024569 -0.02001382
v 0.02184030 0.02061368 -0.01941418
v 0.02191525 0.01977439 -0.01837133
v 0.02136758 0.02014239 -0.01803241
v 0.02105628 0.01985832 -0.01721377
v 0.02060085 0.02103333 -0.01806369
v 0.02013389 0.02094940 -0.01728677
v 0.01996671 0.02060723 -0.01665585
v 0.00985509 0.01236927 0.00430017
v 0.01877338 0.02127220 -0.01601971
v -0.02806636 0.02599159 -0.02063431
v -0.00296026 0.01442876 0.00430017
v -0.02806636 0.03017513 -0.03119836
v -0.02722469 0.03053022 -0.03027022
v -0.02655020 0.03073035 -0.03027022
v -0.02608324 0.03085947 -0.03027022
v -0.02535686 0.03103379 -0.03027022
v -0.02348904 0.03145989 -0.03027022
v -0.02203052 0.03171168 -0.03063522
v -0.01714766 0.03169877 -0.03344048
v -0.01602351 0.03161484 -0.03408704
v -0.01508959 0.03165357 -0.03422261
v -0.02141944 0.03175687 -0.03091679
v -0.01975915 0.03193764 -0.03119836
v -0.01882524 0.03205385 -0.03119836
v -0.01789133 0.03215069 -0.03119836
v -0.01789133 0.03196346 -0.03213171
v -0.01695742 0.03204739 -0.03213171
v -0.01789133 0.03178915 -0.03284605
v -0.01508959 0.03178269 -0.03375333
v -0.01416145 0.03202157 -0.03306505
v -0.01322753 0.03183434 -0.03394105
v -0.01234551 0.03183434 -0.03408704
v -0.01135971 0.03175041 -0.03455111
v -0.01042580 0.03175687 -0.03459283
v -0.00855797 0.03140179 -0.03586510
v -0.00949188 0.03162775 -0.03507775
v -0.00855797 0.03163421 -0.03508818
v 0.02238220 0.02279584 -0.03127135
v 0.02238797 0.02297661 -0.03027022
v 0.02278574 0.02250531 -0.03027022
v 0.02361589 0.02144006 -0.03065086
v 0.01749934 0.02769600 -0.03121400
v 0.01815654 0.02717305 -0.03119836
v 0.01872726 0.02684380 -0.03027022
v 0.01922304 0.02637896 -0.03027022
v 0.01975341 0.02597223 -0.02933166
v 0.02018578 0.02550739 -0.02933166
v 0.02065273 0.02500381 -0.02933166
v 0.02154053 0.02402249 -0.02933166
v 0.02560478 0.01881889 -0.03027022
v 0.02395602 0.02107852 -0.03031193
v 0.02452097 0.02046519 -0.02933166
v 0.02365624 0.02149816 -0.03003037
v 0.02563360 0.01886408 -0.02933166
v 0.02607750 0.01819265 -0.02933166
v 0.02640033 0.01768262 -0.02933166
v -0.00482809 0.03211841 -0.03306505
v -0.00389417 0.03208613 -0.03306505
v -0.00296026 0.03203448 -0.03306505
v -0.00855797 0.03176978 -0.03462411
v -0.00855797 0.03194410 -0.03399840
v -0.00855797 0.03218297 -0.03306505
v -0.00762982 0.03218297 -0.03306505
v -0.00669591 0.03217006 -0.03306505
v -0.00296026 0.03224108 -0.03213171
v 0.00076962 0.03213778 -0.03119836
v 0.00169201 0.03203448 -0.03119836
v 0.00263168 0.03192473 -0.03119836
v -0.00296026 0.03243476 -0.03119836
v -0.00202635 0.03237020 -0.03119836
v -0.00109820 0.03230564 -0.03119836
v -0.00016429 0.03222816 -0.03119836
v 0.00356560 0.03195701 -0.03027022
v 0.00486846 0.03170522 -0.03061958
v 0.00544495 0.03166003 -0.03029629
v 0.00636157 0.03151154 -0.03027022
v 0.01102536 0.03041401 -0.03119836
v 0.00915754 0.03085302 -0.03113057
v 0.00964179 0.03079491 -0.03076557
v 0.01022981 0.03071098 -0.03027022
v 0.00728971 0.03133722 -0.03027022
v 0.00822939 0.03115000 -0.03027022
v 0.01714768 0.02802526 -0.03091157
v 0.01704391 0.02796070 -0.03153207
v 0.01375216 0.02971675 -0.03024415
v 0.01476101 0.02933584 -0.03027022
v 0.01330826 0.02983941 -0.03054658
v 0.01545857 0.02903241 -0.03027022
v 0.01534903 0.02898076 -0.03119836
v 0.01102536 0.03051085 -0.03027022
v 0.01195928 0.03026552 -0.03027022
v 0.01296237 0.02997499 -0.03024415
v 0.01591976 0.02880644 -0.03027022
v 0.01662884 0.02841262 -0.03027022
v 0.02738036 0.01589429 -0.02933166
v 0.02737460 0.01588783 -0.02840352
v 0.02762249 0.01539072 -0.02746496
v 0.02753601 0.01544237 -0.02660983
v 0.02731695 0.01578454 -0.02635433
v 0.02653292 0.01698537 -0.02560348
v 0.02634845 0.01759224 -0.02653161
v 0.02572584 0.01808290 -0.02467013
v 0.02542030 0.01855419 -0.02467013
v 0.02457286 0.01961945 -0.02414871
v 0.02468239 0.01883826 -0.02280343
v 0.02435379 0.01930310 -0.02280343
v 0.02373119 0.01973566 -0.02188051
v 0.02337376 0.02020049 -0.02188051
v 0.02165006 0.02040063 -0.01879369
v 0.02189218 0.02161437 -0.02115052
v 0.02173653 0.02142715 -0.02053003
v 0.02160394 0.02127220 -0.02001382
v 0.02290681 0.02078800 -0.02188051
v 0.02175959 0.02239556 -0.02233415
v 0.02162123 0.02223416 -0.02171887
v 0.02094674 0.02160146 -0.01934639
v 0.02075074 0.02137550 -0.01872590
v 0.02102745 0.02074926 -0.01831919
v 0.01990906 0.02147880 -0.01765177
v 0.01899821 0.02242784 -0.01763612
v 0.01966694 0.02122701 -0.01702606
v 0.01905009 0.02154336 -0.01664542
v 0.00982627 0.01239510 0.00430017
v 0.01717651 0.02341562 -0.01664542
v 0.01687096 0.02403540 -0.01700520
v 0.01624836 0.02434530 -0.01665063
v -0.01882524 0.02902595 -0.02034753
v -0.02806636 0.02637896 -0.02110881
v -0.00208976 0.01475802 0.00430017
v -0.00203788 0.01477739 0.00430017
v -0.02806636 0.03025906 -0.03035886
v -0.02806636 0.03026552 -0.03027022
v -0.02722469 0.03053667 -0.02933166
v -0.02657326 0.03073681 -0.02933166
v -0.02610630 0.03086593 -0.02933166
v -0.02535686 0.03105961 -0.02933166
v -0.02442295 0.03128558 -0.02933166
v -0.02348904 0.03149863 -0.02933166
v -0.02272231 0.03166649 -0.02933166
v -0.02250901 0.03165357 -0.03030151
v -0.02216311 0.03173750 -0.03001472
v -0.02069307 0.03194410 -0.03027022
v -0.01975915 0.03208613 -0.03027022
v -0.01602351 0.03189245 -0.03306505
v -0.01652505 0.03172459 -0.03353955
v -0.01602351 0.03174396 -0.03362298
v -0.01882524 0.03221525 -0.03027022
v -0.01789133 0.03231209 -0.03027022
v -0.01602351 0.03231855 -0.03119836
v -0.01508959 0.03220234 -0.03213171
v -0.01508959 0.03196346 -0.03306505
v -0.01416145 0.03225399 -0.03213171
v -0.01322753 0.03206676 -0.03306505
v -0.01135971 0.03189890 -0.03399840
v -0.01042580 0.03192473 -0.03399840
v 0.02243409 0.02302825 -0.02933166
v 0.02283186 0.02255696 -0.02933166
v 0.02331611 0.02185970 -0.03031193
v 0.01767229 0.02772182 -0.03027022
v 0.01826030 0.02725053 -0.03027022
v 0.01878491 0.02690836 -0.02933166
v 0.01928069 0.02643706 -0.02933166
v 0.01977070 0.02599159 -0.02840352
v 0.01930375 0.02646289 -0.02840352
v 0.02067003 0.02501672 -0.02840352
v 0.02109087 0.02455189 -0.02840352
v 0.02531077 0.01933538 -0.02933166
v 0.02411167 0.02098813 -0.02933166
v 0.02451521 0.02046519 -0.02840352
v 0.02367930 0.02153044 -0.02933166
v 0.02562207 0.01885117 -0.02746496
v 0.02605444 0.01819265 -0.02746496
v 0.02638880 0.01765680 -0.02746496
v 0.02736883 0.01587492 -0.02746496
v -0.00482809 0.03232500 -0.03213171
v -0.00389417 0.03229272 -0.03213171
v -0.01042580 0.03215715 -0.03306505
v -0.01042580 0.03238311 -0.03213171
v -0.00855797 0.03239602 -0.03213171
v -0.00762982 0.03239602 -0.03213171
v -0.00669591 0.03237665 -0.03213171
v 0.00263168 0.03207322 -0.03027022
v -0.00016429 0.03237665 -0.03027022
v 0.00076962 0.03227981 -0.03027022
v -0.00389417 0.03248641 -0.03119836
v -0.00389417 0.03262199 -0.03044229
v -0.00109820 0.03245413 -0.03027022
v 0.00356560 0.03205385 -0.02933166
v 0.00513365 0.03175041 -0.02999908
v 0.00577931 0.03170522 -0.02933166
v 0.00636157 0.03160193 -0.02933166
v 0.00915754 0.03095632 -0.03027022
v 0.00976285 0.03082074 -0.03027022
v 0.00915754 0.03104025 -0.02933166
v 0.00992427 0.03085947 -0.02933166
v 0.01102536 0.03058832 -0.02933166
v 0.00728971 0.03142761 -0.02933166
v 0.01719956 0.02806399 -0.03027022
v 0.01391358 0.02972966 -0.02933166
v 0.01338897 0.02986524 -0.02992608
v 0.01476101 0.02940686 -0.02933166
v 0.01553351 0.02906469 -0.02933166
v 0.01600047 0.02884518 -0.02933166
v 0.01195928 0.03033653 -0.02933166
v 0.01288742 0.03005892 -0.02933166
v 0.01662884 0.02849655 -0.02933166
v 0.01727451 0.02810919 -0.02933166
v 0.02736307 0.01586847 -0.02697482
v 0.02660787 0.01712094 -0.02653161
v 0.02597373 0.01819265 -0.02653161
v 0.02576619 0.01826367 -0.02558262
v 0.02552407 0.01870914 -0.02587983
v 0.02523006 0.01906422 -0.02558262
v 0.02471122 0.01981313 -0.02560348
v 0.02429615 0.02015530 -0.02467013
v 0.02382342 0.02078154 -0.02467013
v 0.02370236 0.02062659 -0.02374200
v 0.02362742 0.02052975 -0.02326750
v 0.02351788 0.02038126 -0.02264701
v 0.02148288 0.02192427 -0.02088459
v 0.02095827 0.02254405 -0.02094195
v 0.02107934 0.02191781 -0.02009203
v 0.02067003 0.02222124 -0.01983132
v 0.02264162 0.02139487 -0.02248537
v 0.02235914 0.02187262 -0.02279822
v 0.02247444 0.02212440 -0.02374200
v 0.02184607 0.02248594 -0.02280343
v 0.02095827 0.02347372 -0.02280343
v 0.01964388 0.02491989 -0.02280343
v 0.01995518 0.02432593 -0.02221423
v 0.02070462 0.02320257 -0.02165109
v 0.02004166 0.02255050 -0.01932032
v 0.02039908 0.02196300 -0.01902311
v 0.01983412 0.02233100 -0.01869983
v 0.02008777 0.02165957 -0.01814712
v 0.01964388 0.02213086 -0.01814712
v 0.01807006 0.02337043 -0.01762570
v 0.01799512 0.02422263 -0.01865811
v 0.00933049 0.01283411 0.00430017
v 0.01713615 0.02430010 -0.01762570
v 0.01618494 0.02521686 -0.01764655
v 0.01589670 0.02496508 -0.01702084
v -0.01735520 0.02889683 -0.01957061
v -0.01789133 0.02918089 -0.02014939
v -0.01789133 0.02964573 -0.02077510
v -0.01879642 0.02952307 -0.02100974
v -0.02069307 0.02905823 -0.02122873
v -0.02126956 0.02896139 -0.02135909
v -0.01933255 0.02893557 -0.02045703
v -0.00158245 0.01493233 0.00430017
v -0.02806636 0.02684380 -0.02169280
v -0.02806636 0.03026552 -0.02933166
v -0.02722469 0.03044629 -0.02840352
v -0.02644067 0.03069162 -0.02840352
v -0.02597371 0.03083365 -0.02840352
v -0.02535686 0.03099505 -0.02840352
v -0.02348904 0.03145989 -0.02840352
v -0.02266466 0.03164712 -0.02840352
v -0.02219771 0.03174396 -0.02840352
v -0.02162698 0.03184725 -0.02840352
v -0.02225535 0.03175041 -0.02933166
v -0.02162698 0.03186017 -0.02933166
v -0.01975915 0.03215715 -0.02933166
v -0.01882524 0.03229272 -0.02933166
v -0.01789133 0.03240248 -0.02933166
v -0.01695742 0.03249286 -0.02933166
v -0.01594856 0.03259616 -0.02926387
v -0.01695742 0.03239602 -0.03027022
v -0.01602351 0.03247349 -0.03027022
v -0.01508959 0.03238956 -0.03119836
v -0.01416145 0.03244121 -0.03119836
v -0.01322753 0.03229918 -0.03213171
v -0.01229362 0.03210550 -0.03306505
v -0.01135971 0.03213778 -0.03306505
v 0.02243409 0.02303471 -0.02840352
v 0.02197289 0.02356411 -0.02840352
v 0.02283186 0.02256342 -0.02840352
v 0.02330458 0.02199528 -0.02840352
v 0.01774146 0.02777347 -0.02933166
v 0.01832372 0.02730863 -0.02933166
v 0.01881950 0.02692773 -0.02840352
v 0.01975917 0.02598514 -0.02746496
v 0.01929222 0.02644998 -0.02746496
v 0.02107934 0.02453898 -0.02746496
v 0.02018578 0.02552030 -0.02746496
v 0.02196713 0.02355120 -0.02746496
v 0.02450945 0.02045874 -0.02746496
v 0.02367930 0.02153044 -0.02840352
v 0.02367930 0.02151753 -0.02746496
v 0.02525888 0.01925791 -0.02653161
v 0.02558172 0.01878661 -0.02653161
v -0.00669591 0.03257034 -0.03124528
v -0.00482809 0.03252514 -0.03119836
v -0.01135971 0.03236374 -0.03213171
v -0.01042580 0.03257679 -0.03121400
v -0.00949188 0.03257679 -0.03125050
v -0.00855797 0.03257679 -0.03127657
v -0.00762982 0.03257679 -0.03128178
v 0.00263168 0.03217006 -0.02933166
v -0.00016429 0.03247995 -0.02933166
v 0.00076962 0.03237665 -0.02933166
v -0.00482809 0.03264135 -0.03060393
v -0.00482809 0.03278984 -0.02933166
v -0.00389417 0.03284795 -0.02840352
v -0.00336380 0.03266072 -0.02984265
v -0.00301791 0.03259616 -0.03019722
v -0.00202635 0.03251869 -0.03027022
v -0.00109820 0.03255742 -0.02933166
v 0.00356560 0.03211841 -0.02840352
v 0.00449951 0.03191182 -0.02933166
v 0.00263168 0.03224753 -0.02840352
v 0.00531812 0.03178269 -0.02933166
v 0.00588308 0.03171813 -0.02882588
v 0.00631545 0.03166003 -0.02846609
v 0.00822939 0.03127912 -0.02840352
v 0.00915754 0.03107898 -0.02840352
v 0.00999921 0.03087884 -0.02840352
v 0.01102536 0.03062060 -0.02840352
v 0.01046617 0.03076263 -0.02840352
v 0.00728971 0.03147280 -0.02840352
v 0.01394817 0.02974257 -0.02840352
v 0.01345238 0.02988461 -0.02933166
v 0.01476101 0.02943268 -0.02840352
v 0.01555657 0.02907760 -0.02840352
v 0.01602929 0.02885809 -0.02840352
v 0.01662884 0.02853529 -0.02840352
v 0.01195928 0.03036881 -0.02840352
v 0.01288742 0.03008475 -0.02840352
v 0.01729757 0.02812855 -0.02840352
v 0.01777029 0.02779929 -0.02840352
v 0.02446333 0.02039418 -0.02653161
v 0.02438262 0.02027797 -0.02560348
v 0.02394449 0.02106561 -0.02652118
v 0.02354671 0.02136259 -0.02560348
v 0.02298751 0.02182097 -0.02467013
v 0.02332764 0.02109143 -0.02374200
v 0.02286069 0.02165957 -0.02374200
v 0.02083721 0.02240202 -0.02045703
v 0.01979953 0.02415807 -0.02159373
v 0.01917116 0.02448087 -0.02094195
v 0.01974765 0.02317674 -0.01979482
v 0.01901550 0.02431947 -0.02037881
v 0.02260703 0.02228581 -0.02467013
v 0.02200748 0.02267317 -0.02374200
v 0.02159241 0.02313801 -0.02374200
v 0.02112545 0.02365449 -0.02374200
v 0.01989753 0.02519104 -0.02420085
v 0.01938446 0.02561068 -0.02386192
v 0.01917116 0.02542346 -0.02280343
v 0.01905009 0.02528143 -0.02217251
v 0.01883103 0.02411933 -0.01975832
v 0.01913080 0.02349955 -0.01930468
v 0.01706697 0.02515876 -0.01865290
v 0.01763769 0.02480368 -0.01897097
v 0.01790288 0.02506192 -0.01973225
v 0.00882894 0.01319565 0.00430017
v 0.01527985 0.02522978 -0.01669756
v 0.01639248 0.02539764 -0.01814712
v 0.01606388 0.02605615 -0.01871547
v 0.01573528 0.02588184 -0.01810019
v 0.01563151 0.02538472 -0.01728677
v -0.01602351 0.02911633 -0.01930468
v -0.01610998 0.02963282 -0.02002946
v -0.01585056 0.02994271 -0.02035796
v -0.01789133 0.02997499 -0.02124438
v -0.01846206 0.02989106 -0.02136430
v -0.02159816 0.02919381 -0.02183880
v -0.02378881 0.02886455 -0.02242801
v -0.02655020 0.02792196 -0.02243844
v -0.02806636 0.02718597 -0.02215165
v -0.00107514 0.01508728 0.00430017
v -0.01470911 0.02894848 -0.01857990
v -0.02806636 0.03017513 -0.02840352
v -0.02584112 0.03079491 -0.02790296
v -0.02348904 0.03132431 -0.02746496
v -0.02246865 0.03158256 -0.02755360
v -0.02209394 0.03172459 -0.02792903
v -0.01975915 0.03209904 -0.02746496
v -0.01975915 0.03217006 -0.02840352
v -0.01882524 0.03231209 -0.02840352
v -0.01789133 0.03242185 -0.02840352
v -0.01558537 0.03266072 -0.02889888
v -0.01508959 0.03263490 -0.02957673
v -0.01457652 0.03265427 -0.02978008
v -0.01508959 0.03254451 -0.03027022
v -0.01422486 0.03260262 -0.03021808
v -0.01229362 0.03263490 -0.03058308
v -0.01229362 0.03253160 -0.03119836
v 0.02243409 0.02302180 -0.02746496
v 0.02283186 0.02255696 -0.02746496
v 0.01835254 0.02732800 -0.02840352
v 0.01880797 0.02691481 -0.02746496
v 0.01834101 0.02732155 -0.02746496
v 0.01971882 0.02593349 -0.02653161
v 0.02015119 0.02546865 -0.02653161
v 0.01925186 0.02641124 -0.02653161
v 0.02061238 0.02495862 -0.02653161
v 0.02150017 0.02397084 -0.02653161
v 0.02238797 0.02297015 -0.02653161
v 0.02365624 0.02149816 -0.02682361
v -0.00762982 0.03267363 -0.03081772
v -0.00669591 0.03266072 -0.03078122
v -0.00615401 0.03265427 -0.03074472
v -0.00553140 0.03264781 -0.03068215
v -0.01126747 0.03257679 -0.03110450
v -0.01089852 0.03265427 -0.03073429
v -0.01042580 0.03266072 -0.03075514
v -0.00949188 0.03266718 -0.03078643
v -0.00855797 0.03267363 -0.03081250
v -0.00024500 0.03258325 -0.02832531
v -0.00060819 0.03265427 -0.02795510
v -0.00669591 0.03273174 -0.03027022
v -0.00669591 0.03284149 -0.02933166
v -0.00482809 0.03288668 -0.02840352
v -0.00296026 0.03278339 -0.02840352
v -0.00301791 0.03269300 -0.02932645
v -0.00389417 0.03288023 -0.02746496
v -0.00296026 0.03282212 -0.02746496
v -0.00109820 0.03267363 -0.02813238
v 0.00449951 0.03196992 -0.02840352
v 0.00356560 0.03215069 -0.02746496
v 0.00263168 0.03227981 -0.02746496
v 0.00550836 0.03180206 -0.02846609
v 0.00596956 0.03173750 -0.02820538
v 0.00822939 0.03130494 -0.02746496
v 0.00915754 0.03109835 -0.02746496
v 0.01001651 0.03089176 -0.02746496
v 0.01048347 0.03076909 -0.02746496
v 0.00649416 0.03166003 -0.02746496
v 0.00728971 0.03149863 -0.02746496
v 0.01392511 0.02972966 -0.02746496
v 0.01348697 0.02989752 -0.02840352
v 0.01346391 0.02989106 -0.02746496
v 0.01476101 0.02940686 -0.02746496
v 0.01553351 0.02906469 -0.02746496
v 0.01600623 0.02885164 -0.02746496
v 0.01662884 0.02850946 -0.02746496
v 0.01728604 0.02811564 -0.02746496
v 0.01195928 0.03036236 -0.02746496
v 0.01102536 0.03062060 -0.02746496
v 0.01775299 0.02778638 -0.02746496
v 0.02360436 0.02142715 -0.02620833
v 0.02272809 0.02243430 -0.02589026
v 0.02266468 0.02236328 -0.02526455
v 0.01873302 0.02494571 -0.02094195
v 0.01888868 0.02511357 -0.02154680
v 0.01810465 0.02526851 -0.02035274
v 0.02177689 0.02334460 -0.02506120
v 0.02207090 0.02291205 -0.02471706
v 0.02169618 0.02326067 -0.02443549
v 0.02080262 0.02422909 -0.02431035
v 0.01995518 0.02526206 -0.02467013
v 0.01952281 0.02572689 -0.02467013
v 0.01898092 0.02614654 -0.02414349
v 0.01886562 0.02603033 -0.02352300
v 0.01872726 0.02588830 -0.02280343
v 0.01812195 0.02621110 -0.02216730
v 0.01850819 0.02566879 -0.02185966
v 0.01826607 0.02542992 -0.02094195
v 0.01728027 0.02537181 -0.01927861
v 0.01693438 0.02599159 -0.01974789
v 0.01669225 0.02571398 -0.01899704
v 0.00814868 0.01363466 0.00430017
v 0.01429982 0.02519104 -0.01581114
v 0.01513573 0.02606907 -0.01776127
v 0.01479561 0.02588184 -0.01719292
v 0.01466301 0.02535244 -0.01634299
v 0.01631754 0.02624338 -0.01934118
v 0.01613882 0.02704393 -0.02051438
v 0.01544704 0.02626921 -0.01838176
v -0.01504924 0.02920026 -0.01903875
v -0.01508959 0.02971675 -0.01974268
v -0.01508959 0.03003955 -0.02020674
v -0.01511265 0.03054958 -0.02099931
v -0.01602351 0.03069162 -0.02157809
v -0.01610998 0.03020095 -0.02085852
v -0.01695742 0.03010411 -0.02105145
v -0.01789133 0.03038173 -0.02188051
v -0.01879642 0.03010411 -0.02184401
v -0.01975915 0.03000082 -0.02213080
v -0.02037023 0.02990398 -0.02227680
v -0.02162698 0.02969738 -0.02256879
v -0.02068154 0.02956180 -0.02193266
v -0.02780118 0.02803171 -0.02321536
v -0.02256089 0.02957472 -0.02285036
v -0.02806636 0.02768308 -0.02284515
v -0.00016429 0.01530033 0.00430017
v -0.01225903 0.02920672 -0.01809498
v -0.01416145 0.02902595 -0.01848605
v -0.02722469 0.03025906 -0.02746496
v -0.02806636 0.02999436 -0.02750668
v -0.02621007 0.03060123 -0.02754318
v -0.02559899 0.03072390 -0.02728246
v -0.02531651 0.03085947 -0.02754318
v -0.02442295 0.03107898 -0.02746496
v -0.02255513 0.03133722 -0.02653161
v -0.02497638 0.03081428 -0.02692790
v -0.02184605 0.03167294 -0.02730853
v -0.02122344 0.03173104 -0.02694875
v -0.01975915 0.03193764 -0.02653161
v -0.01882524 0.03211196 -0.02653161
v -0.01882524 0.03225399 -0.02746496
v -0.01789133 0.03237665 -0.02746496
v -0.01553926 0.03265427 -0.02715211
v -0.01559114 0.03266072 -0.02840352
v -0.01508959 0.03269946 -0.02840352
v -0.01416145 0.03276402 -0.02840352
v -0.01322753 0.03282212 -0.02840352
v -0.01508959 0.03268009 -0.02910745
v -0.01395391 0.03266718 -0.02987394
v -0.01422486 0.03270591 -0.02941509
v -0.01322753 0.03276402 -0.02933166
v -0.01229362 0.03280921 -0.02933166
v -0.01152113 0.03264781 -0.03067693
v 0.02278574 0.02250531 -0.02653161
v 0.01876185 0.02687608 -0.02653161
v 0.01770687 0.02774765 -0.02653161
v 0.01828913 0.02728281 -0.02653161
v 0.01963235 0.02584310 -0.02560348
v 0.01915963 0.02632731 -0.02560348
v 0.02006472 0.02537827 -0.02560348
v 0.01867538 0.02679215 -0.02560348
v 0.02053167 0.02486178 -0.02560348
v 0.02182877 0.02340271 -0.02560348
v 0.02236491 0.02278938 -0.02558784
v -0.00855797 0.03286731 -0.02933166
v -0.00762982 0.03274465 -0.03027022
v -0.01135971 0.03283503 -0.02933166
v -0.01042580 0.03285440 -0.02933166
v -0.00949188 0.03273819 -0.03027022
v -0.00060819 0.03265427 -0.02776739
v -0.00024500 0.03261553 -0.02745975
v 0.00076962 0.03249932 -0.02746496
v -0.00202635 0.03275756 -0.02746496
v -0.00101173 0.03268655 -0.02745975
v -0.00762982 0.03286086 -0.02933166
v -0.00669591 0.03293833 -0.02840352
v -0.00482809 0.03291896 -0.02746496
v -0.00389417 0.03283503 -0.02653161
v -0.00296026 0.03278339 -0.02653161
v -0.00065431 0.03265427 -0.02714689
v 0.00449951 0.03200220 -0.02746496
v 0.00263168 0.03224753 -0.02653161
v 0.00356560 0.03211196 -0.02653161
v 0.00599838 0.03173750 -0.02680797
v 0.00602144 0.03174396 -0.02746496
v 0.00542766 0.03184725 -0.02746496
v 0.00822939 0.03126621 -0.02653161
v 0.00915754 0.03105316 -0.02653161
v 0.00992427 0.03086593 -0.02653161
v 0.01102536 0.03057541 -0.02653161
v 0.00728971 0.03145989 -0.02653161
v 0.01341780 0.02987170 -0.02679754
v 0.01376945 0.02972966 -0.02650554
v 0.01476101 0.02934875 -0.02653161
v 0.01288742 0.03007184 -0.02746496
v 0.01547586 0.02903886 -0.02653161
v 0.01594282 0.02881935 -0.02653161
v 0.01662884 0.02845136 -0.02653161
v 0.01723992 0.02808982 -0.02653161
v 0.01195928 0.03031071 -0.02653161
v 0.01779335 0.02589475 -0.02094195
v 0.01716498 0.02618528 -0.02037360
v 0.02087756 0.02431301 -0.02493084
v 0.02049132 0.02466164 -0.02463885
v 0.01905009 0.02621756 -0.02467013
v 0.01802971 0.02705685 -0.02420085
v 0.01826030 0.02634668 -0.02280343
v 0.01774146 0.02681152 -0.02280343
v 0.01714768 0.02710204 -0.02225072
v 0.01755122 0.02658555 -0.02189616
v 0.01732063 0.02632731 -0.02094195
v 0.00728971 0.01417052 0.00430017
v 0.01414417 0.02604324 -0.01686442
v 0.01382710 0.02581082 -0.01630649
v 0.01382710 0.02532016 -0.01563907
v 0.01451889 0.02624338 -0.01748491
v 0.01470913 0.02656618 -0.01818362
v 0.01662884 0.02641124 -0.02003989
v 0.01664037 0.02730218 -0.02191701
v 0.01604082 0.02792196 -0.02255836
v 0.01571799 0.02781866 -0.02181273
v 0.01577563 0.02739902 -0.02086895
v 0.01544704 0.02717951 -0.02001382
v 0.01523374 0.02705685 -0.01953932
v 0.01664037 0.02683734 -0.02086895
v 0.01491667 0.02688899 -0.01891883
v -0.01412109 0.02953598 -0.01915347
v -0.01440357 0.02980713 -0.01961753
v -0.01412109 0.03010411 -0.01996167
v -0.01416145 0.03062060 -0.02076467
v -0.01544125 0.03076263 -0.02145816
v -0.01741861 0.03078846 -0.02233937
v -0.01789133 0.03073035 -0.02244365
v -0.01704966 0.03061415 -0.02189094
v -0.01882524 0.03060769 -0.02265744
v -0.02162698 0.03000727 -0.02303807
v -0.02225535 0.02991043 -0.02318929
v -0.02806636 0.02825768 -0.02371593
v -0.02806636 0.02798652 -0.02328836
v -0.02287796 0.02980713 -0.02335614
v -0.02629078 0.02905177 -0.02400271
v -0.02684997 0.02895493 -0.02415392
v 0.00076386 0.01543591 0.00430017
v -0.00949188 0.02963928 -0.01800634
v -0.01050650 0.02961991 -0.01820448
v -0.01135971 0.02981359 -0.01867376
v -0.01135971 0.02943268 -0.01814712
v -0.01135971 0.02901304 -0.01756834
v -0.01229362 0.02972320 -0.01880411
v -0.01192467 0.02894848 -0.01764655
v -0.01322753 0.02961345 -0.01896054
v -0.02629078 0.03028488 -0.02653161
v -0.02781271 0.02989752 -0.02688097
v -0.02806636 0.02985233 -0.02701654
v -0.02348904 0.03109190 -0.02653161
v -0.02261278 0.03099505 -0.02554091
v -0.02162698 0.03126621 -0.02560348
v -0.02027800 0.03173750 -0.02603626
v -0.02156933 0.03157610 -0.02659418
v -0.02348904 0.03086593 -0.02586419
v -0.02531651 0.03060123 -0.02658376
v -0.02062965 0.03178269 -0.02659418
v -0.01789133 0.03204739 -0.02560348
v -0.01695742 0.03219588 -0.02560348
v -0.01789133 0.03224753 -0.02653161
v -0.01975915 0.03178915 -0.02586419
v -0.01602351 0.03250577 -0.02653161
v -0.01491665 0.03268009 -0.02684447
v -0.01416145 0.03275756 -0.02746496
v -0.01517607 0.03268655 -0.02746496
v -0.01229362 0.03286731 -0.02746496
v -0.01229362 0.03287377 -0.02840352
v -0.01135971 0.03291251 -0.02840352
v 0.01820266 0.02721179 -0.02560348
v 0.01716498 0.02803817 -0.02575991
v 0.01751087 0.02774119 -0.02551484
v 0.01809312 0.02711495 -0.02467013
v -0.00762982 0.03295770 -0.02840352
v -0.01042580 0.03293188 -0.02840352
v -0.00949188 0.03294479 -0.02840352
v -0.00669591 0.03292542 -0.02653161
v -0.00482809 0.03287377 -0.02653161
v -0.00762982 0.03297707 -0.02746496
v -0.00389417 0.03277693 -0.02560348
v -0.00296026 0.03271883 -0.02560348
v -0.00247601 0.03265427 -0.02513420
v -0.00185340 0.03263490 -0.02544705
v -0.00202635 0.03271883 -0.02653161
v -0.00087337 0.03263490 -0.02653161
v -0.00016429 0.03250577 -0.02560348
v -0.00016429 0.03256388 -0.02653161
v 0.00076962 0.03246058 -0.02653161
v 0.00076962 0.03239602 -0.02560348
v 0.00169201 0.03228627 -0.02560348
v 0.00263168 0.03217006 -0.02560348
v 0.00356560 0.03203448 -0.02560348
v 0.00582543 0.03171168 -0.02618747
v 0.00636157 0.03155673 -0.02560348
v 0.00632698 0.03164712 -0.02651076
v 0.00728971 0.03136305 -0.02560348
v 0.00822939 0.03116291 -0.02560348
v 0.00915754 0.03095632 -0.02560348
v 0.00973403 0.03081428 -0.02560348
v 0.01020098 0.03069162 -0.02560348
v 0.01102536 0.03047211 -0.02560348
v 0.01296813 0.02999436 -0.02650554
v 0.01333132 0.02984587 -0.02617704
v 0.01382710 0.02960054 -0.02560348
v 0.01476101 0.02923900 -0.02560348
v 0.01535480 0.02898076 -0.02560348
v 0.01582176 0.02876125 -0.02560348
v 0.01672108 0.02826413 -0.02551484
v 0.01195928 0.03020741 -0.02560348
v 0.01275483 0.02996208 -0.02560348
v 0.01695744 0.02695355 -0.02163023
v 0.01756275 0.02753460 -0.02467013
v 0.01701509 0.02794133 -0.02467013
v 0.01757428 0.02728927 -0.02383064
v 0.01727451 0.02719888 -0.02280343
v 0.01790288 0.02695355 -0.02357514
v 0.01681332 0.02781866 -0.02374200
v 0.01655966 0.02768954 -0.02284515
v 0.00628662 0.01464827 0.00430017
v 0.01352156 0.02619819 -0.01662978
v 0.01382710 0.02640478 -0.01719292
v 0.01428830 0.02705685 -0.01861119
v 0.01620800 0.02801880 -0.02317886
v 0.01571799 0.02818020 -0.02284515
v 0.01542398 0.02808982 -0.02208387
v 0.01518185 0.02796715 -0.02145816
v 0.01483019 0.02788968 -0.02085852
v 0.01476101 0.02752814 -0.02001382
v 0.01466301 0.02715369 -0.01916911
v -0.01378096 0.02987815 -0.01951325
v -0.01229362 0.03003955 -0.01927340
v -0.01322753 0.03033008 -0.02001382
v -0.01322753 0.03071744 -0.02060824
v -0.01481864 0.03082719 -0.02134345
v -0.01511265 0.03102088 -0.02181273
v -0.01602351 0.03094986 -0.02204737
v -0.01704966 0.03107253 -0.02271479
v -0.01789133 0.03098214 -0.02291293
v -0.01882524 0.03086593 -0.02312672
v -0.01932679 0.03080137 -0.02325707
v -0.02069307 0.03060769 -0.02360643
v -0.02153474 0.03048502 -0.02383064
v -0.02256089 0.03009766 -0.02369507
v -0.02348904 0.02997499 -0.02399749
v -0.02405400 0.02988461 -0.02415392
v -0.02747258 0.02884518 -0.02434685
v -0.02806636 0.02877416 -0.02459192
v -0.02467084 0.02978777 -0.02433642
v -0.02629078 0.02943268 -0.02467013
v -0.02796260 0.02901949 -0.02496734
v 0.00169777 0.01552629 0.00430017
v -0.00855797 0.02970384 -0.01790726
v -0.01086969 0.02985233 -0.01861640
v -0.01135971 0.03012994 -0.01914304
v -0.02296444 0.03076909 -0.02518634
v -0.02719587 0.02999436 -0.02655247
v -0.02686727 0.02989106 -0.02598933
v -0.02629078 0.02998791 -0.02578598
v -0.02806636 0.02969738 -0.02655247
v -0.02234183 0.03085947 -0.02499341
v -0.01975915 0.03135659 -0.02467013
v -0.01884830 0.03158256 -0.02469620
v -0.01917114 0.03169877 -0.02521241
v -0.01602351 0.03208613 -0.02467013
v -0.01884830 0.03186662 -0.02555655
v -0.01855429 0.03176332 -0.02502470
v -0.01789133 0.03182789 -0.02485263
v -0.01602351 0.03233146 -0.02560348
v -0.01517607 0.03260262 -0.02653683
v -0.01508959 0.03244767 -0.02560348
v -0.01229362 0.03271883 -0.02572862
v -0.01229362 0.03282212 -0.02653161
v -0.01372908 0.03266072 -0.02605712
v -0.01135971 0.03287377 -0.02653161
v -0.01135971 0.03290605 -0.02746496
v -0.01042580 0.03293188 -0.02746496
v 0.01709580 0.02798652 -0.02513941
v -0.00855797 0.03297061 -0.02746496
v -0.00762982 0.03293833 -0.02653161
v -0.00669591 0.03284795 -0.02560348
v -0.00482809 0.03280921 -0.02560348
v -0.00389417 0.03269946 -0.02493606
v -0.00296026 0.03267363 -0.02506120
v -0.00109820 0.03246704 -0.02467013
v -0.00118468 0.03260262 -0.02569212
v -0.00016429 0.03237665 -0.02467013
v 0.00076962 0.03227335 -0.02467013
v 0.00169201 0.03216360 -0.02467013
v 0.00263168 0.03204739 -0.02467013
v 0.00356560 0.03191182 -0.02467013
v 0.00502988 0.03173104 -0.02507163
v 0.00565825 0.03168585 -0.02560348
v 0.00636157 0.03142761 -0.02467013
v 0.00728971 0.03123393 -0.02467013
v 0.00822939 0.03103379 -0.02467013
v 0.00963026 0.03078846 -0.02513941
v 0.01102536 0.03033653 -0.02467013
v 0.01322179 0.02980713 -0.02560348
v 0.01288742 0.02976194 -0.02458670
v 0.01382710 0.02945205 -0.02467013
v 0.01479561 0.02907760 -0.02471706
v 0.01526256 0.02893557 -0.02505598
v 0.01561998 0.02870314 -0.02471706
v 0.01654813 0.02821248 -0.02467013
v 0.01205152 0.03002664 -0.02458670
v 0.01258189 0.02990398 -0.02484220
v 0.01635212 0.02809627 -0.02374200
v 0.00537577 0.01498398 0.00430017
v 0.01288742 0.02601742 -0.01596235
v 0.01240894 0.02612071 -0.01582157
v 0.01178633 0.02623692 -0.01564429
v 0.01382710 0.02688253 -0.01796984
v 0.01324485 0.02701165 -0.01776127
v 0.01292202 0.02682443 -0.01722420
v 0.01288742 0.02633377 -0.01643164
v 0.01428830 0.02798652 -0.02048831
v 0.01391358 0.02788322 -0.01994082
v 0.01382710 0.02748940 -0.01908047
v 0.01382710 0.02716014 -0.01843912
v 0.01568916 0.02843845 -0.02374200
v 0.01493973 0.02879999 -0.02374200
v 0.01468607 0.02867732 -0.02287643
v 0.01483019 0.02826413 -0.02181273
v -0.01231668 0.03054958 -0.02007117
v -0.01264528 0.03076909 -0.02051438
v -0.01416145 0.03124038 -0.02188051
v -0.01511842 0.03155028 -0.02285558
v -0.01602351 0.03134368 -0.02280343
v -0.01789133 0.03138887 -0.02374200
v -0.01882524 0.03117582 -0.02374200
v -0.01968998 0.03094986 -0.02373157
v -0.02069307 0.03085947 -0.02407571
v -0.02116579 0.03079491 -0.02420085
v -0.02178840 0.03070453 -0.02437292
v -0.02348904 0.03034299 -0.02467013
v -0.02806636 0.02900013 -0.02499863
v -0.02543757 0.02971029 -0.02465970
v -0.02580653 0.02985233 -0.02514984
v 0.00263168 0.01550047 0.00430017
v -0.00202635 0.02907114 -0.01651506
v -0.00296026 0.02907760 -0.01651506
v -0.00389417 0.02952952 -0.01721377
v -0.00482809 0.02951016 -0.01721377
v -0.00482809 0.02906469 -0.01653592
v -0.00576200 0.02903886 -0.01658285
v -0.00762982 0.02974903 -0.01784469
v -0.00762982 0.03005892 -0.01830876
v -0.00855797 0.03001373 -0.01837655
v -0.01024708 0.02989752 -0.01855383
v -0.01050650 0.03014931 -0.01899183
v -0.01042580 0.03065934 -0.01976875
v -0.01135971 0.03059478 -0.01986782
v -0.02748987 0.02978777 -0.02626569
v -0.02806636 0.02933584 -0.02569212
v -0.02806636 0.02927128 -0.02554612
v -0.02719587 0.02961991 -0.02565041
v -0.02629078 0.02976840 -0.02531670
v -0.02806636 0.02968447 -0.02652118
v -0.01789133 0.03166003 -0.02438335
v -0.01511842 0.03188599 -0.02367421
v -0.01508959 0.03222171 -0.02467013
v -0.01602351 0.03182789 -0.02391928
v -0.01416145 0.03233146 -0.02467013
v -0.01322753 0.03242830 -0.02467013
v -0.01408650 0.03255742 -0.02569212
v -0.01142312 0.03274465 -0.02552005
v -0.01176902 0.03265427 -0.02515505
v -0.01322753 0.03258970 -0.02547312
v -0.01042580 0.03290605 -0.02653161
v -0.01042580 0.03280275 -0.02560348
v -0.00855797 0.03293188 -0.02653161
v -0.00762982 0.03286086 -0.02560348
v -0.00482809 0.03271237 -0.02486306
v -0.00482809 0.03261553 -0.02439899
v -0.00482809 0.03247349 -0.02374200
v -0.00389417 0.03244121 -0.02374200
v -0.00202635 0.03232500 -0.02374200
v -0.00109820 0.03226690 -0.02374200
v -0.00016429 0.03217652 -0.02374200
v 0.00076962 0.03207322 -0.02374200
v 0.00169201 0.03196992 -0.02374200
v 0.00266627 0.03183434 -0.02367943
v 0.00356560 0.03176978 -0.02398707
v 0.00407291 0.03173104 -0.02417478
v 0.00469551 0.03167940 -0.02445113
v 0.00538154 0.03161484 -0.02472227
v 0.00542766 0.03140824 -0.02374200
v 0.00636157 0.03123393 -0.02374200
v 0.00878282 0.03081428 -0.02411742
v 0.00912295 0.03084656 -0.02476399
v 0.00940543 0.03073681 -0.02451892
v 0.01000498 0.03062706 -0.02476399
v 0.01102536 0.03014285 -0.02374200
v 0.01176327 0.02993626 -0.02374200
v 0.01241470 0.02985233 -0.02422171
v 0.01382710 0.02925191 -0.02374200
v 0.01447853 0.02900013 -0.02374200
v 0.01513573 0.02888392 -0.02443028
v 0.00531812 0.01500335 0.00430017
v 0.01195928 0.02697292 -0.01688006
v 0.01148656 0.02705685 -0.01674970
v 0.01102536 0.02635959 -0.01545136
v 0.01102536 0.02604970 -0.01498729
v 0.01292202 0.02732800 -0.01810019
v 0.01262224 0.02713432 -0.01754227
v 0.01391358 0.02828350 -0.02085852
v 0.01365992 0.02811564 -0.02021196
v 0.01329673 0.02796715 -0.01959146
v 0.01294507 0.02783158 -0.01906483
v 0.01432288 0.02893557 -0.02323100
v 0.01410382 0.02884518 -0.02260529
v 0.01380404 0.02872251 -0.02189616
v -0.01202267 0.03082074 -0.02042053
v -0.01231668 0.03101442 -0.02087417
v -0.01322753 0.03138887 -0.02188051
v -0.01322753 0.03167940 -0.02245408
v -0.01416145 0.03160838 -0.02261572
v -0.01544702 0.03170522 -0.02331443
v -0.01602351 0.03165357 -0.02346043
v -0.01700354 0.03158256 -0.02376807
v 0.00356560 0.01539717 0.00430017
v 0.00169201 0.02865795 -0.01623350
v 0.00076962 0.02899367 -0.01662978
v -0.00016429 0.02902595 -0.01658806
v -0.00109820 0.02905177 -0.01654114
v -0.00202635 0.02951661 -0.01721377
v -0.00296026 0.02983941 -0.01770912
v -0.00389417 0.02983941 -0.01770391
v -0.00482809 0.02983296 -0.01771434
v -0.00576200 0.03011057 -0.01822012
v -0.00576200 0.02945851 -0.01721377
v -0.00809102 0.03078846 -0.01954454
v -0.00855797 0.03045274 -0.01908047
v -0.00949188 0.03071744 -0.01968011
v -0.00949188 0.03034299 -0.01908047
v -0.01135971 0.03086593 -0.02033710
v -0.01416145 0.03204094 -0.02374200
v -0.01482441 0.03175041 -0.02319972
v -0.01322753 0.03215715 -0.02374200
v -0.01229362 0.03226044 -0.02374200
v -0.01229362 0.03251223 -0.02467013
v -0.01142312 0.03258970 -0.02472227
v -0.01042580 0.03268655 -0.02498820
v -0.00949188 0.03282858 -0.02560348
v -0.00855797 0.03284795 -0.02560348
v -0.00855797 0.03271883 -0.02482656
v -0.00762982 0.03272528 -0.02479006
v -0.00669591 0.03272528 -0.02480570
v -0.00576200 0.03271883 -0.02483177
v -0.00576200 0.03249286 -0.02374200
v -0.00482809 0.03222816 -0.02280343
v -0.00389417 0.03220234 -0.02280343
v -0.00296026 0.03215069 -0.02280343
v -0.00202635 0.03209259 -0.02280343
v -0.00109820 0.03203448 -0.02280343
v -0.00016429 0.03195055 -0.02280343
v 0.00078692 0.03183434 -0.02274086
v 0.00237803 0.03175041 -0.02315279
v 0.00300064 0.03171168 -0.02333007
v 0.00356560 0.03166649 -0.02352300
v 0.00443609 0.03158901 -0.02380978
v 0.00542766 0.03118228 -0.02280343
v 0.00636157 0.03100797 -0.02280343
v 0.00684582 0.03079491 -0.02233415
v 0.00816598 0.03086593 -0.02377328
v 0.00844846 0.03073681 -0.02349171
v 0.00915754 0.03039464 -0.02280343
v 0.00912295 0.03064642 -0.02377328
v 0.01009722 0.03038818 -0.02374200
v 0.01098501 0.02993626 -0.02286079
v 0.01126172 0.02979422 -0.02258965
v 0.01153844 0.02987170 -0.02321014
v 0.01223023 0.02979422 -0.02374200
v 0.01288742 0.02957472 -0.02374200
v 0.01380404 0.02903241 -0.02287643
v 0.01288742 0.02932938 -0.02280343
v 0.00449374 0.01523577 0.00430017
v 0.01055841 0.02612071 -0.01487779
v 0.01018946 0.02647580 -0.01525322
v 0.01009722 0.02696646 -0.01595714
v 0.01195928 0.02724407 -0.01734934
v 0.01102536 0.02785740 -0.01791248
v 0.01111760 0.02737965 -0.01711991
v 0.01086395 0.02714723 -0.01659849
v 0.01223023 0.02792842 -0.01874154
v 0.01193045 0.02772828 -0.01819926
v 0.01286437 0.02872251 -0.02098367
v 0.01294507 0.02825122 -0.01994082
v 0.01267989 0.02807691 -0.01936725
v 0.01348121 0.02896785 -0.02222465
v -0.01135971 0.03119519 -0.02094195
v -0.01235127 0.03155028 -0.02192744
v -0.01269716 0.03171168 -0.02236022
v -0.01322753 0.03185371 -0.02291293
v -0.01416145 0.03179561 -0.02307979
v 0.00492035 0.02798007 -0.01582157
v 0.00429774 0.02803171 -0.01575379
v 0.00356560 0.02845782 -0.01627521
v 0.00254521 0.02864504 -0.01636907
v 0.00217049 0.02892265 -0.01674449
v 0.00169201 0.02894848 -0.01670278
v 0.00169201 0.02925837 -0.01721377
v 0.00076962 0.02974257 -0.01788119
v -0.00109820 0.02981359 -0.01775605
v -0.00109820 0.02947788 -0.01721377
v -0.00202635 0.02982650 -0.01772477
v -0.00296026 0.03011057 -0.01817319
v -0.00389417 0.03012348 -0.01816798
v -0.00482809 0.03012348 -0.01818362
v -0.00576200 0.03057541 -0.01900747
v -0.00576200 0.03082719 -0.01947675
v -0.00771630 0.03099505 -0.01991996
v -0.00807372 0.03172459 -0.02141123
v -0.00855797 0.03145989 -0.02094195
v -0.00949188 0.03138242 -0.02094195
v -0.01042580 0.03129203 -0.02094195
v -0.01042580 0.03091758 -0.02023803
v -0.01235127 0.03189245 -0.02272522
v -0.01135971 0.03234437 -0.02374200
v -0.01135971 0.03202157 -0.02280343
v -0.01042580 0.03258970 -0.02452413
v -0.01042580 0.03239602 -0.02374200
v -0.00949188 0.03260907 -0.02444070
v -0.00855797 0.03262199 -0.02436249
v -0.00762982 0.03262844 -0.02432078
v -0.00669591 0.03262844 -0.02433642
v -0.00762982 0.03250577 -0.02374200
v -0.00669591 0.03224108 -0.02280343
v -0.00482809 0.03191182 -0.02188051
v -0.00424007 0.03173104 -0.02139559
v -0.00391723 0.03186017 -0.02180230
v -0.00296026 0.03186662 -0.02194830
v -0.00202635 0.03184080 -0.02201608
v -0.00109820 0.03181497 -0.02208908
v -0.00016429 0.03177624 -0.02219858
v 0.00049291 0.03174396 -0.02228722
v 0.00111552 0.03170522 -0.02239672
v 0.00169201 0.03167294 -0.02252186
v 0.00266627 0.03163421 -0.02282950
v 0.00356560 0.03149217 -0.02280343
v 0.00449951 0.03133722 -0.02280343
v 0.00535848 0.03090467 -0.02185966
v 0.00636157 0.03084011 -0.02219858
v 0.00636157 0.03067225 -0.02172930
v 0.00721477 0.03058187 -0.02196394
v 0.00822939 0.03033008 -0.02188051
v 0.00816598 0.03063997 -0.02286600
v 0.01009722 0.02994917 -0.02208908
v 0.01063912 0.02987815 -0.02228722
v 0.01009722 0.03015576 -0.02280343
v 0.01189586 0.02967156 -0.02286079
v 0.01098501 0.02965864 -0.02193787
v 0.01195928 0.02934230 -0.02188051
v 0.00956108 0.02703748 -0.01584243
v 0.00893847 0.02711495 -0.01572771
v 0.00822939 0.02719888 -0.01560257
v 0.00728971 0.02776701 -0.01617614
v 0.00636157 0.02785094 -0.01603014
v 0.00542766 0.02793487 -0.01589457
v 0.01009722 0.02725698 -0.01642121
v 0.01160762 0.02802526 -0.01854340
v 0.01102536 0.02811564 -0.01838176
v 0.01040276 0.02794779 -0.01775084
v 0.01009722 0.02775410 -0.01726070
v 0.01189586 0.02866441 -0.02008160
v 0.01154420 0.02894202 -0.02043617
v 0.01193045 0.02817375 -0.01906483
v 0.01286437 0.02905823 -0.02189616
v 0.01252424 0.02895493 -0.02131738
v 0.01217258 0.02883872 -0.02069688
v -0.01042580 0.03163421 -0.02162502
v -0.01135971 0.03158256 -0.02171887
v -0.01208032 0.03175041 -0.02227680
v 0.00542766 0.02822540 -0.01636385
v 0.00456292 0.02826413 -0.01619178
v 0.00356560 0.02883872 -0.01689570
v 0.00279310 0.02888392 -0.01680706
v 0.00254521 0.02912279 -0.01715641
v 0.00169201 0.02969738 -0.01796462
v 0.00169201 0.02995563 -0.01842869
v 0.00076962 0.03000082 -0.01835048
v -0.00016429 0.03003955 -0.01828269
v -0.00109820 0.03007829 -0.01822533
v -0.00202635 0.03009766 -0.01818883
v -0.00389417 0.03058832 -0.01899183
v -0.00482809 0.03058832 -0.01898661
v -0.00482809 0.03083365 -0.01945589
v -0.00482809 0.03112418 -0.02001382
v -0.00576200 0.03110481 -0.02001382
v -0.00771053 0.03155028 -0.02103059
v -0.00669591 0.03173104 -0.02140080
v -0.00771053 0.03186662 -0.02178666
v -0.00762982 0.03224108 -0.02280343
v -0.00855797 0.03220880 -0.02280343
v -0.01042580 0.03209259 -0.02280343
v -0.01042580 0.03182143 -0.02208908
v -0.00949188 0.03167294 -0.02153637
v -0.00482809 0.03154382 -0.02092109
v -0.01135971 0.03178915 -0.02218815
v -0.00855797 0.03248641 -0.02374200
v -0.00576200 0.03191182 -0.02188051
v -0.00482809 0.03173104 -0.02138516
v -0.00391723 0.03156964 -0.02103059
v -0.00296026 0.03149217 -0.02094195
v -0.00202635 0.03144698 -0.02094195
v -0.00202635 0.03167294 -0.02154680
v -0.00109820 0.03138887 -0.02094195
v -0.00016429 0.03131140 -0.02094195
v 0.00076962 0.03121456 -0.02094195
v 0.00169201 0.03111772 -0.02094195
v 0.00169201 0.03145989 -0.02188051
v 0.00263168 0.03134368 -0.02188051
v 0.00356560 0.03120165 -0.02188051
v 0.00449951 0.03105316 -0.02188051
v 0.00500105 0.03079491 -0.02139559
v 0.00562366 0.03074326 -0.02153637
v 0.00636157 0.03038173 -0.02094195
v 0.00819480 0.02999436 -0.02092631
v 0.00896730 0.02992334 -0.02122352
v 0.00923248 0.03006538 -0.02180230
v 0.00958991 0.02984587 -0.02143730
v 0.01009722 0.02978131 -0.02161980
v 0.01009722 0.02952952 -0.02094195
v 0.01102536 0.02927774 -0.02094195
v 0.01189586 0.02903241 -0.02098367
v 0.00921519 0.02734737 -0.01620221
v 0.00780856 0.02799943 -0.01672885
v 0.00728971 0.02805108 -0.01664021
v 0.00636157 0.02814147 -0.01649942
v 0.00915754 0.02784449 -0.01700520
v 0.01102536 0.02845782 -0.01908047
v 0.01009722 0.02821894 -0.01809498
v 0.01010875 0.02872897 -0.01911175
v 0.00978591 0.02803171 -0.01760484
v 0.01102536 0.02901304 -0.02026931
v 0.01042582 0.02889037 -0.01962275
v 0.01102536 0.02879999 -0.01980525
v 0.00542766 0.02869023 -0.01713556
v 0.00449951 0.02876771 -0.01700520
v 0.00449951 0.02904532 -0.01747448
v 0.00356560 0.02910988 -0.01735977
v 0.00263168 0.02963928 -0.01807412
v 0.00263168 0.02989752 -0.01853819
v 0.00263168 0.03016867 -0.01908047
v 0.00169201 0.03027843 -0.01908047
v 0.00076962 0.03037527 -0.01908047
v -0.00016429 0.03045920 -0.01908047
v -0.00116162 0.03058187 -0.01916911
v -0.00202635 0.03056895 -0.01905440
v -0.00296026 0.03058187 -0.01902311
v -0.00389417 0.03083365 -0.01945589
v -0.00389417 0.03111772 -0.02001382
v -0.00576200 0.03173104 -0.02139037
v -0.00202635 0.03104025 -0.02001382
v -0.00116162 0.03096277 -0.01994082
v -0.00016429 0.03096277 -0.02011289
v 0.00076962 0.03091758 -0.02020153
v 0.00169201 0.03086593 -0.02030581
v 0.00239532 0.03082719 -0.02039967
v 0.00268357 0.03096277 -0.02086895
v 0.00356560 0.03091112 -0.02108795
v 0.00449951 0.03066579 -0.02081681
v 0.00535848 0.03060123 -0.02103059
v 0.00542766 0.03017513 -0.02001382
v 0.00629815 0.03000082 -0.01999296
v 0.00728971 0.02993626 -0.02029539
v 0.00786044 0.02987815 -0.02043096
v 0.00848305 0.02980713 -0.02060303
v 0.00923248 0.02974903 -0.02092631
v 0.00843116 0.02792842 -0.01684877
v 0.00816021 0.02818020 -0.01718249
v 0.00728971 0.02838680 -0.01721377
v 0.00626933 0.02863858 -0.01730763
v 0.00915754 0.02810919 -0.01747448
v 0.00915754 0.02882581 -0.01881454
v 0.00858105 0.02889683 -0.01866854
v 0.00915754 0.02847718 -0.01814712
v 0.00980321 0.02896785 -0.01945068
v 0.00915754 0.02905177 -0.01928382
v 0.00825245 0.02871606 -0.01818883
v 0.01010875 0.02912279 -0.01996689
v 0.00915754 0.02938749 -0.02001382
v 0.00542766 0.02896785 -0.01760484
v 0.00449951 0.02941331 -0.01814712
v 0.00375007 0.02981359 -0.01869462
v 0.00268357 0.03062706 -0.02005553
v 0.00169201 0.03065288 -0.01984175
v 0.00449951 0.02976194 -0.01880933
v 0.00449951 0.02998791 -0.01927861
v 0.00076962 0.03069807 -0.01974268
v -0.00016429 0.03074326 -0.01964361
v -0.00151327 0.03079491 -0.01953932
v -0.00296026 0.03082074 -0.01948196
v 0.00449951 0.03033008 -0.02001382
v 0.00356560 0.03073681 -0.02061867
v 0.00542766 0.02991043 -0.01942982
v 0.00594073 0.02986524 -0.01952889
v 0.00728971 0.02972966 -0.01983132
v 0.00819480 0.02964573 -0.02007639
v 0.00728971 0.02878707 -0.01792812
v 0.00652298 0.02886455 -0.01779255
v 0.00590038 0.02892265 -0.01767784
v 0.00825245 0.02914216 -0.01901790
v 0.00795844 0.02896785 -0.01852776
v 0.00542766 0.02925837 -0.01814712
v 0.00542766 0.02968447 -0.01897097
v 0.00728971 0.02903886 -0.01839740
v 0.00728971 0.02937458 -0.01908047
v 0.00626933 0.02909051 -0.01811583
f 1 2 6
f 1 6 13
f 1 13 23
f 1 23 43
f 1 43 65
f 1 65 99
f 1 99 143
f 1 143 184
f 1 184 183
f 1 183 243
f 1 243 303
f 1 303 305
f 1 305 365
f 1 365 426
f 1 426 486
f 1 486 558
f 1 558 626
f 1 626 707
f 1 707 783
f 1 783 866
f 1 866 958
f 1 958 1050
f 1 1050 1135
f 1 1135 1232
f 1 1232 1328
f 1 1328 1327
f 1 1327 1427
f 1 1427 1539
f 1 1539 1650
f 1 1650 1754
f 1 1754 1845
f 1 1845 1929
f 1 1929 2035
f 1 2035 2147
f 1 2147 2281
f 1 2281 2280
f 1 2280 2279
f 1 2279 2426
f 1 2426 2593
f 1 2593 2769
f 1 2769 2945
f 1 2945 2944
f 1 2944 2943
f 1 2943 2942
f 1 2942 3137
f 1 3137 3320
f 1 3320 3520
f 1 3520 3519
f 1 3519 3518
f 1 3518 3719
f 1 3719 3918
f 1 3918 4095
f 1 4095 4280
f 1 4280 4460
f 1 4460 4643
f 1 4643 4813
f 1 4813 4972
f 1 4972 5123
f 1 5123 5289
f 1 5289 5291
f 1 5291 5441
f 1 5441 5606
f 1 5606 5763
f 1 5763 5901
f 1 5901 6025
f 1 6025 6143
f 1 6143 6266
f 1 6266 6385
f 1 6385 6501
f 1 6501 6615
f 1 6615 6614
f 1 6614 6727
f 1 6727 6816
f 1 6816 6835
f 1 6835 6834
f 1 6834 6838
f 1 6838 6739
f 1 6739 6630
f 1 6630 6506
f 1 6506 6388
f 1 6388 6267
f 1 6267 6147
f 1 6147 6146
f 1 6146 6027
f 1 6027 5904
f 1 5904 5772
f 1 5772 5771
f 1 5771 5770
f 1 5770 5765
f 1 5765 5613
f 1 5613 5611
f 1 5611 5610
f 1 5610 5609
f 1 5609 5608
f 1 5608 5449
f 1 5449 5301
f 1 5301 5304
f 1 5304 5151
f 1 5151 5140
f 1 5140 5137
f 1 5137 4990
f 1 4990 4834
f 1 4834 4671
f 1 4671 4670
f 1 4670 4489
f 1 4489 4488
f 1 4488 4319
f 1 4319 4312
f 1 4312 4311
f 1 4311 4127
f 1 4127 4125
f 1 4125 4124
f 1 4124 3950
f 1 3950 3761
f 1 3761 3760
f 1 3760 3573
f 1 3573 3572
f 1 3572 3758
f 1 3758 3564
f 1 3564 3366
f 1 3366 3365
f 1 3365 3184
f 1 3184 3183
f 1 3183 3002
f 1 3002 3006
f 1 3006 3182
f 1 3182 3001
f 1 3001 3000
f 1 3000 3022
f 1 3022 2994
f 1 2994 2812
f 1 2812 2649
f 1 2649 2482
f 1 2482 2331
f 1 2331 2189
f 1 2189 2077
f 1 2077 1966
f 1 1966 1874
f 1 1874 1783
f 1 1783 1781
f 1 1781 1683
f 1 1683 1682
f 1 1682 1681
f 1 1681 1678
f 1 1678 1569
f 1 1569 1567
f 1 1567 1458
f 1 1458 1354
f 1 1354 1353
f 1 1353 1352
f 1 1352 1351
f 1 1351 1254
f 1 1254 1252
f 1 1252 1160
f 1 1160 1159
f 1 1159 1079
f 1 1079 1078
f 1 1078 985
f 1 985 984
f 1 984 982
f 1 982 893
f 1 893 892
f 1 892 888
f 1 888 804
f 1 804 803
f 1 803 724
f 1 724 648
f 1 648 647
f 1 647 646
f 1 646 577
f 1 577 574
f 1 574 505
f 1 505 442
f 1 442 441
f 1 441 438
f 1 438 378
f 1 378 319
f 1 319 318
f 1 318 257
f 1 257 256
f 1 256 200
f 1 200 252
f 1 252 250
f 1 250 206
f 1 206 151
f 1 151 107
f 1 107 101
f 1 101 66
f 1 66 44
f 1 44 24
f 1 24 14
f 1 14 7
f 1 7 3
f 1 3 4
f 1 4 5
f 1 5 2
f 2 5 6
f 3 7 8
f 3 8 4
f 4 8 9
f 4 9 10
f 4 10 5
f 5 11 6
f 5 10 12
f 5 12 11
f 6 11 13
f 7 14 8
f 8 14 15
f 8 15 16
f 8 16 17
f 8 17 9
f 9 17 18
f 9 18 19
f 9 19 10
f 10 19 20
f 10 20 12
f 11 12 21
f 11 21 13
f 12 20 21
f 13 21 22
f 13 22 23
f 14 24 15
f 15 25 16
f 15 24 26
f 15 26 25
f 16 27 17
f 16 25 27
f 17 28 29
f 17 29 30
f 17 30 31
f 17 31 32
f 17 32 18
f 17 27 28
f 18 32 33
f 18 33 34
f 18 34 19
f 19 34 35
f 19 35 20
f 20 35 21
f 21 36 37
f 21 37 22
f 21 35 38
f 21 38 39
f 21 39 40
f 21 40 36
f 22 37 36
f 22 36 41
f 22 41 42
f 22 42 23
f 23 42 43
f 24 44 26
f 25 26 45
f 25 45 46
f 25 46 27
f 26 44 47
f 26 47 45
f 27 46 48
f 27 48 30
f 27 30 29
f 27 29 28
f 30 48 49
f 30 49 50
f 30 50 51
f 30 51 52
f 30 52 31
f 31 52 53
f 31 53 54
f 31 54 55
f 31 55 33
f 31 33 32
f 33 55 56
f 33 56 34
f 34 56 35
f 35 56 38
f 36 40 57
f 36 57 41
f 38 56 58
f 38 58 59
f 38 59 57
f 38 57 39
f 39 57 40
f 41 57 60
f 41 60 61
f 41 61 62
f 41 62 63
f 41 63 64
f 41 64 42
f 42 64 43
f 43 64 65
f 44 66 47
f 45 67 68
f 45 68 46
f 45 47 69
f 45 69 70
f 45 70 67
f 46 71 48
f 46 68 71
f 47 66 72
f 47 72 69
f 48 71 49
f 49 71 73
f 49 73 50
f 50 74 51
f 50 73 75
f 50 75 76
f 50 76 109
f 50 109 74
f 51 77 52
f 51 74 77
f 52 78 79
f 52 79 80
f 52 80 81
f 52 81 53
f 52 77 78
f 53 81 54
f 54 81 82
f 54 82 83
f 54 83 84
f 54 84 85
f 54 85 55
f 55 85 56
f 56 85 86
f 56 86 58
f 57 59 87
f 57 87 88
f 57 88 60
f 58 86 89
f 58 89 59
f 59 90 91
f 59 91 87
f 59 89 92
f 59 92 93
f 59 93 90
f 60 88 61
f 61 88 91
f 61 91 94
f 61 94 95
f 61 95 96
f 61 96 62
f 62 96 63
f 63 96 97
f 63 97 98
f 63 98 99
f 63 99 100
f 63 100 64
f 64 100 65
f 65 100 99
f 66 101 72
f 67 102 103
f 67 103 104
f 67 104 68
f 67 70 105
f 67 105 106
f 67 106 102
f 68 104 73
f 68 73 71
f 69 72 101
f 69 101 107
f 69 107 108
f 69 108 70
f 70 108 105
f 73 104 75
f 74 109 110
f 74 110 111
f 74 111 112
f 74 112 77
f 75 104 113
f 75 113 76
f 76 114 109
f 76 113 115
f 76 115 114
f 77 112 78
f 78 112 116
f 78 116 117
f 78 117 118
f 78 118 79
f 79 118 119
f 79 119 120
f 79 120 80
f 80 120 81
f 81 120 121
f 81 121 82
f 82 121 83
f 83 121 122
f 83 122 123
f 83 123 86
f 83 86 84
f 84 86 85
f 86 123 89
f 87 91 88
f 89 123 124
f 89 124 92
f 90 93 125
f 90 125 126
f 90 126 127
f 90 127 94
f 90 94 91
f 92 124 93
f 93 124 128
f 93 128 129
f 93 129 130
f 93 130 131
f 93 131 125
f 94 132 133
f 94 133 134
f 94 134 95
f 94 127 135
f 94 135 132
f 95 134 136
f 95 136 137
f 95 137 138
f 95 138 139
f 95 139 96
f 96 139 140
f 96 140 141
f 96 141 142
f 96 142 143
f 96 143 99
f 96 99 97
f 97 99 98
f 102 106 144
f 102 144 145
f 102 145 146
f 102 146 115
f 102 115 103
f 103 115 113
f 103 113 104
f 105 108 147
f 105 147 106
f 106 147 148
f 106 148 149
f 106 149 150
f 106 150 144
f 107 151 152
f 107 152 108
f 108 152 147
f 109 153 154
f 109 154 110
f 109 114 153
f 110 154 155
f 110 155 116
f 110 116 111
f 111 116 112
f 114 156 153
f 114 115 157
f 114 157 158
f 114 158 159
f 114 159 156
f 115 146 157
f 116 155 117
f 117 160 118
f 117 155 161
f 117 161 160
f 118 162 163
f 118 163 119
f 118 160 214
f 118 214 162
f 119 163 219
f 119 219 164
f 119 164 120
f 120 164 122
f 120 122 121
f 122 164 165
f 122 165 123
f 123 130 129
f 123 129 124
f 123 165 130
f 124 129 128
f 125 131 166
f 125 166 126
f 126 166 167
f 126 167 168
f 126 168 135
f 126 135 127
f 130 165 169
f 130 169 231
f 130 231 170
f 130 170 171
f 130 171 131
f 131 171 172
f 131 172 166
f 132 173 133
f 132 135 174
f 132 174 173
f 133 173 175
f 133 175 176
f 133 176 134
f 134 176 136
f 135 177 178
f 135 178 174
f 135 168 177
f 136 179 137
f 136 176 179
f 137 179 138
f 138 179 180
f 138 180 139
f 139 141 140
f 139 180 181
f 139 181 141
f 141 181 142
f 142 181 182
f 142 182 183
f 142 183 184
f 142 184 143
f 144 150 185
f 144 185 186
f 144 186 187
f 144 187 145
f 145 188 146
f 145 187 189
f 145 189 190
f 145 190 191
f 145 191 188
f 146 188 158
f 146 158 157
f 147 152 192
f 147 192 148
f 148 192 193
f 148 193 194
f 148 194 149
f 149 195 196
f 149 196 197
f 149 197 190
f 149 190 185
f 149 185 198
f 149 198 150
f 149 194 199
f 149 199 200
f 149 200 201
f 149 201 202
f 149 202 203
f 149 203 204
f 149 204 205
f 149 205 195
f 150 198 185
f 151 206 207
f 151 207 152
f 152 207 192
f 153 156 154
f 154 208 161
f 154 161 155
f 154 156 209
f 154 209 208
f 156 210 209
f 156 159 211
f 156 211 212
f 156 212 210
f 158 213 159
f 158 188 213
f 159 213 211
f 160 161 214
f 161 208 215
f 161 215 214
f 162 216 217
f 162 217 218
f 162 218 163
f 162 214 273
f 162 273 216
f 163 218 217
f 163 217 220
f 163 220 219
f 164 219 221
f 164 221 222
f 164 222 165
f 165 222 221
f 165 221 223
f 165 223 169
f 166 172 171
f 166 171 224
f 166 224 167
f 167 225 226
f 167 226 227
f 167 227 168
f 167 224 228
f 167 228 225
f 168 229 230
f 168 230 177
f 168 227 226
f 168 226 229
f 169 223 231
f 170 231 293
f 170 293 232
f 170 232 171
f 171 232 224
f 173 174 178
f 173 178 233
f 173 233 175
f 175 233 234
f 175 234 179
f 175 179 176
f 177 230 235
f 177 235 236
f 177 236 178
f 178 236 233
f 179 234 237
f 179 237 238
f 179 238 239
f 179 239 240
f 179 240 241
f 179 241 180
f 180 241 242
f 180 242 181
f 181 242 241
f 181 241 243
f 181 243 182
f 182 243 183
f 185 190 186
f 186 189 187
f 186 190 189
f 188 191 244
f 188 244 245
f 188 245 213
f 190 197 196
f 190 196 191
f 191 196 246
f 191 246 247
f 191 247 248
f 191 248 249
f 191 249 244
f 192 207 250
f 192 250 193
f 193 250 251
f 193 251 252
f 193 252 253
f 193 253 199
f 193 199 194
f 195 205 254
f 195 254 196
f 196 254 255
f 196 255 246
f 199 253 252
f 199 252 200
f 200 256 201
f 201 203 202
f 201 256 257
f 201 257 258
f 201 258 203
f 203 258 259
f 203 259 260
f 203 260 261
f 203 261 204
f 204 261 262
f 204 262 205
f 205 262 263
f 205 263 254
f 206 250 207
f 208 264 265
f 208 265 215
f 208 209 266
f 208 266 267
f 208 267 264
f 209 210 266
f 210 212 270
f 210 270 266
f 211 213 268
f 211 268 269
f 211 269 212
f 212 269 271
f 212 271 272
f 212 272 270
f 213 245 268
f 214 215 265
f 214 265 273
f 216 273 274
f 216 274 275
f 216 275 276
f 216 276 217
f 217 276 220
f 219 220 277
f 219 277 221
f 220 276 278
f 220 278 279
f 220 279 280
f 220 280 281
f 220 281 277
f 221 277 282
f 221 282 283
f 221 283 284
f 221 284 223
f 223 284 285
f 223 285 286
f 223 286 231
f 224 232 228
f 225 287 288
f 225 288 229
f 225 229 226
f 225 228 289
f 225 289 290
f 225 290 287
f 228 232 289
f 229 291 292
f 229 292 230
f 229 288 291
f 230 292 235
f 231 286 293
f 232 293 289
f 233 236 294
f 233 294 295
f 233 295 237
f 233 237 234
f 235 296 297
f 235 297 236
f 235 292 296
f 236 297 298
f 236 298 294
f 237 295 299
f 237 299 238
f 238 299 239
f 239 300 301
f 239 301 302
f 239 302 240
f 239 299 300
f 240 302 241
f 241 303 243
f 241 302 304
f 241 304 305
f 241 305 303
f 244 306 245
f 244 249 307
f 244 307 306
f 245 306 308
f 245 308 309
f 245 309 269
f 245 269 268
f 246 255 310
f 246 310 247
f 247 310 248
f 248 310 311
f 248 311 312
f 248 312 313
f 248 313 314
f 248 314 249
f 249 314 315
f 249 315 316
f 249 316 317
f 249 317 307
f 250 252 251
f 254 263 311
f 254 311 310
f 254 310 255
f 257 318 258
f 258 318 319
f 258 319 320
f 258 320 259
f 259 320 321
f 259 321 261
f 259 261 260
f 261 321 322
f 261 322 262
f 262 322 323
f 262 323 263
f 263 323 324
f 263 324 311
f 264 267 325
f 264 325 265
f 265 325 326
f 265 326 273
f 266 270 327
f 266 327 328
f 266 328 267
f 267 328 329
f 267 329 325
f 269 309 271
f 270 272 330
f 270 330 327
f 271 309 272
f 272 309 331
f 272 331 332
f 272 332 330
f 273 326 333
f 273 333 334
f 273 334 274
f 274 334 275
f 275 334 335
f 275 335 336
f 275 336 337
f 275 337 338
f 275 338 339
f 275 339 340
f 275 340 278
f 275 278 276
f 277 281 282
f 278 340 341
f 278 341 279
f 279 341 342
f 279 342 283
f 279 283 280
f 280 283 281
f 281 283 282
f 283 342 343
f 283 343 284
f 284 343 344
f 284 344 345
f 284 345 285
f 285 345 286
f 286 346 347
f 286 347 293
f 286 345 348
f 286 348 346
f 287 290 349
f 287 349 350
f 287 350 288
f 288 350 291
f 289 293 351
f 289 351 290
f 290 352 349
f 290 351 352
f 291 350 353
f 291 353 296
f 291 296 292
f 293 347 354
f 293 354 351
f 294 298 297
f 294 297 355
f 294 355 356
f 294 356 295
f 295 356 299
f 296 353 357
f 296 357 358
f 296 358 297
f 297 358 359
f 297 359 360
f 297 360 355
f 299 356 361
f 299 361 362
f 299 362 363
f 299 363 364
f 299 364 301
f 299 301 300
f 301 364 302
f 302 364 304
f 304 364 365
f 304 365 305
f 306 307 308
f 307 317 366
f 307 366 308
f 308 331 309
f 308 366 331
f 311 324 367
f 311 367 368
f 311 368 369
f 311 369 312
f 312 369 313
f 313 370 314
f 313 369 371
f 313 371 370
f 314 370 372
f 314 372 373
f 314 373 374
f 314 374 315
f 315 374 316
f 316 375 376
f 316 376 366
f 316 366 317
f 316 374 377
f 316 377 375
f 319 378 379
f 319 379 320
f 320 379 380
f 320 380 321
f 321 380 381
f 321 381 382
f 321 382 322
f 322 382 383
f 322 383 323
f 323 383 384
f 323 384 324
f 324 384 385
f 324 385 367
f 325 386 326
f 325 329 387
f 325 387 388
f 325 388 386
f 326 389 398
f 326 398 333
f 326 386 390
f 326 390 389
f 327 391 392
f 327 392 328
f 327 330 393
f 327 393 391
f 328 392 387
f 328 387 329
f 330 332 394
f 330 394 395
f 330 395 393
f 331 366 396
f 331 396 397
f 331 397 332
f 332 397 394
f 333 398 335
f 333 335 334
f 335 398 336
f 336 399 338
f 336 338 337
f 336 398 400
f 336 400 399
f 338 401 402
f 338 402 341
f 338 341 339
f 338 399 401
f 339 341 340
f 341 402 404
f 341 404 342
f 342 403 343
f 342 404 403
f 343 403 405
f 343 405 344
f 344 405 406
f 344 406 345
f 345 406 407
f 345 407 348
f 346 408 347
f 346 348 409
f 346 409 469
f 346 469 408
f 347 408 354
f 348 407 409
f 349 410 411
f 349 411 412
f 349 412 350
f 349 352 413
f 349 413 410
f 350 412 414
f 350 414 415
f 350 415 416
f 350 416 353
f 351 413 352
f 351 354 413
f 353 416 357
f 354 408 417
f 354 417 413
f 355 359 356
f 355 360 359
f 356 359 361
f 357 418 419
f 357 419 420
f 357 420 358
f 357 416 418
f 358 420 359
f 359 420 421
f 359 421 422
f 359 422 361
f 361 422 423
f 361 423 424
f 361 424 362
f 362 424 363
f 363 424 364
f 364 424 425
f 364 425 426
f 364 426 365
f 366 376 396
f 367 385 368
f 368 385 427
f 368 427 369
f 369 427 428
f 369 428 429
f 369 429 371
f 370 430 373
f 370 373 372
f 370 371 430
f 371 429 431
f 371 431 432
f 371 432 433
f 371 433 430
f 373 434 377
f 373 377 374
f 373 430 434
f 375 435 436
f 375 436 396
f 375 396 376
f 375 377 437
f 375 437 435
f 377 434 437
f 378 438 439
f 378 439 440
f 378 440 380
f 378 380 379
f 380 440 441
f 380 441 381
f 381 441 442
f 381 442 443
f 381 443 382
f 382 443 444
f 382 444 383
f 383 444 445
f 383 445 384
f 384 445 446
f 384 446 447
f 384 447 385
f 385 447 427
f 386 388 390
f 387 392 388
f 388 392 448
f 388 448 390
f 389 449 400
f 389 400 398
f 389 390 450
f 389 450 449
f 390 448 451
f 390 451 450
f 391 393 453
f 391 453 452
f 391 452 448
f 391 448 392
f 393 395 454
f 393 454 453
f 394 397 455
f 394 455 395
f 395 455 456
f 395 456 454
f 396 457 455
f 396 455 397
f 396 436 457
f 399 400 458
f 399 458 459
f 399 459 401
f 400 460 458
f 400 449 461
f 400 461 460
f 401 462 463
f 401 463 402
f 401 459 462
f 402 463 536
f 402 536 464
f 402 464 404
f 403 404 465
f 403 465 466
f 403 466 405
f 404 464 465
f 405 466 467
f 405 467 468
f 405 468 406
f 406 468 409
f 406 409 407
f 408 469 470
f 408 470 417
f 409 468 469
f 410 471 472
f 410 472 411
f 410 413 417
f 410 417 471
f 411 472 473
f 411 473 414
f 411 414 412
f 414 473 474
f 414 474 415
f 415 474 475
f 415 475 476
f 415 476 416
f 416 476 477
f 416 477 418
f 417 470 471
f 418 477 419
f 419 477 478
f 419 478 479
f 419 479 420
f 420 479 421
f 421 480 481
f 421 481 482
f 421 482 483
f 421 483 484
f 421 484 422
f 421 479 480
f 422 484 423
f 423 484 485
f 423 485 424
f 424 486 425
f 424 485 487
f 424 487 488
f 424 488 486
f 425 486 426
f 427 447 428
f 428 447 489
f 428 489 490
f 428 490 429
f 429 491 431
f 429 490 492
f 429 492 491
f 430 493 434
f 430 433 494
f 430 494 493
f 431 491 432
f 432 495 496
f 432 496 494
f 432 494 433
f 432 491 497
f 432 497 498
f 432 498 499
f 432 499 495
f 434 500 437
f 434 493 501
f 434 501 500
f 435 502 436
f 435 437 503
f 435 503 504
f 435 504 502
f 436 502 457
f 437 500 503
f 438 441 440
f 438 440 439
f 442 505 506
f 442 506 507
f 442 507 508
f 442 508 443
f 443 508 509
f 443 509 444
f 444 509 445
f 445 509 510
f 445 510 446
f 446 510 511
f 446 511 512
f 446 512 447
f 447 512 513
f 447 513 514
f 447 514 515
f 447 515 516
f 447 516 560
f 447 560 489
f 448 517 451
f 448 452 518
f 448 518 517
f 449 450 519
f 449 519 531
f 449 531 461
f 450 451 520
f 450 520 521
f 450 521 519
f 451 517 520
f 452 453 522
f 452 522 518
f 453 454 522
f 454 456 523
f 454 523 522
f 455 457 524
f 455 524 456
f 456 525 523
f 456 524 504
f 456 504 525
f 457 502 524
f 458 460 459
f 459 460 526
f 459 526 462
f 460 461 527
f 460 527 528
f 460 528 529
f 460 529 530
f 460 530 526
f 461 531 593
f 461 593 527
f 462 526 532
f 462 532 533
f 462 533 534
f 462 534 535
f 462 535 463
f 463 535 536
f 464 536 465
f 465 536 537
f 465 537 538
f 465 538 539
f 465 539 540
f 465 540 466
f 466 541 467
f 466 540 541
f 467 541 542
f 467 542 543
f 467 543 468
f 468 543 544
f 468 544 469
f 469 544 545
f 469 545 546
f 469 546 470
f 470 546 547
f 470 547 471
f 471 547 472
f 472 547 548
f 472 548 473
f 473 548 549
f 473 549 550
f 473 550 551
f 473 551 474
f 474 551 475
f 475 552 553
f 475 553 476
f 475 551 552
f 476 553 477
f 477 554 478
f 477 553 621
f 477 621 554
f 478 554 479
f 479 554 555
f 479 555 480
f 480 555 556
f 480 556 481
f 481 556 557
f 481 557 482
f 482 484 483
f 482 557 484
f 484 557 487
f 484 487 485
f 486 488 558
f 487 557 624
f 487 624 706
f 487 706 780
f 487 780 779
f 487 779 860
f 487 860 951
f 487 951 1040
f 487 1040 1127
f 487 1127 1218
f 487 1218 1311
f 487 1311 1412
f 487 1412 1520
f 487 1520 1630
f 487 1630 1730
f 487 1730 1733
f 487 1733 1831
f 487 1831 1830
f 487 1830 1829
f 487 1829 1922
f 487 1922 2022
f 487 2022 2133
f 487 2133 2262
f 487 2262 2405
f 487 2405 2414
f 487 2414 2580
f 487 2580 2579
f 487 2579 2578
f 487 2578 2755
f 487 2755 2926
f 487 2926 3119
f 487 3119 3118
f 487 3118 3305
f 487 3305 3500
f 487 3500 3702
f 487 3702 3687
f 487 3687 3697
f 487 3697 3696
f 487 3696 3897
f 487 3897 4076
f 487 4076 4266
f 487 4266 4448
f 487 4448 4634
f 487 4634 4807
f 487 4807 4806
f 487 4806 4965
f 487 4965 5116
f 487 5116 5279
f 487 5279 5432
f 487 5432 5595
f 487 5595 5747
f 487 5747 5759
f 487 5759 5758
f 487 5758 5757
f 487 5757 5899
f 487 5899 6023
f 487 6023 6138
f 487 6138 6254
f 487 6254 6371
f 487 6371 6478
f 487 6478 6588
f 487 6588 6699
f 487 6699 6788
f 487 6788 6879
f 487 6879 6957
f 487 6957 6901
f 487 6901 6819
f 487 6819 6731
f 487 6731 6619
f 487 6619 6502
f 487 6502 6386
f 487 6386 6265
f 487 6265 6145
f 487 6145 6144
f 487 6144 6026
f 487 6026 5903
f 487 5903 5902
f 487 5902 5900
f 487 5900 5762
f 487 5762 5761
f 487 5761 5605
f 487 5605 5440
f 487 5440 5290
f 487 5290 5124
f 487 5124 4975
f 487 4975 4974
f 487 4974 4973
f 487 4973 4971
f 487 4971 4812
f 487 4812 4644
f 487 4644 4642
f 487 4642 4459
f 487 4459 4279
f 487 4279 4094
f 487 4094 3917
f 487 3917 3718
f 487 3718 3717
f 487 3717 3517
f 487 3517 3319
f 487 3319 3136
f 487 3136 3135
f 487 3135 2941
f 487 2941 2768
f 487 2768 2592
f 487 2592 2427
f 487 2427 2278
f 487 2278 2146
f 487 2146 2145
f 487 2145 2036
f 487 2036 1928
f 487 1928 1927
f 487 1927 1844
f 487 1844 1753
f 487 1753 1649
f 487 1649 1538
f 487 1538 1537
f 487 1537 1426
f 487 1426 1326
f 487 1326 1231
f 487 1231 1134
f 487 1134 1049
f 487 1049 957
f 487 957 865
f 487 865 864
f 487 864 863
f 487 863 782
f 487 782 781
f 487 781 708
f 487 708 627
f 487 627 559
f 487 559 488
f 488 559 558
f 489 560 490
f 490 560 492
f 491 492 561
f 491 561 562
f 491 562 497
f 492 560 561
f 493 494 496
f 493 496 501
f 495 563 564
f 495 564 496
f 495 499 565
f 495 565 563
f 496 564 501
f 497 562 498
f 498 562 499
f 499 562 566
f 499 566 567
f 499 567 565
f 500 568 503
f 500 501 569
f 500 569 568
f 501 564 569
f 502 504 524
f 503 570 571
f 503 571 504
f 503 568 570
f 504 571 572
f 504 572 573
f 504 573 525
f 505 574 506
f 506 574 507
f 507 509 508
f 507 574 509
f 509 575 576
f 509 576 510
f 509 574 577
f 509 577 578
f 509 578 579
f 509 579 580
f 509 580 575
f 510 576 581
f 510 581 511
f 511 581 512
f 512 581 513
f 513 581 514
f 514 581 582
f 514 582 583
f 514 583 584
f 514 584 585
f 514 585 560
f 514 560 516
f 514 516 515
f 517 586 520
f 517 518 587
f 517 587 586
f 518 522 523
f 518 523 588
f 518 588 589
f 518 589 587
f 519 521 531
f 520 586 521
f 521 590 531
f 521 586 590
f 523 525 573
f 523 573 591
f 523 591 592
f 523 592 588
f 526 530 532
f 527 593 594
f 527 594 595
f 527 595 528
f 528 596 529
f 528 595 596
f 529 597 533
f 529 533 532
f 529 532 530
f 529 596 673
f 529 673 597
f 531 590 593
f 533 597 598
f 533 598 599
f 533 599 534
f 534 600 535
f 534 599 677
f 534 677 601
f 534 601 678
f 534 678 600
f 535 600 536
f 536 600 602
f 536 602 537
f 537 602 538
f 538 603 604
f 538 604 605
f 538 605 606
f 538 606 607
f 538 607 541
f 538 541 539
f 538 602 679
f 538 679 603
f 539 541 540
f 541 607 608
f 541 608 609
f 541 609 542
f 542 609 610
f 542 610 543
f 543 610 544
f 544 610 545
f 545 610 611
f 545 611 612
f 545 612 546
f 546 612 613
f 546 613 547
f 547 613 614
f 547 614 548
f 548 614 615
f 548 615 549
f 549 615 616
f 549 616 617
f 549 617 550
f 550 617 551
f 551 617 552
f 552 618 619
f 552 619 553
f 552 617 618
f 553 619 620
f 553 620 621
f 554 622 623
f 554 623 624
f 554 624 625
f 554 625 556
f 554 556 555
f 554 621 622
f 556 625 624
f 556 624 557
f 558 559 627
f 558 627 626
f 560 585 628
f 560 628 629
f 560 629 561
f 561 629 630
f 561 630 562
f 562 630 631
f 562 631 632
f 562 632 566
f 563 565 633
f 563 633 634
f 563 634 564
f 564 634 635
f 564 635 569
f 565 636 633
f 565 567 637
f 565 637 636
f 566 632 638
f 566 638 567
f 567 638 715
f 567 715 637
f 568 569 635
f 568 635 639
f 568 639 640
f 568 640 570
f 570 640 641
f 570 641 642
f 570 642 643
f 570 643 571
f 571 643 644
f 571 644 572
f 572 644 591
f 572 591 573
f 575 580 576
f 576 580 581
f 577 645 578
f 577 646 645
f 578 645 580
f 578 580 579
f 580 645 647
f 580 647 648
f 580 648 649
f 580 649 650
f 580 650 651
f 580 651 652
f 580 652 582
f 580 582 653
f 580 653 581
f 581 653 654
f 581 654 655
f 581 655 582
f 582 655 654
f 582 654 653
f 582 652 656
f 582 656 657
f 582 657 658
f 582 658 583
f 583 659 584
f 583 658 660
f 583 660 659
f 584 661 628
f 584 628 585
f 584 659 661
f 586 587 662
f 586 662 590
f 587 589 663
f 587 663 664
f 587 664 665
f 587 665 662
f 588 592 663
f 588 663 589
f 590 662 666
f 590 666 667
f 590 667 594
f 590 594 593
f 591 668 592
f 591 644 668
f 592 668 669
f 592 669 663
f 594 670 672
f 594 672 595
f 594 667 671
f 594 671 670
f 595 672 673
f 595 673 596
f 597 674 598
f 597 673 675
f 597 675 676
f 597 676 674
f 598 674 599
f 599 674 677
f 600 678 679
f 600 679 602
f 601 677 754
f 601 754 680
f 601 680 678
f 603 679 681
f 603 681 604
f 604 681 682
f 604 682 683
f 604 683 684
f 604 684 605
f 605 684 685
f 605 685 606
f 606 685 608
f 606 608 607
f 608 685 686
f 608 686 609
f 609 686 610
f 610 686 611
f 611 687 763
f 611 763 688
f 611 688 689
f 611 689 690
f 611 690 612
f 611 686 687
f 612 690 689
f 612 689 691
f 612 691 692
f 612 692 693
f 612 693 694
f 612 694 616
f 612 616 695
f 612 695 614
f 612 614 613
f 614 695 615
f 615 695 616
f 616 696 697
f 616 697 698
f 616 698 699
f 616 699 700
f 616 700 701
f 616 701 617
f 616 694 696
f 617 701 700
f 617 700 618
f 618 700 619
f 619 700 702
f 619 702 620
f 620 702 703
f 620 703 704
f 620 704 705
f 620 705 621
f 621 705 624
f 621 624 622
f 622 624 623
f 624 705 704
f 624 704 706
f 626 627 707
f 627 708 707
f 628 661 629
f 629 661 709
f 629 709 630
f 630 709 710
f 630 710 631
f 631 710 632
f 632 710 638
f 633 636 711
f 633 711 712
f 633 712 713
f 633 713 714
f 633 714 634
f 634 714 639
f 634 639 635
f 636 637 711
f 637 715 716
f 637 716 711
f 638 710 717
f 638 717 718
f 638 718 715
f 639 714 719
f 639 719 641
f 639 641 640
f 641 719 720
f 641 720 721
f 641 721 642
f 642 721 722
f 642 722 643
f 643 722 644
f 644 722 723
f 644 723 668
f 645 646 647
f 648 724 725
f 648 725 649
f 649 725 726
f 649 726 727
f 649 727 650
f 650 727 651
f 651 727 728
f 651 728 729
f 651 729 656
f 651 656 652
f 656 729 730
f 656 730 657
f 657 730 658
f 658 730 660
f 659 731 661
f 659 660 732
f 659 732 731
f 660 733 732
f 660 730 734
f 660 734 733
f 661 731 709
f 662 665 735
f 662 735 666
f 663 669 736
f 663 736 737
f 663 737 738
f 663 738 665
f 663 665 664
f 665 738 739
f 665 739 735
f 666 735 740
f 666 740 741
f 666 741 742
f 666 742 671
f 666 671 667
f 668 743 669
f 668 723 743
f 669 743 744
f 669 744 736
f 670 671 747
f 670 747 745
f 670 745 672
f 671 742 746
f 671 746 747
f 672 745 748
f 672 748 675
f 672 675 673
f 674 676 749
f 674 749 750
f 674 750 751
f 674 751 677
f 675 752 749
f 675 749 676
f 675 748 753
f 675 753 752
f 677 751 754
f 678 680 757
f 678 757 755
f 678 755 834
f 678 834 756
f 678 756 679
f 679 756 681
f 680 754 757
f 681 758 682
f 681 756 758
f 682 758 759
f 682 759 760
f 682 760 761
f 682 761 683
f 683 761 684
f 684 761 762
f 684 762 687
f 684 687 686
f 684 686 685
f 687 762 763
f 688 763 764
f 688 764 765
f 688 765 689
f 689 765 691
f 691 765 764
f 691 764 766
f 691 766 767
f 691 767 768
f 691 768 692
f 692 769 693
f 692 768 770
f 692 770 771
f 692 771 696
f 692 696 769
f 693 769 694
f 694 769 696
f 696 771 772
f 696 772 697
f 697 772 773
f 697 773 698
f 698 774 775
f 698 775 776
f 698 776 699
f 698 773 774
f 699 776 777
f 699 777 778
f 699 778 703
f 699 703 700
f 700 703 702
f 703 778 779
f 703 779 780
f 703 780 706
f 703 706 704
f 707 708 781
f 707 781 782
f 707 782 783
f 709 731 784
f 709 784 710
f 710 784 785
f 710 785 717
f 711 716 712
f 712 716 786
f 712 786 787
f 712 787 788
f 712 788 789
f 712 789 713
f 713 789 790
f 713 790 714
f 714 790 719
f 715 718 791
f 715 791 792
f 715 792 786
f 715 786 716
f 717 785 793
f 717 793 718
f 718 793 794
f 718 794 795
f 718 795 791
f 719 790 796
f 719 796 797
f 719 797 720
f 720 797 798
f 720 798 799
f 720 799 800
f 720 800 721
f 721 800 722
f 722 800 801
f 722 801 802
f 722 802 743
f 722 743 723
f 724 726 725
f 724 803 726
f 726 803 804
f 726 804 805
f 726 805 806
f 726 806 727
f 727 806 728
f 728 806 807
f 728 807 808
f 728 808 729
f 729 809 730
f 729 808 810
f 729 810 811
f 729 811 809
f 730 809 812
f 730 812 813
f 730 813 734
f 731 732 784
f 732 733 814
f 732 814 815
f 732 815 784
f 733 734 816
f 733 816 817
f 733 817 814
f 734 813 816
f 735 739 740
f 736 744 818
f 736 818 737
f 737 818 819
f 737 819 820
f 737 820 738
f 738 820 821
f 738 821 822
f 738 822 739
f 739 822 740
f 740 822 741
f 741 823 746
f 741 746 742
f 741 822 823
f 743 824 744
f 743 802 824
f 744 824 819
f 744 819 818
f 745 747 828
f 745 828 825
f 745 825 753
f 745 753 748
f 746 823 826
f 746 826 827
f 746 827 747
f 747 827 828
f 749 752 750
f 750 752 751
f 751 752 829
f 751 829 830
f 751 830 754
f 752 753 831
f 752 831 829
f 753 825 908
f 753 908 831
f 754 830 757
f 755 757 832
f 755 832 833
f 755 833 834
f 756 834 758
f 757 830 835
f 757 835 836
f 757 836 837
f 757 837 838
f 757 838 832
f 758 834 833
f 758 833 839
f 758 839 840
f 758 840 759
f 759 840 841
f 759 841 842
f 759 842 843
f 759 843 760
f 760 843 940
f 760 940 844
f 760 844 845
f 760 845 761
f 761 845 762
f 762 845 766
f 762 766 763
f 763 766 764
f 766 846 847
f 766 847 848
f 766 848 767
f 766 845 849
f 766 849 850
f 766 850 846
f 767 848 768
f 768 848 851
f 768 851 852
f 768 852 853
f 768 853 770
f 770 853 854
f 770 854 855
f 770 855 772
f 770 772 771
f 772 855 856
f 772 856 773
f 773 856 857
f 773 857 774
f 774 857 858
f 774 858 775
f 775 859 776
f 775 858 779
f 775 779 859
f 776 859 777
f 777 859 779
f 777 779 778
f 779 858 861
f 779 861 862
f 779 862 860
f 782 863 783
f 783 863 864
f 783 864 865
f 783 865 866
f 784 815 867
f 784 867 785
f 785 867 793
f 786 792 868
f 786 868 787
f 787 868 869
f 787 869 788
f 788 869 870
f 788 870 871
f 788 871 789
f 789 871 872
f 789 872 796
f 789 796 790
f 791 795 873
f 791 873 965
f 791 965 874
f 791 874 792
f 792 874 875
f 792 875 868
f 793 867 876
f 793 876 795
f 793 795 794
f 795 877 873
f 795 876 878
f 795 878 879
f 795 879 880
f 795 880 881
f 795 881 877
f 796 872 797
f 797 872 798
f 798 882 883
f 798 883 799
f 798 872 884
f 798 884 882
f 799 883 800
f 800 883 885
f 800 885 886
f 800 886 801
f 801 886 802
f 802 886 887
f 802 887 824
f 804 888 889
f 804 889 805
f 805 889 806
f 806 889 807
f 807 889 808
f 808 890 891
f 808 891 811
f 808 811 810
f 808 889 892
f 808 892 893
f 808 893 894
f 808 894 895
f 808 895 890
f 809 811 812
f 811 891 812
f 812 891 813
f 813 891 896
f 813 896 897
f 813 897 816
f 814 898 815
f 814 817 898
f 815 898 867
f 816 897 899
f 816 899 817
f 817 900 898
f 817 899 901
f 817 901 902
f 817 902 900
f 819 903 821
f 819 821 820
f 819 824 887
f 819 887 903
f 821 903 904
f 821 904 905
f 821 905 906
f 821 906 826
f 821 826 907
f 821 907 822
f 822 907 823
f 823 907 826
f 825 828 908
f 826 906 909
f 826 909 910
f 826 910 827
f 827 911 828
f 827 910 911
f 828 911 912
f 828 912 913
f 828 913 908
f 829 831 920
f 829 920 914
f 829 914 830
f 830 914 915
f 830 915 916
f 830 916 917
f 830 917 918
f 830 918 919
f 830 919 835
f 831 908 1000
f 831 1000 920
f 832 838 921
f 832 921 922
f 832 922 833
f 833 923 924
f 833 924 840
f 833 840 839
f 833 922 923
f 835 925 836
f 835 919 917
f 835 917 925
f 836 925 837
f 837 925 926
f 837 926 838
f 838 927 928
f 838 928 929
f 838 929 921
f 838 926 925
f 838 925 930
f 838 930 931
f 838 931 932
f 838 932 933
f 838 933 934
f 838 934 927
f 840 924 935
f 840 935 841
f 841 935 936
f 841 936 937
f 841 937 842
f 842 937 938
f 842 938 939
f 842 939 940
f 842 940 843
f 844 940 941
f 844 941 845
f 845 941 942
f 845 942 850
f 845 850 849
f 846 850 942
f 846 942 941
f 846 941 943
f 846 943 847
f 847 943 944
f 847 944 851
f 847 851 848
f 851 944 852
f 852 945 946
f 852 946 947
f 852 947 853
f 852 944 945
f 853 947 854
f 854 947 948
f 854 948 855
f 855 948 949
f 855 949 856
f 856 949 950
f 856 950 857
f 857 950 858
f 858 950 861
f 860 862 952
f 860 952 953
f 860 953 954
f 860 954 955
f 860 955 951
f 861 950 862
f 862 950 956
f 862 956 952
f 865 957 866
f 866 957 958
f 867 898 878
f 867 878 876
f 868 875 959
f 868 959 960
f 868 960 961
f 868 961 869
f 869 962 870
f 869 961 962
f 870 962 963
f 870 963 964
f 870 964 871
f 871 964 872
f 872 964 884
f 873 877 965
f 874 965 875
f 875 965 966
f 875 966 959
f 877 967 965
f 877 881 968
f 877 968 967
f 878 898 900
f 878 900 969
f 878 969 879
f 879 969 970
f 879 970 971
f 879 971 880
f 880 971 881
f 881 971 972
f 881 972 968
f 882 884 973
f 882 973 974
f 882 974 883
f 883 974 975
f 883 975 885
f 884 964 973
f 885 975 976
f 885 976 977
f 885 977 886
f 886 977 887
f 887 978 904
f 887 904 903
f 887 977 979
f 887 979 978
f 888 892 889
f 890 895 980
f 890 980 981
f 890 981 891
f 891 981 897
f 891 897 896
f 893 982 894
f 894 982 983
f 894 983 984
f 894 984 985
f 894 985 986
f 894 986 980
f 894 980 895
f 897 981 987
f 897 987 988
f 897 988 989
f 897 989 899
f 899 989 990
f 899 990 901
f 900 970 969
f 900 902 991
f 900 991 970
f 901 990 989
f 901 989 992
f 901 992 993
f 901 993 994
f 901 994 902
f 902 994 995
f 902 995 991
f 904 978 996
f 904 996 905
f 905 996 997
f 905 997 998
f 905 998 906
f 906 998 997
f 906 997 909
f 908 913 999
f 908 999 1000
f 909 997 1001
f 909 1001 1002
f 909 1002 1003
f 909 1003 910
f 910 1003 912
f 910 912 1004
f 910 1004 911
f 911 1004 912
f 912 999 913
f 912 1003 1005
f 912 1005 1006
f 912 1006 1007
f 912 1007 999
f 914 920 1008
f 914 1008 915
f 915 1008 916
f 916 1009 1010
f 916 1010 917
f 916 1008 1100
f 916 1100 1009
f 917 1010 930
f 917 930 925
f 917 919 918
f 920 1000 1011
f 920 1011 1012
f 920 1012 1008
f 921 929 922
f 922 928 927
f 922 927 934
f 922 934 1013
f 922 1013 1014
f 922 1014 1015
f 922 1015 935
f 922 935 1016
f 922 1016 923
f 922 929 928
f 923 1016 1017
f 923 1017 924
f 924 1017 935
f 930 1010 1018
f 930 1018 1019
f 930 1019 931
f 931 1019 1020
f 931 1020 932
f 932 1020 1021
f 932 1021 1022
f 932 1022 1023
f 932 1023 933
f 933 1023 1013
f 933 1013 934
f 935 1017 1016
f 935 1015 1014
f 935 1014 1013
f 935 1013 1024
f 935 1024 1025
f 935 1025 936
f 936 1025 1026
f 936 1026 937
f 937 1026 1027
f 937 1027 938
f 938 1027 1028
f 938 1028 939
f 939 1028 1029
f 939 1029 941
f 939 941 940
f 941 1029 1030
f 941 1030 943
f 943 1030 1031
f 943 1031 944
f 944 1031 945
f 945 1031 1032
f 945 1032 1033
f 945 1033 1034
f 945 1034 1035
f 945 1035 946
f 946 1035 1036
f 946 1036 1037
f 946 1037 947
f 947 1037 948
f 948 1037 1038
f 948 1038 1039
f 948 1039 950
f 948 950 949
f 950 1039 956
f 951 955 1041
f 951 1041 1042
f 951 1042 1043
f 951 1043 1040
f 952 956 1044
f 952 1044 953
f 953 1044 954
f 954 1044 1038
f 954 1038 1045
f 954 1045 1046
f 954 1046 1047
f 954 1047 955
f 955 1047 1048
f 955 1048 1041
f 956 1039 1038
f 956 1038 1044
f 957 1049 958
f 958 1049 1050
f 959 966 960
f 960 1051 961
f 960 966 1052
f 960 1052 1053
f 960 1053 1051
f 961 1051 1054
f 961 1054 1055
f 961 1055 1056
f 961 1056 962
f 962 1056 963
f 963 1056 1057
f 963 1057 1058
f 963 1058 1059
f 963 1059 964
f 964 1059 973
f 965 967 966
f 966 967 1060
f 966 1060 1061
f 966 1061 1062
f 966 1062 1052
f 967 968 1060
f 968 972 1063
f 968 1063 1064
f 968 1064 1060
f 970 991 971
f 971 991 1065
f 971 1065 1066
f 971 1066 972
f 972 1066 1067
f 972 1067 1063
f 973 1059 1068
f 973 1068 974
f 974 1068 1069
f 974 1069 975
f 975 1069 1070
f 975 1070 1071
f 975 1071 976
f 976 1071 1072
f 976 1072 1073
f 976 1073 977
f 977 1073 979
f 978 979 1074
f 978 1074 1075
f 978 1075 997
f 978 997 996
f 979 1073 1072
f 979 1072 1074
f 980 986 1076
f 980 1076 1077
f 980 1077 981
f 981 1077 987
f 982 984 983
f 985 1078 986
f 986 1077 1076
f 986 1078 1079
f 986 1079 1080
f 986 1080 1077
f 987 1077 988
f 988 1077 1081
f 988 1081 989
f 989 993 992
f 989 1081 1082
f 989 1082 1083
f 989 1083 993
f 991 995 1084
f 991 1084 1065
f 993 1083 1085
f 993 1085 994
f 994 1085 1086
f 994 1086 995
f 995 1086 1087
f 995 1087 1084
f 997 1075 1088
f 997 1088 1089
f 997 1089 1001
f 999 1007 1090
f 999 1090 1091
f 999 1091 1011
f 999 1011 1000
f 1001 1089 1092
f 1001 1092 1093
f 1001 1093 1094
f 1001 1094 1095
f 1001 1095 1002
f 1002 1095 1003
f 1003 1095 1005
f 1005 1096 1098
f 1005 1098 1006
f 1005 1095 1097
f 1005 1097 1096
f 1006 1098 1090
f 1006 1090 1007
f 1008 1012 1099
f 1008 1099 1100
f 1009 1100 1101
f 1009 1101 1102
f 1009 1102 1010
f 1010 1102 1018
f 1011 1091 1012
f 1012 1091 1099
f 1013 1103 1024
f 1013 1023 1104
f 1013 1104 1190
f 1013 1190 1105
f 1013 1105 1103
f 1018 1102 1106
f 1018 1106 1020
f 1018 1020 1019
f 1020 1106 1107
f 1020 1107 1021
f 1021 1107 1108
f 1021 1108 1109
f 1021 1109 1022
f 1022 1109 1110
f 1022 1110 1111
f 1022 1111 1112
f 1022 1112 1023
f 1023 1112 1113
f 1023 1113 1104
f 1024 1103 1114
f 1024 1114 1025
f 1025 1114 1115
f 1025 1115 1026
f 1026 1115 1027
f 1027 1116 1117
f 1027 1117 1118
f 1027 1118 1028
f 1027 1115 1116
f 1028 1118 1119
f 1028 1119 1120
f 1028 1120 1121
f 1028 1121 1030
f 1028 1030 1029
f 1030 1121 1122
f 1030 1122 1032
f 1030 1032 1031
f 1032 1122 1123
f 1032 1123 1033
f 1033 1123 1034
f 1034 1123 1124
f 1034 1124 1125
f 1034 1125 1126
f 1034 1126 1035
f 1035 1126 1036
f 1036 1126 1045
f 1036 1045 1037
f 1037 1045 1038
f 1040 1043 1128
f 1040 1128 1127
f 1041 1048 1129
f 1041 1129 1042
f 1042 1129 1130
f 1042 1130 1131
f 1042 1131 1043
f 1043 1131 1128
f 1045 1126 1125
f 1045 1125 1132
f 1045 1132 1046
f 1046 1132 1133
f 1046 1133 1048
f 1046 1048 1047
f 1048 1133 1129
f 1049 1134 1135
f 1049 1135 1050
f 1051 1053 1054
f 1052 1062 1136
f 1052 1136 1053
f 1053 1136 1137
f 1053 1137 1138
f 1053 1138 1054
f 1054 1139 1140
f 1054 1140 1055
f 1054 1138 1139
f 1055 1140 1057
f 1055 1057 1056
f 1057 1141 1058
f 1057 1140 1142
f 1057 1142 1141
f 1058 1141 1143
f 1058 1143 1144
f 1058 1144 1059
f 1059 1144 1068
f 1060 1064 1061
f 1061 1064 1062
f 1062 1064 1145
f 1062 1145 1136
f 1063 1067 1146
f 1063 1146 1064
f 1064 1146 1145
f 1065 1084 1147
f 1065 1147 1066
f 1066 1147 1067
f 1067 1148 1146
f 1067 1147 1149
f 1067 1149 1150
f 1067 1150 1148
f 1068 1144 1151
f 1068 1151 1152
f 1068 1152 1153
f 1068 1153 1069
f 1069 1153 1070
f 1070 1153 1154
f 1070 1154 1155
f 1070 1155 1071
f 1071 1155 1072
f 1072 1155 1156
f 1072 1156 1157
f 1072 1157 1074
f 1074 1157 1088
f 1074 1088 1075
f 1077 1080 1158
f 1077 1158 1081
f 1079 1159 1080
f 1080 1159 1160
f 1080 1160 1161
f 1080 1161 1162
f 1080 1162 1158
f 1081 1158 1163
f 1081 1163 1164
f 1081 1164 1165
f 1081 1165 1082
f 1082 1165 1083
f 1083 1165 1166
f 1083 1166 1085
f 1084 1087 1147
f 1085 1166 1167
f 1085 1167 1168
f 1085 1168 1087
f 1085 1087 1086
f 1087 1169 1147
f 1087 1168 1170
f 1087 1170 1171
f 1087 1171 1169
f 1088 1157 1172
f 1088 1172 1089
f 1089 1172 1092
f 1090 1098 1091
f 1091 1098 1173
f 1091 1173 1174
f 1091 1174 1099
f 1092 1172 1156
f 1092 1156 1175
f 1092 1175 1176
f 1092 1176 1177
f 1092 1177 1178
f 1092 1178 1179
f 1092 1179 1093
f 1093 1179 1180
f 1093 1180 1181
f 1093 1181 1097
f 1093 1097 1095
f 1093 1095 1094
f 1096 1182 1098
f 1096 1097 1181
f 1096 1181 1182
f 1098 1182 1173
f 1099 1174 1183
f 1099 1183 1184
f 1099 1184 1185
f 1099 1185 1186
f 1099 1186 1187
f 1099 1187 1188
f 1099 1188 1101
f 1099 1101 1100
f 1101 1188 1102
f 1102 1188 1189
f 1102 1189 1106
f 1103 1105 1191
f 1103 1191 1114
f 1104 1113 1190
f 1105 1190 1282
f 1105 1282 1191
f 1106 1189 1192
f 1106 1192 1107
f 1107 1192 1193
f 1107 1193 1194
f 1107 1194 1195
f 1107 1195 1108
f 1108 1195 1196
f 1108 1196 1197
f 1108 1197 1198
f 1108 1198 1110
f 1108 1110 1109
f 1110 1198 1199
f 1110 1199 1200
f 1110 1200 1111
f 1111 1200 1201
f 1111 1201 1112
f 1112 1201 1202
f 1112 1202 1113
f 1113 1203 1204
f 1113 1204 1205
f 1113 1205 1206
f 1113 1206 1207
f 1113 1207 1208
f 1113 1208 1209
f 1113 1209 1190
f 1113 1202 1203
f 1114 1191 1115
f 1115 1191 1210
f 1115 1210 1116
f 1116 1210 1211
f 1116 1211 1212
f 1116 1212 1117
f 1117 1212 1213
f 1117 1213 1118
f 1118 1213 1119
f 1119 1213 1120
f 1120 1213 1214
f 1120 1214 1122
f 1120 1122 1121
f 1122 1214 1123
f 1123 1215 1216
f 1123 1216 1124
f 1123 1214 1215
f 1124 1216 1125
f 1125 1217 1230
f 1125 1230 1132
f 1125 1216 1217
f 1127 1128 1219
f 1127 1219 1220
f 1127 1220 1221
f 1127 1221 1222
f 1127 1222 1223
f 1127 1223 1224
f 1127 1224 1225
f 1127 1225 1218
f 1128 1131 1226
f 1128 1226 1219
f 1129 1133 1130
f 1130 1227 1131
f 1130 1133 1228
f 1130 1228 1229
f 1130 1229 1227
f 1131 1227 1226
f 1132 1230 1228
f 1132 1228 1133
f 1134 1231 1135
f 1135 1231 1232
f 1136 1145 1137
f 1137 1145 1233
f 1137 1233 1234
f 1137 1234 1138
f 1138 1234 1331
f 1138 1331 1235
f 1138 1235 1139
f 1139 1236 1142
f 1139 1142 1140
f 1139 1235 1236
f 1141 1142 1237
f 1141 1237 1238
f 1141 1238 1143
f 1142 1236 1237
f 1143 1238 1239
f 1143 1239 1151
f 1143 1151 1144
f 1145 1146 1240
f 1145 1240 1233
f 1146 1148 1241
f 1146 1241 1240
f 1147 1169 1242
f 1147 1242 1243
f 1147 1243 1149
f 1148 1150 1241
f 1149 1243 1150
f 1150 1243 1340
f 1150 1340 1244
f 1150 1244 1245
f 1150 1245 1241
f 1151 1239 1246
f 1151 1246 1247
f 1151 1247 1152
f 1152 1247 1153
f 1153 1247 1248
f 1153 1248 1154
f 1154 1248 1249
f 1154 1249 1176
f 1154 1176 1250
f 1154 1250 1155
f 1155 1250 1175
f 1155 1175 1156
f 1156 1172 1157
f 1158 1162 1251
f 1158 1251 1163
f 1160 1162 1161
f 1160 1252 1162
f 1162 1253 1251
f 1162 1252 1254
f 1162 1254 1255
f 1162 1255 1256
f 1162 1256 1257
f 1162 1257 1253
f 1163 1251 1164
f 1164 1251 1165
f 1165 1251 1258
f 1165 1258 1259
f 1165 1259 1260
f 1165 1260 1166
f 1166 1260 1261
f 1166 1261 1167
f 1167 1261 1168
f 1168 1261 1262
f 1168 1262 1263
f 1168 1263 1170
f 1169 1171 1264
f 1169 1264 1242
f 1170 1263 1171
f 1171 1263 1265
f 1171 1265 1266
f 1171 1266 1264
f 1173 1182 1183
f 1173 1183 1174
f 1175 1250 1176
f 1176 1249 1267
f 1176 1267 1177
f 1177 1267 1268
f 1177 1268 1178
f 1178 1269 1179
f 1178 1268 1270
f 1178 1270 1269
f 1179 1271 1180
f 1179 1269 1271
f 1180 1271 1272
f 1180 1272 1181
f 1181 1272 1273
f 1181 1273 1182
f 1182 1274 1183
f 1182 1273 1274
f 1183 1274 1275
f 1183 1275 1184
f 1184 1275 1185
f 1185 1276 1186
f 1185 1275 1277
f 1185 1277 1276
f 1186 1276 1278
f 1186 1278 1279
f 1186 1279 1187
f 1187 1279 1188
f 1188 1279 1280
f 1188 1280 1281
f 1188 1281 1192
f 1188 1192 1189
f 1190 1209 1283
f 1190 1283 1284
f 1190 1284 1282
f 1191 1282 1285
f 1191 1285 1210
f 1192 1281 1193
f 1193 1281 1286
f 1193 1286 1194
f 1194 1286 1287
f 1194 1287 1288
f 1194 1288 1195
f 1195 1288 1196
f 1196 1288 1289
f 1196 1289 1197
f 1197 1290 1198
f 1197 1289 1291
f 1197 1291 1292
f 1197 1292 1293
f 1197 1293 1386
f 1197 1386 1290
f 1198 1290 1199
f 1199 1201 1200
f 1199 1290 1294
f 1199 1294 1201
f 1201 1294 1295
f 1201 1295 1204
f 1201 1204 1203
f 1201 1203 1202
f 1204 1295 1205
f 1205 1295 1392
f 1205 1392 1296
f 1205 1296 1297
f 1205 1297 1206
f 1206 1297 1208
f 1206 1208 1207
f 1208 1284 1283
f 1208 1283 1209
f 1208 1297 1298
f 1208 1298 1398
f 1208 1398 1299
f 1208 1299 1284
f 1210 1285 1211
f 1211 1300 1301
f 1211 1301 1212
f 1211 1285 1300
f 1212 1301 1213
f 1213 1301 1302
f 1213 1302 1303
f 1213 1303 1304
f 1213 1304 1214
f 1214 1305 1306
f 1214 1306 1215
f 1214 1304 1305
f 1215 1306 1307
f 1215 1307 1216
f 1216 1307 1308
f 1216 1308 1309
f 1216 1309 1217
f 1217 1309 1310
f 1217 1310 1229
f 1217 1229 1230
f 1218 1225 1312
f 1218 1312 1313
f 1218 1313 1314
f 1218 1314 1315
f 1218 1315 1316
f 1218 1316 1311
f 1219 1226 1317
f 1219 1317 1220
f 1220 1317 1221
f 1221 1317 1318
f 1221 1318 1319
f 1221 1319 1222
f 1222 1319 1223
f 1223 1319 1320
f 1223 1320 1224
f 1224 1320 1321
f 1224 1321 1225
f 1225 1321 1322
f 1225 1322 1323
f 1225 1323 1314
f 1225 1314 1313
f 1225 1313 1312
f 1226 1227 1324
f 1226 1324 1317
f 1227 1229 1325
f 1227 1325 1324
f 1228 1230 1229
f 1229 1310 1325
f 1231 1326 1327
f 1231 1327 1328
f 1231 1328 1232
f 1233 1240 1329
f 1233 1329 1330
f 1233 1330 1234
f 1234 1330 1331
f 1235 1331 1332
f 1235 1332 1236
f 1236 1333 1334
f 1236 1334 1237
f 1236 1332 1335
f 1236 1335 1333
f 1237 1334 1238
f 1238 1334 1336
f 1238 1336 1337
f 1238 1337 1239
f 1239 1337 1246
f 1240 1241 1329
f 1241 1338 1329
f 1241 1245 1338
f 1242 1264 1339
f 1242 1339 1243
f 1243 1339 1341
f 1243 1341 1342
f 1243 1342 1340
f 1244 1340 1343
f 1244 1343 1245
f 1245 1343 1344
f 1245 1344 1345
f 1245 1345 1428
f 1245 1428 1338
f 1246 1337 1346
f 1246 1346 1347
f 1246 1347 1348
f 1246 1348 1247
f 1247 1348 1248
f 1248 1348 1347
f 1248 1347 1349
f 1248 1349 1249
f 1249 1350 1267
f 1249 1349 1350
f 1251 1253 1258
f 1253 1259 1258
f 1253 1257 1259
f 1254 1351 1255
f 1255 1351 1352
f 1255 1352 1353
f 1255 1353 1354
f 1255 1354 1355
f 1255 1355 1256
f 1256 1355 1257
f 1257 1355 1356
f 1257 1356 1357
f 1257 1357 1358
f 1257 1358 1259
f 1259 1358 1260
f 1260 1358 1261
f 1261 1358 1359
f 1261 1359 1262
f 1262 1360 1265
f 1262 1265 1263
f 1262 1359 1360
f 1264 1266 1361
f 1264 1361 1339
f 1265 1362 1266
f 1265 1360 1362
f 1266 1363 1361
f 1266 1362 1364
f 1266 1364 1363
f 1267 1350 1365
f 1267 1365 1268
f 1268 1366 1367
f 1268 1367 1270
f 1268 1365 1366
f 1269 1270 1367
f 1269 1367 1368
f 1269 1368 1271
f 1271 1368 1369
f 1271 1369 1272
f 1272 1369 1370
f 1272 1370 1371
f 1272 1371 1273
f 1273 1371 1372
f 1273 1372 1274
f 1274 1372 1275
f 1275 1372 1373
f 1275 1373 1277
f 1276 1374 1278
f 1276 1277 1375
f 1276 1375 1374
f 1277 1373 1376
f 1277 1376 1377
f 1277 1377 1375
f 1278 1374 1279
f 1279 1374 1378
f 1279 1378 1286
f 1279 1286 1280
f 1280 1286 1281
f 1282 1284 1379
f 1282 1379 1380
f 1282 1380 1381
f 1282 1381 1285
f 1284 1299 1379
f 1285 1381 1300
f 1286 1378 1382
f 1286 1382 1287
f 1287 1382 1383
f 1287 1383 1384
f 1287 1384 1288
f 1288 1384 1289
f 1289 1384 1385
f 1289 1385 1291
f 1290 1386 1294
f 1291 1385 1387
f 1291 1387 1292
f 1292 1388 1293
f 1292 1387 1389
f 1292 1389 1390
f 1292 1390 1391
f 1292 1391 1388
f 1293 1388 1386
f 1294 1386 1295
f 1295 1386 1392
f 1296 1392 1393
f 1296 1393 1394
f 1296 1394 1297
f 1297 1394 1395
f 1297 1395 1396
f 1297 1396 1397
f 1297 1397 1298
f 1298 1397 1501
f 1298 1501 1398
f 1299 1398 1399
f 1299 1399 1400
f 1299 1400 1401
f 1299 1401 1379
f 1300 1381 1402
f 1300 1402 1401
f 1300 1401 1403
f 1300 1403 1404
f 1300 1404 1301
f 1301 1404 1405
f 1301 1405 1406
f 1301 1406 1302
f 1302 1406 1407
f 1302 1407 1303
f 1303 1407 1305
f 1303 1305 1304
f 1305 1407 1306
f 1306 1407 1408
f 1306 1408 1409
f 1306 1409 1307
f 1307 1409 1308
f 1308 1410 1411
f 1308 1411 1310
f 1308 1310 1309
f 1308 1409 1410
f 1310 1411 1325
f 1311 1316 1412
f 1314 1323 1316
f 1314 1316 1315
f 1316 1323 1413
f 1316 1413 1414
f 1316 1414 1412
f 1317 1324 1415
f 1317 1415 1318
f 1318 1415 1416
f 1318 1416 1319
f 1319 1416 1417
f 1319 1417 1418
f 1319 1418 1320
f 1320 1418 1419
f 1320 1419 1321
f 1321 1419 1420
f 1321 1420 1322
f 1322 1420 1421
f 1322 1421 1323
f 1323 1421 1422
f 1323 1422 1423
f 1323 1423 1424
f 1323 1424 1413
f 1324 1325 1415
f 1325 1411 1425
f 1325 1425 1415
f 1326 1426 1327
f 1327 1426 1427
f 1329 1338 1428
f 1329 1428 1429
f 1329 1429 1430
f 1329 1430 1330
f 1330 1430 1431
f 1330 1431 1331
f 1331 1432 1332
f 1331 1431 1433
f 1331 1433 1434
f 1331 1434 1432
f 1332 1432 1437
f 1332 1437 1335
f 1333 1435 1436
f 1333 1436 1334
f 1333 1335 1435
f 1334 1436 1336
f 1335 1437 1438
f 1335 1438 1439
f 1335 1439 1435
f 1336 1436 1440
f 1336 1440 1337
f 1337 1441 1346
f 1337 1440 1441
f 1339 1361 1341
f 1340 1342 1343
f 1341 1361 1442
f 1341 1442 1443
f 1341 1443 1444
f 1341 1444 1342
f 1342 1444 1445
f 1342 1445 1446
f 1342 1446 1343
f 1343 1446 1447
f 1343 1447 1344
f 1344 1447 1448
f 1344 1448 1449
f 1344 1449 1345
f 1345 1450 1451
f 1345 1451 1429
f 1345 1429 1428
f 1345 1449 1450
f 1346 1441 1452
f 1346 1452 1347
f 1347 1453 1349
f 1347 1452 1454
f 1347 1454 1455
f 1347 1455 1453
f 1349 1453 1350
f 1350 1456 1365
f 1350 1453 1456
f 1354 1457 1355
f 1354 1458 1457
f 1355 1457 1356
f 1356 1459 1357
f 1356 1457 1460
f 1356 1460 1461
f 1356 1461 1459
f 1357 1459 1358
f 1358 1459 1359
f 1359 1462 1463
f 1359 1463 1360
f 1359 1459 1464
f 1359 1464 1462
f 1360 1465 1364
f 1360 1364 1362
f 1360 1463 1465
f 1361 1363 1442
f 1363 1364 1442
f 1364 1465 1466
f 1364 1466 1467
f 1364 1467 1442
f 1365 1456 1468
f 1365 1468 1469
f 1365 1469 1470
f 1365 1470 1366
f 1366 1471 1472
f 1366 1472 1369
f 1366 1369 1367
f 1366 1470 1473
f 1366 1473 1582
f 1366 1582 1471
f 1367 1369 1368
f 1369 1472 1474
f 1369 1474 1371
f 1369 1371 1370
f 1371 1475 1373
f 1371 1373 1372
f 1371 1474 1476
f 1371 1476 1475
f 1373 1475 1376
f 1374 1375 1477
f 1374 1477 1478
f 1374 1478 1378
f 1375 1479 1478
f 1375 1478 1477
f 1375 1377 1480
f 1375 1480 1481
f 1375 1481 1479
f 1376 1475 1482
f 1376 1482 1377
f 1377 1482 1483
f 1377 1483 1480
f 1378 1478 1382
f 1379 1401 1380
f 1380 1401 1381
f 1381 1401 1402
f 1382 1478 1484
f 1382 1484 1383
f 1383 1484 1485
f 1383 1485 1486
f 1383 1486 1384
f 1384 1486 1385
f 1385 1486 1487
f 1385 1487 1488
f 1385 1488 1387
f 1386 1388 1489
f 1386 1489 1392
f 1387 1488 1389
f 1388 1391 1490
f 1388 1490 1489
f 1389 1488 1491
f 1389 1491 1492
f 1389 1492 1390
f 1390 1493 1391
f 1390 1492 1494
f 1390 1494 1493
f 1391 1493 1490
f 1392 1489 1393
f 1393 1489 1495
f 1393 1495 1496
f 1393 1496 1394
f 1394 1496 1497
f 1394 1497 1395
f 1395 1497 1498
f 1395 1498 1396
f 1396 1498 1499
f 1396 1499 1500
f 1396 1500 1397
f 1397 1500 1501
f 1398 1501 1399
f 1399 1502 1400
f 1399 1501 1503
f 1399 1503 1504
f 1399 1504 1505
f 1399 1505 1506
f 1399 1506 1507
f 1399 1507 1508
f 1399 1508 1502
f 1400 1509 1403
f 1400 1403 1401
f 1400 1502 1510
f 1400 1510 1509
f 1403 1509 1510
f 1403 1510 1511
f 1403 1511 1405
f 1403 1405 1404
f 1405 1511 1512
f 1405 1512 1513
f 1405 1513 1406
f 1406 1513 1407
f 1407 1514 1408
f 1407 1513 1512
f 1407 1512 1514
f 1408 1514 1515
f 1408 1515 1516
f 1408 1516 1517
f 1408 1517 1409
f 1409 1517 1410
f 1410 1517 1518
f 1410 1518 1519
f 1410 1519 1411
f 1411 1519 1425
f 1412 1414 1521
f 1412 1521 1522
f 1412 1522 1520
f 1413 1424 1523
f 1413 1523 1524
f 1413 1524 1414
f 1414 1524 1521
f 1415 1425 1416
f 1416 1425 1525
f 1416 1525 1526
f 1416 1526 1417
f 1417 1527 1418
f 1417 1526 1528
f 1417 1528 1527
f 1418 1527 1419
f 1419 1527 1529
f 1419 1529 1420
f 1420 1529 1530
f 1420 1530 1421
f 1421 1530 1422
f 1422 1530 1531
f 1422 1531 1532
f 1422 1532 1423
f 1423 1532 1533
f 1423 1533 1424
f 1424 1534 1523
f 1424 1533 1535
f 1424 1535 1536
f 1424 1536 1534
f 1425 1519 1525
f 1426 1537 1427
f 1427 1537 1538
f 1427 1538 1539
f 1429 1540 1541
f 1429 1541 1430
f 1429 1451 1540
f 1430 1541 1433
f 1430 1433 1431
f 1432 1434 1437
f 1433 1541 1434
f 1434 1541 1542
f 1434 1542 1543
f 1434 1543 1544
f 1434 1544 1437
f 1435 1439 1545
f 1435 1545 1436
f 1436 1545 1546
f 1436 1546 1440
f 1437 1547 1438
f 1437 1544 1547
f 1438 1547 1439
f 1439 1547 1548
f 1439 1548 1549
f 1439 1549 1550
f 1439 1550 1551
f 1439 1551 1545
f 1440 1546 1552
f 1440 1552 1441
f 1441 1553 1554
f 1441 1554 1452
f 1441 1552 1553
f 1442 1444 1443
f 1442 1467 1444
f 1444 1467 1556
f 1444 1556 1445
f 1445 1555 1447
f 1445 1447 1446
f 1445 1556 1557
f 1445 1557 1665
f 1445 1665 1555
f 1447 1555 1448
f 1448 1558 1449
f 1448 1555 1559
f 1448 1559 1558
f 1449 1558 1560
f 1449 1560 1450
f 1450 1560 1561
f 1450 1561 1451
f 1451 1561 1562
f 1451 1562 1540
f 1452 1554 1455
f 1452 1455 1454
f 1453 1455 1563
f 1453 1563 1468
f 1453 1468 1456
f 1455 1554 1564
f 1455 1564 1565
f 1455 1565 1566
f 1455 1566 1563
f 1457 1458 1460
f 1458 1567 1460
f 1459 1461 1568
f 1459 1568 1464
f 1460 1567 1569
f 1460 1569 1570
f 1460 1570 1461
f 1461 1570 1568
f 1462 1571 1463
f 1462 1464 1571
f 1463 1571 1572
f 1463 1572 1578
f 1463 1578 1466
f 1463 1466 1465
f 1464 1568 1573
f 1464 1573 1574
f 1464 1574 1575
f 1464 1575 1576
f 1464 1576 1577
f 1464 1577 1571
f 1466 1578 1467
f 1467 1578 1579
f 1467 1579 1556
f 1468 1563 1469
f 1469 1563 1566
f 1469 1566 1580
f 1469 1580 1470
f 1470 1581 1473
f 1470 1580 1581
f 1471 1582 1583
f 1471 1583 1584
f 1471 1584 1472
f 1472 1584 1476
f 1472 1476 1474
f 1473 1581 1585
f 1473 1585 1586
f 1473 1586 1587
f 1473 1587 1582
f 1475 1476 1583
f 1475 1583 1588
f 1475 1588 1482
f 1476 1584 1583
f 1478 1479 1589
f 1478 1589 1590
f 1478 1590 1591
f 1478 1591 1484
f 1479 1481 1589
f 1480 1483 1592
f 1480 1592 1593
f 1480 1593 1589
f 1480 1589 1481
f 1482 1588 1483
f 1483 1588 1594
f 1483 1594 1592
f 1484 1591 1595
f 1484 1595 1596
f 1484 1596 1485
f 1485 1596 1595
f 1485 1595 1486
f 1486 1595 1487
f 1487 1595 1597
f 1487 1597 1488
f 1488 1597 1598
f 1488 1598 1599
f 1488 1599 1600
f 1488 1600 1491
f 1489 1490 1601
f 1489 1601 1602
f 1489 1602 1495
f 1490 1493 1601
f 1491 1600 1492
f 1492 1600 1603
f 1492 1603 1604
f 1492 1604 1494
f 1493 1494 1602
f 1493 1602 1601
f 1494 1604 1605
f 1494 1605 1602
f 1495 1602 1606
f 1495 1606 1496
f 1496 1606 1607
f 1496 1607 1497
f 1497 1607 1608
f 1497 1608 1609
f 1497 1609 1498
f 1498 1609 1610
f 1498 1610 1611
f 1498 1611 1499
f 1499 1611 1500
f 1500 1611 1612
f 1500 1612 1613
f 1500 1613 1614
f 1500 1614 1504
f 1500 1504 1503
f 1500 1503 1501
f 1502 1508 1510
f 1504 1614 1613
f 1504 1613 1615
f 1504 1615 1505
f 1505 1615 1616
f 1505 1616 1617
f 1505 1617 1506
f 1506 1617 1507
f 1507 1618 1508
f 1507 1617 1619
f 1507 1619 1620
f 1507 1620 1621
f 1507 1621 1510
f 1507 1510 1618
f 1508 1618 1510
f 1510 1621 1622
f 1510 1622 1623
f 1510 1623 1511
f 1511 1623 1512
f 1512 1623 1515
f 1512 1515 1514
f 1515 1623 1622
f 1515 1622 1624
f 1515 1624 1625
f 1515 1625 1626
f 1515 1626 1516
f 1516 1626 1627
f 1516 1627 1517
f 1517 1627 1628
f 1517 1628 1518
f 1518 1629 1526
f 1518 1526 1519
f 1518 1628 1629
f 1519 1526 1525
f 1520 1522 1631
f 1520 1631 1632
f 1520 1632 1633
f 1520 1633 1630
f 1521 1524 1522
f 1522 1524 1523
f 1522 1523 1534
f 1522 1534 1634
f 1522 1634 1635
f 1522 1635 1636
f 1522 1636 1631
f 1526 1629 1528
f 1527 1528 1529
f 1528 1629 1637
f 1528 1637 1638
f 1528 1638 1529
f 1529 1638 1639
f 1529 1639 1530
f 1530 1639 1531
f 1531 1639 1640
f 1531 1640 1641
f 1531 1641 1532
f 1532 1641 1642
f 1532 1642 1643
f 1532 1643 1535
f 1532 1535 1533
f 1534 1536 1644
f 1534 1644 1634
f 1535 1645 1536
f 1535 1643 1642
f 1535 1642 1646
f 1535 1646 1647
f 1535 1647 1648
f 1535 1648 1645
f 1536 1645 1644
f 1538 1649 1539
f 1539 1649 1650
f 1540 1542 1541
f 1540 1562 1651
f 1540 1651 1542
f 1542 1651 1652
f 1542 1652 1543
f 1543 1653 1654
f 1543 1654 1544
f 1543 1652 1655
f 1543 1655 1653
f 1544 1654 1548
f 1544 1548 1547
f 1545 1551 1656
f 1545 1656 1657
f 1545 1657 1546
f 1546 1657 1552
f 1548 1654 1549
f 1549 1654 1658
f 1549 1658 1550
f 1550 1658 1659
f 1550 1659 1660
f 1550 1660 1661
f 1550 1661 1662
f 1550 1662 1551
f 1551 1662 1656
f 1552 1657 1663
f 1552 1663 1664
f 1552 1664 1553
f 1553 1664 1564
f 1553 1564 1554
f 1555 1665 1669
f 1555 1669 1559
f 1556 1579 1557
f 1557 1579 1666
f 1557 1666 1665
f 1558 1559 1560
f 1559 1667 1668
f 1559 1668 1560
f 1559 1669 1670
f 1559 1670 1667
f 1560 1668 1667
f 1560 1667 1561
f 1561 1667 1671
f 1561 1671 1672
f 1561 1672 1673
f 1561 1673 1562
f 1562 1673 1651
f 1564 1664 1674
f 1564 1674 1675
f 1564 1675 1565
f 1565 1675 1676
f 1565 1676 1677
f 1565 1677 1566
f 1566 1677 1580
f 1568 1570 1569
f 1568 1569 1678
f 1568 1678 1573
f 1571 1679 1680
f 1571 1680 1572
f 1571 1577 1679
f 1572 1680 1579
f 1572 1579 1578
f 1573 1678 1681
f 1573 1681 1682
f 1573 1682 1574
f 1574 1682 1683
f 1574 1683 1684
f 1574 1684 1575
f 1575 1684 1576
f 1576 1685 1577
f 1576 1684 1686
f 1576 1686 1685
f 1577 1685 1687
f 1577 1687 1679
f 1579 1680 1688
f 1579 1688 1689
f 1579 1689 1666
f 1580 1677 1690
f 1580 1690 1581
f 1581 1690 1585
f 1582 1587 1583
f 1583 1587 1588
f 1585 1690 1691
f 1585 1691 1586
f 1586 1691 1692
f 1586 1692 1587
f 1587 1693 1588
f 1587 1692 1694
f 1587 1694 1693
f 1588 1693 1594
f 1589 1593 1695
f 1589 1695 1590
f 1590 1695 1696
f 1590 1696 1697
f 1590 1697 1591
f 1591 1697 1698
f 1591 1698 1595
f 1592 1594 1695
f 1592 1695 1593
f 1594 1693 1699
f 1594 1699 1695
f 1595 1698 1700
f 1595 1700 1598
f 1595 1598 1597
f 1598 1700 1701
f 1598 1701 1702
f 1598 1702 1703
f 1598 1703 1600
f 1598 1600 1599
f 1600 1703 1704
f 1600 1704 1705
f 1600 1705 1603
f 1602 1605 1706
f 1602 1706 1606
f 1603 1705 1707
f 1603 1707 1604
f 1604 1707 1708
f 1604 1708 1709
f 1604 1709 1605
f 1605 1709 1706
f 1606 1706 1710
f 1606 1710 1711
f 1606 1711 1712
f 1606 1712 1608
f 1606 1608 1607
f 1608 1712 1609
f 1609 1712 1713
f 1609 1713 1610
f 1610 1713 1714
f 1610 1714 1715
f 1610 1715 1716
f 1610 1716 1612
f 1610 1612 1611
f 1612 1716 1613
f 1613 1716 1717
f 1613 1717 1718
f 1613 1718 1719
f 1613 1719 1615
f 1615 1719 1720
f 1615 1720 1721
f 1615 1721 1616
f 1616 1721 1617
f 1617 1721 1619
f 1619 1721 1722
f 1619 1722 1723
f 1619 1723 1620
f 1620 1723 1724
f 1620 1724 1725
f 1620 1725 1621
f 1621 1725 1726
f 1621 1726 1624
f 1621 1624 1622
f 1624 1726 1727
f 1624 1727 1625
f 1625 1727 1728
f 1625 1728 1627
f 1625 1627 1626
f 1627 1728 1729
f 1627 1729 1628
f 1628 1729 1629
f 1629 1729 1637
f 1630 1633 1730
f 1631 1636 1633
f 1631 1633 1632
f 1633 1636 1731
f 1633 1731 1732
f 1633 1732 1733
f 1633 1733 1730
f 1634 1644 1734
f 1634 1734 1635
f 1635 1734 1735
f 1635 1735 1636
f 1636 1735 1736
f 1636 1736 1737
f 1636 1737 1731
f 1637 1738 1639
f 1637 1639 1638
f 1637 1729 1739
f 1637 1739 1738
f 1639 1738 1640
f 1640 1738 1739
f 1640 1739 1740
f 1640 1740 1741
f 1640 1741 1641
f 1641 1741 1742
f 1641 1742 1642
f 1642 1743 1744
f 1642 1744 1745
f 1642 1745 1722
f 1642 1722 1746
f 1642 1746 1747
f 1642 1747 1748
f 1642 1748 1749
f 1642 1749 1646
f 1642 1742 1741
f 1642 1741 1743
f 1644 1645 1648
f 1644 1648 1750
f 1644 1750 1734
f 1646 1749 1647
f 1647 1749 1648
f 1648 1749 1751
f 1648 1751 1752
f 1648 1752 1750
f 1649 1753 1650
f 1650 1753 1754
f 1651 1673 1655
f 1651 1655 1652
f 1653 1755 1658
f 1653 1658 1654
f 1653 1655 1756
f 1653 1756 1757
f 1653 1757 1755
f 1655 1673 1758
f 1655 1758 1759
f 1655 1759 1760
f 1655 1760 1756
f 1656 1662 1761
f 1656 1761 1657
f 1657 1762 1663
f 1657 1761 1762
f 1658 1755 1659
f 1659 1755 1763
f 1659 1763 1764
f 1659 1764 1765
f 1659 1765 1766
f 1659 1766 1767
f 1659 1767 1660
f 1660 1767 1768
f 1660 1768 1662
f 1660 1662 1661
f 1662 1768 1761
f 1663 1762 1769
f 1663 1769 1674
f 1663 1674 1664
f 1665 1666 1770
f 1665 1770 1669
f 1666 1689 1771
f 1666 1771 1770
f 1667 1670 1671
f 1669 1770 1670
f 1670 1770 1772
f 1670 1772 1773
f 1670 1773 1671
f 1671 1773 1672
f 1672 1773 1774
f 1672 1774 1775
f 1672 1775 1673
f 1673 1775 1759
f 1673 1759 1758
f 1674 1769 1776
f 1674 1776 1675
f 1675 1776 1777
f 1675 1777 1778
f 1675 1778 1676
f 1676 1778 1779
f 1676 1779 1780
f 1676 1780 1677
f 1677 1780 1779
f 1677 1779 1690
f 1679 1687 1688
f 1679 1688 1680
f 1683 1781 1684
f 1684 1781 1686
f 1685 1686 1782
f 1685 1782 1687
f 1686 1781 1783
f 1686 1783 1782
f 1687 1784 1689
f 1687 1689 1688
f 1687 1782 1784
f 1689 1784 1785
f 1689 1785 1771
f 1690 1786 1691
f 1690 1779 1786
f 1691 1786 1787
f 1691 1787 1788
f 1691 1788 1789
f 1691 1789 1692
f 1692 1789 1694
f 1693 1694 1790
f 1693 1790 1699
f 1694 1789 1791
f 1694 1791 1792
f 1694 1792 1790
f 1695 1699 1793
f 1695 1793 1794
f 1695 1794 1696
f 1696 1794 1697
f 1697 1794 1793
f 1697 1793 1795
f 1697 1795 1796
f 1697 1796 1700
f 1697 1700 1698
f 1699 1790 1793
f 1700 1796 1797
f 1700 1797 1701
f 1701 1797 1798
f 1701 1798 1702
f 1702 1798 1799
f 1702 1799 1704
f 1702 1704 1703
f 1704 1799 1705
f 1705 1799 1800
f 1705 1800 1801
f 1705 1801 1802
f 1705 1802 1707
f 1706 1709 1710
f 1707 1802 1803
f 1707 1803 1708
f 1708 1803 1804
f 1708 1804 1709
f 1709 1804 1805
f 1709 1805 1710
f 1710 1805 1806
f 1710 1806 1711
f 1711 1806 1807
f 1711 1807 1712
f 1712 1807 1808
f 1712 1808 1714
f 1712 1714 1713
f 1714 1808 1809
f 1714 1809 1810
f 1714 1810 1811
f 1714 1811 1715
f 1715 1811 1812
f 1715 1812 1813
f 1715 1813 1814
f 1715 1814 1716
f 1716 1814 1815
f 1716 1815 1717
f 1717 1815 1718
f 1718 1815 1816
f 1718 1816 1817
f 1718 1817 1818
f 1718 1818 1819
f 1718 1819 1820
f 1718 1820 1719
f 1719 1820 1720
f 1720 1820 1821
f 1720 1821 1721
f 1721 1746 1722
f 1721 1821 1822
f 1721 1822 1746
f 1722 1745 1744
f 1722 1744 1723
f 1723 1744 1724
f 1724 1726 1725
f 1724 1744 1823
f 1724 1823 1726
f 1726 1823 1727
f 1727 1823 1743
f 1727 1743 1824
f 1727 1824 1728
f 1728 1824 1739
f 1728 1739 1729
f 1731 1737 1732
f 1732 1737 1736
f 1732 1736 1825
f 1732 1825 1826
f 1732 1826 1827
f 1732 1827 1828
f 1732 1828 1829
f 1732 1829 1830
f 1732 1830 1831
f 1732 1831 1733
f 1734 1750 1752
f 1734 1752 1832
f 1734 1832 1833
f 1734 1833 1834
f 1734 1834 1835
f 1734 1835 1836
f 1734 1836 1837
f 1734 1837 1735
f 1735 1837 1736
f 1736 1837 1838
f 1736 1838 1825
f 1739 1824 1740
f 1740 1824 1741
f 1741 1824 1839
f 1741 1839 1743
f 1743 1839 1824
f 1743 1823 1744
f 1746 1822 1840
f 1746 1840 1841
f 1746 1841 1748
f 1746 1748 1747
f 1748 1841 1842
f 1748 1842 1749
f 1749 1842 1751
f 1751 1842 1843
f 1751 1843 1832
f 1751 1832 1752
f 1753 1844 1754
f 1754 1844 1845
f 1755 1757 1846
f 1755 1846 1763
f 1756 1760 1846
f 1756 1846 1757
f 1759 1775 1760
f 1760 1775 1847
f 1760 1847 1848
f 1760 1848 1846
f 1761 1768 1849
f 1761 1849 1762
f 1762 1850 1769
f 1762 1849 1850
f 1763 1846 1764
f 1764 1846 1851
f 1764 1851 1852
f 1764 1852 1765
f 1765 1853 1766
f 1765 1852 1854
f 1765 1854 1853
f 1766 1855 1856
f 1766 1856 1857
f 1766 1857 1858
f 1766 1858 1859
f 1766 1859 1767
f 1766 1853 1855
f 1767 1859 1860
f 1767 1860 1768
f 1768 1860 1849
f 1769 1861 1862
f 1769 1862 1776
f 1769 1850 1863
f 1769 1863 1864
f 1769 1864 1861
f 1770 1771 1772
f 1771 1785 1865
f 1771 1865 1866
f 1771 1866 1867
f 1771 1867 1772
f 1772 1867 1868
f 1772 1868 1773
f 1773 1868 1869
f 1773 1869 1870
f 1773 1870 1774
f 1774 1870 1775
f 1775 1870 1847
f 1776 1862 1777
f 1777 1871 1778
f 1777 1862 1871
f 1778 1871 1872
f 1778 1872 1779
f 1779 1872 1873
f 1779 1873 1787
f 1779 1787 1786
f 1782 1783 1874
f 1782 1874 1875
f 1782 1875 1784
f 1784 1875 1785
f 1785 1876 1877
f 1785 1877 1865
f 1785 1875 1876
f 1787 1878 1879
f 1787 1879 1788
f 1787 1873 1880
f 1787 1880 1878
f 1788 1879 1878
f 1788 1878 1881
f 1788 1881 1789
f 1789 1881 1791
f 1790 1792 1793
f 1791 1881 1792
f 1792 1881 1882
f 1792 1882 1883
f 1792 1883 1884
f 1792 1884 1793
f 1793 1884 1795
f 1795 1884 1885
f 1795 1885 1796
f 1796 1885 1886
f 1796 1886 1797
f 1797 1886 1798
f 1798 1886 1887
f 1798 1887 1888
f 1798 1888 1799
f 1799 1888 1887
f 1799 1887 1889
f 1799 1889 1800
f 1800 1889 1801
f 1801 1890 1802
f 1801 1889 1891
f 1801 1891 1892
f 1801 1892 1893
f 1801 1893 1894
f 1801 1894 1890
f 1802 1890 1895
f 1802 1895 1896
f 1802 1896 1804
f 1802 1804 1803
f 1804 1896 1895
f 1804 1895 1897
f 1804 1897 1898
f 1804 1898 1805
f 1805 1898 1899
f 1805 1899 1806
f 1806 1899 1900
f 1806 1900 1807
f 1807 1900 1901
f 1807 1901 1808
f 1808 1901 1809
f 1809 1902 1810
f 1809 1901 2001
f 1809 2001 1903
f 1809 1903 1902
f 1810 1902 1811
f 1811 1813 1812
f 1811 1902 1904
f 1811 1904 1905
f 1811 1905 1813
f 1813 1905 1906
f 1813 1906 1907
f 1813 1907 1814
f 1814 1907 1815
f 1815 1907 1816
f 1816 1907 1906
f 1816 1906 1817
f 1817 1906 1908
f 1817 1908 1909
f 1817 1909 1910
f 1817 1910 1911
f 1817 1911 1818
f 1818 1911 1912
f 1818 1912 1913
f 1818 1913 1914
f 1818 1914 1819
f 1819 1914 1820
f 1820 1914 1821
f 1821 1914 1822
f 1822 1913 1915
f 1822 1915 1916
f 1822 1916 1842
f 1822 1842 1840
f 1822 1914 1913
f 1825 1838 1917
f 1825 1917 1827
f 1825 1827 1826
f 1827 1918 1919
f 1827 1919 1920
f 1827 1920 1828
f 1827 1917 1921
f 1827 1921 1918
f 1828 1920 1829
f 1829 1920 1922
f 1832 1843 1923
f 1832 1923 1924
f 1832 1924 1833
f 1833 1924 1925
f 1833 1925 1835
f 1833 1835 1834
f 1835 1925 1926
f 1835 1926 1838
f 1835 1838 1836
f 1836 1838 1837
f 1838 1926 1917
f 1840 1842 1841
f 1842 1916 1843
f 1843 1916 1923
f 1844 1927 1845
f 1845 1927 1928
f 1845 1928 1929
f 1846 1848 1851
f 1847 1870 1930
f 1847 1930 1931
f 1847 1931 1848
f 1848 1932 1851
f 1848 1931 1933
f 1848 1933 1932
f 1849 1860 1863
f 1849 1863 1850
f 1851 1934 1852
f 1851 1932 1934
f 1852 1934 1935
f 1852 1935 1936
f 1852 1936 1854
f 1853 1856 1855
f 1853 1854 1856
f 1854 1936 1937
f 1854 1937 1938
f 1854 1938 1939
f 1854 1939 1940
f 1854 1940 1941
f 1854 1941 1942
f 1854 1942 1943
f 1854 1943 1944
f 1854 1944 1945
f 1854 1945 1946
f 1854 1946 1947
f 1854 1947 1948
f 1854 1948 1856
f 1856 1948 1949
f 1856 1949 1857
f 1857 1950 1951
f 1857 1951 1858
f 1857 1949 1950
f 1858 1951 1859
f 1859 1951 1952
f 1859 1952 1860
f 1860 1952 1953
f 1860 1953 1863
f 1861 1864 1954
f 1861 1954 1863
f 1861 1863 1955
f 1861 1955 1956
f 1861 1956 1957
f 1861 1957 1872
f 1861 1872 1871
f 1861 1871 1862
f 1863 1953 1951
f 1863 1951 1958
f 1863 1958 1959
f 1863 1959 1955
f 1863 1954 1864
f 1865 1877 1960
f 1865 1960 1866
f 1866 1960 1867
f 1867 1960 1868
f 1868 1960 1961
f 1868 1961 1962
f 1868 1962 1869
f 1869 1962 1963
f 1869 1963 1930
f 1869 1930 1870
f 1872 1957 1964
f 1872 1964 1965
f 1872 1965 1873
f 1873 1965 1880
f 1874 1966 1875
f 1875 1966 2077
f 1875 2077 1967
f 1875 1967 1968
f 1875 1968 1969
f 1875 1969 1970
f 1875 1970 1971
f 1875 1971 1972
f 1875 1972 1876
f 1876 1972 1973
f 1876 1973 1974
f 1876 1974 1975
f 1876 1975 1976
f 1876 1976 1961
f 1876 1961 1960
f 1876 1960 1877
f 1878 1880 1977
f 1878 1977 1881
f 1880 1965 1978
f 1880 1978 1977
f 1881 1977 1979
f 1881 1979 1980
f 1881 1980 1882
f 1882 1980 1883
f 1883 1980 1981
f 1883 1981 1884
f 1884 1981 1982
f 1884 1982 1885
f 1885 1887 1886
f 1885 1982 1983
f 1885 1983 1887
f 1887 1983 1984
f 1887 1984 1889
f 1889 1984 1892
f 1889 1892 1891
f 1890 1894 1985
f 1890 1985 1986
f 1890 1986 1987
f 1890 1987 1895
f 1892 1985 1893
f 1892 1984 1988
f 1892 1988 1989
f 1892 1989 1990
f 1892 1990 1991
f 1892 1991 1992
f 1892 1992 1993
f 1892 1993 1994
f 1892 1994 1995
f 1892 1995 1996
f 1892 1996 1997
f 1892 1997 1985
f 1893 1985 1894
f 1895 1987 1998
f 1895 1998 1897
f 1897 1998 1999
f 1897 1999 2000
f 1897 2000 1899
f 1897 1899 1898
f 1899 2000 1900
f 1900 2000 2001
f 1900 2001 1901
f 1902 1903 1904
f 1903 2001 2002
f 1903 2002 2003
f 1903 2003 1904
f 1904 2003 2004
f 1904 2004 2005
f 1904 2005 1905
f 1905 2005 1908
f 1905 1908 1906
f 1908 2006 2007
f 1908 2007 2008
f 1908 2008 1909
f 1908 2005 2006
f 1909 2008 1910
f 1910 2009 2010
f 1910 2010 2011
f 1910 2011 1911
f 1910 2008 2009
f 1911 2011 1912
f 1912 2011 2012
f 1912 2012 1915
f 1912 1915 1913
f 1915 2012 1923
f 1915 1923 1916
f 1917 2013 2014
f 1917 2014 2015
f 1917 2015 1921
f 1917 1926 2013
f 1918 1921 2015
f 1918 2015 2014
f 1918 2014 2016
f 1918 2016 2017
f 1918 2017 2018
f 1918 2018 2019
f 1918 2019 2020
f 1918 2020 1919
f 1919 2020 2021
f 1919 2021 1920
f 1920 2021 1922
f 1922 2021 2023
f 1922 2023 2024
f 1922 2024 2022
f 1923 2025 2026
f 1923 2026 1924
f 1923 2012 2025
f 1924 2027 1925
f 1924 2026 2027
f 1925 2027 1926
f 1926 2027 2028
f 1926 2028 2029
f 1926 2029 2030
f 1926 2030 2031
f 1926 2031 2032
f 1926 2032 2033
f 1926 2033 2034
f 1926 2034 2013
f 1928 2035 1929
f 1928 2036 2035
f 1930 1963 1931
f 1931 1963 2037
f 1931 2037 1933
f 1932 1933 2038
f 1932 2038 1934
f 1933 2037 2039
f 1933 2039 2040
f 1933 2040 2038
f 1934 2038 2041
f 1934 2041 1935
f 1935 2041 2042
f 1935 2042 2043
f 1935 2043 2040
f 1935 2040 2044
f 1935 2044 2045
f 1935 2045 1936
f 1936 2046 1937
f 1936 2045 2046
f 1937 2046 2047
f 1937 2047 2048
f 1937 2048 2049
f 1937 2049 1938
f 1938 2049 2050
f 1938 2050 1939
f 1939 2050 1940
f 1940 2051 2052
f 1940 2052 2053
f 1940 2053 2054
f 1940 2054 1941
f 1940 2050 2049
f 1940 2049 2055
f 1940 2055 2056
f 1940 2056 2051
f 1941 2054 1943
f 1941 1943 1942
f 1943 2057 2058
f 1943 2058 2059
f 1943 2059 2060
f 1943 2060 1945
f 1943 1945 1944
f 1943 2054 2057
f 1945 2060 1946
f 1946 2060 2061
f 1946 2061 1949
f 1946 1949 1948
f 1946 1948 1947
f 1949 2061 2060
f 1949 2060 2062
f 1949 2062 2063
f 1949 2063 2064
f 1949 2064 1950
f 1950 2064 2065
f 1950 2065 1958
f 1950 1958 1951
f 1951 1953 1952
f 1955 2066 1956
f 1955 1959 2066
f 1956 2067 2068
f 1956 2068 1957
f 1956 2066 2069
f 1956 2069 2070
f 1956 2070 2067
f 1957 2068 1964
f 1958 2065 1959
f 1959 2071 2072
f 1959 2072 2069
f 1959 2069 2066
f 1959 2065 2071
f 1961 2073 1963
f 1961 1963 1962
f 1961 1976 2073
f 1963 2073 2037
f 1964 2068 2074
f 1964 2074 1965
f 1965 2074 2067
f 1965 2067 2075
f 1965 2075 2076
f 1965 2076 1978
f 1967 2077 2078
f 1967 2078 2079
f 1967 2079 1968
f 1968 2079 2080
f 1968 2080 2081
f 1968 2081 1969
f 1969 2081 2082
f 1969 2082 2083
f 1969 2083 1970
f 1970 2083 2084
f 1970 2084 2085
f 1970 2085 2086
f 1970 2086 2087
f 1970 2087 1971
f 1971 2088 2089
f 1971 2089 1972
f 1971 2087 2088
f 1972 2089 1973
f 1973 2089 1974
f 1974 2089 2090
f 1974 2090 2091
f 1974 2091 1975
f 1975 2091 1976
f 1976 2091 2092
f 1976 2092 2093
f 1976 2093 2094
f 1976 2094 2073
f 1977 2095 1979
f 1977 1978 2096
f 1977 2096 2095
f 1978 2076 2097
f 1978 2097 2096
f 1979 2098 1980
f 1979 2095 2098
f 1980 2098 1981
f 1981 2099 2100
f 1981 2100 1983
f 1981 1983 1982
f 1981 2098 2101
f 1981 2101 2102
f 1981 2102 2103
f 1981 2103 2099
f 1983 2100 2099
f 1983 2099 1988
f 1983 1988 1984
f 1985 1997 2104
f 1985 2104 1986
f 1986 2104 2105
f 1986 2105 1987
f 1987 2105 2106
f 1987 2106 1998
f 1988 2099 1990
f 1988 1990 1989
f 1990 2103 1991
f 1990 2099 2103
f 1991 2103 2107
f 1991 2107 1992
f 1992 2107 2108
f 1992 2108 2109
f 1992 2109 2110
f 1992 2110 1993
f 1993 2110 1994
f 1994 2110 2111
f 1994 2111 1995
f 1995 1997 1996
f 1995 2111 2112
f 1995 2112 1997
f 1997 2112 2113
f 1997 2113 2104
f 1998 2106 2114
f 1998 2114 2115
f 1998 2115 1999
f 1999 2002 2001
f 1999 2001 2000
f 1999 2115 2002
f 2002 2115 2116
f 2002 2116 2003
f 2003 2116 2117
f 2003 2117 2118
f 2003 2118 2004
f 2004 2118 2006
f 2004 2006 2005
f 2006 2118 2119
f 2006 2119 2120
f 2006 2120 2121
f 2006 2121 2007
f 2007 2121 2008
f 2008 2121 2009
f 2009 2121 2122
f 2009 2122 2123
f 2009 2123 2010
f 2010 2123 2124
f 2010 2124 2125
f 2010 2125 2011
f 2011 2125 2012
f 2012 2125 2025
f 2013 2033 2014
f 2013 2034 2033
f 2014 2033 2016
f 2016 2126 2017
f 2016 2033 2126
f 2017 2126 2127
f 2017 2127 2128
f 2017 2128 2019
f 2017 2019 2018
f 2019 2128 2129
f 2019 2129 2130
f 2019 2130 2131
f 2019 2131 2020
f 2020 2131 2132
f 2020 2132 2021
f 2021 2132 2023
f 2022 2024 2134
f 2022 2134 2135
f 2022 2135 2133
f 2023 2132 2024
f 2024 2132 2134
f 2025 2125 2029
f 2025 2029 2028
f 2025 2028 2026
f 2026 2028 2027
f 2029 2125 2124
f 2029 2124 2136
f 2029 2136 2031
f 2029 2031 2030
f 2031 2137 2138
f 2031 2138 2033
f 2031 2033 2139
f 2031 2139 2032
f 2031 2136 2140
f 2031 2140 2141
f 2031 2141 2142
f 2031 2142 2143
f 2031 2143 2137
f 2032 2139 2033
f 2033 2138 2143
f 2033 2143 2144
f 2033 2144 2126
f 2035 2036 2145
f 2035 2145 2146
f 2035 2146 2147
f 2037 2073 2148
f 2037 2148 2039
f 2038 2042 2041
f 2038 2040 2042
f 2039 2148 2149
f 2039 2149 2040
f 2040 2043 2042
f 2040 2149 2150
f 2040 2150 2151
f 2040 2151 2044
f 2044 2151 2152
f 2044 2152 2153
f 2044 2153 2154
f 2044 2154 2155
f 2044 2155 2045
f 2045 2155 2047
f 2045 2047 2046
f 2047 2155 2156
f 2047 2156 2157
f 2047 2157 2158
f 2047 2158 2159
f 2047 2159 2048
f 2048 2159 2055
f 2048 2055 2049
f 2051 2056 2052
f 2052 2160 2161
f 2052 2161 2053
f 2052 2056 2162
f 2052 2162 2163
f 2052 2163 2160
f 2053 2161 2164
f 2053 2164 2054
f 2054 2164 2057
f 2055 2159 2165
f 2055 2165 2166
f 2055 2166 2167
f 2055 2167 2168
f 2055 2168 2056
f 2056 2168 2169
f 2056 2169 2170
f 2056 2170 2162
f 2057 2164 2171
f 2057 2171 2058
f 2058 2172 2173
f 2058 2173 2062
f 2058 2062 2060
f 2058 2060 2059
f 2058 2171 2174
f 2058 2174 2175
f 2058 2175 2176
f 2058 2176 2172
f 2062 2173 2063
f 2063 2173 2177
f 2063 2177 2064
f 2064 2177 2065
f 2065 2177 2178
f 2065 2178 2071
f 2067 2070 2072
f 2067 2072 2179
f 2067 2179 2180
f 2067 2180 2181
f 2067 2181 2182
f 2067 2182 2183
f 2067 2183 2075
f 2067 2074 2068
f 2069 2072 2070
f 2071 2178 2072
f 2072 2178 2173
f 2072 2173 2184
f 2072 2184 2185
f 2072 2185 2180
f 2072 2180 2179
f 2073 2094 2186
f 2073 2186 2187
f 2073 2187 2148
f 2075 2183 2076
f 2076 2183 2188
f 2076 2188 2097
f 2077 2189 2190
f 2077 2190 2078
f 2078 2190 2079
f 2079 2191 2192
f 2079 2192 2080
f 2079 2190 2193
f 2079 2193 2194
f 2079 2194 2191
f 2080 2192 2195
f 2080 2195 2196
f 2080 2196 2198
f 2080 2198 2081
f 2081 2197 2082
f 2081 2198 2197
f 2082 2197 2199
f 2082 2199 2083
f 2083 2199 2200
f 2083 2200 2201
f 2083 2201 2084
f 2084 2201 2202
f 2084 2202 2203
f 2084 2203 2204
f 2084 2204 2205
f 2084 2205 2085
f 2085 2205 2206
f 2085 2206 2207
f 2085 2207 2208
f 2085 2208 2086
f 2086 2208 2088
f 2086 2088 2087
f 2088 2208 2209
f 2088 2209 2210
f 2088 2210 2211
f 2088 2211 2212
f 2088 2212 2089
f 2089 2212 2213
f 2089 2213 2214
f 2089 2214 2090
f 2090 2214 2091
f 2091 2214 2215
f 2091 2215 2092
f 2092 2216 2218
f 2092 2218 2093
f 2092 2215 2217
f 2092 2217 2216
f 2093 2218 2094
f 2094 2218 2219
f 2094 2219 2186
f 2095 2101 2098
f 2095 2096 2220
f 2095 2220 2221
f 2095 2221 2101
f 2096 2097 2220
f 2097 2188 2222
f 2097 2222 2223
f 2097 2223 2220
f 2101 2221 2102
f 2102 2221 2224
f 2102 2224 2225
f 2102 2225 2226
f 2102 2226 2103
f 2103 2226 2227
f 2103 2227 2107
f 2104 2113 2228
f 2104 2228 2229
f 2104 2229 2105
f 2105 2229 2106
f 2106 2229 2230
f 2106 2230 2114
f 2107 2227 2108
f 2108 2227 2231
f 2108 2231 2109
f 2109 2231 2232
f 2109 2232 2233
f 2109 2233 2234
f 2109 2234 2235
f 2109 2235 2110
f 2110 2235 2111
f 2111 2235 2236
f 2111 2236 2237
f 2111 2237 2238
f 2111 2238 2239
f 2111 2239 2240
f 2111 2240 2112
f 2112 2240 2241
f 2112 2241 2113
f 2113 2241 2228
f 2114 2230 2242
f 2114 2242 2115
f 2115 2242 2243
f 2115 2243 2116
f 2116 2243 2244
f 2116 2244 2117
f 2117 2244 2119
f 2117 2119 2118
f 2119 2244 2245
f 2119 2245 2246
f 2119 2246 2247
f 2119 2247 2120
f 2120 2247 2121
f 2121 2247 2248
f 2121 2248 2122
f 2122 2248 2249
f 2122 2249 2250
f 2122 2250 2123
f 2123 2250 2140
f 2123 2140 2124
f 2124 2140 2136
f 2126 2144 2251
f 2126 2251 2252
f 2126 2252 2253
f 2126 2253 2254
f 2126 2254 2127
f 2127 2254 2255
f 2127 2255 2128
f 2128 2255 2129
f 2129 2255 2256
f 2129 2256 2257
f 2129 2257 2258
f 2129 2258 2130
f 2130 2258 2259
f 2130 2259 2131
f 2131 2259 2260
f 2131 2260 2261
f 2131 2261 2132
f 2132 2261 2134
f 2133 2135 2263
f 2133 2263 2264
f 2133 2264 2265
f 2133 2265 2262
f 2134 2261 2260
f 2134 2260 2135
f 2135 2260 2266
f 2135 2266 2267
f 2135 2267 2268
f 2135 2268 2269
f 2135 2269 2270
f 2135 2270 2263
f 2137 2143 2138
f 2140 2250 2271
f 2140 2271 2141
f 2141 2271 2272
f 2141 2272 2273
f 2141 2273 2142
f 2142 2274 2143
f 2142 2273 2274
f 2143 2275 2276
f 2143 2276 2277
f 2143 2277 2251
f 2143 2251 2144
f 2143 2274 2275
f 2146 2278 2279
f 2146 2279 2280
f 2146 2280 2281
f 2146 2281 2147
f 2148 2187 2282
f 2148 2282 2149
f 2149 2282 2283
f 2149 2283 2150
f 2150 2284 2152
f 2150 2152 2151
f 2150 2283 2282
f 2150 2282 2285
f 2150 2285 2286
f 2150 2286 2287
f 2150 2287 2288
f 2150 2288 2289
f 2150 2289 2290
f 2150 2290 2291
f 2150 2291 2292
f 2150 2292 2284
f 2152 2284 2153
f 2153 2284 2154
f 2154 2284 2293
f 2154 2293 2294
f 2154 2294 2295
f 2154 2295 2155
f 2155 2296 2156
f 2155 2295 2297
f 2155 2297 2298
f 2155 2298 2296
f 2156 2296 2299
f 2156 2299 2157
f 2157 2299 2300
f 2157 2300 2301
f 2157 2301 2302
f 2157 2302 2165
f 2157 2165 2159
f 2157 2159 2158
f 2160 2163 2303
f 2160 2303 2304
f 2160 2304 2305
f 2160 2305 2306
f 2160 2306 2307
f 2160 2307 2161
f 2161 2307 2308
f 2161 2308 2171
f 2161 2171 2164
f 2162 2170 2306
f 2162 2306 2304
f 2162 2304 2303
f 2162 2303 2163
f 2165 2302 2166
f 2166 2302 2309
f 2166 2309 2310
f 2166 2310 2311
f 2166 2311 2312
f 2166 2312 2169
f 2166 2169 2168
f 2166 2168 2167
f 2169 2313 2314
f 2169 2314 2315
f 2169 2315 2170
f 2169 2312 2313
f 2170 2316 2317
f 2170 2317 2306
f 2170 2315 2314
f 2170 2314 2318
f 2170 2318 2316
f 2171 2319 2320
f 2171 2320 2321
f 2171 2321 2175
f 2171 2175 2174
f 2171 2308 2319
f 2172 2176 2184
f 2172 2184 2173
f 2173 2178 2177
f 2175 2322 2176
f 2175 2321 2322
f 2176 2322 2323
f 2176 2323 2185
f 2176 2185 2184
f 2180 2324 2181
f 2180 2185 2325
f 2180 2325 2324
f 2181 2324 2182
f 2182 2326 2222
f 2182 2222 2183
f 2182 2324 2327
f 2182 2327 2328
f 2182 2328 2326
f 2183 2222 2188
f 2185 2322 2325
f 2185 2323 2322
f 2186 2329 2187
f 2186 2219 2330
f 2186 2330 2329
f 2187 2329 2285
f 2187 2285 2282
f 2189 2331 2332
f 2189 2332 2190
f 2190 2332 2484
f 2190 2484 2333
f 2190 2333 2334
f 2190 2334 2193
f 2191 2335 2336
f 2191 2336 2337
f 2191 2337 2192
f 2191 2194 2338
f 2191 2338 2335
f 2192 2337 2339
f 2192 2339 2195
f 2193 2334 2194
f 2194 2334 2340
f 2194 2340 2338
f 2195 2339 2341
f 2195 2341 2342
f 2195 2342 2196
f 2196 2342 2345
f 2196 2345 2198
f 2197 2343 2200
f 2197 2200 2199
f 2197 2198 2344
f 2197 2344 2343
f 2198 2345 2496
f 2198 2496 2344
f 2200 2343 2201
f 2201 2343 2346
f 2201 2346 2347
f 2201 2347 2202
f 2202 2347 2203
f 2203 2347 2348
f 2203 2348 2349
f 2203 2349 2350
f 2203 2350 2204
f 2204 2350 2351
f 2204 2351 2352
f 2204 2352 2353
f 2204 2353 2354
f 2204 2354 2355
f 2204 2355 2205
f 2205 2355 2206
f 2206 2355 2356
f 2206 2356 2357
f 2206 2357 2358
f 2206 2358 2207
f 2207 2358 2210
f 2207 2210 2209
f 2207 2209 2208
f 2210 2358 2359
f 2210 2359 2211
f 2211 2359 2360
f 2211 2360 2212
f 2212 2360 2213
f 2213 2215 2214
f 2213 2360 2361
f 2213 2361 2215
f 2215 2361 2217
f 2216 2217 2362
f 2216 2362 2218
f 2217 2361 2516
f 2217 2516 2362
f 2218 2362 2363
f 2218 2363 2219
f 2219 2363 2364
f 2219 2364 2330
f 2220 2223 2365
f 2220 2365 2224
f 2220 2224 2221
f 2222 2326 2223
f 2223 2366 2365
f 2223 2326 2366
f 2224 2365 2225
f 2225 2227 2226
f 2225 2365 2367
f 2225 2367 2368
f 2225 2368 2369
f 2225 2369 2227
f 2227 2369 2370
f 2227 2370 2231
f 2228 2241 2371
f 2228 2371 2372
f 2228 2372 2229
f 2229 2372 2373
f 2229 2373 2230
f 2230 2373 2374
f 2230 2374 2242
f 2231 2370 2375
f 2231 2375 2232
f 2232 2375 2376
f 2232 2376 2377
f 2232 2377 2233
f 2233 2377 2234
f 2234 2378 2379
f 2234 2379 2236
f 2234 2236 2235
f 2234 2377 2380
f 2234 2380 2381
f 2234 2381 2382
f 2234 2382 2383
f 2234 2383 2378
f 2236 2379 2238
f 2236 2238 2237
f 2238 2384 2239
f 2238 2379 2385
f 2238 2385 2386
f 2238 2386 2384
f 2239 2384 2240
f 2240 2384 2387
f 2240 2387 2241
f 2241 2387 2388
f 2241 2388 2389
f 2241 2389 2371
f 2242 2374 2390
f 2242 2390 2243
f 2243 2390 2245
f 2243 2245 2244
f 2245 2390 2391
f 2245 2391 2392
f 2245 2392 2393
f 2245 2393 2246
f 2246 2393 2394
f 2246 2394 2247
f 2247 2394 2395
f 2247 2395 2248
f 2248 2395 2249
f 2249 2395 2396
f 2249 2396 2397
f 2249 2397 2250
f 2250 2397 2272
f 2250 2272 2271
f 2251 2276 2398
f 2251 2398 2252
f 2251 2277 2276
f 2252 2399 2253
f 2252 2398 2399
f 2253 2399 2400
f 2253 2400 2254
f 2254 2400 2255
f 2255 2400 2401
f 2255 2401 2256
f 2256 2401 2257
f 2257 2259 2258
f 2257 2401 2402
f 2257 2402 2403
f 2257 2403 2404
f 2257 2404 2266
f 2257 2266 2259
f 2259 2266 2260
f 2262 2265 2405
f 2263 2270 2264
f 2264 2270 2265
f 2265 2270 2269
f 2265 2269 2406
f 2265 2406 2407
f 2265 2407 2408
f 2265 2408 2409
f 2265 2409 2410
f 2265 2410 2411
f 2265 2411 2412
f 2265 2412 2413
f 2265 2413 2414
f 2265 2414 2405
f 2266 2404 2403
f 2266 2403 2267
f 2267 2403 2268
f 2268 2403 2415
f 2268 2415 2416
f 2268 2416 2269
f 2269 2416 2417
f 2269 2417 2406
f 2272 2274 2273
f 2272 2397 2418
f 2272 2418 2419
f 2272 2419 2420
f 2272 2420 2274
f 2274 2420 2421
f 2274 2421 2275
f 2275 2421 2422
f 2275 2422 2276
f 2276 2422 2423
f 2276 2423 2424
f 2276 2424 2425
f 2276 2425 2399
f 2276 2399 2398
f 2278 2426 2279
f 2278 2427 2426
f 2284 2292 2428
f 2284 2428 2293
f 2285 2329 2429
f 2285 2429 2286
f 2286 2430 2288
f 2286 2288 2287
f 2286 2429 2430
f 2288 2430 2431
f 2288 2431 2432
f 2288 2432 2433
f 2288 2433 2434
f 2288 2434 2435
f 2288 2435 2436
f 2288 2436 2289
f 2289 2436 2290
f 2290 2436 2437
f 2290 2437 2291
f 2291 2438 2439
f 2291 2439 2440
f 2291 2440 2292
f 2291 2437 2441
f 2291 2441 2438
f 2292 2440 2428
f 2293 2428 2294
f 2294 2428 2442
f 2294 2442 2443
f 2294 2443 2297
f 2294 2297 2295
f 2296 2444 2299
f 2296 2298 2445
f 2296 2445 2446
f 2296 2446 2447
f 2296 2447 2444
f 2297 2443 2298
f 2298 2443 2448
f 2298 2448 2445
f 2299 2444 2449
f 2299 2449 2300
f 2300 2449 2450
f 2300 2450 2309
f 2300 2309 2302
f 2300 2302 2301
f 2304 2306 2305
f 2306 2451 2452
f 2306 2452 2453
f 2306 2453 2307
f 2306 2317 2454
f 2306 2454 2451
f 2307 2453 2308
f 2308 2453 2455
f 2308 2455 2319
f 2309 2450 2310
f 2310 2450 2456
f 2310 2456 2457
f 2310 2457 2458
f 2310 2458 2311
f 2311 2459 2460
f 2311 2460 2461
f 2311 2461 2313
f 2311 2313 2312
f 2311 2458 2462
f 2311 2462 2463
f 2311 2463 2464
f 2311 2464 2459
f 2313 2318 2314
f 2313 2461 2318
f 2316 2465 2454
f 2316 2454 2317
f 2316 2318 2465
f 2318 2461 2466
f 2318 2466 2467
f 2318 2467 2468
f 2318 2468 2469
f 2318 2469 2470
f 2318 2470 2471
f 2318 2471 2465
f 2319 2455 2472
f 2319 2472 2320
f 2320 2472 2473
f 2320 2473 2474
f 2320 2474 2322
f 2320 2322 2321
f 2322 2474 2325
f 2324 2325 2327
f 2325 2474 2327
f 2326 2328 2475
f 2326 2475 2476
f 2326 2476 2366
f 2327 2477 2328
f 2327 2474 2477
f 2328 2477 2478
f 2328 2478 2479
f 2328 2479 2475
f 2329 2330 2480
f 2329 2480 2481
f 2329 2481 2429
f 2330 2364 2480
f 2331 2482 2492
f 2331 2492 2483
f 2331 2483 2332
f 2332 2483 2484
f 2333 2484 2334
f 2334 2484 2340
f 2335 2485 2486
f 2335 2486 2487
f 2335 2487 2488
f 2335 2488 2336
f 2335 2338 2489
f 2335 2489 2485
f 2336 2488 2490
f 2336 2490 2337
f 2337 2490 2491
f 2337 2491 2339
f 2338 2340 2484
f 2338 2484 2492
f 2338 2492 2489
f 2339 2491 2341
f 2341 2491 2490
f 2341 2490 2493
f 2341 2493 2494
f 2341 2494 2495
f 2341 2495 2342
f 2342 2495 2497
f 2342 2497 2345
f 2343 2344 2496
f 2343 2496 2346
f 2345 2497 2668
f 2345 2668 2496
f 2346 2498 2347
f 2346 2496 2667
f 2346 2667 2498
f 2347 2498 2499
f 2347 2499 2500
f 2347 2500 2501
f 2347 2501 2348
f 2348 2501 2502
f 2348 2502 2349
f 2349 2503 2350
f 2349 2502 2504
f 2349 2504 2503
f 2350 2503 2505
f 2350 2505 2351
f 2351 2505 2506
f 2351 2506 2507
f 2351 2507 2508
f 2351 2508 2352
f 2352 2508 2509
f 2352 2509 2510
f 2352 2510 2353
f 2353 2510 2511
f 2353 2511 2512
f 2353 2512 2354
f 2354 2512 2355
f 2355 2512 2356
f 2356 2513 2514
f 2356 2514 2357
f 2356 2512 2513
f 2357 2514 2358
f 2358 2514 2515
f 2358 2515 2359
f 2359 2515 2516
f 2359 2516 2360
f 2360 2516 2361
f 2362 2517 2518
f 2362 2518 2363
f 2362 2516 2519
f 2362 2519 2520
f 2362 2520 2517
f 2363 2518 2517
f 2363 2517 2521
f 2363 2521 2364
f 2364 2521 2522
f 2364 2522 2523
f 2364 2523 2524
f 2364 2524 2481
f 2364 2481 2480
f 2365 2366 2476
f 2365 2476 2367
f 2367 2476 2525
f 2367 2525 2368
f 2368 2525 2526
f 2368 2526 2369
f 2369 2526 2527
f 2369 2527 2375
f 2369 2375 2370
f 2371 2389 2528
f 2371 2528 2372
f 2372 2528 2529
f 2372 2529 2530
f 2372 2530 2373
f 2373 2530 2374
f 2374 2530 2531
f 2374 2531 2391
f 2374 2391 2390
f 2375 2377 2376
f 2375 2527 2526
f 2375 2526 2532
f 2375 2532 2533
f 2375 2533 2534
f 2375 2534 2535
f 2375 2535 2377
f 2377 2535 2534
f 2377 2534 2380
f 2378 2536 2379
f 2378 2383 2536
f 2379 2536 2385
f 2380 2534 2381
f 2381 2534 2537
f 2381 2537 2538
f 2381 2538 2539
f 2381 2539 2383
f 2381 2383 2382
f 2383 2539 2540
f 2383 2540 2541
f 2383 2541 2542
f 2383 2542 2543
f 2383 2543 2717
f 2383 2717 2544
f 2383 2544 2545
f 2383 2545 2536
f 2384 2386 2546
f 2384 2546 2388
f 2384 2388 2387
f 2385 2536 2545
f 2385 2545 2547
f 2385 2547 2548
f 2385 2548 2386
f 2386 2548 2549
f 2386 2549 2550
f 2386 2550 2546
f 2388 2551 2389
f 2388 2546 2552
f 2388 2552 2553
f 2388 2553 2551
f 2389 2554 2528
f 2389 2551 2554
f 2391 2531 2555
f 2391 2555 2556
f 2391 2556 2392
f 2392 2556 2393
f 2393 2556 2557
f 2393 2557 2394
f 2394 2557 2558
f 2394 2558 2395
f 2395 2558 2396
f 2396 2558 2559
f 2396 2559 2397
f 2397 2559 2418
f 2399 2425 2560
f 2399 2560 2561
f 2399 2561 2400
f 2400 2561 2562
f 2400 2562 2563
f 2400 2563 2401
f 2401 2563 2564
f 2401 2564 2402
f 2402 2564 2565
f 2402 2565 2415
f 2402 2415 2403
f 2406 2417 2566
f 2406 2566 2408
f 2406 2408 2407
f 2408 2566 2567
f 2408 2567 2409
f 2409 2568 2569
f 2409 2569 2570
f 2409 2570 2410
f 2409 2567 2571
f 2409 2571 2568
f 2410 2570 2572
f 2410 2572 2411
f 2411 2572 2412
f 2412 2572 2570
f 2412 2570 2573
f 2412 2573 2574
f 2412 2574 2413
f 2413 2574 2575
f 2413 2575 2576
f 2413 2576 2577
f 2413 2577 2578
f 2413 2578 2579
f 2413 2579 2580
f 2413 2580 2414
f 2415 2565 2581
f 2415 2581 2416
f 2416 2581 2417
f 2417 2581 2566
f 2418 2559 2582
f 2418 2582 2419
f 2419 2583 2584
f 2419 2584 2420
f 2419 2582 2585
f 2419 2585 2583
f 2420 2584 2586
f 2420 2586 2587
f 2420 2587 2421
f 2421 2587 2422
f 2422 2587 2423
f 2423 2588 2589
f 2423 2589 2424
f 2423 2587 2586
f 2423 2586 2588
f 2424 2589 2590
f 2424 2590 2591
f 2424 2591 2560
f 2424 2560 2425
f 2426 2427 2592
f 2426 2592 2593
f 2428 2440 2442
f 2429 2481 2430
f 2430 2481 2524
f 2430 2524 2523
f 2430 2523 2594
f 2430 2594 2431
f 2431 2594 2432
f 2432 2594 2595
f 2432 2595 2433
f 2433 2595 2596
f 2433 2596 2434
f 2434 2596 2597
f 2434 2597 2598
f 2434 2598 2435
f 2435 2599 2436
f 2435 2598 2599
f 2436 2599 2600
f 2436 2600 2437
f 2437 2600 2601
f 2437 2601 2602
f 2437 2602 2441
f 2438 2603 2604
f 2438 2604 2605
f 2438 2605 2439
f 2438 2441 2603
f 2439 2605 2606
f 2439 2606 2443
f 2439 2443 2442
f 2439 2442 2440
f 2441 2602 2607
f 2441 2607 2608
f 2441 2608 2609
f 2441 2609 2610
f 2441 2610 2611
f 2441 2611 2603
f 2443 2606 2612
f 2443 2612 2448
f 2444 2613 2449
f 2444 2447 2613
f 2445 2448 2614
f 2445 2614 2615
f 2445 2615 2616
f 2445 2616 2447
f 2445 2447 2446
f 2447 2616 2617
f 2447 2617 2613
f 2448 2612 2618
f 2448 2618 2614
f 2449 2456 2450
f 2449 2613 2619
f 2449 2619 2456
f 2451 2454 2620
f 2451 2620 2621
f 2451 2621 2622
f 2451 2622 2623
f 2451 2623 2452
f 2452 2623 2624
f 2452 2624 2453
f 2453 2625 2455
f 2453 2624 2625
f 2454 2465 2626
f 2454 2626 2620
f 2455 2625 2472
f 2456 2619 2627
f 2456 2627 2457
f 2457 2627 2462
f 2457 2462 2458
f 2459 2464 2628
f 2459 2628 2629
f 2459 2629 2630
f 2459 2630 2631
f 2459 2631 2467
f 2459 2467 2460
f 2460 2467 2461
f 2461 2467 2466
f 2462 2632 2633
f 2462 2633 2634
f 2462 2634 2463
f 2462 2627 2635
f 2462 2635 2636
f 2462 2636 2637
f 2462 2637 2632
f 2463 2634 2628
f 2463 2628 2464
f 2465 2471 2638
f 2465 2638 2626
f 2467 2631 2468
f 2468 2631 2630
f 2468 2630 2639
f 2468 2639 2640
f 2468 2640 2641
f 2468 2641 2469
f 2469 2641 2642
f 2469 2642 2643
f 2469 2643 2644
f 2469 2644 2470
f 2470 2644 2471
f 2471 2644 2642
f 2471 2642 2638
f 2472 2624 2645
f 2472 2645 2473
f 2472 2625 2624
f 2473 2478 2474
f 2473 2645 2478
f 2474 2478 2477
f 2475 2525 2476
f 2475 2479 2478
f 2475 2478 2646
f 2475 2646 2647
f 2475 2647 2525
f 2478 2645 2648
f 2478 2648 2646
f 2482 2649 2492
f 2483 2492 2484
f 2485 2650 2651
f 2485 2651 2486
f 2485 2489 2652
f 2485 2652 2650
f 2486 2651 2653
f 2486 2653 2654
f 2486 2654 2487
f 2487 2654 2655
f 2487 2655 2656
f 2487 2656 2657
f 2487 2657 2488
f 2488 2657 2658
f 2488 2658 2493
f 2488 2493 2490
f 2489 2492 2659
f 2489 2659 2660
f 2489 2660 2661
f 2489 2661 2662
f 2489 2662 2652
f 2492 2649 2812
f 2492 2812 2659
f 2493 2658 2663
f 2493 2663 2494
f 2494 2663 2831
f 2494 2831 2664
f 2494 2664 2665
f 2494 2665 2495
f 2495 2665 2666
f 2495 2666 2671
f 2495 2671 2497
f 2496 2668 2669
f 2496 2669 2670
f 2496 2670 2667
f 2497 2671 2672
f 2497 2672 2668
f 2498 2667 2673
f 2498 2673 2499
f 2499 2673 2500
f 2500 2674 2502
f 2500 2502 2501
f 2500 2673 2675
f 2500 2675 2676
f 2500 2676 2677
f 2500 2677 2678
f 2500 2678 2674
f 2502 2674 2679
f 2502 2679 2504
f 2503 2680 2505
f 2503 2504 2681
f 2503 2681 2680
f 2504 2679 2682
f 2504 2682 2683
f 2504 2683 2681
f 2505 2680 2506
f 2506 2684 2685
f 2506 2685 2507
f 2506 2680 2684
f 2507 2685 2508
f 2508 2686 2509
f 2508 2685 2686
f 2509 2686 2685
f 2509 2685 2687
f 2509 2687 2510
f 2510 2687 2688
f 2510 2688 2689
f 2510 2689 2690
f 2510 2690 2511
f 2511 2690 2512
f 2512 2690 2513
f 2513 2691 2692
f 2513 2692 2693
f 2513 2693 2514
f 2513 2690 2691
f 2514 2694 2695
f 2514 2695 2515
f 2514 2693 2692
f 2514 2692 2694
f 2515 2695 2519
f 2515 2519 2516
f 2517 2520 2696
f 2517 2696 2522
f 2517 2522 2521
f 2519 2695 2694
f 2519 2694 2520
f 2520 2697 2696
f 2520 2694 2867
f 2520 2867 2697
f 2522 2698 2523
f 2522 2696 2699
f 2522 2699 2698
f 2523 2698 2594
f 2525 2647 2526
f 2526 2647 2700
f 2526 2700 2701
f 2526 2701 2702
f 2526 2702 2532
f 2528 2554 2703
f 2528 2703 2529
f 2529 2703 2530
f 2530 2703 2704
f 2530 2704 2531
f 2531 2704 2555
f 2532 2701 2705
f 2532 2705 2706
f 2532 2706 2707
f 2532 2707 2708
f 2532 2708 2709
f 2532 2709 2534
f 2532 2534 2533
f 2532 2702 2701
f 2534 2709 2710
f 2534 2710 2711
f 2534 2711 2537
f 2537 2711 2538
f 2538 2711 2540
f 2538 2540 2539
f 2540 2712 2713
f 2540 2713 2714
f 2540 2714 2541
f 2540 2711 2712
f 2541 2714 2542
f 2542 2714 2715
f 2542 2715 2716
f 2542 2716 2543
f 2543 2716 2717
f 2544 2717 2547
f 2544 2547 2545
f 2546 2550 2552
f 2547 2717 2718
f 2547 2718 2719
f 2547 2719 2548
f 2548 2719 2720
f 2548 2720 2550
f 2548 2550 2549
f 2550 2720 2721
f 2550 2721 2722
f 2550 2722 2552
f 2551 2553 2723
f 2551 2723 2554
f 2552 2722 2724
f 2552 2724 2553
f 2553 2724 2723
f 2554 2723 2725
f 2554 2725 2703
f 2555 2704 2726
f 2555 2726 2556
f 2556 2726 2727
f 2556 2727 2728
f 2556 2728 2557
f 2557 2728 2558
f 2558 2728 2729
f 2558 2729 2559
f 2559 2729 2730
f 2559 2730 2582
f 2560 2591 2590
f 2560 2590 2731
f 2560 2731 2732
f 2560 2732 2561
f 2561 2732 2562
f 2562 2732 2733
f 2562 2733 2563
f 2563 2733 2734
f 2563 2734 2564
f 2564 2734 2735
f 2564 2735 2736
f 2564 2736 2565
f 2565 2736 2737
f 2565 2737 2581
f 2566 2581 2567
f 2567 2738 2739
f 2567 2739 2740
f 2567 2740 2568
f 2567 2568 2571
f 2567 2581 2737
f 2567 2737 2736
f 2567 2736 2741
f 2567 2741 2738
f 2568 2742 2569
f 2568 2740 2742
f 2569 2742 2743
f 2569 2743 2744
f 2569 2744 2745
f 2569 2745 2570
f 2570 2745 2746
f 2570 2746 2573
f 2573 2747 2575
f 2573 2575 2574
f 2573 2746 2747
f 2575 2747 2748
f 2575 2748 2749
f 2575 2749 2750
f 2575 2750 2577
f 2575 2577 2576
f 2577 2750 2749
f 2577 2749 2751
f 2577 2751 2752
f 2577 2752 2753
f 2577 2753 2754
f 2577 2754 2755
f 2577 2755 2578
f 2582 2730 2756
f 2582 2756 2585
f 2583 2757 2929
f 2583 2929 2758
f 2583 2758 2759
f 2583 2759 2584
f 2583 2585 2757
f 2584 2759 2586
f 2585 2756 2757
f 2586 2759 2760
f 2586 2760 2761
f 2586 2761 2762
f 2586 2762 2588
f 2588 2762 2761
f 2588 2761 2763
f 2588 2763 2589
f 2589 2763 2764
f 2589 2764 2765
f 2589 2765 2766
f 2589 2766 2767
f 2589 2767 2734
f 2589 2734 2590
f 2590 2734 2731
f 2592 2768 2945
f 2592 2945 2769
f 2592 2769 2593
f 2594 2698 2595
f 2595 2698 2770
f 2595 2770 2771
f 2595 2771 2596
f 2596 2771 2772
f 2596 2772 2597
f 2597 2772 2773
f 2597 2773 2598
f 2598 2773 2774
f 2598 2774 2599
f 2599 2774 2775
f 2599 2775 2600
f 2600 2775 2601
f 2601 2775 2607
f 2601 2607 2602
f 2603 2610 2776
f 2603 2776 2604
f 2603 2611 2610
f 2604 2776 2777
f 2604 2777 2778
f 2604 2778 2606
f 2604 2606 2605
f 2606 2618 2612
f 2606 2778 2779
f 2606 2779 2618
f 2607 2775 2780
f 2607 2780 2781
f 2607 2781 2782
f 2607 2782 2783
f 2607 2783 2608
f 2608 2784 2610
f 2608 2610 2609
f 2608 2783 2785
f 2608 2785 2784
f 2610 2786 2776
f 2610 2784 2787
f 2610 2787 2788
f 2610 2788 2786
f 2613 2617 2619
f 2614 2618 2779
f 2614 2779 2615
f 2615 2789 2790
f 2615 2790 2635
f 2615 2635 2791
f 2615 2791 2617
f 2615 2617 2616
f 2615 2779 2792
f 2615 2792 2793
f 2615 2793 2789
f 2617 2791 2619
f 2619 2791 2627
f 2620 2626 2621
f 2621 2626 2794
f 2621 2794 2706
f 2621 2706 2622
f 2622 2706 2623
f 2623 2706 2701
f 2623 2701 2795
f 2623 2795 2624
f 2624 2795 2648
f 2624 2648 2645
f 2626 2638 2794
f 2627 2791 2635
f 2628 2796 2639
f 2628 2639 2629
f 2628 2634 2633
f 2628 2633 2632
f 2628 2632 2797
f 2628 2797 2796
f 2629 2639 2630
f 2632 2798 2799
f 2632 2799 2796
f 2632 2796 2797
f 2632 2637 2800
f 2632 2800 2801
f 2632 2801 2798
f 2635 2790 2802
f 2635 2802 2636
f 2636 2802 2800
f 2636 2800 2637
f 2638 2642 2803
f 2638 2803 2804
f 2638 2804 2708
f 2638 2708 2805
f 2638 2805 2706
f 2638 2706 2794
f 2639 2806 2807
f 2639 2807 2640
f 2639 2796 2806
f 2640 2808 2809
f 2640 2809 2641
f 2640 2807 2808
f 2641 2809 2642
f 2642 2644 2643
f 2642 2809 2810
f 2642 2810 2803
f 2646 2811 2647
f 2646 2648 2811
f 2647 2811 2700
f 2648 2795 2701
f 2648 2701 2811
f 2650 2813 2814
f 2650 2814 2651
f 2650 2652 2813
f 2651 2814 2815
f 2651 2815 2653
f 2652 2662 2816
f 2652 2816 2817
f 2652 2817 2818
f 2652 2818 2813
f 2653 2815 2654
f 2654 2815 2814
f 2654 2814 2819
f 2654 2819 2820
f 2654 2820 2821
f 2654 2821 2822
f 2654 2822 2823
f 2654 2823 2824
f 2654 2824 2655
f 2655 2825 2656
f 2655 2824 2825
f 2656 2825 2826
f 2656 2826 2657
f 2657 2826 2827
f 2657 2827 2658
f 2658 2827 2663
f 2659 2812 2828
f 2659 2828 2661
f 2659 2661 2660
f 2661 2828 2829
f 2661 2829 2662
f 2662 2829 2830
f 2662 2830 2816
f 2663 2827 2831
f 2664 2831 2832
f 2664 2832 2833
f 2664 2833 2665
f 2665 2833 2834
f 2665 2834 2666
f 2666 2834 2835
f 2666 2835 2838
f 2666 2838 2671
f 2667 2670 2676
f 2667 2676 2673
f 2668 2672 2669
f 2669 2672 2836
f 2669 2836 2837
f 2669 2837 2670
f 2670 2837 2676
f 2671 2838 2672
f 2672 2838 2839
f 2672 2839 2836
f 2673 2676 2675
f 2674 2678 2679
f 2676 2837 2840
f 2676 2840 2841
f 2676 2841 2842
f 2676 2842 2677
f 2677 2842 2678
f 2678 2843 2679
f 2678 2842 2844
f 2678 2844 2843
f 2679 2843 2844
f 2679 2844 2845
f 2679 2845 2682
f 2680 2681 2846
f 2680 2846 2847
f 2680 2847 2848
f 2680 2848 2684
f 2681 2849 2846
f 2681 2683 2850
f 2681 2850 2849
f 2682 2845 2851
f 2682 2851 2852
f 2682 2852 2853
f 2682 2853 2854
f 2682 2854 2683
f 2683 2855 2850
f 2683 2854 2855
f 2684 2856 2685
f 2684 2848 2856
f 2685 2856 2857
f 2685 2857 2858
f 2685 2858 2859
f 2685 2859 2860
f 2685 2860 2861
f 2685 2861 2687
f 2687 2861 2860
f 2687 2860 2862
f 2687 2862 2688
f 2688 2690 2689
f 2688 2862 2863
f 2688 2863 2864
f 2688 2864 2690
f 2690 2864 2865
f 2690 2865 2691
f 2691 2865 2692
f 2692 2865 2866
f 2692 2866 2694
f 2694 2866 2867
f 2696 2697 2699
f 2697 2868 2699
f 2697 2867 3062
f 2697 3062 2868
f 2698 2699 2770
f 2699 2868 2770
f 2700 2811 2701
f 2701 2706 2705
f 2703 2725 2869
f 2703 2869 2704
f 2704 2869 2870
f 2704 2870 2726
f 2706 2805 2707
f 2707 2805 2708
f 2708 2710 2709
f 2708 2804 2803
f 2708 2803 2871
f 2708 2871 2872
f 2708 2872 2710
f 2710 2872 2711
f 2711 2872 2871
f 2711 2871 2873
f 2711 2873 2874
f 2711 2874 2712
f 2712 2874 2875
f 2712 2875 2876
f 2712 2876 2877
f 2712 2877 2878
f 2712 2878 2879
f 2712 2879 2880
f 2712 2880 2713
f 2713 2880 2881
f 2713 2881 2714
f 2714 2881 2715
f 2715 2881 2716
f 2716 2881 2882
f 2716 2882 2883
f 2716 2883 2717
f 2717 2883 2884
f 2717 2884 2885
f 2717 2885 2886
f 2717 2886 2887
f 2717 2887 2888
f 2717 2888 2889
f 2717 2889 2890
f 2717 2890 2718
f 2718 2890 2719
f 2719 2890 2720
f 2720 2891 2721
f 2720 2890 2892
f 2720 2892 2891
f 2721 2893 2722
f 2721 2891 2893
f 2722 2893 2724
f 2723 2724 2893
f 2723 2893 2894
f 2723 2894 2895
f 2723 2895 2725
f 2725 2895 2896
f 2725 2896 2869
f 2726 2870 2897
f 2726 2897 2898
f 2726 2898 2727
f 2727 2898 2728
f 2728 2898 2899
f 2728 2899 2730
f 2728 2730 2729
f 2730 2899 2756
f 2731 2734 2733
f 2731 2733 2732
f 2734 2767 2900
f 2734 2900 2901
f 2734 2901 2902
f 2734 2902 2736
f 2734 2736 2735
f 2736 2902 2901
f 2736 2901 2903
f 2736 2903 2741
f 2738 2904 2739
f 2738 2741 2901
f 2738 2901 2905
f 2738 2905 2906
f 2738 2906 2904
f 2739 2904 2740
f 2740 2907 2908
f 2740 2908 2909
f 2740 2909 2910
f 2740 2910 2911
f 2740 2911 2742
f 2740 2904 2907
f 2741 2903 2901
f 2742 2911 2744
f 2742 2744 2743
f 2744 2748 2912
f 2744 2912 2745
f 2744 2911 2748
f 2745 2912 2746
f 2746 2912 2747
f 2747 2912 2748
f 2748 2913 2914
f 2748 2914 2915
f 2748 2915 2916
f 2748 2916 2917
f 2748 2917 2918
f 2748 2918 2749
f 2748 2911 2919
f 2748 2919 2913
f 2749 2918 2920
f 2749 2920 2751
f 2751 2920 2921
f 2751 2921 2752
f 2752 2922 2753
f 2752 2921 2923
f 2752 2923 2924
f 2752 2924 2922
f 2753 2922 2754
f 2754 2922 2925
f 2754 2925 2755
f 2755 2925 2926
f 2756 2899 2927
f 2756 2927 2928
f 2756 2928 2757
f 2757 2928 2929
f 2758 2929 2930
f 2758 2930 2931
f 2758 2931 2932
f 2758 2932 2759
f 2759 2932 2933
f 2759 2933 2760
f 2760 2933 2932
f 2760 2932 2934
f 2760 2934 2935
f 2760 2935 2936
f 2760 2936 2761
f 2761 2936 2763
f 2763 2936 2764
f 2764 2936 2937
f 2764 2937 2938
f 2764 2938 2765
f 2765 2938 2939
f 2765 2939 2766
f 2766 2939 2940
f 2766 2940 2767
f 2767 2940 2900
f 2768 2941 2942
f 2768 2942 2943
f 2768 2943 2944
f 2768 2944 2945
f 2770 2868 2946
f 2770 2946 2771
f 2771 2946 2947
f 2771 2947 2948
f 2771 2948 2772
f 2772 2948 2949
f 2772 2949 2950
f 2772 2950 2773
f 2773 2950 2951
f 2773 2951 2952
f 2773 2952 2774
f 2774 2952 2953
f 2774 2953 2775
f 2775 2953 2780
f 2776 2954 2777
f 2776 2786 2954
f 2777 2954 2955
f 2777 2955 2779
f 2777 2779 2778
f 2779 2955 2792
f 2780 2953 2781
f 2781 2953 2956
f 2781 2956 2782
f 2782 2957 2958
f 2782 2958 2785
f 2782 2785 2959
f 2782 2959 2783
f 2782 2956 2960
f 2782 2960 2961
f 2782 2961 2957
f 2783 2959 2785
f 2784 2785 2962
f 2784 2962 2963
f 2784 2963 2788
f 2784 2788 2787
f 2785 2964 2965
f 2785 2965 2962
f 2785 2958 2966
f 2785 2966 2964
f 2786 2967 2954
f 2786 2788 2967
f 2788 2963 2968
f 2788 2968 2969
f 2788 2969 2970
f 2788 2970 2967
f 2789 2793 2971
f 2789 2971 2800
f 2789 2800 2790
f 2790 2800 2802
f 2792 2955 2793
f 2793 2972 2971
f 2793 2955 2972
f 2796 2799 2798
f 2796 2798 2973
f 2796 2973 2974
f 2796 2974 2975
f 2796 2975 2806
f 2798 2801 2800
f 2798 2800 2976
f 2798 2976 2977
f 2798 2977 2978
f 2798 2978 2979
f 2798 2979 2980
f 2798 2980 2981
f 2798 2981 2973
f 2800 2971 2982
f 2800 2982 2983
f 2800 2983 2976
f 2803 2810 2984
f 2803 2984 2871
f 2806 2975 2807
f 2807 2975 2985
f 2807 2985 2986
f 2807 2986 2808
f 2808 2986 2987
f 2808 2987 2988
f 2808 2988 2989
f 2808 2989 2809
f 2809 2989 2810
f 2810 2990 2991
f 2810 2991 2992
f 2810 2992 2984
f 2810 2989 2993
f 2810 2993 2990
f 2812 2994 2829
f 2812 2829 2828
f 2813 2818 2995
f 2813 2995 2996
f 2813 2996 2814
f 2814 2996 2997
f 2814 2997 2998
f 2814 2998 2819
f 2816 2999 2817
f 2816 2830 3000
f 2816 3000 3001
f 2816 3001 2999
f 2817 2999 2818
f 2818 3002 3003
f 2818 3003 3004
f 2818 3004 3005
f 2818 3005 2995
f 2818 2999 3006
f 2818 3006 3002
f 2819 2998 2820
f 2820 3007 3008
f 2820 3008 3009
f 2820 3009 3010
f 2820 3010 3011
f 2820 3011 3012
f 2820 3012 2821
f 2820 2998 3013
f 2820 3013 3007
f 2821 3012 3011
f 2821 3011 2822
f 2822 3011 3014
f 2822 3014 3015
f 2822 3015 2823
f 2823 3015 2824
f 2824 3015 3016
f 2824 3016 3017
f 2824 3017 3018
f 2824 3018 3019
f 2824 3019 2825
f 2825 3019 3020
f 2825 3020 2826
f 2826 3020 3021
f 2826 3021 2827
f 2827 3021 2832
f 2827 2832 2831
f 2829 2994 3022
f 2829 3022 3000
f 2829 3000 2830
f 2832 3021 3023
f 2832 3023 2833
f 2833 3024 2834
f 2833 3023 3025
f 2833 3025 3017
f 2833 3017 3026
f 2833 3026 3027
f 2833 3027 3199
f 2833 3199 3024
f 2834 3024 3028
f 2834 3028 2835
f 2835 3028 2839
f 2835 2839 2838
f 2836 2839 3029
f 2836 3029 2837
f 2837 3029 2840
f 2839 3028 3030
f 2839 3030 3029
f 2840 3029 3031
f 2840 3031 3032
f 2840 3032 2841
f 2841 3032 2842
f 2842 3032 3033
f 2842 3033 3034
f 2842 3034 2844
f 2844 3034 3035
f 2844 3035 3036
f 2844 3036 2845
f 2845 3036 2851
f 2846 2849 3037
f 2846 3037 2847
f 2847 3037 2850
f 2847 2850 2855
f 2847 2855 3038
f 2847 3038 3039
f 2847 3039 2848
f 2848 3040 3041
f 2848 3041 2856
f 2848 3039 3042
f 2848 3042 3040
f 2849 2850 3037
f 2851 3036 2852
f 2852 3036 3043
f 2852 3043 3044
f 2852 3044 2853
f 2853 3044 2854
f 2854 3044 3045
f 2854 3045 2855
f 2855 3045 3046
f 2855 3046 3038
f 2856 3047 3048
f 2856 3048 2857
f 2856 3041 3040
f 2856 3040 3047
f 2857 3048 3049
f 2857 3049 3050
f 2857 3050 3051
f 2857 3051 3052
f 2857 3052 3053
f 2857 3053 2858
f 2858 3053 3054
f 2858 3054 2859
f 2859 3054 2860
f 2860 3054 3055
f 2860 3055 3056
f 2860 3056 3057
f 2860 3057 3058
f 2860 3058 2862
f 2862 3058 2863
f 2863 3058 3059
f 2863 3059 3060
f 2863 3060 2864
f 2864 3060 2865
f 2865 3060 3061
f 2865 3061 2866
f 2866 3061 2867
f 2867 3061 3062
f 2868 3062 3138
f 2868 3138 2946
f 2869 2896 3063
f 2869 3063 2870
f 2870 3063 2897
f 2871 2984 2873
f 2873 2984 2992
f 2873 2992 2874
f 2874 2992 2875
f 2875 2991 2990
f 2875 2990 2876
f 2875 2992 2991
f 2876 2990 3064
f 2876 3064 2877
f 2877 3064 3065
f 2877 3065 3066
f 2877 3066 2878
f 2878 3066 3067
f 2878 3067 2879
f 2879 3067 3068
f 2879 3068 3069
f 2879 3069 2880
f 2880 3069 2883
f 2880 2883 2882
f 2880 2882 2881
f 2883 3070 2884
f 2883 3069 3071
f 2883 3071 3070
f 2884 3070 2885
f 2885 3070 3072
f 2885 3072 3073
f 2885 3073 2886
f 2886 2892 2887
f 2886 3073 3074
f 2886 3074 3075
f 2886 3075 3076
f 2886 3076 3077
f 2886 3077 3078
f 2886 3078 3079
f 2886 3079 3080
f 2886 3080 3081
f 2886 3081 3082
f 2886 3082 2891
f 2886 2891 2892
f 2887 2892 2888
f 2888 2892 2889
f 2889 2892 2890
f 2891 3081 2893
f 2891 3082 3081
f 2893 3081 2894
f 2894 3081 3083
f 2894 3083 2895
f 2895 3083 3084
f 2895 3084 3085
f 2895 3085 3086
f 2895 3086 2896
f 2896 3086 3063
f 2897 3063 3087
f 2897 3087 3088
f 2897 3088 2898
f 2898 3088 3089
f 2898 3089 2927
f 2898 2927 2899
f 2900 2940 3090
f 2900 3090 2901
f 2901 3090 3091
f 2901 3091 2905
f 2904 2906 2908
f 2904 2908 2907
f 2905 3092 3093
f 2905 3093 3094
f 2905 3094 3095
f 2905 3095 2906
f 2905 3091 3092
f 2906 3094 3096
f 2906 3096 3097
f 2906 3097 3098
f 2906 3098 2908
f 2906 3095 3094
f 2908 3098 3099
f 2908 3099 2909
f 2909 3097 2911
f 2909 2911 2910
f 2909 3099 3097
f 2911 3097 3100
f 2911 3100 2919
f 2913 3101 3102
f 2913 3102 3103
f 2913 3103 3104
f 2913 3104 2914
f 2913 2919 3105
f 2913 3105 3101
f 2914 3104 2915
f 2915 3104 3103
f 2915 3103 2916
f 2916 3106 3107
f 2916 3107 3108
f 2916 3108 3109
f 2916 3109 2921
f 2916 2921 2917
f 2916 3103 3106
f 2917 2921 2920
f 2917 2920 2918
f 2919 3100 3105
f 2921 3109 3110
f 2921 3110 2923
f 2922 2924 2925
f 2923 3110 3111
f 2923 3111 2924
f 2924 3111 3112
f 2924 3112 3113
f 2924 3113 3114
f 2924 3114 3115
f 2924 3115 3116
f 2924 3116 2925
f 2925 3116 3117
f 2925 3117 3118
f 2925 3118 3119
f 2925 3119 2926
f 2927 3089 2928
f 2928 3120 3121
f 2928 3121 3122
f 2928 3122 2929
f 2928 3089 3120
f 2929 3122 3123
f 2929 3123 2930
f 2930 3123 3309
f 2930 3309 3124
f 2930 3124 2931
f 2931 3124 3125
f 2931 3125 2934
f 2931 2934 2932
f 2934 3125 3126
f 2934 3126 3127
f 2934 3127 3128
f 2934 3128 2937
f 2934 2937 3129
f 2934 3129 2935
f 2935 3129 2937
f 2935 2937 2936
f 2937 3128 3130
f 2937 3130 3131
f 2937 3131 2938
f 2938 3131 2939
f 2939 3131 3132
f 2939 3132 3133
f 2939 3133 3134
f 2939 3134 3090
f 2939 3090 2940
f 2941 3135 2942
f 2942 3135 3136
f 2942 3136 3137
f 2946 3138 3139
f 2946 3139 2947
f 2947 3139 3140
f 2947 3140 2948
f 2948 3140 3142
f 2948 3142 2949
f 2949 3141 2951
f 2949 2951 2950
f 2949 3142 3323
f 2949 3323 3141
f 2951 3141 3143
f 2951 3143 3144
f 2951 3144 3145
f 2951 3145 2952
f 2952 3145 2953
f 2953 3145 2956
f 2954 2967 2968
f 2954 2968 3146
f 2954 3146 3147
f 2954 3147 3148
f 2954 3148 3149
f 2954 3149 3150
f 2954 3150 2955
f 2955 3150 3151
f 2955 3151 3152
f 2955 3152 2972
f 2956 3145 3153
f 2956 3153 2960
f 2957 2961 2966
f 2957 2966 2958
f 2960 3153 3144
f 2960 3144 3154
f 2960 3154 2961
f 2961 3155 2966
f 2961 3154 3156
f 2961 3156 3157
f 2961 3157 3155
f 2962 2965 3158
f 2962 3158 3159
f 2962 3159 3160
f 2962 3160 3161
f 2962 3161 3162
f 2962 3162 3163
f 2962 3163 2968
f 2962 2968 2963
f 2964 3164 3165
f 2964 3165 3158
f 2964 3158 2965
f 2964 2966 3164
f 2966 3155 3164
f 2967 2970 2968
f 2968 3163 3166
f 2968 3166 3148
f 2968 3148 3146
f 2968 2970 2969
f 2971 2972 3167
f 2971 3167 2982
f 2972 3152 3167
f 2973 2981 2974
f 2974 2981 3168
f 2974 3168 3169
f 2974 3169 3170
f 2974 3170 3171
f 2974 3171 2975
f 2975 3171 2985
f 2976 2983 2977
f 2977 2983 2978
f 2978 2983 3172
f 2978 3172 3173
f 2978 3173 3174
f 2978 3174 3175
f 2978 3175 3176
f 2978 3176 3177
f 2978 3177 3178
f 2978 3178 2980
f 2978 2980 2979
f 2980 3169 3168
f 2980 3168 2981
f 2980 3178 3169
f 2982 3167 3172
f 2982 3172 2983
f 2985 3171 2986
f 2986 3171 3179
f 2986 3179 2987
f 2987 3179 3180
f 2987 3180 3181
f 2987 3181 3064
f 2987 3064 2988
f 2988 3064 2989
f 2989 3064 2993
f 2990 2993 3064
f 2995 3005 2997
f 2995 2997 2996
f 2997 3005 3013
f 2997 3013 2998
f 2999 3001 3182
f 2999 3182 3006
f 3002 3183 3004
f 3002 3004 3003
f 3004 3183 3184
f 3004 3184 3185
f 3004 3185 3186
f 3004 3186 3005
f 3005 3186 3013
f 3007 3187 3008
f 3007 3013 3186
f 3007 3186 3187
f 3008 3187 3188
f 3008 3188 3189
f 3008 3189 3190
f 3008 3190 3191
f 3008 3191 3192
f 3008 3192 3009
f 3009 3011 3010
f 3009 3192 3193
f 3009 3193 3011
f 3011 3193 3014
f 3014 3194 3015
f 3014 3193 3195
f 3014 3195 3194
f 3015 3194 3016
f 3016 3194 3196
f 3016 3196 3017
f 3017 3196 3197
f 3017 3197 3198
f 3017 3198 3026
f 3017 3025 3018
f 3018 3025 3021
f 3018 3021 3019
f 3019 3021 3020
f 3021 3025 3023
f 3024 3199 3030
f 3024 3030 3028
f 3026 3198 3027
f 3027 3030 3199
f 3027 3198 3200
f 3027 3200 3201
f 3027 3201 3030
f 3029 3030 3203
f 3029 3203 3202
f 3029 3202 3031
f 3030 3201 3203
f 3031 3202 3204
f 3031 3204 3205
f 3031 3205 3206
f 3031 3206 3032
f 3032 3206 3033
f 3033 3206 3207
f 3033 3207 3035
f 3033 3035 3034
f 3035 3207 3208
f 3035 3208 3209
f 3035 3209 3036
f 3036 3209 3043
f 3038 3046 3210
f 3038 3210 3211
f 3038 3211 3039
f 3039 3211 3212
f 3039 3212 3213
f 3039 3213 3042
f 3040 3214 3215
f 3040 3215 3216
f 3040 3216 3047
f 3040 3042 3214
f 3042 3213 3217
f 3042 3217 3218
f 3042 3218 3219
f 3042 3219 3214
f 3043 3209 3220
f 3043 3220 3221
f 3043 3221 3044
f 3044 3222 3045
f 3044 3221 3223
f 3044 3223 3224
f 3044 3224 3222
f 3045 3222 3225
f 3045 3225 3046
f 3046 3226 3227
f 3046 3227 3210
f 3046 3225 3228
f 3046 3228 3229
f 3046 3229 3230
f 3046 3230 3231
f 3046 3231 3232
f 3046 3232 3233
f 3046 3233 3234
f 3046 3234 3235
f 3046 3235 3236
f 3046 3236 3226
f 3047 3216 3048
f 3048 3216 3049
f 3049 3216 3237
f 3049 3237 3050
f 3050 3238 3051
f 3050 3237 3239
f 3050 3239 3240
f 3050 3240 3238
f 3051 3238 3241
f 3051 3241 3242
f 3051 3242 3052
f 3052 3243 3244
f 3052 3244 3245
f 3052 3245 3246
f 3052 3246 3247
f 3052 3247 3248
f 3052 3248 3053
f 3052 3242 3243
f 3053 3248 3249
f 3053 3249 3250
f 3053 3250 3054
f 3054 3250 3251
f 3054 3251 3055
f 3055 3251 3252
f 3055 3252 3056
f 3056 3252 3253
f 3056 3253 3254
f 3056 3254 3057
f 3057 3254 3059
f 3057 3059 3058
f 3059 3254 3255
f 3059 3255 3256
f 3059 3256 3060
f 3060 3256 3061
f 3061 3256 3062
f 3062 3256 3138
f 3063 3086 3087
f 3064 3181 3065
f 3065 3181 3257
f 3065 3257 3066
f 3066 3258 3067
f 3066 3257 3259
f 3066 3259 3258
f 3067 3258 3068
f 3068 3071 3069
f 3068 3258 3071
f 3070 3071 3072
f 3071 3260 3072
f 3071 3258 3261
f 3071 3261 3260
f 3072 3260 3073
f 3073 3260 3074
f 3074 3260 3262
f 3074 3262 3075
f 3075 3262 3263
f 3075 3263 3264
f 3075 3264 3265
f 3075 3265 3076
f 3076 3265 3077
f 3077 3265 3266
f 3077 3266 3267
f 3077 3267 3268
f 3077 3268 3078
f 3078 3268 3269
f 3078 3269 3270
f 3078 3270 3079
f 3079 3270 3271
f 3079 3271 3272
f 3079 3272 3273
f 3079 3273 3080
f 3080 3273 3274
f 3080 3274 3275
f 3080 3275 3276
f 3080 3276 3081
f 3081 3276 3084
f 3081 3084 3083
f 3084 3276 3275
f 3084 3275 3274
f 3084 3274 3085
f 3085 3277 3087
f 3085 3087 3086
f 3085 3274 3278
f 3085 3278 3279
f 3085 3279 3277
f 3087 3277 3280
f 3087 3280 3088
f 3088 3280 3089
f 3089 3280 3120
f 3090 3134 3091
f 3091 3134 3281
f 3091 3281 3092
f 3092 3282 3283
f 3092 3283 3284
f 3092 3284 3093
f 3092 3281 3282
f 3093 3284 3094
f 3094 3285 3286
f 3094 3286 3287
f 3094 3287 3096
f 3094 3284 3285
f 3096 3287 3097
f 3097 3099 3098
f 3097 3287 3288
f 3097 3288 3105
f 3097 3105 3289
f 3097 3289 3100
f 3100 3289 3105
f 3101 3105 3290
f 3101 3290 3291
f 3101 3291 3102
f 3102 3291 3290
f 3102 3290 3292
f 3102 3292 3106
f 3102 3106 3103
f 3105 3288 3293
f 3105 3293 3290
f 3106 3292 3294
f 3106 3294 3295
f 3106 3295 3296
f 3106 3296 3107
f 3107 3296 3297
f 3107 3297 3108
f 3108 3297 3298
f 3108 3298 3299
f 3108 3299 3111
f 3108 3111 3109
f 3109 3111 3110
f 3111 3299 3300
f 3111 3300 3301
f 3111 3301 3302
f 3111 3302 3112
f 3112 3302 3113
f 3113 3302 3303
f 3113 3303 3304
f 3113 3304 3114
f 3114 3304 3118
f 3114 3118 3115
f 3115 3118 3117
f 3115 3117 3116
f 3118 3304 3305
f 3120 3280 3306
f 3120 3306 3307
f 3120 3307 3121
f 3121 3307 3308
f 3121 3308 3123
f 3121 3123 3122
f 3123 3308 3309
f 3124 3309 3126
f 3124 3126 3125
f 3126 3309 3310
f 3126 3310 3505
f 3126 3505 3311
f 3126 3311 3312
f 3126 3312 3127
f 3127 3312 3128
f 3128 3312 3313
f 3128 3313 3130
f 3130 3313 3314
f 3130 3314 3132
f 3130 3132 3131
f 3132 3314 3133
f 3133 3315 3316
f 3133 3316 3317
f 3133 3317 3282
f 3133 3282 3281
f 3133 3281 3134
f 3133 3314 3318
f 3133 3318 3315
f 3136 3319 3137
f 3137 3319 3320
f 3138 3256 3255
f 3138 3255 3139
f 3139 3255 3140
f 3140 3255 3321
f 3140 3321 3142
f 3141 3322 3143
f 3141 3323 3521
f 3141 3521 3322
f 3142 3321 3324
f 3142 3324 3325
f 3142 3325 3323
f 3143 3156 3144
f 3143 3322 3326
f 3143 3326 3156
f 3144 3156 3154
f 3144 3153 3145
f 3146 3148 3147
f 3148 3327 3328
f 3148 3328 3149
f 3148 3166 3163
f 3148 3163 3327
f 3149 3328 3329
f 3149 3329 3330
f 3149 3330 3151
f 3149 3151 3150
f 3151 3330 3152
f 3152 3330 3167
f 3155 3331 3165
f 3155 3165 3164
f 3155 3157 3332
f 3155 3332 3331
f 3156 3326 3333
f 3156 3333 3157
f 3157 3333 3334
f 3157 3334 3332
f 3158 3165 3159
f 3159 3165 3335
f 3159 3335 3160
f 3160 3336 3161
f 3160 3335 3337
f 3160 3337 3336
f 3161 3338 3339
f 3161 3339 3162
f 3161 3336 3338
f 3162 3339 3163
f 3163 3339 3340
f 3163 3340 3341
f 3163 3341 3342
f 3163 3342 3343
f 3163 3343 3344
f 3163 3344 3345
f 3163 3345 3346
f 3163 3346 3328
f 3163 3328 3327
f 3165 3331 3335
f 3167 3347 3172
f 3167 3330 3348
f 3167 3348 3347
f 3169 3178 3177
f 3169 3177 3349
f 3169 3349 3350
f 3169 3350 3351
f 3169 3351 3352
f 3169 3352 3353
f 3169 3353 3354
f 3169 3354 3181
f 3169 3181 3180
f 3169 3180 3170
f 3170 3180 3171
f 3171 3180 3179
f 3172 3347 3173
f 3173 3347 3355
f 3173 3355 3356
f 3173 3356 3174
f 3174 3356 3357
f 3174 3357 3358
f 3174 3358 3359
f 3174 3359 3176
f 3174 3176 3175
f 3176 3359 3360
f 3176 3360 3361
f 3176 3361 3362
f 3176 3362 3363
f 3176 3363 3177
f 3177 3363 3349
f 3181 3354 3364
f 3181 3364 3257
f 3184 3365 3185
f 3185 3366 3367
f 3185 3367 3368
f 3185 3368 3369
f 3185 3369 3186
f 3185 3365 3366
f 3186 3369 3368
f 3186 3368 3188
f 3186 3188 3187
f 3188 3370 3189
f 3188 3368 3370
f 3189 3370 3371
f 3189 3371 3372
f 3189 3372 3373
f 3189 3373 3191
f 3189 3191 3190
f 3191 3373 3374
f 3191 3374 3375
f 3191 3375 3192
f 3192 3375 3376
f 3192 3376 3193
f 3193 3376 3377
f 3193 3377 3378
f 3193 3378 3195
f 3194 3195 3379
f 3194 3379 3380
f 3194 3380 3196
f 3195 3378 3381
f 3195 3381 3382
f 3195 3382 3379
f 3196 3380 3197
f 3197 3380 3383
f 3197 3383 3198
f 3198 3383 3384
f 3198 3384 3385
f 3198 3385 3200
f 3200 3385 3201
f 3201 3385 3386
f 3201 3386 3204
f 3201 3204 3203
f 3202 3203 3204
f 3204 3386 3387
f 3204 3387 3388
f 3204 3388 3205
f 3205 3388 3389
f 3205 3389 3390
f 3205 3390 3206
f 3206 3390 3207
f 3207 3390 3391
f 3207 3391 3392
f 3207 3392 3393
f 3207 3393 3208
f 3208 3393 3394
f 3208 3394 3395
f 3208 3395 3209
f 3209 3395 3220
f 3210 3227 3396
f 3210 3396 3397
f 3210 3397 3211
f 3211 3397 3212
f 3212 3397 3398
f 3212 3398 3399
f 3212 3399 3400
f 3212 3400 3401
f 3212 3401 3213
f 3213 3401 3217
f 3214 3219 3215
f 3215 3239 3237
f 3215 3237 3216
f 3215 3219 3239
f 3217 3402 3403
f 3217 3403 3404
f 3217 3404 3218
f 3217 3401 3400
f 3217 3400 3405
f 3217 3405 3402
f 3218 3404 3406
f 3218 3406 3239
f 3218 3239 3219
f 3220 3395 3407
f 3220 3407 3221
f 3221 3408 3223
f 3221 3407 3409
f 3221 3409 3410
f 3221 3410 3408
f 3222 3224 3411
f 3222 3411 3412
f 3222 3412 3413
f 3222 3413 3228
f 3222 3228 3414
f 3222 3414 3225
f 3223 3408 3410
f 3223 3410 3415
f 3223 3415 3224
f 3224 3415 3416
f 3224 3416 3411
f 3225 3414 3228
f 3226 3417 3227
f 3226 3236 3417
f 3227 3417 3418
f 3227 3418 3396
f 3228 3413 3419
f 3228 3419 3229
f 3229 3419 3231
f 3229 3231 3230
f 3231 3419 3420
f 3231 3420 3421
f 3231 3421 3232
f 3232 3421 3234
f 3232 3234 3233
f 3234 3421 3422
f 3234 3422 3423
f 3234 3423 3424
f 3234 3424 3425
f 3234 3425 3235
f 3235 3425 3236
f 3236 3425 3426
f 3236 3426 3427
f 3236 3427 3428
f 3236 3428 3429
f 3236 3429 3430
f 3236 3430 3431
f 3236 3431 3418
f 3236 3418 3417
f 3238 3240 3241
f 3239 3406 3432
f 3239 3432 3240
f 3240 3433 3241
f 3240 3432 3434
f 3240 3434 3435
f 3240 3435 3433
f 3241 3436 3242
f 3241 3433 3437
f 3241 3437 3436
f 3242 3436 3244
f 3242 3244 3243
f 3244 3436 3438
f 3244 3438 3439
f 3244 3439 3440
f 3244 3440 3441
f 3244 3441 3246
f 3244 3246 3245
f 3246 3441 3442
f 3246 3442 3443
f 3246 3443 3247
f 3247 3444 3445
f 3247 3445 3446
f 3247 3446 3249
f 3247 3249 3248
f 3247 3443 3447
f 3247 3447 3444
f 3249 3446 3250
f 3250 3446 3251
f 3251 3446 3448
f 3251 3448 3252
f 3252 3448 3449
f 3252 3449 3253
f 3253 3449 3321
f 3253 3321 3255
f 3253 3255 3254
f 3257 3364 3353
f 3257 3353 3352
f 3257 3352 3450
f 3257 3450 3259
f 3258 3259 3450
f 3258 3450 3451
f 3258 3451 3261
f 3260 3261 3452
f 3260 3452 3262
f 3261 3451 3352
f 3261 3352 3453
f 3261 3453 3454
f 3261 3454 3264
f 3261 3264 3263
f 3261 3263 3455
f 3261 3455 3262
f 3261 3262 3452
f 3262 3455 3263
f 3264 3454 3456
f 3264 3456 3457
f 3264 3457 3265
f 3265 3457 3458
f 3265 3458 3266
f 3266 3458 3457
f 3266 3457 3459
f 3266 3459 3267
f 3267 3460 3461
f 3267 3461 3269
f 3267 3269 3268
f 3267 3459 3462
f 3267 3462 3460
f 3269 3461 3463
f 3269 3463 3270
f 3270 3463 3271
f 3271 3463 3464
f 3271 3464 3465
f 3271 3465 3272
f 3272 3465 3274
f 3272 3274 3273
f 3274 3466 3467
f 3274 3467 3278
f 3274 3465 3464
f 3274 3464 3468
f 3274 3468 3466
f 3277 3279 3280
f 3278 3467 3279
f 3279 3467 3466
f 3279 3466 3469
f 3279 3469 3307
f 3279 3307 3306
f 3279 3306 3280
f 3282 3317 3283
f 3283 3317 3316
f 3283 3316 3470
f 3283 3470 3471
f 3283 3471 3472
f 3283 3472 3284
f 3284 3472 3471
f 3284 3471 3285
f 3285 3471 3473
f 3285 3473 3286
f 3286 3473 3474
f 3286 3474 3287
f 3287 3474 3475
f 3287 3475 3288
f 3288 3475 3476
f 3288 3476 3477
f 3288 3477 3478
f 3288 3478 3293
f 3290 3293 3479
f 3290 3479 3480
f 3290 3480 3292
f 3292 3480 3294
f 3293 3478 3477
f 3293 3477 3479
f 3294 3481 3482
f 3294 3482 3483
f 3294 3483 3484
f 3294 3484 3295
f 3294 3480 3481
f 3295 3484 3485
f 3295 3485 3297
f 3295 3297 3296
f 3297 3485 3486
f 3297 3486 3299
f 3297 3299 3298
f 3299 3487 3300
f 3299 3486 3487
f 3300 3488 3489
f 3300 3489 3490
f 3300 3490 3491
f 3300 3491 3302
f 3300 3302 3301
f 3300 3487 3492
f 3300 3492 3493
f 3300 3493 3494
f 3300 3494 3495
f 3300 3495 3496
f 3300 3496 3488
f 3302 3497 3303
f 3302 3491 3498
f 3302 3498 3304
f 3302 3304 3497
f 3303 3497 3304
f 3304 3498 3499
f 3304 3499 3305
f 3305 3499 3500
f 3307 3469 3501
f 3307 3501 3308
f 3308 3501 3502
f 3308 3502 3503
f 3308 3503 3309
f 3309 3503 3310
f 3310 3504 3505
f 3310 3503 3504
f 3311 3505 3506
f 3311 3506 3507
f 3311 3507 3312
f 3312 3507 3313
f 3313 3507 3508
f 3313 3508 3314
f 3314 3508 3509
f 3314 3509 3318
f 3315 3318 3510
f 3315 3510 3511
f 3315 3511 3512
f 3315 3512 3513
f 3315 3513 3514
f 3315 3514 3316
f 3316 3514 3515
f 3316 3515 3516
f 3316 3516 3470
f 3318 3509 3510
f 3319 3517 3518
f 3319 3518 3519
f 3319 3519 3520
f 3319 3520 3320
f 3321 3449 3324
f 3322 3521 3526
f 3322 3526 3326
f 3323 3325 3522
f 3323 3522 3521
f 3324 3449 3325
f 3325 3449 3523
f 3325 3523 3524
f 3325 3524 3525
f 3325 3525 3522
f 3326 3526 3534
f 3326 3534 3333
f 3328 3527 3329
f 3328 3346 3528
f 3328 3528 3529
f 3328 3529 3527
f 3329 3527 3530
f 3329 3530 3531
f 3329 3531 3348
f 3329 3348 3330
f 3331 3332 3532
f 3331 3532 3533
f 3331 3533 3335
f 3332 3334 3532
f 3333 3534 3536
f 3333 3536 3334
f 3334 3535 3532
f 3334 3536 3728
f 3334 3728 3535
f 3335 3533 3537
f 3335 3537 3337
f 3336 3538 3338
f 3336 3337 3539
f 3336 3539 3540
f 3336 3540 3538
f 3337 3537 3539
f 3338 3538 3541
f 3338 3541 3339
f 3339 3541 3340
f 3340 3542 3341
f 3340 3541 3542
f 3341 3542 3342
f 3342 3543 3544
f 3342 3544 3545
f 3342 3545 3546
f 3342 3546 3343
f 3342 3542 3543
f 3343 3546 3344
f 3344 3546 3345
f 3345 3547 3529
f 3345 3529 3528
f 3345 3528 3346
f 3345 3546 3545
f 3345 3545 3547
f 3347 3348 3531
f 3347 3531 3355
f 3349 3363 3351
f 3349 3351 3350
f 3351 3548 3549
f 3351 3549 3352
f 3351 3363 3548
f 3352 3550 3551
f 3352 3551 3453
f 3352 3451 3450
f 3352 3549 3552
f 3352 3552 3550
f 3353 3364 3354
f 3355 3531 3356
f 3356 3531 3530
f 3356 3530 3553
f 3356 3553 3357
f 3357 3554 3358
f 3357 3553 3555
f 3357 3555 3556
f 3357 3556 3554
f 3358 3554 3359
f 3359 3554 3360
f 3360 3557 3361
f 3360 3554 3556
f 3360 3556 3557
f 3361 3557 3556
f 3361 3556 3558
f 3361 3558 3559
f 3361 3559 3560
f 3361 3560 3561
f 3361 3561 3362
f 3362 3561 3363
f 3363 3562 3563
f 3363 3563 3548
f 3363 3561 3562
f 3366 3564 3565
f 3366 3565 3367
f 3367 3565 3368
f 3368 3565 3566
f 3368 3566 3370
f 3370 3566 3371
f 3371 3567 3568
f 3371 3568 3569
f 3371 3569 3570
f 3371 3570 3571
f 3371 3571 3372
f 3371 3566 3565
f 3371 3565 3572
f 3371 3572 3573
f 3371 3573 3567
f 3372 3571 3570
f 3372 3570 3574
f 3372 3574 3373
f 3373 3574 3374
f 3374 3570 3575
f 3374 3575 3576
f 3374 3576 3577
f 3374 3577 3578
f 3374 3578 3375
f 3374 3574 3570
f 3375 3578 3376
f 3376 3578 3579
f 3376 3579 3377
f 3377 3579 3580
f 3377 3580 3378
f 3378 3580 3581
f 3378 3581 3381
f 3379 3382 3582
f 3379 3582 3380
f 3380 3582 3583
f 3380 3583 3584
f 3380 3584 3383
f 3381 3581 3585
f 3381 3585 3586
f 3381 3586 3582
f 3381 3582 3382
f 3383 3584 3587
f 3383 3587 3384
f 3384 3587 3588
f 3384 3588 3385
f 3385 3588 3589
f 3385 3589 3386
f 3386 3589 3387
f 3387 3589 3590
f 3387 3590 3591
f 3387 3591 3388
f 3388 3591 3391
f 3388 3391 3389
f 3389 3391 3390
f 3391 3591 3785
f 3391 3785 3592
f 3391 3592 3593
f 3391 3593 3392
f 3392 3593 3594
f 3392 3594 3393
f 3393 3594 3595
f 3393 3595 3394
f 3394 3595 3407
f 3394 3407 3395
f 3396 3418 3397
f 3397 3596 3398
f 3397 3418 3597
f 3397 3597 3596
f 3398 3596 3399
f 3399 3598 3599
f 3399 3599 3600
f 3399 3600 3400
f 3399 3596 3598
f 3400 3600 3601
f 3400 3601 3405
f 3402 3405 3602
f 3402 3602 3603
f 3402 3603 3604
f 3402 3604 3404
f 3402 3404 3403
f 3404 3605 3606
f 3404 3606 3406
f 3404 3604 3605
f 3405 3601 3602
f 3406 3606 3434
f 3406 3434 3432
f 3407 3595 3594
f 3407 3594 3607
f 3407 3607 3608
f 3407 3608 3409
f 3409 3608 3609
f 3409 3609 3410
f 3410 3609 3610
f 3410 3610 3415
f 3411 3416 3611
f 3411 3611 3612
f 3411 3612 3412
f 3412 3612 3413
f 3413 3612 3613
f 3413 3613 3419
f 3415 3610 3614
f 3415 3614 3416
f 3416 3614 3615
f 3416 3615 3616
f 3416 3616 3611
f 3418 3431 3430
f 3418 3430 3597
f 3419 3613 3617
f 3419 3617 3618
f 3419 3618 3619
f 3419 3619 3421
f 3419 3421 3420
f 3421 3619 3423
f 3421 3423 3422
f 3423 3620 3621
f 3423 3621 3424
f 3423 3619 3622
f 3423 3622 3623
f 3423 3623 3624
f 3423 3624 3625
f 3423 3625 3620
f 3424 3621 3626
f 3424 3626 3425
f 3425 3626 3426
f 3426 3626 3627
f 3426 3627 3427
f 3427 3627 3628
f 3427 3628 3629
f 3427 3629 3630
f 3427 3630 3429
f 3427 3429 3428
f 3429 3631 3632
f 3429 3632 3430
f 3429 3630 3633
f 3429 3633 3631
f 3430 3632 3634
f 3430 3634 3635
f 3430 3635 3636
f 3430 3636 3596
f 3430 3596 3597
f 3433 3435 3437
f 3434 3606 3435
f 3435 3606 3605
f 3435 3605 3637
f 3435 3637 3638
f 3435 3638 3437
f 3436 3437 3639
f 3436 3639 3438
f 3437 3638 3639
f 3438 3639 3640
f 3438 3640 3439
f 3439 3640 3641
f 3439 3641 3642
f 3439 3642 3643
f 3439 3643 3644
f 3439 3644 3441
f 3439 3441 3440
f 3441 3644 3645
f 3441 3645 3442
f 3442 3646 3447
f 3442 3447 3647
f 3442 3647 3443
f 3442 3645 3648
f 3442 3648 3649
f 3442 3649 3650
f 3442 3650 3646
f 3443 3647 3447
f 3444 3447 3651
f 3444 3651 3652
f 3444 3652 3445
f 3445 3652 3446
f 3446 3652 3448
f 3447 3653 3654
f 3447 3654 3651
f 3447 3646 3655
f 3447 3655 3653
f 3448 3652 3523
f 3448 3523 3449
f 3453 3551 3550
f 3453 3550 3656
f 3453 3656 3454
f 3454 3656 3657
f 3454 3657 3456
f 3456 3657 3457
f 3457 3658 3459
f 3457 3657 3659
f 3457 3659 3660
f 3457 3660 3661
f 3457 3661 3658
f 3459 3658 3662
f 3459 3662 3462
f 3460 3663 3664
f 3460 3664 3665
f 3460 3665 3463
f 3460 3463 3461
f 3460 3462 3666
f 3460 3666 3663
f 3462 3662 3666
f 3463 3667 3468
f 3463 3468 3464
f 3463 3665 3667
f 3466 3668 3469
f 3466 3468 3668
f 3468 3667 3668
f 3469 3668 3669
f 3469 3669 3501
f 3470 3516 3670
f 3470 3670 3471
f 3471 3670 3671
f 3471 3671 3474
f 3471 3474 3473
f 3474 3671 3672
f 3474 3672 3673
f 3474 3673 3674
f 3474 3674 3675
f 3474 3675 3475
f 3475 3675 3477
f 3475 3477 3476
f 3477 3675 3674
f 3477 3674 3479
f 3479 3674 3480
f 3480 3676 3677
f 3480 3677 3678
f 3480 3678 3481
f 3480 3674 3676
f 3481 3678 3482
f 3482 3678 3483
f 3483 3678 3679
f 3483 3679 3680
f 3483 3680 3681
f 3483 3681 3682
f 3483 3682 3484
f 3484 3683 3492
f 3484 3492 3487
f 3484 3487 3486
f 3484 3486 3485
f 3484 3682 3683
f 3488 3496 3684
f 3488 3684 3685
f 3488 3685 3686
f 3488 3686 3489
f 3489 3687 3688
f 3489 3688 3689
f 3489 3689 3499
f 3489 3499 3690
f 3489 3690 3490
f 3489 3686 3691
f 3489 3691 3692
f 3489 3692 3693
f 3489 3693 3694
f 3489 3694 3695
f 3489 3695 3696
f 3489 3696 3697
f 3489 3697 3687
f 3490 3690 3491
f 3491 3690 3498
f 3492 3698 3493
f 3492 3683 3698
f 3493 3698 3699
f 3493 3699 3700
f 3493 3700 3495
f 3493 3495 3494
f 3495 3700 3496
f 3496 3700 3701
f 3496 3701 3684
f 3498 3690 3499
f 3499 3689 3687
f 3499 3687 3702
f 3499 3702 3500
f 3501 3669 3502
f 3502 3669 3867
f 3502 3867 3703
f 3502 3703 3704
f 3502 3704 3504
f 3502 3504 3503
f 3504 3704 3505
f 3505 3704 3705
f 3505 3705 3706
f 3505 3706 3506
f 3506 3706 3707
f 3506 3707 3708
f 3506 3708 3508
f 3506 3508 3507
f 3508 3708 3509
f 3509 3708 3510
f 3510 3709 3511
f 3510 3708 3709
f 3511 3709 3512
f 3512 3710 3711
f 3512 3711 3513
f 3512 3709 3710
f 3513 3711 3514
f 3514 3711 3712
f 3514 3712 3713
f 3514 3713 3515
f 3515 3713 3516
f 3516 3714 3715
f 3516 3715 3716
f 3516 3716 3672
f 3516 3672 3671
f 3516 3671 3670
f 3516 3713 3714
f 3517 3717 3518
f 3518 3718 3719
f 3518 3717 3718
f 3521 3522 3526
f 3522 3525 3720
f 3522 3720 3526
f 3523 3652 3524
f 3524 3652 3651
f 3524 3651 3721
f 3524 3721 3525
f 3525 3721 3654
f 3525 3654 3722
f 3525 3722 3720
f 3526 3720 3534
f 3527 3529 3553
f 3527 3553 3530
f 3529 3547 3723
f 3529 3723 3724
f 3529 3724 3725
f 3529 3725 3556
f 3529 3556 3553
f 3532 3535 3726
f 3532 3726 3533
f 3533 3726 3537
f 3534 3720 3727
f 3534 3727 3536
f 3535 3728 3919
f 3535 3919 3726
f 3536 3727 3729
f 3536 3729 3730
f 3536 3730 3728
f 3537 3731 3540
f 3537 3540 3539
f 3537 3726 3732
f 3537 3732 3733
f 3537 3733 3731
f 3538 3540 3734
f 3538 3734 3541
f 3540 3731 3735
f 3540 3735 3734
f 3541 3736 3542
f 3541 3734 3736
f 3542 3737 3738
f 3542 3738 3543
f 3542 3736 3737
f 3543 3739 3544
f 3543 3738 3739
f 3544 3740 3741
f 3544 3741 3742
f 3544 3742 3743
f 3544 3743 3744
f 3544 3744 3545
f 3544 3739 3745
f 3544 3745 3740
f 3545 3744 3547
f 3547 3744 3723
f 3548 3563 3552
f 3548 3552 3549
f 3550 3746 3656
f 3550 3552 3747
f 3550 3747 3746
f 3552 3563 3748
f 3552 3748 3749
f 3552 3749 3747
f 3553 3556 3555
f 3556 3750 3751
f 3556 3751 3752
f 3556 3752 3558
f 3556 3725 3724
f 3556 3724 3742
f 3556 3742 3753
f 3556 3753 3750
f 3558 3752 3559
f 3559 3752 3560
f 3560 3754 3748
f 3560 3748 3561
f 3560 3752 3755
f 3560 3755 3756
f 3560 3756 3757
f 3560 3757 3754
f 3561 3748 3563
f 3561 3563 3562
f 3564 3758 3759
f 3564 3759 3565
f 3565 3759 3572
f 3567 3573 3760
f 3567 3760 3761
f 3567 3761 3762
f 3567 3762 3763
f 3567 3763 3568
f 3568 3763 3569
f 3569 3764 3765
f 3569 3765 3570
f 3569 3763 3764
f 3570 3765 3575
f 3572 3759 3758
f 3575 3765 3766
f 3575 3766 3767
f 3575 3767 3576
f 3576 3767 3577
f 3577 3767 3768
f 3577 3768 3578
f 3578 3768 3769
f 3578 3769 3579
f 3579 3769 3770
f 3579 3770 3771
f 3579 3771 3580
f 3580 3771 3581
f 3581 3771 3772
f 3581 3772 3773
f 3581 3773 3585
f 3582 3586 3583
f 3583 3586 3584
f 3584 3586 3774
f 3584 3774 3587
f 3585 3773 3586
f 3586 3773 3775
f 3586 3775 3776
f 3586 3776 3777
f 3586 3777 3778
f 3586 3778 3774
f 3587 3774 3779
f 3587 3779 3780
f 3587 3780 3588
f 3588 3780 3781
f 3588 3781 3782
f 3588 3782 3589
f 3589 3782 3783
f 3589 3783 3590
f 3590 3783 3784
f 3590 3784 3785
f 3590 3785 3591
f 3592 3785 3786
f 3592 3786 3787
f 3592 3787 3593
f 3593 3787 3594
f 3594 3787 3788
f 3594 3788 3607
f 3596 3636 3598
f 3598 3600 3599
f 3598 3636 3789
f 3598 3789 3600
f 3600 3790 3601
f 3600 3789 3791
f 3600 3791 3790
f 3601 3792 3793
f 3601 3793 3602
f 3601 3790 3792
f 3602 3793 3603
f 3603 3605 3604
f 3603 3793 3794
f 3603 3794 3605
f 3605 3794 3795
f 3605 3795 3796
f 3605 3796 3797
f 3605 3797 3798
f 3605 3798 3637
f 3607 3788 3799
f 3607 3799 3608
f 3608 3799 3800
f 3608 3800 3801
f 3608 3801 3609
f 3609 3801 3610
f 3610 3801 3802
f 3610 3802 3614
f 3611 3616 3612
f 3612 3616 3615
f 3612 3615 3803
f 3612 3803 3613
f 3613 3803 3804
f 3613 3804 3617
f 3614 3802 3805
f 3614 3805 3615
f 3615 3806 3803
f 3615 3805 3807
f 3615 3807 3808
f 3615 3808 3809
f 3615 3809 3810
f 3615 3810 3811
f 3615 3811 3806
f 3617 3804 3812
f 3617 3812 3618
f 3618 3622 3619
f 3618 3812 3622
f 3620 3625 3621
f 3621 3625 3813
f 3621 3813 3814
f 3621 3814 3815
f 3621 3815 3816
f 3621 3816 3627
f 3621 3627 3626
f 3622 3812 3817
f 3622 3817 3818
f 3622 3818 3819
f 3622 3819 3623
f 3623 3819 3624
f 3624 3819 3820
f 3624 3820 3821
f 3624 3821 3822
f 3624 3822 3625
f 3625 3822 3813
f 3627 3816 3823
f 3627 3823 3628
f 3628 3824 3825
f 3628 3825 3826
f 3628 3826 3629
f 3628 3823 3827
f 3628 3827 3824
f 3629 3826 3630
f 3630 3826 3825
f 3630 3825 3827
f 3630 3827 3633
f 3631 3633 3828
f 3631 3828 3829
f 3631 3829 3830
f 3631 3830 3831
f 3631 3831 3635
f 3631 3635 3632
f 3632 3635 3634
f 3633 3827 3832
f 3633 3832 3833
f 3633 3833 3834
f 3633 3834 3829
f 3633 3829 3828
f 3635 3831 3835
f 3635 3835 3836
f 3635 3836 3791
f 3635 3791 3789
f 3635 3789 3636
f 3637 3798 3638
f 3638 3837 3838
f 3638 3838 3639
f 3638 3798 3839
f 3638 3839 3840
f 3638 3840 3837
f 3639 3838 3841
f 3639 3841 3842
f 3639 3842 3843
f 3639 3843 3844
f 3639 3844 3643
f 3639 3643 3640
f 3640 3643 3641
f 3641 3643 3642
f 3643 3844 3842
f 3643 3842 3845
f 3643 3845 3846
f 3643 3846 3645
f 3643 3645 3644
f 3645 3846 3847
f 3645 3847 3848
f 3645 3848 3849
f 3645 3849 3850
f 3645 3850 3851
f 3645 3851 3648
f 3646 3650 3655
f 3648 3851 3649
f 3649 3852 3853
f 3649 3853 3650
f 3649 3851 3852
f 3650 3854 3653
f 3650 3653 3655
f 3650 3853 3854
f 3651 3654 3721
f 3653 3854 3727
f 3653 3727 3720
f 3653 3720 3722
f 3653 3722 3654
f 3656 3746 3855
f 3656 3855 3659
f 3656 3659 3657
f 3658 3856 3662
f 3658 3661 3857
f 3658 3857 3856
f 3659 3855 3858
f 3659 3858 3660
f 3660 3859 3661
f 3660 3858 3860
f 3660 3860 3859
f 3661 3859 3861
f 3661 3861 3857
f 3662 3856 3666
f 3663 3666 3862
f 3663 3862 3863
f 3663 3863 3864
f 3663 3864 3667
f 3663 3667 3664
f 3664 3667 3665
f 3666 3856 3857
f 3666 3857 3861
f 3666 3861 3865
f 3666 3865 3866
f 3666 3866 3862
f 3667 3867 3669
f 3667 3669 3868
f 3667 3868 3668
f 3667 3864 3869
f 3667 3869 3867
f 3668 3868 3669
f 3672 3716 3870
f 3672 3870 3871
f 3672 3871 3872
f 3672 3872 3873
f 3672 3873 3673
f 3673 3873 3874
f 3673 3874 3674
f 3674 3874 3875
f 3674 3875 3876
f 3674 3876 3676
f 3676 3876 3677
f 3677 3876 3877
f 3677 3877 3678
f 3678 3877 3679
f 3679 3878 3680
f 3679 3877 3878
f 3680 3878 3879
f 3680 3879 3681
f 3681 3880 3881
f 3681 3881 3698
f 3681 3698 3683
f 3681 3683 3682
f 3681 3879 3880
f 3684 3701 3686
f 3684 3686 3882
f 3684 3882 3685
f 3685 3882 3686
f 3686 3701 3883
f 3686 3883 3691
f 3687 3884 3688
f 3687 3689 3884
f 3688 3884 3689
f 3691 3883 3885
f 3691 3885 3886
f 3691 3886 3887
f 3691 3887 3888
f 3691 3888 3692
f 3692 3888 3889
f 3692 3889 3890
f 3692 3890 3891
f 3692 3891 3693
f 3693 3891 3892
f 3693 3892 3893
f 3693 3893 3694
f 3694 3893 3894
f 3694 3894 3695
f 3695 3894 3696
f 3696 3894 3895
f 3696 3895 3896
f 3696 3896 3897
f 3698 3881 3898
f 3698 3898 3899
f 3698 3899 3900
f 3698 3900 3699
f 3699 3900 3901
f 3699 3901 3701
f 3699 3701 3700
f 3701 3901 3902
f 3701 3902 3903
f 3701 3903 3883
f 3703 3705 3704
f 3703 3867 3904
f 3703 3904 3905
f 3703 3905 3705
f 3705 3905 3906
f 3705 3906 3706
f 3706 3906 3907
f 3706 3907 3707
f 3707 3907 3908
f 3707 3908 3909
f 3707 3909 3709
f 3707 3709 3708
f 3709 3909 3710
f 3710 3909 3711
f 3711 3909 3910
f 3711 3910 3712
f 3712 3910 3911
f 3712 3911 3912
f 3712 3912 3913
f 3712 3913 3914
f 3712 3914 3715
f 3712 3715 3915
f 3712 3915 3713
f 3713 3915 3714
f 3714 3915 3715
f 3715 3914 3916
f 3715 3916 3870
f 3715 3870 3716
f 3718 3917 3918
f 3718 3918 3719
f 3723 3744 3743
f 3723 3743 3724
f 3724 3743 3742
f 3726 3919 3923
f 3726 3923 3732
f 3727 3854 3729
f 3728 3730 3919
f 3729 3854 3920
f 3729 3920 3730
f 3730 3921 3919
f 3730 3920 3921
f 3731 3733 3922
f 3731 3922 3735
f 3732 3923 3924
f 3732 3924 3733
f 3733 3924 4099
f 3733 4099 3922
f 3734 3925 3736
f 3734 3735 3925
f 3735 3926 3925
f 3735 3922 3926
f 3736 3925 3927
f 3736 3927 3737
f 3737 3928 3739
f 3737 3739 3738
f 3737 3927 3928
f 3739 3928 3929
f 3739 3929 3745
f 3740 3930 3931
f 3740 3931 3932
f 3740 3932 3741
f 3740 3745 3933
f 3740 3933 3934
f 3740 3934 3930
f 3741 3932 3931
f 3741 3931 3935
f 3741 3935 3742
f 3742 3935 3936
f 3742 3936 3753
f 3745 3929 3937
f 3745 3937 3933
f 3746 3747 3938
f 3746 3938 3855
f 3747 3749 3939
f 3747 3939 3940
f 3747 3940 3938
f 3748 3941 3942
f 3748 3942 3749
f 3748 3754 3941
f 3749 3942 3939
f 3750 3943 3944
f 3750 3944 3945
f 3750 3945 3757
f 3750 3757 3756
f 3750 3756 3755
f 3750 3755 3752
f 3750 3752 3751
f 3750 3753 3946
f 3750 3946 3947
f 3750 3947 3943
f 3753 3936 3946
f 3754 3757 3948
f 3754 3948 3941
f 3757 3945 3949
f 3757 3949 3948
f 3761 3950 3762
f 3762 3950 3951
f 3762 3951 3763
f 3763 3951 3764
f 3764 3952 3953
f 3764 3953 3765
f 3764 3951 3952
f 3765 3953 3954
f 3765 3954 3766
f 3766 3954 3767
f 3767 3954 3955
f 3767 3955 3956
f 3767 3956 3957
f 3767 3957 3958
f 3767 3958 3959
f 3767 3959 3768
f 3768 3959 3960
f 3768 3960 3769
f 3769 3960 3961
f 3769 3961 3770
f 3770 3961 3962
f 3770 3962 3771
f 3771 3962 3963
f 3771 3963 3772
f 3772 3963 3964
f 3772 3964 3773
f 3773 3964 3776
f 3773 3776 3775
f 3774 3778 3965
f 3774 3965 3779
f 3776 3966 3967
f 3776 3967 3777
f 3776 3964 3966
f 3777 3968 3965
f 3777 3965 3778
f 3777 3967 3969
f 3777 3969 3968
f 3779 3965 3970
f 3779 3970 3780
f 3780 3970 3781
f 3781 3970 3782
f 3782 3970 3971
f 3782 3971 3784
f 3782 3784 3783
f 3784 3971 3972
f 3784 3972 3973
f 3784 3973 3974
f 3784 3974 3785
f 3785 3974 3786
f 3786 3974 3975
f 3786 3975 3976
f 3786 3976 3787
f 3787 3976 3977
f 3787 3977 3978
f 3787 3978 3788
f 3788 3978 3799
f 3790 3791 3836
f 3790 3836 3792
f 3792 3836 3979
f 3792 3979 3980
f 3792 3980 3793
f 3793 3980 3794
f 3794 3980 3795
f 3795 3981 3982
f 3795 3982 3796
f 3795 3980 3983
f 3795 3983 3981
f 3796 3984 3797
f 3796 3982 3984
f 3797 3984 3985
f 3797 3985 3798
f 3798 3985 3839
f 3799 3978 3986
f 3799 3986 3987
f 3799 3987 3800
f 3800 3987 3988
f 3800 3988 3801
f 3801 3988 3989
f 3801 3989 3802
f 3802 3989 3807
f 3802 3807 3805
f 3803 3806 3804
f 3804 3806 3990
f 3804 3990 3817
f 3804 3817 3812
f 3806 3811 3991
f 3806 3991 3992
f 3806 3992 3818
f 3806 3818 3990
f 3807 3989 3993
f 3807 3993 3994
f 3807 3994 3995
f 3807 3995 3810
f 3807 3810 3808
f 3808 3810 3809
f 3810 3996 3811
f 3810 3995 3997
f 3810 3997 3998
f 3810 3998 3999
f 3810 3999 3996
f 3811 3996 3991
f 3813 3822 3814
f 3814 3822 4000
f 3814 4000 4001
f 3814 4001 4002
f 3814 4002 3815
f 3815 4003 3816
f 3815 4002 4003
f 3816 4003 4004
f 3816 4004 3823
f 3817 3990 3818
f 3818 3820 3819
f 3818 3992 4005
f 3818 4005 4006
f 3818 4006 4007
f 3818 4007 4008
f 3818 4008 3820
f 3820 4008 4009
f 3820 4009 3822
f 3820 3822 3821
f 3822 4009 4000
f 3823 4004 3827
f 3824 3827 3825
f 3827 4004 4010
f 3827 4010 4011
f 3827 4011 4012
f 3827 4012 3832
f 3829 3834 3830
f 3830 3834 4013
f 3830 4013 3835
f 3830 3835 3831
f 3832 4012 3833
f 3833 4012 4014
f 3833 4014 3834
f 3834 4015 4016
f 3834 4016 4017
f 3834 4017 4018
f 3834 4018 4019
f 3834 4019 4013
f 3834 4014 4020
f 3834 4020 4015
f 3835 4013 4021
f 3835 4021 4022
f 3835 4022 4023
f 3835 4023 4024
f 3835 4024 3983
f 3835 3983 4025
f 3835 4025 3836
f 3836 4025 3979
f 3837 4026 3841
f 3837 3841 3838
f 3837 3840 4026
f 3839 3985 4027
f 3839 4027 3840
f 3840 4027 4026
f 3841 4028 3842
f 3841 4026 4029
f 3841 4029 4028
f 3842 4028 4030
f 3842 4030 3846
f 3842 3846 3845
f 3842 3844 3843
f 3846 4031 4032
f 3846 4032 4033
f 3846 4033 4034
f 3846 4034 4035
f 3846 4035 3847
f 3846 4030 4028
f 3846 4028 4036
f 3846 4036 4037
f 3846 4037 4038
f 3846 4038 4031
f 3847 4035 3848
f 3848 4039 4040
f 3848 4040 3849
f 3848 4035 4039
f 3849 4040 4041
f 3849 4041 4042
f 3849 4042 3850
f 3850 4042 3852
f 3850 3852 3851
f 3852 4042 3920
f 3852 3920 3854
f 3852 3854 3853
f 3855 3938 3858
f 3858 3938 3941
f 3858 3941 4043
f 3858 4043 4044
f 3858 4044 3860
f 3859 3860 4044
f 3859 4044 4045
f 3859 4045 3861
f 3861 4046 4047
f 3861 4047 3865
f 3861 4045 4048
f 3861 4048 4046
f 3862 4049 3863
f 3862 3866 4050
f 3862 4050 4049
f 3863 4049 4051
f 3863 4051 3869
f 3863 3869 3864
f 3865 4047 3866
f 3866 4047 4052
f 3866 4052 4053
f 3866 4053 4050
f 3867 3869 4054
f 3867 4054 3904
f 3869 4051 3904
f 3869 3904 4054
f 3870 3916 3871
f 3871 4055 4056
f 3871 4056 3873
f 3871 3873 3872
f 3871 3916 4055
f 3873 4057 4058
f 3873 4058 4059
f 3873 4059 3874
f 3873 4056 4057
f 3874 4059 3875
f 3875 4060 4061
f 3875 4061 3877
f 3875 3877 3876
f 3875 4059 4060
f 3877 4061 4062
f 3877 4062 4063
f 3877 4063 4064
f 3877 4064 3879
f 3877 3879 3878
f 3879 4064 4063
f 3879 4063 4065
f 3879 4065 3880
f 3880 4065 4066
f 3880 4066 4067
f 3880 4067 3881
f 3881 4067 4068
f 3881 4068 3898
f 3883 3903 3885
f 3885 3903 3886
f 3886 3903 4069
f 3886 4069 4253
f 3886 4253 4070
f 3886 4070 4072
f 3886 4072 3887
f 3887 4071 3888
f 3887 4072 4257
f 3887 4257 4071
f 3888 4071 4073
f 3888 4073 3889
f 3889 4073 3890
f 3890 4073 4259
f 3890 4259 4074
f 3890 4074 4075
f 3890 4075 3896
f 3890 3896 3892
f 3890 3892 3891
f 3892 3894 3893
f 3892 3896 3894
f 3894 3896 3895
f 3896 4075 4076
f 3896 4076 3897
f 3898 4068 4077
f 3898 4077 3899
f 3899 4077 3900
f 3900 4077 4078
f 3900 4078 4079
f 3900 4079 3901
f 3901 4079 3902
f 3902 4079 4080
f 3902 4080 4081
f 3902 4081 4082
f 3902 4082 4083
f 3902 4083 3903
f 3903 4083 4084
f 3903 4084 4069
f 3904 4051 4049
f 3904 4049 4085
f 3904 4085 4086
f 3904 4086 3905
f 3905 4086 3906
f 3906 4086 3907
f 3907 4085 3908
f 3907 4086 4085
f 3908 4085 4087
f 3908 4087 4088
f 3908 4088 3909
f 3909 4088 4089
f 3909 4089 3910
f 3910 4089 4090
f 3910 4090 3911
f 3911 4090 4091
f 3911 4091 3912
f 3912 3914 3913
f 3912 4091 4092
f 3912 4092 4093
f 3912 4093 3914
f 3914 4093 3916
f 3916 4093 4055
f 3917 4094 3918
f 3918 4094 4095
f 3919 3921 4096
f 3919 4096 3923
f 3920 4042 3921
f 3921 4042 4096
f 3922 4097 4098
f 3922 4098 3926
f 3922 4099 4282
f 3922 4282 4097
f 3923 4096 3924
f 3924 4096 4100
f 3924 4100 4099
f 3925 4101 3927
f 3925 3926 4101
f 3926 4098 4283
f 3926 4283 4102
f 3926 4102 4101
f 3927 4101 4103
f 3927 4103 4104
f 3927 4104 3928
f 3928 4104 4105
f 3928 4105 3929
f 3929 4105 3937
f 3930 3934 4106
f 3930 4106 4107
f 3930 4107 4108
f 3930 4108 3931
f 3931 4108 3935
f 3933 3937 4109
f 3933 4109 4110
f 3933 4110 3934
f 3934 4110 4111
f 3934 4111 4112
f 3934 4112 4113
f 3934 4113 4106
f 3935 4108 3936
f 3936 4108 3947
f 3936 3947 3946
f 3937 4114 4111
f 3937 4111 4109
f 3937 4105 4115
f 3937 4115 4114
f 3938 3940 4116
f 3938 4116 3941
f 3939 3942 3940
f 3940 3942 4116
f 3941 4116 3942
f 3941 3948 3949
f 3941 3949 4117
f 3941 4117 4043
f 3943 3947 4118
f 3943 4118 3944
f 3944 4119 3945
f 3944 4118 4119
f 3945 4119 3949
f 3947 4120 4118
f 3947 4108 4121
f 3947 4121 4122
f 3947 4122 4123
f 3947 4123 4120
f 3949 4119 4117
f 3950 4124 3951
f 3951 4124 4125
f 3951 4125 4126
f 3951 4126 3952
f 3952 4126 4127
f 3952 4127 3954
f 3952 3954 3953
f 3954 4127 4128
f 3954 4128 4129
f 3954 4129 4130
f 3954 4130 4131
f 3954 4131 4132
f 3954 4132 4133
f 3954 4133 3958
f 3954 3958 3955
f 3955 3958 3956
f 3956 3958 3957
f 3958 4133 4134
f 3958 4134 4135
f 3958 4135 4136
f 3958 4136 4137
f 3958 4137 3959
f 3959 4137 4138
f 3959 4138 4139
f 3959 4139 4140
f 3959 4140 4141
f 3959 4141 4142
f 3959 4142 3960
f 3960 4142 4143
f 3960 4143 3961
f 3961 4143 4144
f 3961 4144 3962
f 3962 4144 4145
f 3962 4145 3963
f 3963 4145 4146
f 3963 4146 4147
f 3963 4147 3966
f 3963 3966 3964
f 3965 3968 4148
f 3965 4148 3970
f 3966 4147 4330
f 3966 4330 4149
f 3966 4149 4150
f 3966 4150 3967
f 3967 4150 4151
f 3967 4151 4153
f 3967 4153 3969
f 3968 3969 4148
f 3969 4152 4148
f 3969 4153 4336
f 3969 4336 4152
f 3970 4148 4154
f 3970 4154 3972
f 3970 3972 3971
f 3972 4154 4152
f 3972 4152 4155
f 3972 4155 3973
f 3973 4155 3974
f 3974 4155 4156
f 3974 4156 3975
f 3975 4156 4157
f 3975 4157 3976
f 3976 4157 4158
f 3976 4158 3977
f 3977 4158 4159
f 3977 4159 3978
f 3978 4159 3986
f 3979 4025 3983
f 3979 3983 3980
f 3981 3983 4160
f 3981 4160 3984
f 3981 3984 3982
f 3983 4024 4161
f 3983 4161 4162
f 3983 4162 4163
f 3983 4163 4160
f 3984 4164 4165
f 3984 4165 3985
f 3984 4160 4163
f 3984 4163 4166
f 3984 4166 4167
f 3984 4167 4168
f 3984 4168 4164
f 3985 4165 4027
f 3986 4159 4343
f 3986 4343 4169
f 3986 4169 3987
f 3987 4169 4170
f 3987 4170 3988
f 3988 4170 4171
f 3988 4171 4172
f 3988 4172 3989
f 3989 4172 3993
f 3991 3996 3992
f 3992 3996 4005
f 3993 4172 4173
f 3993 4173 4174
f 3993 4174 3994
f 3994 4174 4175
f 3994 4175 3995
f 3995 4175 3997
f 3996 3999 4176
f 3996 4176 4006
f 3996 4006 4005
f 3997 4175 4177
f 3997 4177 3998
f 3998 4177 4178
f 3998 4178 4179
f 3998 4179 4180
f 3998 4180 4181
f 3998 4181 3999
f 3999 4181 4176
f 4000 4009 4182
f 4000 4182 4183
f 4000 4183 4184
f 4000 4184 4001
f 4001 4184 4185
f 4001 4185 4002
f 4002 4185 4186
f 4002 4186 4187
f 4002 4187 4003
f 4003 4187 4004
f 4004 4187 4186
f 4004 4186 4010
f 4006 4188 4008
f 4006 4008 4007
f 4006 4176 4189
f 4006 4189 4180
f 4006 4180 4190
f 4006 4190 4191
f 4006 4191 4192
f 4006 4192 4188
f 4008 4188 4193
f 4008 4193 4009
f 4009 4193 4182
f 4010 4186 4194
f 4010 4194 4011
f 4011 4195 4196
f 4011 4196 4197
f 4011 4197 4012
f 4011 4194 4195
f 4012 4198 4014
f 4012 4197 4198
f 4013 4019 4018
f 4013 4018 4021
f 4014 4198 4199
f 4014 4199 4020
f 4015 4020 4200
f 4015 4200 4016
f 4016 4201 4017
f 4016 4200 4202
f 4016 4202 4203
f 4016 4203 4201
f 4017 4204 4205
f 4017 4205 4206
f 4017 4206 4207
f 4017 4207 4018
f 4017 4201 4204
f 4018 4207 4022
f 4018 4022 4021
f 4020 4199 4203
f 4020 4203 4200
f 4022 4208 4209
f 4022 4209 4023
f 4022 4207 4206
f 4022 4206 4208
f 4023 4209 4024
f 4024 4209 4161
f 4026 4027 4210
f 4026 4210 4029
f 4027 4211 4210
f 4027 4165 4212
f 4027 4212 4211
f 4028 4029 4213
f 4028 4213 4214
f 4028 4214 4215
f 4028 4215 4036
f 4029 4210 4216
f 4029 4216 4217
f 4029 4217 4213
f 4031 4218 4032
f 4031 4038 4218
f 4032 4219 4220
f 4032 4220 4033
f 4032 4218 4221
f 4032 4221 4222
f 4032 4222 4219
f 4033 4220 4034
f 4034 4223 4035
f 4034 4220 4223
f 4035 4223 4039
f 4036 4215 4037
f 4037 4215 4214
f 4037 4214 4224
f 4037 4224 4221
f 4037 4221 4218
f 4037 4218 4038
f 4039 4223 4225
f 4039 4225 4040
f 4040 4225 4226
f 4040 4226 4227
f 4040 4227 4041
f 4041 4227 4096
f 4041 4096 4042
f 4043 4117 4228
f 4043 4228 4229
f 4043 4229 4230
f 4043 4230 4231
f 4043 4231 4044
f 4044 4231 4232
f 4044 4232 4045
f 4045 4232 4230
f 4045 4230 4048
f 4046 4048 4230
f 4046 4230 4233
f 4046 4233 4234
f 4046 4234 4047
f 4047 4234 4235
f 4047 4235 4052
f 4049 4050 4053
f 4049 4053 4087
f 4049 4087 4085
f 4052 4235 4236
f 4052 4236 4237
f 4052 4237 4238
f 4052 4238 4053
f 4053 4238 4087
f 4055 4239 4240
f 4055 4240 4056
f 4055 4093 4239
f 4056 4240 4057
f 4057 4240 4058
f 4058 4240 4241
f 4058 4241 4242
f 4058 4242 4060
f 4058 4060 4059
f 4060 4242 4243
f 4060 4243 4061
f 4061 4243 4244
f 4061 4244 4245
f 4061 4245 4062
f 4062 4245 4246
f 4062 4246 4247
f 4062 4247 4063
f 4063 4247 4065
f 4065 4247 4066
f 4066 4247 4248
f 4066 4248 4249
f 4066 4249 4068
f 4066 4068 4067
f 4068 4250 4251
f 4068 4251 4077
f 4068 4249 4250
f 4069 4084 4083
f 4069 4083 4252
f 4069 4252 4436
f 4069 4436 4253
f 4070 4253 4254
f 4070 4254 4255
f 4070 4255 4256
f 4070 4256 4072
f 4071 4257 4259
f 4071 4259 4073
f 4072 4256 4258
f 4072 4258 4257
f 4074 4259 4260
f 4074 4260 4261
f 4074 4261 4262
f 4074 4262 4263
f 4074 4263 4075
f 4075 4263 4264
f 4075 4264 4265
f 4075 4265 4266
f 4075 4266 4076
f 4077 4251 4078
f 4078 4251 4079
f 4079 4251 4267
f 4079 4267 4268
f 4079 4268 4269
f 4079 4269 4270
f 4079 4270 4080
f 4080 4270 4269
f 4080 4269 4081
f 4081 4269 4271
f 4081 4271 4272
f 4081 4272 4082
f 4082 4273 4083
f 4082 4272 4454
f 4082 4454 4274
f 4082 4274 4455
f 4082 4455 4273
f 4083 4273 4252
f 4087 4238 4088
f 4088 4238 4089
f 4089 4238 4090
f 4090 4238 4237
f 4090 4237 4275
f 4090 4275 4276
f 4090 4276 4277
f 4090 4277 4091
f 4091 4277 4092
f 4092 4277 4278
f 4092 4278 4420
f 4092 4420 4239
f 4092 4239 4093
f 4094 4279 4095
f 4095 4279 4280
f 4096 4227 4226
f 4096 4226 4100
f 4097 4281 4098
f 4097 4282 4463
f 4097 4463 4281
f 4098 4281 4283
f 4099 4100 4284
f 4099 4284 4285
f 4099 4285 4286
f 4099 4286 4282
f 4100 4226 4284
f 4101 4102 4287
f 4101 4287 4103
f 4102 4283 4281
f 4102 4281 4287
f 4103 4287 4104
f 4104 4287 4288
f 4104 4288 4289
f 4104 4289 4290
f 4104 4290 4291
f 4104 4291 4105
f 4105 4291 4115
f 4106 4292 4293
f 4106 4293 4294
f 4106 4294 4122
f 4106 4122 4107
f 4106 4113 4295
f 4106 4295 4292
f 4107 4122 4108
f 4108 4122 4121
f 4109 4111 4110
f 4111 4114 4296
f 4111 4296 4112
f 4112 4296 4297
f 4112 4297 4298
f 4112 4298 4295
f 4112 4295 4113
f 4114 4115 4299
f 4114 4299 4300
f 4114 4300 4296
f 4115 4291 4290
f 4115 4290 4301
f 4115 4301 4302
f 4115 4302 4303
f 4115 4303 4299
f 4117 4119 4304
f 4117 4304 4305
f 4117 4305 4228
f 4118 4120 4306
f 4118 4306 4307
f 4118 4307 4308
f 4118 4308 4309
f 4118 4309 4119
f 4119 4309 4308
f 4119 4308 4304
f 4120 4123 4310
f 4120 4310 4306
f 4122 4294 4123
f 4123 4294 4310
f 4125 4127 4126
f 4127 4311 4128
f 4128 4311 4312
f 4128 4312 4129
f 4129 4312 4131
f 4129 4131 4130
f 4131 4313 4314
f 4131 4314 4315
f 4131 4315 4316
f 4131 4316 4317
f 4131 4317 4318
f 4131 4318 4134
f 4131 4134 4133
f 4131 4133 4132
f 4131 4312 4319
f 4131 4319 4313
f 4134 4318 4320
f 4134 4320 4135
f 4135 4320 4136
f 4136 4320 4138
f 4136 4138 4137
f 4138 4320 4321
f 4138 4321 4322
f 4138 4322 4323
f 4138 4323 4324
f 4138 4324 4325
f 4138 4325 4141
f 4138 4141 4140
f 4138 4140 4139
f 4141 4325 4326
f 4141 4326 4327
f 4141 4327 4328
f 4141 4328 4144
f 4141 4144 4143
f 4141 4143 4142
f 4144 4328 4145
f 4145 4328 4329
f 4145 4329 4146
f 4146 4329 4147
f 4147 4329 4330
f 4148 4152 4154
f 4149 4330 4331
f 4149 4331 4332
f 4149 4332 4150
f 4150 4332 4333
f 4150 4333 4334
f 4150 4334 4151
f 4151 4334 4335
f 4151 4335 4153
f 4152 4336 4337
f 4152 4337 4155
f 4153 4335 4336
f 4155 4337 4338
f 4155 4338 4339
f 4155 4339 4156
f 4156 4339 4157
f 4157 4339 4340
f 4157 4340 4341
f 4157 4341 4158
f 4158 4341 4342
f 4158 4342 4159
f 4159 4342 4343
f 4161 4209 4162
f 4162 4209 4163
f 4163 4209 4344
f 4163 4344 4345
f 4163 4345 4346
f 4163 4346 4167
f 4163 4167 4166
f 4164 4347 4212
f 4164 4212 4165
f 4164 4168 4348
f 4164 4348 4347
f 4167 4349 4350
f 4167 4350 4347
f 4167 4347 4348
f 4167 4348 4168
f 4167 4346 4345
f 4167 4345 4351
f 4167 4351 4352
f 4167 4352 4349
f 4169 4343 4353
f 4169 4353 4354
f 4169 4354 4170
f 4170 4354 4355
f 4170 4355 4356
f 4170 4356 4171
f 4171 4356 4173
f 4171 4173 4172
f 4173 4356 4357
f 4173 4357 4358
f 4173 4358 4174
f 4174 4358 4359
f 4174 4359 4177
f 4174 4177 4175
f 4176 4181 4189
f 4177 4359 4178
f 4178 4359 4360
f 4178 4360 4361
f 4178 4361 4362
f 4178 4362 4363
f 4178 4363 4364
f 4178 4364 4179
f 4179 4364 4365
f 4179 4365 4180
f 4180 4365 4366
f 4180 4366 4367
f 4180 4367 4190
f 4180 4189 4181
f 4182 4193 4192
f 4182 4192 4368
f 4182 4368 4183
f 4183 4368 4184
f 4184 4369 4185
f 4184 4368 4370
f 4184 4370 4371
f 4184 4371 4372
f 4184 4372 4369
f 4185 4369 4186
f 4186 4369 4373
f 4186 4373 4194
f 4188 4192 4193
f 4190 4367 4191
f 4191 4367 4374
f 4191 4374 4375
f 4191 4375 4192
f 4192 4375 4376
f 4192 4376 4368
f 4194 4373 4377
f 4194 4377 4378
f 4194 4378 4195
f 4195 4378 4196
f 4196 4379 4198
f 4196 4198 4197
f 4196 4378 4379
f 4198 4379 4199
f 4199 4380 4381
f 4199 4381 4382
f 4199 4382 4383
f 4199 4383 4203
f 4199 4379 4378
f 4199 4378 4380
f 4200 4203 4202
f 4201 4203 4384
f 4201 4384 4204
f 4203 4383 4385
f 4203 4385 4384
f 4204 4384 4386
f 4204 4386 4387
f 4204 4387 4205
f 4205 4208 4206
f 4205 4387 4388
f 4205 4388 4345
f 4205 4345 4209
f 4205 4209 4208
f 4209 4345 4344
f 4210 4211 4216
f 4211 4389 4216
f 4211 4212 4390
f 4211 4390 4389
f 4212 4347 4390
f 4213 4391 4214
f 4213 4217 4391
f 4214 4391 4392
f 4214 4392 4393
f 4214 4393 4394
f 4214 4394 4395
f 4214 4395 4224
f 4216 4389 4396
f 4216 4396 4217
f 4217 4396 4391
f 4219 4222 4397
f 4219 4397 4398
f 4219 4398 4220
f 4220 4398 4399
f 4220 4399 4400
f 4220 4400 4223
f 4221 4224 4401
f 4221 4401 4222
f 4222 4402 4403
f 4222 4403 4397
f 4222 4401 4404
f 4222 4404 4405
f 4222 4405 4406
f 4222 4406 4402
f 4223 4400 4407
f 4223 4407 4225
f 4224 4395 4401
f 4225 4407 4226
f 4226 4407 4284
f 4228 4305 4408
f 4228 4408 4229
f 4229 4408 4230
f 4230 4408 4409
f 4230 4409 4410
f 4230 4410 4411
f 4230 4411 4592
f 4230 4592 4412
f 4230 4412 4413
f 4230 4413 4233
f 4230 4232 4231
f 4233 4413 4234
f 4234 4413 4414
f 4234 4414 4415
f 4234 4415 4416
f 4234 4416 4235
f 4235 4416 4236
f 4236 4416 4415
f 4236 4415 4417
f 4236 4417 4418
f 4236 4418 4237
f 4237 4418 4419
f 4237 4419 4275
f 4239 4420 4421
f 4239 4421 4422
f 4239 4422 4240
f 4240 4422 4241
f 4241 4422 4423
f 4241 4423 4424
f 4241 4424 4425
f 4241 4425 4242
f 4242 4425 4426
f 4242 4426 4243
f 4243 4426 4244
f 4244 4427 4245
f 4244 4426 4427
f 4245 4427 4610
f 4245 4610 4428
f 4245 4428 4247
f 4245 4247 4246
f 4247 4428 4429
f 4247 4429 4248
f 4248 4429 4430
f 4248 4430 4431
f 4248 4431 4432
f 4248 4432 4433
f 4248 4433 4250
f 4248 4250 4249
f 4250 4433 4434
f 4250 4434 4251
f 4251 4434 4435
f 4251 4435 4267
f 4252 4273 4455
f 4252 4455 4436
f 4253 4436 4437
f 4253 4437 4438
f 4253 4438 4254
f 4254 4439 4255
f 4254 4438 4437
f 4254 4437 4440
f 4254 4440 4441
f 4254 4441 4439
f 4255 4439 4256
f 4256 4261 4258
f 4256 4439 4442
f 4256 4442 4443
f 4256 4443 4261
f 4257 4258 4260
f 4257 4260 4259
f 4258 4261 4260
f 4261 4443 4444
f 4261 4444 4262
f 4262 4444 4263
f 4263 4444 4445
f 4263 4445 4264
f 4264 4266 4265
f 4264 4445 4446
f 4264 4446 4447
f 4264 4447 4266
f 4266 4447 4448
f 4267 4435 4449
f 4267 4449 4450
f 4267 4450 4268
f 4268 4450 4451
f 4268 4451 4269
f 4269 4451 4452
f 4269 4452 4271
f 4271 4452 4638
f 4271 4638 4453
f 4271 4453 4454
f 4271 4454 4272
f 4274 4454 4456
f 4274 4456 4440
f 4274 4440 4437
f 4274 4437 4455
f 4275 4418 4457
f 4275 4457 4278
f 4275 4278 4276
f 4275 4419 4418
f 4276 4278 4277
f 4278 4457 4458
f 4278 4458 4420
f 4279 4459 4460
f 4279 4460 4280
f 4281 4461 4462
f 4281 4462 4287
f 4281 4463 4645
f 4281 4645 4461
f 4282 4286 4463
f 4284 4407 4464
f 4284 4464 4285
f 4285 4465 4467
f 4285 4467 4286
f 4285 4464 4466
f 4285 4466 4465
f 4286 4467 4463
f 4287 4462 4288
f 4288 4462 4289
f 4289 4468 4290
f 4289 4462 4461
f 4289 4461 4645
f 4289 4645 4469
f 4289 4469 4649
f 4289 4649 4468
f 4290 4468 4301
f 4292 4295 4470
f 4292 4470 4471
f 4292 4471 4472
f 4292 4472 4293
f 4293 4472 4473
f 4293 4473 4474
f 4293 4474 4306
f 4293 4306 4294
f 4294 4306 4310
f 4295 4298 4475
f 4295 4475 4476
f 4295 4476 4470
f 4296 4477 4297
f 4296 4300 4480
f 4296 4480 4477
f 4297 4478 4476
f 4297 4476 4298
f 4297 4477 4660
f 4297 4660 4478
f 4298 4476 4475
f 4299 4303 4479
f 4299 4479 4300
f 4300 4479 4481
f 4300 4481 4480
f 4301 4468 4482
f 4301 4482 4302
f 4302 4482 4303
f 4303 4482 4666
f 4303 4666 4483
f 4303 4483 4663
f 4303 4663 4479
f 4304 4308 4305
f 4305 4308 4484
f 4305 4484 4408
f 4306 4485 4307
f 4306 4474 4485
f 4307 4485 4588
f 4307 4588 4486
f 4307 4486 4487
f 4307 4487 4308
f 4308 4487 4484
f 4313 4488 4489
f 4313 4489 4490
f 4313 4490 4314
f 4313 4319 4488
f 4314 4490 4315
f 4315 4490 4316
f 4316 4491 4492
f 4316 4492 4317
f 4316 4490 4491
f 4317 4492 4493
f 4317 4493 4318
f 4318 4493 4321
f 4318 4321 4320
f 4321 4493 4494
f 4321 4494 4495
f 4321 4495 4322
f 4322 4495 4496
f 4322 4496 4497
f 4322 4497 4323
f 4323 4497 4498
f 4323 4498 4324
f 4324 4499 4326
f 4324 4326 4325
f 4324 4498 4499
f 4326 4499 4327
f 4327 4499 4500
f 4327 4500 4328
f 4328 4500 4329
f 4329 4500 4501
f 4329 4501 4502
f 4329 4502 4331
f 4329 4331 4330
f 4331 4502 4503
f 4331 4503 4504
f 4331 4504 4332
f 4332 4504 4505
f 4332 4505 4506
f 4332 4506 4333
f 4333 4506 4334
f 4334 4506 4335
f 4335 4507 4336
f 4335 4506 4508
f 4335 4508 4688
f 4335 4688 4507
f 4336 4507 4337
f 4337 4507 4509
f 4337 4509 4338
f 4338 4509 4340
f 4338 4340 4339
f 4340 4509 4510
f 4340 4510 4511
f 4340 4511 4341
f 4341 4511 4512
f 4341 4512 4342
f 4342 4512 4513
f 4342 4513 4343
f 4343 4513 4353
f 4345 4514 4351
f 4345 4388 4515
f 4345 4515 4514
f 4347 4516 4517
f 4347 4517 4518
f 4347 4518 4519
f 4347 4519 4390
f 4347 4350 4349
f 4347 4349 4520
f 4347 4520 4516
f 4349 4352 4521
f 4349 4521 4522
f 4349 4522 4520
f 4351 4514 4352
f 4352 4514 4521
f 4353 4513 4523
f 4353 4523 4524
f 4353 4524 4525
f 4353 4525 4354
f 4354 4525 4355
f 4355 4525 4526
f 4355 4526 4357
f 4355 4357 4356
f 4357 4526 4525
f 4357 4525 4527
f 4357 4527 4528
f 4357 4528 4529
f 4357 4529 4358
f 4358 4529 4361
f 4358 4361 4359
f 4359 4361 4360
f 4361 4529 4530
f 4361 4530 4362
f 4362 4530 4531
f 4362 4531 4532
f 4362 4532 4533
f 4362 4533 4363
f 4363 4533 4364
f 4364 4533 4534
f 4364 4534 4535
f 4364 4535 4536
f 4364 4536 4365
f 4365 4536 4537
f 4365 4537 4366
f 4366 4538 4367
f 4366 4537 4539
f 4366 4539 4538
f 4367 4538 4374
f 4368 4376 4371
f 4368 4371 4370
f 4369 4372 4540
f 4369 4540 4377
f 4369 4377 4373
f 4371 4541 4372
f 4371 4376 4542
f 4371 4542 4543
f 4371 4543 4541
f 4372 4541 4540
f 4374 4538 4375
f 4375 4538 4544
f 4375 4544 4376
f 4376 4544 4545
f 4376 4545 4542
f 4377 4546 4547
f 4377 4547 4378
f 4377 4540 4548
f 4377 4548 4549
f 4377 4549 4550
f 4377 4550 4546
f 4378 4547 4546
f 4378 4546 4551
f 4378 4551 4380
f 4380 4551 4381
f 4381 4551 4546
f 4381 4546 4552
f 4381 4552 4553
f 4381 4553 4554
f 4381 4554 4555
f 4381 4555 4383
f 4381 4383 4382
f 4383 4555 4556
f 4383 4556 4385
f 4384 4557 4386
f 4384 4385 4557
f 4385 4556 4558
f 4385 4558 4559
f 4385 4559 4560
f 4385 4560 4561
f 4385 4561 4557
f 4386 4562 4563
f 4386 4563 4564
f 4386 4564 4387
f 4386 4557 4562
f 4387 4565 4515
f 4387 4515 4388
f 4387 4564 4565
f 4389 4390 4396
f 4390 4519 4396
f 4391 4566 4392
f 4391 4396 4567
f 4391 4567 4566
f 4392 4566 4567
f 4392 4567 4568
f 4392 4568 4569
f 4392 4569 4570
f 4392 4570 4571
f 4392 4571 4572
f 4392 4572 4573
f 4392 4573 4574
f 4392 4574 4575
f 4392 4575 4576
f 4392 4576 4405
f 4392 4405 4394
f 4392 4394 4393
f 4394 4405 4404
f 4394 4404 4395
f 4395 4404 4401
f 4396 4519 4567
f 4397 4403 4577
f 4397 4577 4578
f 4397 4578 4399
f 4397 4399 4398
f 4399 4578 4579
f 4399 4579 4400
f 4400 4579 4464
f 4400 4464 4407
f 4402 4580 4581
f 4402 4581 4403
f 4402 4406 4582
f 4402 4582 4583
f 4402 4583 4584
f 4402 4584 4580
f 4403 4581 4585
f 4403 4585 4577
f 4405 4576 4586
f 4405 4586 4587
f 4405 4587 4406
f 4406 4587 4583
f 4406 4583 4582
f 4408 4484 4410
f 4408 4410 4409
f 4410 4484 4486
f 4410 4486 4411
f 4411 4486 4588
f 4411 4588 4589
f 4411 4589 4590
f 4411 4590 4591
f 4411 4591 4592
f 4412 4592 4593
f 4412 4593 4594
f 4412 4594 4413
f 4413 4595 4414
f 4413 4594 4595
f 4414 4595 4417
f 4414 4417 4415
f 4417 4595 4418
f 4418 4595 4596
f 4418 4596 4457
f 4420 4458 4421
f 4421 4458 4597
f 4421 4597 4598
f 4421 4598 4599
f 4421 4599 4600
f 4421 4600 4422
f 4422 4600 4601
f 4422 4601 4423
f 4423 4601 4602
f 4423 4602 4424
f 4424 4603 4604
f 4424 4604 4605
f 4424 4605 4606
f 4424 4606 4607
f 4424 4607 4608
f 4424 4608 4609
f 4424 4609 4426
f 4424 4426 4425
f 4424 4602 4603
f 4426 4609 4608
f 4426 4608 4607
f 4426 4607 4427
f 4427 4607 4777
f 4427 4777 4610
f 4428 4610 4429
f 4429 4611 4612
f 4429 4612 4613
f 4429 4613 4430
f 4429 4610 4611
f 4430 4613 4431
f 4431 4613 4614
f 4431 4614 4615
f 4431 4615 4432
f 4432 4615 4433
f 4433 4615 4616
f 4433 4616 4617
f 4433 4617 4434
f 4434 4617 4435
f 4435 4617 4449
f 4436 4455 4437
f 4439 4441 4442
f 4440 4456 4618
f 4440 4618 4619
f 4440 4619 4620
f 4440 4620 4441
f 4441 4621 4442
f 4441 4620 4622
f 4441 4622 4623
f 4441 4623 4624
f 4441 4624 4621
f 4442 4621 4625
f 4442 4625 4626
f 4442 4626 4627
f 4442 4627 4443
f 4443 4446 4444
f 4443 4627 4628
f 4443 4628 4629
f 4443 4629 4630
f 4443 4630 4631
f 4443 4631 4632
f 4443 4632 4633
f 4443 4633 4634
f 4443 4634 4448
f 4443 4448 4447
f 4443 4447 4446
f 4444 4446 4445
f 4449 4617 4450
f 4450 4617 4635
f 4450 4635 4809
f 4450 4809 4636
f 4450 4636 4637
f 4450 4637 4451
f 4451 4637 4638
f 4451 4638 4452
f 4453 4638 4639
f 4453 4639 4456
f 4453 4456 4454
f 4456 4639 4618
f 4457 4596 4458
f 4458 4640 4641
f 4458 4641 4597
f 4458 4596 4595
f 4458 4595 4640
f 4459 4642 4460
f 4460 4642 4644
f 4460 4644 4643
f 4463 4467 4465
f 4463 4465 4646
f 4463 4646 4647
f 4463 4647 4645
f 4464 4579 4466
f 4465 4466 4646
f 4466 4648 4646
f 4466 4579 4648
f 4468 4649 4666
f 4468 4666 4482
f 4469 4645 4647
f 4469 4647 4650
f 4469 4650 4651
f 4469 4651 4652
f 4469 4652 4649
f 4470 4476 4471
f 4471 4476 4653
f 4471 4653 4473
f 4471 4473 4472
f 4473 4654 4655
f 4473 4655 4474
f 4473 4653 4654
f 4474 4656 4589
f 4474 4589 4588
f 4474 4588 4485
f 4474 4655 4656
f 4476 4478 4657
f 4476 4657 4658
f 4476 4658 4659
f 4476 4659 4653
f 4477 4480 4661
f 4477 4661 4660
f 4478 4660 4657
f 4479 4662 4481
f 4479 4663 4826
f 4479 4826 4662
f 4480 4481 4664
f 4480 4664 4661
f 4481 4662 4665
f 4481 4665 4664
f 4483 4666 4667
f 4483 4667 4668
f 4483 4668 4669
f 4483 4669 4663
f 4484 4487 4486
f 4489 4670 4490
f 4490 4670 4491
f 4491 4670 4671
f 4491 4671 4672
f 4491 4672 4673
f 4491 4673 4492
f 4492 4673 4674
f 4492 4674 4493
f 4493 4674 4494
f 4494 4675 4676
f 4494 4676 4495
f 4494 4674 4675
f 4495 4676 4677
f 4495 4677 4496
f 4496 4677 4497
f 4497 4677 4498
f 4498 4677 4678
f 4498 4678 4679
f 4498 4679 4680
f 4498 4680 4499
f 4499 4680 4681
f 4499 4681 4500
f 4500 4681 4503
f 4500 4503 4501
f 4501 4503 4502
f 4503 4680 4682
f 4503 4682 4683
f 4503 4683 4684
f 4503 4684 4504
f 4503 4681 4680
f 4504 4684 4685
f 4504 4685 4505
f 4505 4685 4686
f 4505 4686 4506
f 4506 4686 4687
f 4506 4687 4508
f 4507 4688 4690
f 4507 4690 4509
f 4508 4687 4689
f 4508 4689 4688
f 4509 4690 4510
f 4510 4690 4691
f 4510 4691 4692
f 4510 4692 4693
f 4510 4693 4511
f 4511 4693 4694
f 4511 4694 4512
f 4512 4694 4513
f 4513 4694 4695
f 4513 4695 4523
f 4514 4522 4521
f 4514 4515 4696
f 4514 4696 4697
f 4514 4697 4522
f 4515 4565 4696
f 4516 4520 4522
f 4516 4522 4698
f 4516 4698 4699
f 4516 4699 4517
f 4517 4571 4569
f 4517 4569 4700
f 4517 4700 4519
f 4517 4519 4518
f 4517 4699 4701
f 4517 4701 4571
f 4519 4702 4567
f 4519 4700 4702
f 4522 4703 4704
f 4522 4704 4698
f 4522 4697 4705
f 4522 4705 4706
f 4522 4706 4707
f 4522 4707 4708
f 4522 4708 4709
f 4522 4709 4703
f 4523 4695 4710
f 4523 4710 4711
f 4523 4711 4524
f 4524 4711 4525
f 4525 4711 4712
f 4525 4712 4527
f 4527 4529 4528
f 4527 4712 4713
f 4527 4713 4714
f 4527 4714 4715
f 4527 4715 4529
f 4529 4715 4716
f 4529 4716 4530
f 4530 4716 4717
f 4530 4717 4531
f 4531 4717 4718
f 4531 4718 4532
f 4532 4718 4719
f 4532 4719 4533
f 4533 4719 4720
f 4533 4720 4721
f 4533 4721 4534
f 4534 4722 4536
f 4534 4536 4535
f 4534 4721 4722
f 4536 4722 4537
f 4537 4722 4723
f 4537 4723 4724
f 4537 4724 4539
f 4538 4539 4725
f 4538 4725 4544
f 4539 4724 4725
f 4540 4541 4548
f 4541 4543 4549
f 4541 4549 4548
f 4542 4545 4726
f 4542 4726 4727
f 4542 4727 4543
f 4543 4727 4728
f 4543 4728 4549
f 4544 4725 4726
f 4544 4726 4545
f 4546 4729 4552
f 4546 4550 4549
f 4546 4549 4730
f 4546 4730 4731
f 4546 4731 4729
f 4549 4728 4732
f 4549 4732 4733
f 4549 4733 4730
f 4552 4729 4553
f 4553 4734 4554
f 4553 4729 4734
f 4554 4734 4555
f 4555 4734 4735
f 4555 4735 4556
f 4556 4735 4558
f 4557 4561 4736
f 4557 4736 4562
f 4558 4735 4737
f 4558 4737 4738
f 4558 4738 4559
f 4559 4738 4560
f 4560 4738 4739
f 4560 4739 4736
f 4560 4736 4561
f 4562 4736 4563
f 4563 4706 4705
f 4563 4705 4740
f 4563 4740 4564
f 4563 4736 4706
f 4564 4740 4696
f 4564 4696 4565
f 4567 4702 4568
f 4568 4702 4700
f 4568 4700 4569
f 4569 4571 4570
f 4571 4741 4572
f 4571 4701 4742
f 4571 4742 4743
f 4571 4743 4741
f 4572 4741 4573
f 4573 4741 4743
f 4573 4743 4744
f 4573 4744 4575
f 4573 4575 4574
f 4575 4744 4745
f 4575 4745 4746
f 4575 4746 4747
f 4575 4747 4748
f 4575 4748 4749
f 4575 4749 4750
f 4575 4750 4751
f 4575 4751 4576
f 4576 4751 4586
f 4577 4585 4752
f 4577 4752 4578
f 4578 4752 4651
f 4578 4651 4579
f 4579 4651 4648
f 4580 4584 4753
f 4580 4753 4754
f 4580 4754 4755
f 4580 4755 4756
f 4580 4756 4757
f 4580 4757 4581
f 4581 4757 4758
f 4581 4758 4585
f 4583 4587 4759
f 4583 4759 4584
f 4584 4759 4760
f 4584 4760 4753
f 4585 4761 4668
f 4585 4668 4752
f 4585 4758 4756
f 4585 4756 4761
f 4586 4751 4750
f 4586 4750 4759
f 4586 4759 4587
f 4589 4656 4762
f 4589 4762 4763
f 4589 4763 4593
f 4589 4593 4590
f 4590 4593 4591
f 4591 4593 4592
f 4593 4763 4764
f 4593 4764 4765
f 4593 4765 4594
f 4594 4640 4595
f 4594 4765 4641
f 4594 4641 4640
f 4597 4641 4766
f 4597 4766 4598
f 4598 4766 4767
f 4598 4767 4768
f 4598 4768 4769
f 4598 4769 4770
f 4598 4770 4599
f 4599 4601 4600
f 4599 4770 4771
f 4599 4771 4601
f 4601 4771 4772
f 4601 4772 4602
f 4602 4772 4603
f 4603 4772 4773
f 4603 4773 4774
f 4603 4774 4604
f 4604 4774 4605
f 4605 4775 4606
f 4605 4774 4775
f 4606 4775 4776
f 4606 4776 4777
f 4606 4777 4607
f 4610 4777 4778
f 4610 4778 4612
f 4610 4612 4611
f 4612 4778 4779
f 4612 4779 4780
f 4612 4780 4781
f 4612 4781 4613
f 4613 4781 4614
f 4614 4781 4615
f 4615 4781 4616
f 4616 4781 4780
f 4616 4780 4782
f 4616 4782 4937
f 4616 4937 4783
f 4616 4783 4617
f 4617 4783 4784
f 4617 4784 4785
f 4617 4785 4786
f 4617 4786 4635
f 4618 4639 4787
f 4618 4787 4619
f 4619 4787 4639
f 4619 4639 4788
f 4619 4788 4789
f 4619 4789 4790
f 4619 4790 4791
f 4619 4791 4792
f 4619 4792 4620
f 4620 4792 4622
f 4621 4624 4627
f 4621 4627 4626
f 4621 4626 4625
f 4622 4792 4793
f 4622 4793 4794
f 4622 4794 4623
f 4623 4794 4795
f 4623 4795 4624
f 4624 4795 4628
f 4624 4628 4627
f 4628 4795 4796
f 4628 4796 4794
f 4628 4794 4797
f 4628 4797 4798
f 4628 4798 4799
f 4628 4799 4800
f 4628 4800 4801
f 4628 4801 4802
f 4628 4802 4803
f 4628 4803 4629
f 4629 4803 4630
f 4630 4803 4804
f 4630 4804 4631
f 4631 4804 4805
f 4631 4805 4806
f 4631 4806 4807
f 4631 4807 4634
f 4631 4634 4632
f 4632 4634 4808
f 4632 4808 4633
f 4633 4808 4634
f 4635 4786 4941
f 4635 4941 4809
f 4636 4809 4810
f 4636 4810 4811
f 4636 4811 4789
f 4636 4789 4788
f 4636 4788 4637
f 4637 4788 4639
f 4637 4639 4638
f 4641 4765 4766
f 4643 4644 4812
f 4643 4812 4813
f 4646 4650 4647
f 4646 4648 4651
f 4646 4651 4650
f 4649 4652 4814
f 4649 4814 4666
f 4651 4752 4815
f 4651 4815 4652
f 4652 4815 4668
f 4652 4668 4814
f 4653 4816 4817
f 4653 4817 4654
f 4653 4659 4816
f 4654 4817 4818
f 4654 4818 4819
f 4654 4819 4655
f 4655 4819 4656
f 4656 4819 4818
f 4656 4818 4820
f 4656 4820 4762
f 4657 4821 4822
f 4657 4822 4823
f 4657 4823 4658
f 4657 4660 4661
f 4657 4661 4821
f 4658 4823 4822
f 4658 4822 4659
f 4659 4824 4816
f 4659 4822 4824
f 4661 4664 4825
f 4661 4825 4821
f 4662 4826 4833
f 4662 4833 4665
f 4663 4669 4827
f 4663 4827 4828
f 4663 4828 4826
f 4664 4665 4829
f 4664 4829 4830
f 4664 4830 4831
f 4664 4831 4825
f 4665 4832 4829
f 4665 4833 4988
f 4665 4988 4832
f 4666 4814 4667
f 4667 4814 4668
f 4668 4815 4752
f 4668 4761 4669
f 4669 4761 4827
f 4671 4834 4835
f 4671 4835 4672
f 4672 4835 4834
f 4672 4834 4836
f 4672 4836 4837
f 4672 4837 4673
f 4673 4837 4838
f 4673 4838 4839
f 4673 4839 4674
f 4674 4839 4675
f 4675 4839 4840
f 4675 4840 4841
f 4675 4841 4676
f 4676 4841 4842
f 4676 4842 4677
f 4677 4842 4843
f 4677 4843 4844
f 4677 4844 4678
f 4678 4844 4679
f 4679 4844 4845
f 4679 4845 4846
f 4679 4846 4680
f 4680 4846 4847
f 4680 4847 4682
f 4682 4847 4683
f 4683 4847 4848
f 4683 4848 4684
f 4684 4848 4849
f 4684 4849 4685
f 4685 4849 4850
f 4685 4850 4851
f 4685 4851 4686
f 4686 4851 4852
f 4686 4852 4687
f 4687 4852 4853
f 4687 4853 4689
f 4688 4689 4854
f 4688 4854 4691
f 4688 4691 4690
f 4689 4853 4854
f 4691 4854 4855
f 4691 4855 4856
f 4691 4856 4692
f 4692 4856 4857
f 4692 4857 4693
f 4693 4857 4858
f 4693 4858 4694
f 4694 4858 4859
f 4694 4859 4710
f 4694 4710 4695
f 4696 4740 4705
f 4696 4705 4697
f 4698 4704 4703
f 4698 4703 4699
f 4699 4703 4860
f 4699 4860 4861
f 4699 4861 4862
f 4699 4862 4742
f 4699 4742 4701
f 4703 4709 4863
f 4703 4863 4860
f 4706 4736 4864
f 4706 4864 4865
f 4706 4865 4866
f 4706 4866 4707
f 4707 4866 4708
f 4708 4866 4865
f 4708 4865 4709
f 4709 4865 4867
f 4709 4867 4868
f 4709 4868 4869
f 4709 4869 4870
f 4709 4870 4871
f 4709 4871 4872
f 4709 4872 4873
f 4709 4873 4863
f 4710 4859 4874
f 4710 4874 4875
f 4710 4875 4711
f 4711 4875 4876
f 4711 4876 4712
f 4712 4876 4713
f 4713 4876 4877
f 4713 4877 4878
f 4713 4878 4714
f 4714 4878 4715
f 4715 4878 4716
f 4716 4878 4717
f 4717 4878 4879
f 4717 4879 4718
f 4718 4879 5040
f 4718 5040 4880
f 4718 4880 4881
f 4718 4881 4719
f 4719 4881 4720
f 4720 4881 4882
f 4720 4882 4721
f 4721 4882 4883
f 4721 4883 4722
f 4722 4883 4884
f 4722 4884 4885
f 4722 4885 4886
f 4722 4886 4723
f 4723 4886 4887
f 4723 4887 4724
f 4724 4887 4888
f 4724 4888 4889
f 4724 4889 4725
f 4725 4889 4890
f 4725 4890 4726
f 4726 4890 4891
f 4726 4891 4727
f 4727 4891 4728
f 4728 4891 4732
f 4729 4892 4893
f 4729 4893 4734
f 4729 4731 4730
f 4729 4730 4894
f 4729 4894 4895
f 4729 4895 4896
f 4729 4896 4892
f 4730 4733 4732
f 4730 4732 4897
f 4730 4897 4898
f 4730 4898 4899
f 4730 4899 4900
f 4730 4900 4895
f 4730 4895 4894
f 4732 4891 4901
f 4732 4901 4897
f 4734 4893 4902
f 4734 4902 4903
f 4734 4903 4904
f 4734 4904 4737
f 4734 4737 4735
f 4736 4739 4905
f 4736 4905 4864
f 4737 4904 4738
f 4738 4904 4739
f 4739 4904 4905
f 4742 4862 4861
f 4742 4861 4906
f 4742 4906 4743
f 4743 4906 4907
f 4743 4907 4746
f 4743 4746 4745
f 4743 4745 4744
f 4746 4907 4908
f 4746 4908 4909
f 4746 4909 4747
f 4747 4909 4910
f 4747 4910 4748
f 4748 4910 4911
f 4748 4911 4749
f 4749 4911 4750
f 4750 4911 4912
f 4750 4912 4913
f 4750 4913 4914
f 4750 4914 4915
f 4750 4915 4759
f 4753 4916 4754
f 4753 4760 4914
f 4753 4914 4917
f 4753 4917 4918
f 4753 4918 4919
f 4753 4919 4916
f 4754 4916 4755
f 4755 4920 4921
f 4755 4921 4922
f 4755 4922 4756
f 4755 4916 4920
f 4756 4922 4761
f 4756 4758 4757
f 4759 4915 4914
f 4759 4914 4760
f 4761 4922 4827
f 4762 4820 4817
f 4762 4817 4923
f 4762 4923 4924
f 4762 4924 4925
f 4762 4925 4926
f 4762 4926 4763
f 4763 4926 4768
f 4763 4768 4764
f 4764 4767 4765
f 4764 4768 4767
f 4765 4767 4766
f 4768 4926 4770
f 4768 4770 4769
f 4770 4926 4925
f 4770 4925 4927
f 4770 4927 4928
f 4770 4928 4774
f 4770 4774 4773
f 4770 4773 4771
f 4771 4773 4772
f 4774 4928 4775
f 4775 4928 4929
f 4775 4929 4930
f 4775 4930 4776
f 4776 4930 4931
f 4776 4931 4932
f 4776 4932 4777
f 4777 4932 4778
f 4778 4932 4779
f 4779 4932 4933
f 4779 4933 4780
f 4780 4933 4934
f 4780 4934 4935
f 4780 4935 4936
f 4780 4936 4782
f 4782 4936 5089
f 4782 5089 4937
f 4783 4937 5090
f 4783 5090 4938
f 4783 4938 4785
f 4783 4785 4784
f 4785 4938 4939
f 4785 4939 5092
f 4785 5092 4940
f 4785 4940 4941
f 4785 4941 4786
f 4789 4811 4942
f 4789 4942 4790
f 4790 4942 4943
f 4790 4943 4944
f 4790 4944 4945
f 4790 4945 4946
f 4790 4946 4791
f 4791 4946 4792
f 4792 4946 4947
f 4792 4947 4793
f 4793 4948 4949
f 4793 4949 4950
f 4793 4950 4797
f 4793 4797 4794
f 4793 4947 4951
f 4793 4951 4948
f 4794 4796 4795
f 4797 4950 4952
f 4797 4952 4798
f 4798 4952 4953
f 4798 4953 4799
f 4799 4953 4954
f 4799 4954 4955
f 4799 4955 4956
f 4799 4956 4800
f 4800 4956 4957
f 4800 4957 4958
f 4800 4958 4959
f 4800 4959 4960
f 4800 4960 4961
f 4800 4961 4802
f 4800 4802 4801
f 4802 4805 4804
f 4802 4804 4803
f 4802 4961 4962
f 4802 4962 4963
f 4802 4963 4964
f 4802 4964 4805
f 4805 4965 4806
f 4805 4964 4963
f 4805 4963 4962
f 4805 4962 4966
f 4805 4966 4965
f 4809 4941 4810
f 4810 4942 4811
f 4810 4941 4940
f 4810 4940 4967
f 4810 4967 4968
f 4810 4968 4969
f 4810 4969 4970
f 4810 4970 4943
f 4810 4943 4942
f 4812 4971 4813
f 4813 4971 4973
f 4813 4973 4974
f 4813 4974 4975
f 4813 4975 4972
f 4816 4824 4976
f 4816 4976 4977
f 4816 4977 4978
f 4816 4978 4927
f 4816 4927 4923
f 4816 4923 4817
f 4817 4820 4818
f 4821 4979 4822
f 4821 4825 4980
f 4821 4980 4979
f 4822 4981 4982
f 4822 4982 4824
f 4822 4979 4981
f 4824 4982 4983
f 4824 4983 4976
f 4825 4831 4980
f 4826 4828 4833
f 4827 4984 4828
f 4827 4922 5083
f 4827 5083 4984
f 4828 4984 4985
f 4828 4985 4833
f 4829 4832 4830
f 4830 4986 4831
f 4830 4832 4988
f 4830 4988 4987
f 4830 4987 5136
f 4830 5136 4986
f 4831 4986 4980
f 4833 4985 4989
f 4833 4989 4988
f 4834 4990 4836
f 4836 4990 4991
f 4836 4991 4837
f 4837 4991 4992
f 4837 4992 4838
f 4838 4992 4993
f 4838 4993 4994
f 4838 4994 4839
f 4839 4994 4993
f 4839 4993 4840
f 4840 4993 4995
f 4840 4995 4841
f 4841 4995 4996
f 4841 4996 4842
f 4842 4996 4997
f 4842 4997 4998
f 4842 4998 4843
f 4843 4998 4999
f 4843 4999 5000
f 4843 5000 4844
f 4844 5001 4845
f 4844 5000 5002
f 4844 5002 5001
f 4845 5003 5004
f 4845 5004 4846
f 4845 5001 5005
f 4845 5005 5006
f 4845 5006 5003
f 4846 5004 5003
f 4846 5003 4847
f 4847 5003 5007
f 4847 5007 4848
f 4848 5007 4849
f 4849 5007 5008
f 4849 5008 4850
f 4850 5008 5009
f 4850 5009 4851
f 4851 5009 4852
f 4852 5009 5010
f 4852 5010 5011
f 4852 5011 4853
f 4853 4855 4854
f 4853 5011 5012
f 4853 5012 4855
f 4855 5012 4856
f 4856 5012 5013
f 4856 5013 5014
f 4856 5014 4857
f 4857 5014 4858
f 4858 5014 5015
f 4858 5015 4859
f 4859 5015 4874
f 4860 4863 4873
f 4860 4873 4861
f 4861 4873 4906
f 4864 4905 5016
f 4864 5016 4865
f 4865 5016 5017
f 4865 5017 4867
f 4867 5017 5018
f 4867 5018 4868
f 4868 5018 4869
f 4869 5019 5020
f 4869 5020 5021
f 4869 5021 5022
f 4869 5022 4870
f 4869 5018 5023
f 4869 5023 5024
f 4869 5024 5025
f 4869 5025 5026
f 4869 5026 5019
f 4870 5022 5027
f 4870 5027 4872
f 4870 4872 4871
f 4872 5027 5028
f 4872 5028 5029
f 4872 5029 4873
f 4873 5029 5030
f 4873 5030 4906
f 4874 5015 5166
f 4874 5166 5031
f 4874 5031 5032
f 4874 5032 4875
f 4875 5032 5033
f 4875 5033 5034
f 4875 5034 4876
f 4876 5034 4877
f 4877 5034 5035
f 4877 5035 5036
f 4877 5036 4878
f 4878 5036 4879
f 4879 5036 5037
f 4879 5037 5038
f 4879 5038 5039
f 4879 5039 5040
f 4880 5040 5041
f 4880 5041 4881
f 4881 5041 5042
f 4881 5042 5043
f 4881 5043 4882
f 4882 4884 4883
f 4882 5043 5044
f 4882 5044 4884
f 4884 5045 4885
f 4884 5044 5046
f 4884 5046 5047
f 4884 5047 5045
f 4885 5045 4886
f 4886 5045 5048
f 4886 5048 4887
f 4887 5048 4888
f 4888 5049 4889
f 4888 5048 5049
f 4889 5049 4890
f 4890 5049 4891
f 4891 5049 5050
f 4891 5050 4901
f 4892 5051 5052
f 4892 5052 4902
f 4892 4902 4893
f 4892 4896 5053
f 4892 5053 5054
f 4892 5054 5051
f 4895 4900 4899
f 4895 4899 5055
f 4895 5055 5053
f 4895 5053 4896
f 4897 4901 4898
f 4898 5056 4899
f 4898 4901 5057
f 4898 5057 5056
f 4899 5056 5055
f 4901 5050 5058
f 4901 5058 5059
f 4901 5059 5057
f 4902 5052 4903
f 4903 5060 5061
f 4903 5061 5062
f 4903 5062 4904
f 4903 5052 5051
f 4903 5051 5060
f 4904 5062 5063
f 4904 5063 5064
f 4904 5064 5065
f 4904 5065 4905
f 4905 5065 5016
f 4906 5030 5066
f 4906 5066 5067
f 4906 5067 4907
f 4907 5067 4908
f 4908 5067 4909
f 4909 5067 5068
f 4909 5068 4910
f 4910 5069 5070
f 4910 5070 4911
f 4910 5068 5071
f 4910 5071 5069
f 4911 5070 5069
f 4911 5069 5072
f 4911 5072 5073
f 4911 5073 4912
f 4912 5073 5074
f 4912 5074 4913
f 4913 5074 4917
f 4913 4917 4914
f 4916 4919 5075
f 4916 5075 5076
f 4916 5076 5077
f 4916 5077 4920
f 4917 5074 5073
f 4917 5073 4918
f 4918 5078 5079
f 4918 5079 4919
f 4918 5073 5080
f 4918 5080 5078
f 4919 5079 5081
f 4919 5081 5075
f 4920 5077 5076
f 4920 5076 4921
f 4921 5082 5248
f 4921 5248 5083
f 4921 5083 4922
f 4921 5076 5082
f 4923 4927 4925
f 4923 4925 4924
f 4927 4978 4977
f 4927 4977 4928
f 4928 4977 4929
f 4929 4977 5084
f 4929 5084 4931
f 4929 4931 4930
f 4931 5084 5085
f 4931 5085 5086
f 4931 5086 4933
f 4931 4933 4932
f 4933 5086 4934
f 4934 5086 5087
f 4934 5087 4935
f 4935 5087 5088
f 4935 5088 4936
f 4936 5088 5250
f 4936 5250 5089
f 4937 5089 5090
f 4938 5090 4939
f 4939 5090 5091
f 4939 5091 5252
f 4939 5252 5092
f 4940 5092 5093
f 4940 5093 4968
f 4940 4968 4967
f 4943 4970 4944
f 4944 5094 4945
f 4944 4970 5095
f 4944 5095 5094
f 4945 5094 5096
f 4945 5096 5097
f 4945 5097 4948
f 4945 4948 4951
f 4945 4951 4946
f 4946 4951 4947
f 4948 5097 5098
f 4948 5098 4949
f 4949 5098 5099
f 4949 5099 5100
f 4949 5100 5101
f 4949 5101 5102
f 4949 5102 4950
f 4950 5102 4952
f 4952 5102 5101
f 4952 5101 5103
f 4952 5103 5104
f 4952 5104 5105
f 4952 5105 4953
f 4953 5105 4954
f 4954 5105 5104
f 4954 5104 5106
f 4954 5106 5107
f 4954 5107 4956
f 4954 4956 4955
f 4956 5107 5108
f 4956 5108 4957
f 4957 5108 5109
f 4957 5109 4958
f 4958 5109 4959
f 4959 5110 4960
f 4959 5109 5110
f 4960 5110 5111
f 4960 5111 5112
f 4960 5112 5113
f 4960 5113 5114
f 4960 5114 4966
f 4960 4966 4962
f 4960 4962 4961
f 4965 4966 5114
f 4965 5114 5115
f 4965 5115 5112
f 4965 5112 5116
f 4968 5117 5119
f 4968 5119 4969
f 4968 5093 5253
f 4968 5253 5117
f 4969 5118 4970
f 4969 5119 5120
f 4969 5120 5121
f 4969 5121 5118
f 4970 5118 5122
f 4970 5122 5095
f 4972 4975 5123
f 4975 5124 5123
f 4976 4983 4981
f 4976 4981 5125
f 4976 5125 5126
f 4976 5126 4977
f 4977 5126 5125
f 4977 5125 5127
f 4977 5127 5128
f 4977 5128 5085
f 4977 5085 5084
f 4979 5129 4981
f 4979 4980 5129
f 4980 5130 5129
f 4980 4986 5130
f 4981 5129 5125
f 4981 4983 4982
f 4984 5083 5131
f 4984 5131 4985
f 4985 5131 5132
f 4985 5132 5133
f 4985 5133 4987
f 4985 4987 4989
f 4986 5134 5135
f 4986 5135 5130
f 4986 5136 5298
f 4986 5298 5134
f 4987 4988 4989
f 4987 5133 5136
f 4990 5137 5138
f 4990 5138 4991
f 4991 5138 4992
f 4992 5139 4993
f 4992 5138 5137
f 4992 5137 5140
f 4992 5140 5139
f 4993 5139 5141
f 4993 5141 4995
f 4995 5142 5143
f 4995 5143 5144
f 4995 5144 5145
f 4995 5145 5146
f 4995 5146 5147
f 4995 5147 5148
f 4995 5148 5149
f 4995 5149 5150
f 4995 5150 4997
f 4995 4997 4996
f 4995 5141 5139
f 4995 5139 5151
f 4995 5151 5142
f 4997 4999 4998
f 4997 5150 5149
f 4997 5149 5002
f 4997 5002 4999
f 4999 5002 5000
f 5001 5002 5152
f 5001 5152 5153
f 5001 5153 5154
f 5001 5154 5155
f 5001 5155 5005
f 5002 5149 5156
f 5002 5156 5157
f 5002 5157 5152
f 5003 5006 5158
f 5003 5158 5007
f 5005 5155 5006
f 5006 5155 5158
f 5007 5158 5159
f 5007 5159 5008
f 5008 5159 5160
f 5008 5160 5009
f 5009 5160 5161
f 5009 5161 5010
f 5010 5161 5011
f 5011 5161 5162
f 5011 5162 5163
f 5011 5163 5012
f 5012 5163 5164
f 5012 5164 5013
f 5013 5164 5014
f 5014 5164 5165
f 5014 5165 5015
f 5015 5165 5166
f 5016 5065 5167
f 5016 5167 5018
f 5016 5018 5017
f 5018 5167 5168
f 5018 5168 5023
f 5019 5026 5020
f 5020 5026 5169
f 5020 5169 5021
f 5021 5170 5171
f 5021 5171 5022
f 5021 5169 5172
f 5021 5172 5170
f 5022 5171 5173
f 5022 5173 5027
f 5023 5168 5174
f 5023 5174 5175
f 5023 5175 5176
f 5023 5176 5177
f 5023 5177 5024
f 5024 5026 5025
f 5024 5177 5178
f 5024 5178 5179
f 5024 5179 5026
f 5026 5179 5169
f 5027 5180 5181
f 5027 5181 5028
f 5027 5173 5180
f 5028 5181 5182
f 5028 5182 5029
f 5029 5182 5183
f 5029 5183 5184
f 5029 5184 5030
f 5030 5184 5066
f 5031 5166 5185
f 5031 5185 5032
f 5032 5185 5186
f 5032 5186 5187
f 5032 5187 5033
f 5033 5187 5034
f 5034 5187 5188
f 5034 5188 5035
f 5035 5188 5189
f 5035 5189 5036
f 5036 5189 5190
f 5036 5190 5037
f 5037 5190 5191
f 5037 5191 5192
f 5037 5192 5038
f 5038 5192 5193
f 5038 5193 5194
f 5038 5194 5195
f 5038 5195 5196
f 5038 5196 5197
f 5038 5197 5039
f 5039 5197 5198
f 5039 5198 5199
f 5039 5199 5040
f 5040 5199 5041
f 5041 5199 5198
f 5041 5198 5200
f 5041 5200 5042
f 5042 5200 5201
f 5042 5201 5202
f 5042 5202 5203
f 5042 5203 5043
f 5043 5203 5204
f 5043 5204 5044
f 5044 5204 5046
f 5045 5047 5048
f 5046 5204 5205
f 5046 5205 5206
f 5046 5206 5207
f 5046 5207 5208
f 5046 5208 5047
f 5047 5208 5209
f 5047 5209 5210
f 5047 5210 5048
f 5048 5210 5211
f 5048 5211 5212
f 5048 5212 5213
f 5048 5213 5058
f 5048 5058 5049
f 5049 5058 5050
f 5051 5214 5215
f 5051 5215 5342
f 5051 5342 5216
f 5051 5216 5217
f 5051 5217 5060
f 5051 5054 5053
f 5051 5053 5218
f 5051 5218 5219
f 5051 5219 5214
f 5053 5055 5056
f 5053 5056 5220
f 5053 5220 5221
f 5053 5221 5222
f 5053 5222 5218
f 5056 5057 5223
f 5056 5223 5224
f 5056 5224 5220
f 5057 5059 5223
f 5058 5225 5226
f 5058 5226 5059
f 5058 5213 5225
f 5059 5226 5223
f 5060 5217 5061
f 5061 5227 5228
f 5061 5228 5062
f 5061 5217 5227
f 5062 5228 5063
f 5063 5229 5175
f 5063 5175 5174
f 5063 5174 5064
f 5063 5228 5229
f 5064 5174 5168
f 5064 5168 5167
f 5064 5167 5065
f 5066 5184 5183
f 5066 5183 5230
f 5066 5230 5067
f 5067 5230 5182
f 5067 5182 5231
f 5067 5231 5232
f 5067 5232 5068
f 5068 5233 5234
f 5068 5234 5071
f 5068 5232 5233
f 5069 5235 5072
f 5069 5071 5234
f 5069 5234 5236
f 5069 5236 5235
f 5072 5235 5237
f 5072 5237 5245
f 5072 5245 5238
f 5072 5238 5073
f 5073 5238 5080
f 5075 5081 5076
f 5076 5239 5240
f 5076 5240 5241
f 5076 5241 5082
f 5076 5081 5242
f 5076 5242 5239
f 5078 5243 5244
f 5078 5244 5242
f 5078 5242 5081
f 5078 5081 5079
f 5078 5080 5243
f 5080 5238 5245
f 5080 5245 5246
f 5080 5246 5247
f 5080 5247 5243
f 5082 5241 5248
f 5083 5248 5131
f 5085 5128 5086
f 5086 5128 5127
f 5086 5127 5087
f 5087 5127 5249
f 5087 5249 5088
f 5088 5249 5250
f 5089 5250 5251
f 5089 5251 5090
f 5090 5251 5091
f 5091 5251 5402
f 5091 5402 5252
f 5092 5252 5253
f 5092 5253 5093
f 5094 5095 5096
f 5095 5254 5405
f 5095 5405 5255
f 5095 5255 5096
f 5095 5122 5256
f 5095 5256 5257
f 5095 5257 5254
f 5096 5255 5258
f 5096 5258 5098
f 5096 5098 5097
f 5098 5258 5099
f 5099 5258 5259
f 5099 5259 5260
f 5099 5260 5261
f 5099 5261 5262
f 5099 5262 5100
f 5100 5262 5263
f 5100 5263 5101
f 5101 5263 5264
f 5101 5264 5265
f 5101 5265 5103
f 5103 5266 5267
f 5103 5267 5268
f 5103 5268 5269
f 5103 5269 5104
f 5103 5265 5266
f 5104 5269 5106
f 5106 5269 5107
f 5107 5269 5108
f 5108 5269 5270
f 5108 5270 5271
f 5108 5271 5272
f 5108 5272 5273
f 5108 5273 5109
f 5109 5273 5274
f 5109 5274 5275
f 5109 5275 5110
f 5110 5275 5276
f 5110 5276 5277
f 5110 5277 5111
f 5111 5278 5112
f 5111 5277 5278
f 5112 5115 5113
f 5112 5278 5279
f 5112 5279 5116
f 5113 5115 5114
f 5117 5253 5280
f 5117 5280 5282
f 5117 5282 5119
f 5118 5281 5256
f 5118 5256 5122
f 5118 5121 5281
f 5119 5282 5283
f 5119 5283 5120
f 5120 5283 5284
f 5120 5284 5285
f 5120 5285 5286
f 5120 5286 5287
f 5120 5287 5121
f 5121 5287 5288
f 5121 5288 5281
f 5123 5124 5289
f 5124 5290 5291
f 5124 5291 5289
f 5125 5129 5292
f 5125 5292 5249
f 5125 5249 5127
f 5129 5130 5292
f 5130 5293 5249
f 5130 5249 5292
f 5130 5135 5297
f 5130 5297 5294
f 5130 5294 5293
f 5131 5248 5241
f 5131 5241 5295
f 5131 5295 5132
f 5132 5295 5296
f 5132 5296 5133
f 5133 5296 5136
f 5134 5297 5135
f 5134 5298 5444
f 5134 5444 5297
f 5136 5296 5299
f 5136 5299 5300
f 5136 5300 5298
f 5139 5140 5151
f 5142 5301 5302
f 5142 5302 5303
f 5142 5303 5143
f 5142 5151 5304
f 5142 5304 5301
f 5143 5303 5144
f 5144 5305 5145
f 5144 5303 5306
f 5144 5306 5305
f 5145 5305 5307
f 5145 5307 5308
f 5145 5308 5309
f 5145 5309 5310
f 5145 5310 5146
f 5146 5310 5148
f 5146 5148 5147
f 5148 5310 5311
f 5148 5311 5149
f 5149 5311 5312
f 5149 5312 5156
f 5152 5157 5313
f 5152 5313 5314
f 5152 5314 5153
f 5153 5314 5315
f 5153 5315 5316
f 5153 5316 5154
f 5154 5316 5155
f 5155 5316 5317
f 5155 5317 5318
f 5155 5318 5158
f 5156 5309 5319
f 5156 5319 5157
f 5156 5312 5320
f 5156 5320 5310
f 5156 5310 5309
f 5157 5319 5321
f 5157 5321 5322
f 5157 5322 5313
f 5158 5318 5159
f 5159 5318 5323
f 5159 5323 5160
f 5160 5323 5324
f 5160 5324 5325
f 5160 5325 5161
f 5161 5325 5326
f 5161 5326 5162
f 5162 5326 5327
f 5162 5327 5163
f 5163 5327 5164
f 5164 5327 5328
f 5164 5328 5329
f 5164 5329 5165
f 5165 5329 5330
f 5165 5330 5166
f 5166 5330 5331
f 5166 5331 5185
f 5169 5332 5172
f 5169 5179 5333
f 5169 5333 5332
f 5170 5334 5335
f 5170 5335 5336
f 5170 5336 5180
f 5170 5180 5173
f 5170 5173 5171
f 5170 5172 5337
f 5170 5337 5338
f 5170 5338 5339
f 5170 5339 5334
f 5172 5332 5340
f 5172 5340 5338
f 5172 5338 5337
f 5175 5229 5341
f 5175 5341 5342
f 5175 5342 5343
f 5175 5343 5176
f 5176 5343 5344
f 5176 5344 5177
f 5177 5344 5178
f 5178 5344 5333
f 5178 5333 5179
f 5180 5336 5231
f 5180 5231 5181
f 5181 5231 5182
f 5182 5230 5183
f 5185 5331 5481
f 5185 5481 5345
f 5185 5345 5346
f 5185 5346 5186
f 5186 5346 5347
f 5186 5347 5188
f 5186 5188 5187
f 5188 5347 5348
f 5188 5348 5349
f 5188 5349 5350
f 5188 5350 5351
f 5188 5351 5189
f 5189 5351 5191
f 5189 5191 5190
f 5191 5351 5193
f 5191 5193 5192
f 5193 5351 5352
f 5193 5352 5194
f 5194 5353 5354
f 5194 5354 5196
f 5194 5196 5195
f 5194 5352 5353
f 5196 5354 5355
f 5196 5355 5356
f 5196 5356 5200
f 5196 5200 5198
f 5196 5198 5197
f 5200 5356 5357
f 5200 5357 5358
f 5200 5358 5201
f 5201 5358 5202
f 5202 5358 5359
f 5202 5359 5360
f 5202 5360 5203
f 5203 5360 5205
f 5203 5205 5204
f 5205 5360 5361
f 5205 5361 5362
f 5205 5362 5363
f 5205 5363 5364
f 5205 5364 5206
f 5206 5364 5207
f 5207 5365 5208
f 5207 5364 5363
f 5207 5363 5366
f 5207 5366 5367
f 5207 5367 5368
f 5207 5368 5365
f 5208 5365 5209
f 5209 5365 5369
f 5209 5369 5370
f 5209 5370 5211
f 5209 5211 5210
f 5211 5371 5372
f 5211 5372 5213
f 5211 5213 5212
f 5211 5370 5371
f 5213 5372 5225
f 5214 5219 5373
f 5214 5373 5374
f 5214 5374 5215
f 5215 5374 5342
f 5216 5342 5341
f 5216 5341 5217
f 5217 5341 5227
f 5218 5222 5219
f 5219 5222 5373
f 5220 5224 5375
f 5220 5375 5221
f 5221 5376 5222
f 5221 5375 5377
f 5221 5377 5376
f 5222 5376 5373
f 5223 5226 5378
f 5223 5378 5379
f 5223 5379 5224
f 5224 5379 5380
f 5224 5380 5375
f 5225 5372 5381
f 5225 5381 5378
f 5225 5378 5226
f 5227 5341 5228
f 5228 5341 5229
f 5231 5382 5383
f 5231 5383 5232
f 5231 5336 5382
f 5232 5384 5385
f 5232 5385 5386
f 5232 5386 5233
f 5232 5383 5384
f 5233 5387 5234
f 5233 5386 5387
f 5234 5387 5236
f 5235 5236 5237
f 5236 5387 5388
f 5236 5388 5237
f 5237 5389 5245
f 5237 5388 5389
f 5239 5242 5390
f 5239 5390 5391
f 5239 5391 5392
f 5239 5392 5240
f 5240 5392 5393
f 5240 5393 5241
f 5241 5393 5392
f 5241 5392 5295
f 5242 5244 5394
f 5242 5394 5390
f 5243 5395 5244
f 5243 5247 5395
f 5244 5395 5396
f 5244 5396 5394
f 5245 5389 5246
f 5246 5389 5397
f 5246 5397 5398
f 5246 5398 5399
f 5246 5399 5400
f 5246 5400 5247
f 5247 5400 5401
f 5247 5401 5396
f 5247 5396 5395
f 5249 5293 5250
f 5250 5293 5251
f 5251 5293 5294
f 5251 5294 5297
f 5251 5297 5444
f 5251 5444 5402
f 5252 5402 5253
f 5253 5402 5280
f 5254 5403 5404
f 5254 5404 5405
f 5254 5257 5288
f 5254 5288 5287
f 5254 5287 5403
f 5255 5405 5406
f 5255 5406 5407
f 5255 5407 5408
f 5255 5408 5259
f 5255 5259 5258
f 5256 5281 5288
f 5256 5288 5257
f 5259 5408 5261
f 5259 5261 5260
f 5261 5409 5410
f 5261 5410 5411
f 5261 5411 5412
f 5261 5412 5264
f 5261 5264 5263
f 5261 5263 5262
f 5261 5408 5409
f 5264 5266 5265
f 5264 5412 5267
f 5264 5267 5266
f 5267 5413 5414
f 5267 5414 5415
f 5267 5415 5268
f 5267 5412 5416
f 5267 5416 5413
f 5268 5415 5417
f 5268 5417 5269
f 5269 5417 5270
f 5270 5417 5418
f 5270 5418 5419
f 5270 5419 5271
f 5271 5419 5420
f 5271 5420 5272
f 5272 5421 5422
f 5272 5422 5423
f 5272 5423 5273
f 5272 5420 5418
f 5272 5418 5424
f 5272 5424 5425
f 5272 5425 5426
f 5272 5426 5427
f 5272 5427 5428
f 5272 5428 5421
f 5273 5423 5274
f 5274 5423 5422
f 5274 5422 5275
f 5275 5422 5276
f 5276 5422 5429
f 5276 5429 5421
f 5276 5421 5430
f 5276 5430 5431
f 5276 5431 5432
f 5276 5432 5279
f 5276 5279 5278
f 5276 5278 5277
f 5280 5402 5433
f 5280 5433 5434
f 5280 5434 5282
f 5282 5434 5435
f 5282 5435 5283
f 5283 5435 5436
f 5283 5436 5284
f 5284 5436 5285
f 5285 5437 5438
f 5285 5438 5286
f 5285 5436 5437
f 5286 5438 5439
f 5286 5439 5287
f 5287 5439 5404
f 5287 5404 5403
f 5290 5440 5291
f 5291 5440 5441
f 5295 5442 5296
f 5295 5392 5442
f 5296 5442 5443
f 5296 5443 5299
f 5298 5300 5444
f 5299 5445 5446
f 5299 5446 5444
f 5299 5444 5300
f 5299 5443 5447
f 5299 5447 5448
f 5299 5448 5445
f 5301 5449 5450
f 5301 5450 5303
f 5301 5303 5302
f 5303 5450 5449
f 5303 5449 5306
f 5305 5306 5451
f 5305 5451 5452
f 5305 5452 5307
f 5306 5449 5453
f 5306 5453 5451
f 5307 5452 5454
f 5307 5454 5308
f 5308 5455 5456
f 5308 5456 5457
f 5308 5457 5458
f 5308 5458 5309
f 5308 5454 5455
f 5309 5458 5459
f 5309 5459 5319
f 5310 5320 5311
f 5311 5320 5312
f 5313 5315 5314
f 5313 5322 5460
f 5313 5460 5461
f 5313 5461 5462
f 5313 5462 5315
f 5315 5462 5463
f 5315 5463 5316
f 5316 5463 5464
f 5316 5464 5317
f 5317 5464 5318
f 5318 5464 5465
f 5318 5465 5323
f 5319 5459 5466
f 5319 5466 5321
f 5321 5466 5467
f 5321 5467 5468
f 5321 5468 5322
f 5322 5468 5469
f 5322 5469 5460
f 5323 5465 5470
f 5323 5470 5324
f 5324 5471 5325
f 5324 5470 5472
f 5324 5472 5473
f 5324 5473 5474
f 5324 5474 5475
f 5324 5475 5471
f 5325 5471 5476
f 5325 5476 5326
f 5326 5476 5327
f 5327 5476 5477
f 5327 5477 5478
f 5327 5478 5479
f 5327 5479 5328
f 5328 5479 5329
f 5329 5479 5480
f 5329 5480 5330
f 5330 5480 5481
f 5330 5481 5331
f 5332 5333 5340
f 5333 5482 5483
f 5333 5483 5340
f 5333 5344 5342
f 5333 5342 5484
f 5333 5484 5485
f 5333 5485 5486
f 5333 5486 5487
f 5333 5487 5488
f 5333 5488 5489
f 5333 5489 5482
f 5334 5339 5490
f 5334 5490 5491
f 5334 5491 5492
f 5334 5492 5335
f 5335 5492 5493
f 5335 5493 5494
f 5335 5494 5336
f 5336 5494 5382
f 5338 5495 5339
f 5338 5340 5495
f 5339 5495 5496
f 5339 5496 5490
f 5340 5483 5497
f 5340 5497 5495
f 5342 5344 5343
f 5342 5374 5498
f 5342 5498 5499
f 5342 5499 5500
f 5342 5500 5501
f 5342 5501 5484
f 5345 5481 5502
f 5345 5502 5503
f 5345 5503 5504
f 5345 5504 5346
f 5346 5504 5347
f 5347 5504 5348
f 5348 5505 5349
f 5348 5504 5505
f 5349 5506 5507
f 5349 5507 5350
f 5349 5505 5508
f 5349 5508 5509
f 5349 5509 5506
f 5350 5507 5506
f 5350 5506 5510
f 5350 5510 5353
f 5350 5353 5352
f 5350 5352 5351
f 5353 5510 5511
f 5353 5511 5512
f 5353 5512 5354
f 5354 5512 5513
f 5354 5513 5355
f 5355 5513 5514
f 5355 5514 5356
f 5356 5514 5515
f 5356 5515 5357
f 5357 5515 5358
f 5358 5515 5516
f 5358 5516 5359
f 5359 5516 5517
f 5359 5517 5362
f 5359 5362 5361
f 5359 5361 5360
f 5362 5517 5518
f 5362 5518 5519
f 5362 5519 5363
f 5363 5519 5366
f 5365 5368 5520
f 5365 5520 5369
f 5366 5521 5367
f 5366 5519 5522
f 5366 5522 5521
f 5367 5521 5368
f 5368 5521 5523
f 5368 5523 5524
f 5368 5524 5520
f 5369 5520 5525
f 5369 5525 5370
f 5370 5526 5371
f 5370 5525 5527
f 5370 5527 5528
f 5370 5528 5526
f 5371 5378 5372
f 5371 5526 5378
f 5372 5378 5381
f 5373 5376 5529
f 5373 5529 5530
f 5373 5530 5374
f 5374 5530 5531
f 5374 5531 5498
f 5375 5380 5532
f 5375 5532 5533
f 5375 5533 5534
f 5375 5534 5535
f 5375 5535 5376
f 5375 5376 5377
f 5376 5535 5536
f 5376 5536 5529
f 5378 5526 5537
f 5378 5537 5538
f 5378 5538 5539
f 5378 5539 5540
f 5378 5540 5541
f 5378 5541 5542
f 5378 5542 5532
f 5378 5532 5380
f 5378 5380 5379
f 5382 5494 5383
f 5383 5494 5543
f 5383 5543 5544
f 5383 5544 5384
f 5384 5544 5385
f 5385 5544 5543
f 5385 5543 5545
f 5385 5545 5546
f 5385 5546 5547
f 5385 5547 5548
f 5385 5548 5549
f 5385 5549 5551
f 5385 5551 5389
f 5385 5389 5388
f 5385 5388 5550
f 5385 5550 5387
f 5385 5387 5386
f 5387 5550 5388
f 5389 5551 5552
f 5389 5552 5397
f 5390 5553 5554
f 5390 5554 5555
f 5390 5555 5391
f 5390 5394 5556
f 5390 5556 5557
f 5390 5557 5553
f 5391 5555 5558
f 5391 5558 5559
f 5391 5559 5392
f 5392 5559 5560
f 5392 5560 5442
f 5394 5396 5401
f 5394 5401 5400
f 5394 5400 5556
f 5397 5552 5398
f 5398 5561 5562
f 5398 5562 5399
f 5398 5552 5551
f 5398 5551 5549
f 5398 5549 5563
f 5398 5563 5561
f 5399 5564 5565
f 5399 5565 5400
f 5399 5562 5564
f 5400 5565 5566
f 5400 5566 5567
f 5400 5567 5556
f 5402 5444 5446
f 5402 5446 5445
f 5402 5445 5433
f 5404 5568 5720
f 5404 5720 5569
f 5404 5569 5406
f 5404 5406 5405
f 5404 5439 5568
f 5406 5569 5570
f 5406 5570 5409
f 5406 5409 5408
f 5406 5408 5407
f 5409 5570 5571
f 5409 5571 5572
f 5409 5572 5410
f 5410 5572 5573
f 5410 5573 5574
f 5410 5574 5413
f 5410 5413 5411
f 5411 5416 5412
f 5411 5413 5416
f 5413 5574 5575
f 5413 5575 5576
f 5413 5576 5577
f 5413 5577 5578
f 5413 5578 5414
f 5414 5579 5415
f 5414 5578 5579
f 5415 5579 5580
f 5415 5580 5581
f 5415 5581 5582
f 5415 5582 5417
f 5417 5582 5581
f 5417 5581 5418
f 5418 5420 5419
f 5418 5581 5580
f 5418 5580 5424
f 5421 5428 5583
f 5421 5583 5584
f 5421 5584 5431
f 5421 5431 5430
f 5421 5429 5422
f 5424 5580 5585
f 5424 5585 5425
f 5425 5586 5587
f 5425 5587 5588
f 5425 5588 5589
f 5425 5589 5590
f 5425 5590 5426
f 5425 5585 5586
f 5426 5590 5591
f 5426 5591 5592
f 5426 5592 5593
f 5426 5593 5427
f 5427 5593 5594
f 5427 5594 5428
f 5428 5594 5583
f 5431 5595 5432
f 5431 5584 5596
f 5431 5596 5597
f 5431 5597 5595
f 5433 5445 5448
f 5433 5448 5434
f 5434 5448 5598
f 5434 5598 5435
f 5435 5598 5599
f 5435 5599 5436
f 5436 5599 5600
f 5436 5600 5437
f 5437 5601 5602
f 5437 5602 5603
f 5437 5603 5604
f 5437 5604 5438
f 5437 5600 5601
f 5438 5604 5568
f 5438 5568 5439
f 5440 5605 5441
f 5441 5605 5606
f 5442 5560 5443
f 5443 5560 5607
f 5443 5607 5447
f 5447 5607 5448
f 5448 5607 5598
f 5449 5608 5453
f 5451 5453 5609
f 5451 5609 5610
f 5451 5610 5611
f 5451 5611 5452
f 5452 5612 5454
f 5452 5611 5613
f 5452 5613 5612
f 5453 5608 5609
f 5454 5612 5455
f 5455 5614 5615
f 5455 5615 5456
f 5455 5612 5616
f 5455 5616 5617
f 5455 5617 5614
f 5456 5615 5618
f 5456 5618 5619
f 5456 5619 5457
f 5457 5619 5620
f 5457 5620 5621
f 5457 5621 5458
f 5458 5621 5459
f 5459 5621 5622
f 5459 5622 5467
f 5459 5467 5466
f 5460 5469 5461
f 5461 5623 5462
f 5461 5469 5624
f 5461 5624 5623
f 5462 5623 5625
f 5462 5625 5463
f 5463 5625 5626
f 5463 5626 5627
f 5463 5627 5464
f 5464 5627 5628
f 5464 5628 5629
f 5464 5629 5465
f 5465 5629 5470
f 5467 5622 5630
f 5467 5630 5631
f 5467 5631 5632
f 5467 5632 5468
f 5468 5632 5469
f 5469 5632 5624
f 5470 5629 5472
f 5471 5475 5633
f 5471 5633 5476
f 5472 5629 5628
f 5472 5628 5473
f 5473 5628 5634
f 5473 5634 5635
f 5473 5635 5636
f 5473 5636 5474
f 5474 5636 5475
f 5475 5636 5633
f 5476 5633 5637
f 5476 5637 5477
f 5477 5637 5478
f 5478 5637 5638
f 5478 5638 5639
f 5478 5639 5640
f 5478 5640 5479
f 5479 5640 5480
f 5480 5640 5641
f 5480 5641 5642
f 5480 5642 5643
f 5480 5643 5502
f 5480 5502 5481
f 5482 5644 5645
f 5482 5645 5483
f 5482 5489 5646
f 5482 5646 5647
f 5482 5647 5644
f 5483 5648 5497
f 5483 5645 5648
f 5484 5501 5485
f 5485 5501 5500
f 5485 5500 5499
f 5485 5499 5649
f 5485 5649 5486
f 5486 5649 5650
f 5486 5650 5651
f 5486 5651 5488
f 5486 5488 5487
f 5488 5652 5653
f 5488 5653 5489
f 5488 5651 5654
f 5488 5654 5655
f 5488 5655 5652
f 5489 5656 5657
f 5489 5657 5646
f 5489 5653 5656
f 5490 5496 5658
f 5490 5658 5491
f 5491 5658 5492
f 5492 5658 5493
f 5493 5658 5659
f 5493 5659 5660
f 5493 5660 5546
f 5493 5546 5545
f 5493 5545 5543
f 5493 5543 5494
f 5495 5661 5496
f 5495 5497 5648
f 5495 5648 5662
f 5495 5662 5661
f 5496 5661 5658
f 5498 5531 5499
f 5499 5531 5649
f 5502 5643 5663
f 5502 5663 5505
f 5502 5505 5503
f 5503 5505 5504
f 5505 5664 5665
f 5505 5665 5666
f 5505 5666 5508
f 5505 5663 5664
f 5506 5509 5667
f 5506 5667 5668
f 5506 5668 5510
f 5508 5666 5669
f 5508 5669 5670
f 5508 5670 5667
f 5508 5667 5509
f 5510 5668 5511
f 5511 5668 5815
f 5511 5815 5671
f 5511 5671 5512
f 5512 5671 5672
f 5512 5672 5673
f 5512 5673 5513
f 5513 5673 5514
f 5514 5673 5674
f 5514 5674 5675
f 5514 5675 5515
f 5515 5675 5676
f 5515 5676 5516
f 5516 5676 5677
f 5516 5677 5678
f 5516 5678 5519
f 5516 5519 5518
f 5516 5518 5517
f 5519 5678 5677
f 5519 5677 5679
f 5519 5679 5680
f 5519 5680 5522
f 5520 5524 5525
f 5521 5522 5681
f 5521 5681 5682
f 5521 5682 5683
f 5521 5683 5684
f 5521 5684 5685
f 5521 5685 5523
f 5522 5682 5681
f 5522 5680 5686
f 5522 5686 5682
f 5523 5687 5688
f 5523 5688 5689
f 5523 5689 5524
f 5523 5685 5690
f 5523 5690 5691
f 5523 5691 5687
f 5524 5689 5525
f 5525 5689 5528
f 5525 5528 5527
f 5526 5528 5692
f 5526 5692 5538
f 5526 5538 5537
f 5528 5689 5693
f 5528 5693 5694
f 5528 5694 5692
f 5529 5536 5695
f 5529 5695 5696
f 5529 5696 5697
f 5529 5697 5530
f 5530 5696 5649
f 5530 5649 5531
f 5530 5697 5696
f 5532 5542 5541
f 5532 5541 5533
f 5533 5698 5699
f 5533 5699 5534
f 5533 5541 5698
f 5534 5700 5536
f 5534 5536 5535
f 5534 5699 5700
f 5536 5701 5695
f 5536 5700 5701
f 5538 5702 5703
f 5538 5703 5539
f 5538 5692 5694
f 5538 5694 5704
f 5538 5704 5702
f 5539 5703 5540
f 5540 5703 5702
f 5540 5702 5705
f 5540 5705 5706
f 5540 5706 5541
f 5541 5706 5698
f 5546 5660 5707
f 5546 5707 5547
f 5547 5707 5548
f 5548 5707 5708
f 5548 5708 5709
f 5548 5709 5563
f 5548 5563 5549
f 5553 5557 5554
f 5554 5601 5600
f 5554 5600 5599
f 5554 5599 5598
f 5554 5598 5607
f 5554 5607 5710
f 5554 5710 5555
f 5554 5557 5711
f 5554 5711 5602
f 5554 5602 5601
f 5555 5710 5607
f 5555 5607 5560
f 5555 5560 5558
f 5556 5567 5566
f 5556 5566 5557
f 5557 5566 5712
f 5557 5712 5711
f 5558 5560 5559
f 5561 5713 5714
f 5561 5714 5562
f 5561 5563 5715
f 5561 5715 5713
f 5562 5714 5564
f 5563 5709 5716
f 5563 5716 5715
f 5564 5714 5717
f 5564 5717 5718
f 5564 5718 5712
f 5564 5712 5565
f 5565 5712 5566
f 5568 5604 5719
f 5568 5719 5720
f 5569 5720 5721
f 5569 5721 5570
f 5570 5721 5571
f 5571 5721 5722
f 5571 5722 5572
f 5572 5722 5723
f 5572 5723 5573
f 5573 5723 5724
f 5573 5724 5574
f 5574 5724 5575
f 5575 5724 5725
f 5575 5725 5576
f 5576 5725 5726
f 5576 5726 5727
f 5576 5727 5728
f 5576 5728 5729
f 5576 5729 5730
f 5576 5730 5731
f 5576 5731 5577
f 5577 5731 5578
f 5578 5731 5732
f 5578 5732 5733
f 5578 5733 5734
f 5578 5734 5579
f 5579 5734 5733
f 5579 5733 5580
f 5580 5733 5586
f 5580 5586 5735
f 5580 5735 5585
f 5583 5594 5736
f 5583 5736 5596
f 5583 5596 5584
f 5585 5735 5586
f 5586 5730 5737
f 5586 5737 5738
f 5586 5738 5739
f 5586 5739 5740
f 5586 5740 5587
f 5586 5733 5730
f 5587 5740 5739
f 5587 5739 5589
f 5587 5589 5588
f 5589 5741 5590
f 5589 5739 5742
f 5589 5742 5743
f 5589 5743 5744
f 5589 5744 5745
f 5589 5745 5741
f 5590 5741 5592
f 5590 5592 5591
f 5592 5741 5746
f 5592 5746 5736
f 5592 5736 5593
f 5593 5736 5594
f 5595 5597 5747
f 5596 5736 5748
f 5596 5748 5749
f 5596 5749 5597
f 5597 5749 5750
f 5597 5750 5746
f 5597 5746 5751
f 5597 5751 5752
f 5597 5752 5753
f 5597 5753 5754
f 5597 5754 5755
f 5597 5755 5756
f 5597 5756 5757
f 5597 5757 5758
f 5597 5758 5759
f 5597 5759 5747
f 5602 5711 5760
f 5602 5760 5603
f 5603 5760 5604
f 5604 5760 5719
f 5605 5761 5606
f 5606 5761 5762
f 5606 5762 5763
f 5612 5613 5764
f 5612 5764 5616
f 5613 5765 5764
f 5614 5617 5766
f 5614 5766 5767
f 5614 5767 5768
f 5614 5768 5615
f 5615 5768 5769
f 5615 5769 5618
f 5616 5764 5765
f 5616 5765 5770
f 5616 5770 5617
f 5617 5771 5772
f 5617 5772 5766
f 5617 5770 5771
f 5618 5769 5773
f 5618 5773 5619
f 5619 5773 5774
f 5619 5774 5620
f 5620 5774 5622
f 5620 5622 5621
f 5622 5774 5779
f 5622 5779 5630
f 5623 5624 5625
f 5624 5632 5775
f 5624 5775 5911
f 5624 5911 5776
f 5624 5776 5625
f 5625 5776 5777
f 5625 5777 5626
f 5626 5777 5778
f 5626 5778 5627
f 5627 5778 5634
f 5627 5634 5628
f 5630 5779 5780
f 5630 5780 5781
f 5630 5781 5631
f 5631 5781 5632
f 5632 5781 5782
f 5632 5782 5775
f 5633 5636 5783
f 5633 5783 5637
f 5634 5778 5777
f 5634 5777 5784
f 5634 5784 5635
f 5635 5784 5785
f 5635 5785 5786
f 5635 5786 5636
f 5636 5786 5787
f 5636 5787 5788
f 5636 5788 5783
f 5637 5783 5638
f 5638 5783 5789
f 5638 5789 5790
f 5638 5790 5639
f 5639 5790 5791
f 5639 5791 5641
f 5639 5641 5640
f 5641 5791 5792
f 5641 5792 5793
f 5641 5793 5794
f 5641 5794 5642
f 5642 5794 5643
f 5643 5794 5664
f 5643 5664 5663
f 5644 5795 5645
f 5644 5647 5796
f 5644 5796 5797
f 5644 5797 5795
f 5645 5795 5648
f 5646 5657 5647
f 5647 5657 5796
f 5648 5795 5662
f 5649 5696 5650
f 5650 5696 5798
f 5650 5798 5651
f 5651 5798 5799
f 5651 5799 5800
f 5651 5800 5654
f 5652 5655 5801
f 5652 5801 5802
f 5652 5802 5657
f 5652 5657 5656
f 5652 5656 5653
f 5654 5801 5655
f 5654 5800 5801
f 5657 5802 5803
f 5657 5803 5804
f 5657 5804 5805
f 5657 5805 5806
f 5657 5806 5797
f 5657 5797 5796
f 5658 5807 5659
f 5658 5661 5808
f 5658 5808 5809
f 5658 5809 5807
f 5659 5807 5660
f 5660 5810 5811
f 5660 5811 5707
f 5660 5807 5810
f 5661 5662 5795
f 5661 5795 5812
f 5661 5812 5813
f 5661 5813 5808
f 5664 5794 5666
f 5664 5666 5665
f 5666 5794 5669
f 5667 5670 5814
f 5667 5814 5668
f 5668 5814 5815
f 5669 5794 5816
f 5669 5816 5817
f 5669 5817 5818
f 5669 5818 5819
f 5669 5819 5670
f 5670 5819 5820
f 5670 5820 5821
f 5670 5821 5814
f 5671 5815 5822
f 5671 5822 5823
f 5671 5823 5672
f 5672 5823 5824
f 5672 5824 5673
f 5673 5824 5825
f 5673 5825 5674
f 5674 5825 5675
f 5675 5825 5826
f 5675 5826 5676
f 5676 5826 5827
f 5676 5827 5677
f 5677 5827 5828
f 5677 5828 5679
f 5679 5828 5829
f 5679 5829 5830
f 5679 5830 5680
f 5680 5830 5686
f 5682 5686 5683
f 5683 5686 5831
f 5683 5831 5832
f 5683 5832 5684
f 5684 5690 5685
f 5684 5832 5690
f 5686 5830 5831
f 5687 5833 5694
f 5687 5694 5693
f 5687 5693 5688
f 5687 5691 5690
f 5687 5690 5834
f 5687 5834 5835
f 5687 5835 5833
f 5688 5693 5689
f 5690 5832 5836
f 5690 5836 5837
f 5690 5837 5834
f 5694 5833 5838
f 5694 5838 5704
f 5695 5701 5839
f 5695 5839 5696
f 5696 5839 5798
f 5698 5706 5840
f 5698 5840 5699
f 5699 5840 5841
f 5699 5841 5842
f 5699 5842 5701
f 5699 5701 5700
f 5701 5842 5843
f 5701 5843 5844
f 5701 5844 5839
f 5702 5704 5845
f 5702 5845 5846
f 5702 5846 5705
f 5704 5847 5845
f 5704 5838 5848
f 5704 5848 5849
f 5704 5849 5847
f 5705 5846 5850
f 5705 5850 5706
f 5706 5850 5851
f 5706 5851 5840
f 5707 5852 5853
f 5707 5853 5708
f 5707 5811 5852
f 5708 5853 5854
f 5708 5854 5709
f 5709 5854 5855
f 5709 5855 5856
f 5709 5856 5857
f 5709 5857 5716
f 5711 5712 5858
f 5711 5858 5760
f 5712 5859 5858
f 5712 5718 5717
f 5712 5717 5860
f 5712 5860 5861
f 5712 5861 5859
f 5713 5717 5714
f 5713 5715 5862
f 5713 5862 5717
f 5715 5716 5857
f 5715 5857 5862
f 5717 5862 5863
f 5717 5863 5860
f 5719 5760 5864
f 5719 5864 5865
f 5719 5865 5720
f 5720 5865 5866
f 5720 5866 5721
f 5721 5867 5865
f 5721 5865 5868
f 5721 5868 5722
f 5721 5866 5867
f 5722 5869 5723
f 5722 5868 5869
f 5723 5869 5870
f 5723 5870 5871
f 5723 5871 5724
f 5724 5871 5872
f 5724 5872 5873
f 5724 5873 5874
f 5724 5874 5725
f 5725 5874 5873
f 5725 5873 5875
f 5725 5875 5876
f 5725 5876 5877
f 5725 5877 5726
f 5726 5877 5878
f 5726 5878 5727
f 5727 5878 5879
f 5727 5879 5880
f 5727 5880 5881
f 5727 5881 5882
f 5727 5882 5883
f 5727 5883 5728
f 5728 5883 5729
f 5729 5883 5884
f 5729 5884 5730
f 5730 5884 5737
f 5730 5733 5731
f 5731 5733 5732
f 5736 5746 5750
f 5736 5750 5748
f 5737 5884 5738
f 5738 5884 5885
f 5738 5885 5886
f 5738 5886 5887
f 5738 5887 5743
f 5738 5743 5739
f 5739 5743 5742
f 5741 5745 5888
f 5741 5888 5746
f 5743 5887 5744
f 5744 5887 5745
f 5745 5889 5890
f 5745 5890 5891
f 5745 5891 5892
f 5745 5892 5893
f 5745 5893 5751
f 5745 5751 5746
f 5745 5746 5888
f 5745 5887 5889
f 5748 5750 5749
f 5751 5893 5753
f 5751 5753 5752
f 5753 5893 5894
f 5753 5894 5754
f 5754 5894 5895
f 5754 5895 5896
f 5754 5896 5897
f 5754 5897 5755
f 5755 5897 5898
f 5755 5898 5756
f 5756 5898 5757
f 5757 5898 5897
f 5757 5897 5899
f 5760 5858 5864
f 5762 5900 5763
f 5763 5900 5902
f 5763 5902 5903
f 5763 5903 5901
f 5766 5904 5905
f 5766 5905 5767
f 5766 5772 5904
f 5767 5906 5768
f 5767 5905 5906
f 5768 5906 5907
f 5768 5907 5908
f 5768 5908 5909
f 5768 5909 5769
f 5769 5909 5773
f 5773 5909 5774
f 5774 5909 5910
f 5774 5910 5779
f 5775 5782 5911
f 5776 5911 5912
f 5776 5912 5777
f 5777 5912 5920
f 5777 5920 5784
f 5779 5910 5913
f 5779 5913 5914
f 5779 5914 5915
f 5779 5915 5780
f 5780 5915 5916
f 5780 5916 5917
f 5780 5917 5781
f 5781 5917 5918
f 5781 5918 5919
f 5781 5919 5782
f 5782 5919 5911
f 5783 5788 5789
f 5784 5920 5921
f 5784 5921 5785
f 5785 5921 5786
f 5786 5921 5787
f 5787 5922 5788
f 5787 5921 5923
f 5787 5923 5924
f 5787 5924 5925
f 5787 5925 5922
f 5788 5922 5789
f 5789 5926 5792
f 5789 5792 5790
f 5789 5922 5925
f 5789 5925 5927
f 5789 5927 5928
f 5789 5928 5926
f 5790 5792 5791
f 5792 5926 5793
f 5793 5926 5794
f 5794 5926 5929
f 5794 5929 5816
f 5795 5797 5806
f 5795 5806 5930
f 5795 5930 5812
f 5798 5839 5799
f 5799 5839 5844
f 5799 5844 5800
f 5800 5844 5843
f 5800 5843 5931
f 5800 5931 5932
f 5800 5932 5801
f 5801 5932 5933
f 5801 5933 5934
f 5801 5934 5802
f 5802 5934 6060
f 5802 6060 5935
f 5802 5935 5936
f 5802 5936 5803
f 5803 5936 5804
f 5804 5936 5805
f 5805 5937 5938
f 5805 5938 5806
f 5805 5936 5937
f 5806 5938 5930
f 5807 5939 5940
f 5807 5940 5810
f 5807 5809 5939
f 5808 5941 5809
f 5808 5813 5930
f 5808 5930 5942
f 5808 5942 5941
f 5809 5941 5943
f 5809 5943 5939
f 5810 5944 5945
f 5810 5945 5946
f 5810 5946 5811
f 5810 5940 5944
f 5811 5946 5852
f 5812 5930 5813
f 5814 5820 5947
f 5814 5947 5948
f 5814 5948 5949
f 5814 5949 5950
f 5814 5950 5815
f 5814 5821 5820
f 5815 5950 5822
f 5816 5929 5817
f 5817 5951 5818
f 5817 5929 5951
f 5818 5951 5952
f 5818 5952 5953
f 5818 5953 5954
f 5818 5954 5819
f 5819 5954 5947
f 5819 5947 5820
f 5822 5950 5949
f 5822 5949 5823
f 5823 5825 5824
f 5823 5949 5955
f 5823 5955 5956
f 5823 5956 5825
f 5825 5957 5958
f 5825 5958 5826
f 5825 5956 5959
f 5825 5959 5960
f 5825 5960 5961
f 5825 5961 5957
f 5826 5958 5828
f 5826 5828 5827
f 5828 5958 5957
f 5828 5957 5962
f 5828 5962 5829
f 5829 5962 5963
f 5829 5963 5964
f 5829 5964 5965
f 5829 5965 5830
f 5830 5965 5966
f 5830 5966 5831
f 5831 5966 5967
f 5831 5967 5832
f 5832 5967 5968
f 5832 5968 5836
f 5833 5835 5969
f 5833 5969 5838
f 5834 5837 5835
f 5835 5837 5970
f 5835 5970 5971
f 5835 5971 5969
f 5836 5968 5972
f 5836 5972 5837
f 5837 5972 5970
f 5838 5973 5848
f 5838 5969 5973
f 5840 5851 5974
f 5840 5974 5841
f 5841 5974 5975
f 5841 5975 5842
f 5842 5975 5931
f 5842 5931 5843
f 5845 5847 5849
f 5845 5849 5976
f 5845 5976 5977
f 5845 5977 5846
f 5846 5977 5978
f 5846 5978 5850
f 5848 5973 5849
f 5849 5979 5976
f 5849 5973 5980
f 5849 5980 5981
f 5849 5981 5979
f 5850 5978 5851
f 5851 5978 5982
f 5851 5982 5983
f 5851 5983 5974
f 5852 5946 5853
f 5853 5946 5854
f 5854 5946 5855
f 5855 5984 5985
f 5855 5985 5856
f 5855 5946 5945
f 5855 5945 5986
f 5855 5986 5984
f 5856 5985 5857
f 5857 5987 5863
f 5857 5863 5862
f 5857 5985 5988
f 5857 5988 5987
f 5858 5859 5989
f 5858 5989 5990
f 5858 5990 5864
f 5859 5861 5991
f 5859 5991 5989
f 5860 5992 5861
f 5860 5863 5993
f 5860 5993 5992
f 5861 5992 5991
f 5863 5987 5994
f 5863 5994 5995
f 5863 5995 5993
f 5864 5990 5865
f 5865 5989 5996
f 5865 5996 5997
f 5865 5997 5869
f 5865 5869 5868
f 5865 5867 5866
f 5865 5990 5989
f 5869 5997 5995
f 5869 5995 5870
f 5870 5995 5994
f 5870 5994 5998
f 5870 5998 5872
f 5870 5872 5871
f 5872 5998 5873
f 5873 5998 5999
f 5873 5999 5875
f 5875 5999 6000
f 5875 6000 5876
f 5876 6000 5877
f 5877 6000 6001
f 5877 6001 6002
f 5877 6002 6003
f 5877 6003 6004
f 5877 6004 5879
f 5877 5879 5878
f 5879 6004 5880
f 5880 6004 6005
f 5880 6005 6006
f 5880 6006 6007
f 5880 6007 5882
f 5880 5882 5881
f 5882 6008 5884
f 5882 5884 5883
f 5882 6007 6008
f 5884 6008 5886
f 5884 5886 5885
f 5886 6008 6007
f 5886 6007 6009
f 5886 6009 6010
f 5886 6010 5887
f 5887 6010 5889
f 5889 6010 6011
f 5889 6011 5890
f 5890 6012 5891
f 5890 6011 6010
f 5890 6010 6013
f 5890 6013 6014
f 5890 6014 6015
f 5890 6015 6016
f 5890 6016 6012
f 5891 6012 5892
f 5892 6012 6017
f 5892 6017 5895
f 5892 5895 5894
f 5892 5894 5893
f 5895 6017 5896
f 5896 6017 6018
f 5896 6018 6019
f 5896 6019 5897
f 5897 6019 6020
f 5897 6020 6021
f 5897 6021 6022
f 5897 6022 5899
f 5899 6022 6024
f 5899 6024 6023
f 5901 5903 6026
f 5901 6026 6025
f 5904 6027 5905
f 5905 6027 6028
f 5905 6028 6029
f 5905 6029 5906
f 5906 6030 6031
f 5906 6031 6032
f 5906 6032 5909
f 5906 5909 5908
f 5906 5908 5907
f 5906 6029 6030
f 5909 6032 6033
f 5909 6033 5910
f 5910 6033 5913
f 5911 5919 6034
f 5911 6034 6035
f 5911 6035 5912
f 5912 6035 6036
f 5912 6036 5920
f 5913 6033 6037
f 5913 6037 5914
f 5914 6037 5916
f 5914 5916 5915
f 5916 6037 6038
f 5916 6038 5917
f 5917 6038 5918
f 5918 6038 6039
f 5918 6039 6040
f 5918 6040 6041
f 5918 6041 5919
f 5919 6041 6042
f 5919 6042 6043
f 5919 6043 6034
f 5920 6036 5923
f 5920 5923 5921
f 5923 6036 6044
f 5923 6044 6045
f 5923 6045 6046
f 5923 6046 5924
f 5924 6046 6047
f 5924 6047 6048
f 5924 6048 5925
f 5925 6048 6049
f 5925 6049 5928
f 5925 5928 5927
f 5926 5928 6050
f 5926 6050 5929
f 5928 6049 6051
f 5928 6051 6050
f 5929 6050 6052
f 5929 6052 5951
f 5930 5938 6053
f 5930 6053 6054
f 5930 6054 6055
f 5930 6055 6056
f 5930 6056 5942
f 5931 5975 6057
f 5931 6057 5932
f 5932 6058 5933
f 5932 6057 6058
f 5933 6059 5934
f 5933 6058 6059
f 5934 6059 6060
f 5935 6061 5936
f 5935 6060 6061
f 5936 6062 6063
f 5936 6063 5937
f 5936 6061 6062
f 5937 6063 6064
f 5937 6064 6054
f 5937 6054 5938
f 5938 6054 6053
f 5939 5943 5940
f 5940 6065 5944
f 5940 5943 6065
f 5941 5942 6056
f 5941 6056 6066
f 5941 6066 5943
f 5943 6067 6065
f 5943 6066 6068
f 5943 6068 6067
f 5944 6065 6069
f 5944 6069 6070
f 5944 6070 6071
f 5944 6071 5945
f 5945 6071 5984
f 5945 5984 5986
f 5947 5954 6079
f 5947 6079 6072
f 5947 6072 6073
f 5947 6073 5948
f 5948 6073 5949
f 5949 6073 6074
f 5949 6074 5955
f 5951 6052 6075
f 5951 6075 5952
f 5952 6075 5953
f 5953 6075 6076
f 5953 6076 6077
f 5953 6077 6078
f 5953 6078 6079
f 5953 6079 5954
f 5955 6074 6080
f 5955 6080 5956
f 5956 6080 5959
f 5957 5963 5962
f 5957 5961 6081
f 5957 6081 6082
f 5957 6082 6083
f 5957 6083 5963
f 5959 6080 6084
f 5959 6084 6085
f 5959 6085 6086
f 5959 6086 6087
f 5959 6087 5960
f 5960 6087 5961
f 5961 6087 6081
f 5963 6083 5964
f 5964 6083 6088
f 5964 6088 5965
f 5965 6089 5966
f 5965 6088 6089
f 5966 6089 6090
f 5966 6090 5967
f 5967 6090 6091
f 5967 6091 5968
f 5968 6091 5972
f 5969 5980 5973
f 5969 5971 6092
f 5969 6092 5980
f 5970 5972 6093
f 5970 6093 6094
f 5970 6094 5971
f 5971 6094 6095
f 5971 6095 6092
f 5972 6091 6096
f 5972 6096 6097
f 5972 6097 6093
f 5974 5983 6098
f 5974 6098 6099
f 5974 6099 5975
f 5975 6099 6057
f 5976 6100 6101
f 5976 6101 5977
f 5976 5979 6102
f 5976 6102 6100
f 5977 6103 6104
f 5977 6104 5978
f 5977 6101 6103
f 5978 6104 5982
f 5979 5981 6102
f 5980 6092 6105
f 5980 6105 6106
f 5980 6106 5981
f 5981 6107 6102
f 5981 6106 6107
f 5982 6108 6109
f 5982 6109 5983
f 5982 6104 6108
f 5983 6109 6098
f 5984 6110 5988
f 5984 5988 5985
f 5984 6071 6110
f 5987 5988 6112
f 5987 6112 5994
f 5988 6110 6111
f 5988 6111 6112
f 5989 5991 5996
f 5991 5992 5996
f 5992 5997 5996
f 5992 5993 5995
f 5992 5995 5997
f 5994 6112 6113
f 5994 6113 5998
f 5998 6113 5999
f 5999 6113 6114
f 5999 6114 6000
f 6000 6115 6001
f 6000 6114 6116
f 6000 6116 6115
f 6001 6115 6002
f 6002 6115 6116
f 6002 6116 6117
f 6002 6117 6003
f 6003 6117 6004
f 6004 6117 6118
f 6004 6118 6119
f 6004 6119 6005
f 6005 6119 6006
f 6006 6119 6120
f 6006 6120 6007
f 6007 6120 6009
f 6009 6120 6121
f 6009 6121 6122
f 6009 6122 6010
f 6010 6122 6123
f 6010 6123 6014
f 6010 6014 6013
f 6012 6016 6124
f 6012 6124 6017
f 6014 6125 6126
f 6014 6126 6127
f 6014 6127 6016
f 6014 6016 6015
f 6014 6123 6128
f 6014 6128 6129
f 6014 6129 6130
f 6014 6130 6125
f 6016 6127 6131
f 6016 6131 6124
f 6017 6124 6018
f 6018 6124 6132
f 6018 6132 6133
f 6018 6133 6020
f 6018 6020 6019
f 6020 6133 6132
f 6020 6132 6134
f 6020 6134 6021
f 6021 6134 6135
f 6021 6135 6136
f 6021 6136 6022
f 6022 6136 6137
f 6022 6137 6024
f 6023 6024 6139
f 6023 6139 6140
f 6023 6140 6141
f 6023 6141 6138
f 6024 6137 6139
f 6025 6142 6143
f 6025 6026 6144
f 6025 6144 6145
f 6025 6145 6142
f 6027 6146 6028
f 6028 6146 6147
f 6028 6147 6148
f 6028 6148 6149
f 6028 6149 6029
f 6029 6149 6150
f 6029 6150 6030
f 6030 6150 6151
f 6030 6151 6152
f 6030 6152 6031
f 6031 6152 6153
f 6031 6153 6032
f 6032 6153 6154
f 6032 6154 6155
f 6032 6155 6033
f 6033 6155 6156
f 6033 6156 6157
f 6033 6157 6158
f 6033 6158 6037
f 6034 6043 6159
f 6034 6159 6160
f 6034 6160 6035
f 6035 6160 6161
f 6035 6161 6036
f 6036 6161 6044
f 6037 6158 6162
f 6037 6162 6038
f 6038 6162 6039
f 6039 6162 6163
f 6039 6163 6040
f 6040 6163 6283
f 6040 6283 6164
f 6040 6164 6042
f 6040 6042 6041
f 6042 6159 6043
f 6042 6164 6165
f 6042 6165 6159
f 6044 6161 6159
f 6044 6159 6166
f 6044 6166 6045
f 6045 6166 6165
f 6045 6165 6167
f 6045 6167 6287
f 6045 6287 6168
f 6045 6168 6046
f 6046 6168 6047
f 6047 6168 6169
f 6047 6169 6048
f 6048 6169 6170
f 6048 6170 6049
f 6049 6075 6051
f 6049 6170 6075
f 6050 6051 6052
f 6051 6075 6052
f 6054 6171 6172
f 6054 6172 6055
f 6054 6064 6171
f 6055 6172 6068
f 6055 6068 6173
f 6055 6173 6056
f 6056 6068 6066
f 6056 6173 6068
f 6057 6099 6098
f 6057 6098 6174
f 6057 6174 6058
f 6058 6175 6059
f 6058 6174 6175
f 6059 6175 6176
f 6059 6176 6060
f 6060 6176 6177
f 6060 6177 6061
f 6061 6178 6062
f 6061 6177 6179
f 6061 6179 6178
f 6062 6178 6063
f 6063 6180 6181
f 6063 6181 6064
f 6063 6178 6180
f 6064 6181 6171
f 6065 6182 6069
f 6065 6067 6182
f 6067 6068 6183
f 6067 6183 6184
f 6067 6184 6182
f 6068 6185 6183
f 6068 6172 6185
f 6069 6182 6186
f 6069 6186 6070
f 6070 6187 6071
f 6070 6186 6187
f 6071 6187 6188
f 6071 6188 6189
f 6071 6189 6111
f 6071 6111 6110
f 6072 6079 6196
f 6072 6196 6190
f 6072 6190 6191
f 6072 6191 6073
f 6073 6191 6080
f 6073 6080 6074
f 6075 6170 6076
f 6076 6170 6077
f 6077 6170 6192
f 6077 6192 6193
f 6077 6193 6194
f 6077 6194 6195
f 6077 6195 6078
f 6078 6195 6079
f 6079 6195 6196
f 6080 6191 6200
f 6080 6200 6084
f 6081 6197 6082
f 6081 6087 6198
f 6081 6198 6199
f 6081 6199 6197
f 6082 6197 6083
f 6083 6197 6088
f 6084 6200 6201
f 6084 6201 6085
f 6085 6201 6086
f 6086 6201 6202
f 6086 6202 6198
f 6086 6198 6087
f 6088 6197 6314
f 6088 6314 6203
f 6088 6203 6204
f 6088 6204 6089
f 6089 6204 6090
f 6090 6204 6091
f 6091 6204 6205
f 6091 6205 6206
f 6091 6206 6212
f 6091 6212 6096
f 6092 6095 6105
f 6093 6097 6207
f 6093 6207 6094
f 6094 6207 6208
f 6094 6208 6095
f 6095 6208 6209
f 6095 6209 6210
f 6095 6210 6211
f 6095 6211 6105
f 6096 6212 6097
f 6097 6209 6207
f 6097 6212 6209
f 6098 6109 6213
f 6098 6213 6174
f 6100 6214 6101
f 6100 6102 6215
f 6100 6215 6214
f 6101 6214 6216
f 6101 6216 6103
f 6102 6107 6215
f 6103 6216 6217
f 6103 6217 6218
f 6103 6218 6108
f 6103 6108 6104
f 6105 6211 6106
f 6106 6219 6107
f 6106 6211 6219
f 6107 6219 6220
f 6107 6220 6215
f 6108 6218 6221
f 6108 6221 6109
f 6109 6221 6222
f 6109 6222 6213
f 6111 6189 6112
f 6112 6189 6223
f 6112 6223 6113
f 6113 6223 6114
f 6114 6223 6224
f 6114 6224 6116
f 6116 6188 6187
f 6116 6187 6225
f 6116 6225 6117
f 6116 6224 6223
f 6116 6223 6188
f 6117 6225 6226
f 6117 6226 6118
f 6118 6227 6228
f 6118 6228 6229
f 6118 6229 6230
f 6118 6230 6119
f 6118 6226 6227
f 6119 6121 6120
f 6119 6230 6231
f 6119 6231 6232
f 6119 6232 6233
f 6119 6233 6121
f 6121 6233 6122
f 6122 6233 6234
f 6122 6234 6123
f 6123 6234 6128
f 6124 6131 6132
f 6125 6235 6126
f 6125 6130 6236
f 6125 6236 6235
f 6126 6235 6237
f 6126 6237 6127
f 6127 6237 6238
f 6127 6238 6131
f 6128 6234 6239
f 6128 6239 6129
f 6129 6239 6240
f 6129 6240 6241
f 6129 6241 6242
f 6129 6242 6243
f 6129 6243 6244
f 6129 6244 6245
f 6129 6245 6130
f 6130 6246 6236
f 6130 6245 6246
f 6131 6238 6247
f 6131 6247 6248
f 6131 6248 6132
f 6132 6248 6249
f 6132 6249 6250
f 6132 6250 6134
f 6134 6250 6251
f 6134 6251 6135
f 6135 6252 6137
f 6135 6137 6136
f 6135 6251 6253
f 6135 6253 6252
f 6137 6252 6140
f 6137 6140 6139
f 6138 6141 6254
f 6140 6252 6255
f 6140 6255 6141
f 6141 6255 6256
f 6141 6256 6257
f 6141 6257 6254
f 6142 6258 6259
f 6142 6259 6260
f 6142 6260 6261
f 6142 6261 6262
f 6142 6262 6263
f 6142 6263 6264
f 6142 6264 6143
f 6142 6145 6265
f 6142 6265 6258
f 6143 6264 6266
f 6147 6267 6148
f 6148 6267 6388
f 6148 6388 6268
f 6148 6268 6269
f 6148 6269 6149
f 6149 6269 6270
f 6149 6270 6150
f 6150 6270 6271
f 6150 6271 6151
f 6151 6271 6272
f 6151 6272 6152
f 6152 6272 6153
f 6153 6272 6273
f 6153 6273 6154
f 6154 6273 6274
f 6154 6274 6275
f 6154 6275 6276
f 6154 6276 6156
f 6154 6156 6155
f 6156 6276 6277
f 6156 6277 6278
f 6156 6278 6157
f 6157 6278 6158
f 6158 6278 6279
f 6158 6279 6162
f 6159 6165 6166
f 6159 6161 6160
f 6162 6279 6280
f 6162 6280 6163
f 6163 6280 6281
f 6163 6281 6282
f 6163 6282 6283
f 6164 6283 6284
f 6164 6284 6400
f 6164 6400 6285
f 6164 6285 6165
f 6165 6285 6286
f 6165 6286 6167
f 6167 6286 6403
f 6167 6403 6287
f 6168 6288 6169
f 6168 6287 6288
f 6169 6288 6289
f 6169 6289 6170
f 6170 6289 6192
f 6171 6290 6292
f 6171 6292 6172
f 6171 6181 6291
f 6171 6291 6290
f 6172 6292 6293
f 6172 6293 6185
f 6174 6294 6295
f 6174 6295 6175
f 6174 6213 6294
f 6175 6295 6176
f 6176 6295 6296
f 6176 6296 6177
f 6177 6296 6179
f 6178 6179 6297
f 6178 6297 6180
f 6179 6298 6297
f 6179 6296 6407
f 6179 6407 6298
f 6180 6299 6181
f 6180 6297 6300
f 6180 6300 6299
f 6181 6299 6301
f 6181 6301 6291
f 6182 6184 6302
f 6182 6302 6186
f 6183 6185 6303
f 6183 6303 6184
f 6184 6303 6304
f 6184 6304 6302
f 6185 6293 6303
f 6186 6305 6306
f 6186 6306 6225
f 6186 6225 6187
f 6186 6302 6305
f 6188 6223 6189
f 6190 6196 6307
f 6190 6307 6308
f 6190 6308 6191
f 6191 6308 6200
f 6192 6289 6309
f 6192 6309 6193
f 6193 6309 6310
f 6193 6310 6311
f 6193 6311 6194
f 6194 6311 6312
f 6194 6312 6313
f 6194 6313 6195
f 6195 6313 6307
f 6195 6307 6196
f 6197 6199 6316
f 6197 6316 6314
f 6198 6202 6323
f 6198 6323 6315
f 6198 6315 6199
f 6199 6315 6316
f 6200 6308 6317
f 6200 6317 6201
f 6201 6317 6318
f 6201 6318 6319
f 6201 6319 6320
f 6201 6320 6321
f 6201 6321 6322
f 6201 6322 6202
f 6202 6322 6321
f 6202 6321 6320
f 6202 6320 6323
f 6203 6324 6325
f 6203 6325 6204
f 6203 6314 6326
f 6203 6326 6324
f 6204 6327 6205
f 6204 6325 6327
f 6205 6327 6328
f 6205 6328 6206
f 6206 6328 6329
f 6206 6329 6212
f 6207 6209 6208
f 6209 6212 6330
f 6209 6330 6331
f 6209 6331 6210
f 6210 6332 6211
f 6210 6331 6332
f 6211 6333 6342
f 6211 6342 6219
f 6211 6332 6334
f 6211 6334 6333
f 6212 6335 6330
f 6212 6329 6335
f 6213 6222 6294
f 6214 6336 6216
f 6214 6215 6337
f 6214 6337 6447
f 6214 6447 6336
f 6215 6220 6337
f 6216 6338 6217
f 6216 6336 6338
f 6217 6339 6340
f 6217 6340 6218
f 6217 6338 6339
f 6218 6340 6341
f 6218 6341 6221
f 6219 6342 6220
f 6220 6343 6337
f 6220 6342 6343
f 6221 6341 6222
f 6222 6344 6345
f 6222 6345 6294
f 6222 6341 6344
f 6225 6306 6227
f 6225 6227 6226
f 6227 6306 6305
f 6227 6305 6228
f 6228 6305 6229
f 6229 6305 6346
f 6229 6346 6347
f 6229 6347 6230
f 6230 6347 6231
f 6231 6347 6348
f 6231 6348 6349
f 6231 6349 6350
f 6231 6350 6232
f 6232 6350 6351
f 6232 6351 6233
f 6233 6351 6352
f 6233 6352 6240
f 6233 6240 6239
f 6233 6239 6234
f 6235 6236 6353
f 6235 6353 6237
f 6236 6246 6245
f 6236 6245 6354
f 6236 6354 6355
f 6236 6355 6353
f 6237 6353 6238
f 6238 6356 6247
f 6238 6353 6355
f 6238 6355 6357
f 6238 6357 6356
f 6240 6352 6241
f 6241 6358 6359
f 6241 6359 6242
f 6241 6352 6358
f 6242 6359 6360
f 6242 6360 6243
f 6243 6361 6362
f 6243 6362 6244
f 6243 6360 6361
f 6244 6362 6363
f 6244 6363 6364
f 6244 6364 6365
f 6244 6365 6245
f 6245 6365 6354
f 6247 6249 6248
f 6247 6356 6366
f 6247 6366 6367
f 6247 6367 6249
f 6249 6251 6250
f 6249 6367 6253
f 6249 6253 6251
f 6252 6253 6368
f 6252 6368 6255
f 6253 6369 6368
f 6253 6367 6370
f 6253 6370 6369
f 6254 6257 6372
f 6254 6372 6371
f 6255 6368 6256
f 6256 6372 6257
f 6256 6368 6373
f 6256 6373 6374
f 6256 6374 6375
f 6256 6375 6376
f 6256 6376 6372
f 6258 6377 6259
f 6258 6265 6377
f 6259 6377 6378
f 6259 6378 6260
f 6260 6378 6379
f 6260 6379 6380
f 6260 6380 6381
f 6260 6381 6261
f 6261 6381 6262
f 6262 6381 6263
f 6263 6381 6382
f 6263 6382 6383
f 6263 6383 6384
f 6263 6384 6385
f 6263 6385 6266
f 6263 6266 6264
f 6265 6386 6387
f 6265 6387 6377
f 6268 6388 6389
f 6268 6389 6269
f 6269 6389 6270
f 6270 6389 6271
f 6271 6390 6272
f 6271 6389 6390
f 6272 6390 6391
f 6272 6391 6392
f 6272 6392 6273
f 6273 6392 6274
f 6274 6392 6275
f 6275 6393 6394
f 6275 6394 6277
f 6275 6277 6276
f 6275 6392 6393
f 6277 6394 6278
f 6278 6394 6395
f 6278 6395 6279
f 6279 6395 6396
f 6279 6396 6280
f 6280 6396 6397
f 6280 6397 6282
f 6280 6282 6281
f 6282 6397 6398
f 6282 6398 6283
f 6283 6398 6399
f 6283 6399 6284
f 6284 6399 6400
f 6285 6400 6401
f 6285 6401 6286
f 6286 6401 6402
f 6286 6402 6403
f 6287 6309 6289
f 6287 6289 6288
f 6287 6403 6309
f 6290 6404 6405
f 6290 6405 6292
f 6290 6291 6404
f 6291 6301 6404
f 6292 6405 6293
f 6293 6405 6304
f 6293 6304 6303
f 6294 6345 6295
f 6295 6345 6406
f 6295 6406 6296
f 6296 6406 6408
f 6296 6408 6407
f 6297 6409 6410
f 6297 6410 6300
f 6297 6298 6411
f 6297 6411 6409
f 6298 6407 6411
f 6299 6300 6410
f 6299 6410 6412
f 6299 6412 6413
f 6299 6413 6301
f 6301 6413 6414
f 6301 6414 6404
f 6302 6304 6415
f 6302 6415 6346
f 6302 6346 6305
f 6304 6405 6415
f 6307 6313 6416
f 6307 6416 6417
f 6307 6417 6418
f 6307 6418 6308
f 6308 6418 6419
f 6308 6419 6317
f 6309 6403 6310
f 6310 6403 6420
f 6310 6420 6421
f 6310 6421 6422
f 6310 6422 6423
f 6310 6423 6424
f 6310 6424 6311
f 6311 6424 6312
f 6312 6424 6416
f 6312 6416 6313
f 6314 6316 6425
f 6314 6425 6326
f 6315 6323 6426
f 6315 6426 6425
f 6315 6425 6316
f 6317 6419 6427
f 6317 6427 6428
f 6317 6428 6318
f 6318 6428 6552
f 6318 6552 6429
f 6318 6429 6319
f 6319 6430 6431
f 6319 6431 6320
f 6319 6429 6553
f 6319 6553 6432
f 6319 6432 6433
f 6319 6433 6426
f 6319 6426 6430
f 6320 6431 6323
f 6323 6431 6430
f 6323 6430 6434
f 6323 6434 6426
f 6324 6435 6327
f 6324 6327 6325
f 6324 6326 6437
f 6324 6437 6436
f 6324 6436 6557
f 6324 6557 6435
f 6326 6425 6426
f 6326 6426 6437
f 6327 6438 6328
f 6327 6435 6438
f 6328 6438 6439
f 6328 6439 6329
f 6329 6439 6335
f 6330 6335 6445
f 6330 6445 6440
f 6330 6440 6331
f 6331 6441 6332
f 6331 6440 6441
f 6332 6442 6334
f 6332 6441 6442
f 6333 6334 6442
f 6333 6442 6443
f 6333 6443 6342
f 6335 6439 6444
f 6335 6444 6445
f 6336 6446 6338
f 6336 6447 6448
f 6336 6448 6446
f 6337 6343 6447
f 6338 6449 6450
f 6338 6450 6339
f 6338 6446 6449
f 6339 6450 6451
f 6339 6451 6340
f 6340 6451 6341
f 6341 6452 6453
f 6341 6453 6344
f 6341 6451 6452
f 6342 6454 6343
f 6342 6443 6455
f 6342 6455 6454
f 6343 6454 6447
f 6344 6453 6345
f 6345 6456 6408
f 6345 6408 6406
f 6345 6453 6456
f 6346 6415 6348
f 6346 6348 6347
f 6348 6415 6457
f 6348 6457 6349
f 6349 6457 6458
f 6349 6458 6459
f 6349 6459 6350
f 6350 6459 6358
f 6350 6358 6351
f 6351 6358 6352
f 6354 6365 6355
f 6355 6460 6357
f 6355 6365 6461
f 6355 6461 6460
f 6356 6357 6462
f 6356 6462 6366
f 6357 6460 6462
f 6358 6459 6463
f 6358 6463 6464
f 6358 6464 6465
f 6358 6465 6359
f 6359 6465 6466
f 6359 6466 6360
f 6360 6466 6362
f 6360 6362 6361
f 6362 6467 6468
f 6362 6468 6469
f 6362 6469 6363
f 6362 6466 6467
f 6363 6469 6470
f 6363 6470 6364
f 6364 6470 6471
f 6364 6471 6365
f 6365 6471 6472
f 6365 6472 6473
f 6365 6473 6474
f 6365 6474 6461
f 6366 6462 6370
f 6366 6370 6367
f 6368 6370 6475
f 6368 6475 6476
f 6368 6476 6477
f 6368 6477 6373
f 6368 6369 6370
f 6370 6462 6475
f 6371 6372 6479
f 6371 6479 6478
f 6372 6376 6375
f 6372 6375 6480
f 6372 6480 6481
f 6372 6481 6482
f 6372 6482 6479
f 6373 6477 6374
f 6374 6477 6476
f 6374 6476 6483
f 6374 6483 6484
f 6374 6484 6485
f 6374 6485 6375
f 6375 6485 6480
f 6377 6387 6486
f 6377 6486 6487
f 6377 6487 6378
f 6378 6487 6379
f 6379 6488 6489
f 6379 6489 6490
f 6379 6490 6491
f 6379 6491 6492
f 6379 6492 6380
f 6379 6487 6488
f 6380 6492 6493
f 6380 6493 6494
f 6380 6494 6381
f 6381 6494 6495
f 6381 6495 6496
f 6381 6496 6497
f 6381 6497 6498
f 6381 6498 6382
f 6382 6498 6497
f 6382 6497 6383
f 6383 6499 6384
f 6383 6497 6500
f 6383 6500 6499
f 6384 6499 6501
f 6384 6501 6385
f 6386 6502 6503
f 6386 6503 6504
f 6386 6504 6387
f 6387 6504 6487
f 6387 6487 6486
f 6388 6505 6389
f 6388 6506 6505
f 6389 6505 6507
f 6389 6507 6508
f 6389 6508 6509
f 6389 6509 6510
f 6389 6510 6390
f 6390 6511 6391
f 6390 6510 6512
f 6390 6512 6511
f 6391 6513 6392
f 6391 6511 6513
f 6392 6513 6393
f 6393 6513 6514
f 6393 6514 6515
f 6393 6515 6516
f 6393 6516 6517
f 6393 6517 6394
f 6394 6517 6395
f 6395 6518 6519
f 6395 6519 6396
f 6395 6517 6518
f 6396 6519 6520
f 6396 6520 6397
f 6397 6520 6521
f 6397 6521 6522
f 6397 6522 6523
f 6397 6523 6524
f 6397 6524 6398
f 6398 6524 6399
f 6399 6525 6402
f 6399 6402 6401
f 6399 6401 6400
f 6399 6524 6526
f 6399 6526 6527
f 6399 6527 6528
f 6399 6528 6525
f 6402 6525 6528
f 6402 6528 6529
f 6402 6529 6403
f 6403 6529 6420
f 6404 6414 6530
f 6404 6530 6405
f 6405 6530 6415
f 6407 6531 6411
f 6407 6408 6531
f 6408 6456 6532
f 6408 6532 6533
f 6408 6533 6531
f 6409 6534 6536
f 6409 6536 6410
f 6409 6411 6535
f 6409 6535 6534
f 6410 6536 6412
f 6411 6531 6537
f 6411 6537 6535
f 6412 6538 6413
f 6412 6536 6538
f 6413 6538 6539
f 6413 6539 6414
f 6414 6539 6463
f 6414 6463 6540
f 6414 6540 6458
f 6414 6458 6530
f 6415 6530 6457
f 6416 6541 6542
f 6416 6542 6427
f 6416 6427 6417
f 6416 6424 6541
f 6417 6427 6418
f 6418 6427 6419
f 6420 6529 6421
f 6421 6529 6543
f 6421 6543 6544
f 6421 6544 6422
f 6422 6544 6545
f 6422 6545 6423
f 6423 6545 6424
f 6424 6545 6541
f 6426 6546 6547
f 6426 6547 6548
f 6426 6548 6437
f 6426 6434 6430
f 6426 6433 6549
f 6426 6549 6550
f 6426 6550 6546
f 6427 6542 6551
f 6427 6551 6428
f 6428 6551 6654
f 6428 6654 6552
f 6429 6552 6553
f 6432 6553 6658
f 6432 6658 6554
f 6432 6554 6555
f 6432 6555 6433
f 6433 6555 6556
f 6433 6556 6549
f 6435 6557 6439
f 6435 6439 6438
f 6436 6437 6558
f 6436 6558 6559
f 6436 6559 6560
f 6436 6560 6557
f 6437 6548 6558
f 6439 6561 6444
f 6439 6557 6562
f 6439 6562 6561
f 6440 6563 6441
f 6440 6445 6567
f 6440 6567 6563
f 6441 6564 6442
f 6441 6563 6564
f 6442 6565 6443
f 6442 6564 6565
f 6443 6565 6566
f 6443 6566 6455
f 6444 6561 6560
f 6444 6560 6445
f 6445 6560 6567
f 6446 6448 6568
f 6446 6568 6569
f 6446 6569 6570
f 6446 6570 6449
f 6447 6454 6571
f 6447 6571 6448
f 6448 6571 6568
f 6449 6570 6572
f 6449 6572 6450
f 6450 6572 6451
f 6451 6573 6574
f 6451 6574 6452
f 6451 6572 6573
f 6452 6574 6575
f 6452 6575 6453
f 6453 6575 6456
f 6454 6576 6568
f 6454 6568 6571
f 6454 6455 6566
f 6454 6566 6576
f 6456 6575 6532
f 6457 6530 6458
f 6458 6540 6459
f 6459 6540 6463
f 6460 6461 6474
f 6460 6474 6462
f 6462 6474 6577
f 6462 6577 6578
f 6462 6578 6475
f 6463 6465 6464
f 6463 6539 6538
f 6463 6538 6579
f 6463 6579 6466
f 6463 6466 6465
f 6466 6579 6580
f 6466 6580 6467
f 6467 6580 6579
f 6467 6579 6536
f 6467 6536 6534
f 6467 6534 6468
f 6468 6534 6581
f 6468 6581 6469
f 6469 6581 6582
f 6469 6582 6583
f 6469 6583 6470
f 6470 6583 6471
f 6471 6583 6472
f 6472 6578 6577
f 6472 6577 6474
f 6472 6474 6473
f 6472 6583 6584
f 6472 6584 6585
f 6472 6585 6586
f 6472 6586 6587
f 6472 6587 6578
f 6475 6578 6476
f 6476 6578 6483
f 6478 6479 6588
f 6479 6482 6589
f 6479 6589 6590
f 6479 6590 6591
f 6479 6591 6588
f 6480 6592 6589
f 6480 6589 6481
f 6480 6485 6593
f 6480 6593 6592
f 6481 6589 6482
f 6483 6578 6594
f 6483 6594 6484
f 6484 6585 6595
f 6484 6595 6596
f 6484 6596 6597
f 6484 6597 6598
f 6484 6598 6599
f 6484 6599 6600
f 6484 6600 6485
f 6484 6594 6578
f 6484 6578 6601
f 6484 6601 6585
f 6485 6600 6602
f 6485 6602 6593
f 6487 6504 6603
f 6487 6603 6604
f 6487 6604 6488
f 6488 6604 6605
f 6488 6605 6606
f 6488 6606 6489
f 6489 6606 6607
f 6489 6607 6490
f 6490 6607 6608
f 6490 6608 6609
f 6490 6609 6610
f 6490 6610 6493
f 6490 6493 6492
f 6490 6492 6491
f 6493 6610 6609
f 6493 6609 6611
f 6493 6611 6494
f 6494 6611 6495
f 6495 6611 6612
f 6495 6612 6613
f 6495 6613 6496
f 6496 6613 6497
f 6497 6613 6500
f 6499 6614 6615
f 6499 6615 6501
f 6499 6500 6613
f 6499 6613 6616
f 6499 6616 6617
f 6499 6617 6618
f 6499 6618 6614
f 6502 6619 6620
f 6502 6620 6621
f 6502 6621 6622
f 6502 6622 6623
f 6502 6623 6624
f 6502 6624 6625
f 6502 6625 6626
f 6502 6626 6503
f 6503 6626 6625
f 6503 6625 6627
f 6503 6627 6603
f 6503 6603 6504
f 6505 6628 6508
f 6505 6508 6507
f 6505 6506 6629
f 6505 6629 6628
f 6506 6630 6629
f 6508 6512 6509
f 6508 6628 6512
f 6509 6512 6510
f 6511 6512 6631
f 6511 6631 6632
f 6511 6632 6633
f 6511 6633 6634
f 6511 6634 6635
f 6511 6635 6513
f 6512 6636 6631
f 6512 6628 6637
f 6512 6637 6636
f 6513 6635 6514
f 6514 6635 6634
f 6514 6634 6638
f 6514 6638 6515
f 6515 6638 6634
f 6515 6634 6516
f 6516 6639 6640
f 6516 6640 6748
f 6516 6748 6641
f 6516 6641 6517
f 6516 6634 6642
f 6516 6642 6639
f 6517 6641 6643
f 6517 6643 6519
f 6517 6519 6518
f 6519 6643 6644
f 6519 6644 6645
f 6519 6645 6646
f 6519 6646 6520
f 6520 6646 6521
f 6521 6646 6645
f 6521 6645 6522
f 6522 6645 6523
f 6523 6647 6648
f 6523 6648 6524
f 6523 6645 6647
f 6524 6648 6526
f 6526 6648 6527
f 6527 6648 6528
f 6528 6648 6649
f 6528 6649 6543
f 6528 6543 6529
f 6531 6533 6650
f 6531 6650 6537
f 6532 6575 6651
f 6532 6651 6652
f 6532 6652 6650
f 6532 6650 6533
f 6534 6535 6581
f 6535 6537 6581
f 6536 6579 6538
f 6537 6650 6653
f 6537 6653 6581
f 6541 6551 6542
f 6541 6545 6544
f 6541 6544 6654
f 6541 6654 6551
f 6543 6649 6655
f 6543 6655 6544
f 6544 6655 6656
f 6544 6656 6654
f 6546 6556 6547
f 6546 6550 6556
f 6547 6556 6548
f 6548 6556 6558
f 6549 6556 6550
f 6552 6654 6659
f 6552 6659 6553
f 6553 6657 6658
f 6553 6659 6657
f 6554 6658 6660
f 6554 6660 6555
f 6555 6660 6661
f 6555 6661 6662
f 6555 6662 6663
f 6555 6663 6664
f 6555 6664 6556
f 6556 6665 6666
f 6556 6666 6667
f 6556 6667 6668
f 6556 6668 6558
f 6556 6664 6665
f 6557 6560 6562
f 6558 6668 6666
f 6558 6666 6669
f 6558 6669 6670
f 6558 6670 6671
f 6558 6671 6672
f 6558 6672 6559
f 6559 6672 6560
f 6560 6673 6674
f 6560 6674 6675
f 6560 6675 6567
f 6560 6561 6562
f 6560 6672 6673
f 6563 6567 6674
f 6563 6674 6676
f 6563 6676 6677
f 6563 6677 6678
f 6563 6678 6564
f 6564 6678 6565
f 6565 6679 6680
f 6565 6680 6566
f 6565 6678 6679
f 6566 6681 6689
f 6566 6689 6576
f 6566 6680 6681
f 6567 6675 6674
f 6568 6576 6682
f 6568 6682 6683
f 6568 6683 6569
f 6569 6684 6685
f 6569 6685 6570
f 6569 6683 6684
f 6570 6685 6572
f 6572 6685 6686
f 6572 6686 6687
f 6572 6687 6573
f 6573 6687 6574
f 6574 6687 6688
f 6574 6688 6651
f 6574 6651 6575
f 6576 6689 6690
f 6576 6690 6683
f 6576 6683 6682
f 6578 6587 6585
f 6578 6585 6691
f 6578 6691 6601
f 6581 6653 6582
f 6582 6653 6692
f 6582 6692 6693
f 6582 6693 6694
f 6582 6694 6695
f 6582 6695 6696
f 6582 6696 6583
f 6583 6696 6584
f 6584 6696 6695
f 6584 6695 6585
f 6585 6695 6697
f 6585 6697 6698
f 6585 6698 6596
f 6585 6596 6595
f 6585 6601 6691
f 6585 6587 6586
f 6588 6591 6590
f 6588 6590 6700
f 6588 6700 6699
f 6589 6592 6701
f 6589 6701 6700
f 6589 6700 6590
f 6592 6593 6702
f 6592 6702 6701
f 6593 6602 6702
f 6596 6698 6703
f 6596 6703 6704
f 6596 6704 6705
f 6596 6705 6597
f 6597 6705 6706
f 6597 6706 6598
f 6598 6706 6707
f 6598 6707 6599
f 6599 6707 6708
f 6599 6708 6600
f 6600 6708 6709
f 6600 6709 6702
f 6600 6702 6602
f 6603 6627 6604
f 6604 6710 6605
f 6604 6627 6625
f 6604 6625 6710
f 6605 6710 6711
f 6605 6711 6712
f 6605 6712 6606
f 6606 6712 6713
f 6606 6713 6714
f 6606 6714 6607
f 6607 6714 6715
f 6607 6715 6716
f 6607 6716 6608
f 6608 6716 6717
f 6608 6717 6718
f 6608 6718 6609
f 6609 6718 6719
f 6609 6719 6611
f 6611 6719 6720
f 6611 6720 6721
f 6611 6721 6612
f 6612 6721 6613
f 6613 6721 6722
f 6613 6722 6723
f 6613 6723 6724
f 6613 6724 6725
f 6613 6725 6616
f 6614 6618 6726
f 6614 6726 6727
f 6616 6725 6728
f 6616 6728 6618
f 6616 6618 6617
f 6618 6728 6729
f 6618 6729 6730
f 6618 6730 6726
f 6619 6731 6732
f 6619 6732 6620
f 6620 6732 6733
f 6620 6733 6621
f 6621 6733 6622
f 6622 6733 6734
f 6622 6734 6711
f 6622 6711 6625
f 6622 6625 6623
f 6623 6625 6624
f 6625 6711 6710
f 6628 6735 6637
f 6628 6629 6736
f 6628 6736 6737
f 6628 6737 6738
f 6628 6738 6735
f 6629 6630 6739
f 6629 6739 6736
f 6631 6636 6632
f 6632 6636 6735
f 6632 6735 6740
f 6632 6740 6633
f 6633 6741 6742
f 6633 6742 6743
f 6633 6743 6634
f 6633 6740 6741
f 6634 6743 6642
f 6636 6637 6735
f 6639 6744 6640
f 6639 6642 6745
f 6639 6745 6746
f 6639 6746 6747
f 6639 6747 6744
f 6640 6744 6841
f 6640 6841 6748
f 6641 6748 6643
f 6642 6743 6746
f 6642 6746 6745
f 6643 6749 6644
f 6643 6748 6750
f 6643 6750 6749
f 6644 6751 6752
f 6644 6752 6645
f 6644 6749 6753
f 6644 6753 6751
f 6645 6752 6647
f 6647 6752 6754
f 6647 6754 6755
f 6647 6755 6649
f 6647 6649 6648
f 6649 6755 6756
f 6649 6756 6758
f 6649 6758 6655
f 6650 6652 6692
f 6650 6692 6653
f 6651 6757 6652
f 6651 6688 6757
f 6652 6757 6692
f 6654 6656 6659
f 6655 6758 6656
f 6656 6758 6659
f 6657 6659 6759
f 6657 6759 6852
f 6657 6852 6760
f 6657 6760 6761
f 6657 6761 6658
f 6658 6761 6660
f 6659 6758 6851
f 6659 6851 6759
f 6660 6762 6763
f 6660 6763 6662
f 6660 6662 6661
f 6660 6761 6762
f 6662 6764 6666
f 6662 6666 6663
f 6662 6763 6764
f 6663 6666 6765
f 6663 6765 6664
f 6664 6765 6665
f 6665 6765 6666
f 6666 6764 6766
f 6666 6766 6767
f 6666 6767 6669
f 6666 6668 6667
f 6669 6767 6768
f 6669 6768 6670
f 6670 6768 6769
f 6670 6769 6671
f 6671 6769 6770
f 6671 6770 6672
f 6672 6770 6771
f 6672 6771 6772
f 6672 6772 6673
f 6673 6772 6674
f 6674 6772 6771
f 6674 6771 6773
f 6674 6773 6774
f 6674 6774 6676
f 6676 6774 6775
f 6676 6775 6677
f 6677 6775 6776
f 6677 6776 6678
f 6678 6776 6679
f 6679 6776 6680
f 6680 6776 6681
f 6681 6777 6689
f 6681 6776 6777
f 6683 6778 6684
f 6683 6690 6778
f 6684 6778 6779
f 6684 6779 6780
f 6684 6780 6685
f 6685 6781 6782
f 6685 6782 6686
f 6685 6780 6781
f 6686 6782 6687
f 6687 6783 6784
f 6687 6784 6688
f 6687 6782 6783
f 6688 6784 6757
f 6689 6777 6785
f 6689 6785 6786
f 6689 6786 6690
f 6690 6786 6778
f 6692 6757 6693
f 6693 6757 6784
f 6693 6784 6787
f 6693 6787 6697
f 6693 6697 6694
f 6694 6697 6695
f 6697 6787 6703
f 6697 6703 6698
f 6699 6700 6789
f 6699 6789 6790
f 6699 6790 6791
f 6699 6791 6788
f 6700 6701 6792
f 6700 6792 6793
f 6700 6793 6794
f 6700 6794 6795
f 6700 6795 6789
f 6701 6702 6792
f 6702 6709 6708
f 6702 6708 6796
f 6702 6796 6797
f 6702 6797 6798
f 6702 6798 6799
f 6702 6799 6792
f 6703 6787 6800
f 6703 6800 6704
f 6704 6800 6801
f 6704 6801 6802
f 6704 6802 6705
f 6705 6802 6803
f 6705 6803 6706
f 6706 6803 6707
f 6707 6803 6796
f 6707 6796 6708
f 6711 6734 6804
f 6711 6804 6713
f 6711 6713 6712
f 6713 6805 6806
f 6713 6806 6714
f 6713 6804 6805
f 6714 6806 6715
f 6715 6806 6807
f 6715 6807 6808
f 6715 6808 6716
f 6716 6808 6717
f 6717 6808 6809
f 6717 6809 6718
f 6718 6809 6810
f 6718 6810 6719
f 6719 6810 6811
f 6719 6811 6720
f 6720 6811 6812
f 6720 6812 6813
f 6720 6813 6721
f 6721 6813 6722
f 6722 6813 6814
f 6722 6814 6723
f 6723 6814 6815
f 6723 6815 6724
f 6724 6815 6725
f 6725 6815 6728
f 6726 6730 6727
f 6727 6730 6816
f 6728 6817 6729
f 6728 6815 6818
f 6728 6818 6817
f 6729 6817 6818
f 6729 6818 6730
f 6730 6818 6816
f 6731 6819 6820
f 6731 6820 6821
f 6731 6821 6822
f 6731 6822 6823
f 6731 6823 6824
f 6731 6824 6825
f 6731 6825 6826
f 6731 6826 6732
f 6732 6826 6827
f 6732 6827 6828
f 6732 6828 6829
f 6732 6829 6733
f 6733 6829 6830
f 6733 6830 6734
f 6734 6830 6831
f 6734 6831 6832
f 6734 6832 6804
f 6735 6815 6740
f 6735 6738 6818
f 6735 6818 6815
f 6736 6739 6833
f 6736 6833 6737
f 6737 6818 6738
f 6737 6833 6834
f 6737 6834 6835
f 6737 6835 6836
f 6737 6836 6837
f 6737 6837 6818
f 6739 6838 6833
f 6740 6815 6814
f 6740 6814 6813
f 6740 6813 6812
f 6740 6812 6810
f 6740 6810 6741
f 6741 6810 6742
f 6742 6839 6746
f 6742 6746 6743
f 6742 6810 6809
f 6742 6809 6839
f 6744 6840 6841
f 6744 6747 6842
f 6744 6842 6840
f 6746 6839 6747
f 6747 6839 6842
f 6748 6841 6750
f 6749 6750 6753
f 6750 6841 6843
f 6750 6843 6844
f 6750 6844 6845
f 6750 6845 6753
f 6751 6846 6752
f 6751 6753 6847
f 6751 6847 6846
f 6752 6846 6754
f 6753 6845 6848
f 6753 6848 6847
f 6754 6849 6755
f 6754 6846 6850
f 6754 6850 6849
f 6755 6849 6756
f 6756 6849 6758
f 6758 6849 6851
f 6759 6851 6852
f 6760 6852 6853
f 6760 6853 6761
f 6761 6853 6762
f 6762 6853 6854
f 6762 6854 6855
f 6762 6855 6856
f 6762 6856 6763
f 6763 6856 6857
f 6763 6857 6858
f 6763 6858 6764
f 6764 6858 6859
f 6764 6859 6766
f 6766 6859 6860
f 6766 6860 6767
f 6767 6860 6861
f 6767 6861 6768
f 6768 6861 6769
f 6769 6861 6862
f 6769 6862 6863
f 6769 6863 6770
f 6770 6863 6864
f 6770 6864 6865
f 6770 6865 6866
f 6770 6866 6771
f 6771 6866 6773
f 6773 6867 6868
f 6773 6868 6869
f 6773 6869 6774
f 6773 6866 6867
f 6774 6869 6775
f 6775 6869 6870
f 6775 6870 6776
f 6776 6871 6872
f 6776 6872 6777
f 6776 6870 6871
f 6777 6873 6874
f 6777 6874 6875
f 6777 6875 6785
f 6777 6872 6871
f 6777 6871 6873
f 6778 6786 6779
f 6779 6786 6875
f 6779 6875 6780
f 6780 6875 6876
f 6780 6876 6877
f 6780 6877 6878
f 6780 6878 6781
f 6781 6878 6782
f 6782 6878 6783
f 6783 6878 6800
f 6783 6800 6787
f 6783 6787 6784
f 6785 6875 6786
f 6788 6791 6879
f 6789 6795 6790
f 6790 6795 6880
f 6790 6880 6791
f 6791 6880 6881
f 6791 6881 6882
f 6791 6882 6883
f 6791 6883 6879
f 6792 6799 6793
f 6793 6799 6884
f 6793 6884 6885
f 6793 6885 6794
f 6794 6885 6880
f 6794 6880 6795
f 6796 6803 6886
f 6796 6886 6887
f 6796 6887 6797
f 6797 6887 6888
f 6797 6888 6798
f 6798 6888 6799
f 6799 6888 6889
f 6799 6889 6884
f 6800 6878 6801
f 6801 6878 6877
f 6801 6877 6890
f 6801 6890 6802
f 6802 6890 6891
f 6802 6891 6803
f 6803 6891 6892
f 6803 6892 6886
f 6804 6832 6805
f 6805 6832 6893
f 6805 6893 6894
f 6805 6894 6806
f 6806 6894 6895
f 6806 6895 6896
f 6806 6896 6897
f 6806 6897 6807
f 6807 6897 6898
f 6807 6898 6808
f 6808 6898 6899
f 6808 6899 6809
f 6809 6899 6900
f 6809 6900 6839
f 6810 6812 6811
f 6816 6818 6837
f 6816 6837 6835
f 6819 6901 6902
f 6819 6902 6903
f 6819 6903 6904
f 6819 6904 6905
f 6819 6905 6820
f 6820 6905 6906
f 6820 6906 6907
f 6820 6907 6821
f 6821 6907 6822
f 6822 6907 6908
f 6822 6908 6909
f 6822 6909 6823
f 6823 6909 6910
f 6823 6910 6911
f 6823 6911 6824
f 6824 6911 6825
f 6825 6911 6827
f 6825 6827 6826
f 6827 6911 6910
f 6827 6910 6912
f 6827 6912 6828
f 6828 6912 6913
f 6828 6913 6914
f 6828 6914 6915
f 6828 6915 6830
f 6828 6830 6829
f 6830 6915 6831
f 6831 6915 6914
f 6831 6914 6916
f 6831 6916 6832
f 6832 6916 6893
f 6833 6838 6834
f 6835 6837 6836
f 6839 6900 6899
f 6839 6899 6898
f 6839 6898 6842
f 6840 6917 6841
f 6840 6842 6898
f 6840 6898 6918
f 6840 6918 6917
f 6841 6919 6843
f 6841 6917 6919
f 6843 6919 6920
f 6843 6920 6844
f 6844 6920 6999
f 6844 6999 6921
f 6844 6921 6845
f 6845 6921 6848
f 6846 6847 6922
f 6846 6922 6923
f 6846 6923 6850
f 6847 6848 6921
f 6847 6921 6922
f 6849 6850 6924
f 6849 6924 6925
f 6849 6925 6852
f 6849 6852 6851
f 6850 6923 6926
f 6850 6926 6924
f 6852 6925 6926
f 6852 6926 6927
f 6852 6927 6928
f 6852 6928 6929
f 6852 6929 6853
f 6853 6929 6930
f 6853 6930 6854
f 6854 6930 6855
f 6855 6930 6931
f 6855 6931 6932
f 6855 6932 6856
f 6856 6932 6933
f 6856 6933 6934
f 6856 6934 6857
f 6857 6934 6935
f 6857 6935 6858
f 6858 6935 6936
f 6858 6936 6859
f 6859 6936 6937
f 6859 6937 6860
f 6860 6937 6861
f 6861 6937 6938
f 6861 6938 6862
f 6862 6938 6939
f 6862 6939 6863
f 6863 6939 6940
f 6863 6940 6864
f 6864 6940 6941
f 6864 6941 6867
f 6864 6867 6865
f 6865 6867 6866
f 6867 6942 6943
f 6867 6943 6868
f 6867 6941 6940
f 6867 6940 6942
f 6868 6943 6944
f 6868 6944 6945
f 6868 6945 6869
f 6869 6945 6946
f 6869 6946 6947
f 6869 6947 6948
f 6869 6948 6949
f 6869 6949 6871
f 6869 6871 6870
f 6871 6949 6873
f 6873 6949 6950
f 6873 6950 6951
f 6873 6951 6952
f 6873 6952 6874
f 6874 6952 6953
f 6874 6953 6875
f 6875 6953 6954
f 6875 6954 6876
f 6876 6955 6890
f 6876 6890 6877
f 6876 6954 6956
f 6876 6956 6955
f 6879 6883 6882
f 6879 6882 6958
f 6879 6958 6959
f 6879 6959 6960
f 6879 6960 6957
f 6880 6885 6881
f 6881 6960 6882
f 6881 6885 6961
f 6881 6961 6962
f 6881 6962 6963
f 6881 6963 6964
f 6881 6964 6960
f 6882 6960 6958
f 6884 6889 6965
f 6884 6965 6885
f 6885 6965 6966
f 6885 6966 6961
f 6886 6892 6967
f 6886 6967 6887
f 6887 6967 6968
f 6887 6968 6888
f 6888 6968 6969
f 6888 6969 6965
f 6888 6965 6889
f 6890 6955 6891
f 6891 6955 6970
f 6891 6970 6892
f 6892 6970 6967
f 6893 6916 6971
f 6893 6971 6894
f 6894 6971 6972
f 6894 6972 6895
f 6895 6972 6896
f 6896 6972 6973
f 6896 6973 6974
f 6896 6974 6975
f 6896 6975 6918
f 6896 6918 6897
f 6897 6918 6898
f 6901 6957 6976
f 6901 6976 6977
f 6901 6977 6978
f 6901 6978 6979
f 6901 6979 6902
f 6902 6979 6980
f 6902 6980 6981
f 6902 6981 6903
f 6903 6981 6982
f 6903 6982 6983
f 6903 6983 6984
f 6903 6984 6985
f 6903 6985 6904
f 6904 6985 6905
f 6905 6985 6906
f 6906 6985 6984
f 6906 6984 6986
f 6906 6986 6907
f 6907 6986 7064
f 6907 7064 6987
f 6907 6987 6988
f 6907 6988 6908
f 6908 6988 6989
f 6908 6989 6909
f 6909 6989 6910
f 6910 6989 6990
f 6910 6990 6912
f 6912 6914 6913
f 6912 6990 6991
f 6912 6991 6992
f 6912 6992 6993
f 6912 6993 6994
f 6912 6994 6995
f 6912 6995 6996
f 6912 6996 6914
f 6914 6996 6997
f 6914 6997 6916
f 6916 6997 6971
f 6917 6918 6975
f 6917 6975 6974
f 6917 6974 6919
f 6919 6974 6998
f 6919 6998 6920
f 6920 6998 7000
f 6920 7000 6999
f 6921 6999 6922
f 6922 7001 6923
f 6922 6999 7002
f 6922 7002 7001
f 6923 7001 7003
f 6923 7003 6926
f 6924 6926 6925
f 6926 7003 7004
f 6926 7004 7005
f 6926 7005 6927
f 6927 7005 7006
f 6927 7006 6928
f 6928 7006 6929
f 6929 7006 6930
f 6930 7007 7008
f 6930 7008 6931
f 6930 7006 7007
f 6931 7008 7009
f 6931 7009 7010
f 6931 7010 6932
f 6932 7010 7011
f 6932 7011 7012
f 6932 7012 7013
f 6932 7013 7014
f 6932 7014 6933
f 6933 7014 6934
f 6934 7014 6935
f 6935 7014 7015
f 6935 7015 7016
f 6935 7016 6936
f 6936 7016 6937
f 6937 7016 7017
f 6937 7017 7018
f 6937 7018 6938
f 6938 7018 7019
f 6938 7019 6939
f 6939 7019 7020
f 6939 7020 6940
f 6940 7020 7021
f 6940 7021 6942
f 6942 7021 7022
f 6942 7022 7023
f 6942 7023 6944
f 6942 6944 6943
f 6944 7024 7025
f 6944 7025 7026
f 6944 7026 6947
f 6944 6947 7027
f 6944 7027 6946
f 6944 6946 6945
f 6944 7023 7024
f 6946 7027 6947
f 6947 7026 7028
f 6947 7028 7029
f 6947 7029 7030
f 6947 7030 6948
f 6948 7030 6949
f 6949 7030 6950
f 6950 7030 6951
f 6951 7031 6952
f 6951 7030 7029
f 6951 7029 7032
f 6951 7032 7033
f 6951 7033 6970
f 6951 6970 7031
f 6952 7031 6953
f 6953 7031 6956
f 6953 6956 6954
f 6955 6956 6970
f 6956 7031 6970
f 6957 6960 7034
f 6957 7034 7035
f 6957 7035 7036
f 6957 7036 7037
f 6957 7037 7038
f 6957 7038 7039
f 6957 7039 6976
f 6958 6960 6959
f 6960 6964 7040
f 6960 7040 7034
f 6961 6966 7041
f 6961 7041 6962
f 6962 7041 7042
f 6962 7042 7043
f 6962 7043 6963
f 6963 7043 7044
f 6963 7044 6964
f 6964 7044 7040
f 6965 6969 7045
f 6965 7045 7046
f 6965 7046 7047
f 6965 7047 7041
f 6965 7041 6966
f 6967 6970 7048
f 6967 7048 7049
f 6967 7049 7050
f 6967 7050 6968
f 6968 7050 7046
f 6968 7046 7045
f 6968 7045 6969
f 6970 7033 7048
f 6971 6996 7051
f 6971 7051 7052
f 6971 7052 6972
f 6971 6997 6996
f 6972 7052 6973
f 6973 7052 7053
f 6973 7053 6998
f 6973 6998 6974
f 6976 7039 7054
f 6976 7054 7055
f 6976 7055 6977
f 6977 7055 6978
f 6978 7055 7056
f 6978 7056 7057
f 6978 7057 6979
f 6979 7057 6980
f 6980 7058 6982
f 6980 6982 6981
f 6980 7057 7058
f 6982 7058 7059
f 6982 7059 6983
f 6983 7059 7060
f 6983 7060 7061
f 6983 7061 7062
f 6983 7062 7063
f 6983 7063 6984
f 6984 7063 7064
f 6984 7064 6986
f 6987 7065 6988
f 6987 7064 7065
f 6988 7065 7066
f 6988 7066 6989
f 6989 7066 6990
f 6990 7066 6991
f 6991 7066 7067
f 6991 7067 7068
f 6991 7068 7069
f 6991 7069 6992
f 6992 7069 7070
f 6992 7070 6993
f 6993 7071 7072
f 6993 7072 7073
f 6993 7073 7074
f 6993 7074 7075
f 6993 7075 7076
f 6993 7076 7077
f 6993 7077 6994
f 6993 7070 7068
f 6993 7068 7078
f 6993 7078 7071
f 6994 7077 6995
f 6995 7077 7051
f 6995 7051 6996
f 6998 7053 7000
f 6999 7000 7075
f 6999 7075 7074
f 6999 7074 7002
f 7000 7053 7079
f 7000 7079 7075
f 7001 7002 7080
f 7001 7080 7003
f 7002 7074 7080
f 7003 7080 7004
f 7004 7080 7007
f 7004 7007 7005
f 7005 7007 7006
f 7007 7080 7073
f 7007 7073 7008
f 7008 7073 7081
f 7008 7081 7009
f 7009 7081 7082
f 7009 7082 7010
f 7010 7082 7078
f 7010 7078 7083
f 7010 7083 7084
f 7010 7084 7085
f 7010 7085 7086
f 7010 7086 7012
f 7010 7012 7011
f 7012 7086 7013
f 7013 7086 7014
f 7014 7086 7087
f 7014 7087 7088
f 7014 7088 7015
f 7015 7088 7016
f 7016 7088 7089
f 7016 7089 7090
f 7016 7090 7091
f 7016 7091 7017
f 7017 7091 7092
f 7017 7092 7018
f 7018 7092 7019
f 7019 7092 7020
f 7020 7092 7093
f 7020 7093 7094
f 7020 7094 7022
f 7020 7022 7021
f 7022 7095 7096
f 7022 7096 7023
f 7022 7094 7095
f 7023 7096 7024
f 7024 7096 7097
f 7024 7097 7025
f 7025 7097 7098
f 7025 7098 7026
f 7026 7098 7099
f 7026 7099 7100
f 7026 7100 7028
f 7028 7100 7101
f 7028 7101 7102
f 7028 7102 7029
f 7029 7102 7032
f 7032 7102 7103
f 7032 7103 7104
f 7032 7104 7046
f 7032 7046 7033
f 7033 7046 7105
f 7033 7105 7050
f 7033 7050 7049
f 7033 7049 7048
f 7034 7040 7106
f 7034 7106 7035
f 7035 7106 7107
f 7035 7107 7036
f 7036 7107 7037
f 7037 7107 7108
f 7037 7108 7109
f 7037 7109 7038
f 7038 7109 7054
f 7038 7054 7039
f 7040 7044 7110
f 7040 7110 7106
f 7041 7047 7046
f 7041 7046 7111
f 7041 7111 7042
f 7042 7112 7043
f 7042 7111 7113
f 7042 7113 7112
f 7043 7112 7114
f 7043 7114 7044
f 7044 7114 7110
f 7046 7104 7103
f 7046 7103 7115
f 7046 7115 7116
f 7046 7116 7117
f 7046 7117 7111
f 7046 7050 7105
f 7051 7077 7079
f 7051 7079 7052
f 7052 7079 7053
f 7054 7109 7118
f 7054 7118 7119
f 7054 7119 7055
f 7055 7119 7056
f 7056 7119 7120
f 7056 7120 7121
f 7056 7121 7058
f 7056 7058 7057
f 7058 7121 7059
f 7059 7122 7123
f 7059 7123 7060
f 7059 7121 7122
f 7060 7123 7124
f 7060 7124 7125
f 7060 7125 7126
f 7060 7126 7061
f 7061 7126 7127
f 7061 7127 7062
f 7062 7127 7128
f 7062 7128 7063
f 7063 7128 7129
f 7063 7129 7064
f 7064 7129 7130
f 7064 7130 7065
f 7065 7130 7131
f 7065 7131 7066
f 7066 7131 7067
f 7067 7131 7068
f 7068 7132 7078
f 7068 7070 7069
f 7068 7131 7132
f 7071 7078 7133
f 7071 7133 7081
f 7071 7081 7073
f 7071 7073 7072
f 7073 7080 7074
f 7075 7079 7076
f 7076 7079 7077
f 7078 7082 7133
f 7078 7132 7083
f 7081 7133 7082
f 7083 7132 7084
f 7084 7132 7134
f 7084 7134 7085
f 7085 7134 7135
f 7085 7135 7087
f 7085 7087 7086
f 7087 7135 7136
f 7087 7136 7088
f 7088 7136 7137
f 7088 7137 7138
f 7088 7138 7089
f 7089 7138 7090
f 7090 7092 7091
f 7090 7138 7139
f 7090 7139 7092
f 7092 7139 7140
f 7092 7140 7141
f 7092 7141 7093
f 7093 7141 7142
f 7093 7142 7094
f 7094 7142 7095
f 7095 7142 7096
f 7096 7142 7143
f 7096 7143 7097
f 7097 7143 7144
f 7097 7144 7145
f 7097 7145 7146
f 7097 7146 7147
f 7097 7147 7098
f 7098 7147 7148
f 7098 7148 7099
f 7099 7148 7149
f 7099 7149 7101
f 7099 7101 7100
f 7101 7149 7103
f 7101 7103 7102
f 7103 7149 7115
f 7106 7110 7150
f 7106 7150 7107
f 7107 7150 7151
f 7107 7151 7152
f 7107 7152 7108
f 7108 7152 7153
f 7108 7153 7109
f 7109 7153 7118
f 7110 7114 7154
f 7110 7154 7150
f 7111 7117 7116
f 7111 7116 7113
f 7112 7113 7155
f 7112 7155 7156
f 7112 7156 7157
f 7112 7157 7114
f 7113 7116 7158
f 7113 7158 7159
f 7113 7159 7155
f 7114 7157 7160
f 7114 7160 7154
f 7115 7161 7116
f 7115 7149 7148
f 7115 7148 7162
f 7115 7162 7161
f 7116 7161 7162
f 7116 7162 7158
f 7118 7153 7163
f 7118 7163 7120
f 7118 7120 7119
f 7120 7163 7164
f 7120 7164 7123
f 7120 7123 7122
f 7120 7122 7121
f 7123 7164 7165
f 7123 7165 7124
f 7124 7166 7167
f 7124 7167 7125
f 7124 7165 7168
f 7124 7168 7169
f 7124 7169 7166
f 7125 7167 7126
f 7126 7167 7170
f 7126 7170 7171
f 7126 7171 7127
f 7127 7171 7128
f 7128 7171 7172
f 7128 7172 7129
f 7129 7172 7173
f 7129 7173 7130
f 7130 7173 7131
f 7131 7173 7132
f 7132 7173 7172
f 7132 7172 7134
f 7134 7172 7135
f 7135 7172 7171
f 7135 7171 7136
f 7136 7171 7137
f 7137 7171 7170
f 7137 7170 7167
f 7137 7167 7138
f 7138 7167 7139
f 7139 7167 7166
f 7139 7166 7174
f 7139 7174 7175
f 7139 7175 7140
f 7140 7175 7141
f 7141 7175 7142
f 7142 7175 7174
f 7142 7174 7144
f 7142 7144 7143
f 7144 7174 7176
f 7144 7176 7177
f 7144 7177 7145
f 7145 7177 7178
f 7145 7178 7146
f 7146 7178 7147
f 7147 7178 7179
f 7147 7179 7148
f 7148 7179 7162
f 7150 7154 7151
f 7151 7154 7160
f 7151 7160 7180
f 7151 7180 7152
f 7152 7180 7181
f 7152 7181 7182
f 7152 7182 7153
f 7153 7182 7163
f 7155 7159 7156
f 7156 7160 7157
f 7156 7159 7183
f 7156 7183 7184
f 7156 7184 7160
f 7158 7162 7159
f 7159 7162 7179
f 7159 7179 7183
f 7160 7184 7180
f 7163 7182 7185
f 7163 7185 7164
f 7164 7168 7165
f 7164 7185 7168
f 7166 7169 7174
f 7168 7185 7186
f 7168 7186 7176
f 7168 7176 7169
f 7169 7176 7174
f 7176 7186 7177
f 7177 7186 7187
f 7177 7187 7188
f 7177 7188 7178
f 7178 7188 7183
f 7178 7183 7179
f 7180 7184 7187
f 7180 7187 7189
f 7180 7189 7181
f 7181 7189 7182
f 7182 7189 7185
f 7183 7188 7184
f 7184 7188 7187
f 7185 7189 7186
f 7186 7189 7187

