# https://github.com/mikedh/trimesh
v -0.05055209 0.00046143 0.00740266
v -0.05148369 0.00046143 0.00727024
v -0.05055209 -0.00046305 0.00740266
v -0.04962049 0.00046143 0.00738060
v -0.04962049 0.00139184 0.00728679
v -0.05055209 0.00139184 0.00729783
v -0.05241529 0.00046143 0.00690056
v -0.05148369 -0.00046305 0.00727024
v -0.05148369 0.00139184 0.00716541
v -0.05246447 0.00133851 0.00678469
v -0.05055209 -0.00139345 0.00729783
v -0.04962049 -0.00139345 0.00728679
v -0.04962049 -0.00046305 0.00738060
v -0.04868889 0.00046143 0.00714885
v -0.04868889 0.00139184 0.00705505
v -0.04962049 0.00232817 0.00707160
v -0.05055209 0.00232817 0.00707160
v -0.05292449 0.00046143 0.00660260
v -0.05241529 -0.00046305 0.00690056
v -0.05290423 0.00098886 0.00659157
v -0.05246447 -0.00134012 0.00678469
v -0.05148369 -0.00139345 0.00716541
v -0.05148369 0.00232817 0.00691711
v -0.05214912 0.00232817 0.00669640
v -0.05280297 0.00161111 0.00653639
v -0.05055209 -0.00232979 0.00707160
v -0.04962049 -0.00232979 0.00707160
v -0.04868889 -0.00139345 0.00705505
v -0.04868889 -0.00046305 0.00714885
v -0.04788169 0.00046143 0.00677365
v -0.04795113 0.00139184 0.00672951
v -0.04807553 0.00215039 0.00665778
v -0.04860498 0.00240521 0.00680124
v -0.04885958 0.00295635 0.00667985
v -0.04962049 0.00307487 0.00675710
v -0.05055209 0.00306302 0.00675158
v -0.05148369 0.00292672 0.00666882
v -0.05339318 0.00046143 0.00629913
v -0.05292449 -0.00046305 0.00660260
v -0.05290423 -0.00099048 0.00659157
v -0.05326877 0.00133851 0.00628810
v -0.05280297 -0.00161272 0.00653639
v -0.05214912 -0.00232979 0.00669640
v -0.05148369 -0.00232979 0.00691711
v -0.05198710 0.00282597 0.00660260
v -0.05261781 0.00232817 0.00642052
v -0.05339607 0.00233410 0.00592945
v -0.05387634 0.00203187 0.00570874
v -0.05148369 -0.00292833 0.00666882
v -0.05055209 -0.00306463 0.00675158
v -0.04962049 -0.00307648 0.00675710
v -0.04885958 -0.00295796 0.00667985
v -0.04860498 -0.00240683 0.00680124
v -0.04807553 -0.00215200 0.00665778
v -0.04795113 -0.00139345 0.00672951
v -0.04788169 -0.00046305 0.00677365
v -0.02806637 0.00148666 -0.00473070
v -0.02806637 0.00039625 -0.00464793
v -0.02806637 0.00232817 -0.00480794
v -0.02806637 0.00242299 -0.00481898
v -0.02806637 0.00326451 -0.00495692
v -0.02806637 0.00419492 -0.00517211
v -0.02806637 0.00513125 -0.00539833
v -0.02806637 0.00564682 -0.00553076
v -0.04823755 0.00276671 0.00657501
v -0.04860498 0.00325858 0.00640397
v -0.04868889 0.00404084 0.00589634
v -0.04962049 0.00354304 0.00645914
v -0.05055209 0.00353711 0.00644811
v -0.05148369 0.00339488 0.00634879
v -0.05398917 0.00046143 0.00583565
v -0.05339318 -0.00046305 0.00629913
v -0.05394578 0.00139184 0.00578047
v -0.05326877 -0.00134012 0.00628810
v -0.05387634 -0.00203348 0.00570874
v -0.05339607 -0.00233571 0.00592945
v -0.05261781 -0.00232979 0.00642052
v -0.05198710 -0.00282759 0.00660260
v -0.05212308 0.00383935 0.00575840
v -0.05236610 0.00321710 0.00608394
v -0.05311544 0.00298598 0.00579150
v -0.05373457 0.00265411 0.00557632
v -0.05472693 0.00171778 0.00468245
v -0.05446655 0.00140369 0.00510731
v -0.05413673 0.00233410 0.00523422
v -0.05463724 0.00232817 0.00457210
v -0.05148369 -0.00339650 0.00634879
v -0.05055209 -0.00353280 0.00644811
v -0.04962049 -0.00354465 0.00645914
v -0.04823755 -0.00276832 0.00657501
v -0.04868889 -0.00404245 0.00589634
v -0.04860498 -0.00326019 0.00640397
v -0.02806637 -0.00559510 -0.00551420
v -0.02806637 -0.00503804 -0.00537075
v -0.02806637 -0.00419653 -0.00517211
v -0.02806637 -0.00326612 -0.00495692
v -0.02806637 -0.00317130 -0.00494037
v -0.02806637 -0.00232979 -0.00480794
v -0.02806637 -0.00224090 -0.00479691
v -0.02806637 -0.00039786 -0.00464793
v -0.02806637 0.00779210 -0.00635289
v -0.04802635 0.00390453 0.00577495
v -0.02806637 0.00825434 -0.00653498
v -0.02806637 0.00894177 -0.00688811
v -0.02806637 0.01009145 -0.00750608
v -0.02806637 0.01072554 -0.00787025
v -0.02806637 0.01079073 -0.00790888
v -0.02806637 0.01139520 -0.00827304
v -0.04962049 0.00411195 0.00599014
v -0.02806637 0.01562055 -0.01144019
v -0.04868889 0.00450900 0.00549355
v -0.05055209 0.00408232 0.00597910
v -0.05148369 0.00396972 0.00587979
v -0.05445497 0.00046143 0.00524526
v -0.05398917 -0.00046305 0.00583565
v -0.05394578 -0.00139345 0.00578047
v -0.05477611 0.00109553 0.00475418
v -0.05446655 -0.00140531 0.00510731
v -0.05472693 -0.00171939 0.00468245
v -0.05463724 -0.00232979 0.00457210
v -0.05413673 -0.00233571 0.00523422
v -0.05373457 -0.00265573 0.00557632
v -0.05311544 -0.00298759 0.00579150
v -0.05236610 -0.00321871 0.00608394
v -0.05212308 -0.00384096 0.00575840
v -0.05148369 0.00443196 0.00536664
v -0.05204207 0.00471049 0.00478177
v -0.05239504 0.00419492 0.00516249
v -0.05315305 0.00392231 0.00493075
v -0.05274511 0.00361415 0.00554873
v -0.05344526 0.00332970 0.00525629
v -0.05377508 0.00367934 0.00467694
v -0.05400075 0.00305709 0.00495834
v -0.05485713 0.00295635 0.00392653
v -0.05503361 0.00151629 0.00429622
v -0.05503939 0.00140369 0.00432381
v -0.05483977 0.00232817 0.00429622
v -0.05498442 0.00232817 0.00409758
v -0.05148369 -0.00397133 0.00587979
v -0.05055209 -0.00408393 0.00597910
v -0.04962049 -0.00411356 0.00599014
v -0.04802635 -0.00390615 0.00577495
v -0.02806637 -0.01134940 -0.00824545
v -0.02806637 -0.01066790 -0.00783163
v -0.02806637 -0.01004565 -0.00748401
v -0.02806637 -0.00954785 -0.00721365
v -0.02806637 -0.00886042 -0.00684948
v -0.02806637 -0.00825595 -0.00653498
v -0.02806637 -0.00779371 -0.00635289
v -0.02806637 -0.00564844 -0.00553076
v -0.04868889 -0.00451061 0.00549355
v -0.02806637 -0.01556883 -0.01139604
v -0.02806637 0.01254488 -0.00905655
v -0.02806637 0.01296563 -0.00934347
v -0.02806637 0.01301897 -0.00938209
v -0.02806637 0.01352862 -0.00976281
v -0.02806637 0.01409753 -0.01020423
v -0.02806637 0.01509905 -0.01100981
v -0.02806637 0.01514646 -0.01104843
v -0.04962049 0.00457419 0.00555424
v -0.02806637 0.02408904 -0.01875110
v -0.02806637 0.02462239 -0.01921459
v -0.02806637 0.02509056 -0.01965048
v -0.02806637 0.02513797 -0.01970014
v -0.02806637 0.02552909 -0.02011948
v -0.05055209 0.00455049 0.00552114
v -0.05479637 0.00046143 0.00478177
v -0.05445497 -0.00046305 0.00524526
v -0.05477611 -0.00109715 0.00475418
v -0.05514355 0.00052070 0.00429622
v -0.05503939 -0.00140531 0.00432381
v -0.05503361 -0.00151790 0.00429622
v -0.05489763 -0.00212830 0.00429622
v -0.05483977 -0.00232979 0.00429622
v -0.05473272 -0.00259646 0.00429622
v -0.05485713 -0.00295796 0.00392653
v -0.05400075 -0.00305871 0.00495834
v -0.05377508 -0.00368095 0.00467694
v -0.05344526 -0.00333131 0.00525629
v -0.05274511 -0.00361576 0.00554873
v -0.05315305 -0.00392392 0.00493075
v -0.05239504 -0.00419060 0.00516249
v -0.05204207 -0.00471210 0.00478177
v -0.05148369 -0.00443357 0.00536664
v -0.05055209 0.00492976 0.00505214
v -0.05148369 0.00480531 0.00489764
v -0.05156470 0.00519644 0.00429622
v -0.05175565 0.00553423 0.00366720
v -0.05234875 0.00488235 0.00429622
v -0.05266410 0.00454456 0.00455555
v -0.05341054 0.00424232 0.00429622
v -0.05464014 0.00357267 0.00363409
v -0.05432478 0.00331784 0.00429622
v -0.05366514 0.00455049 0.00361754
v -0.05401810 0.00392824 0.00404792
v -0.05486002 0.00386305 0.00301060
v -0.05565275 0.00264226 0.00276230
v -0.05547626 0.00232817 0.00326441
v -0.05504807 0.00326451 0.00331959
v -0.05555727 0.00139184 0.00349615
v -0.05505675 0.00140369 0.00429622
v -0.05509147 0.00105405 0.00429622
v -0.05055209 -0.00455210 0.00552114
v -0.04962049 -0.00457580 0.00555424
v -0.02806637 -0.01510066 -0.01100981
v -0.02806637 -0.01399840 -0.01012698
v -0.02806637 -0.01353023 -0.00976281
v -0.02806637 -0.01296725 -0.00934347
v -0.02806637 -0.01243389 -0.00897930
v -0.02806637 -0.01181757 -0.00855996
v -0.02806637 -0.02545367 -0.02003672
v -0.02806637 -0.02509217 -0.01965048
v -0.02806637 -0.02462400 -0.01921459
v -0.02806637 -0.02409065 -0.01875110
v -0.02806637 0.02599133 -0.02063814
v -0.04962049 0.00497717 0.00509076
v -0.05514644 0.00046143 0.00429622
v -0.05479637 -0.00046305 0.00478177
v -0.05514644 -0.00046305 0.00429622
v -0.05509147 -0.00105566 0.00429622
v -0.05560067 0.00046143 0.00357892
v -0.05505675 -0.00140531 0.00429622
v -0.05555727 -0.00139345 0.00349615
v -0.05498442 -0.00232979 0.00409758
v -0.05547626 -0.00232979 0.00326441
v -0.05565275 -0.00264387 0.00276230
v -0.05504807 -0.00326612 0.00331959
v -0.05486002 -0.00386466 0.00301060
v -0.05464014 -0.00357428 0.00363409
v -0.05433057 -0.00331353 0.00429622
v -0.05392263 -0.00383503 0.00429622
v -0.05366514 -0.00455210 0.00361754
v -0.05340765 -0.00423801 0.00429622
v -0.05266410 -0.00454617 0.00455555
v -0.05234875 -0.00488396 0.00429622
v -0.05175565 -0.00553584 0.00366720
v -0.05146054 -0.00530472 0.00418586
v -0.05148369 -0.00480692 0.00489764
v -0.05055209 -0.00493137 0.00505214
v -0.04962049 0.00543941 0.00447830
v -0.02806637 0.02684470 -0.02169202
v -0.02806637 0.02723583 -0.02222172
v -0.05055209 0.00539793 0.00441209
v -0.05102946 0.00535052 0.00429622
v -0.05146054 0.00530311 0.00418586
v -0.05219252 0.00569423 0.00304371
v -0.05246737 0.00541570 0.00333614
v -0.05113362 0.00562312 0.00383825
v -0.02806637 0.02877663 -0.02458328
v -0.02806637 0.02891886 -0.02484261
v -0.02806637 0.02900183 -0.02499711
v -0.02858714 0.02890701 -0.02516263
v -0.02909344 0.02881811 -0.02533920
v -0.03131250 0.02794697 -0.02522333
v -0.05304021 0.00475790 0.00393205
v -0.05335268 0.00494161 0.00330855
v -0.05393420 0.00475197 0.00299404
v -0.05428717 0.00420677 0.00331407
v -0.05549941 0.00325858 0.00242021
v -0.05455624 0.00448530 0.00255263
v -0.05475876 0.00466901 0.00192913
v -0.05496417 0.00417714 0.00229330
v -0.05567300 0.00464530 0.00003106
v -0.05575111 0.00295042 0.00213881
v -0.05656988 0.00253559 -0.00019517
v -0.05644837 0.00226891 0.00043936
v -0.05581766 0.00232817 0.00242021
v -0.05571061 0.00201409 0.00292231
v -0.05574822 0.00139184 0.00302163
v -0.04962049 -0.00497286 0.00509076
v -0.02806637 -0.02599295 -0.02063814
v -0.02806637 0.02643580 -0.02116784
v -0.05560067 -0.00046305 0.00357892
v -0.05577426 0.00046143 0.00311543
v -0.05574822 -0.00139345 0.00302163
v -0.05571061 -0.00201570 0.00292231
v -0.05656988 -0.00253720 -0.00019517
v -0.05575111 -0.00295203 0.00213881
v -0.05549941 -0.00326019 0.00242021
v -0.05581766 -0.00232979 0.00242021
v -0.05644837 -0.00226460 0.00043936
v -0.05567300 -0.00464692 0.00003106
v -0.05496417 -0.00417875 0.00229330
v -0.05475876 -0.00467062 0.00192913
v -0.05455624 -0.00448691 0.00255263
v -0.05428717 -0.00420838 0.00331407
v -0.05401810 -0.00392985 0.00404792
v -0.05393420 -0.00475359 0.00299404
v -0.05335268 -0.00494322 0.00330855
v -0.05304021 -0.00475951 0.00393205
v -0.05282033 -0.00463506 0.00429622
v -0.05246737 -0.00541139 0.00333614
v -0.05113362 -0.00562473 0.00383825
v -0.05219252 -0.00569585 0.00304371
v -0.03131250 -0.02794858 -0.02522333
v -0.02909344 -0.02881972 -0.02533920
v -0.02858714 -0.02890862 -0.02516263
v -0.02823128 -0.02876046 -0.02465501
v -0.02806637 -0.02877824 -0.02458328
v -0.05102946 -0.00535213 0.00429622
v -0.05055209 -0.00539954 0.00441209
v -0.02806637 -0.02714855 -0.02210033
v -0.02806637 -0.02684632 -0.02169202
v -0.04962049 -0.00544102 0.00447830
v -0.02806637 0.02768029 -0.02284521
v -0.02806637 0.02774548 -0.02293901
v -0.02806637 0.02798252 -0.02328663
v -0.02806637 0.02818994 -0.02361217
v -0.05281455 0.00556386 0.00278437
v -0.03282563 0.02718842 -0.02487572
v -0.03335798 0.02708175 -0.02507987
v -0.05178747 0.00647056 0.00179671
v -0.02806637 0.02829068 -0.02377770
v -0.02806637 0.02927443 -0.02554335
v -0.02823128 0.02920924 -0.02552128
v -0.02964025 0.02895441 -0.02600684
v -0.03169730 0.02809512 -0.02584131
v -0.03196347 0.02785807 -0.02555991
v -0.03282563 0.02754399 -0.02559853
v -0.05338450 0.00540978 0.00243124
v -0.05372011 0.00553423 0.00179119
v -0.05426981 0.00529126 0.00146565
v -0.05425824 0.00487050 0.00229330
v -0.05560935 0.00357267 0.00170843
v -0.05477322 0.00561719 0.00009175
v -0.05504229 0.00513125 0.00045040
v -0.05540683 0.00510754 -0.00033311
v -0.05577426 0.00478753 -0.00059244
v -0.05597100 0.00427788 -0.00033311
v -0.05582634 0.00400528 0.00051109
v -0.05615037 0.00325858 0.00051109
v -0.05644548 0.00319339 -0.00047105
v -0.05662775 0.00284375 -0.00081867
v -0.05666535 0.00226891 -0.00047105
v -0.05662485 0.00191334 0.00008071
v -0.05595653 0.00139184 0.00238158
v -0.02806637 -0.02638407 -0.02110715
v -0.05577426 -0.00046305 0.00311543
v -0.05601150 0.00046143 0.00238158
v -0.05595653 -0.00139345 0.00238158
v -0.05662485 -0.00191496 0.00008071
v -0.05662775 -0.00284536 -0.00081867
v -0.05644548 -0.00319501 -0.00047105
v -0.05615037 -0.00326019 0.00051109
v -0.05666535 -0.00226460 -0.00047105
v -0.05582634 -0.00400689 0.00051109
v -0.05560935 -0.00357428 0.00170843
v -0.05577426 -0.00478914 -0.00059244
v -0.05540683 -0.00510916 -0.00033311
v -0.05477322 -0.00561881 0.00009175
v -0.05504229 -0.00513286 0.00045040
v -0.05597100 -0.00427949 -0.00033311
v -0.05425824 -0.00487211 0.00229330
v -0.05426981 -0.00529287 0.00146565
v -0.05372011 -0.00553584 0.00179119
v -0.05338450 -0.00541139 0.00243124
v -0.05281455 -0.00556547 0.00278437
v -0.02806637 -0.02825674 -0.02371701
v -0.02806637 -0.02819155 -0.02361217
v -0.05178747 -0.00647217 0.00179671
v -0.03335798 -0.02708336 -0.02507987
v -0.03282563 -0.02719003 -0.02487572
v -0.03282563 -0.02754560 -0.02559853
v -0.03196347 -0.02785969 -0.02555991
v -0.03169730 -0.02809673 -0.02584131
v -0.02964025 -0.02895603 -0.02600684
v -0.02823128 -0.02921085 -0.02552128
v -0.02806637 -0.02909233 -0.02517919
v -0.02806637 -0.02774709 -0.02293901
v -0.02806637 -0.02768190 -0.02284521
v -0.05244711 0.00635204 0.00147117
v -0.05277983 0.00648241 0.00088078
v -0.05309808 0.00571201 0.00216639
v -0.03398001 0.02695730 -0.02535575
v -0.03468305 0.02633505 -0.02466053
v -0.02806637 0.02968333 -0.02651998
v -0.02806637 0.02972481 -0.02663034
v -0.02909344 0.02933962 -0.02653654
v -0.02998165 0.02904331 -0.02658619
v -0.03026228 0.02883589 -0.02630479
v -0.03232222 0.02797660 -0.02610616
v -0.03370516 0.02720027 -0.02564267
v -0.05338450 0.00587794 0.00146565
v -0.05335557 0.00632241 0.00054420
v -0.05394867 0.00568238 0.00116770
v -0.05426981 0.00580090 0.00045040
v -0.05422641 0.00620388 -0.00044898
v -0.05450705 0.00635796 -0.00135388
v -0.05467486 0.00647056 -0.00196082
v -0.05481662 0.00658908 -0.00258432
v -0.05488027 0.00571794 -0.00042139
v -0.05551098 0.00539200 -0.00135388
v -0.05578873 0.00572979 -0.00321885
v -0.05591313 0.00589572 -0.00415134
v -0.05586973 0.00492976 -0.00135388
v -0.05626321 0.00419492 -0.00135388
v -0.05654095 0.00347192 -0.00135388
v -0.05659592 0.00364971 -0.00192772
v -0.05689970 0.00325858 -0.00321885
v -0.05704436 0.00325858 -0.00415134
v -0.05693731 0.00232817 -0.00228637
v -0.05679844 0.00232817 -0.00135388
v -0.05690260 0.00139184 -0.00135388
v -0.05675504 0.00139184 -0.00042139
v -0.05664510 0.00139184 0.00014693
v -0.05650334 0.00139184 0.00061593
v -0.05601150 -0.00046305 0.00238158
v -0.05629792 0.00046143 0.00144358
v -0.05650334 -0.00139345 0.00061593
v -0.05679844 -0.00232979 -0.00135388
v -0.05664510 -0.00139345 0.00014693
v -0.05675504 -0.00139345 -0.00042139
v -0.05690260 -0.00139345 -0.00135388
v -0.05693731 -0.00232979 -0.00228637
v -0.05704436 -0.00326019 -0.00415134
v -0.05689970 -0.00326019 -0.00321885
v -0.05659592 -0.00365132 -0.00192772
v -0.05654095 -0.00347354 -0.00135388
v -0.05626321 -0.00419060 -0.00135388
v -0.05586973 -0.00492545 -0.00135388
v -0.05591313 -0.00589734 -0.00415134
v -0.05578873 -0.00572548 -0.00321885
v -0.05551098 -0.00539361 -0.00135388
v -0.05488027 -0.00571955 -0.00042139
v -0.05481662 -0.00659070 -0.00258432
v -0.05467486 -0.00647217 -0.00196082
v -0.05450705 -0.00635958 -0.00135388
v -0.05422641 -0.00620550 -0.00044898
v -0.05426981 -0.00580252 0.00045040
v -0.05394867 -0.00568399 0.00116770
v -0.05335557 -0.00632402 0.00054420
v -0.05338450 -0.00587956 0.00146565
v -0.05309808 -0.00571363 0.00216639
v -0.05277983 -0.00648403 0.00088078
v -0.05244711 -0.00635365 0.00147117
v -0.03468305 -0.02633666 -0.02466053
v -0.03398001 -0.02695891 -0.02535575
v -0.03370516 -0.02720188 -0.02564267
v -0.03232222 -0.02797821 -0.02610616
v -0.02998165 -0.02904492 -0.02658619
v -0.02909344 -0.02934123 -0.02653654
v -0.02806637 -0.02972643 -0.02663034
v -0.02806637 -0.02968495 -0.02651998
v -0.02806637 -0.02927604 -0.02554335
v -0.03026228 -0.02883751 -0.02630479
v -0.03534558 0.02620467 -0.02496400
v -0.05304889 0.00661279 0.00025728
v -0.03596472 0.02606838 -0.02526195
v -0.03724640 0.02529797 -0.02490331
v -0.03786843 0.02514389 -0.02523988
v -0.03465412 0.02680322 -0.02564267
v -0.02806637 0.02985519 -0.02701657
v -0.02904136 0.02967148 -0.02751316
v -0.03002794 0.02930999 -0.02746902
v -0.03055739 0.02894849 -0.02692829
v -0.03196347 0.02824328 -0.02646481
v -0.03260286 0.02808920 -0.02672965
v -0.03287771 0.02788178 -0.02646481
v -0.03431562 0.02709360 -0.02597925
v -0.05367093 0.00644686 -0.00016206
v -0.05387634 0.00656538 -0.00078556
v -0.05404125 0.00667205 -0.00135388
v -0.05433057 0.00682020 -0.00227533
v -0.05425245 0.00719948 -0.00319678
v -0.05455045 0.00732393 -0.00415134
v -0.05469221 0.00741875 -0.00474173
v -0.05493524 0.00669576 -0.00321885
v -0.05504518 0.00588980 -0.00135388
v -0.05540393 0.00619203 -0.00321885
v -0.05555148 0.00635796 -0.00415134
v -0.05595074 0.00612092 -0.00511693
v -0.05646862 0.00526162 -0.00508383
v -0.05640786 0.00506606 -0.00417341
v -0.05563828 0.00647056 -0.00481898
v -0.05663642 0.00471049 -0.00449895
v -0.05651780 0.00442604 -0.00321885
v -0.05665089 0.00381564 -0.00255122
v -0.05670875 0.00395787 -0.00321885
v -0.05676662 0.00423640 -0.00417341
v -0.05689391 0.00419492 -0.00508383
v -0.05714273 0.00325858 -0.00508383
v -0.05720349 0.00232817 -0.00415134
v -0.05707329 0.00232817 -0.00321885
v -0.05717166 0.00139184 -0.00321885
v -0.05694021 0.00046143 -0.00135388
v -0.05679844 0.00046143 -0.00042139
v -0.05666825 0.00046143 0.00022417
v -0.05629792 -0.00046305 0.00144358
v -0.05666825 -0.00046305 0.00022417
v -0.05679844 -0.00046305 -0.00042139
v -0.05717166 -0.00139345 -0.00321885
v -0.05707329 -0.00232979 -0.00321885
v -0.05694021 -0.00046305 -0.00135388
v -0.05714273 -0.00326019 -0.00508383
v -0.05689391 -0.00419060 -0.00508383
v -0.05676662 -0.00423801 -0.00417341
v -0.05670875 -0.00395948 -0.00321885
v -0.05665089 -0.00381725 -0.00255122
v -0.05720349 -0.00232979 -0.00415134
v -0.05651780 -0.00442765 -0.00321885
v -0.05663642 -0.00471210 -0.00449895
v -0.05640786 -0.00506767 -0.00417341
v -0.05646862 -0.00526324 -0.00508383
v -0.05595074 -0.00611660 -0.00511693
v -0.05563828 -0.00647217 -0.00481898
v -0.05555148 -0.00635958 -0.00415134
v -0.05540393 -0.00619364 -0.00321885
v -0.05493524 -0.00669737 -0.00321885
v -0.05504518 -0.00589141 -0.00135388
v -0.05469221 -0.00742036 -0.00474173
v -0.05455045 -0.00732554 -0.00415134
v -0.05425245 -0.00720109 -0.00319678
v -0.05433057 -0.00682182 -0.00227533
v -0.05404125 -0.00667366 -0.00135388
v -0.05387634 -0.00656699 -0.00078556
v -0.05367093 -0.00644847 -0.00016206
v -0.05304889 -0.00661440 0.00025728
v -0.03786843 -0.02514551 -0.02523988
v -0.03724640 -0.02529959 -0.02490331
v -0.03596472 -0.02606999 -0.02526195
v -0.03534558 -0.02620629 -0.02496400
v -0.03465412 -0.02680483 -0.02564267
v -0.03431562 -0.02709521 -0.02597925
v -0.03260286 -0.02809081 -0.02672965
v -0.03055739 -0.02895010 -0.02692829
v -0.03287771 -0.02788339 -0.02646481
v -0.03002794 -0.02931160 -0.02746902
v -0.02904136 -0.02967309 -0.02751316
v -0.02844248 -0.02979162 -0.02722624
v -0.02806637 -0.02995162 -0.02736419
v -0.03564358 0.02635283 -0.02558750
v -0.03810856 0.02527427 -0.02586338
v -0.03625115 0.02620467 -0.02588545
v -0.03752993 0.02544613 -0.02557094
v -0.02806637 0.02999149 -0.02750764
v -0.02869708 0.02987890 -0.02784974
v -0.03141666 0.02891886 -0.02795458
v -0.03076859 0.02903146 -0.02746902
v -0.03189403 0.02859885 -0.02746902
v -0.03322489 0.02795882 -0.02709382
v -0.03287771 0.02820179 -0.02743040
v -0.03376013 0.02753806 -0.02653654
v -0.03493765 0.02696322 -0.02634342
v -0.03873059 0.02509648 -0.02633790
v -0.05375482 0.00741875 -0.00286020
v -0.05391974 0.00752542 -0.00348370
v -0.05408465 0.00763801 -0.00415134
v -0.03999780 0.02437349 -0.02653654
v -0.05477033 0.00840842 -0.00828408
v -0.05481083 0.00751357 -0.00536523
v -0.04063719 0.02417200 -0.02729246
v -0.05508279 0.00685576 -0.00415134
v -0.05613591 0.00605573 -0.00601631
v -0.05570482 0.00655353 -0.00544799
v -0.05576269 0.00663057 -0.00601631
v -0.05584948 0.00674316 -0.00694880
v -0.05592760 0.00686169 -0.00788680
v -0.05626899 0.00605573 -0.00694880
v -0.05645705 0.00615055 -0.00881929
v -0.05652070 0.00536830 -0.00601631
v -0.05666825 0.00479346 -0.00508383
v -0.05490920 0.00760838 -0.00601631
v -0.05483398 0.00847953 -0.00881929
v -0.05549073 0.00721133 -0.00694880
v -0.05676662 0.00519644 -0.00790888
v -0.05687366 0.00512532 -0.00881929
v -0.05709644 0.00419492 -0.00788680
v -0.05716298 0.00419492 -0.00881929
v -0.05719481 0.00325858 -0.00601631
v -0.05729317 0.00232817 -0.00508383
v -0.05729607 0.00139184 -0.00415134
v -0.05720349 0.00046143 -0.00321885
v -0.05707329 0.00046143 -0.00228637
v -0.05729607 -0.00139345 -0.00415134
v -0.05707329 -0.00046305 -0.00228637
v -0.05720349 -0.00046305 -0.00321885
v -0.05719481 -0.00326019 -0.00601631
v -0.05716298 -0.00419060 -0.00881929
v -0.05709644 -0.00419060 -0.00788680
v -0.05729317 -0.00232979 -0.00508383
v -0.05687366 -0.00512694 -0.00881929
v -0.05666825 -0.00479507 -0.00508383
v -0.05652070 -0.00536398 -0.00601631
v -0.05645705 -0.00615216 -0.00881929
v -0.05626899 -0.00605734 -0.00694880
v -0.05613591 -0.00605734 -0.00601631
v -0.05592760 -0.00686330 -0.00788680
v -0.05584948 -0.00674478 -0.00694880
v -0.05576269 -0.00663218 -0.00601631
v -0.05570482 -0.00655514 -0.00544799
v -0.05508279 -0.00685737 -0.00415134
v -0.05549073 -0.00721294 -0.00694880
v -0.05483398 -0.00848114 -0.00881929
v -0.05477033 -0.00841003 -0.00828408
v -0.05490920 -0.00761000 -0.00601631
v -0.05481083 -0.00750925 -0.00536523
v -0.04063719 -0.02417361 -0.02729246
v -0.03999780 -0.02437511 -0.02653654
v -0.05408465 -0.00763963 -0.00415134
v -0.05391974 -0.00752703 -0.00348370
v -0.05375482 -0.00742036 -0.00286020
v -0.03873059 -0.02509810 -0.02633790
v -0.03810856 -0.02527588 -0.02586338
v -0.03752993 -0.02544774 -0.02557094
v -0.03625115 -0.02620629 -0.02588545
v -0.03564358 -0.02635444 -0.02558750
v -0.03493765 -0.02696484 -0.02634342
v -0.03376013 -0.02753967 -0.02653654
v -0.03322489 -0.02796043 -0.02709382
v -0.03189403 -0.02860046 -0.02746902
v -0.03141666 -0.02892047 -0.02795458
v -0.02869708 -0.02988051 -0.02784974
v -0.02806637 -0.02999311 -0.02750764
v -0.03687318 0.02605059 -0.02628824
v -0.03743445 0.02586688 -0.02656964
v -0.03842102 0.02535724 -0.02660275
v -0.03555100 0.02678544 -0.02660275
v -0.03656071 0.02629949 -0.02656964
v -0.02806637 0.03000927 -0.02758489
v -0.02806637 0.03017520 -0.02839599
v -0.02816184 0.03014557 -0.02839599
v -0.02884174 0.02992631 -0.02839599
v -0.02930754 0.02977223 -0.02839599
v -0.03002794 0.02951740 -0.02839599
v -0.03104923 0.02912035 -0.02831874
v -0.03154685 0.02897219 -0.02857807
v -0.03282563 0.02844476 -0.02839599
v -0.03343898 0.02805364 -0.02771732
v -0.03375434 0.02783437 -0.02743040
v -0.03518935 0.02706990 -0.02696140
v -0.03891286 0.02520315 -0.02696140
v -0.03927740 0.02485944 -0.02660275
v -0.03986472 0.02428460 -0.02600132
v -0.03949150 0.02498389 -0.02746902
v -0.04031316 0.02446831 -0.02755179
v -0.05356388 0.01101593 -0.01441973
v -0.05399785 0.01041738 -0.01348724
v -0.05458806 0.00917289 -0.01068426
v -0.04076449 0.02426090 -0.02791596
v -0.05558331 0.00732393 -0.00788680
v -0.05564407 0.00740689 -0.00857100
v -0.05569904 0.00747801 -0.00918897
v -0.05593917 0.00705725 -0.00885240
v -0.05649755 0.00622759 -0.00975178
v -0.05665378 0.00568831 -0.00881929
v -0.05608383 0.00699206 -0.00975178
v -0.05470668 0.00927956 -0.01161675
v -0.05535475 0.00784543 -0.00885240
v -0.05692863 0.00512532 -0.00975178
v -0.05668272 0.00575942 -0.00975178
v -0.05720059 0.00419492 -0.00975178
v -0.05735104 0.00325858 -0.00881929
v -0.05739443 0.00232817 -0.00694880
v -0.05755645 0.00192520 -0.00913932
v -0.05738286 0.00139184 -0.00508383
v -0.05732789 0.00046143 -0.00415134
v -0.05732789 -0.00046305 -0.00415134
v -0.05738286 -0.00139345 -0.00508383
v -0.05735104 -0.00326019 -0.00881929
v -0.05720059 -0.00419060 -0.00975178
v -0.05692863 -0.00512694 -0.00975178
v -0.05739443 -0.00232979 -0.00694880
v -0.05755645 -0.00192088 -0.00913932
v -0.05668272 -0.00576103 -0.00975178
v -0.05665378 -0.00568992 -0.00881929
v -0.05676662 -0.00519212 -0.00790888
v -0.05656699 -0.00547065 -0.00694880
v -0.05649755 -0.00622920 -0.00975178
v -0.05608383 -0.00699368 -0.00975178
v -0.05593917 -0.00705886 -0.00885240
v -0.05569904 -0.00747962 -0.00918897
v -0.05564407 -0.00740851 -0.00857100
v -0.05558331 -0.00732554 -0.00788680
v -0.05535475 -0.00784704 -0.00885240
v -0.05470668 -0.00928117 -0.01161675
v -0.05399785 -0.01041900 -0.01348724
v -0.05356388 -0.01101754 -0.01441973
v -0.04076449 -0.02426251 -0.02791596
v -0.04031316 -0.02446992 -0.02755179
v -0.03949150 -0.02498550 -0.02746902
v -0.03927740 -0.02486105 -0.02660275
v -0.03986472 -0.02428621 -0.02600132
v -0.03891286 -0.02520477 -0.02696140
v -0.03842102 -0.02535885 -0.02660275
v -0.03743445 -0.02586850 -0.02656964
v -0.03687318 -0.02605221 -0.02628824
v -0.03656071 -0.02630111 -0.02656964
v -0.03555100 -0.02678705 -0.02660275
v -0.03518935 -0.02707151 -0.02696140
v -0.03343898 -0.02805525 -0.02771732
v -0.03287771 -0.02819748 -0.02743040
v -0.03104923 -0.02912196 -0.02831874
v -0.03002794 -0.02951901 -0.02839599
v -0.03282563 -0.02844638 -0.02839599
v -0.02930754 -0.02977384 -0.02839599
v -0.02884174 -0.02992792 -0.02839599
v -0.02816184 -0.03014719 -0.02839599
v -0.02806637 -0.03017682 -0.02839599
v -0.02806637 -0.03015904 -0.02830771
v -0.03708438 0.02615727 -0.02690622
v -0.03581428 0.02693359 -0.02746902
v -0.02806637 0.03018706 -0.02848979
v -0.02945798 0.02982556 -0.02933400
v -0.03002794 0.02961815 -0.02933400
v -0.03095954 0.02927443 -0.02933400
v -0.03211102 0.02882996 -0.02933400
v -0.03282563 0.02855144 -0.02933400
v -0.03382378 0.02814846 -0.02939469
v -0.03417964 0.02797067 -0.02911881
v -0.03360100 0.02812475 -0.02839599
v -0.03600233 0.02701656 -0.02815321
v -0.03534848 0.02714101 -0.02746902
v -0.03469173 0.02743139 -0.02746902
v -0.03842392 0.02561206 -0.02746902
v -0.03902570 0.02527427 -0.02746902
v -0.03966798 0.02509056 -0.02839599
v -0.05372300 0.01111667 -0.01535222
v -0.05186269 0.01299526 -0.01704062
v -0.05409622 0.01054776 -0.01441973
v -0.04029001 0.02468165 -0.02839599
v -0.04083104 0.02431423 -0.02839599
v -0.05172382 0.01380122 -0.02000913
v -0.05104103 0.01400864 -0.01854695
v -0.05474718 0.00932104 -0.01209679
v -0.05456491 0.00999663 -0.01441973
v -0.05483687 0.00945142 -0.01348724
v -0.05573375 0.00752542 -0.00975178
v -0.05579162 0.00760246 -0.01068426
v -0.05651491 0.00626907 -0.01068426
v -0.05615905 0.00699206 -0.01068426
v -0.05591313 0.00783950 -0.01348724
v -0.05628056 0.00699206 -0.01254924
v -0.05632685 0.00699206 -0.01348724
v -0.05584369 0.00767950 -0.01161675
v -0.05588420 0.00775654 -0.01254924
v -0.05694889 0.00512532 -0.01068426
v -0.05669718 0.00580090 -0.01068426
v -0.05656120 0.00637574 -0.01348724
v -0.05673479 0.00591350 -0.01348724
v -0.05720638 0.00419492 -0.01068426
v -0.05737708 0.00325858 -0.00975178
v -0.05696335 0.00512532 -0.01161675
v -0.05698650 0.00512532 -0.01348724
v -0.05750437 0.00240521 -0.00975178
v -0.05749859 0.00226891 -0.00882481
v -0.05755645 0.00193705 -0.00975178
v -0.05758249 0.00139184 -0.00975178
v -0.05762299 0.00046143 -0.00975178
v -0.05760274 0.00046143 -0.00881929
v -0.05752463 0.00136814 -0.00792543
v -0.05742915 0.00139184 -0.00601631
v -0.05750727 0.00046143 -0.00694880
v -0.05741179 0.00046143 -0.00508383
v -0.05741179 -0.00046305 -0.00508383
v -0.05742915 -0.00139345 -0.00601631
v -0.05750727 -0.00046305 -0.00694880
v -0.05760274 -0.00046305 -0.00881929
v -0.05749859 -0.00227053 -0.00882481
v -0.05750437 -0.00240683 -0.00975178
v -0.05737708 -0.00326019 -0.00975178
v -0.05720638 -0.00419060 -0.01068426
v -0.05698650 -0.00512694 -0.01348724
v -0.05696335 -0.00512694 -0.01161675
v -0.05694889 -0.00512694 -0.01068426
v -0.05673479 -0.00591511 -0.01348724
v -0.05656120 -0.00637736 -0.01348724
v -0.05632685 -0.00699368 -0.01348724
v -0.05669718 -0.00580252 -0.01068426
v -0.05755645 -0.00193866 -0.00975178
v -0.05753909 -0.00166013 -0.00851582
v -0.05752463 -0.00136975 -0.00792543
v -0.05762299 -0.00046305 -0.00975178
v -0.05758249 -0.00139345 -0.00975178
v -0.05651491 -0.00627068 -0.01068426
v -0.05628056 -0.00699368 -0.01254924
v -0.05591313 -0.00784112 -0.01348724
v -0.05615905 -0.00699368 -0.01068426
v -0.05588420 -0.00775815 -0.01254924
v -0.05584369 -0.00768111 -0.01161675
v -0.05579162 -0.00760407 -0.01068426
v -0.05573375 -0.00752703 -0.00975178
v -0.05483687 -0.00945303 -0.01348724
v -0.05456491 -0.00999824 -0.01441973
v -0.05474718 -0.00932266 -0.01209679
v -0.05409622 -0.01054937 -0.01441973
v -0.05372300 -0.01111828 -0.01535222
v -0.05186269 -0.01299688 -0.01704062
v -0.04083104 -0.02431584 -0.02839599
v -0.04029001 -0.02468327 -0.02839599
v -0.03966798 -0.02509217 -0.02839599
v -0.05104103 -0.01401025 -0.01854695
v -0.05172382 -0.01380284 -0.02000913
v -0.03902570 -0.02527588 -0.02746902
v -0.03842392 -0.02561367 -0.02746902
v -0.03708438 -0.02615295 -0.02690622
v -0.03581428 -0.02693521 -0.02746902
v -0.03534848 -0.02714262 -0.02746902
v -0.03469173 -0.02743300 -0.02746902
v -0.03360100 -0.02812637 -0.02839599
v -0.03600233 -0.02701817 -0.02815321
v -0.03154685 -0.02896788 -0.02857807
v -0.03095954 -0.02927011 -0.02933400
v -0.03002794 -0.02961976 -0.02933400
v -0.02945798 -0.02982717 -0.02933400
v -0.03417964 -0.02797228 -0.02911881
v -0.03282563 -0.02855305 -0.02933400
v -0.02899218 -0.02997533 -0.02933400
v -0.02806637 -0.03025978 -0.02924019
v -0.03655782 0.02657210 -0.02746902
v -0.03723772 0.02623431 -0.02746902
v -0.03770352 0.02599133 -0.02746902
v -0.02806637 0.03026410 -0.02933400
v -0.02899218 0.02997371 -0.02933400
v -0.02947534 0.02983149 -0.03026648
v -0.03002794 0.02963592 -0.03026648
v -0.03095954 0.02929220 -0.03026648
v -0.03167704 0.02901960 -0.03026648
v -0.03214284 0.02884182 -0.03026648
v -0.03282563 0.02858107 -0.03026648
v -0.03423750 0.02799438 -0.02974230
v -0.03460493 0.02780474 -0.02939469
v -0.03562622 0.02734250 -0.02933400
v -0.03612385 0.02706990 -0.02877671
v -0.03566673 0.02721805 -0.02844013
v -0.03648260 0.02683285 -0.02844013
v -0.03786843 0.02608023 -0.02817528
v -0.03834580 0.02587874 -0.02845117
v -0.03920218 0.02538094 -0.02839599
v -0.03977503 0.02516167 -0.02933400
v -0.04029001 0.02482388 -0.02933400
v -0.05379244 0.01116408 -0.01598675
v -0.05184244 0.01389604 -0.02093058
v -0.05414540 0.01064850 -0.01535222
v -0.04139231 0.02401792 -0.02933400
v -0.04129684 0.02394088 -0.02839599
v -0.05137664 0.01427532 -0.02093058
v -0.04092362 0.02438535 -0.02933400
v -0.05387345 0.01124705 -0.01721719
v -0.05397760 0.01137742 -0.01908216
v -0.05461120 0.01004996 -0.01535222
v -0.05488895 0.00952846 -0.01441973
v -0.05566143 0.00835508 -0.01421006
v -0.05568746 0.00839656 -0.01483355
v -0.05588131 0.00799951 -0.01448042
v -0.05634421 0.00699206 -0.01441973
v -0.05593628 0.00792247 -0.01535222
v -0.05572508 0.00846175 -0.01721719
v -0.05673769 0.00592535 -0.01441973
v -0.05720638 0.00419492 -0.01161675
v -0.05737708 0.00325858 -0.01068426
v -0.05697782 0.00512532 -0.01441973
v -0.05720059 0.00419492 -0.01348724
v -0.05750437 0.00236373 -0.01068426
v -0.05737129 0.00325858 -0.01254924
v -0.05749280 0.00232817 -0.01254924
v -0.05748412 0.00232817 -0.01348724
v -0.05754777 0.00186593 -0.01119189
v -0.05757381 0.00139184 -0.01068426
v -0.05760274 0.00046143 -0.01161675
v -0.05750437 -0.00235942 -0.01068426
v -0.05736550 -0.00326019 -0.01348724
v -0.05737129 -0.00326019 -0.01254924
v -0.05737708 -0.00326019 -0.01068426
v -0.05720638 -0.00419060 -0.01161675
v -0.05697782 -0.00512694 -0.01441973
v -0.05673769 -0.00592697 -0.01441973
v -0.05720059 -0.00419060 -0.01348724
v -0.05634421 -0.00699368 -0.01441973
v -0.05572508 -0.00846336 -0.01721719
v -0.05593628 -0.00792408 -0.01535222
v -0.05588131 -0.00799520 -0.01448042
v -0.05754777 -0.00186755 -0.01119189
v -0.05748412 -0.00232979 -0.01348724
v -0.05749280 -0.00232979 -0.01254924
v -0.05760274 -0.00046305 -0.01161675
v -0.05757381 -0.00139345 -0.01068426
v -0.05568746 -0.00839818 -0.01483355
v -0.05566143 -0.00835669 -0.01421006
v -0.05488895 -0.00953007 -0.01441973
v -0.05461120 -0.01004565 -0.01535222
v -0.05397760 -0.01137903 -0.01908216
v -0.05387345 -0.01124866 -0.01721719
v -0.05414540 -0.01065012 -0.01535222
v -0.05379244 -0.01116569 -0.01598675
v -0.05184244 -0.01389765 -0.02093058
v -0.05137664 -0.01427693 -0.02093058
v -0.04129684 -0.02394250 -0.02839599
v -0.04139231 -0.02401953 -0.02933400
v -0.04092362 -0.02438696 -0.02933400
v -0.04029001 -0.02482549 -0.02933400
v -0.03977503 -0.02516329 -0.02933400
v -0.03920218 -0.02538255 -0.02839599
v -0.03834580 -0.02588035 -0.02845117
v -0.03786843 -0.02608184 -0.02817528
v -0.03770352 -0.02599295 -0.02746902
v -0.03723772 -0.02623592 -0.02746902
v -0.03655782 -0.02657371 -0.02746902
v -0.03566673 -0.02721966 -0.02844013
v -0.03612385 -0.02707151 -0.02877671
v -0.03648260 -0.02683446 -0.02844013
v -0.03164522 -0.02900936 -0.02933400
v -0.03095954 -0.02929382 -0.03026648
v -0.03167704 -0.02902122 -0.03026648
v -0.03002794 -0.02963754 -0.03026648
v -0.02947534 -0.02983310 -0.03026648
v -0.03423750 -0.02799599 -0.02974230
v -0.03382378 -0.02814414 -0.02939469
v -0.03562622 -0.02734411 -0.02933400
v -0.03460493 -0.02780635 -0.02939469
v -0.03282563 -0.02858268 -0.03026648
v -0.02806637 -0.03026571 -0.02933400
v -0.02806637 0.03027002 -0.03026648
v -0.02933647 0.02979000 -0.03120449
v -0.03002794 0.02955888 -0.03120449
v -0.03095954 0.02922702 -0.03120449
v -0.03159893 0.02898997 -0.03120449
v -0.03282563 0.02852180 -0.03120449
v -0.03423750 0.02799438 -0.03077411
v -0.03376013 0.02820179 -0.03026648
v -0.03424328 0.02799438 -0.03026648
v -0.03470909 0.02778696 -0.03026648
v -0.03562622 0.02737806 -0.03026648
v -0.03621064 0.02711138 -0.03026648
v -0.03617303 0.02709360 -0.02933400
v -0.03663883 0.02686841 -0.02933400
v -0.03798126 0.02613356 -0.02879878
v -0.03752993 0.02630542 -0.02845117
v -0.03849625 0.02591430 -0.02933400
v -0.03930923 0.02544613 -0.02933400
v -0.03981553 0.02518538 -0.03026648
v -0.04029001 0.02487722 -0.03026648
v -0.04096412 0.02441498 -0.03026648
v -0.05383583 0.01120556 -0.01661024
v -0.04185232 0.02347864 -0.02839599
v -0.04917204 0.01679986 -0.02505228
v -0.05191188 0.01394938 -0.02186307
v -0.05228799 0.01342787 -0.02093058
v -0.04142992 0.02405348 -0.03026648
v -0.04197673 0.02358531 -0.03026648
v -0.04193623 0.02354976 -0.02933400
v -0.05442604 0.01071962 -0.01908216
v -0.05360149 0.01189300 -0.02000913
v -0.05399785 0.01142483 -0.02000913
v -0.05569615 0.00841434 -0.01535222
v -0.05632975 0.00699206 -0.01535222
v -0.05573086 0.00847953 -0.01814967
v -0.05594206 0.00792247 -0.01814967
v -0.05472982 0.01022182 -0.01908216
v -0.05672611 0.00590165 -0.01535222
v -0.05694310 0.00512532 -0.01535222
v -0.05717456 0.00419492 -0.01441973
v -0.05669718 0.00582461 -0.01721719
v -0.05734236 0.00325858 -0.01441973
v -0.05736550 0.00325858 -0.01348724
v -0.05745519 0.00232817 -0.01441973
v -0.05753331 0.00153407 -0.01348724
v -0.05756224 0.00143925 -0.01155054
v -0.05757960 0.00046143 -0.01348724
v -0.05734236 -0.00326019 -0.01441973
v -0.05694310 -0.00512694 -0.01535222
v -0.05669718 -0.00582622 -0.01721719
v -0.05672611 -0.00589734 -0.01535222
v -0.05717456 -0.00419060 -0.01441973
v -0.05594206 -0.00792408 -0.01814967
v -0.05632975 -0.00699368 -0.01535222
v -0.05573086 -0.00848114 -0.01814967
v -0.05569615 -0.00841595 -0.01535222
v -0.05472982 -0.01022343 -0.01908216
v -0.05756224 -0.00144086 -0.01155054
v -0.05753331 -0.00153568 -0.01348724
v -0.05745519 -0.00232979 -0.01441973
v -0.05757960 -0.00046305 -0.01348724
v -0.05442604 -0.01072123 -0.01908216
v -0.05399785 -0.01142644 -0.02000913
v -0.05360149 -0.01189461 -0.02000913
v -0.05191188 -0.01395099 -0.02186307
v -0.05228799 -0.01342949 -0.02093058
v -0.05383583 -0.01120718 -0.01661024
v -0.04917204 -0.01680147 -0.02505228
v -0.04193623 -0.02355137 -0.02933400
v -0.04197673 -0.02358693 -0.03026648
v -0.04142992 -0.02405509 -0.03026648
v -0.04096412 -0.02441659 -0.03026648
v -0.04029001 -0.02487883 -0.03026648
v -0.03981553 -0.02518699 -0.03026648
v -0.03930923 -0.02544774 -0.02933400
v -0.03849625 -0.02591591 -0.02933400
v -0.03798126 -0.02613517 -0.02879878
v -0.03752993 -0.02630703 -0.02845117
v -0.03803044 -0.02616481 -0.02933400
v -0.03748942 -0.02643741 -0.02933400
v -0.03663883 -0.02686409 -0.02933400
v -0.03617303 -0.02709521 -0.02933400
v -0.03214284 -0.02884343 -0.03026648
v -0.03206473 -0.02881380 -0.03120449
v -0.03095954 -0.02922863 -0.03120449
v -0.03282563 -0.02852342 -0.03120449
v -0.03002794 -0.02956050 -0.03120449
v -0.02933647 -0.02979162 -0.03120449
v -0.02816184 -0.03024201 -0.03026648
v -0.02806637 -0.03027164 -0.03017268
v -0.03621064 -0.02711299 -0.03026648
v -0.03562622 -0.02737967 -0.03026648
v -0.03470909 -0.02778857 -0.03026648
v -0.03424328 -0.02799599 -0.03026648
v -0.03376013 -0.02820340 -0.03026648
v -0.03423750 -0.02799599 -0.03077411
v -0.02806637 0.03017520 -0.03120449
v -0.02816184 0.03015150 -0.03120449
v -0.02905005 0.02971296 -0.03211490
v -0.03002794 0.02939888 -0.03213145
v -0.02871154 0.02987890 -0.03178936
v -0.03099136 0.02906701 -0.03211490
v -0.03148899 0.02894849 -0.03178936
v -0.03282563 0.02837958 -0.03213145
v -0.03354603 0.02809512 -0.03213145
v -0.03414492 0.02795289 -0.03139761
v -0.03380352 0.02813068 -0.03112724
v -0.03460493 0.02779289 -0.03112724
v -0.03562622 0.02733657 -0.03120449
v -0.03616435 0.02709360 -0.03120449
v -0.03667644 0.02688618 -0.03026648
v -0.03748942 0.02647728 -0.03026648
v -0.03803044 0.02616319 -0.02933400
v -0.03853675 0.02593800 -0.03026648
v -0.03934684 0.02546983 -0.03026648
v -0.03980107 0.02517945 -0.03120449
v -0.04029001 0.02485944 -0.03120449
v -0.04095544 0.02440905 -0.03120449
v -0.04919519 0.01682356 -0.02560405
v -0.05012101 0.01588723 -0.02466053
v -0.05105261 0.01495090 -0.02397634
v -0.05193791 0.01397901 -0.02249760
v -0.04142124 0.02404755 -0.03120449
v -0.04197094 0.02357939 -0.03120449
v -0.04922701 0.01685912 -0.02746902
v -0.04922123 0.01684727 -0.02653654
v -0.05444051 0.01071962 -0.02000913
v -0.05195817 0.01399679 -0.02312110
v -0.05196974 0.01400864 -0.02372804
v -0.05318198 0.01248561 -0.02279555
v -0.05364778 0.01188115 -0.02279555
v -0.05399207 0.01143076 -0.02093058
v -0.05499600 0.00975958 -0.01908216
v -0.05546469 0.00891807 -0.01908216
v -0.05571061 0.00844990 -0.01908216
v -0.05589577 0.00792247 -0.01908216
v -0.05626321 0.00699206 -0.01814967
v -0.05686498 0.00512532 -0.01721719
v -0.05712827 0.00419492 -0.01535222
v -0.05651780 0.00623351 -0.01814967
v -0.05667114 0.00576535 -0.01814967
v -0.05729317 0.00325858 -0.01535222
v -0.05740312 0.00232817 -0.01535222
v -0.05751306 0.00132665 -0.01434248
v -0.05755066 0.00097701 -0.01398383
v -0.05755356 0.00107183 -0.01348724
v -0.05756224 0.00046143 -0.01416040
v -0.05729317 -0.00326019 -0.01535222
v -0.05686498 -0.00512694 -0.01721719
v -0.05712827 -0.00419060 -0.01535222
v -0.05667114 -0.00576696 -0.01814967
v -0.05651780 -0.00623513 -0.01814967
v -0.05626321 -0.00699368 -0.01814967
v -0.05589577 -0.00792408 -0.01908216
v -0.05571061 -0.00845151 -0.01908216
v -0.05546469 -0.00891968 -0.01908216
v -0.05444051 -0.01072123 -0.02000913
v -0.05499600 -0.00976119 -0.01908216
v -0.05755356 -0.00107344 -0.01348724
v -0.05755066 -0.00097862 -0.01398383
v -0.05740312 -0.00232979 -0.01535222
v -0.05751306 -0.00132827 -0.01434248
v -0.05756224 -0.00046305 -0.01416040
v -0.05399207 -0.01143237 -0.02093058
v -0.05364778 -0.01188276 -0.02279555
v -0.05318198 -0.01248723 -0.02279555
v -0.05196974 -0.01401025 -0.02372804
v -0.05195817 -0.01399840 -0.02312110
v -0.05193791 -0.01397469 -0.02249760
v -0.05105261 -0.01495251 -0.02397634
v -0.05012101 -0.01588884 -0.02466053
v -0.04919519 -0.01682518 -0.02560405
v -0.04197094 -0.02358100 -0.03120449
v -0.04922123 -0.01684888 -0.02653654
v -0.04871492 -0.01732890 -0.02746902
v -0.04922701 -0.01685481 -0.02746902
v -0.04142124 -0.02404917 -0.03120449
v -0.04095544 -0.02441066 -0.03120449
v -0.04029001 -0.02486105 -0.03120449
v -0.03980107 -0.02517514 -0.03120449
v -0.03933526 -0.02545959 -0.03120449
v -0.03934684 -0.02547145 -0.03026648
v -0.03853675 -0.02593369 -0.03026648
v -0.03806806 -0.02618258 -0.03026648
v -0.03748942 -0.02647889 -0.03026648
v -0.03667644 -0.02688780 -0.03026648
v -0.03148899 -0.02895010 -0.03178936
v -0.03380352 -0.02813229 -0.03112724
v -0.03414492 -0.02795451 -0.03139761
v -0.03354603 -0.02809673 -0.03213145
v -0.03282563 -0.02838119 -0.03213145
v -0.03099136 -0.02906862 -0.03211490
v -0.03002794 -0.02940049 -0.03213145
v -0.02905005 -0.02971458 -0.03211490
v -0.02871154 -0.02988051 -0.03178936
v -0.02887067 -0.02993385 -0.03120449
v -0.02806637 -0.03018867 -0.03111069
v -0.02806637 -0.03026571 -0.03026648
v -0.03616435 -0.02709521 -0.03120449
v -0.03562622 -0.02733819 -0.03120449
v -0.03610649 -0.02706558 -0.03170659
v -0.02806637 0.03000927 -0.03212042
v -0.02850034 0.02981963 -0.03241286
v -0.03010895 0.02913812 -0.03314119
v -0.03070204 0.02899590 -0.03288186
v -0.02909344 0.02948184 -0.03306394
v -0.03132408 0.02888330 -0.03241286
v -0.03183906 0.02875293 -0.03211490
v -0.03340137 0.02803586 -0.03277150
v -0.03401472 0.02789956 -0.03213145
v -0.03469173 0.02760918 -0.03213145
v -0.03610649 0.02706397 -0.03170659
v -0.03663015 0.02686841 -0.03120449
v -0.03804202 0.02616912 -0.03120449
v -0.03806806 0.02618097 -0.03026648
v -0.03850782 0.02592615 -0.03120449
v -0.03933526 0.02545798 -0.03120449
v -0.03972295 0.02513204 -0.03213145
v -0.04029001 0.02476462 -0.03213145
v -0.04089179 0.02436164 -0.03213145
v -0.04966099 0.01637910 -0.02560405
v -0.05014415 0.01591686 -0.02560405
v -0.05106996 0.01497460 -0.02466053
v -0.04135759 0.02399422 -0.03213145
v -0.04191019 0.02352605 -0.03213145
v -0.04243674 0.02312900 -0.03120449
v -0.04825202 0.01774805 -0.02821391
v -0.04919230 0.01682356 -0.02840151
v -0.04969282 0.01636132 -0.02746902
v -0.05104103 0.01494497 -0.02714348
v -0.05105550 0.01496275 -0.02653654
v -0.05014415 0.01591686 -0.02653654
v -0.05438264 0.01071962 -0.02186307
v -0.05397760 0.01142483 -0.02186307
v -0.05395735 0.01141890 -0.02279555
v -0.05196685 0.01400864 -0.02447293
v -0.05317041 0.01249154 -0.02372804
v -0.05363621 0.01182781 -0.02372804
v -0.05493524 0.00967069 -0.02186307
v -0.05569036 0.00840842 -0.01964496
v -0.05620534 0.00699206 -0.01908216
v -0.05681002 0.00512532 -0.01814967
v -0.05702700 0.00419492 -0.01721719
v -0.05664221 0.00568238 -0.01886697
v -0.05718902 0.00325858 -0.01721719
v -0.05734814 0.00232817 -0.01628470
v -0.05739154 0.00139184 -0.01628470
v -0.05737418 0.00046143 -0.01721719
v -0.05718902 -0.00326019 -0.01721719
v -0.05681002 -0.00512694 -0.01814967
v -0.05664221 -0.00568399 -0.01886697
v -0.05620534 -0.00699368 -0.01908216
v -0.05569036 -0.00841003 -0.01964496
v -0.05493524 -0.00967230 -0.02186307
v -0.05438264 -0.01072123 -0.02186307
v -0.05395735 -0.01142052 -0.02279555
v -0.05397760 -0.01142644 -0.02186307
v -0.05739154 -0.00139345 -0.01628470
v -0.05734814 -0.00232979 -0.01628470
v -0.05737418 -0.00046305 -0.01721719
v -0.05363621 -0.01182942 -0.02372804
v -0.05317041 -0.01248723 -0.02372804
v -0.05196685 -0.01401025 -0.02447293
v -0.05106996 -0.01497621 -0.02466053
v -0.05014415 -0.01591847 -0.02560405
v -0.04966099 -0.01638071 -0.02560405
v -0.04243674 -0.02313061 -0.03120449
v -0.04191019 -0.02352766 -0.03213145
v -0.04825202 -0.01774966 -0.02821391
v -0.04919230 -0.01682518 -0.02840151
v -0.05014415 -0.01591847 -0.02653654
v -0.05105550 -0.01496436 -0.02653654
v -0.04969282 -0.01636294 -0.02746902
v -0.04135759 -0.02399583 -0.03213145
v -0.04089179 -0.02436325 -0.03213145
v -0.03972295 -0.02513366 -0.03213145
v -0.04029001 -0.02476623 -0.03213145
v -0.03925426 -0.02540626 -0.03213145
v -0.03850782 -0.02592776 -0.03120449
v -0.03804202 -0.02617073 -0.03120449
v -0.03663015 -0.02687002 -0.03120449
v -0.03183906 -0.02875454 -0.03211490
v -0.03401472 -0.02790117 -0.03213145
v -0.03469173 -0.02761079 -0.03213145
v -0.03340137 -0.02803747 -0.03277150
v -0.03132408 -0.02888491 -0.03241286
v -0.03070204 -0.02899751 -0.03288186
v -0.03010895 -0.02913381 -0.03314119
v -0.02909344 -0.02948346 -0.03306394
v -0.02850034 -0.02982125 -0.03241286
v -0.02806637 -0.03001088 -0.03212042
v -0.02806637 -0.03017682 -0.03120449
v -0.03599076 -0.02701225 -0.03233561
v -0.03566094 -0.02720188 -0.03206524
v -0.03799283 -0.02614110 -0.03178936
v -0.03755018 -0.02631296 -0.03210939
v -0.03647392 -0.02683446 -0.03206524
v -0.02806637 0.02980778 -0.03299221
v -0.02978491 0.02899590 -0.03400195
v -0.03047348 0.02891886 -0.03350536
v -0.03189403 0.02852180 -0.03306394
v -0.02806637 0.02976037 -0.03316326
v -0.02909344 0.02920924 -0.03400195
v -0.03319306 0.02795289 -0.03339500
v -0.03376013 0.02756177 -0.03400195
v -0.03521250 0.02707582 -0.03361019
v -0.03535716 0.02714101 -0.03306394
v -0.03599076 0.02701656 -0.03233561
v -0.03286035 0.02816031 -0.03307498
v -0.03647392 0.02683285 -0.03206524
v -0.03755018 0.02631135 -0.03210939
v -0.03799283 0.02613949 -0.03178936
v -0.03835159 0.02590837 -0.03210939
v -0.03925426 0.02540464 -0.03213145
v -0.03958986 0.02505500 -0.03306394
v -0.04036813 0.02454535 -0.03310808
v -0.03912406 0.02532760 -0.03306394
v -0.04081657 0.02430238 -0.03282117
v -0.05106418 0.01496868 -0.02560405
v -0.04116375 0.02396459 -0.03310808
v -0.04181471 0.02343716 -0.03306394
v -0.04237599 0.02306974 -0.03213145
v -0.04719601 0.01856585 -0.03026648
v -0.04916047 0.01679393 -0.02892017
v -0.05099185 0.01488571 -0.02776698
v -0.05131010 0.01452421 -0.02746351
v -0.05189741 0.01391382 -0.02653654
v -0.05193213 0.01396123 -0.02560405
v -0.04911707 0.01674652 -0.02953815
v -0.05433346 0.01071962 -0.02279555
v -0.05391106 0.01136557 -0.02372804
v -0.05312701 0.01244413 -0.02466053
v -0.05308072 0.01239672 -0.02560405
v -0.05359281 0.01172707 -0.02466053
v -0.05489474 0.00961143 -0.02279555
v -0.05531714 0.00885880 -0.02186307
v -0.05566432 0.00833730 -0.02026294
v -0.05560067 0.00812396 -0.02186307
v -0.05696625 0.00419492 -0.01814967
v -0.05670586 0.00519644 -0.01913182
v -0.05631239 0.00605573 -0.02093058
v -0.05620823 0.00605573 -0.02186307
v -0.05660749 0.00555201 -0.01947943
v -0.05594785 0.00699206 -0.02186307
v -0.05712248 0.00325858 -0.01814967
v -0.05729028 0.00232817 -0.01721719
v -0.05733368 0.00139184 -0.01721719
v -0.05721795 0.00232817 -0.01814967
v -0.05729896 0.00046143 -0.01814967
v -0.05712248 -0.00326019 -0.01814967
v -0.05729028 -0.00232979 -0.01721719
v -0.05670586 -0.00519212 -0.01913182
v -0.05660749 -0.00555362 -0.01947943
v -0.05620823 -0.00605734 -0.02186307
v -0.05631239 -0.00605734 -0.02093058
v -0.05594785 -0.00699368 -0.02186307
v -0.05560067 -0.00811965 -0.02186307
v -0.05566432 -0.00833891 -0.02026294
v -0.05531714 -0.00886042 -0.02186307
v -0.05489474 -0.00961304 -0.02279555
v -0.05433346 -0.01072123 -0.02279555
v -0.05391106 -0.01136126 -0.02372804
v -0.05733368 -0.00139345 -0.01721719
v -0.05729896 -0.00046305 -0.01814967
v -0.05721795 -0.00232979 -0.01814967
v -0.05359281 -0.01172868 -0.02466053
v -0.05308072 -0.01239833 -0.02560405
v -0.05312701 -0.01244574 -0.02466053
v -0.05189741 -0.01391543 -0.02653654
v -0.05193213 -0.01396284 -0.02560405
v -0.05104103 -0.01494658 -0.02714348
v -0.05106418 -0.01497029 -0.02560405
v -0.04916047 -0.01679555 -0.02892017
v -0.04719601 -0.01856154 -0.03026648
v -0.04237599 -0.02306542 -0.03213145
v -0.04181471 -0.02343877 -0.03306394
v -0.04116375 -0.02396620 -0.03310808
v -0.04081657 -0.02430399 -0.03282117
v -0.04036813 -0.02454696 -0.03310808
v -0.03958986 -0.02505661 -0.03306394
v -0.03912406 -0.02532922 -0.03306394
v -0.03835159 -0.02590998 -0.03210939
v -0.03535716 -0.02714262 -0.03306394
v -0.03521250 -0.02707743 -0.03361019
v -0.03319306 -0.02795451 -0.03339500
v -0.03286035 -0.02816192 -0.03307498
v -0.03189403 -0.02852342 -0.03306394
v -0.03047348 -0.02891454 -0.03350536
v -0.03099136 -0.02882565 -0.03314119
v -0.02978491 -0.02899751 -0.03400195
v -0.02909344 -0.02921085 -0.03400195
v -0.02806637 -0.02976198 -0.03316326
v -0.02806637 -0.02980940 -0.03299221
v -0.02806637 -0.02988643 -0.03268874
v -0.03655782 -0.02661519 -0.03306394
v -0.03582296 -0.02694113 -0.03306394
v -0.03789736 -0.02609369 -0.03240734
v -0.03730426 -0.02625962 -0.03306394
v -0.02956792 0.02892478 -0.03447095
v -0.03025071 0.02884182 -0.03400195
v -0.03095954 0.02859292 -0.03400195
v -0.03232801 0.02797660 -0.03442681
v -0.03196925 0.02821364 -0.03406816
v -0.03257103 0.02807142 -0.03380331
v -0.02806637 0.02951147 -0.03400195
v -0.02816184 0.02948777 -0.03400195
v -0.03286035 0.02788770 -0.03406816
v -0.03378616 0.02725361 -0.03494547
v -0.03437348 0.02711730 -0.03464751
v -0.03499551 0.02698693 -0.03423369
v -0.03468883 0.02719435 -0.03395229
v -0.03556257 0.02683285 -0.03395229
v -0.03661569 0.02634690 -0.03403505
v -0.03655782 0.02661358 -0.03306394
v -0.03582296 0.02693952 -0.03306394
v -0.03730426 0.02625801 -0.03306394
v -0.03789736 0.02609208 -0.03240734
v -0.03842392 0.02570688 -0.03306394
v -0.03932659 0.02497796 -0.03403505
v -0.04015114 0.02447424 -0.03400195
v -0.04072978 0.02423719 -0.03344466
v -0.03899387 0.02525056 -0.03374813
v -0.04173370 0.02336604 -0.03364882
v -0.04653058 0.01883253 -0.03213145
v -0.04710922 0.01847104 -0.03119897
v -0.04812761 0.01762360 -0.03026648
v -0.05093977 0.01482052 -0.02840151
v -0.04999949 0.01575093 -0.02933400
v -0.05039586 0.01528276 -0.02933400
v -0.05183376 0.01381307 -0.02746902
v -0.05269303 0.01278785 -0.02653654
v -0.04904474 0.01665763 -0.03026648
v -0.04943822 0.01619539 -0.03026648
v -0.04857895 0.01716135 -0.03026648
v -0.05385320 0.01126482 -0.02466053
v -0.05423509 0.01071962 -0.02372804
v -0.05358413 0.01156706 -0.02553784
v -0.05301707 0.01231968 -0.02653654
v -0.05382137 0.01120556 -0.02518471
v -0.05378665 0.01112260 -0.02580820
v -0.05483398 0.00949883 -0.02372804
v -0.05522456 0.00885880 -0.02279555
v -0.05555438 0.00788691 -0.02279555
v -0.05570772 0.00754320 -0.02249208
v -0.05652937 0.00506606 -0.02089747
v -0.05687656 0.00419492 -0.01908216
v -0.05581187 0.00703355 -0.02279555
v -0.05607225 0.00605573 -0.02279555
v -0.05639919 0.00512532 -0.02186307
v -0.05702411 0.00325858 -0.01908216
v -0.05711669 0.00232817 -0.01908216
v -0.05716009 0.00139184 -0.01908216
v -0.05719770 0.00046143 -0.01908216
v -0.05702411 -0.00326019 -0.01908216
v -0.05687656 -0.00419060 -0.01908216
v -0.05652937 -0.00506767 -0.02089747
v -0.05639919 -0.00512694 -0.02186307
v -0.05607225 -0.00605734 -0.02279555
v -0.05581187 -0.00703516 -0.02279555
v -0.05570772 -0.00754481 -0.02249208
v -0.05555438 -0.00788853 -0.02279555
v -0.05522456 -0.00886042 -0.02279555
v -0.05483398 -0.00950044 -0.02372804
v -0.05378665 -0.01112421 -0.02580820
v -0.05382137 -0.01120718 -0.02518471
v -0.05423509 -0.01072123 -0.02372804
v -0.05358413 -0.01156867 -0.02553784
v -0.05385320 -0.01126644 -0.02466053
v -0.05719770 -0.00046305 -0.01908216
v -0.05716009 -0.00139345 -0.01908216
v -0.05711669 -0.00232979 -0.01908216
v -0.05301707 -0.01231537 -0.02653654
v -0.05269303 -0.01278946 -0.02653654
v -0.05183376 -0.01381469 -0.02746902
v -0.05131010 -0.01452583 -0.02746351
v -0.05099185 -0.01488732 -0.02776698
v -0.04911707 -0.01674814 -0.02953815
v -0.04812761 -0.01762521 -0.03026648
v -0.04710922 -0.01847265 -0.03119897
v -0.04173370 -0.02336766 -0.03364882
v -0.04653058 -0.01882822 -0.03213145
v -0.04072978 -0.02423880 -0.03344466
v -0.04015114 -0.02447585 -0.03400195
v -0.03899387 -0.02525218 -0.03374813
v -0.03842392 -0.02570849 -0.03306394
v -0.03661569 -0.02634852 -0.03403505
v -0.03556257 -0.02683446 -0.03395229
v -0.03499551 -0.02698854 -0.03423369
v -0.03468883 -0.02719596 -0.03395229
v -0.03286035 -0.02788932 -0.03406816
v -0.03257103 -0.02807303 -0.03380331
v -0.03376013 -0.02755745 -0.03400195
v -0.03196925 -0.02821526 -0.03406816
v -0.03095954 -0.02859453 -0.03400195
v -0.03025071 -0.02884343 -0.03400195
v -0.02956792 -0.02892640 -0.03447095
v -0.02816184 -0.02948938 -0.03400195
v -0.02806637 -0.02954272 -0.03390263
v -0.03714514 -0.02618258 -0.03374813
v -0.03777295 -0.02603443 -0.03306394
v -0.02909344 0.02899590 -0.03467510
v -0.02909344 0.02882996 -0.03513859
v -0.03008869 0.02822550 -0.03593313
v -0.02993825 0.02866996 -0.03484615
v -0.03140509 0.02798252 -0.03538137
v -0.03170598 0.02808920 -0.03475787
v -0.03282563 0.02762696 -0.03492892
v -0.02806637 0.02918554 -0.03498961
v -0.03349395 0.02713508 -0.03561311
v -0.03411599 0.02701063 -0.03526549
v -0.03468883 0.02689211 -0.03494547
v -0.03562622 0.02651284 -0.03492892
v -0.03630612 0.02622246 -0.03492892
v -0.03696576 0.02609801 -0.03436611
v -0.03714514 0.02618097 -0.03374813
v -0.03777295 0.02603282 -0.03306394
v -0.03848757 0.02544613 -0.03403505
v -0.03884053 0.02516167 -0.03436611
v -0.03997466 0.02436164 -0.03475235
v -0.04061694 0.02415422 -0.03400195
v -0.04127080 0.02363865 -0.03397436
v -0.04161219 0.02325345 -0.03427231
v -0.04643511 0.01873771 -0.03281013
v -0.04699638 0.01834659 -0.03213145
v -0.04802924 0.01751693 -0.03119897
v -0.05085876 0.01470792 -0.02933400
v -0.05128117 0.01435236 -0.02840151
v -0.04990402 0.01563833 -0.03026648
v -0.05028881 0.01516424 -0.03026648
v -0.05174986 0.01368862 -0.02840151
v -0.05214912 0.01335083 -0.02746902
v -0.04893191 0.01651540 -0.03119897
v -0.04846611 0.01705468 -0.03119897
v -0.05338739 0.01165595 -0.02653654
v -0.05293317 0.01220116 -0.02746902
v -0.05372011 0.01097444 -0.02653654
v -0.05442894 0.00978921 -0.02560405
v -0.05474140 0.00929734 -0.02507987
v -0.05478480 0.00939216 -0.02445086
v -0.05288688 0.01213004 -0.02795458
v -0.05491499 0.00893584 -0.02472674
v -0.05524481 0.00792247 -0.02466053
v -0.05659013 0.00450308 -0.02116784
v -0.05667114 0.00419492 -0.02089747
v -0.05569904 0.00657723 -0.02430188
v -0.05564696 0.00635796 -0.02491986
v -0.05575979 0.00604980 -0.02463294
v -0.05625163 0.00512532 -0.02279555
v -0.05654384 0.00419492 -0.02186859
v -0.05663932 0.00388083 -0.02156511
v -0.05680712 0.00325858 -0.02093058
v -0.05689391 0.00232817 -0.02093058
v -0.05708776 0.00046143 -0.02000913
v -0.05680712 -0.00326019 -0.02093058
v -0.05667114 -0.00419060 -0.02089747
v -0.05659013 -0.00450469 -0.02116784
v -0.05663932 -0.00387652 -0.02156511
v -0.05654384 -0.00419060 -0.02186859
v -0.05659303 -0.00355650 -0.02218861
v -0.05625163 -0.00512694 -0.02279555
v -0.05575979 -0.00605142 -0.02463294
v -0.05564696 -0.00635958 -0.02491986
v -0.05569904 -0.00657884 -0.02430188
v -0.05524481 -0.00792408 -0.02466053
v -0.05491499 -0.00893746 -0.02472674
v -0.05474140 -0.00929895 -0.02507987
v -0.05478480 -0.00939377 -0.02445086
v -0.05442894 -0.00979082 -0.02560405
v -0.05372011 -0.01097606 -0.02653654
v -0.05288688 -0.01213166 -0.02795458
v -0.05338739 -0.01165756 -0.02653654
v -0.05708776 -0.00046305 -0.02000913
v -0.05689391 -0.00232979 -0.02093058
v -0.05214912 -0.01335245 -0.02746902
v -0.05293317 -0.01220277 -0.02746902
v -0.05174986 -0.01369024 -0.02840151
v -0.05085876 -0.01470954 -0.02933400
v -0.05128117 -0.01435397 -0.02840151
v -0.05093977 -0.01482213 -0.02840151
v -0.05039586 -0.01528438 -0.02933400
v -0.04999949 -0.01575254 -0.02933400
v -0.04943822 -0.01619700 -0.03026648
v -0.04904474 -0.01665924 -0.03026648
v -0.04857895 -0.01716297 -0.03026648
v -0.04802924 -0.01751854 -0.03119897
v -0.04699638 -0.01834820 -0.03213145
v -0.04161219 -0.02325506 -0.03427231
v -0.04127080 -0.02364026 -0.03397436
v -0.04643511 -0.01873340 -0.03281013
v -0.04061694 -0.02415584 -0.03400195
v -0.03932659 -0.02497365 -0.03403505
v -0.03997466 -0.02436325 -0.03475235
v -0.03848757 -0.02544182 -0.03403505
v -0.03884053 -0.02516329 -0.03436611
v -0.03696576 -0.02609962 -0.03436611
v -0.03630612 -0.02622407 -0.03492892
v -0.03562622 -0.02651445 -0.03492892
v -0.03437348 -0.02711892 -0.03464751
v -0.03232801 -0.02797821 -0.03442681
v -0.03378616 -0.02725522 -0.03494547
v -0.03282563 -0.02762857 -0.03492892
v -0.03170598 -0.02809081 -0.03475787
v -0.02909344 -0.02899751 -0.03467510
v -0.03140509 -0.02798414 -0.03538137
v -0.02993825 -0.02867157 -0.03484615
v -0.03008869 -0.02822711 -0.03593313
v -0.02909344 -0.02883158 -0.03513859
v -0.02806637 -0.02923456 -0.03484615
v -0.02806637 -0.02951309 -0.03400195
v -0.03746917 -0.02595146 -0.03403505
v -0.02857267 0.02890701 -0.03535378
v -0.02909344 0.02856329 -0.03586140
v -0.02981674 0.02807734 -0.03654559
v -0.03043877 0.02797067 -0.03628075
v -0.03104055 0.02789956 -0.03593313
v -0.03257393 0.02713508 -0.03652352
v -0.03319596 0.02702249 -0.03623109
v -0.03286035 0.02726546 -0.03590003
v -0.02806637 0.02882404 -0.03596624
v -0.03378616 0.02691582 -0.03590003
v -0.03557125 0.02624023 -0.03580071
v -0.03612674 0.02613949 -0.03544206
v -0.03677481 0.02600911 -0.03492892
v -0.03748942 0.02567132 -0.03492892
v -0.03820114 0.02532168 -0.03492892
v -0.03746917 0.02594985 -0.03403505
v -0.03866984 0.02506685 -0.03492892
v -0.03943942 0.02459276 -0.03501168
v -0.03980685 0.02424904 -0.03537033
v -0.04028712 0.02402977 -0.03501168
v -0.04099305 0.02352012 -0.03492892
v -0.04145885 0.02311122 -0.03492892
v -0.04192465 0.02264305 -0.03492892
v -0.04620654 0.01849474 -0.03399643
v -0.04631649 0.01861326 -0.03343363
v -0.04734645 0.01778360 -0.03274944
v -0.04790773 0.01738655 -0.03213145
v -0.05080379 0.01443532 -0.03034925
v -0.05109890 0.01411531 -0.03009543
v -0.05118858 0.01423976 -0.02933400
v -0.05016151 0.01501608 -0.03119897
v -0.04931670 0.01605316 -0.03119897
v -0.05199578 0.01312564 -0.02905260
v -0.04833881 0.01691838 -0.03213145
v -0.05425534 0.00978921 -0.02653654
v -0.05282033 0.01199374 -0.02857807
v -0.05302285 0.01167373 -0.02831874
v -0.05469800 0.00916104 -0.02560405
v -0.05484844 0.00869880 -0.02560405
v -0.05222723 0.01265747 -0.02935055
v -0.05507701 0.00792247 -0.02560405
v -0.05553991 0.00693280 -0.02463294
v -0.05534607 0.00699206 -0.02560405
v -0.05557752 0.00604980 -0.02558750
v -0.05571061 0.00573572 -0.02526195
v -0.05592181 0.00512532 -0.02466053
v -0.05623138 0.00419492 -0.02372804
v -0.05639340 0.00419492 -0.02279555
v -0.05659303 0.00355489 -0.02218861
v -0.05667982 0.00325266 -0.02186859
v -0.05663353 0.00293264 -0.02243691
v -0.05676373 0.00232817 -0.02186307
v -0.05697492 0.00046143 -0.02093058
v -0.05663353 -0.00293426 -0.02243691
v -0.05667982 -0.00325427 -0.02186859
v -0.05653227 -0.00325427 -0.02276797
v -0.05623138 -0.00419060 -0.02372804
v -0.05639340 -0.00419060 -0.02279555
v -0.05592181 -0.00512694 -0.02466053
v -0.05571061 -0.00573733 -0.02526195
v -0.05534607 -0.00699368 -0.02560405
v -0.05557752 -0.00605142 -0.02558750
v -0.05553991 -0.00693441 -0.02463294
v -0.05507701 -0.00792408 -0.02560405
v -0.05484844 -0.00870041 -0.02560405
v -0.05425534 -0.00979082 -0.02653654
v -0.05469800 -0.00916265 -0.02560405
v -0.05302285 -0.01167534 -0.02831874
v -0.05282033 -0.01199536 -0.02857807
v -0.05222723 -0.01265909 -0.02935055
v -0.05199578 -0.01312725 -0.02905260
v -0.05697492 -0.00046305 -0.02093058
v -0.05676373 -0.00232979 -0.02186307
v -0.05118858 -0.01424137 -0.02933400
v -0.05080379 -0.01443693 -0.03034925
v -0.05028881 -0.01516585 -0.03026648
v -0.05109890 -0.01411692 -0.03009543
v -0.04990402 -0.01563402 -0.03026648
v -0.04931670 -0.01605478 -0.03119897
v -0.04893191 -0.01651702 -0.03119897
v -0.04846611 -0.01705630 -0.03119897
v -0.04790773 -0.01738816 -0.03213145
v -0.04192465 -0.02264467 -0.03492892
v -0.04145885 -0.02311283 -0.03492892
v -0.04099305 -0.02352174 -0.03492892
v -0.04631649 -0.01860895 -0.03343363
v -0.04620654 -0.01849635 -0.03399643
v -0.04734645 -0.01777929 -0.03274944
v -0.04683147 -0.01820005 -0.03309153
v -0.04028712 -0.02403139 -0.03501168
v -0.03980685 -0.02424473 -0.03537033
v -0.03943942 -0.02459437 -0.03501168
v -0.03820114 -0.02532329 -0.03492892
v -0.03866984 -0.02506847 -0.03492892
v -0.03612674 -0.02614110 -0.03544206
v -0.03748942 -0.02567293 -0.03492892
v -0.03468883 -0.02689372 -0.03494547
v -0.03411599 -0.02701225 -0.03526549
v -0.03349395 -0.02713670 -0.03561311
v -0.03286035 -0.02726707 -0.03590003
v -0.02857267 -0.02890862 -0.03535378
v -0.03104055 -0.02790117 -0.03593313
v -0.03319596 -0.02702410 -0.03623109
v -0.03257393 -0.02713670 -0.03652352
v -0.02909344 -0.02856490 -0.03586140
v -0.03043877 -0.02797228 -0.03628075
v -0.02981674 -0.02807896 -0.03654559
v -0.02806637 -0.02897973 -0.03555241
v -0.02910791 0.02817809 -0.03683251
v -0.02942616 0.02794697 -0.03716909
v -0.03008869 0.02786993 -0.03683251
v -0.03190560 0.02725361 -0.03682148
v -0.03222385 0.02701063 -0.03715254
v -0.03286035 0.02690989 -0.03682148
v -0.03376013 0.02657210 -0.03679941
v -0.03522407 0.02615134 -0.03639661
v -0.02806637 0.02849810 -0.03679389
v -0.03584610 0.02601504 -0.03606004
v -0.03648549 0.02583133 -0.03580071
v -0.03747496 0.02535724 -0.03582830
v -0.03802466 0.02522686 -0.03549172
v -0.03836895 0.02488907 -0.03582830
v -0.03916168 0.02441498 -0.03586140
v -0.03895626 0.02429645 -0.03640213
v -0.03962748 0.02413052 -0.03586140
v -0.04031605 0.02363272 -0.03585037
v -0.04083971 0.02338975 -0.03553586
v -0.04177999 0.02248897 -0.03556345
v -0.04648429 0.01786064 -0.03470821
v -0.04663763 0.01803250 -0.03399643
v -0.04710632 0.01752285 -0.03399643
v -0.04825202 0.01682356 -0.03268322
v -0.05009496 0.01493312 -0.03169004
v -0.05094556 0.01387826 -0.03119897
v -0.05135350 0.01361158 -0.03034925
v -0.05183955 0.01288859 -0.03026648
v -0.05192056 0.01300712 -0.02967609
v -0.04922123 0.01593464 -0.03187764
v -0.05372590 0.01004996 -0.02840151
v -0.05393131 0.00958180 -0.02840151
v -0.05213465 0.01242043 -0.03026648
v -0.05202760 0.01225449 -0.03102240
v -0.05194370 0.01210634 -0.03164590
v -0.05275668 0.01167373 -0.02941676
v -0.05296499 0.01137150 -0.02915743
v -0.05461410 0.00883510 -0.02653654
v -0.05478480 0.00851509 -0.02622203
v -0.05514065 0.00699206 -0.02653654
v -0.05536054 0.00605573 -0.02653654
v -0.05564117 0.00532089 -0.02588545
v -0.05574822 0.00505421 -0.02558750
v -0.05587552 0.00419492 -0.02560405
v -0.05606358 0.00419492 -0.02466053
v -0.05653227 0.00325266 -0.02276797
v -0.05619088 0.00325858 -0.02466053
v -0.05626610 0.00232817 -0.02466053
v -0.05656988 0.00232817 -0.02300523
v -0.05665378 0.00232817 -0.02253622
v -0.05684473 0.00046143 -0.02186307
v -0.05619088 -0.00326019 -0.02466053
v -0.05665378 -0.00232979 -0.02253622
v -0.05656988 -0.00232979 -0.02300523
v -0.05626610 -0.00232979 -0.02466053
v -0.05606358 -0.00419060 -0.02466053
v -0.05564117 -0.00532250 -0.02588545
v -0.05536054 -0.00605734 -0.02653654
v -0.05587552 -0.00419060 -0.02560405
v -0.05574822 -0.00505582 -0.02558750
v -0.05514065 -0.00699368 -0.02653654
v -0.05478480 -0.00851077 -0.02622203
v -0.05393131 -0.00958341 -0.02840151
v -0.05372590 -0.01005157 -0.02840151
v -0.05461410 -0.00883671 -0.02653654
v -0.05296499 -0.01137311 -0.02915743
v -0.05194370 -0.01210795 -0.03164590
v -0.05202760 -0.01225611 -0.03102240
v -0.05213465 -0.01242204 -0.03026648
v -0.05275668 -0.01167534 -0.02941676
v -0.05183955 -0.01289021 -0.03026648
v -0.05192056 -0.01300873 -0.02967609
v -0.05684473 -0.00046305 -0.02186307
v -0.05009496 -0.01493473 -0.03169004
v -0.05016151 -0.01501770 -0.03119897
v -0.05135350 -0.01361320 -0.03034925
v -0.05094556 -0.01387988 -0.03119897
v -0.04922123 -0.01593625 -0.03187764
v -0.04833881 -0.01692000 -0.03213145
v -0.04825202 -0.01682518 -0.03268322
v -0.04177999 -0.02249059 -0.03556345
v -0.04648429 -0.01786225 -0.03470821
v -0.04083971 -0.02339136 -0.03553586
v -0.04663763 -0.01803411 -0.03399643
v -0.04710632 -0.01752446 -0.03399643
v -0.04031605 -0.02363434 -0.03585037
v -0.03962748 -0.02413213 -0.03586140
v -0.03895626 -0.02429806 -0.03640213
v -0.03916168 -0.02441659 -0.03586140
v -0.03836895 -0.02489068 -0.03582830
v -0.03802466 -0.02522847 -0.03549172
v -0.03522407 -0.02615295 -0.03639661
v -0.03557125 -0.02623592 -0.03580071
v -0.03469173 -0.02656779 -0.03586140
v -0.03747496 -0.02535885 -0.03582830
v -0.03648549 -0.02583294 -0.03580071
v -0.03584610 -0.02601665 -0.03606004
v -0.02806637 -0.02885528 -0.03588899
v -0.03190560 -0.02725522 -0.03682148
v -0.03376013 -0.02657371 -0.03679941
v -0.03286035 -0.02691150 -0.03682148
v -0.03222385 -0.02701225 -0.03715254
v -0.02806637 -0.02882565 -0.03596624
v -0.02910791 -0.02817970 -0.03683251
v -0.03095954 -0.02758708 -0.03679941
v -0.03160182 -0.02711892 -0.03740083
v -0.03092193 -0.02721374 -0.03772086
v -0.03002794 -0.02751004 -0.03773189
v -0.02942616 -0.02794858 -0.03716909
v -0.02880413 0.02804178 -0.03738980
v -0.02910791 0.02781659 -0.03770982
v -0.02909344 0.02741361 -0.03866438
v -0.03002794 0.02751436 -0.03773189
v -0.03160182 0.02711730 -0.03740083
v -0.03120835 0.02698100 -0.03802985
v -0.03190560 0.02687433 -0.03772086
v -0.03282563 0.02653062 -0.03773189
v -0.03428090 0.02614541 -0.03731255
v -0.03463386 0.02624616 -0.03674423
v -0.03490293 0.02601504 -0.03702011
v -0.03557125 0.02584318 -0.03674423
v -0.03715671 0.02525056 -0.03645731
v -0.02806637 0.02810697 -0.03774293
v -0.03777585 0.02510241 -0.03611521
v -0.03803623 0.02430830 -0.03734014
v -0.03865826 0.02411274 -0.03702563
v -0.03935552 0.02379273 -0.03679389
v -0.04002095 0.02347272 -0.03656215
v -0.03837763 0.02444461 -0.03674975
v -0.04064009 0.02322974 -0.03615936
v -0.04121872 0.02286232 -0.03586140
v -0.04160062 0.02229341 -0.03618694
v -0.04553244 0.01784286 -0.03649593
v -0.04644089 0.01687690 -0.03646283
v -0.04617761 0.01752878 -0.03586140
v -0.04685751 0.01729173 -0.03500065
v -0.04738985 0.01690060 -0.03466407
v -0.04752872 0.01705468 -0.03399643
v -0.04813050 0.01668134 -0.03330672
v -0.04850662 0.01634947 -0.03301980
v -0.04912286 0.01581612 -0.03249562
v -0.04999370 0.01479089 -0.03231354
v -0.05029459 0.01446495 -0.03205973
v -0.05080379 0.01364714 -0.03213145
v -0.05175565 0.01257451 -0.03127621
v -0.05385609 0.00942179 -0.02900845
v -0.05109890 0.01318490 -0.03213145
v -0.05101789 0.01305453 -0.03260046
v -0.05117701 0.01256858 -0.03297014
v -0.05109022 0.01224264 -0.03373158
v -0.05097449 0.01203523 -0.03435508
v -0.05185401 0.01191078 -0.03213145
v -0.05196685 0.01123519 -0.03264460
v -0.05205943 0.01144261 -0.03213145
v -0.05296499 0.00952253 -0.03189971
v -0.05283480 0.01013885 -0.03149140
v -0.05362174 0.00975365 -0.02932848
v -0.05280876 0.01101593 -0.03026648
v -0.05287820 0.01117593 -0.02978093
v -0.05439422 0.00885880 -0.02746902
v -0.05471247 0.00826026 -0.02684553
v -0.05487448 0.00794025 -0.02653654
v -0.05417723 0.00885880 -0.02840151
v -0.05472693 0.00738319 -0.02783871
v -0.05490052 0.00703947 -0.02750213
v -0.05481373 0.00676094 -0.02819184
v -0.05514065 0.00605573 -0.02746902
v -0.05473561 0.00645278 -0.02881533
v -0.05529689 0.00512532 -0.02746902
v -0.05572508 0.00419492 -0.02624410
v -0.05566143 0.00352526 -0.02690622
v -0.05599703 0.00325858 -0.02560405
v -0.05606936 0.00232817 -0.02560405
v -0.05611276 0.00139184 -0.02560405
v -0.05615327 0.00046143 -0.02560405
v -0.05634711 0.00046143 -0.02466053
v -0.05653806 0.00040217 -0.02364528
v -0.05667693 0.00040217 -0.02285625
v -0.05661617 0.00004660 -0.02328111
v -0.05599703 -0.00326019 -0.02560405
v -0.05667693 -0.00040379 -0.02285625
v -0.05653806 -0.00040379 -0.02364528
v -0.05611276 -0.00139345 -0.02560405
v -0.05606936 -0.00232979 -0.02560405
v -0.05634711 -0.00046305 -0.02466053
v -0.05615327 -0.00046305 -0.02560405
v -0.05514065 -0.00605734 -0.02746902
v -0.05572508 -0.00419060 -0.02624410
v -0.05529689 -0.00512694 -0.02746902
v -0.05473561 -0.00645440 -0.02881533
v -0.05481373 -0.00676256 -0.02819184
v -0.05566143 -0.00352687 -0.02690622
v -0.05490052 -0.00704109 -0.02750213
v -0.05472693 -0.00738480 -0.02783871
v -0.05487448 -0.00794186 -0.02653654
v -0.05439422 -0.00886042 -0.02746902
v -0.05471247 -0.00826187 -0.02684553
v -0.05385609 -0.00942340 -0.02900845
v -0.05287820 -0.01117755 -0.02978093
v -0.05175565 -0.01257612 -0.03127621
v -0.05280876 -0.01101754 -0.03026648
v -0.05362174 -0.00975527 -0.02932848
v -0.05283480 -0.01014047 -0.03149140
v -0.05296499 -0.00952415 -0.03189971
v -0.05205943 -0.01144422 -0.03213145
v -0.05196685 -0.01123681 -0.03264460
v -0.05185401 -0.01191239 -0.03213145
v -0.05097449 -0.01203684 -0.03435508
v -0.05109022 -0.01224425 -0.03373158
v -0.05117701 -0.01257019 -0.03297014
v -0.05101789 -0.01305614 -0.03260046
v -0.05109890 -0.01318651 -0.03213145
v -0.05080379 -0.01364876 -0.03213145
v -0.05661617 -0.00004822 -0.02328111
v -0.05029459 -0.01446656 -0.03205973
v -0.04999370 -0.01479250 -0.03231354
v -0.04912286 -0.01581773 -0.03249562
v -0.04752872 -0.01705630 -0.03399643
v -0.04850662 -0.01635108 -0.03301980
v -0.04813050 -0.01668295 -0.03330672
v -0.04121872 -0.02285801 -0.03586140
v -0.04685751 -0.01729334 -0.03500065
v -0.04617761 -0.01753039 -0.03586140
v -0.04644089 -0.01687851 -0.03646283
v -0.04553244 -0.01784448 -0.03649593
v -0.04160062 -0.02229502 -0.03618694
v -0.04738985 -0.01690222 -0.03466407
v -0.04064009 -0.02323136 -0.03615936
v -0.04002095 -0.02347433 -0.03656215
v -0.03935552 -0.02379434 -0.03679389
v -0.03865826 -0.02411435 -0.03702563
v -0.03837763 -0.02444622 -0.03674975
v -0.03777585 -0.02510402 -0.03611521
v -0.03463386 -0.02624777 -0.03674423
v -0.03715671 -0.02525218 -0.03645731
v -0.03557125 -0.02584479 -0.03674423
v -0.03490293 -0.02601665 -0.03702011
v -0.03428090 -0.02614703 -0.03731255
v -0.03282563 -0.02652630 -0.03773189
v -0.03120835 -0.02698262 -0.03802985
v -0.03190560 -0.02687595 -0.03772086
v -0.02806637 -0.02849971 -0.03679389
v -0.02880413 -0.02804340 -0.03738980
v -0.03058632 -0.02708929 -0.03827262
v -0.02993535 -0.02716040 -0.03861472
v -0.02956214 -0.02705966 -0.03913338
v -0.02910791 -0.02781820 -0.03770982
v -0.02835279 0.02791141 -0.03801330
v -0.02808951 0.02774548 -0.03858713
v -0.02850324 0.02701656 -0.03998310
v -0.02909344 0.02713508 -0.03930443
v -0.02956214 0.02705804 -0.03913338
v -0.03058632 0.02708767 -0.03827262
v -0.03018417 0.02695137 -0.03889060
v -0.03194900 0.02640024 -0.03873059
v -0.03282563 0.02622246 -0.03839953
v -0.03366755 0.02622838 -0.03766568
v -0.03329722 0.02612764 -0.03820089
v -0.03391925 0.02599726 -0.03793605
v -0.03463386 0.02582540 -0.03766568
v -0.03559440 0.02538094 -0.03770431
v -0.03653757 0.02538687 -0.03677733
v -0.03621354 0.02525056 -0.03737876
v -0.03683556 0.02509648 -0.03708081
v -0.03747496 0.02492462 -0.03677733
v -0.02806637 0.02773955 -0.03861472
v -0.03708149 0.02429053 -0.03824504
v -0.03770352 0.02409496 -0.03796363
v -0.03912985 0.02349049 -0.03750015
v -0.03743156 0.02443868 -0.03768223
v -0.03975188 0.02327123 -0.03718564
v -0.04038549 0.02293936 -0.03690976
v -0.04075003 0.02238230 -0.03725737
v -0.04097859 0.02260750 -0.03663388
v -0.04132287 0.02202673 -0.03693735
v -0.04167005 0.02143412 -0.03723530
v -0.04531834 0.01761174 -0.03711391
v -0.04623258 0.01665170 -0.03708633
v -0.04660580 0.01706061 -0.03586140
v -0.04677939 0.01627243 -0.03673320
v -0.04731752 0.01589316 -0.03638006
v -0.04707450 0.01652726 -0.03586140
v -0.04722783 0.01671689 -0.03528756
v -0.04826359 0.01590501 -0.03454820
v -0.04799742 0.01651540 -0.03399643
v -0.04837353 0.01604724 -0.03399643
v -0.04888851 0.01537165 -0.03405712
v -0.04938903 0.01521757 -0.03306394
v -0.04913154 0.01488571 -0.03439922
v -0.04951055 0.01453014 -0.03405712
v -0.04990112 0.01446495 -0.03315222
v -0.05020201 0.01416272 -0.03290393
v -0.05376640 0.00915511 -0.02963195
v -0.05393999 0.00884695 -0.02932848
v -0.05306047 0.00981292 -0.03118793
v -0.05089927 0.01286489 -0.03322395
v -0.05008339 0.01398493 -0.03352191
v -0.04999370 0.01384270 -0.03399643
v -0.05077775 0.01256858 -0.03402402
v -0.05016151 0.01317305 -0.03461441
v -0.05036114 0.01260414 -0.03492892
v -0.05019912 0.01230783 -0.03562966
v -0.05004578 0.01204115 -0.03625315
v -0.05084430 0.01169151 -0.03496202
v -0.05111336 0.01140705 -0.03466958
v -0.05200156 0.00944549 -0.03457578
v -0.05186848 0.01006774 -0.03424473
v -0.05207389 0.01067813 -0.03300325
v -0.05285505 0.00922030 -0.03251769
v -0.05306915 0.00888843 -0.03217560
v -0.05339607 0.00885880 -0.03119897
v -0.05242397 0.00978921 -0.03306394
v -0.05464882 0.00794025 -0.02750213
v -0.05444051 0.00792247 -0.02840151
v -0.05466907 0.00703947 -0.02846220
v -0.05488895 0.00610907 -0.02846220
v -0.05419459 0.00792247 -0.02933400
v -0.05444919 0.00699206 -0.02933400
v -0.05418302 0.00699206 -0.03026648
v -0.05392842 0.00696243 -0.03117690
v -0.05384451 0.00663649 -0.03174522
v -0.05439422 0.00605573 -0.03026648
v -0.05479058 0.00583054 -0.02901397
v -0.05506543 0.00512532 -0.02840151
v -0.05543576 0.00419492 -0.02746902
v -0.05532292 0.00325858 -0.02840151
v -0.05557463 0.00323488 -0.02739729
v -0.05569325 0.00290894 -0.02704968
v -0.05520431 0.00419492 -0.02840151
v -0.05560067 0.00232817 -0.02758489
v -0.05573375 0.00139184 -0.02720969
v -0.05593338 0.00046143 -0.02653654
v -0.05569325 -0.00291055 -0.02704968
v -0.05573375 -0.00139345 -0.02720969
v -0.05593338 -0.00046305 -0.02653654
v -0.05560067 -0.00232979 -0.02758489
v -0.05488895 -0.00611068 -0.02846220
v -0.05543576 -0.00419060 -0.02746902
v -0.05506543 -0.00512694 -0.02840151
v -0.05384451 -0.00663218 -0.03174522
v -0.05392842 -0.00696405 -0.03117690
v -0.05418302 -0.00699368 -0.03026648
v -0.05444919 -0.00699368 -0.02933400
v -0.05419459 -0.00792408 -0.02933400
v -0.05466907 -0.00704109 -0.02846220
v -0.05479058 -0.00583215 -0.02901397
v -0.05439422 -0.00605734 -0.03026648
v -0.05444051 -0.00792408 -0.02840151
v -0.05557463 -0.00323649 -0.02739729
v -0.05532292 -0.00326019 -0.02840151
v -0.05520431 -0.00419060 -0.02840151
v -0.05417723 -0.00886042 -0.02840151
v -0.05464882 -0.00794186 -0.02750213
v -0.05393999 -0.00884856 -0.02932848
v -0.05376640 -0.00915672 -0.02963195
v -0.05306047 -0.00981453 -0.03118793
v -0.05339607 -0.00886042 -0.03119897
v -0.05306915 -0.00889005 -0.03217560
v -0.05285505 -0.00922191 -0.03251769
v -0.05200156 -0.00944711 -0.03457578
v -0.05242397 -0.00979082 -0.03306394
v -0.05207389 -0.01067975 -0.03300325
v -0.05111336 -0.01140867 -0.03466958
v -0.05084430 -0.01169312 -0.03496202
v -0.05004578 -0.01204277 -0.03625315
v -0.05019912 -0.01230944 -0.03562966
v -0.05036114 -0.01260575 -0.03492892
v -0.05016151 -0.01317466 -0.03461441
v -0.05077775 -0.01257019 -0.03402402
v -0.05186848 -0.01006935 -0.03424473
v -0.05089927 -0.01286650 -0.03322395
v -0.04999370 -0.01384432 -0.03399643
v -0.05008339 -0.01398655 -0.03352191
v -0.05020201 -0.01416433 -0.03290393
v -0.04990112 -0.01446656 -0.03315222
v -0.04951055 -0.01453175 -0.03405712
v -0.04913154 -0.01488732 -0.03439922
v -0.04938903 -0.01521919 -0.03306394
v -0.04837353 -0.01604885 -0.03399643
v -0.04799742 -0.01651109 -0.03399643
v -0.04722783 -0.01671851 -0.03528756
v -0.04660580 -0.01706222 -0.03586140
v -0.04707450 -0.01652887 -0.03586140
v -0.04731752 -0.01589477 -0.03638006
v -0.04677939 -0.01627404 -0.03673320
v -0.04623258 -0.01665332 -0.03708633
v -0.04167005 -0.02143573 -0.03723530
v -0.04132287 -0.02202835 -0.03693735
v -0.04097859 -0.02260911 -0.03663388
v -0.04826359 -0.01590662 -0.03454820
v -0.04075003 -0.02238392 -0.03725737
v -0.04038549 -0.02294097 -0.03690976
v -0.03975188 -0.02327284 -0.03718564
v -0.03912985 -0.02349211 -0.03750015
v -0.03803623 -0.02430399 -0.03734014
v -0.03747496 -0.02492624 -0.03677733
v -0.03621354 -0.02525218 -0.03737876
v -0.03653757 -0.02538848 -0.03677733
v -0.03683556 -0.02509810 -0.03708081
v -0.03559440 -0.02538255 -0.03770431
v -0.03463386 -0.02582701 -0.03766568
v -0.03282563 -0.02622407 -0.03839953
v -0.03391925 -0.02599887 -0.03793605
v -0.03194900 -0.02640185 -0.03873059
v -0.03018417 -0.02695298 -0.03889060
v -0.02806637 -0.02810859 -0.03774293
v -0.02835279 -0.02791302 -0.03801330
v -0.02806637 -0.02795451 -0.03811261
v -0.02850324 -0.02701817 -0.03998310
v -0.02909344 -0.02713077 -0.03930443
v -0.02909344 -0.02740930 -0.03866438
v -0.03167704 -0.02621814 -0.03931546
v -0.02909344 -0.02691743 -0.03976791
v -0.02806637 0.02725361 -0.03973481
v -0.02806637 0.02720620 -0.03983964
v -0.02806637 0.02695137 -0.04038589
v -0.02817920 0.02686248 -0.04050728
v -0.02918313 0.02645357 -0.04062315
v -0.02909344 0.02691582 -0.03976791
v -0.03167704 0.02621653 -0.03931546
v -0.03229907 0.02609801 -0.03908372
v -0.03282563 0.02598541 -0.03886853
v -0.03526168 0.02523871 -0.03828366
v -0.03588371 0.02507871 -0.03799674
v -0.03653757 0.02490092 -0.03770431
v -0.03607756 0.02424904 -0.03911683
v -0.03655782 0.02409496 -0.03892923
v -0.03744024 0.02376310 -0.03862576
v -0.03818089 0.02347272 -0.03838298
v -0.03655782 0.02443275 -0.03846023
v -0.03880292 0.02325937 -0.03811813
v -0.03940759 0.02306974 -0.03777603
v -0.03983578 0.02240008 -0.03820641
v -0.04005856 0.02258972 -0.03773189
v -0.04052436 0.02218081 -0.03773189
v -0.04079342 0.02149930 -0.03823952
v -0.04100173 0.02171857 -0.03773189
v -0.04447354 0.01770656 -0.03817882
v -0.04538778 0.01675245 -0.03814572
v -0.04594905 0.01638503 -0.03781466
v -0.04628755 0.01576871 -0.03809606
v -0.04650165 0.01602946 -0.03747256
v -0.04712079 0.01565018 -0.03700356
v -0.04745639 0.01606502 -0.03586140
v -0.04752294 0.01535388 -0.03673320
v -0.04802635 0.01466644 -0.03679389
v -0.04818547 0.01487386 -0.03625867
v -0.04849504 0.01538943 -0.03489029
v -0.04899845 0.01470792 -0.03492892
v -0.04932249 0.01423976 -0.03492892
v -0.05385609 0.00853287 -0.02993542
v -0.05028592 0.01337454 -0.03399643
v -0.04980276 0.01349899 -0.03492892
v -0.04936010 0.01349899 -0.03581726
v -0.04987219 0.01260414 -0.03591106
v -0.04922701 0.01317305 -0.03646283
v -0.04942086 0.01258636 -0.03678285
v -0.04925305 0.01227820 -0.03741187
v -0.04990402 0.01169743 -0.03683251
v -0.05003421 0.01107519 -0.03716909
v -0.05019333 0.01141890 -0.03654559
v -0.05037560 0.01169743 -0.03591106
v -0.05096581 0.01106926 -0.03529308
v -0.05126091 0.01074925 -0.03496202
v -0.05109890 0.01045294 -0.03556896
v -0.05123777 0.00978921 -0.03587244
v -0.05108443 0.00948105 -0.03646834
v -0.05185691 0.00901288 -0.03519928
v -0.05206522 0.00876399 -0.03490133
v -0.05288688 0.00654167 -0.03447647
v -0.05240950 0.00885880 -0.03399643
v -0.05294185 0.00860398 -0.03275495
v -0.05269882 0.00789877 -0.03395781
v -0.05282901 0.00819507 -0.03337845
v -0.05335268 0.00792247 -0.03213145
v -0.05376061 0.00725281 -0.03147485
v -0.05366803 0.00790469 -0.03117690
v -0.05297656 0.00690910 -0.03395781
v -0.05390238 0.00605573 -0.03190523
v -0.05412226 0.00605573 -0.03119897
v -0.05470379 0.00529126 -0.02963747
v -0.05482819 0.00503643 -0.02932848
v -0.05495260 0.00419492 -0.02933400
v -0.05507122 0.00325858 -0.02933400
v -0.05539525 0.00232817 -0.02840151
v -0.05564407 0.00046143 -0.02776146
v -0.05539525 -0.00232979 -0.02840151
v -0.05564407 -0.00046305 -0.02776146
v -0.05495260 -0.00419060 -0.02933400
v -0.05482819 -0.00503804 -0.02932848
v -0.05288688 -0.00654329 -0.03447647
v -0.05297656 -0.00691071 -0.03395781
v -0.05363331 -0.00696405 -0.03208180
v -0.05335268 -0.00792408 -0.03213145
v -0.05376061 -0.00725443 -0.03147485
v -0.05412226 -0.00605734 -0.03119897
v -0.05390238 -0.00605734 -0.03190523
v -0.05366803 -0.00790631 -0.03117690
v -0.05385609 -0.00853448 -0.02993542
v -0.05470379 -0.00528694 -0.02963747
v -0.05427560 -0.00512694 -0.03119897
v -0.05507122 -0.00326019 -0.02933400
v -0.05294185 -0.00860559 -0.03275495
v -0.05282901 -0.00819669 -0.03337845
v -0.05269882 -0.00790038 -0.03395781
v -0.05240950 -0.00886042 -0.03399643
v -0.05108443 -0.00948266 -0.03646834
v -0.05123777 -0.00979082 -0.03587244
v -0.05109890 -0.01045455 -0.03556896
v -0.05126091 -0.01075086 -0.03496202
v -0.05206522 -0.00876560 -0.03490133
v -0.05185691 -0.00901450 -0.03519928
v -0.05096581 -0.01107087 -0.03529308
v -0.05019333 -0.01142052 -0.03654559
v -0.05037560 -0.01169905 -0.03591106
v -0.04925305 -0.01227981 -0.03741187
v -0.04942086 -0.01258797 -0.03678285
v -0.04922701 -0.01317466 -0.03646283
v -0.04987219 -0.01260575 -0.03591106
v -0.05003421 -0.01107680 -0.03716909
v -0.04990402 -0.01169905 -0.03683251
v -0.04936010 -0.01350060 -0.03581726
v -0.04980276 -0.01350060 -0.03492892
v -0.05028592 -0.01337615 -0.03399643
v -0.04932249 -0.01424137 -0.03492892
v -0.04899845 -0.01470954 -0.03492892
v -0.04849504 -0.01539105 -0.03489029
v -0.04888851 -0.01536734 -0.03405712
v -0.04745639 -0.01606663 -0.03586140
v -0.04712079 -0.01565180 -0.03700356
v -0.04818547 -0.01487547 -0.03625867
v -0.04802635 -0.01466805 -0.03679389
v -0.04752294 -0.01535549 -0.03673320
v -0.04650165 -0.01602514 -0.03747256
v -0.04628755 -0.01577032 -0.03809606
v -0.04594905 -0.01638664 -0.03781466
v -0.04538778 -0.01675406 -0.03814572
v -0.04447354 -0.01770817 -0.03817882
v -0.03983578 -0.02240169 -0.03820641
v -0.04005856 -0.02259133 -0.03773189
v -0.04079342 -0.02150092 -0.03823952
v -0.04052436 -0.02218243 -0.03773189
v -0.03940759 -0.02307135 -0.03777603
v -0.03880292 -0.02326099 -0.03811813
v -0.03770352 -0.02409658 -0.03796363
v -0.03708149 -0.02429214 -0.03824504
v -0.03743156 -0.02444029 -0.03768223
v -0.03588371 -0.02508032 -0.03799674
v -0.03526168 -0.02524032 -0.03828366
v -0.03653757 -0.02490253 -0.03770431
v -0.03229907 -0.02609962 -0.03908372
v -0.03282563 -0.02598702 -0.03886853
v -0.02806637 -0.02775302 -0.03858161
v -0.02806637 -0.02708336 -0.04012105
v -0.02806637 -0.02720781 -0.03983964
v -0.02806637 -0.02729670 -0.03963549
v -0.02918313 -0.02645519 -0.04062315
v -0.02817920 -0.02686409 -0.04050728
v -0.02806637 -0.02689965 -0.04050728
v -0.03124017 -0.02605221 -0.03993344
v -0.02955346 -0.02612332 -0.04099284
v -0.03002794 -0.02628333 -0.04035831
v -0.02806637 0.02685063 -0.04059556
v -0.02814448 0.02635283 -0.04149495
v -0.02893143 0.02624023 -0.04120251
v -0.02955346 0.02612171 -0.04099284
v -0.03002794 0.02628172 -0.04035831
v -0.03124017 0.02605059 -0.03993344
v -0.03194900 0.02594393 -0.03961342
v -0.03286614 0.02551724 -0.03965204
v -0.03376013 0.02530983 -0.03932650
v -0.03461072 0.02533946 -0.03862024
v -0.03424618 0.02519723 -0.03914442
v -0.03486821 0.02504315 -0.03890716
v -0.03566962 0.02475277 -0.03869749
v -0.03545552 0.02442090 -0.03934857
v -0.03441109 0.02436757 -0.04019829
v -0.03503312 0.02417793 -0.03996655
v -0.03717696 0.02343123 -0.03924373
v -0.03779899 0.02321196 -0.03900648
v -0.03851361 0.02292751 -0.03874163
v -0.03935552 0.02258379 -0.03841057
v -0.03884632 0.02235860 -0.03909476
v -0.03935552 0.02214526 -0.03887957
v -0.03983868 0.02147560 -0.03914442
v -0.04357955 0.01681171 -0.04008242
v -0.04451115 0.01587538 -0.04008242
v -0.04449668 0.01679393 -0.03913890
v -0.04541382 0.01584575 -0.03912235
v -0.04566552 0.01613020 -0.03849885
v -0.04598088 0.01549610 -0.03878025
v -0.04629913 0.01485608 -0.03906165
v -0.04653637 0.01514646 -0.03844367
v -0.04740142 0.01413901 -0.03836643
v -0.04715840 0.01476126 -0.03800778
v -0.04737249 0.01502794 -0.03738428
v -0.04834749 0.01508127 -0.03564069
v -0.04823176 0.01400271 -0.03727944
v -0.04837064 0.01419828 -0.03679389
v -0.04869178 0.01445903 -0.03586140
v -0.04918940 0.01403827 -0.03546965
v -0.04903317 0.01379530 -0.03608763
v -0.04884222 0.01349899 -0.03678285
v -0.04905343 0.01290045 -0.03709184
v -0.04821730 0.01211819 -0.03912786
v -0.04904764 0.01192855 -0.03803536
v -0.04940639 0.01163225 -0.03772086
v -0.04822598 0.01306045 -0.03820641
v -0.04921255 0.01130631 -0.03828918
v -0.04983747 0.01074925 -0.03772086
v -0.05017019 0.01045294 -0.03740083
v -0.05093109 0.00906029 -0.03709184
v -0.05078933 0.00978921 -0.03678285
v -0.05034957 0.01074925 -0.03683251
v -0.05082404 0.01074925 -0.03587244
v -0.05116544 0.00879362 -0.03678285
v -0.05103235 0.00844397 -0.03729048
v -0.05195238 0.00839064 -0.03539792
v -0.05212597 0.00696243 -0.03588347
v -0.05198131 0.00663649 -0.03639661
v -0.05272486 0.00605573 -0.03505030
v -0.05293317 0.00605573 -0.03458130
v -0.05315305 0.00605573 -0.03399643
v -0.05373457 0.00605573 -0.03237423
v -0.05366803 0.00511940 -0.03301428
v -0.05378954 0.00542756 -0.03252321
v -0.05395735 0.00511940 -0.03218112
v -0.05411647 0.00419492 -0.03213145
v -0.05427560 0.00512532 -0.03119897
v -0.05458806 0.00503643 -0.03017268
v -0.05465460 0.00419492 -0.03039339
v -0.05471247 0.00325858 -0.03060306
v -0.05474140 0.00262448 -0.03070790
v -0.05514065 0.00232817 -0.02933400
v -0.05518405 0.00139184 -0.02933400
v -0.05547916 0.00046143 -0.02840151
v -0.05518405 -0.00139345 -0.02933400
v -0.05514065 -0.00232979 -0.02933400
v -0.05547916 -0.00046305 -0.02840151
v -0.05465460 -0.00419060 -0.03039339
v -0.05373457 -0.00605734 -0.03237423
v -0.05315305 -0.00605734 -0.03399643
v -0.05293317 -0.00605734 -0.03458130
v -0.05272486 -0.00605734 -0.03505030
v -0.05204207 -0.00605734 -0.03652904
v -0.05198131 -0.00663218 -0.03639661
v -0.05212597 -0.00696405 -0.03588347
v -0.05195238 -0.00839225 -0.03539792
v -0.05395735 -0.00512101 -0.03218112
v -0.05378954 -0.00542917 -0.03252321
v -0.05366803 -0.00512101 -0.03301428
v -0.05458806 -0.00503804 -0.03017268
v -0.05441736 -0.00419060 -0.03119897
v -0.05411647 -0.00419060 -0.03213145
v -0.05474140 -0.00262610 -0.03070790
v -0.05471247 -0.00326019 -0.03060306
v -0.05078933 -0.00979082 -0.03678285
v -0.05034957 -0.01075086 -0.03683251
v -0.05082404 -0.01075086 -0.03587244
v -0.05093109 -0.00906191 -0.03709184
v -0.05103235 -0.00844558 -0.03729048
v -0.05116544 -0.00879523 -0.03678285
v -0.04940639 -0.01163386 -0.03772086
v -0.04904764 -0.01193017 -0.03803536
v -0.04821730 -0.01211981 -0.03912786
v -0.04822598 -0.01306206 -0.03820641
v -0.04823176 -0.01400432 -0.03727944
v -0.04905343 -0.01290206 -0.03709184
v -0.04884222 -0.01350060 -0.03678285
v -0.04903317 -0.01379691 -0.03608763
v -0.05017019 -0.01045455 -0.03740083
v -0.04983747 -0.01075086 -0.03772086
v -0.04921255 -0.01130792 -0.03828918
v -0.04918940 -0.01403988 -0.03546965
v -0.04869178 -0.01446064 -0.03586140
v -0.04834749 -0.01508289 -0.03564069
v -0.04737249 -0.01502362 -0.03738428
v -0.04682858 -0.01540290 -0.03773741
v -0.04837064 -0.01419989 -0.03679389
v -0.04566552 -0.01613182 -0.03849885
v -0.04715840 -0.01476287 -0.03800778
v -0.04740142 -0.01414063 -0.03836643
v -0.04653637 -0.01514807 -0.03844367
v -0.04598088 -0.01549772 -0.03878025
v -0.04541382 -0.01584736 -0.03912235
v -0.04449668 -0.01679555 -0.03913890
v -0.03935552 -0.02258540 -0.03841057
v -0.04014825 -0.02179723 -0.03853195
v -0.03983868 -0.02147129 -0.03914442
v -0.03935552 -0.02214687 -0.03887957
v -0.03884632 -0.02236021 -0.03909476
v -0.04451115 -0.01587699 -0.04008242
v -0.04357955 -0.01681332 -0.04008242
v -0.03851361 -0.02292912 -0.03874163
v -0.03779899 -0.02321358 -0.03900648
v -0.03818089 -0.02347433 -0.03838298
v -0.03744024 -0.02376471 -0.03862576
v -0.03655782 -0.02409658 -0.03892923
v -0.03607756 -0.02425066 -0.03911683
v -0.03655782 -0.02443437 -0.03846023
v -0.03566962 -0.02475438 -0.03869749
v -0.03486821 -0.02504476 -0.03890716
v -0.03424618 -0.02519884 -0.03914442
v -0.03376013 -0.02531144 -0.03932650
v -0.03286614 -0.02551885 -0.03965204
v -0.03194900 -0.02594554 -0.03961342
v -0.02893143 -0.02624185 -0.04120251
v -0.02814448 -0.02635444 -0.04149495
v -0.02806637 -0.02638407 -0.04148391
v -0.03094218 -0.02584479 -0.04049073
v -0.03185931 -0.02542996 -0.04053487
v -0.03152660 -0.02524032 -0.04106457
v -0.02844537 -0.02605814 -0.04182600
v -0.02806637 0.02634690 -0.04155012
v -0.02844537 0.02605652 -0.04182600
v -0.03152660 0.02523871 -0.04106457
v -0.03185931 0.02542835 -0.04053487
v -0.03094218 0.02584318 -0.04049073
v -0.03258550 0.02529797 -0.04022036
v -0.03320753 0.02514982 -0.03999966
v -0.03376013 0.02500759 -0.03978998
v -0.03334062 0.02428460 -0.04102594
v -0.03396265 0.02408904 -0.04082179
v -0.03613542 0.02335419 -0.04009345
v -0.03214863 0.02507871 -0.04084386
v -0.03748942 0.02286232 -0.03959687
v -0.03822429 0.02258972 -0.03932650
v -0.03780188 0.02226971 -0.03995000
v -0.03851939 0.02200303 -0.03966308
v -0.03881160 0.02139263 -0.04000517
v -0.03978660 0.02049186 -0.04003828
v -0.04260165 0.01677023 -0.04097628
v -0.04317161 0.01640873 -0.04080524
v -0.04352168 0.01675838 -0.04018174
v -0.04352168 0.01586945 -0.04097628
v -0.04445907 0.01488571 -0.04096525
v -0.04536174 0.01391382 -0.04093766
v -0.04565973 0.01427532 -0.04031968
v -0.04539935 0.01489164 -0.04003276
v -0.04522865 0.01547832 -0.03967411
v -0.04655951 0.01423383 -0.03935961
v -0.04717865 0.01383678 -0.03898441
v -0.04685751 0.01449458 -0.03871404
v -0.04802345 0.01368270 -0.03790294
v -0.04769942 0.01438199 -0.03764361
v -0.04738985 0.01321453 -0.03924925
v -0.04733488 0.01219523 -0.04011553
v -0.04749979 0.01165595 -0.04031416
v -0.04801767 0.01174484 -0.03963549
v -0.04839378 0.01149595 -0.03935409
v -0.04872071 0.01170929 -0.03870852
v -0.04901581 0.01087962 -0.03890716
v -0.04915469 0.01025738 -0.03913338
v -0.04997635 0.01000848 -0.03802433
v -0.05028881 0.00973588 -0.03772086
v -0.05011522 0.00938623 -0.03823952
v -0.05069096 0.00879362 -0.03764913
v -0.05179904 0.00792247 -0.03600486
v -0.05021069 0.00885880 -0.03839401
v -0.05003132 0.00820100 -0.03903958
v -0.05032931 0.00790469 -0.03870300
v -0.05102657 0.00655945 -0.03821193
v -0.05110757 0.00792247 -0.03741187
v -0.05172093 0.00696243 -0.03674423
v -0.05189452 0.00725874 -0.03620902
v -0.05182219 0.00605573 -0.03699804
v -0.05204207 0.00605573 -0.03652904
v -0.05190030 0.00529126 -0.03715806
v -0.05251944 0.00512532 -0.03586140
v -0.05280587 0.00512532 -0.03522687
v -0.05301418 0.00512532 -0.03476338
v -0.05331217 0.00512532 -0.03399643
v -0.05345683 0.00419492 -0.03399643
v -0.05372011 0.00419492 -0.03325706
v -0.05388502 0.00419492 -0.03279358
v -0.05378086 0.00325858 -0.03343363
v -0.05423509 0.00325858 -0.03213145
v -0.05441736 0.00419492 -0.03119897
v -0.05453598 0.00325858 -0.03119897
v -0.05430742 0.00232817 -0.03213145
v -0.05463146 0.00231632 -0.03112172
v -0.05465171 0.00046143 -0.03134243
v -0.05479058 0.00046143 -0.03087343
v -0.05492367 0.00139184 -0.03026648
v -0.05522456 0.00046143 -0.02933400
v -0.05492367 -0.00139345 -0.03026648
v -0.05522456 -0.00046305 -0.02933400
v -0.05331217 -0.00512694 -0.03399643
v -0.05301418 -0.00512694 -0.03476338
v -0.05280587 -0.00512694 -0.03522687
v -0.05251944 -0.00512694 -0.03586140
v -0.05190030 -0.00529287 -0.03715806
v -0.05182219 -0.00605734 -0.03699804
v -0.05172093 -0.00696405 -0.03674423
v -0.05189452 -0.00726035 -0.03620902
v -0.05179904 -0.00792408 -0.03600486
v -0.05388502 -0.00419060 -0.03279358
v -0.05372011 -0.00419060 -0.03325706
v -0.05345683 -0.00419060 -0.03399643
v -0.05453598 -0.00326019 -0.03119897
v -0.05423509 -0.00326019 -0.03213145
v -0.05378086 -0.00326019 -0.03343363
v -0.05479058 -0.00046305 -0.03087343
v -0.05465171 -0.00046305 -0.03134243
v -0.05463146 -0.00231794 -0.03112172
v -0.05430742 -0.00232979 -0.03213145
v -0.05069096 -0.00879523 -0.03764913
v -0.05011522 -0.00938784 -0.03823952
v -0.05028881 -0.00973156 -0.03772086
v -0.05110757 -0.00792408 -0.03741187
v -0.05102657 -0.00655514 -0.03821193
v -0.05032931 -0.00790631 -0.03870300
v -0.05003132 -0.00820261 -0.03903958
v -0.05021069 -0.00886042 -0.03839401
v -0.04872071 -0.01171090 -0.03870852
v -0.04733488 -0.01219092 -0.04011553
v -0.04738985 -0.01321614 -0.03924925
v -0.04717865 -0.01383839 -0.03898441
v -0.04802345 -0.01368431 -0.03790294
v -0.04839378 -0.01149756 -0.03935409
v -0.04801767 -0.01174646 -0.03963549
v -0.04749979 -0.01165756 -0.04031416
v -0.04769942 -0.01438360 -0.03764361
v -0.04997635 -0.01001009 -0.03802433
v -0.04915469 -0.01025899 -0.03913338
v -0.04901581 -0.01088124 -0.03890716
v -0.04685751 -0.01449620 -0.03871404
v -0.04629913 -0.01485176 -0.03906165
v -0.04655951 -0.01423544 -0.03935961
v -0.04522865 -0.01547994 -0.03967411
v -0.03881160 -0.02139425 -0.04000517
v -0.03935552 -0.02167870 -0.03932650
v -0.04317161 -0.01641034 -0.04080524
v -0.04260165 -0.01677184 -0.04097628
v -0.03978660 -0.02049347 -0.04003828
v -0.03851939 -0.02200464 -0.03966308
v -0.03780188 -0.02227132 -0.03995000
v -0.03822429 -0.02259133 -0.03932650
v -0.04352168 -0.01587106 -0.04097628
v -0.04539935 -0.01489325 -0.04003276
v -0.04565973 -0.01427693 -0.04031968
v -0.04536174 -0.01391543 -0.04093766
v -0.04445907 -0.01488732 -0.04096525
v -0.03613542 -0.02335581 -0.04009345
v -0.03717696 -0.02342692 -0.03924373
v -0.03748942 -0.02286393 -0.03959687
v -0.03649128 -0.02358693 -0.03957480
v -0.03503312 -0.02417954 -0.03996655
v -0.03441109 -0.02436918 -0.04019829
v -0.03545552 -0.02442251 -0.03934857
v -0.03376013 -0.02500921 -0.03978998
v -0.03320753 -0.02514551 -0.03999966
v -0.03258550 -0.02529959 -0.04022036
v -0.02806637 -0.02612332 -0.04193084
v -0.03214863 -0.02508032 -0.04084386
v -0.03334062 -0.02428621 -0.04102594
v -0.03188246 -0.02472475 -0.04146184
v -0.03095954 -0.02500921 -0.04170462
v -0.03040116 -0.02514551 -0.04187566
v -0.02978202 -0.02529366 -0.04206327
v -0.02901243 -0.02540626 -0.04238329
v -0.02814448 -0.02580331 -0.04234467
v -0.02806637 -0.02581516 -0.04237225
v -0.02806637 0.02589059 -0.04226190
v -0.02806637 0.02581355 -0.04237225
v -0.02814448 0.02580170 -0.04234467
v -0.02901243 0.02540464 -0.04238329
v -0.02978202 0.02529205 -0.04206327
v -0.03040116 0.02514389 -0.04187566
v -0.03095954 0.02500759 -0.04170462
v -0.03188246 0.02472314 -0.04146184
v -0.03161918 0.02436757 -0.04204671
v -0.03224121 0.02417793 -0.04184808
v -0.03443713 0.02346679 -0.04113630
v -0.03505916 0.02325345 -0.04092663
v -0.03717985 0.02250675 -0.04017070
v -0.03745760 0.02190228 -0.04050728
v -0.03818957 0.02164746 -0.04022588
v -0.03846153 0.02102521 -0.04055694
v -0.03873638 0.02039111 -0.04088800
v -0.03916457 0.02077039 -0.04027002
v -0.04253511 0.01578056 -0.04186463
v -0.04197962 0.01706061 -0.04121906
v -0.04291701 0.01614798 -0.04124665
v -0.04319186 0.01550203 -0.04155012
v -0.04346961 0.01483830 -0.04186463
v -0.04383704 0.01521757 -0.04124113
v -0.04473971 0.01426346 -0.04120803
v -0.04437806 0.01385456 -0.04183152
v -0.04463555 0.01323824 -0.04205223
v -0.04559898 0.01329157 -0.04116388
v -0.04622101 0.01286489 -0.04084938
v -0.04594037 0.01358788 -0.04058453
v -0.04628177 0.01389011 -0.03998310
v -0.04684015 0.01355232 -0.03961342
v -0.04650165 0.01326787 -0.04023140
v -0.04643800 0.01224857 -0.04108112
v -0.04709764 0.01165595 -0.04077765
v -0.04678229 0.01253302 -0.04048521
v -0.04725966 0.01113445 -0.04095973
v -0.04814786 0.01103370 -0.03997759
v -0.04865417 0.01064850 -0.03955272
v -0.04926173 0.00978921 -0.03928236
v -0.04991848 0.00885880 -0.03886302
v -0.04941218 0.00882325 -0.03961894
v -0.04918940 0.00848546 -0.04010449
v -0.04978250 0.00790469 -0.03953617
v -0.04989534 0.00699206 -0.03979550
v -0.05021359 0.00699206 -0.03932098
v -0.05028592 0.00597276 -0.03962445
v -0.05079801 0.00605573 -0.03876922
v -0.05108443 0.00605573 -0.03830573
v -0.05142293 0.00605573 -0.03772638
v -0.05120016 0.00691502 -0.03773741
v -0.05117701 0.00512532 -0.03846023
v -0.05195238 0.00466901 -0.03726841
v -0.05209415 0.00503643 -0.03682699
v -0.05224459 0.00419492 -0.03679389
v -0.05269593 0.00418899 -0.03580071
v -0.05285794 0.00449122 -0.03533722
v -0.05305757 0.00418899 -0.03498961
v -0.05320802 0.00325858 -0.03492892
v -0.05357834 0.00325858 -0.03399643
v -0.05380980 0.00266004 -0.03351639
v -0.05395446 0.00234595 -0.03314671
v -0.05439422 0.00046143 -0.03213145
v -0.05463146 0.00139184 -0.03126518
v -0.05496417 0.00046143 -0.03026648
v -0.05496417 -0.00046305 -0.03026648
v -0.05305757 -0.00419060 -0.03498961
v -0.05285794 -0.00449284 -0.03533722
v -0.05269593 -0.00419060 -0.03580071
v -0.05224459 -0.00419060 -0.03679389
v -0.05195238 -0.00467062 -0.03726841
v -0.05209415 -0.00503804 -0.03682699
v -0.05142293 -0.00605734 -0.03772638
v -0.05117701 -0.00512694 -0.03846023
v -0.05120016 -0.00691664 -0.03773741
v -0.05357834 -0.00326019 -0.03399643
v -0.05320802 -0.00326019 -0.03492892
v -0.05380980 -0.00266165 -0.03351639
v -0.05439422 -0.00046305 -0.03213145
v -0.05463146 -0.00139345 -0.03126518
v -0.05395446 -0.00234757 -0.03314671
v -0.04926173 -0.00979082 -0.03928236
v -0.04991848 -0.00886042 -0.03886302
v -0.05108443 -0.00605734 -0.03830573
v -0.05079801 -0.00605734 -0.03876922
v -0.05028592 -0.00597438 -0.03962445
v -0.05021359 -0.00699368 -0.03932098
v -0.04989534 -0.00699368 -0.03979550
v -0.04978250 -0.00790631 -0.03953617
v -0.04918940 -0.00848707 -0.04010449
v -0.04941218 -0.00882486 -0.03961894
v -0.04709764 -0.01165756 -0.04077765
v -0.04678229 -0.01253464 -0.04048521
v -0.04712368 -0.01281317 -0.03987275
v -0.04650165 -0.01326948 -0.04023140
v -0.04684015 -0.01355394 -0.03961342
v -0.04628177 -0.01389173 -0.03998310
v -0.04865417 -0.01065012 -0.03955272
v -0.04814786 -0.01103532 -0.03997759
v -0.04725966 -0.01113606 -0.04095973
v -0.03818957 -0.02164907 -0.04022588
v -0.03916457 -0.02077200 -0.04027002
v -0.03873638 -0.02039273 -0.04088800
v -0.04291701 -0.01614959 -0.04124665
v -0.04253511 -0.01577625 -0.04186463
v -0.04197962 -0.01706222 -0.04121906
v -0.04156301 -0.01668295 -0.04184256
v -0.03745760 -0.02190390 -0.04050728
v -0.03717985 -0.02250836 -0.04017070
v -0.04383704 -0.01521919 -0.04124113
v -0.04346961 -0.01483991 -0.04186463
v -0.04319186 -0.01550364 -0.04155012
v -0.04594037 -0.01358949 -0.04058453
v -0.04622101 -0.01286650 -0.04084938
v -0.04559898 -0.01329318 -0.04116388
v -0.04463555 -0.01323985 -0.04205223
v -0.04437806 -0.01385617 -0.04183152
v -0.04473971 -0.01426508 -0.04120803
v -0.03443713 -0.02346840 -0.04113630
v -0.03396265 -0.02409065 -0.04082179
v -0.03562622 -0.02304172 -0.04073902
v -0.03505916 -0.02324914 -0.04092663
v -0.03224121 -0.02417954 -0.04184808
v -0.03161918 -0.02436918 -0.04204671
v -0.02864500 -0.02519884 -0.04287436
v -0.02806637 -0.02537070 -0.04296265
v -0.02806637 0.02531575 -0.04302334
v -0.02816184 0.02530390 -0.04299575
v -0.02864500 0.02519723 -0.04287436
v -0.03045034 0.02423127 -0.04284126
v -0.03095954 0.02407719 -0.04269780
v -0.03190560 0.02379866 -0.04240536
v -0.02982831 0.02440905 -0.04301230
v -0.03282563 0.02352012 -0.04210741
v -0.03333194 0.02335419 -0.04195291
v -0.03395397 0.02312900 -0.04175979
v -0.03609781 0.02240008 -0.04100387
v -0.03773534 0.02127411 -0.04084938
v -0.03811435 0.02065186 -0.04109767
v -0.03748942 0.02031407 -0.04177083
v -0.04046939 0.01655689 -0.04268125
v -0.04119847 0.01630799 -0.04238329
v -0.04094097 0.01695394 -0.04205775
v -0.04156301 0.01668134 -0.04184256
v -0.04191308 0.01605909 -0.04208534
v -0.04145885 0.01564426 -0.04270883
v -0.04216189 0.01540128 -0.04239984
v -0.04284757 0.01515831 -0.04209637
v -0.04333073 0.01377159 -0.04271435
v -0.04352458 0.01429902 -0.04220121
v -0.04375314 0.01421013 -0.04209085
v -0.04400484 0.01349899 -0.04238329
v -0.04425655 0.01276414 -0.04267573
v -0.04450247 0.01214190 -0.04287436
v -0.04525759 0.01282933 -0.04178738
v -0.04585358 0.01253895 -0.04143425
v -0.04614868 0.01165595 -0.04174324
v -0.04632806 0.01114630 -0.04190325
v -0.04662895 0.01165595 -0.04127424
v -0.04687487 0.01082629 -0.04152253
v -0.04727412 0.00929734 -0.04191429
v -0.04740721 0.01051220 -0.04113078
v -0.04804660 0.00978921 -0.04078868
v -0.04777754 0.01077295 -0.04055694
v -0.04844297 0.00978921 -0.04032520
v -0.04906500 0.00910770 -0.03995000
v -0.04842561 0.00792247 -0.04124113
v -0.04928199 0.00792247 -0.04022036
v -0.04830988 0.00860398 -0.04110319
v -0.05001106 0.00622759 -0.03995000
v -0.05008918 0.00559942 -0.04006587
v -0.05089348 0.00512532 -0.03892371
v -0.05101499 0.00370897 -0.03912786
v -0.05172093 0.00419492 -0.03780362
v -0.05198999 0.00419492 -0.03733462
v -0.05237768 0.00325858 -0.03679389
v -0.05290423 0.00386898 -0.03544758
v -0.05294474 0.00325858 -0.03553034
v -0.05298235 0.00232817 -0.03562414
v -0.05328613 0.00232817 -0.03492892
v -0.05368250 0.00234595 -0.03391918
v -0.05386187 0.00046143 -0.03366537
v -0.05290423 -0.00387059 -0.03544758
v -0.05198999 -0.00419060 -0.03733462
v -0.05237768 -0.00326019 -0.03679389
v -0.05172093 -0.00419060 -0.03780362
v -0.05101499 -0.00371058 -0.03912786
v -0.05089348 -0.00512694 -0.03892371
v -0.05368250 -0.00234757 -0.03391918
v -0.05328613 -0.00232979 -0.03492892
v -0.05294474 -0.00326019 -0.03553034
v -0.05298235 -0.00232979 -0.03562414
v -0.05386187 -0.00046305 -0.03366537
v -0.04906500 -0.00910932 -0.03995000
v -0.05008918 -0.00560103 -0.04006587
v -0.05001106 -0.00622920 -0.03995000
v -0.04928199 -0.00792408 -0.04022036
v -0.04830988 -0.00860559 -0.04110319
v -0.04842561 -0.00792408 -0.04124113
v -0.04643800 -0.01225018 -0.04108112
v -0.04844297 -0.00979082 -0.04032520
v -0.04777754 -0.01077457 -0.04055694
v -0.04804660 -0.00979082 -0.04078868
v -0.04740721 -0.01051382 -0.04113078
v -0.04727412 -0.00929895 -0.04191429
v -0.04687487 -0.01082790 -0.04152253
v -0.04632806 -0.01114199 -0.04190325
v -0.04662895 -0.01165756 -0.04127424
v -0.03773534 -0.02127572 -0.04084938
v -0.03748942 -0.02031569 -0.04177083
v -0.03811435 -0.02065348 -0.04109767
v -0.04094097 -0.01695555 -0.04205775
v -0.04119847 -0.01630960 -0.04238329
v -0.04046939 -0.01655850 -0.04268125
v -0.04145885 -0.01564587 -0.04270883
v -0.04191308 -0.01606070 -0.04208534
v -0.04284757 -0.01515400 -0.04209637
v -0.04216189 -0.01540290 -0.04239984
v -0.03609781 -0.02240169 -0.04100387
v -0.04375314 -0.01421174 -0.04209085
v -0.04352458 -0.01430063 -0.04220121
v -0.04333073 -0.01377320 -0.04271435
v -0.04585358 -0.01253464 -0.04143425
v -0.04525759 -0.01283094 -0.04178738
v -0.04450247 -0.01214351 -0.04287436
v -0.04425655 -0.01276576 -0.04267573
v -0.04400484 -0.01350060 -0.04238329
v -0.03395397 -0.02313061 -0.04175979
v -0.03333194 -0.02334988 -0.04195291
v -0.03282563 -0.02352174 -0.04210741
v -0.03190560 -0.02380027 -0.04240536
v -0.02982831 -0.02441066 -0.04301230
v -0.03095954 -0.02407880 -0.04269780
v -0.03045034 -0.02423288 -0.04284126
v -0.02816184 -0.02530551 -0.04299575
v -0.02895168 -0.02464771 -0.04325508
v -0.02863632 -0.02426251 -0.04380133
v -0.02816184 -0.02485512 -0.04346475
v -0.02806637 -0.02531737 -0.04302334
v -0.02806637 0.02527427 -0.04307300
v -0.02816184 0.02485351 -0.04346475
v -0.02863632 0.02426090 -0.04380133
v -0.02895168 0.02464609 -0.04325508
v -0.03095954 0.02360902 -0.04311162
v -0.03157000 0.02341345 -0.04294609
v -0.03219203 0.02320011 -0.04276401
v -0.03288928 0.02288010 -0.04261503
v -0.03369069 0.02283269 -0.04217362
v -0.03437637 0.02250675 -0.04202464
v -0.03499840 0.02226378 -0.04182600
v -0.03601101 0.02139263 -0.04188118
v -0.03711331 0.02152894 -0.04105353
v -0.03745181 0.02097780 -0.04127976
v -0.03701494 0.02051556 -0.04192533
v -0.04083682 0.01593464 -0.04291299
v -0.04117821 0.01535980 -0.04309507
v -0.04179157 0.01502201 -0.04292954
v -0.04241360 0.01470792 -0.04271987
v -0.04212428 0.01442347 -0.04310610
v -0.04304720 0.01348713 -0.04309507
v -0.04363452 0.01314342 -0.04291851
v -0.04399616 0.01164410 -0.04348131
v -0.04467606 0.01165595 -0.04300127
v -0.04534438 0.01105741 -0.04279711
v -0.04514186 0.01165595 -0.04262607
v -0.04255247 0.01297749 -0.04375167
v -0.04548325 0.01220708 -0.04198050
v -0.04551797 0.01044109 -0.04294609
v -0.04645246 0.00859213 -0.04294609
v -0.04741300 0.00866917 -0.04204671
v -0.04779489 0.00895362 -0.04150598
v -0.04817969 0.00922623 -0.04094318
v -0.04758080 0.00978921 -0.04131838
v -0.04802345 0.00792247 -0.04170462
v -0.04814208 0.00722911 -0.04184256
v -0.04824623 0.00660686 -0.04195843
v -0.04942954 0.00699206 -0.04039693
v -0.04961181 0.00602017 -0.04051280
v -0.04921255 0.00580683 -0.04106457
v -0.04890009 0.00512532 -0.04161633
v -0.04898399 0.00419492 -0.04172117
v -0.05021359 0.00419492 -0.04022588
v -0.05063310 0.00419492 -0.03959687
v -0.05047397 0.00512532 -0.03959687
v -0.05080379 0.00334747 -0.03954169
v -0.05105839 0.00309265 -0.03919408
v -0.05179036 0.00325858 -0.03792501
v -0.05205654 0.00325858 -0.03745601
v -0.05209993 0.00232817 -0.03752774
v -0.05245579 0.00232817 -0.03679389
v -0.05255416 0.00046143 -0.03679389
v -0.05300839 0.00139184 -0.03567380
v -0.05337871 0.00046143 -0.03492892
v -0.05369696 0.00046143 -0.03412885
v -0.05205654 -0.00326019 -0.03745601
v -0.05179036 -0.00326019 -0.03792501
v -0.05245579 -0.00232979 -0.03679389
v -0.05209993 -0.00232979 -0.03752774
v -0.05105839 -0.00309426 -0.03919408
v -0.05080379 -0.00334909 -0.03954169
v -0.05063310 -0.00419060 -0.03959687
v -0.05047397 -0.00512694 -0.03959687
v -0.05369696 -0.00046305 -0.03412885
v -0.05337871 -0.00046305 -0.03492892
v -0.05300839 -0.00139345 -0.03567380
v -0.05255416 -0.00046305 -0.03679389
v -0.04817969 -0.00922784 -0.04094318
v -0.04921255 -0.00580844 -0.04106457
v -0.04961181 -0.00602179 -0.04051280
v -0.05021359 -0.00419060 -0.04022588
v -0.04898399 -0.00419060 -0.04172117
v -0.04890009 -0.00512694 -0.04161633
v -0.04942954 -0.00699368 -0.04039693
v -0.04824623 -0.00660848 -0.04195843
v -0.04802345 -0.00792408 -0.04170462
v -0.04741300 -0.00867078 -0.04204671
v -0.04814208 -0.00723072 -0.04184256
v -0.04614868 -0.01165756 -0.04174324
v -0.04758080 -0.00979082 -0.04131838
v -0.04551797 -0.01043678 -0.04294609
v -0.04645246 -0.00859374 -0.04294609
v -0.04534438 -0.01105902 -0.04279711
v -0.04514186 -0.01165756 -0.04262607
v -0.03711331 -0.02153055 -0.04105353
v -0.03745181 -0.02097941 -0.04127976
v -0.03701494 -0.02051717 -0.04192533
v -0.04083682 -0.01593625 -0.04291299
v -0.04179157 -0.01502362 -0.04292954
v -0.04117821 -0.01536142 -0.04309507
v -0.04241360 -0.01470954 -0.04271987
v -0.03437637 -0.02250836 -0.04202464
v -0.03601101 -0.02139425 -0.04188118
v -0.03499840 -0.02226539 -0.04182600
v -0.04363452 -0.01314503 -0.04291851
v -0.04352168 -0.01337615 -0.04284678
v -0.04212428 -0.01442508 -0.04310610
v -0.04548325 -0.01220870 -0.04198050
v -0.04467606 -0.01165756 -0.04300127
v -0.04399616 -0.01164571 -0.04348131
v -0.04255247 -0.01297910 -0.04375167
v -0.03369069 -0.02283430 -0.04217362
v -0.03219203 -0.02320173 -0.04276401
v -0.03157000 -0.02341507 -0.04294609
v -0.03095954 -0.02361063 -0.04311162
v -0.02806637 -0.02487883 -0.04348131
v -0.03036644 -0.02324321 -0.04372960
v -0.02974441 -0.02344470 -0.04388962
v -0.02900665 -0.02377064 -0.04400548
v -0.02848877 -0.02323728 -0.04466761
v -0.02806637 -0.02364619 -0.04454622
v -0.02806637 -0.02379434 -0.04443035
v -0.02816184 -0.02438696 -0.04391169
v -0.02806637 -0.02446400 -0.04388410
v -0.02806637 0.02487722 -0.04348131
v -0.02806637 0.02441498 -0.04392824
v -0.02816184 0.02438535 -0.04391169
v -0.02806637 0.02435572 -0.04397790
v -0.02806637 0.02379273 -0.04443035
v -0.02806637 0.02364457 -0.04454622
v -0.02848877 0.02323567 -0.04466761
v -0.02900665 0.02376902 -0.04400548
v -0.02974441 0.02344309 -0.04388962
v -0.03036644 0.02324160 -0.04372960
v -0.03095954 0.02304011 -0.04357511
v -0.03144848 0.02240601 -0.04381237
v -0.03324225 0.02235267 -0.04283574
v -0.03376013 0.02215711 -0.04268125
v -0.03426932 0.02149338 -0.04289092
v -0.03463386 0.02187858 -0.04236122
v -0.03664462 0.02104299 -0.04174876
v -0.03526457 0.02061038 -0.04292954
v -0.03663594 0.02012443 -0.04244398
v -0.03687607 0.01946663 -0.04277505
v -0.03559729 0.02004739 -0.04312818
v -0.03475248 0.02009480 -0.04359166
v -0.03510256 0.01954367 -0.04376823
v -0.03869298 0.01662800 -0.04368546
v -0.04066612 0.01484423 -0.04374616
v -0.04127658 0.01450051 -0.04360270
v -0.04162376 0.01393160 -0.04376271
v -0.04220818 0.01358195 -0.04359718
v -0.04352168 0.01140705 -0.04392272
v -0.04366634 0.01132409 -0.04386754
v -0.04428837 0.01087962 -0.04366339
v -0.04491908 0.01066036 -0.04330474
v -0.04193044 0.01330935 -0.04393927
v -0.04220818 0.01263377 -0.04413239
v -0.04256115 0.01111667 -0.04469520
v -0.04309639 0.01165003 -0.04407721
v -0.04509267 0.00978921 -0.04355855
v -0.04529230 0.00909585 -0.04370201
v -0.04546300 0.00847360 -0.04382892
v -0.04603295 0.00792247 -0.04353097
v -0.04657976 0.00792247 -0.04306197
v -0.04704556 0.00792247 -0.04264262
v -0.04755476 0.00792247 -0.04217914
v -0.04728570 0.00651797 -0.04285781
v -0.04738407 0.00590165 -0.04294609
v -0.04832435 0.00605573 -0.04203568
v -0.04884801 0.00609721 -0.04141218
v -0.04912865 0.00642908 -0.04095973
v -0.04843139 0.00512532 -0.04214603
v -0.04906500 0.00325858 -0.04182049
v -0.04991559 0.00325858 -0.04078317
v -0.05028592 0.00325858 -0.04031968
v -0.05079801 0.00232817 -0.03971825
v -0.05109022 0.00232817 -0.03924925
v -0.05183376 0.00232817 -0.03799674
v -0.05214623 0.00046143 -0.03761602
v -0.05282322 0.00046143 -0.03619246
v -0.05302864 0.00046143 -0.03572898
v -0.05183376 -0.00232979 -0.03799674
v -0.05214623 -0.00046305 -0.03761602
v -0.05109022 -0.00232979 -0.03924925
v -0.05079801 -0.00232979 -0.03971825
v -0.05028592 -0.00326019 -0.04031968
v -0.05302864 -0.00046305 -0.03572898
v -0.05282322 -0.00046305 -0.03619246
v -0.04884801 -0.00609883 -0.04141218
v -0.04912865 -0.00643069 -0.04095973
v -0.04991559 -0.00326019 -0.04078317
v -0.04906500 -0.00326019 -0.04182049
v -0.04843139 -0.00512694 -0.04214603
v -0.04832435 -0.00605734 -0.04203568
v -0.04738407 -0.00589734 -0.04294609
v -0.04728570 -0.00651958 -0.04285781
v -0.04704556 -0.00792408 -0.04264262
v -0.04755476 -0.00792408 -0.04217914
v -0.04491908 -0.01065604 -0.04330474
v -0.04546300 -0.00847522 -0.04382892
v -0.04529230 -0.00909746 -0.04370201
v -0.04509267 -0.00979082 -0.04355855
v -0.04657976 -0.00792408 -0.04306197
v -0.04603295 -0.00792408 -0.04353097
v -0.04428837 -0.01088124 -0.04366339
v -0.03664462 -0.02104460 -0.04174876
v -0.03663594 -0.02012605 -0.04244398
v -0.03526457 -0.02061199 -0.04292954
v -0.03426932 -0.02149499 -0.04289092
v -0.04066612 -0.01483991 -0.04374616
v -0.03905173 -0.01600737 -0.04389513
v -0.03869298 -0.01662369 -0.04368546
v -0.03510256 -0.01954528 -0.04376823
v -0.03475248 -0.02009642 -0.04359166
v -0.03559729 -0.02004901 -0.04312818
v -0.03687607 -0.01946824 -0.04277505
v -0.04162376 -0.01393321 -0.04376271
v -0.04127658 -0.01450212 -0.04360270
v -0.03463386 -0.02188019 -0.04236122
v -0.03376013 -0.02215872 -0.04268125
v -0.03324225 -0.02235428 -0.04283574
v -0.04304720 -0.01348875 -0.04309507
v -0.04366634 -0.01132570 -0.04386754
v -0.04352168 -0.01140867 -0.04392272
v -0.04309639 -0.01165164 -0.04407721
v -0.04256115 -0.01111828 -0.04469520
v -0.04220818 -0.01263538 -0.04413239
v -0.04193044 -0.01331096 -0.04393927
v -0.04220818 -0.01358357 -0.04359718
v -0.03288928 -0.02288171 -0.04261503
v -0.03144848 -0.02240762 -0.04381237
v -0.03095954 -0.02304172 -0.04357511
v -0.03095954 -0.02257355 -0.04393375
v -0.02909344 -0.02303579 -0.04451863
v -0.02806637 -0.02336766 -0.04476141
v -0.02909344 -0.02256763 -0.04484969
v -0.02817341 -0.02289949 -0.04503177
v -0.02806637 -0.02297653 -0.04502626
v -0.02806637 -0.02441659 -0.04392824
v -0.02806637 0.02307566 -0.04495453
v -0.02806637 0.02279713 -0.04514764
v -0.02909344 0.02256601 -0.04484969
v -0.02909344 0.02303418 -0.04451863
v -0.03095954 0.02257194 -0.04393375
v -0.02957371 0.02240008 -0.04473382
v -0.03019574 0.02217489 -0.04458484
v -0.03124885 0.02132745 -0.04464554
v -0.03181302 0.02188450 -0.04397790
v -0.03378038 0.02098966 -0.04351993
v -0.03410441 0.02042667 -0.04372960
v -0.03448053 0.01980442 -0.04393375
v -0.03884921 0.01489164 -0.04471175
v -0.03905173 0.01600575 -0.04389513
v -0.04075292 0.01305453 -0.04472830
v -0.04308771 0.01077295 -0.04450759
v -0.04352458 0.01070777 -0.04424826
v -0.04449090 0.01025738 -0.04379581
v -0.04129105 0.01268118 -0.04461795
v -0.04037970 0.01268118 -0.04508695
v -0.03978949 0.01208856 -0.04564975
v -0.04068348 0.01110482 -0.04562768
v -0.04221108 0.01077295 -0.04500418
v -0.04277814 0.01049442 -0.04481658
v -0.04436938 0.00808840 -0.04465105
v -0.04486411 0.00783950 -0.04439724
v -0.04556715 0.00792247 -0.04390065
v -0.04630780 0.00639945 -0.04375719
v -0.04339728 0.00998477 -0.04462898
v -0.04352168 0.00939808 -0.04476141
v -0.04371552 0.00885880 -0.04482762
v -0.04673889 0.00699206 -0.04320543
v -0.04685172 0.00615055 -0.04335440
v -0.04641485 0.00577720 -0.04384547
v -0.04747954 0.00512532 -0.04303438
v -0.04794534 0.00512532 -0.04261503
v -0.04803792 0.00419492 -0.04269780
v -0.04851819 0.00419492 -0.04222880
v -0.04859630 0.00325858 -0.04231156
v -0.04911418 0.00232817 -0.04188118
v -0.04949897 0.00232817 -0.04141770
v -0.04996477 0.00232817 -0.04084938
v -0.05033510 0.00232817 -0.04037486
v -0.05085298 0.00046143 -0.03980654
v -0.05114229 0.00046143 -0.03933753
v -0.05188295 0.00046143 -0.03807951
v -0.05188295 -0.00046305 -0.03807951
v -0.05114229 -0.00046305 -0.03933753
v -0.05085298 -0.00046305 -0.03980654
v -0.05033510 -0.00232979 -0.04037486
v -0.04996477 -0.00232979 -0.04084938
v -0.04949897 -0.00232979 -0.04141770
v -0.04859630 -0.00326019 -0.04231156
v -0.04851819 -0.00419060 -0.04222880
v -0.04911418 -0.00232979 -0.04188118
v -0.04794534 -0.00512694 -0.04261503
v -0.04803792 -0.00419060 -0.04269780
v -0.04641485 -0.00577881 -0.04384547
v -0.04685172 -0.00615216 -0.04335440
v -0.04673889 -0.00699368 -0.04320543
v -0.04449090 -0.01025899 -0.04379581
v -0.04630780 -0.00640106 -0.04375719
v -0.04556715 -0.00792408 -0.04390065
v -0.04486411 -0.00784112 -0.04439724
v -0.04436938 -0.00809002 -0.04465105
v -0.04371552 -0.00886042 -0.04482762
v -0.04352168 -0.00954193 -0.04471175
v -0.04339728 -0.00998639 -0.04462898
v -0.04352168 -0.01070938 -0.04424826
v -0.04308771 -0.01077457 -0.04450759
v -0.03410441 -0.02042828 -0.04372960
v -0.03378038 -0.02099127 -0.04351993
v -0.03884921 -0.01489325 -0.04471175
v -0.04004409 -0.01511252 -0.04391720
v -0.03448053 -0.01980604 -0.04393375
v -0.04075292 -0.01305614 -0.04472830
v -0.04068348 -0.01110643 -0.04562768
v -0.03978949 -0.01209017 -0.04564975
v -0.04037970 -0.01268279 -0.04508695
v -0.04129105 -0.01268279 -0.04461795
v -0.04277814 -0.01049604 -0.04481658
v -0.04221108 -0.01077457 -0.04500418
v -0.02957371 -0.02240169 -0.04473382
v -0.03181302 -0.02188612 -0.04397790
v -0.03124885 -0.02132906 -0.04464554
v -0.03019574 -0.02217650 -0.04458484
v -0.02994114 -0.02189204 -0.04489383
v -0.02904426 -0.02186834 -0.04531869
v -0.02816184 -0.02215872 -0.04552285
v -0.02806637 -0.02218835 -0.04553940
v -0.02806637 0.02219267 -0.04553940
v -0.02816184 0.02216303 -0.04552285
v -0.02904426 0.02186673 -0.04531869
v -0.02994114 0.02189043 -0.04489383
v -0.02870286 0.02151116 -0.04569389
v -0.03165100 0.02070520 -0.04483866
v -0.03193454 0.02100743 -0.04450208
v -0.03279670 0.02098966 -0.04405515
v -0.03227304 0.02045037 -0.04468416
v -0.03689632 0.01480867 -0.04561113
v -0.03884921 0.01301897 -0.04564975
v -0.03943074 0.01266340 -0.04555595
v -0.04012799 0.01334491 -0.04488831
v -0.03193454 0.02010666 -0.04502626
v -0.04352168 0.01012108 -0.04449104
v -0.03677192 0.01283526 -0.04651603
v -0.03943074 0.01173299 -0.04592012
v -0.04006145 0.01147224 -0.04577114
v -0.04093230 0.01048257 -0.04574907
v -0.04155433 0.01003218 -0.04559458
v -0.04209535 0.00975365 -0.04541801
v -0.04308771 0.00885880 -0.04519179
v -0.04308771 0.00972402 -0.04490487
v -0.04404535 0.00783950 -0.04492694
v -0.04449379 0.00747208 -0.04472830
v -0.04504928 0.00699206 -0.04448552
v -0.04522287 0.00605573 -0.04460139
v -0.04573496 0.00699206 -0.04401652
v -0.04352168 0.00885880 -0.04494349
v -0.04588830 0.00512532 -0.04433655
v -0.04649007 0.00512532 -0.04390617
v -0.04713525 0.00325858 -0.04366339
v -0.04812472 0.00325858 -0.04277505
v -0.04818547 0.00232817 -0.04283022
v -0.04864838 0.00232817 -0.04236122
v -0.04913733 0.00161111 -0.04190877
v -0.04917204 0.00046143 -0.04195291
v -0.05001974 0.00046143 -0.04091559
v -0.05039007 0.00046143 -0.04044107
v -0.05039007 -0.00046305 -0.04044107
v -0.05001974 -0.00046305 -0.04091559
v -0.04917204 -0.00046305 -0.04195291
v -0.04913733 -0.00160680 -0.04190877
v -0.04812472 -0.00326019 -0.04277505
v -0.04864838 -0.00232979 -0.04236122
v -0.04818547 -0.00232979 -0.04283022
v -0.04747954 -0.00512694 -0.04303438
v -0.04713525 -0.00326019 -0.04366339
v -0.04649007 -0.00512694 -0.04390617
v -0.04588830 -0.00512694 -0.04433655
v -0.04522287 -0.00605734 -0.04460139
v -0.04573496 -0.00699368 -0.04401652
v -0.04504928 -0.00699368 -0.04448552
v -0.04404535 -0.00784112 -0.04492694
v -0.04449379 -0.00747369 -0.04472830
v -0.04352168 -0.00886042 -0.04494349
v -0.04352458 -0.00912117 -0.04485521
v -0.04352168 -0.00939970 -0.04476141
v -0.03279670 -0.02099127 -0.04405515
v -0.03193454 -0.02100905 -0.04450208
v -0.04012799 -0.01334652 -0.04488831
v -0.03884921 -0.01302058 -0.04564975
v -0.03689632 -0.01481028 -0.04561113
v -0.03193454 -0.02010827 -0.04502626
v -0.03165100 -0.02070681 -0.04483866
v -0.03227304 -0.02044606 -0.04468416
v -0.03943074 -0.01265909 -0.04555595
v -0.04093230 -0.01048418 -0.04574907
v -0.04006145 -0.01147385 -0.04577114
v -0.03943074 -0.01173460 -0.04592012
v -0.03677192 -0.01283687 -0.04651603
v -0.04308771 -0.00971971 -0.04490487
v -0.04308771 -0.00886042 -0.04519179
v -0.04209535 -0.00975527 -0.04541801
v -0.04155433 -0.01003380 -0.04559458
v -0.02870286 -0.02151277 -0.04569389
v -0.02816184 -0.02169648 -0.04579873
v -0.02806637 -0.02180315 -0.04577114
v -0.02806637 0.02172450 -0.04581528
v -0.02816184 0.02169487 -0.04579873
v -0.02816184 0.02098966 -0.04613531
v -0.02904426 0.02096595 -0.04582080
v -0.03627429 0.01508127 -0.04573804
v -0.03032015 0.02036741 -0.04558906
v -0.03097400 0.02005925 -0.04546767
v -0.03649996 0.01346343 -0.04635050
v -0.03614988 0.01310786 -0.04661535
v -0.03649996 0.01255080 -0.04669259
v -0.03710174 0.01221301 -0.04662086
v -0.03318728 0.01576871 -0.04656017
v -0.03927740 0.01064850 -0.04636153
v -0.04033919 0.01076703 -0.04590357
v -0.04029001 0.00979514 -0.04624014
v -0.04123608 0.00975365 -0.04583735
v -0.04238756 0.00885880 -0.04555044
v -0.04256694 0.00827804 -0.04563872
v -0.04305010 0.00795210 -0.04547319
v -0.04332784 0.00699206 -0.04555595
v -0.04402220 0.00699206 -0.04514213
v -0.04475707 0.00605573 -0.04490487
v -0.04489305 0.00512532 -0.04499315
v -0.04583043 0.00426603 -0.04450208
v -0.04602717 0.00325858 -0.04451311
v -0.04657976 0.00419492 -0.04398342
v -0.04666945 0.00325858 -0.04404963
v -0.04719601 0.00232817 -0.04370753
v -0.04722494 0.00139184 -0.04374064
v -0.04824334 0.00046143 -0.04288540
v -0.04824334 -0.00046305 -0.04288540
v -0.04722494 -0.00139345 -0.04374064
v -0.04719601 -0.00232979 -0.04370753
v -0.04666945 -0.00326019 -0.04404963
v -0.04657976 -0.00419060 -0.04398342
v -0.04602717 -0.00326019 -0.04451311
v -0.04583043 -0.00426764 -0.04450208
v -0.04489305 -0.00512694 -0.04499315
v -0.04475707 -0.00605734 -0.04490487
v -0.04305010 -0.00795371 -0.04547319
v -0.04402220 -0.00699368 -0.04514213
v -0.04352458 -0.00699368 -0.04544008
v -0.04332784 -0.00699368 -0.04555595
v -0.03627429 -0.01508289 -0.04573804
v -0.03032015 -0.02036902 -0.04558906
v -0.04033919 -0.01076864 -0.04590357
v -0.04123608 -0.00975527 -0.04583735
v -0.04029001 -0.00979675 -0.04624014
v -0.03927740 -0.01065012 -0.04636153
v -0.03710174 -0.01221462 -0.04662086
v -0.03649996 -0.01255241 -0.04669259
v -0.03614988 -0.01310947 -0.04661535
v -0.03318728 -0.01577032 -0.04656017
v -0.03649996 -0.01345912 -0.04635050
v -0.04238756 -0.00886042 -0.04555044
v -0.04256694 -0.00827965 -0.04563872
v -0.02904426 -0.02096756 -0.04582080
v -0.02816184 -0.02099127 -0.04613531
v -0.02806637 -0.02172611 -0.04581528
v -0.02806637 0.02162375 -0.04586494
v -0.02806637 0.02098966 -0.04616290
v -0.02806637 0.02008295 -0.04652706
v -0.02821681 0.02008295 -0.04648292
v -0.03285746 0.01543092 -0.04678639
v -0.02929307 0.01655096 -0.04745403
v -0.03376013 0.01352862 -0.04716159
v -0.03655782 0.01166188 -0.04695192
v -0.03744313 0.01160262 -0.04670363
v -0.03801598 0.01125297 -0.04661535
v -0.02856689 0.01954367 -0.04657672
v -0.03256525 0.01601761 -0.04665949
v -0.03836605 0.01064850 -0.04668708
v -0.03891576 0.01028701 -0.04660431
v -0.03956382 0.00979514 -0.04650499
v -0.04030737 0.00890621 -0.04647740
v -0.04062851 0.00817730 -0.04655465
v -0.04122161 0.00885880 -0.04610772
v -0.04192176 0.00885880 -0.04577666
v -0.04115507 0.00789284 -0.04638360
v -0.04221686 0.00795210 -0.04587598
v -0.04271738 0.00765579 -0.04570493
v -0.04286204 0.00699206 -0.04577666
v -0.04347250 0.00634019 -0.04562216
v -0.04352458 0.00630463 -0.04560009
v -0.04395566 0.00603795 -0.04540146
v -0.04359980 0.00571794 -0.04568286
v -0.04414082 0.00512532 -0.04545112
v -0.04435202 0.00325858 -0.04558354
v -0.04495380 0.00325858 -0.04520834
v -0.04556137 0.00325858 -0.04482210
v -0.04609371 0.00232817 -0.04455725
v -0.04672731 0.00232817 -0.04408825
v -0.04678807 0.00046143 -0.04413791
v -0.04725387 0.00046143 -0.04376271
v -0.04775439 0.00046143 -0.04332129
v -0.04775439 -0.00046305 -0.04332129
v -0.04672731 -0.00232979 -0.04408825
v -0.04725387 -0.00046305 -0.04376271
v -0.04678807 -0.00046305 -0.04413791
v -0.04609371 -0.00232979 -0.04455725
v -0.04556137 -0.00326019 -0.04482210
v -0.04495380 -0.00326019 -0.04520834
v -0.04435202 -0.00326019 -0.04558354
v -0.04414082 -0.00512694 -0.04545112
v -0.04359980 -0.00571955 -0.04568286
v -0.04395566 -0.00603956 -0.04540146
v -0.04352458 -0.00630624 -0.04560009
v -0.04347250 -0.00634180 -0.04562216
v -0.04286204 -0.00699368 -0.04577666
v -0.04271738 -0.00765741 -0.04570493
v -0.04192176 -0.00886042 -0.04577666
v -0.04122161 -0.00886042 -0.04610772
v -0.03956382 -0.00979675 -0.04650499
v -0.03891576 -0.01028862 -0.04660431
v -0.04062851 -0.00817891 -0.04655465
v -0.04030737 -0.00890783 -0.04647740
v -0.03836605 -0.01065012 -0.04668708
v -0.03801598 -0.01125459 -0.04661535
v -0.03744313 -0.01160423 -0.04670363
v -0.03655782 -0.01166349 -0.04695192
v -0.03376013 -0.01353023 -0.04716159
v -0.02866815 -0.01682518 -0.04753680
v -0.02902401 -0.01718667 -0.04730505
v -0.03256525 -0.01601922 -0.04665949
v -0.02856689 -0.01954528 -0.04657672
v -0.02821681 -0.02008457 -0.04648292
v -0.04221686 -0.00795371 -0.04587598
v -0.04115507 -0.00789445 -0.04638360
v -0.02806637 -0.02099127 -0.04616290
v -0.02806637 -0.02109794 -0.04611324
v -0.02806637 0.01918218 -0.04685812
v -0.02816184 0.01819251 -0.04719470
v -0.02902690 0.01718506 -0.04730505
v -0.02816184 0.01703098 -0.04761956
v -0.03469173 0.01259229 -0.04718918
v -0.02816184 0.01632577 -0.04783475
v -0.03444870 0.01141298 -0.04758646
v -0.03655782 0.01072554 -0.04720574
v -0.03748942 0.01072554 -0.04695192
v -0.03842392 0.00979514 -0.04689123
v -0.04000648 0.00862768 -0.04665949
v -0.03842392 0.00885880 -0.04711745
v -0.03842392 0.00792840 -0.04729954
v -0.04079921 0.00756097 -0.04661535
v -0.04215611 0.00699206 -0.04610220
v -0.04352168 0.00577127 -0.04571045
v -0.04352168 0.00562905 -0.04573804
v -0.04367502 0.00512532 -0.04572148
v -0.04388622 0.00325858 -0.04583184
v -0.04442435 0.00232817 -0.04562216
v -0.04495380 0.00232817 -0.04529110
v -0.04612554 0.00139184 -0.04458484
v -0.04616025 0.00046143 -0.04460139
v -0.04612554 -0.00139345 -0.04458484
v -0.04616025 -0.00046305 -0.04460139
v -0.04495380 -0.00232979 -0.04529110
v -0.04442435 -0.00232979 -0.04562216
v -0.04388622 -0.00326019 -0.04583184
v -0.04367502 -0.00512694 -0.04572148
v -0.04352168 -0.00512694 -0.04579873
v -0.04308771 -0.00512694 -0.04600288
v -0.04168163 -0.00557140 -0.04659327
v -0.04352168 -0.00577289 -0.04571045
v -0.04352458 -0.00608697 -0.04564975
v -0.04215611 -0.00699368 -0.04610220
v -0.04079921 -0.00755666 -0.04661535
v -0.04000648 -0.00862337 -0.04665949
v -0.03842392 -0.00979675 -0.04689123
v -0.03748942 -0.01072716 -0.04695192
v -0.04030737 -0.00789445 -0.04670914
v -0.03842392 -0.00793001 -0.04729954
v -0.03842392 -0.00886042 -0.04711745
v -0.03655782 -0.01072716 -0.04720574
v -0.03444870 -0.01140867 -0.04758646
v -0.03469173 -0.01259390 -0.04718918
v -0.02816184 -0.01632738 -0.04782923
v -0.02806637 -0.01715112 -0.04759749
v -0.02816184 -0.01749483 -0.04744851
v -0.02806637 -0.01918379 -0.04685812
v -0.02806637 -0.02016161 -0.04649396
v -0.02806637 0.01748137 -0.04748162
v -0.02816184 0.01749915 -0.04744851
v -0.02806637 0.01706061 -0.04763060
v -0.02806637 0.01632577 -0.04785682
v -0.03410441 0.01202930 -0.04750369
v -0.02806637 0.01529461 -0.04812719
v -0.02806637 0.01442347 -0.04833134
v -0.03473513 0.01075518 -0.04765819
v -0.03533401 0.01046479 -0.04757542
v -0.03507073 0.01108704 -0.04750369
v -0.03748942 0.00979514 -0.04717815
v -0.03745471 0.00882917 -0.04739886
v -0.03779031 0.00792840 -0.04749265
v -0.03794944 0.00744838 -0.04753128
v -0.04029001 0.00699206 -0.04686916
v -0.04029001 0.00606166 -0.04701262
v -0.04110878 0.00606166 -0.04673673
v -0.04168163 0.00556978 -0.04659327
v -0.04313111 0.00604388 -0.04583735
v -0.04308771 0.00513125 -0.04600288
v -0.04352168 0.00513125 -0.04579873
v -0.04352168 0.00326451 -0.04600288
v -0.04352168 0.00232817 -0.04607461
v -0.04395855 0.00232817 -0.04586494
v -0.04448222 0.00084663 -0.04565527
v -0.04450247 0.00022439 -0.04566631
v -0.04448222 -0.00084825 -0.04565527
v -0.04450247 -0.00022600 -0.04566631
v -0.04395855 -0.00232979 -0.04586494
v -0.04352168 -0.00326612 -0.04600288
v -0.04352458 -0.00368095 -0.04595874
v -0.04352168 -0.00232979 -0.04607461
v -0.04210403 -0.00520990 -0.04644430
v -0.04308771 -0.00326612 -0.04620704
v -0.04175974 -0.00494915 -0.04662638
v -0.04131130 -0.00520990 -0.04677536
v -0.04110878 -0.00606327 -0.04673673
v -0.04029001 -0.00606327 -0.04701262
v -0.04029001 -0.00699368 -0.04686916
v -0.03794944 -0.00744999 -0.04753128
v -0.03748942 -0.00979675 -0.04717815
v -0.03779031 -0.00793001 -0.04749265
v -0.03745471 -0.00883079 -0.04739886
v -0.03507073 -0.01108865 -0.04750369
v -0.02806637 -0.01437175 -0.04833686
v -0.02806637 -0.01441916 -0.04832582
v -0.02806637 -0.01548586 -0.04807201
v -0.03410441 -0.01203091 -0.04750369
v -0.03533401 -0.01046641 -0.04757542
v -0.03473513 -0.01075679 -0.04765819
v -0.02806637 -0.01632738 -0.04785130
v -0.02806637 -0.01706222 -0.04762508
v -0.02806637 -0.01820005 -0.04721677
v -0.02806637 0.01352862 -0.04846377
v -0.03469173 0.00885880 -0.04800028
v -0.03376013 0.01072554 -0.04786234
v -0.03469173 0.00979514 -0.04784027
v -0.03711910 0.00849731 -0.04754783
v -0.03748942 0.00606166 -0.04779061
v -0.03826479 0.00606166 -0.04761404
v -0.03886368 0.00550460 -0.04752024
v -0.03562622 0.00792840 -0.04794510
v -0.04029001 0.00513125 -0.04712849
v -0.04131130 0.00520829 -0.04677536
v -0.04175974 0.00494754 -0.04662638
v -0.04210403 0.00520829 -0.04644430
v -0.04308771 0.00326451 -0.04620704
v -0.04308771 0.00232817 -0.04627877
v -0.04411189 0.00050884 -0.04585942
v -0.04411189 -0.00051046 -0.04585942
v -0.04308771 -0.00232979 -0.04627877
v -0.04195648 -0.00326612 -0.04671466
v -0.04029001 -0.00512694 -0.04712849
v -0.04122161 -0.00419653 -0.04690778
v -0.03886368 -0.00550621 -0.04752024
v -0.03826479 -0.00606327 -0.04761404
v -0.03748942 -0.00606327 -0.04779061
v -0.03562622 -0.00793001 -0.04794510
v -0.03711910 -0.00849892 -0.04754783
v -0.02806637 -0.01377913 -0.04843618
v -0.03376013 -0.01072716 -0.04786234
v -0.03469173 -0.00886042 -0.04800028
v -0.03469173 -0.00979675 -0.04784027
v -0.02806637 0.01298341 -0.04853550
v -0.03376013 0.00885880 -0.04815478
v -0.03469173 0.00792840 -0.04812167
v -0.03562622 0.00606166 -0.04814926
v -0.03748942 0.00513125 -0.04787337
v -0.03849914 0.00516681 -0.04764163
v -0.03904016 0.00419492 -0.04757542
v -0.04029001 0.00326451 -0.04728298
v -0.04122161 0.00326451 -0.04699606
v -0.04122161 0.00419492 -0.04690778
v -0.04195648 0.00326451 -0.04671466
v -0.04202881 0.00232817 -0.04674225
v -0.04209824 0.00046143 -0.04677536
v -0.04256404 0.00046143 -0.04657120
v -0.04308771 0.00139777 -0.04630636
v -0.04352458 0.00047921 -0.04613531
v -0.04352458 -0.00048083 -0.04613531
v -0.04202881 -0.00232979 -0.04674225
v -0.04308771 -0.00139938 -0.04630636
v -0.04256404 -0.00046305 -0.04657120
v -0.04209824 -0.00046305 -0.04677536
v -0.04122161 -0.00326612 -0.04699606
v -0.04029001 -0.00326612 -0.04728298
v -0.03904016 -0.00419653 -0.04757542
v -0.03849914 -0.00516842 -0.04764163
v -0.03748942 -0.00512694 -0.04787337
v -0.03562622 -0.00606327 -0.04814926
v -0.03469173 -0.00793001 -0.04812167
v -0.02806637 -0.01297317 -0.04852998
v -0.03376013 -0.00886042 -0.04815478
v -0.02806637 0.01166188 -0.04867344
v -0.03163654 0.00866917 -0.04849135
v -0.03376013 0.00792840 -0.04825961
v -0.03469173 0.00606166 -0.04829824
v -0.03562622 0.00513125 -0.04822099
v -0.03748942 0.00326451 -0.04798924
v -0.03842392 0.00326451 -0.04779613
v -0.03916457 0.00326451 -0.04760853
v -0.04029001 0.00232817 -0.04733264
v -0.04122161 0.00232817 -0.04704572
v -0.04122161 0.00139777 -0.04707883
v -0.04122161 0.00046143 -0.04710090
v -0.04308771 0.00046143 -0.04633394
v -0.04308771 -0.00046305 -0.04633394
v -0.04122161 -0.00139938 -0.04707883
v -0.04122161 -0.00232979 -0.04704572
v -0.04122161 -0.00046305 -0.04710090
v -0.04029001 -0.00232979 -0.04733264
v -0.03916457 -0.00326612 -0.04760853
v -0.03842392 -0.00326612 -0.04779613
v -0.03562622 -0.00512694 -0.04822099
v -0.03748942 -0.00326612 -0.04798924
v -0.03469173 -0.00606327 -0.04829824
v -0.03376013 -0.00793001 -0.04825961
v -0.03163654 -0.00867078 -0.04849135
v -0.03139062 -0.00929303 -0.04845825
v -0.02806637 -0.01175238 -0.04866792
v -0.02806637 0.01072554 -0.04873965
v -0.03095954 0.00792840 -0.04862377
v -0.03189403 0.00699206 -0.04858515
v -0.03192586 0.00790469 -0.04851342
v -0.03344188 0.00581276 -0.04848031
v -0.03225857 0.00819507 -0.04844721
v -0.03469173 0.00513125 -0.04836996
v -0.03562622 0.00326451 -0.04832031
v -0.03748942 0.00232817 -0.04802787
v -0.03842392 0.00232817 -0.04783475
v -0.03924847 0.00232817 -0.04763060
v -0.03971427 0.00232817 -0.04749817
v -0.03975478 0.00139777 -0.04750921
v -0.04029001 0.00046143 -0.04737678
v -0.04029001 -0.00046305 -0.04737678
v -0.03971427 -0.00232979 -0.04749817
v -0.03975478 -0.00139938 -0.04750921
v -0.03924847 -0.00232979 -0.04763060
v -0.03842392 -0.00232979 -0.04783475
v -0.03562622 -0.00326612 -0.04832031
v -0.03469173 -0.00512694 -0.04836996
v -0.03748942 -0.00232979 -0.04802787
v -0.03344188 -0.00581437 -0.04848031
v -0.03192586 -0.00790631 -0.04851342
v -0.03189403 -0.00699368 -0.04858515
v -0.03095954 -0.00793001 -0.04862377
v -0.02806637 -0.01082198 -0.04873413
v -0.02806637 0.00979514 -0.04879483
v -0.02816184 0.00979514 -0.04878931
v -0.03189403 0.00606166 -0.04864585
v -0.03282563 0.00513125 -0.04858515
v -0.03442555 0.00326451 -0.04848583
v -0.03489135 0.00326451 -0.04843066
v -0.03500708 0.00232817 -0.04844721
v -0.03562622 0.00232817 -0.04835341
v -0.03655782 0.00232817 -0.04819340
v -0.03748942 0.00046143 -0.04805546
v -0.03842392 0.00046143 -0.04787337
v -0.03842392 0.00139777 -0.04785682
v -0.03932369 0.00046143 -0.04765267
v -0.03979239 0.00046143 -0.04752024
v -0.03979239 -0.00046305 -0.04752024
v -0.03932369 -0.00046305 -0.04765267
v -0.03842392 -0.00139938 -0.04785682
v -0.03655782 -0.00232979 -0.04819340
v -0.03562622 -0.00232979 -0.04835341
v -0.03500708 -0.00232979 -0.04844721
v -0.03489135 -0.00326612 -0.04843066
v -0.03442555 -0.00326612 -0.04848583
v -0.03282563 -0.00512694 -0.04858515
v -0.03842392 -0.00046305 -0.04787337
v -0.03748942 -0.00046305 -0.04805546
v -0.03189403 -0.00606327 -0.04864585
v -0.02806637 -0.00895524 -0.04883897
v -0.02806637 0.00885880 -0.04884449
v -0.03095954 0.00606166 -0.04873413
v -0.03189403 0.00513125 -0.04868999
v -0.03282563 0.00326451 -0.04865688
v -0.03282563 0.00232817 -0.04867896
v -0.03511992 0.00046143 -0.04845825
v -0.03189403 0.00326451 -0.04875620
v -0.03562622 0.00046143 -0.04837548
v -0.03655782 0.00046143 -0.04822099
v -0.03655782 -0.00046305 -0.04822099
v -0.03562622 -0.00046305 -0.04837548
v -0.03511992 -0.00046305 -0.04845825
v -0.03282563 -0.00232979 -0.04867896
v -0.03189403 -0.00326612 -0.04875620
v -0.03282563 -0.00326612 -0.04865688
v -0.03189403 -0.00512694 -0.04868999
v -0.03095954 -0.00606327 -0.04872861
v -0.02816184 -0.00793001 -0.04887207
v -0.02806637 -0.00793001 -0.04887759
v -0.02806637 0.00792840 -0.04887759
v -0.02816184 0.00792840 -0.04887207
v -0.03095954 0.00419492 -0.04879483
v -0.03282563 0.00139777 -0.04868999
v -0.03282563 0.00046143 -0.04870103
v -0.03095954 0.00326451 -0.04881690
v -0.03095954 0.00232817 -0.04883345
v -0.03189403 0.00139777 -0.04877827
v -0.03282563 -0.00046305 -0.04870103
v -0.03282563 -0.00139938 -0.04868999
v -0.03095954 -0.00232979 -0.04883345
v -0.03095954 -0.00326612 -0.04881690
v -0.03095954 -0.00419653 -0.04879483
v -0.03189403 -0.00139938 -0.04877827
v -0.02816184 -0.00606327 -0.04891621
v -0.02806637 -0.00615809 -0.04891621
v -0.02806637 0.00606166 -0.04892173
v -0.02816184 0.00606166 -0.04891621
v -0.03189403 0.00046143 -0.04878931
v -0.02909344 0.00232817 -0.04892173
v -0.03095954 0.00046143 -0.04884449
v -0.03002794 0.00326451 -0.04886656
v -0.03189403 -0.00046305 -0.04878931
v -0.02909344 -0.00232979 -0.04892173
v -0.03002794 -0.00326612 -0.04886656
v -0.03095954 -0.00046305 -0.04884449
v -0.02816184 -0.00326612 -0.04894932
v -0.02806637 -0.00242461 -0.04896036
v -0.02806637 0.00513125 -0.04893276
v -0.02816184 0.00326451 -0.04894932
v -0.02806637 0.00232817 -0.04896036
v -0.02816184 0.00139777 -0.04896036
v -0.02909344 0.00046143 -0.04892725
v -0.02909344 -0.00046305 -0.04892725
v -0.02816184 -0.00139938 -0.04896036
v -0.02806637 0.00046143 -0.04896587
v -0.02806637 0.00410602 -0.04894380
f 1 2 8
f 1 8 3
f 1 3 13
f 1 13 4
f 1 4 5
f 1 5 6
f 1 6 9
f 1 9 2
f 2 7 19
f 2 19 8
f 2 9 10
f 2 10 7
f 3 8 22
f 3 22 11
f 3 11 12
f 3 12 13
f 4 13 29
f 4 29 14
f 4 14 15
f 4 15 5
f 5 15 16
f 5 16 6
f 6 16 17
f 6 17 9
f 7 18 39
f 7 39 19
f 7 10 20
f 7 20 18
f 8 19 21
f 8 21 22
f 9 17 23
f 9 23 24
f 9 24 10
f 10 24 25
f 10 25 20
f 11 22 26
f 11 26 27
f 11 27 12
f 12 27 28
f 12 28 29
f 12 29 13
f 14 29 56
f 14 56 30
f 14 30 31
f 14 31 15
f 15 31 32
f 15 32 33
f 15 33 16
f 16 33 34
f 16 34 35
f 16 35 17
f 17 35 36
f 17 36 37
f 17 37 23
f 18 38 72
f 18 72 39
f 18 20 38
f 19 39 40
f 19 40 21
f 20 25 41
f 20 41 38
f 21 40 42
f 21 42 43
f 21 43 22
f 22 43 44
f 22 44 26
f 23 37 45
f 23 45 24
f 24 46 25
f 24 45 46
f 25 46 47
f 25 47 48
f 25 48 41
f 26 44 49
f 26 49 50
f 26 50 51
f 26 51 27
f 27 51 52
f 27 52 53
f 27 53 28
f 28 53 54
f 28 54 55
f 28 55 29
f 29 55 56
f 30 57 31
f 30 56 100
f 30 100 58
f 30 58 57
f 31 57 59
f 31 59 60
f 31 60 61
f 31 61 32
f 32 61 62
f 32 62 63
f 32 63 64
f 32 64 65
f 32 65 33
f 33 65 34
f 34 65 66
f 34 66 67
f 34 67 68
f 34 68 35
f 35 68 36
f 36 68 69
f 36 69 37
f 37 69 70
f 37 70 45
f 38 71 115
f 38 115 72
f 38 41 73
f 38 73 71
f 39 72 40
f 40 74 42
f 40 72 74
f 41 48 73
f 42 75 76
f 42 76 77
f 42 77 43
f 42 74 75
f 43 77 78
f 43 78 44
f 44 78 49
f 45 70 79
f 45 79 80
f 45 80 81
f 45 81 82
f 45 82 47
f 45 47 46
f 47 82 48
f 48 83 84
f 48 84 73
f 48 82 85
f 48 85 86
f 48 86 83
f 49 78 87
f 49 87 88
f 49 88 50
f 50 88 89
f 50 89 51
f 51 89 52
f 52 90 53
f 52 89 91
f 52 91 92
f 52 92 90
f 53 90 54
f 54 90 93
f 54 93 94
f 54 94 95
f 54 95 96
f 54 96 55
f 55 96 97
f 55 97 98
f 55 98 99
f 55 99 56
f 56 99 100
f 57 58 100
f 57 100 99
f 57 99 98
f 57 98 97
f 57 97 96
f 57 96 95
f 57 95 94
f 57 94 93
f 57 93 150
f 57 150 149
f 57 149 148
f 57 148 147
f 57 147 146
f 57 146 145
f 57 145 144
f 57 144 143
f 57 143 210
f 57 210 209
f 57 209 208
f 57 208 207
f 57 207 206
f 57 206 205
f 57 205 152
f 57 152 214
f 57 214 213
f 57 213 212
f 57 212 211
f 57 211 271
f 57 271 337
f 57 337 303
f 57 303 302
f 57 302 370
f 57 370 369
f 57 369 359
f 57 359 358
f 57 358 299
f 57 299 368
f 57 368 444
f 57 444 443
f 57 443 442
f 57 442 530
f 57 530 613
f 57 613 699
f 57 699 698
f 57 698 808
f 57 808 911
f 57 911 1001
f 57 1001 1109
f 57 1109 1108
f 57 1108 1203
f 57 1203 1202
f 57 1202 1305
f 57 1305 1304
f 57 1304 1303
f 57 1303 1409
f 57 1409 1520
f 57 1520 1519
f 57 1519 1629
f 57 1629 1727
f 57 1727 1732
f 57 1732 1871
f 57 1871 2035
f 57 2035 2037
f 57 2037 2182
f 57 2182 2185
f 57 2185 2184
f 57 2184 2183
f 57 2183 2188
f 57 2188 2338
f 57 2338 2483
f 57 2483 2492
f 57 2492 2618
f 57 2618 2731
f 57 2731 2837
f 57 2837 2845
f 57 2845 2961
f 57 2961 2843
f 57 2843 2842
f 57 2842 2957
f 57 2957 2960
f 57 2960 3051
f 57 3051 3129
f 57 3129 3188
f 57 3188 3259
f 57 3259 3258
f 57 3258 3309
f 57 3309 3308
f 57 3308 3362
f 57 3362 3306
f 57 3306 3361
f 57 3361 3360
f 57 3360 3356
f 57 3356 3355
f 57 3355 3354
f 57 3354 3389
f 57 3389 3421
f 57 3421 3449
f 57 3449 3476
f 57 3476 3503
f 57 3503 3522
f 57 3522 3538
f 57 3538 3550
f 57 3550 3558
f 57 3558 3553
f 57 3553 3559
f 57 3559 3551
f 57 3551 3539
f 57 3539 3523
f 57 3523 3504
f 57 3504 3477
f 57 3477 3450
f 57 3450 3423
f 57 3423 3393
f 57 3393 3363
f 57 3363 3316
f 57 3316 3315
f 57 3315 3313
f 57 3313 3312
f 57 3312 3310
f 57 3310 3260
f 57 3260 3191
f 57 3191 3190
f 57 3190 3189
f 57 3189 3130
f 57 3130 3052
f 57 3052 2963
f 57 2963 2962
f 57 2962 2851
f 57 2851 2850
f 57 2850 2849
f 57 2849 2847
f 57 2847 2846
f 57 2846 2732
f 57 2732 2619
f 57 2619 2494
f 57 2494 2493
f 57 2493 2343
f 57 2343 2192
f 57 2192 2045
f 57 2045 2044
f 57 2044 2043
f 57 2043 1895
f 57 1895 1752
f 57 1752 1638
f 57 1638 1530
f 57 1530 1419
f 57 1419 1316
f 57 1316 1213
f 57 1213 1209
f 57 1209 1113
f 57 1113 1008
f 57 1008 912
f 57 912 812
f 57 812 702
f 57 702 620
f 57 620 619
f 57 619 535
f 57 535 452
f 57 452 377
f 57 377 376
f 57 376 314
f 57 314 251
f 57 251 250
f 57 250 249
f 57 249 313
f 57 313 308
f 57 308 307
f 57 307 306
f 57 306 305
f 57 305 242
f 57 242 241
f 57 241 272
f 57 272 215
f 57 215 165
f 57 165 164
f 57 164 163
f 57 163 162
f 57 162 161
f 57 161 110
f 57 110 159
f 57 159 158
f 57 158 157
f 57 157 156
f 57 156 155
f 57 155 154
f 57 154 153
f 57 153 108
f 57 108 107
f 57 107 106
f 57 106 105
f 57 105 104
f 57 104 103
f 57 103 101
f 57 101 64
f 57 64 63
f 57 63 62
f 57 62 61
f 57 61 60
f 57 60 59
f 64 101 65
f 65 102 66
f 65 101 103
f 65 103 104
f 65 104 105
f 65 105 106
f 65 106 107
f 65 107 108
f 65 108 102
f 66 102 67
f 67 109 68
f 67 102 110
f 67 110 111
f 67 111 109
f 68 109 69
f 69 109 112
f 69 112 113
f 69 113 70
f 70 113 79
f 71 114 168
f 71 168 115
f 71 73 114
f 72 115 116
f 72 116 74
f 73 84 117
f 73 117 114
f 74 116 75
f 75 116 118
f 75 118 119
f 75 119 120
f 75 120 121
f 75 121 122
f 75 122 76
f 76 122 78
f 76 78 77
f 78 122 123
f 78 123 124
f 78 124 125
f 78 125 87
f 79 113 126
f 79 126 127
f 79 127 128
f 79 128 129
f 79 129 130
f 79 130 80
f 80 130 81
f 81 130 131
f 81 131 82
f 82 131 132
f 82 132 133
f 82 133 134
f 82 134 85
f 83 135 136
f 83 136 117
f 83 117 84
f 83 86 137
f 83 137 138
f 83 138 135
f 85 134 86
f 86 134 137
f 87 125 139
f 87 139 88
f 88 139 140
f 88 140 141
f 88 141 89
f 89 141 91
f 90 92 142
f 90 142 143
f 90 143 144
f 90 144 145
f 90 145 146
f 90 146 147
f 90 147 148
f 90 148 149
f 90 149 150
f 90 150 93
f 91 142 92
f 91 141 151
f 91 151 152
f 91 152 142
f 102 108 153
f 102 153 154
f 102 154 155
f 102 155 156
f 102 156 157
f 102 157 158
f 102 158 159
f 102 159 110
f 109 111 160
f 109 160 112
f 110 161 111
f 111 161 162
f 111 162 163
f 111 163 164
f 111 164 165
f 111 165 160
f 112 160 166
f 112 166 113
f 113 166 126
f 114 167 218
f 114 218 168
f 114 117 167
f 115 168 116
f 116 168 169
f 116 169 118
f 117 170 167
f 117 136 170
f 118 169 119
f 119 169 171
f 119 171 172
f 119 172 173
f 119 173 120
f 120 173 174
f 120 174 175
f 120 175 121
f 121 175 176
f 121 176 122
f 122 176 177
f 122 177 178
f 122 178 179
f 122 179 123
f 123 179 180
f 123 180 124
f 124 180 125
f 125 180 181
f 125 181 182
f 125 182 183
f 125 183 184
f 125 184 139
f 126 166 185
f 126 185 186
f 126 186 127
f 127 186 187
f 127 187 188
f 127 188 189
f 127 189 190
f 127 190 128
f 128 190 129
f 129 132 130
f 129 190 191
f 129 191 132
f 130 132 131
f 132 192 193
f 132 193 133
f 132 191 194
f 132 194 195
f 132 195 196
f 132 196 192
f 133 193 134
f 134 197 198
f 134 198 138
f 134 138 137
f 134 193 192
f 134 192 196
f 134 196 199
f 134 199 197
f 135 200 201
f 135 201 136
f 135 138 200
f 136 201 202
f 136 202 170
f 138 198 200
f 139 184 203
f 139 203 140
f 140 203 204
f 140 204 141
f 141 204 151
f 142 152 205
f 142 205 206
f 142 206 207
f 142 207 208
f 142 208 209
f 142 209 210
f 142 210 143
f 151 204 211
f 151 211 212
f 151 212 213
f 151 213 214
f 151 214 152
f 160 165 215
f 160 215 216
f 160 216 166
f 166 216 185
f 167 170 217
f 167 217 219
f 167 219 218
f 168 218 169
f 169 218 219
f 169 219 220
f 169 220 171
f 170 202 221
f 170 221 217
f 171 222 172
f 171 220 222
f 172 222 223
f 172 223 224
f 172 224 173
f 173 224 174
f 174 224 176
f 174 176 175
f 176 224 225
f 176 225 226
f 176 226 227
f 176 227 228
f 176 228 229
f 176 229 230
f 176 230 177
f 177 230 178
f 178 180 179
f 178 230 229
f 178 229 228
f 178 228 231
f 178 231 232
f 178 232 233
f 178 233 181
f 178 181 180
f 181 233 234
f 181 234 182
f 182 234 183
f 183 234 235
f 183 235 236
f 183 236 237
f 183 237 238
f 183 238 184
f 184 238 239
f 184 239 203
f 185 216 240
f 185 240 241
f 185 241 242
f 185 242 243
f 185 243 186
f 186 243 244
f 186 244 245
f 186 245 187
f 187 245 188
f 188 246 247
f 188 247 189
f 188 245 248
f 188 248 249
f 188 249 250
f 188 250 251
f 188 251 252
f 188 252 253
f 188 253 254
f 188 254 246
f 189 255 190
f 189 247 255
f 190 255 191
f 191 255 194
f 194 255 256
f 194 256 257
f 194 257 195
f 195 257 258
f 195 258 196
f 196 259 199
f 196 258 260
f 196 260 261
f 196 261 262
f 196 262 263
f 196 263 259
f 197 199 259
f 197 259 264
f 197 264 265
f 197 265 266
f 197 266 267
f 197 267 268
f 197 268 198
f 198 268 200
f 200 268 269
f 200 269 221
f 200 221 201
f 201 221 202
f 203 239 270
f 203 270 204
f 204 270 271
f 204 271 211
f 215 272 216
f 216 272 241
f 216 241 240
f 217 221 273
f 217 273 219
f 219 273 220
f 220 273 222
f 221 274 338
f 221 338 273
f 221 269 274
f 222 273 223
f 223 273 275
f 223 275 276
f 223 276 225
f 223 225 224
f 225 276 226
f 226 277 278
f 226 278 279
f 226 279 227
f 226 276 280
f 226 280 281
f 226 281 277
f 227 279 228
f 228 279 282
f 228 282 283
f 228 283 284
f 228 284 285
f 228 285 286
f 228 286 287
f 228 287 231
f 231 287 232
f 232 288 289
f 232 289 290
f 232 290 233
f 232 287 288
f 233 290 291
f 233 291 234
f 234 291 235
f 235 291 290
f 235 290 292
f 235 292 236
f 236 293 237
f 236 292 294
f 236 294 295
f 236 295 296
f 236 296 297
f 236 297 298
f 236 298 299
f 236 299 293
f 237 293 300
f 237 300 238
f 238 300 301
f 238 301 239
f 239 301 302
f 239 302 303
f 239 303 304
f 239 304 270
f 242 305 243
f 243 248 244
f 243 305 306
f 243 306 307
f 243 307 308
f 243 308 248
f 244 248 245
f 246 309 247
f 246 254 310
f 246 310 311
f 246 311 312
f 246 312 309
f 247 309 255
f 248 308 313
f 248 313 249
f 251 314 315
f 251 315 252
f 252 315 253
f 253 315 316
f 253 316 254
f 254 316 317
f 254 317 318
f 254 318 319
f 254 319 310
f 255 309 256
f 256 309 320
f 256 320 257
f 257 320 321
f 257 321 322
f 257 322 323
f 257 323 261
f 257 261 260
f 257 260 258
f 259 263 324
f 259 324 264
f 261 263 262
f 261 323 325
f 261 325 326
f 261 326 263
f 263 326 325
f 263 325 327
f 263 327 328
f 263 328 329
f 263 329 330
f 263 330 324
f 264 324 330
f 264 330 331
f 264 331 265
f 265 331 332
f 265 332 333
f 265 333 334
f 265 334 335
f 265 335 266
f 266 335 267
f 267 335 268
f 268 335 336
f 268 336 269
f 269 336 274
f 270 304 303
f 270 303 337
f 270 337 271
f 273 338 275
f 274 339 407
f 274 407 338
f 274 336 339
f 275 340 276
f 275 338 340
f 276 341 280
f 276 340 341
f 277 342 343
f 277 343 344
f 277 344 278
f 277 281 341
f 277 341 345
f 277 345 342
f 278 344 346
f 278 346 347
f 278 347 279
f 279 347 282
f 280 341 281
f 282 348 349
f 282 349 350
f 282 350 351
f 282 351 284
f 282 284 283
f 282 347 346
f 282 346 352
f 282 352 348
f 284 353 288
f 284 288 285
f 284 351 350
f 284 350 353
f 285 288 286
f 286 288 287
f 288 353 354
f 288 354 355
f 288 355 356
f 288 356 289
f 289 356 357
f 289 357 290
f 290 357 292
f 292 357 294
f 293 301 300
f 293 299 358
f 293 358 359
f 293 359 301
f 294 357 360
f 294 360 361
f 294 361 362
f 294 362 295
f 295 362 363
f 295 363 364
f 295 364 365
f 295 365 366
f 295 366 296
f 296 366 367
f 296 367 297
f 297 367 368
f 297 368 299
f 297 299 298
f 301 359 369
f 301 369 370
f 301 370 302
f 309 312 371
f 309 371 372
f 309 372 373
f 309 373 320
f 310 319 311
f 311 319 374
f 311 374 375
f 311 375 312
f 312 375 371
f 314 316 315
f 314 376 316
f 316 376 377
f 316 377 378
f 316 378 379
f 316 379 380
f 316 380 381
f 316 381 317
f 317 381 319
f 317 319 318
f 319 382 374
f 319 381 382
f 320 373 321
f 321 373 383
f 321 383 384
f 321 384 385
f 321 385 322
f 322 385 325
f 322 325 323
f 325 385 386
f 325 386 387
f 325 387 388
f 325 388 389
f 325 389 390
f 325 390 391
f 325 391 327
f 327 391 392
f 327 392 328
f 328 392 393
f 328 393 394
f 328 394 395
f 328 395 396
f 328 396 329
f 329 396 332
f 329 332 331
f 329 331 330
f 332 397 333
f 332 396 397
f 333 397 398
f 333 398 399
f 333 399 400
f 333 400 401
f 333 401 402
f 333 402 334
f 334 402 335
f 335 402 403
f 335 403 404
f 335 404 405
f 335 405 406
f 335 406 336
f 336 406 339
f 338 407 340
f 339 406 408
f 339 408 488
f 339 488 407
f 340 409 341
f 340 407 409
f 341 410 345
f 341 409 411
f 341 411 412
f 341 412 413
f 341 413 410
f 342 345 410
f 342 410 414
f 342 414 415
f 342 415 416
f 342 416 417
f 342 417 418
f 342 418 343
f 343 418 419
f 343 419 352
f 343 352 344
f 344 352 346
f 348 420 421
f 348 421 422
f 348 422 423
f 348 423 349
f 348 352 419
f 348 419 420
f 349 423 424
f 349 424 350
f 350 424 425
f 350 425 426
f 350 426 427
f 350 427 428
f 350 428 429
f 350 429 430
f 350 430 354
f 350 354 353
f 354 430 355
f 355 430 431
f 355 431 432
f 355 432 433
f 355 433 356
f 356 433 357
f 357 433 434
f 357 434 435
f 357 435 360
f 360 435 436
f 360 436 361
f 361 436 437
f 361 437 363
f 361 363 362
f 363 437 438
f 363 438 439
f 363 439 365
f 363 365 364
f 365 439 366
f 366 440 441
f 366 441 442
f 366 442 443
f 366 443 444
f 366 444 367
f 366 439 445
f 366 445 440
f 367 444 368
f 371 375 446
f 371 446 372
f 372 447 384
f 372 384 373
f 372 446 448
f 372 448 449
f 372 449 450
f 372 450 447
f 373 384 383
f 374 382 451
f 374 451 446
f 374 446 375
f 377 452 378
f 378 452 379
f 379 452 453
f 379 453 454
f 379 454 455
f 379 455 380
f 380 455 381
f 381 455 456
f 381 456 457
f 381 457 458
f 381 458 459
f 381 459 382
f 382 459 451
f 384 447 460
f 384 460 385
f 385 460 386
f 386 460 387
f 387 460 461
f 387 461 462
f 387 462 388
f 388 462 463
f 388 463 389
f 389 463 464
f 389 464 390
f 390 464 465
f 390 465 466
f 390 466 467
f 390 467 392
f 390 392 468
f 390 468 391
f 391 468 392
f 392 467 469
f 392 469 470
f 392 470 393
f 393 470 394
f 394 471 472
f 394 472 473
f 394 473 395
f 394 470 474
f 394 474 471
f 395 473 396
f 396 473 475
f 396 475 476
f 396 476 477
f 396 477 398
f 396 398 397
f 398 477 399
f 399 477 400
f 400 477 478
f 400 478 479
f 400 479 480
f 400 480 481
f 400 481 482
f 400 482 483
f 400 483 401
f 401 483 403
f 401 403 402
f 403 483 484
f 403 484 485
f 403 485 486
f 403 486 404
f 404 486 405
f 405 486 487
f 405 487 406
f 406 487 408
f 407 488 409
f 408 487 489
f 408 489 488
f 409 488 489
f 409 489 411
f 410 413 414
f 411 489 490
f 411 490 412
f 412 490 413
f 413 491 492
f 413 492 414
f 413 490 493
f 413 493 491
f 414 492 415
f 415 494 495
f 415 495 496
f 415 496 497
f 415 497 498
f 415 498 416
f 415 492 499
f 415 499 494
f 416 498 417
f 417 498 419
f 417 419 418
f 419 500 501
f 419 501 502
f 419 502 420
f 419 498 500
f 420 502 421
f 421 502 503
f 421 503 504
f 421 504 505
f 421 505 506
f 421 506 422
f 422 506 423
f 423 506 507
f 423 507 508
f 423 508 425
f 423 425 509
f 423 509 424
f 424 509 425
f 425 508 510
f 425 510 511
f 425 511 512
f 425 512 426
f 426 512 513
f 426 513 427
f 427 513 514
f 427 514 428
f 428 514 515
f 428 515 516
f 428 516 429
f 429 516 430
f 430 516 431
f 431 516 517
f 431 517 434
f 431 434 433
f 431 433 432
f 434 517 518
f 434 518 519
f 434 519 520
f 434 520 521
f 434 521 435
f 435 521 436
f 436 521 437
f 437 521 522
f 437 522 438
f 438 522 523
f 438 523 439
f 439 524 525
f 439 525 445
f 439 523 526
f 439 526 524
f 440 445 525
f 440 525 527
f 440 527 528
f 440 528 529
f 440 529 441
f 441 529 442
f 442 529 530
f 446 451 531
f 446 531 448
f 447 450 532
f 447 532 460
f 448 531 533
f 448 533 449
f 449 533 450
f 450 533 534
f 450 534 532
f 451 459 531
f 452 535 536
f 452 536 453
f 453 536 454
f 454 537 538
f 454 538 455
f 454 536 537
f 455 538 539
f 455 539 457
f 455 457 456
f 457 540 458
f 457 539 541
f 457 541 540
f 458 540 542
f 458 542 459
f 459 542 543
f 459 543 533
f 459 533 531
f 460 532 544
f 460 544 461
f 461 544 545
f 461 545 462
f 462 545 463
f 463 545 464
f 464 545 546
f 464 546 465
f 465 546 547
f 465 547 548
f 465 548 466
f 466 549 550
f 466 550 467
f 466 548 551
f 466 551 549
f 467 552 470
f 467 470 469
f 467 550 552
f 470 552 474
f 471 553 472
f 471 474 554
f 471 554 555
f 471 555 556
f 471 556 557
f 471 557 553
f 472 553 558
f 472 558 559
f 472 559 560
f 472 560 561
f 472 561 475
f 472 475 473
f 474 552 562
f 474 562 549
f 474 549 563
f 474 563 564
f 474 564 554
f 475 561 480
f 475 480 479
f 475 479 477
f 475 477 476
f 477 479 478
f 480 561 565
f 480 565 566
f 480 566 567
f 480 567 481
f 481 567 568
f 481 568 569
f 481 569 570
f 481 570 482
f 482 570 571
f 482 571 484
f 482 484 483
f 484 571 656
f 484 656 572
f 484 572 573
f 484 573 485
f 485 573 575
f 485 575 493
f 485 493 490
f 485 490 486
f 486 490 489
f 486 489 487
f 491 574 499
f 491 499 492
f 491 493 575
f 491 575 576
f 491 576 657
f 491 657 574
f 494 577 578
f 494 578 579
f 494 579 495
f 494 499 580
f 494 580 577
f 495 579 581
f 495 581 582
f 495 582 501
f 495 501 496
f 496 501 498
f 496 498 497
f 498 501 500
f 499 574 580
f 501 582 503
f 501 503 502
f 503 583 584
f 503 584 585
f 503 585 586
f 503 586 504
f 503 582 583
f 504 587 588
f 504 588 589
f 504 589 590
f 504 590 505
f 504 586 587
f 505 591 506
f 505 590 592
f 505 592 593
f 505 593 594
f 505 594 595
f 505 595 591
f 506 591 508
f 506 508 507
f 508 591 596
f 508 596 510
f 510 596 594
f 510 594 597
f 510 597 598
f 510 598 511
f 511 598 599
f 511 599 600
f 511 600 512
f 512 600 601
f 512 601 513
f 513 601 514
f 514 601 515
f 515 601 602
f 515 602 516
f 516 602 603
f 516 603 517
f 517 603 518
f 518 603 604
f 518 604 605
f 518 605 519
f 519 605 520
f 520 605 606
f 520 606 521
f 521 606 522
f 522 606 523
f 523 606 605
f 523 605 607
f 523 607 608
f 523 608 526
f 524 526 609
f 524 609 610
f 524 610 525
f 525 610 527
f 526 608 609
f 527 610 611
f 527 611 612
f 527 612 528
f 528 612 529
f 529 612 613
f 529 613 530
f 532 534 533
f 532 533 614
f 532 614 615
f 532 615 616
f 532 616 544
f 533 543 617
f 533 617 618
f 533 618 614
f 535 619 536
f 536 619 620
f 536 620 621
f 536 621 622
f 536 622 623
f 536 623 624
f 536 624 537
f 537 624 625
f 537 625 626
f 537 626 627
f 537 627 628
f 537 628 541
f 537 541 539
f 537 539 538
f 540 629 630
f 540 630 542
f 540 541 628
f 540 628 629
f 542 630 543
f 543 630 617
f 544 616 631
f 544 631 632
f 544 632 633
f 544 633 545
f 545 633 546
f 546 633 547
f 547 633 548
f 548 633 632
f 548 632 634
f 548 634 635
f 548 635 551
f 549 636 637
f 549 637 638
f 549 638 563
f 549 562 550
f 549 551 639
f 549 639 636
f 550 562 552
f 551 635 639
f 553 557 558
f 554 564 555
f 555 564 640
f 555 640 556
f 556 640 641
f 556 641 557
f 557 641 642
f 557 642 643
f 557 643 559
f 557 559 558
f 559 644 645
f 559 645 560
f 559 643 646
f 559 646 644
f 560 645 561
f 561 645 565
f 563 638 647
f 563 647 648
f 563 648 564
f 564 648 640
f 565 645 566
f 566 649 568
f 566 568 567
f 566 645 650
f 566 650 649
f 568 651 652
f 568 652 569
f 568 649 651
f 569 652 570
f 570 653 654
f 570 654 655
f 570 655 571
f 570 652 653
f 571 655 656
f 572 656 657
f 572 657 576
f 572 576 575
f 572 575 573
f 574 657 658
f 574 658 580
f 577 659 578
f 577 580 659
f 578 660 661
f 578 661 581
f 578 581 579
f 578 659 660
f 580 662 659
f 580 658 663
f 580 663 662
f 581 661 664
f 581 664 665
f 581 665 666
f 581 666 582
f 582 666 665
f 582 665 667
f 582 667 583
f 583 667 584
f 584 668 669
f 584 669 670
f 584 670 587
f 584 587 585
f 584 667 665
f 584 665 668
f 585 587 586
f 587 670 671
f 587 671 672
f 587 672 588
f 588 672 673
f 588 673 589
f 589 673 592
f 589 592 590
f 591 595 596
f 592 673 674
f 592 674 593
f 593 674 675
f 593 675 676
f 593 676 594
f 594 596 595
f 594 676 677
f 594 677 678
f 594 678 597
f 597 678 679
f 597 679 598
f 598 679 680
f 598 680 681
f 598 681 682
f 598 682 599
f 599 682 600
f 600 682 601
f 601 682 602
f 602 682 681
f 602 681 683
f 602 683 684
f 602 684 603
f 603 684 685
f 603 685 686
f 603 686 605
f 603 605 604
f 605 687 688
f 605 688 607
f 605 686 687
f 607 689 608
f 607 688 689
f 608 689 609
f 609 690 691
f 609 691 610
f 609 689 690
f 610 691 690
f 610 690 611
f 611 692 693
f 611 693 612
f 611 690 694
f 611 694 692
f 612 693 695
f 612 695 696
f 612 696 697
f 612 697 698
f 612 698 699
f 612 699 613
f 614 618 700
f 614 700 615
f 615 700 616
f 616 700 631
f 617 630 618
f 618 630 701
f 618 701 700
f 620 702 621
f 621 702 622
f 622 703 623
f 622 702 703
f 623 703 624
f 624 703 704
f 624 704 705
f 624 705 626
f 624 626 625
f 626 705 706
f 626 706 707
f 626 707 627
f 627 707 708
f 627 708 709
f 627 709 710
f 627 710 628
f 628 710 711
f 628 711 701
f 628 701 712
f 628 712 713
f 628 713 629
f 629 713 630
f 630 713 712
f 630 712 701
f 631 634 632
f 631 700 714
f 631 714 715
f 631 715 634
f 634 715 828
f 634 828 716
f 634 716 635
f 635 716 639
f 636 717 637
f 636 639 718
f 636 718 717
f 637 717 719
f 637 719 638
f 638 719 647
f 639 716 720
f 639 720 721
f 639 721 722
f 639 722 723
f 639 723 718
f 640 648 641
f 641 648 642
f 642 648 647
f 642 647 724
f 642 724 725
f 642 725 726
f 642 726 727
f 642 727 643
f 643 727 728
f 643 728 646
f 644 729 650
f 644 650 645
f 644 646 730
f 644 730 731
f 644 731 732
f 644 732 733
f 644 733 729
f 646 728 734
f 646 734 735
f 646 735 730
f 647 719 725
f 647 725 724
f 649 736 651
f 649 650 737
f 649 737 733
f 649 733 738
f 649 738 739
f 649 739 736
f 650 729 733
f 650 733 737
f 651 740 741
f 651 741 652
f 651 736 742
f 651 742 743
f 651 743 740
f 652 741 744
f 652 744 745
f 652 745 653
f 653 745 654
f 654 745 744
f 654 744 746
f 654 746 747
f 654 747 748
f 654 748 749
f 654 749 750
f 654 750 751
f 654 751 655
f 655 751 749
f 655 749 752
f 655 752 753
f 655 753 656
f 656 753 754
f 656 754 657
f 657 754 658
f 658 755 663
f 658 754 756
f 658 756 757
f 658 757 755
f 659 662 758
f 659 758 759
f 659 759 760
f 659 760 660
f 660 761 762
f 660 762 763
f 660 763 764
f 660 764 661
f 660 760 761
f 661 764 765
f 661 765 766
f 661 766 767
f 661 767 768
f 661 768 664
f 662 663 758
f 663 769 759
f 663 759 758
f 663 755 770
f 663 770 771
f 663 771 757
f 663 757 772
f 663 772 773
f 663 773 769
f 664 768 767
f 664 767 774
f 664 774 668
f 664 668 665
f 668 774 767
f 668 767 775
f 668 775 776
f 668 776 777
f 668 777 669
f 669 777 778
f 669 778 779
f 669 779 780
f 669 780 670
f 670 780 781
f 670 781 671
f 671 781 782
f 671 782 783
f 671 783 784
f 671 784 675
f 671 675 674
f 671 674 672
f 672 674 673
f 675 784 783
f 675 783 785
f 675 785 676
f 676 785 786
f 676 786 677
f 677 786 787
f 677 787 678
f 678 788 789
f 678 789 790
f 678 790 679
f 678 787 791
f 678 791 792
f 678 792 788
f 679 790 680
f 680 790 892
f 680 892 793
f 680 793 683
f 680 683 681
f 683 793 794
f 683 794 684
f 684 794 795
f 684 795 685
f 685 795 687
f 685 687 686
f 687 795 796
f 687 796 689
f 687 689 688
f 689 797 798
f 689 798 690
f 689 796 797
f 690 799 694
f 690 798 797
f 690 797 796
f 690 796 800
f 690 800 799
f 692 694 801
f 692 801 693
f 693 801 802
f 693 802 803
f 693 803 804
f 693 804 695
f 694 799 805
f 694 805 806
f 694 806 801
f 695 804 696
f 696 804 697
f 697 804 807
f 697 807 808
f 697 808 698
f 700 701 809
f 700 809 810
f 700 810 811
f 700 811 714
f 701 711 809
f 702 812 813
f 702 813 703
f 703 813 814
f 703 814 815
f 703 815 704
f 704 815 816
f 704 816 705
f 705 816 817
f 705 817 818
f 705 818 819
f 705 819 706
f 706 819 707
f 707 819 820
f 707 820 708
f 708 820 709
f 709 820 821
f 709 821 822
f 709 822 823
f 709 823 710
f 710 823 824
f 710 824 711
f 711 824 823
f 711 823 825
f 711 825 826
f 711 826 810
f 711 810 809
f 714 811 826
f 714 826 827
f 714 827 715
f 715 827 828
f 716 829 830
f 716 830 720
f 716 828 829
f 717 831 719
f 717 718 723
f 717 723 722
f 717 722 832
f 717 832 831
f 719 833 725
f 719 831 833
f 720 830 721
f 721 834 835
f 721 835 836
f 721 836 722
f 721 830 837
f 721 837 834
f 722 836 832
f 725 833 838
f 725 838 839
f 725 839 840
f 725 840 841
f 725 841 726
f 726 841 734
f 726 734 728
f 726 728 727
f 730 735 731
f 731 733 732
f 731 735 842
f 731 842 843
f 731 843 844
f 731 844 733
f 733 845 738
f 733 844 846
f 733 846 847
f 733 847 845
f 734 841 842
f 734 842 735
f 736 739 742
f 738 845 739
f 739 845 848
f 739 848 743
f 739 743 742
f 740 849 850
f 740 850 741
f 740 743 849
f 741 850 744
f 743 851 852
f 743 852 849
f 743 848 851
f 744 853 746
f 744 850 854
f 744 854 853
f 746 853 855
f 746 855 856
f 746 856 857
f 746 857 747
f 747 858 748
f 747 857 858
f 748 858 859
f 748 859 875
f 748 875 772
f 748 772 757
f 748 757 749
f 749 757 756
f 749 756 752
f 749 751 750
f 752 756 754
f 752 754 753
f 755 757 771
f 755 771 770
f 759 860 861
f 759 861 862
f 759 862 863
f 759 863 760
f 759 769 860
f 760 863 864
f 760 864 761
f 761 864 762
f 762 865 866
f 762 866 765
f 762 765 763
f 762 864 867
f 762 867 865
f 763 765 764
f 765 866 868
f 765 868 766
f 766 868 767
f 767 868 869
f 767 869 870
f 767 870 871
f 767 871 776
f 767 776 775
f 769 773 872
f 769 872 873
f 769 873 874
f 769 874 860
f 772 875 876
f 772 876 773
f 773 876 872
f 776 871 877
f 776 877 878
f 776 878 778
f 776 778 777
f 778 878 779
f 779 878 879
f 779 879 782
f 779 782 780
f 780 782 781
f 782 879 783
f 783 879 880
f 783 880 881
f 783 881 882
f 783 882 883
f 783 883 785
f 785 883 884
f 785 884 786
f 786 884 885
f 786 885 792
f 786 792 791
f 786 791 787
f 788 792 886
f 788 886 887
f 788 887 888
f 788 888 889
f 788 889 890
f 788 890 789
f 789 890 790
f 790 890 891
f 790 891 892
f 792 885 886
f 793 892 893
f 793 893 794
f 794 893 894
f 794 894 895
f 794 895 795
f 795 896 897
f 795 897 796
f 795 895 896
f 796 897 800
f 799 800 898
f 799 898 899
f 799 899 805
f 800 897 896
f 800 896 894
f 800 894 900
f 800 900 899
f 800 899 898
f 801 901 802
f 801 806 901
f 802 902 803
f 802 901 903
f 802 903 902
f 803 904 804
f 803 902 904
f 804 904 905
f 804 905 807
f 805 906 907
f 805 907 806
f 805 899 908
f 805 908 909
f 805 909 906
f 806 907 906
f 806 906 910
f 806 910 901
f 807 911 808
f 807 905 911
f 810 826 811
f 812 912 814
f 812 814 813
f 814 912 913
f 814 913 914
f 814 914 815
f 815 914 915
f 815 915 816
f 816 915 916
f 816 916 817
f 817 916 917
f 817 917 818
f 818 917 819
f 819 917 918
f 819 918 919
f 819 919 820
f 820 920 921
f 820 921 922
f 820 922 923
f 820 923 924
f 820 924 822
f 820 822 821
f 820 919 920
f 822 924 823
f 823 924 925
f 823 925 926
f 823 926 927
f 823 927 825
f 825 927 826
f 826 927 926
f 826 926 827
f 827 928 828
f 827 926 928
f 828 928 929
f 828 929 829
f 829 930 931
f 829 931 830
f 829 929 930
f 830 931 932
f 830 932 837
f 831 933 833
f 831 832 933
f 832 836 835
f 832 835 934
f 832 934 834
f 832 834 935
f 832 935 936
f 832 936 937
f 832 937 933
f 833 933 838
f 834 938 939
f 834 939 940
f 834 940 935
f 834 934 835
f 834 837 938
f 837 932 938
f 838 933 937
f 838 937 839
f 839 941 840
f 839 937 936
f 839 936 942
f 839 942 943
f 839 943 941
f 840 941 843
f 840 843 841
f 841 843 842
f 843 944 844
f 843 941 944
f 844 944 847
f 844 847 846
f 845 945 848
f 845 847 946
f 845 946 947
f 845 947 945
f 847 944 948
f 847 948 946
f 848 945 947
f 848 947 949
f 848 949 851
f 849 852 850
f 850 852 854
f 851 950 951
f 851 951 852
f 851 949 952
f 851 952 950
f 852 951 953
f 852 953 954
f 852 954 854
f 853 854 954
f 853 954 855
f 855 954 856
f 856 955 956
f 856 956 857
f 856 954 953
f 856 953 955
f 857 956 957
f 857 957 858
f 858 957 859
f 859 958 972
f 859 972 875
f 859 957 958
f 860 874 861
f 861 874 873
f 861 873 959
f 861 959 867
f 861 867 862
f 862 867 863
f 863 867 864
f 865 960 961
f 865 961 962
f 865 962 866
f 865 867 963
f 865 963 960
f 866 962 964
f 866 964 965
f 866 965 868
f 867 959 963
f 868 965 964
f 868 964 966
f 868 966 869
f 869 967 871
f 869 871 870
f 869 966 968
f 869 968 967
f 871 967 877
f 872 876 969
f 872 969 970
f 872 970 873
f 873 971 959
f 873 970 971
f 875 972 969
f 875 969 876
f 877 967 973
f 877 973 880
f 877 880 879
f 877 879 878
f 880 973 881
f 881 974 975
f 881 975 976
f 881 976 977
f 881 977 882
f 881 973 974
f 882 978 883
f 882 977 978
f 883 978 884
f 884 978 885
f 885 977 976
f 885 976 979
f 885 979 888
f 885 888 887
f 885 887 886
f 885 978 977
f 888 980 981
f 888 981 982
f 888 982 889
f 888 979 980
f 889 983 890
f 889 982 983
f 890 983 984
f 890 984 891
f 891 984 985
f 891 985 986
f 891 986 892
f 892 986 987
f 892 987 893
f 893 987 988
f 893 988 894
f 894 988 989
f 894 989 900
f 894 896 895
f 899 900 989
f 899 989 988
f 899 988 990
f 899 990 991
f 899 991 992
f 899 992 993
f 899 993 908
f 901 910 994
f 901 994 903
f 902 903 995
f 902 995 996
f 902 996 904
f 903 994 997
f 903 997 995
f 904 996 998
f 904 998 905
f 905 998 999
f 905 999 1000
f 905 1000 1001
f 905 1001 911
f 906 909 908
f 906 908 993
f 906 993 1002
f 906 1002 1003
f 906 1003 1004
f 906 1004 1005
f 906 1005 1006
f 906 1006 910
f 910 997 994
f 910 1006 1007
f 910 1007 997
f 912 1008 1009
f 912 1009 913
f 913 1010 1011
f 913 1011 914
f 913 1009 1012
f 913 1012 1010
f 914 1011 1013
f 914 1013 1014
f 914 1014 915
f 915 1014 916
f 916 1014 917
f 917 1015 1016
f 917 1016 1017
f 917 1017 1018
f 917 1018 918
f 917 1014 1015
f 918 1017 1019
f 918 1019 1020
f 918 1020 1021
f 918 1021 923
f 918 923 922
f 918 922 921
f 918 921 920
f 918 920 919
f 918 1018 1017
f 923 1021 1124
f 923 1124 1022
f 923 1022 925
f 923 925 924
f 925 1022 1023
f 925 1023 1024
f 925 1024 926
f 926 1024 928
f 928 1025 929
f 928 1024 1025
f 929 1025 1026
f 929 1026 930
f 930 1027 931
f 930 1026 1027
f 931 1028 1029
f 931 1029 932
f 931 1027 1028
f 932 1029 1034
f 932 1034 938
f 935 1030 1031
f 935 1031 936
f 935 940 1030
f 936 1032 1033
f 936 1033 942
f 936 1031 1032
f 938 1034 1035
f 938 1035 939
f 939 1035 1036
f 939 1036 1037
f 939 1037 1030
f 939 1030 940
f 941 943 1038
f 941 1038 948
f 941 948 944
f 942 1033 1039
f 942 1039 943
f 943 1039 1040
f 943 1040 1041
f 943 1041 1042
f 943 1042 1043
f 943 1043 1038
f 946 948 1044
f 946 1044 1038
f 946 1038 1045
f 946 1045 1046
f 946 1046 947
f 947 1046 1047
f 947 1047 1048
f 947 1048 952
f 947 952 949
f 948 1038 1044
f 950 1049 951
f 950 952 1049
f 951 1050 953
f 951 1049 1050
f 952 1048 1051
f 952 1051 1052
f 952 1052 1049
f 953 1050 1053
f 953 1053 955
f 955 1054 1055
f 955 1055 1056
f 955 1056 956
f 955 1053 1156
f 955 1156 1054
f 956 1056 1057
f 956 1057 957
f 957 1057 958
f 958 1057 1056
f 958 1056 1058
f 958 1058 1074
f 958 1074 972
f 959 1059 1060
f 959 1060 1061
f 959 1061 963
f 959 971 1059
f 960 1060 961
f 960 963 1060
f 961 1062 1063
f 961 1063 1064
f 961 1064 964
f 961 964 962
f 961 1060 1062
f 963 1061 1060
f 964 1065 1066
f 964 1066 966
f 964 1064 1065
f 966 1066 1067
f 966 1067 1068
f 966 1068 1069
f 966 1069 968
f 967 968 973
f 968 1069 1068
f 968 1068 973
f 969 972 1070
f 969 1070 970
f 970 1070 1071
f 970 1071 971
f 971 1072 1160
f 971 1160 1059
f 971 1071 1073
f 971 1073 1072
f 972 1074 1071
f 972 1071 1070
f 973 1068 974
f 974 1068 1075
f 974 1075 1076
f 974 1076 1077
f 974 1077 1078
f 974 1078 1079
f 974 1079 975
f 975 1079 1080
f 975 1080 976
f 976 1080 1081
f 976 1081 1082
f 976 1082 979
f 979 1082 1083
f 979 1083 980
f 980 1083 981
f 981 1084 982
f 981 1083 1085
f 981 1085 1086
f 981 1086 1087
f 981 1087 1084
f 982 1084 1088
f 982 1088 1089
f 982 1089 983
f 983 1089 984
f 984 1090 985
f 984 1089 1090
f 985 1090 1091
f 985 1091 1092
f 985 1092 1093
f 985 1093 986
f 986 1093 987
f 987 1093 1094
f 987 1094 990
f 987 990 988
f 990 1094 1095
f 990 1095 1096
f 990 1096 991
f 991 1096 1097
f 991 1097 992
f 992 1097 993
f 993 1097 1002
f 995 997 1098
f 995 1098 996
f 996 1098 998
f 997 1099 1100
f 997 1100 1101
f 997 1101 1102
f 997 1102 1098
f 997 1007 1099
f 998 1098 1103
f 998 1103 1104
f 998 1104 999
f 999 1104 1105
f 999 1105 1106
f 999 1106 1107
f 999 1107 1108
f 999 1108 1000
f 1000 1108 1109
f 1000 1109 1001
f 1002 1110 1007
f 1002 1007 1003
f 1002 1097 1192
f 1002 1192 1110
f 1003 1007 1004
f 1004 1007 1005
f 1005 1007 1006
f 1007 1110 1111
f 1007 1111 1112
f 1007 1112 1100
f 1007 1100 1099
f 1008 1113 1009
f 1009 1113 1012
f 1010 1012 1113
f 1010 1113 1114
f 1010 1114 1011
f 1011 1115 1116
f 1011 1116 1013
f 1011 1114 1117
f 1011 1117 1115
f 1013 1116 1118
f 1013 1118 1119
f 1013 1119 1014
f 1014 1119 1015
f 1015 1119 1120
f 1015 1120 1016
f 1016 1120 1121
f 1016 1121 1017
f 1017 1121 1122
f 1017 1122 1123
f 1017 1123 1019
f 1019 1123 1020
f 1020 1123 1021
f 1021 1123 1124
f 1022 1124 1125
f 1022 1125 1023
f 1023 1125 1126
f 1023 1126 1024
f 1024 1126 1025
f 1025 1127 1128
f 1025 1128 1026
f 1025 1126 1125
f 1025 1125 1127
f 1026 1128 1027
f 1027 1129 1130
f 1027 1130 1028
f 1027 1128 1129
f 1028 1130 1131
f 1028 1131 1029
f 1029 1131 1034
f 1030 1037 1132
f 1030 1132 1031
f 1031 1132 1133
f 1031 1133 1134
f 1031 1134 1032
f 1032 1134 1039
f 1032 1039 1033
f 1034 1135 1136
f 1034 1136 1035
f 1034 1131 1135
f 1035 1136 1137
f 1035 1137 1138
f 1035 1138 1036
f 1036 1138 1139
f 1036 1139 1140
f 1036 1140 1141
f 1036 1141 1142
f 1036 1142 1143
f 1036 1143 1134
f 1036 1134 1133
f 1036 1133 1037
f 1037 1133 1132
f 1038 1144 1045
f 1038 1043 1145
f 1038 1145 1146
f 1038 1146 1144
f 1039 1134 1040
f 1040 1134 1147
f 1040 1147 1041
f 1041 1148 1042
f 1041 1147 1148
f 1042 1149 1146
f 1042 1146 1145
f 1042 1145 1043
f 1042 1148 1149
f 1045 1144 1150
f 1045 1150 1046
f 1046 1151 1047
f 1046 1150 1151
f 1047 1151 1152
f 1047 1152 1051
f 1047 1051 1048
f 1049 1153 1154
f 1049 1154 1053
f 1049 1053 1050
f 1049 1052 1153
f 1051 1152 1052
f 1052 1152 1155
f 1052 1155 1153
f 1053 1154 1156
f 1054 1157 1055
f 1054 1156 1157
f 1055 1158 1056
f 1055 1157 1158
f 1056 1158 1058
f 1058 1159 1171
f 1058 1171 1074
f 1058 1158 1159
f 1059 1160 1060
f 1060 1161 1062
f 1060 1160 1161
f 1062 1162 1163
f 1062 1163 1063
f 1062 1161 1162
f 1063 1163 1065
f 1063 1065 1064
f 1065 1164 1066
f 1065 1163 1164
f 1066 1164 1165
f 1066 1165 1067
f 1067 1165 1166
f 1067 1166 1068
f 1068 1166 1167
f 1068 1167 1168
f 1068 1168 1075
f 1071 1074 1169
f 1071 1169 1073
f 1072 1170 1160
f 1072 1073 1170
f 1073 1169 1170
f 1074 1171 1169
f 1075 1168 1076
f 1076 1168 1167
f 1076 1167 1172
f 1076 1172 1173
f 1076 1173 1077
f 1077 1173 1174
f 1077 1174 1078
f 1078 1174 1175
f 1078 1175 1079
f 1079 1175 1081
f 1079 1081 1080
f 1081 1175 1082
f 1082 1176 1177
f 1082 1177 1083
f 1082 1175 1176
f 1083 1177 1085
f 1084 1178 1179
f 1084 1179 1088
f 1084 1087 1180
f 1084 1180 1178
f 1085 1177 1176
f 1085 1176 1087
f 1085 1087 1086
f 1087 1181 1180
f 1087 1176 1175
f 1087 1175 1182
f 1087 1182 1183
f 1087 1183 1184
f 1087 1184 1181
f 1088 1179 1185
f 1088 1185 1186
f 1088 1186 1089
f 1089 1186 1090
f 1090 1187 1091
f 1090 1186 1188
f 1090 1188 1187
f 1091 1187 1092
f 1092 1189 1190
f 1092 1190 1094
f 1092 1094 1093
f 1092 1187 1189
f 1094 1190 1095
f 1095 1191 1096
f 1095 1190 1191
f 1096 1191 1097
f 1097 1191 1192
f 1098 1102 1193
f 1098 1193 1103
f 1100 1194 1101
f 1100 1112 1195
f 1100 1195 1194
f 1101 1194 1196
f 1101 1196 1102
f 1102 1196 1193
f 1103 1193 1197
f 1103 1197 1198
f 1103 1198 1104
f 1104 1198 1199
f 1104 1199 1200
f 1104 1200 1201
f 1104 1201 1105
f 1105 1201 1202
f 1105 1202 1106
f 1106 1202 1203
f 1106 1203 1107
f 1107 1203 1108
f 1110 1192 1112
f 1110 1112 1111
f 1112 1204 1205
f 1112 1205 1195
f 1112 1192 1206
f 1112 1206 1207
f 1112 1207 1208
f 1112 1208 1204
f 1113 1209 1114
f 1114 1209 1117
f 1115 1210 1211
f 1115 1211 1116
f 1115 1117 1210
f 1116 1211 1212
f 1116 1212 1118
f 1117 1209 1213
f 1117 1213 1214
f 1117 1214 1210
f 1118 1212 1120
f 1118 1120 1119
f 1120 1215 1216
f 1120 1216 1217
f 1120 1217 1218
f 1120 1218 1219
f 1120 1219 1121
f 1120 1212 1220
f 1120 1220 1215
f 1121 1219 1122
f 1122 1219 1123
f 1123 1219 1221
f 1123 1221 1222
f 1123 1222 1223
f 1123 1223 1124
f 1124 1223 1125
f 1125 1223 1127
f 1127 1224 1225
f 1127 1225 1128
f 1127 1223 1224
f 1128 1225 1129
f 1129 1226 1227
f 1129 1227 1130
f 1129 1225 1228
f 1129 1228 1226
f 1130 1227 1229
f 1130 1229 1131
f 1131 1229 1135
f 1134 1230 1147
f 1134 1143 1230
f 1135 1231 1232
f 1135 1232 1136
f 1135 1229 1231
f 1136 1232 1233
f 1136 1233 1137
f 1137 1233 1234
f 1137 1234 1139
f 1137 1139 1138
f 1139 1234 1235
f 1139 1235 1141
f 1139 1141 1140
f 1141 1236 1237
f 1141 1237 1238
f 1141 1238 1239
f 1141 1239 1147
f 1141 1147 1142
f 1141 1235 1240
f 1141 1240 1236
f 1142 1147 1230
f 1142 1230 1143
f 1144 1241 1150
f 1144 1146 1241
f 1146 1149 1242
f 1146 1242 1241
f 1147 1239 1148
f 1148 1243 1149
f 1148 1239 1238
f 1148 1238 1243
f 1149 1243 1244
f 1149 1244 1245
f 1149 1245 1242
f 1150 1241 1246
f 1150 1246 1247
f 1150 1247 1151
f 1151 1248 1152
f 1151 1247 1248
f 1152 1248 1249
f 1152 1249 1155
f 1153 1250 1156
f 1153 1156 1154
f 1153 1155 1251
f 1153 1251 1250
f 1155 1252 1253
f 1155 1253 1254
f 1155 1254 1251
f 1155 1249 1255
f 1155 1255 1252
f 1156 1250 1256
f 1156 1256 1257
f 1156 1257 1157
f 1157 1257 1258
f 1157 1258 1158
f 1158 1258 1159
f 1159 1258 1259
f 1159 1259 1260
f 1159 1260 1275
f 1159 1275 1171
f 1160 1261 1161
f 1160 1170 1262
f 1160 1262 1261
f 1161 1261 1263
f 1161 1263 1162
f 1162 1263 1264
f 1162 1264 1265
f 1162 1265 1266
f 1162 1266 1267
f 1162 1267 1268
f 1162 1268 1163
f 1163 1268 1269
f 1163 1269 1164
f 1164 1270 1165
f 1164 1269 1270
f 1165 1271 1272
f 1165 1272 1166
f 1165 1270 1271
f 1166 1272 1167
f 1167 1272 1273
f 1167 1273 1172
f 1169 1274 1262
f 1169 1262 1170
f 1169 1171 1274
f 1171 1275 1276
f 1171 1276 1274
f 1172 1273 1277
f 1172 1277 1278
f 1172 1278 1279
f 1172 1279 1173
f 1173 1279 1280
f 1173 1280 1281
f 1173 1281 1174
f 1174 1281 1282
f 1174 1282 1183
f 1174 1183 1283
f 1174 1283 1175
f 1175 1283 1182
f 1178 1180 1181
f 1178 1181 1284
f 1178 1284 1285
f 1178 1285 1179
f 1179 1285 1286
f 1179 1286 1287
f 1179 1287 1185
f 1181 1184 1282
f 1181 1282 1284
f 1182 1283 1183
f 1183 1282 1184
f 1185 1287 1288
f 1185 1288 1289
f 1185 1289 1186
f 1186 1289 1188
f 1187 1188 1290
f 1187 1290 1291
f 1187 1291 1292
f 1187 1292 1189
f 1188 1289 1290
f 1189 1292 1293
f 1189 1293 1190
f 1190 1293 1206
f 1190 1206 1191
f 1191 1206 1192
f 1193 1196 1197
f 1194 1195 1294
f 1194 1294 1196
f 1195 1205 1204
f 1195 1204 1294
f 1196 1294 1295
f 1196 1295 1296
f 1196 1296 1297
f 1196 1297 1298
f 1196 1298 1197
f 1197 1298 1198
f 1198 1299 1199
f 1198 1298 1300
f 1198 1300 1299
f 1199 1299 1200
f 1200 1299 1301
f 1200 1301 1302
f 1200 1302 1303
f 1200 1303 1304
f 1200 1304 1305
f 1200 1305 1201
f 1201 1305 1202
f 1204 1208 1306
f 1204 1306 1307
f 1204 1307 1294
f 1206 1308 1207
f 1206 1293 1308
f 1207 1308 1309
f 1207 1309 1208
f 1208 1309 1306
f 1210 1310 1311
f 1210 1311 1211
f 1210 1214 1310
f 1211 1311 1312
f 1211 1312 1313
f 1211 1313 1314
f 1211 1314 1315
f 1211 1315 1212
f 1212 1315 1215
f 1212 1215 1220
f 1213 1316 1317
f 1213 1317 1214
f 1214 1317 1310
f 1215 1315 1318
f 1215 1318 1216
f 1216 1319 1320
f 1216 1320 1321
f 1216 1321 1322
f 1216 1322 1217
f 1216 1318 1319
f 1217 1321 1323
f 1217 1323 1324
f 1217 1324 1325
f 1217 1325 1326
f 1217 1326 1218
f 1217 1322 1321
f 1218 1326 1219
f 1219 1326 1325
f 1219 1325 1327
f 1219 1327 1328
f 1219 1328 1222
f 1219 1222 1221
f 1222 1328 1223
f 1223 1328 1224
f 1224 1329 1228
f 1224 1228 1225
f 1224 1328 1329
f 1226 1330 1331
f 1226 1331 1332
f 1226 1332 1227
f 1226 1228 1333
f 1226 1333 1330
f 1227 1332 1229
f 1228 1329 1333
f 1229 1332 1231
f 1231 1332 1334
f 1231 1334 1232
f 1232 1334 1335
f 1232 1335 1336
f 1232 1336 1233
f 1233 1336 1234
f 1234 1336 1337
f 1234 1337 1240
f 1234 1240 1235
f 1236 1338 1237
f 1236 1240 1339
f 1236 1339 1340
f 1236 1340 1338
f 1237 1338 1341
f 1237 1341 1238
f 1238 1341 1342
f 1238 1342 1244
f 1238 1244 1243
f 1240 1343 1344
f 1240 1344 1340
f 1240 1340 1339
f 1240 1337 1345
f 1240 1345 1343
f 1241 1242 1246
f 1242 1346 1347
f 1242 1347 1246
f 1242 1245 1348
f 1242 1348 1346
f 1244 1342 1349
f 1244 1349 1245
f 1245 1349 1348
f 1246 1347 1350
f 1246 1350 1351
f 1246 1351 1352
f 1246 1352 1353
f 1246 1353 1247
f 1247 1353 1249
f 1247 1249 1248
f 1249 1353 1354
f 1249 1354 1355
f 1249 1355 1255
f 1250 1251 1256
f 1251 1254 1356
f 1251 1356 1357
f 1251 1357 1256
f 1252 1255 1253
f 1253 1255 1358
f 1253 1358 1359
f 1253 1359 1360
f 1253 1360 1254
f 1254 1360 1356
f 1255 1355 1358
f 1256 1357 1361
f 1256 1361 1259
f 1256 1259 1257
f 1257 1259 1258
f 1259 1362 1363
f 1259 1363 1260
f 1259 1361 1362
f 1260 1363 1364
f 1260 1364 1380
f 1260 1380 1275
f 1261 1365 1366
f 1261 1366 1263
f 1261 1262 1276
f 1261 1276 1365
f 1262 1274 1276
f 1263 1366 1264
f 1264 1366 1367
f 1264 1367 1368
f 1264 1368 1265
f 1265 1369 1370
f 1265 1370 1267
f 1265 1267 1266
f 1265 1368 1369
f 1267 1370 1371
f 1267 1371 1268
f 1268 1372 1373
f 1268 1373 1270
f 1268 1270 1269
f 1268 1371 1372
f 1270 1373 1271
f 1271 1374 1375
f 1271 1375 1376
f 1271 1376 1377
f 1271 1377 1273
f 1271 1273 1272
f 1271 1373 1374
f 1273 1378 1277
f 1273 1377 1379
f 1273 1379 1378
f 1275 1380 1381
f 1275 1381 1276
f 1276 1381 1382
f 1276 1382 1365
f 1277 1378 1278
f 1278 1383 1384
f 1278 1384 1280
f 1278 1280 1279
f 1278 1378 1383
f 1280 1385 1386
f 1280 1386 1282
f 1280 1282 1281
f 1280 1384 1385
f 1282 1386 1387
f 1282 1387 1388
f 1282 1388 1284
f 1284 1388 1285
f 1285 1388 1389
f 1285 1389 1286
f 1286 1389 1390
f 1286 1390 1287
f 1287 1391 1288
f 1287 1390 1392
f 1287 1392 1391
f 1288 1393 1289
f 1288 1391 1393
f 1289 1393 1290
f 1290 1393 1291
f 1291 1393 1394
f 1291 1394 1395
f 1291 1395 1292
f 1292 1395 1396
f 1292 1396 1293
f 1293 1396 1308
f 1294 1307 1295
f 1295 1307 1306
f 1295 1306 1397
f 1295 1397 1398
f 1295 1398 1399
f 1295 1399 1400
f 1295 1400 1296
f 1296 1401 1402
f 1296 1402 1298
f 1296 1298 1297
f 1296 1400 1403
f 1296 1403 1401
f 1298 1402 1299
f 1298 1299 1300
f 1299 1402 1404
f 1299 1404 1405
f 1299 1405 1406
f 1299 1406 1301
f 1301 1406 1407
f 1301 1407 1302
f 1302 1408 1303
f 1302 1407 1408
f 1303 1408 1409
f 1306 1309 1410
f 1306 1410 1397
f 1308 1396 1411
f 1308 1411 1309
f 1309 1411 1410
f 1310 1317 1412
f 1310 1412 1413
f 1310 1413 1414
f 1310 1414 1415
f 1310 1415 1416
f 1310 1416 1417
f 1310 1417 1311
f 1311 1417 1313
f 1311 1313 1312
f 1313 1318 1314
f 1313 1417 1418
f 1313 1418 1318
f 1314 1318 1315
f 1316 1419 1317
f 1317 1419 1412
f 1318 1418 1319
f 1319 1418 1420
f 1319 1420 1421
f 1319 1421 1422
f 1319 1422 1320
f 1320 1422 1423
f 1320 1423 1321
f 1321 1423 1323
f 1323 1423 1424
f 1323 1424 1425
f 1323 1425 1324
f 1324 1425 1426
f 1324 1426 1325
f 1325 1426 1327
f 1327 1426 1427
f 1327 1427 1328
f 1328 1427 1329
f 1329 1427 1428
f 1329 1428 1333
f 1330 1333 1429
f 1330 1429 1430
f 1330 1430 1331
f 1331 1430 1431
f 1331 1431 1332
f 1332 1431 1432
f 1332 1432 1334
f 1333 1428 1429
f 1334 1432 1433
f 1334 1433 1434
f 1334 1434 1335
f 1335 1434 1435
f 1335 1435 1436
f 1335 1436 1336
f 1336 1436 1345
f 1336 1345 1337
f 1338 1437 1438
f 1338 1438 1341
f 1338 1340 1437
f 1340 1439 1440
f 1340 1440 1437
f 1340 1344 1439
f 1341 1438 1437
f 1341 1437 1441
f 1341 1441 1442
f 1341 1442 1349
f 1341 1349 1342
f 1343 1443 1344
f 1343 1345 1444
f 1343 1444 1443
f 1344 1443 1439
f 1345 1436 1444
f 1346 1350 1347
f 1346 1348 1350
f 1348 1349 1445
f 1348 1445 1351
f 1348 1351 1350
f 1349 1446 1445
f 1349 1442 1446
f 1351 1447 1448
f 1351 1448 1449
f 1351 1449 1450
f 1351 1450 1352
f 1351 1445 1451
f 1351 1451 1447
f 1352 1450 1353
f 1353 1450 1449
f 1353 1449 1354
f 1354 1449 1452
f 1354 1452 1453
f 1354 1453 1355
f 1355 1453 1358
f 1356 1360 1454
f 1356 1454 1455
f 1356 1455 1357
f 1357 1455 1361
f 1358 1456 1359
f 1358 1453 1456
f 1359 1456 1457
f 1359 1457 1458
f 1359 1458 1459
f 1359 1459 1360
f 1360 1459 1460
f 1360 1460 1461
f 1360 1461 1454
f 1361 1455 1462
f 1361 1462 1362
f 1362 1463 1363
f 1362 1462 1463
f 1363 1464 1364
f 1363 1463 1464
f 1364 1464 1483
f 1364 1483 1380
f 1365 1465 1466
f 1365 1466 1366
f 1365 1382 1465
f 1366 1466 1467
f 1366 1467 1367
f 1367 1467 1368
f 1368 1467 1468
f 1368 1468 1469
f 1368 1469 1470
f 1368 1470 1471
f 1368 1471 1369
f 1369 1472 1473
f 1369 1473 1474
f 1369 1474 1370
f 1369 1471 1472
f 1370 1474 1475
f 1370 1475 1371
f 1371 1475 1372
f 1372 1475 1476
f 1372 1476 1477
f 1372 1477 1373
f 1373 1477 1478
f 1373 1478 1374
f 1374 1478 1375
f 1375 1478 1477
f 1375 1477 1479
f 1375 1479 1480
f 1375 1480 1481
f 1375 1481 1482
f 1375 1482 1378
f 1375 1378 1376
f 1376 1379 1377
f 1376 1378 1379
f 1378 1482 1383
f 1380 1483 1381
f 1381 1484 1382
f 1381 1483 1484
f 1382 1484 1465
f 1383 1485 1385
f 1383 1385 1384
f 1383 1482 1486
f 1383 1486 1485
f 1385 1487 1488
f 1385 1488 1489
f 1385 1489 1490
f 1385 1490 1386
f 1385 1485 1487
f 1386 1490 1387
f 1387 1490 1491
f 1387 1491 1492
f 1387 1492 1388
f 1388 1492 1491
f 1388 1491 1493
f 1388 1493 1494
f 1388 1494 1495
f 1388 1495 1389
f 1389 1495 1390
f 1390 1495 1496
f 1390 1496 1497
f 1390 1497 1392
f 1391 1498 1499
f 1391 1499 1393
f 1391 1392 1497
f 1391 1497 1500
f 1391 1500 1498
f 1393 1499 1501
f 1393 1501 1394
f 1394 1502 1395
f 1394 1501 1503
f 1394 1503 1502
f 1395 1504 1396
f 1395 1502 1505
f 1395 1505 1504
f 1396 1504 1411
f 1397 1410 1506
f 1397 1506 1398
f 1398 1506 1507
f 1398 1507 1508
f 1398 1508 1399
f 1399 1509 1400
f 1399 1508 1509
f 1400 1509 1403
f 1401 1510 1404
f 1401 1404 1402
f 1401 1403 1509
f 1401 1509 1511
f 1401 1511 1512
f 1401 1512 1510
f 1404 1510 1405
f 1405 1510 1406
f 1406 1510 1513
f 1406 1513 1407
f 1407 1514 1408
f 1407 1513 1515
f 1407 1515 1516
f 1407 1516 1517
f 1407 1517 1518
f 1407 1518 1514
f 1408 1514 1519
f 1408 1519 1520
f 1408 1520 1409
f 1410 1411 1521
f 1410 1521 1506
f 1411 1504 1521
f 1412 1419 1522
f 1412 1522 1413
f 1413 1523 1414
f 1413 1522 1523
f 1414 1523 1524
f 1414 1524 1525
f 1414 1525 1526
f 1414 1526 1416
f 1414 1416 1415
f 1416 1526 1527
f 1416 1527 1528
f 1416 1528 1529
f 1416 1529 1418
f 1416 1418 1417
f 1418 1529 1420
f 1419 1530 1522
f 1420 1528 1531
f 1420 1531 1532
f 1420 1532 1421
f 1420 1529 1528
f 1421 1532 1422
f 1422 1532 1533
f 1422 1533 1423
f 1423 1533 1424
f 1424 1533 1534
f 1424 1534 1425
f 1425 1534 1535
f 1425 1535 1536
f 1425 1536 1537
f 1425 1537 1426
f 1426 1537 1428
f 1426 1428 1427
f 1428 1536 1429
f 1428 1537 1536
f 1429 1538 1539
f 1429 1539 1430
f 1429 1536 1538
f 1430 1540 1541
f 1430 1541 1431
f 1430 1539 1540
f 1431 1541 1542
f 1431 1542 1432
f 1432 1542 1433
f 1433 1542 1543
f 1433 1543 1544
f 1433 1544 1545
f 1433 1545 1546
f 1433 1546 1434
f 1434 1546 1547
f 1434 1547 1548
f 1434 1548 1435
f 1435 1548 1436
f 1436 1548 1444
f 1437 1440 1549
f 1437 1549 1550
f 1437 1550 1551
f 1437 1551 1441
f 1439 1552 1440
f 1439 1443 1553
f 1439 1553 1552
f 1440 1552 1549
f 1441 1551 1554
f 1441 1554 1451
f 1441 1451 1446
f 1441 1446 1442
f 1443 1444 1555
f 1443 1555 1553
f 1444 1548 1555
f 1445 1446 1451
f 1447 1556 1448
f 1447 1451 1557
f 1447 1557 1558
f 1447 1558 1556
f 1448 1556 1449
f 1449 1559 1560
f 1449 1560 1452
f 1449 1556 1559
f 1451 1554 1561
f 1451 1561 1557
f 1452 1560 1453
f 1453 1560 1562
f 1453 1562 1563
f 1453 1563 1456
f 1454 1461 1455
f 1455 1461 1462
f 1456 1563 1564
f 1456 1564 1457
f 1457 1564 1565
f 1457 1565 1566
f 1457 1566 1458
f 1458 1566 1459
f 1459 1567 1568
f 1459 1568 1569
f 1459 1569 1570
f 1459 1570 1460
f 1459 1566 1567
f 1460 1570 1461
f 1461 1570 1571
f 1461 1571 1462
f 1462 1571 1572
f 1462 1572 1463
f 1463 1573 1680
f 1463 1680 1574
f 1463 1574 1464
f 1463 1572 1573
f 1464 1574 1593
f 1464 1593 1483
f 1465 1484 1575
f 1465 1575 1576
f 1465 1576 1468
f 1465 1468 1466
f 1466 1468 1467
f 1468 1576 1470
f 1468 1470 1469
f 1470 1576 1575
f 1470 1575 1577
f 1470 1577 1578
f 1470 1578 1579
f 1470 1579 1471
f 1471 1579 1578
f 1471 1578 1580
f 1471 1580 1581
f 1471 1581 1472
f 1472 1581 1473
f 1473 1582 1474
f 1473 1581 1583
f 1473 1583 1582
f 1474 1582 1584
f 1474 1584 1475
f 1475 1584 1585
f 1475 1585 1586
f 1475 1586 1476
f 1476 1586 1477
f 1477 1587 1479
f 1477 1586 1588
f 1477 1588 1587
f 1479 1587 1480
f 1480 1587 1589
f 1480 1589 1590
f 1480 1590 1481
f 1481 1590 1591
f 1481 1591 1592
f 1481 1592 1487
f 1481 1487 1486
f 1481 1486 1482
f 1483 1593 1484
f 1484 1594 1575
f 1484 1593 1702
f 1484 1702 1594
f 1485 1486 1487
f 1487 1595 1488
f 1487 1592 1595
f 1488 1596 1597
f 1488 1597 1491
f 1488 1491 1490
f 1488 1490 1489
f 1488 1595 1598
f 1488 1598 1596
f 1491 1597 1599
f 1491 1599 1493
f 1493 1599 1600
f 1493 1600 1601
f 1493 1601 1494
f 1494 1601 1602
f 1494 1602 1495
f 1495 1602 1496
f 1496 1602 1603
f 1496 1603 1497
f 1497 1603 1500
f 1498 1604 1605
f 1498 1605 1606
f 1498 1606 1499
f 1498 1500 1607
f 1498 1607 1608
f 1498 1608 1604
f 1499 1606 1501
f 1500 1603 1609
f 1500 1609 1610
f 1500 1610 1607
f 1501 1606 1611
f 1501 1611 1503
f 1502 1503 1505
f 1503 1611 1612
f 1503 1612 1613
f 1503 1613 1505
f 1504 1505 1614
f 1504 1614 1521
f 1505 1613 1615
f 1505 1615 1614
f 1506 1616 1507
f 1506 1521 1614
f 1506 1614 1617
f 1506 1617 1616
f 1507 1616 1508
f 1508 1618 1509
f 1508 1616 1618
f 1509 1618 1511
f 1510 1512 1513
f 1511 1618 1619
f 1511 1619 1620
f 1511 1620 1512
f 1512 1620 1621
f 1512 1621 1515
f 1512 1515 1513
f 1514 1518 1622
f 1514 1622 1519
f 1515 1623 1517
f 1515 1517 1516
f 1515 1621 1624
f 1515 1624 1625
f 1515 1625 1623
f 1517 1626 1518
f 1517 1623 1627
f 1517 1627 1628
f 1517 1628 1626
f 1518 1626 1622
f 1519 1622 1629
f 1522 1530 1523
f 1523 1530 1630
f 1523 1630 1524
f 1524 1631 1632
f 1524 1632 1525
f 1524 1630 1631
f 1525 1632 1633
f 1525 1633 1526
f 1526 1633 1527
f 1527 1633 1634
f 1527 1634 1635
f 1527 1635 1528
f 1528 1635 1636
f 1528 1636 1637
f 1528 1637 1531
f 1530 1638 1630
f 1531 1637 1532
f 1532 1637 1639
f 1532 1639 1533
f 1533 1639 1640
f 1533 1640 1641
f 1533 1641 1642
f 1533 1642 1534
f 1534 1642 1535
f 1535 1642 1536
f 1536 1642 1538
f 1538 1642 1540
f 1538 1540 1539
f 1540 1642 1643
f 1540 1643 1644
f 1540 1644 1645
f 1540 1645 1646
f 1540 1646 1647
f 1540 1647 1648
f 1540 1648 1541
f 1541 1648 1542
f 1542 1648 1543
f 1543 1648 1649
f 1543 1649 1544
f 1544 1649 1650
f 1544 1650 1545
f 1545 1650 1651
f 1545 1651 1546
f 1546 1651 1547
f 1547 1651 1652
f 1547 1652 1653
f 1547 1653 1548
f 1548 1653 1555
f 1549 1552 1654
f 1549 1654 1550
f 1550 1654 1655
f 1550 1655 1656
f 1550 1656 1657
f 1550 1657 1658
f 1550 1658 1561
f 1550 1561 1554
f 1550 1554 1551
f 1552 1553 1654
f 1553 1555 1659
f 1553 1659 1654
f 1555 1653 1659
f 1556 1660 1661
f 1556 1661 1559
f 1556 1558 1660
f 1557 1561 1662
f 1557 1662 1663
f 1557 1663 1664
f 1557 1664 1665
f 1557 1665 1666
f 1557 1666 1558
f 1558 1666 1660
f 1559 1667 1668
f 1559 1668 1560
f 1559 1661 1667
f 1560 1668 1562
f 1561 1658 1657
f 1561 1657 1662
f 1562 1668 1564
f 1562 1564 1563
f 1564 1669 1565
f 1564 1668 1669
f 1565 1670 1566
f 1565 1669 1670
f 1566 1670 1671
f 1566 1671 1672
f 1566 1672 1673
f 1566 1673 1674
f 1566 1674 1567
f 1567 1674 1568
f 1568 1674 1675
f 1568 1675 1570
f 1568 1570 1569
f 1570 1675 1572
f 1570 1572 1571
f 1572 1675 1676
f 1572 1676 1677
f 1572 1677 1678
f 1572 1678 1679
f 1572 1679 1573
f 1573 1679 1680
f 1574 1680 1702
f 1574 1702 1593
f 1575 1681 1577
f 1575 1594 1682
f 1575 1682 1683
f 1575 1683 1684
f 1575 1684 1681
f 1577 1681 1685
f 1577 1685 1578
f 1578 1685 1580
f 1580 1685 1581
f 1581 1686 1687
f 1581 1687 1583
f 1581 1685 1688
f 1581 1688 1689
f 1581 1689 1686
f 1582 1583 1690
f 1582 1690 1691
f 1582 1691 1585
f 1582 1585 1584
f 1583 1687 1690
f 1585 1691 1586
f 1586 1691 1588
f 1587 1588 1692
f 1587 1692 1693
f 1587 1693 1589
f 1588 1691 1694
f 1588 1694 1692
f 1589 1695 1590
f 1589 1693 1695
f 1590 1696 1697
f 1590 1697 1698
f 1590 1698 1591
f 1590 1695 1699
f 1590 1699 1696
f 1591 1698 1700
f 1591 1700 1701
f 1591 1701 1598
f 1591 1598 1592
f 1592 1598 1595
f 1594 1702 1682
f 1596 1703 1704
f 1596 1704 1597
f 1596 1598 1703
f 1597 1704 1600
f 1597 1600 1599
f 1598 1705 1706
f 1598 1706 1703
f 1598 1701 1700
f 1598 1700 1705
f 1600 1704 1703
f 1600 1703 1707
f 1600 1707 1708
f 1600 1708 1601
f 1601 1708 1602
f 1602 1708 1603
f 1603 1708 1709
f 1603 1709 1609
f 1604 1710 1605
f 1604 1608 1711
f 1604 1711 1710
f 1605 1712 1606
f 1605 1710 1712
f 1606 1712 1611
f 1607 1610 1608
f 1608 1610 1713
f 1608 1713 1711
f 1609 1709 1610
f 1610 1709 1714
f 1610 1714 1713
f 1611 1712 1612
f 1612 1715 1716
f 1612 1716 1717
f 1612 1717 1718
f 1612 1718 1719
f 1612 1719 1720
f 1612 1720 1613
f 1612 1712 1715
f 1613 1720 1615
f 1614 1720 1617
f 1614 1615 1720
f 1616 1721 1722
f 1616 1722 1723
f 1616 1723 1619
f 1616 1619 1618
f 1616 1617 1720
f 1616 1720 1724
f 1616 1724 1725
f 1616 1725 1726
f 1616 1726 1721
f 1619 1723 1620
f 1620 1723 1624
f 1620 1624 1621
f 1622 1626 1727
f 1622 1727 1629
f 1623 1625 1728
f 1623 1728 1627
f 1624 1723 1721
f 1624 1721 1729
f 1624 1729 1730
f 1624 1730 1625
f 1625 1730 1731
f 1625 1731 1728
f 1626 1732 1727
f 1626 1628 1733
f 1626 1733 1732
f 1627 1728 1628
f 1628 1728 1734
f 1628 1734 1735
f 1628 1735 1736
f 1628 1736 1737
f 1628 1737 1738
f 1628 1738 1733
f 1630 1638 1739
f 1630 1739 1631
f 1631 1739 1740
f 1631 1740 1741
f 1631 1741 1742
f 1631 1742 1632
f 1632 1742 1634
f 1632 1634 1633
f 1634 1742 1743
f 1634 1743 1744
f 1634 1744 1745
f 1634 1745 1746
f 1634 1746 1635
f 1635 1746 1636
f 1636 1746 1747
f 1636 1747 1748
f 1636 1748 1637
f 1637 1748 1749
f 1637 1749 1750
f 1637 1750 1751
f 1637 1751 1639
f 1638 1752 1739
f 1639 1751 1640
f 1640 1751 1753
f 1640 1753 1641
f 1641 1753 1642
f 1642 1753 1643
f 1643 1753 1645
f 1643 1645 1644
f 1645 1754 1755
f 1645 1755 1756
f 1645 1756 1757
f 1645 1757 1646
f 1645 1753 1758
f 1645 1758 1754
f 1646 1757 1647
f 1647 1757 1759
f 1647 1759 1648
f 1648 1759 1760
f 1648 1760 1649
f 1649 1760 1761
f 1649 1761 1762
f 1649 1762 1763
f 1649 1763 1764
f 1649 1764 1765
f 1649 1765 1650
f 1650 1765 1766
f 1650 1766 1651
f 1651 1766 1652
f 1652 1766 1767
f 1652 1767 1653
f 1653 1767 1768
f 1653 1768 1769
f 1653 1769 1770
f 1653 1770 1654
f 1653 1654 1659
f 1654 1771 1772
f 1654 1772 1655
f 1654 1770 1771
f 1655 1772 1773
f 1655 1773 1664
f 1655 1664 1774
f 1655 1774 1657
f 1655 1657 1656
f 1657 1774 1662
f 1660 1666 1661
f 1661 1666 1775
f 1661 1775 1667
f 1662 1774 1663
f 1663 1774 1664
f 1664 1776 1777
f 1664 1777 1778
f 1664 1778 1779
f 1664 1779 1780
f 1664 1780 1781
f 1664 1781 1782
f 1664 1782 1783
f 1664 1783 1784
f 1664 1784 1785
f 1664 1785 1786
f 1664 1786 1787
f 1664 1787 1788
f 1664 1788 1666
f 1664 1666 1665
f 1664 1773 1776
f 1666 1788 1775
f 1667 1775 1789
f 1667 1789 1668
f 1668 1790 1791
f 1668 1791 1669
f 1668 1789 1792
f 1668 1792 1790
f 1669 1791 1793
f 1669 1793 1794
f 1669 1794 1795
f 1669 1795 1670
f 1670 1796 1671
f 1670 1795 1797
f 1670 1797 1796
f 1671 1796 1798
f 1671 1798 1799
f 1671 1799 1673
f 1671 1673 1672
f 1673 1799 1800
f 1673 1800 1801
f 1673 1801 1676
f 1673 1676 1674
f 1674 1676 1675
f 1676 1801 1677
f 1677 1802 1803
f 1677 1803 1804
f 1677 1804 1805
f 1677 1805 1806
f 1677 1806 1678
f 1677 1801 1802
f 1678 1806 1679
f 1679 1806 1807
f 1679 1807 1680
f 1680 1807 1808
f 1680 1808 1843
f 1680 1843 1702
f 1681 1809 1688
f 1681 1688 1685
f 1681 1684 1809
f 1682 1702 1810
f 1682 1810 1811
f 1682 1811 1683
f 1683 1811 1684
f 1684 1812 1813
f 1684 1813 1809
f 1684 1811 1814
f 1684 1814 1815
f 1684 1815 1812
f 1686 1816 1687
f 1686 1689 1688
f 1686 1688 1817
f 1686 1817 1818
f 1686 1818 1816
f 1687 1816 1819
f 1687 1819 1820
f 1687 1820 1690
f 1688 1809 1821
f 1688 1821 1817
f 1690 1820 1822
f 1690 1822 1823
f 1690 1823 1824
f 1690 1824 1691
f 1691 1825 1694
f 1691 1824 1826
f 1691 1826 1825
f 1692 1827 1695
f 1692 1695 1693
f 1692 1694 1827
f 1694 1825 1827
f 1695 1696 1699
f 1695 1827 1828
f 1695 1828 1696
f 1696 1829 1697
f 1696 1828 1830
f 1696 1830 1831
f 1696 1831 1832
f 1696 1832 1833
f 1696 1833 1834
f 1696 1834 1835
f 1696 1835 1836
f 1696 1836 1837
f 1696 1837 1838
f 1696 1838 1839
f 1696 1839 1840
f 1696 1840 1841
f 1696 1841 1842
f 1696 1842 1706
f 1696 1706 1829
f 1697 1829 1698
f 1698 1829 1700
f 1700 1829 1706
f 1700 1706 1705
f 1702 1843 1810
f 1703 1706 1844
f 1703 1844 1845
f 1703 1845 1846
f 1703 1846 1709
f 1703 1709 1707
f 1706 1842 1844
f 1707 1709 1708
f 1709 1847 1714
f 1709 1846 1848
f 1709 1848 1849
f 1709 1849 1847
f 1710 1850 1712
f 1710 1711 1851
f 1710 1851 1852
f 1710 1852 1853
f 1710 1853 1854
f 1710 1854 1855
f 1710 1855 1850
f 1711 1713 1856
f 1711 1856 1851
f 1712 1850 1857
f 1712 1857 1715
f 1713 1714 1856
f 1714 1847 1856
f 1715 1858 1716
f 1715 1857 1858
f 1716 1858 1717
f 1717 1858 1859
f 1717 1859 1860
f 1717 1860 1861
f 1717 1861 1862
f 1717 1862 1719
f 1717 1719 1718
f 1719 1862 1720
f 1720 1862 1724
f 1721 1863 1729
f 1721 1723 1722
f 1721 1726 1864
f 1721 1864 1865
f 1721 1865 1866
f 1721 1866 1863
f 1724 1862 1725
f 1725 1862 1864
f 1725 1864 1726
f 1728 1731 1734
f 1729 1863 1867
f 1729 1867 1868
f 1729 1868 1730
f 1730 1868 1731
f 1731 1869 1735
f 1731 1735 1734
f 1731 1868 1870
f 1731 1870 1869
f 1732 1733 1871
f 1733 1738 1872
f 1733 1872 1871
f 1735 1869 1736
f 1736 1869 1873
f 1736 1873 1737
f 1737 1873 1874
f 1737 1874 1875
f 1737 1875 1738
f 1738 1875 1876
f 1738 1876 1872
f 1739 1877 1740
f 1739 1752 1877
f 1740 1878 1741
f 1740 1877 1878
f 1741 1878 1879
f 1741 1879 1880
f 1741 1880 1881
f 1741 1881 1742
f 1742 1881 1882
f 1742 1882 1744
f 1742 1744 1743
f 1744 1882 1881
f 1744 1881 1883
f 1744 1883 1884
f 1744 1884 1745
f 1745 1884 1746
f 1746 1884 1885
f 1746 1885 1886
f 1746 1886 1747
f 1747 1886 1887
f 1747 1887 1888
f 1747 1888 1889
f 1747 1889 1749
f 1747 1749 1748
f 1749 1889 1890
f 1749 1890 1750
f 1750 1890 1891
f 1750 1891 1751
f 1751 1891 1892
f 1751 1892 1893
f 1751 1893 1894
f 1751 1894 1753
f 1752 1895 1878
f 1752 1878 1877
f 1753 1894 1758
f 1754 1896 1897
f 1754 1897 1898
f 1754 1898 1755
f 1754 1758 1894
f 1754 1894 1893
f 1754 1893 1899
f 1754 1899 1896
f 1755 1898 1756
f 1756 1898 1900
f 1756 1900 1757
f 1757 1900 1901
f 1757 1901 1759
f 1759 1901 1902
f 1759 1902 1903
f 1759 1903 1761
f 1759 1761 1760
f 1761 1904 1905
f 1761 1905 1906
f 1761 1906 1907
f 1761 1907 1762
f 1761 1903 1904
f 1762 1907 1763
f 1763 1908 1764
f 1763 1907 1909
f 1763 1909 1910
f 1763 1910 1911
f 1763 1911 1912
f 1763 1912 1908
f 1764 1908 1765
f 1765 1908 1912
f 1765 1912 1766
f 1766 1912 1913
f 1766 1913 1914
f 1766 1914 1767
f 1767 1914 1768
f 1768 1914 1915
f 1768 1915 1769
f 1769 1915 1916
f 1769 1916 1917
f 1769 1917 1770
f 1770 1917 1771
f 1771 1917 1918
f 1771 1918 1919
f 1771 1919 1920
f 1771 1920 1921
f 1771 1921 1772
f 1772 1921 1773
f 1773 1921 1777
f 1773 1777 1776
f 1775 1784 1922
f 1775 1922 1923
f 1775 1923 1792
f 1775 1792 1789
f 1775 1788 1786
f 1775 1786 1785
f 1775 1785 1924
f 1775 1924 1784
f 1777 1925 1779
f 1777 1779 1778
f 1777 1921 1926
f 1777 1926 1927
f 1777 1927 1925
f 1779 1925 1928
f 1779 1928 1780
f 1780 1928 1929
f 1780 1929 1930
f 1780 1930 1931
f 1780 1931 1932
f 1780 1932 1933
f 1780 1933 1934
f 1780 1934 1935
f 1780 1935 1936
f 1780 1936 1937
f 1780 1937 1782
f 1780 1782 1781
f 1782 1937 1784
f 1782 1784 1783
f 1784 1935 1938
f 1784 1938 1939
f 1784 1939 1940
f 1784 1940 1922
f 1784 1924 1785
f 1784 1937 1941
f 1784 1941 1935
f 1786 1788 1787
f 1790 1942 1793
f 1790 1793 1791
f 1790 1792 1942
f 1792 1923 1943
f 1792 1943 1793
f 1792 1793 1942
f 1793 1795 1794
f 1793 1943 1795
f 1795 1943 1944
f 1795 1944 1797
f 1796 1797 1945
f 1796 1945 1798
f 1797 1944 1946
f 1797 1946 1947
f 1797 1947 1948
f 1797 1948 1949
f 1797 1949 1950
f 1797 1950 1951
f 1797 1951 1952
f 1797 1952 1945
f 1798 1953 1958
f 1798 1958 1954
f 1798 1954 1799
f 1798 1945 1953
f 1799 1954 1800
f 1800 1955 1956
f 1800 1956 1957
f 1800 1957 1801
f 1800 1954 1958
f 1800 1958 1955
f 1801 1957 1802
f 1802 1959 1960
f 1802 1960 1803
f 1802 1957 1959
f 1803 1960 1961
f 1803 1961 1804
f 1804 1961 1964
f 1804 1964 1815
f 1804 1815 1814
f 1804 1814 1805
f 1805 1814 1843
f 1805 1843 1808
f 1805 1808 1806
f 1806 1808 1807
f 1809 1813 1962
f 1809 1962 1821
f 1810 1843 1811
f 1811 1843 1814
f 1812 1963 1813
f 1812 1815 1964
f 1812 1964 1963
f 1813 1965 1962
f 1813 1963 1965
f 1816 1966 1819
f 1816 1818 1966
f 1817 1967 1818
f 1817 1821 1967
f 1818 1967 1980
f 1818 1980 1968
f 1818 1968 1966
f 1819 1969 1970
f 1819 1970 1971
f 1819 1971 1972
f 1819 1972 1973
f 1819 1973 1974
f 1819 1974 1820
f 1819 1966 1975
f 1819 1975 1976
f 1819 1976 1969
f 1820 1974 1977
f 1820 1977 1823
f 1820 1823 1822
f 1821 1962 1978
f 1821 1978 1979
f 1821 1979 1980
f 1821 1980 1967
f 1823 1977 1981
f 1823 1981 1982
f 1823 1982 1826
f 1823 1826 1824
f 1825 1826 1981
f 1825 1981 1827
f 1826 1982 1981
f 1827 1981 1983
f 1827 1983 1984
f 1827 1984 1833
f 1827 1833 1985
f 1827 1985 1832
f 1827 1832 1831
f 1827 1831 1828
f 1828 1831 1830
f 1832 1985 1833
f 1833 1984 1986
f 1833 1986 1987
f 1833 1987 1988
f 1833 1988 1989
f 1833 1989 1990
f 1833 1990 1991
f 1833 1991 1835
f 1833 1835 1834
f 1835 1991 1837
f 1835 1837 1836
f 1837 1992 1993
f 1837 1993 1994
f 1837 1994 1995
f 1837 1995 1996
f 1837 1996 1997
f 1837 1997 1998
f 1837 1998 1838
f 1837 1991 1999
f 1837 1999 1989
f 1837 1989 1992
f 1838 1998 2000
f 1838 2000 1840
f 1838 1840 1839
f 1840 2000 2001
f 1840 2001 2002
f 1840 2002 2003
f 1840 2003 1842
f 1840 1842 1841
f 1842 2003 1844
f 1844 2003 1845
f 1845 2003 2004
f 1845 2004 2005
f 1845 2005 2006
f 1845 2006 2007
f 1845 2007 1846
f 1846 2007 1848
f 1847 1849 1856
f 1848 2007 2008
f 1848 2008 1849
f 1849 2008 2009
f 1849 2009 1856
f 1850 1855 1857
f 1851 1856 2010
f 1851 2010 2011
f 1851 2011 1852
f 1852 2011 1853
f 1853 2011 2010
f 1853 2010 2012
f 1853 2012 2013
f 1853 2013 2014
f 1853 2014 2015
f 1853 2015 1854
f 1854 2015 1855
f 1855 2015 2016
f 1855 2016 2017
f 1855 2017 2018
f 1855 2018 1857
f 1856 2009 2019
f 1856 2019 2010
f 1857 2018 2020
f 1857 2020 2021
f 1857 2021 1858
f 1858 2021 2022
f 1858 2022 1859
f 1859 2022 2023
f 1859 2023 1860
f 1860 2024 1861
f 1860 2023 2024
f 1861 2025 1862
f 1861 2024 2025
f 1862 2025 1864
f 1863 1866 1867
f 1864 2026 2027
f 1864 2027 1865
f 1864 2025 2028
f 1864 2028 2026
f 1865 2027 2029
f 1865 2029 1866
f 1866 2029 2030
f 1866 2030 1867
f 1867 2031 1868
f 1867 2030 2032
f 1867 2032 2031
f 1868 2031 1870
f 1869 1870 2033
f 1869 2033 2034
f 1869 2034 1875
f 1869 1875 1873
f 1870 2031 2033
f 1871 1872 2035
f 1872 1876 2036
f 1872 2036 2037
f 1872 2037 2035
f 1873 1875 1874
f 1875 2038 2039
f 1875 2039 2040
f 1875 2040 1876
f 1875 2034 2033
f 1875 2033 2041
f 1875 2041 2042
f 1875 2042 2038
f 1876 2040 2038
f 1876 2038 2036
f 1878 1895 2043
f 1878 2043 1879
f 1879 1881 1880
f 1879 2043 2044
f 1879 2044 2045
f 1879 2045 2046
f 1879 2046 2047
f 1879 2047 2048
f 1879 2048 1881
f 1881 2048 2049
f 1881 2049 1884
f 1881 1884 1883
f 1884 2049 2050
f 1884 2050 1885
f 1885 2050 1887
f 1885 1887 1886
f 1887 2050 2051
f 1887 2051 1888
f 1888 2051 2052
f 1888 2052 1889
f 1889 2052 1890
f 1890 2052 1892
f 1890 1892 1891
f 1892 2052 2053
f 1892 2053 1893
f 1893 2053 2054
f 1893 2054 1899
f 1896 2055 2056
f 1896 2056 2057
f 1896 2057 2058
f 1896 2058 1897
f 1896 1899 2053
f 1896 2053 2052
f 1896 2052 2059
f 1896 2059 2055
f 1897 2058 2060
f 1897 2060 1898
f 1898 2060 1900
f 1899 2054 2053
f 1900 2060 2061
f 1900 2061 2062
f 1900 2062 2063
f 1900 2063 1902
f 1900 1902 1901
f 1902 2064 2065
f 1902 2065 2066
f 1902 2066 2067
f 1902 2067 1905
f 1902 1905 1904
f 1902 1904 1903
f 1902 2063 2062
f 1902 2062 2064
f 1905 2067 2068
f 1905 2068 1906
f 1906 2068 1907
f 1907 2068 2069
f 1907 2069 2070
f 1907 2070 2071
f 1907 2071 1909
f 1909 2071 2072
f 1909 2072 1910
f 1910 2073 1911
f 1910 2072 2074
f 1910 2074 2075
f 1910 2075 2076
f 1910 2076 2073
f 1911 2073 1912
f 1912 2073 1913
f 1913 1915 1914
f 1913 2073 2077
f 1913 2077 1918
f 1913 1918 1916
f 1913 1916 1915
f 1916 1918 1917
f 1918 2078 2079
f 1918 2079 1929
f 1918 1929 1927
f 1918 1927 1919
f 1918 2077 2078
f 1919 1927 1926
f 1919 1926 1921
f 1919 1921 1920
f 1922 1940 2080
f 1922 2080 1923
f 1923 2080 1946
f 1923 1946 1944
f 1923 1944 1943
f 1925 1927 2081
f 1925 2081 1928
f 1927 1929 2081
f 1928 2081 1929
f 1929 2079 2082
f 1929 2082 1930
f 1930 2082 1931
f 1931 2083 2084
f 1931 2084 1932
f 1931 2082 2083
f 1932 2084 2085
f 1932 2085 2086
f 1932 2086 2087
f 1932 2087 2088
f 1932 2088 2089
f 1932 2089 2090
f 1932 2090 2091
f 1932 2091 1933
f 1933 2091 2090
f 1933 2090 2092
f 1933 2092 1934
f 1934 2092 2093
f 1934 2093 1935
f 1935 1941 1936
f 1935 2093 2094
f 1935 2094 2095
f 1935 2095 2096
f 1935 2096 2097
f 1935 2097 2098
f 1935 2098 2099
f 1935 2099 2100
f 1935 2100 1938
f 1936 1941 1937
f 1938 2101 1939
f 1938 2100 2102
f 1938 2102 2103
f 1938 2103 2101
f 1939 2101 2104
f 1939 2104 1950
f 1939 1950 2105
f 1939 2105 1940
f 1940 2106 2080
f 1940 2105 2106
f 1945 1952 1953
f 1946 2080 1947
f 1947 2080 1948
f 1948 2080 1949
f 1949 2105 1950
f 1949 2080 2106
f 1949 2106 2105
f 1950 2107 2099
f 1950 2099 2108
f 1950 2108 2109
f 1950 2109 1951
f 1950 2104 2107
f 1951 2109 2110
f 1951 2110 1952
f 1952 2110 2111
f 1952 2111 1953
f 1953 2111 2112
f 1953 2112 1958
f 1955 1957 1956
f 1955 1958 2112
f 1955 2112 2113
f 1955 2113 2114
f 1955 2114 1957
f 1957 2114 1959
f 1959 2114 2115
f 1959 2115 1960
f 1960 2115 1961
f 1961 2115 2117
f 1961 2117 1964
f 1962 1979 1978
f 1962 1965 2116
f 1962 2116 1979
f 1963 1964 2117
f 1963 2117 1965
f 1965 2117 2116
f 1966 1968 1975
f 1968 1980 2118
f 1968 2118 2119
f 1968 2119 1975
f 1969 2120 2121
f 1969 2121 2122
f 1969 2122 2123
f 1969 2123 1987
f 1969 1987 2124
f 1969 2124 1970
f 1969 1976 2125
f 1969 2125 2126
f 1969 2126 2120
f 1970 2124 2127
f 1970 2127 2128
f 1970 2128 1971
f 1971 2128 1972
f 1972 2128 1973
f 1973 2128 1983
f 1973 1983 1974
f 1974 1983 1977
f 1975 2129 1976
f 1975 2119 2129
f 1976 2129 2130
f 1976 2130 2125
f 1977 1983 1981
f 1979 2131 2118
f 1979 2118 1980
f 1979 2116 2131
f 1983 2128 1984
f 1984 2128 1986
f 1986 2128 2127
f 1986 2127 2124
f 1986 2124 1987
f 1987 2123 2132
f 1987 2132 1988
f 1988 2132 2133
f 1988 2133 2134
f 1988 2134 2135
f 1988 2135 1989
f 1989 2136 2137
f 1989 2137 2138
f 1989 2138 2139
f 1989 2139 1992
f 1989 1999 1990
f 1989 2135 2120
f 1989 2120 2140
f 1989 2140 2141
f 1989 2141 2136
f 1990 1999 1991
f 1992 2139 2142
f 1992 2142 1993
f 1993 2142 2143
f 1993 2143 2144
f 1993 2144 1994
f 1994 2145 2146
f 1994 2146 2147
f 1994 2147 2148
f 1994 2148 1995
f 1994 2144 2143
f 1994 2143 2149
f 1994 2149 2150
f 1994 2150 2145
f 1995 2148 2151
f 1995 2151 2152
f 1995 2152 1996
f 1996 2152 1997
f 1997 2153 1998
f 1997 2152 2154
f 1997 2154 2006
f 1997 2006 2001
f 1997 2001 2153
f 1998 2153 2000
f 2000 2153 2001
f 2001 2006 2005
f 2001 2005 2002
f 2002 2005 2003
f 2003 2005 2004
f 2006 2154 2155
f 2006 2155 2156
f 2006 2156 2019
f 2006 2019 2008
f 2006 2008 2157
f 2006 2157 2007
f 2007 2157 2008
f 2008 2019 2009
f 2010 2019 2158
f 2010 2158 2012
f 2012 2158 2013
f 2013 2159 2014
f 2013 2158 2160
f 2013 2160 2161
f 2013 2161 2162
f 2013 2162 2159
f 2014 2159 2015
f 2015 2159 2163
f 2015 2163 2164
f 2015 2164 2165
f 2015 2165 2166
f 2015 2166 2016
f 2016 2166 2167
f 2016 2167 2020
f 2016 2020 2017
f 2017 2020 2018
f 2019 2156 2158
f 2020 2168 2169
f 2020 2169 2022
f 2020 2022 2021
f 2020 2167 2170
f 2020 2170 2171
f 2020 2171 2168
f 2022 2169 2168
f 2022 2168 2172
f 2022 2172 2173
f 2022 2173 2023
f 2023 2174 2024
f 2023 2173 2174
f 2024 2174 2175
f 2024 2175 2176
f 2024 2176 2025
f 2025 2176 2028
f 2026 2028 2177
f 2026 2177 2178
f 2026 2178 2029
f 2026 2029 2027
f 2028 2176 2179
f 2028 2179 2177
f 2029 2178 2030
f 2030 2178 2032
f 2031 2032 2180
f 2031 2180 2033
f 2032 2178 2181
f 2032 2181 2180
f 2033 2180 2041
f 2036 2038 2182
f 2036 2182 2037
f 2038 2183 2184
f 2038 2184 2185
f 2038 2185 2182
f 2038 2040 2039
f 2038 2042 2186
f 2038 2186 2187
f 2038 2187 2188
f 2038 2188 2183
f 2041 2180 2189
f 2041 2189 2190
f 2041 2190 2191
f 2041 2191 2186
f 2041 2186 2042
f 2045 2192 2046
f 2046 2192 2193
f 2046 2193 2194
f 2046 2194 2047
f 2047 2194 2195
f 2047 2195 2196
f 2047 2196 2049
f 2047 2049 2048
f 2049 2196 2195
f 2049 2195 2197
f 2049 2197 2050
f 2050 2197 2198
f 2050 2198 2199
f 2050 2199 2200
f 2050 2200 2201
f 2050 2201 2051
f 2051 2201 2052
f 2052 2201 2202
f 2052 2202 2203
f 2052 2203 2204
f 2052 2204 2059
f 2055 2059 2204
f 2055 2204 2203
f 2055 2203 2205
f 2055 2205 2206
f 2055 2206 2207
f 2055 2207 2208
f 2055 2208 2056
f 2056 2208 2057
f 2057 2208 2058
f 2058 2208 2209
f 2058 2209 2060
f 2060 2209 2210
f 2060 2210 2211
f 2060 2211 2062
f 2060 2062 2061
f 2062 2211 2212
f 2062 2212 2213
f 2062 2213 2214
f 2062 2214 2065
f 2062 2065 2064
f 2065 2214 2215
f 2065 2215 2216
f 2065 2216 2217
f 2065 2217 2067
f 2065 2067 2066
f 2067 2217 2218
f 2067 2218 2068
f 2068 2218 2219
f 2068 2219 2070
f 2068 2070 2069
f 2070 2219 2220
f 2070 2220 2221
f 2070 2221 2222
f 2070 2222 2223
f 2070 2223 2224
f 2070 2224 2225
f 2070 2225 2071
f 2071 2225 2072
f 2072 2225 2075
f 2072 2075 2074
f 2073 2076 2226
f 2073 2226 2077
f 2075 2225 2227
f 2075 2227 2076
f 2076 2227 2228
f 2076 2228 2229
f 2076 2229 2078
f 2076 2078 2226
f 2077 2226 2078
f 2078 2229 2230
f 2078 2230 2079
f 2079 2230 2082
f 2082 2230 2083
f 2083 2230 2231
f 2083 2231 2084
f 2084 2231 2085
f 2085 2232 2233
f 2085 2233 2086
f 2085 2231 2232
f 2086 2233 2087
f 2087 2234 2235
f 2087 2235 2236
f 2087 2236 2089
f 2087 2089 2088
f 2087 2233 2227
f 2087 2227 2237
f 2087 2237 2234
f 2089 2238 2239
f 2089 2239 2240
f 2089 2240 2241
f 2089 2241 2242
f 2089 2242 2243
f 2089 2243 2090
f 2089 2236 2238
f 2090 2243 2244
f 2090 2244 2092
f 2092 2244 2096
f 2092 2096 2094
f 2092 2094 2093
f 2094 2096 2095
f 2096 2241 2097
f 2096 2244 2243
f 2096 2243 2242
f 2096 2242 2241
f 2097 2241 2245
f 2097 2245 2246
f 2097 2246 2247
f 2097 2247 2098
f 2098 2247 2099
f 2099 2248 2249
f 2099 2249 2250
f 2099 2250 2251
f 2099 2251 2252
f 2099 2252 2253
f 2099 2253 2108
f 2099 2107 2102
f 2099 2102 2100
f 2099 2247 2248
f 2101 2103 2107
f 2101 2107 2104
f 2102 2107 2103
f 2108 2253 2254
f 2108 2254 2255
f 2108 2255 2256
f 2108 2256 2257
f 2108 2257 2258
f 2108 2258 2109
f 2109 2258 2110
f 2110 2258 2259
f 2110 2259 2260
f 2110 2260 2112
f 2110 2112 2111
f 2112 2260 2113
f 2113 2261 2262
f 2113 2262 2263
f 2113 2263 2114
f 2113 2260 2261
f 2114 2263 2264
f 2114 2264 2265
f 2114 2265 2115
f 2115 2265 2268
f 2115 2268 2117
f 2116 2266 2267
f 2116 2267 2131
f 2116 2117 2268
f 2116 2268 2266
f 2118 2269 2119
f 2118 2131 2269
f 2119 2269 2129
f 2120 2126 2270
f 2120 2270 2271
f 2120 2271 2272
f 2120 2272 2273
f 2120 2273 2274
f 2120 2274 2275
f 2120 2275 2276
f 2120 2276 2277
f 2120 2277 2140
f 2120 2135 2134
f 2120 2134 2121
f 2121 2134 2133
f 2121 2133 2132
f 2121 2132 2123
f 2121 2123 2122
f 2125 2130 2126
f 2126 2130 2278
f 2126 2278 2279
f 2126 2279 2280
f 2126 2280 2270
f 2129 2269 2281
f 2129 2281 2130
f 2130 2281 2269
f 2130 2269 2282
f 2130 2282 2283
f 2130 2283 2278
f 2131 2267 2284
f 2131 2284 2285
f 2131 2285 2269
f 2136 2286 2287
f 2136 2287 2288
f 2136 2288 2142
f 2136 2142 2138
f 2136 2138 2137
f 2136 2141 2289
f 2136 2289 2286
f 2138 2142 2139
f 2140 2277 2141
f 2141 2277 2290
f 2141 2290 2291
f 2141 2291 2289
f 2142 2288 2143
f 2143 2288 2287
f 2143 2287 2149
f 2145 2150 2149
f 2145 2149 2292
f 2145 2292 2293
f 2145 2293 2294
f 2145 2294 2295
f 2145 2295 2296
f 2145 2296 2297
f 2145 2297 2146
f 2146 2297 2147
f 2147 2297 2298
f 2147 2298 2299
f 2147 2299 2148
f 2148 2299 2151
f 2149 2287 2286
f 2149 2286 2289
f 2149 2289 2300
f 2149 2300 2301
f 2149 2301 2302
f 2149 2302 2292
f 2151 2299 2303
f 2151 2303 2152
f 2152 2303 2154
f 2154 2303 2155
f 2155 2304 2160
f 2155 2160 2305
f 2155 2305 2156
f 2155 2303 2304
f 2156 2305 2158
f 2158 2305 2160
f 2159 2162 2161
f 2159 2161 2306
f 2159 2306 2307
f 2159 2307 2163
f 2160 2304 2308
f 2160 2308 2296
f 2160 2296 2161
f 2161 2296 2306
f 2163 2307 2164
f 2164 2309 2166
f 2164 2166 2165
f 2164 2307 2310
f 2164 2310 2311
f 2164 2311 2312
f 2164 2312 2313
f 2164 2313 2309
f 2166 2309 2314
f 2166 2314 2167
f 2167 2314 2315
f 2167 2315 2170
f 2168 2316 2173
f 2168 2173 2172
f 2168 2171 2170
f 2168 2170 2317
f 2168 2317 2318
f 2168 2318 2319
f 2168 2319 2320
f 2168 2320 2316
f 2170 2315 2321
f 2170 2321 2322
f 2170 2322 2318
f 2170 2318 2317
f 2173 2316 2323
f 2173 2323 2324
f 2173 2324 2325
f 2173 2325 2174
f 2174 2325 2175
f 2175 2325 2326
f 2175 2326 2327
f 2175 2327 2328
f 2175 2328 2329
f 2175 2329 2178
f 2175 2178 2177
f 2175 2177 2176
f 2176 2177 2179
f 2178 2329 2330
f 2178 2330 2331
f 2178 2331 2332
f 2178 2332 2333
f 2178 2333 2180
f 2178 2180 2181
f 2180 2333 2334
f 2180 2334 2335
f 2180 2335 2189
f 2186 2191 2190
f 2186 2190 2336
f 2186 2336 2187
f 2187 2336 2337
f 2187 2337 2188
f 2188 2337 2338
f 2189 2335 2339
f 2189 2339 2190
f 2190 2339 2340
f 2190 2340 2341
f 2190 2341 2342
f 2190 2342 2336
f 2192 2343 2193
f 2193 2343 2344
f 2193 2344 2194
f 2194 2344 2195
f 2195 2344 2345
f 2195 2345 2346
f 2195 2346 2347
f 2195 2347 2197
f 2197 2347 2198
f 2198 2347 2346
f 2198 2346 2199
f 2199 2346 2348
f 2199 2348 2200
f 2200 2348 2349
f 2200 2349 2202
f 2200 2202 2201
f 2202 2349 2203
f 2203 2349 2350
f 2203 2350 2205
f 2205 2350 2206
f 2206 2351 2352
f 2206 2352 2353
f 2206 2353 2207
f 2206 2350 2349
f 2206 2349 2354
f 2206 2354 2351
f 2207 2353 2208
f 2208 2353 2355
f 2208 2355 2209
f 2209 2355 2356
f 2209 2356 2212
f 2209 2212 2210
f 2210 2212 2211
f 2212 2357 2358
f 2212 2358 2359
f 2212 2359 2214
f 2212 2214 2213
f 2212 2356 2357
f 2214 2359 2360
f 2214 2360 2361
f 2214 2361 2362
f 2214 2362 2363
f 2214 2363 2215
f 2215 2363 2364
f 2215 2364 2216
f 2216 2218 2217
f 2216 2364 2365
f 2216 2365 2366
f 2216 2366 2367
f 2216 2367 2368
f 2216 2368 2369
f 2216 2369 2218
f 2218 2369 2370
f 2218 2370 2221
f 2218 2221 2220
f 2218 2220 2219
f 2221 2370 2371
f 2221 2371 2372
f 2221 2372 2222
f 2222 2372 2223
f 2223 2371 2373
f 2223 2373 2227
f 2223 2227 2374
f 2223 2374 2225
f 2223 2225 2224
f 2223 2372 2371
f 2225 2374 2227
f 2227 2373 2237
f 2227 2233 2232
f 2227 2232 2231
f 2227 2231 2228
f 2228 2231 2229
f 2229 2231 2230
f 2234 2375 2376
f 2234 2376 2377
f 2234 2377 2378
f 2234 2378 2379
f 2234 2379 2380
f 2234 2380 2235
f 2234 2237 2373
f 2234 2373 2371
f 2234 2371 2375
f 2235 2380 2238
f 2235 2238 2236
f 2238 2381 2239
f 2238 2380 2381
f 2239 2381 2382
f 2239 2382 2383
f 2239 2383 2384
f 2239 2384 2240
f 2240 2384 2241
f 2241 2384 2385
f 2241 2385 2386
f 2241 2386 2246
f 2241 2246 2245
f 2246 2387 2247
f 2246 2386 2388
f 2246 2388 2389
f 2246 2389 2390
f 2246 2390 2391
f 2246 2391 2392
f 2246 2392 2393
f 2246 2393 2394
f 2246 2394 2387
f 2247 2387 2394
f 2247 2394 2249
f 2247 2249 2248
f 2249 2394 2393
f 2249 2393 2395
f 2249 2395 2396
f 2249 2396 2250
f 2250 2396 2397
f 2250 2397 2398
f 2250 2398 2399
f 2250 2399 2400
f 2250 2400 2251
f 2251 2400 2401
f 2251 2401 2252
f 2252 2401 2254
f 2252 2254 2253
f 2254 2256 2255
f 2254 2401 2402
f 2254 2402 2403
f 2254 2403 2404
f 2254 2404 2257
f 2254 2257 2256
f 2257 2404 2405
f 2257 2405 2406
f 2257 2406 2408
f 2257 2408 2407
f 2257 2407 2258
f 2258 2407 2260
f 2258 2260 2259
f 2260 2407 2261
f 2261 2408 2262
f 2261 2407 2408
f 2262 2408 2409
f 2262 2409 2410
f 2262 2410 2411
f 2262 2411 2412
f 2262 2412 2413
f 2262 2413 2263
f 2263 2413 2264
f 2264 2413 2557
f 2264 2557 2414
f 2264 2414 2265
f 2265 2414 2416
f 2265 2416 2268
f 2266 2415 2267
f 2266 2268 2416
f 2266 2416 2558
f 2266 2558 2415
f 2267 2415 2284
f 2269 2285 2282
f 2270 2280 2271
f 2271 2280 2417
f 2271 2417 2272
f 2272 2417 2418
f 2272 2418 2273
f 2273 2418 2419
f 2273 2419 2420
f 2273 2420 2421
f 2273 2421 2274
f 2274 2421 2422
f 2274 2422 2275
f 2275 2423 2424
f 2275 2424 2276
f 2275 2422 2423
f 2276 2424 2277
f 2277 2425 2290
f 2277 2424 2425
f 2278 2283 2280
f 2278 2280 2279
f 2280 2283 2426
f 2280 2426 2427
f 2280 2427 2428
f 2280 2428 2417
f 2282 2285 2429
f 2282 2429 2430
f 2282 2430 2283
f 2283 2430 2431
f 2283 2431 2426
f 2284 2429 2285
f 2284 2415 2432
f 2284 2432 2433
f 2284 2433 2434
f 2284 2434 2435
f 2284 2435 2429
f 2289 2291 2290
f 2289 2290 2436
f 2289 2436 2437
f 2289 2437 2438
f 2289 2438 2300
f 2290 2439 2440
f 2290 2440 2441
f 2290 2441 2442
f 2290 2442 2443
f 2290 2443 2436
f 2290 2425 2424
f 2290 2424 2423
f 2290 2423 2439
f 2292 2302 2293
f 2293 2444 2294
f 2293 2302 2444
f 2294 2445 2446
f 2294 2446 2447
f 2294 2447 2448
f 2294 2448 2295
f 2294 2444 2449
f 2294 2449 2450
f 2294 2450 2451
f 2294 2451 2445
f 2295 2448 2296
f 2296 2311 2452
f 2296 2452 2306
f 2296 2308 2299
f 2296 2299 2298
f 2296 2298 2297
f 2296 2448 2311
f 2299 2308 2304
f 2299 2304 2303
f 2300 2438 2453
f 2300 2453 2301
f 2301 2453 2454
f 2301 2454 2455
f 2301 2455 2302
f 2302 2455 2444
f 2306 2452 2310
f 2306 2310 2307
f 2309 2313 2314
f 2310 2452 2311
f 2311 2448 2447
f 2311 2447 2456
f 2311 2456 2312
f 2312 2456 2457
f 2312 2457 2313
f 2313 2457 2314
f 2314 2321 2315
f 2314 2457 2458
f 2314 2458 2459
f 2314 2459 2321
f 2316 2320 2323
f 2318 2460 2461
f 2318 2461 2320
f 2318 2320 2319
f 2318 2322 2462
f 2318 2462 2463
f 2318 2463 2464
f 2318 2464 2460
f 2320 2461 2460
f 2320 2460 2465
f 2320 2465 2466
f 2320 2466 2467
f 2320 2467 2324
f 2320 2324 2323
f 2321 2468 2322
f 2321 2459 2469
f 2321 2469 2470
f 2321 2470 2471
f 2321 2471 2472
f 2321 2472 2468
f 2322 2468 2462
f 2324 2473 2474
f 2324 2474 2327
f 2324 2327 2326
f 2324 2326 2325
f 2324 2467 2475
f 2324 2475 2473
f 2327 2474 2328
f 2328 2474 2476
f 2328 2476 2477
f 2328 2477 2478
f 2328 2478 2479
f 2328 2479 2331
f 2328 2331 2330
f 2328 2330 2329
f 2331 2479 2480
f 2331 2480 2332
f 2332 2480 2481
f 2332 2481 2482
f 2332 2482 2333
f 2333 2482 2334
f 2334 2482 2340
f 2334 2340 2335
f 2335 2340 2339
f 2336 2342 2337
f 2337 2342 2483
f 2337 2483 2338
f 2340 2482 2341
f 2341 2482 2481
f 2341 2481 2484
f 2341 2484 2485
f 2341 2485 2486
f 2341 2486 2487
f 2341 2487 2488
f 2341 2488 2489
f 2341 2489 2490
f 2341 2490 2342
f 2342 2490 2491
f 2342 2491 2492
f 2342 2492 2483
f 2343 2493 2344
f 2344 2493 2494
f 2344 2494 2495
f 2344 2495 2496
f 2344 2496 2345
f 2345 2496 2497
f 2345 2497 2498
f 2345 2498 2499
f 2345 2499 2500
f 2345 2500 2351
f 2345 2351 2354
f 2345 2354 2349
f 2345 2349 2348
f 2345 2348 2346
f 2351 2500 2501
f 2351 2501 2502
f 2351 2502 2352
f 2352 2502 2503
f 2352 2503 2353
f 2353 2503 2504
f 2353 2504 2505
f 2353 2505 2355
f 2355 2505 2357
f 2355 2357 2356
f 2357 2506 2507
f 2357 2507 2359
f 2357 2359 2358
f 2357 2505 2506
f 2359 2507 2508
f 2359 2508 2509
f 2359 2509 2510
f 2359 2510 2360
f 2360 2510 2511
f 2360 2511 2512
f 2360 2512 2361
f 2361 2512 2511
f 2361 2511 2513
f 2361 2513 2364
f 2361 2364 2362
f 2362 2364 2363
f 2364 2513 2511
f 2364 2511 2514
f 2364 2514 2515
f 2364 2515 2516
f 2364 2516 2365
f 2365 2516 2515
f 2365 2515 2517
f 2365 2517 2366
f 2366 2517 2518
f 2366 2518 2519
f 2366 2519 2520
f 2366 2520 2521
f 2366 2521 2522
f 2366 2522 2523
f 2366 2523 2367
f 2367 2523 2370
f 2367 2370 2369
f 2367 2369 2368
f 2370 2523 2371
f 2371 2523 2524
f 2371 2524 2375
f 2375 2525 2376
f 2375 2524 2525
f 2376 2526 2527
f 2376 2527 2377
f 2376 2525 2528
f 2376 2528 2526
f 2377 2527 2529
f 2377 2529 2530
f 2377 2530 2378
f 2378 2530 2379
f 2379 2530 2531
f 2379 2531 2382
f 2379 2382 2381
f 2379 2381 2380
f 2382 2531 2532
f 2382 2532 2385
f 2382 2385 2383
f 2383 2385 2384
f 2385 2533 2388
f 2385 2388 2386
f 2385 2532 2533
f 2388 2533 2389
f 2389 2533 2534
f 2389 2534 2535
f 2389 2535 2536
f 2389 2536 2537
f 2389 2537 2538
f 2389 2538 2390
f 2390 2538 2391
f 2391 2538 2539
f 2391 2539 2540
f 2391 2540 2541
f 2391 2541 2542
f 2391 2542 2543
f 2391 2543 2392
f 2392 2543 2393
f 2393 2543 2395
f 2395 2542 2397
f 2395 2397 2396
f 2395 2543 2542
f 2397 2542 2544
f 2397 2544 2545
f 2397 2545 2546
f 2397 2546 2398
f 2398 2546 2545
f 2398 2545 2547
f 2398 2547 2548
f 2398 2548 2549
f 2398 2549 2399
f 2399 2549 2400
f 2400 2549 2550
f 2400 2550 2402
f 2400 2402 2401
f 2402 2550 2551
f 2402 2551 2552
f 2402 2552 2405
f 2402 2405 2403
f 2403 2405 2404
f 2405 2552 2553
f 2405 2553 2406
f 2406 2553 2409
f 2406 2409 2408
f 2409 2554 2555
f 2409 2555 2411
f 2409 2411 2556
f 2409 2556 2410
f 2409 2553 2554
f 2410 2556 2411
f 2411 2555 2571
f 2411 2571 2433
f 2411 2433 2432
f 2411 2432 2412
f 2412 2432 2558
f 2412 2558 2557
f 2412 2557 2413
f 2414 2557 2558
f 2414 2558 2416
f 2415 2558 2432
f 2417 2428 2418
f 2418 2428 2559
f 2418 2559 2560
f 2418 2560 2419
f 2419 2560 2420
f 2420 2560 2561
f 2420 2561 2562
f 2420 2562 2563
f 2420 2563 2564
f 2420 2564 2421
f 2421 2565 2422
f 2421 2564 2563
f 2421 2563 2566
f 2421 2566 2565
f 2422 2565 2567
f 2422 2567 2423
f 2423 2567 2439
f 2426 2431 2427
f 2427 2431 2428
f 2428 2431 2568
f 2428 2568 2569
f 2428 2569 2559
f 2429 2435 2430
f 2430 2570 2431
f 2430 2435 2570
f 2431 2570 2568
f 2433 2571 2435
f 2433 2435 2572
f 2433 2572 2434
f 2434 2572 2435
f 2435 2571 2573
f 2435 2573 2570
f 2436 2443 2437
f 2437 2574 2454
f 2437 2454 2453
f 2437 2453 2438
f 2437 2443 2575
f 2437 2575 2574
f 2439 2567 2440
f 2440 2567 2565
f 2440 2565 2576
f 2440 2576 2577
f 2440 2577 2578
f 2440 2578 2579
f 2440 2579 2441
f 2441 2579 2442
f 2442 2579 2580
f 2442 2580 2581
f 2442 2581 2582
f 2442 2582 2583
f 2442 2583 2575
f 2442 2575 2443
f 2444 2455 2449
f 2445 2451 2584
f 2445 2584 2585
f 2445 2585 2586
f 2445 2586 2446
f 2446 2586 2585
f 2446 2585 2587
f 2446 2587 2588
f 2446 2588 2447
f 2447 2588 2589
f 2447 2589 2458
f 2447 2458 2457
f 2447 2457 2456
f 2449 2455 2454
f 2449 2454 2590
f 2449 2590 2591
f 2449 2591 2450
f 2450 2591 2451
f 2451 2591 2592
f 2451 2592 2584
f 2454 2574 2590
f 2458 2589 2470
f 2458 2470 2459
f 2459 2470 2469
f 2460 2593 2466
f 2460 2466 2465
f 2460 2464 2594
f 2460 2594 2595
f 2460 2595 2593
f 2462 2468 2463
f 2463 2468 2596
f 2463 2596 2597
f 2463 2597 2598
f 2463 2598 2464
f 2464 2598 2597
f 2464 2597 2599
f 2464 2599 2594
f 2466 2593 2600
f 2466 2600 2601
f 2466 2601 2475
f 2466 2475 2467
f 2468 2472 2602
f 2468 2602 2603
f 2468 2603 2604
f 2468 2604 2596
f 2470 2589 2471
f 2471 2589 2605
f 2471 2605 2606
f 2471 2606 2607
f 2471 2607 2608
f 2471 2608 2609
f 2471 2609 2610
f 2471 2610 2472
f 2472 2610 2603
f 2472 2603 2602
f 2473 2611 2612
f 2473 2612 2478
f 2473 2478 2477
f 2473 2477 2476
f 2473 2476 2474
f 2473 2475 2601
f 2473 2601 2613
f 2473 2613 2614
f 2473 2614 2611
f 2478 2484 2481
f 2478 2481 2480
f 2478 2480 2479
f 2478 2612 2485
f 2478 2485 2484
f 2485 2612 2615
f 2485 2615 2616
f 2485 2616 2486
f 2486 2616 2487
f 2487 2616 2617
f 2487 2617 2488
f 2488 2617 2489
f 2489 2617 2490
f 2490 2617 2491
f 2491 2617 2492
f 2492 2617 2618
f 2494 2619 2620
f 2494 2620 2621
f 2494 2621 2495
f 2495 2621 2496
f 2496 2621 2497
f 2497 2621 2498
f 2498 2621 2499
f 2499 2621 2501
f 2499 2501 2500
f 2501 2622 2623
f 2501 2623 2624
f 2501 2624 2502
f 2501 2621 2625
f 2501 2625 2622
f 2502 2624 2626
f 2502 2626 2627
f 2502 2627 2503
f 2503 2627 2628
f 2503 2628 2504
f 2504 2628 2629
f 2504 2629 2505
f 2505 2629 2506
f 2506 2630 2507
f 2506 2629 2630
f 2507 2630 2508
f 2508 2630 2509
f 2509 2630 2631
f 2509 2631 2632
f 2509 2632 2633
f 2509 2633 2634
f 2509 2634 2635
f 2509 2635 2636
f 2509 2636 2510
f 2510 2636 2511
f 2511 2636 2637
f 2511 2637 2638
f 2511 2638 2639
f 2511 2639 2640
f 2511 2640 2515
f 2511 2515 2514
f 2515 2640 2641
f 2515 2641 2642
f 2515 2642 2643
f 2515 2643 2518
f 2515 2518 2517
f 2518 2643 2644
f 2518 2644 2519
f 2519 2644 2645
f 2519 2645 2646
f 2519 2646 2647
f 2519 2647 2520
f 2520 2647 2648
f 2520 2648 2526
f 2520 2526 2521
f 2521 2528 2525
f 2521 2525 2523
f 2521 2523 2522
f 2521 2526 2528
f 2523 2525 2524
f 2526 2649 2650
f 2526 2650 2651
f 2526 2651 2529
f 2526 2529 2527
f 2526 2648 2649
f 2529 2650 2652
f 2529 2652 2653
f 2529 2653 2654
f 2529 2654 2655
f 2529 2655 2656
f 2529 2656 2530
f 2529 2651 2650
f 2530 2656 2657
f 2530 2657 2658
f 2530 2658 2531
f 2531 2658 2532
f 2532 2658 2534
f 2532 2534 2533
f 2534 2658 2535
f 2535 2659 2660
f 2535 2660 2537
f 2535 2537 2536
f 2535 2658 2661
f 2535 2661 2659
f 2537 2662 2538
f 2537 2660 2662
f 2538 2662 2539
f 2539 2662 2663
f 2539 2663 2664
f 2539 2664 2540
f 2540 2664 2541
f 2541 2664 2544
f 2541 2544 2542
f 2544 2664 2665
f 2544 2665 2666
f 2544 2666 2545
f 2545 2666 2667
f 2545 2667 2547
f 2547 2667 2668
f 2547 2668 2669
f 2547 2669 2548
f 2548 2669 2549
f 2549 2669 2550
f 2550 2669 2551
f 2551 2669 2670
f 2551 2670 2671
f 2551 2671 2672
f 2551 2672 2552
f 2552 2672 2673
f 2552 2673 2553
f 2553 2673 2674
f 2553 2674 2554
f 2554 2674 2555
f 2555 2674 2685
f 2555 2685 2571
f 2559 2569 2675
f 2559 2675 2560
f 2560 2675 2561
f 2561 2675 2562
f 2562 2676 2563
f 2562 2675 2677
f 2562 2677 2676
f 2563 2676 2678
f 2563 2678 2566
f 2565 2566 2576
f 2566 2678 2679
f 2566 2679 2680
f 2566 2680 2576
f 2568 2570 2681
f 2568 2681 2682
f 2568 2682 2569
f 2569 2683 2675
f 2569 2682 2684
f 2569 2684 2683
f 2570 2573 2685
f 2570 2685 2681
f 2571 2685 2573
f 2574 2575 2583
f 2574 2583 2686
f 2574 2686 2590
f 2576 2680 2577
f 2577 2680 2578
f 2578 2680 2687
f 2578 2687 2688
f 2578 2688 2579
f 2579 2688 2580
f 2580 2688 2689
f 2580 2689 2582
f 2580 2582 2581
f 2582 2690 2686
f 2582 2686 2583
f 2582 2689 2691
f 2582 2691 2690
f 2584 2692 2585
f 2584 2592 2692
f 2585 2606 2587
f 2585 2692 2606
f 2587 2606 2589
f 2587 2589 2588
f 2589 2606 2605
f 2590 2686 2591
f 2591 2686 2693
f 2591 2693 2694
f 2591 2694 2592
f 2592 2694 2695
f 2592 2695 2696
f 2592 2696 2697
f 2592 2697 2698
f 2592 2698 2699
f 2592 2699 2700
f 2592 2700 2692
f 2593 2595 2701
f 2593 2701 2600
f 2594 2599 2595
f 2595 2702 2703
f 2595 2703 2701
f 2595 2599 2704
f 2595 2704 2705
f 2595 2705 2706
f 2595 2706 2702
f 2596 2604 2597
f 2597 2707 2708
f 2597 2708 2599
f 2597 2604 2603
f 2597 2603 2709
f 2597 2709 2710
f 2597 2710 2707
f 2599 2708 2705
f 2599 2705 2704
f 2600 2701 2711
f 2600 2711 2601
f 2601 2711 2613
f 2603 2610 2609
f 2603 2609 2712
f 2603 2712 2713
f 2603 2713 2714
f 2603 2714 2709
f 2606 2692 2607
f 2607 2692 2715
f 2607 2715 2716
f 2607 2716 2608
f 2608 2716 2717
f 2608 2717 2718
f 2608 2718 2719
f 2608 2719 2609
f 2609 2719 2712
f 2611 2614 2720
f 2611 2720 2721
f 2611 2721 2615
f 2611 2615 2612
f 2613 2711 2614
f 2614 2711 2720
f 2615 2721 2722
f 2615 2722 2723
f 2615 2723 2616
f 2616 2724 2617
f 2616 2723 2725
f 2616 2725 2726
f 2616 2726 2724
f 2617 2727 2618
f 2617 2724 2728
f 2617 2728 2729
f 2617 2729 2730
f 2617 2730 2727
f 2618 2727 2731
f 2619 2732 2620
f 2620 2732 2621
f 2621 2732 2733
f 2621 2733 2734
f 2621 2734 2735
f 2621 2735 2625
f 2622 2625 2734
f 2622 2734 2736
f 2622 2736 2623
f 2623 2736 2737
f 2623 2737 2624
f 2624 2737 2626
f 2625 2735 2734
f 2626 2737 2627
f 2627 2738 2739
f 2627 2739 2740
f 2627 2740 2628
f 2627 2737 2738
f 2628 2740 2741
f 2628 2741 2629
f 2629 2741 2742
f 2629 2742 2743
f 2629 2743 2744
f 2629 2744 2630
f 2630 2744 2745
f 2630 2745 2631
f 2631 2745 2632
f 2632 2745 2746
f 2632 2746 2633
f 2633 2747 2634
f 2633 2746 2747
f 2634 2636 2635
f 2634 2747 2637
f 2634 2637 2636
f 2637 2747 2638
f 2638 2748 2749
f 2638 2749 2639
f 2638 2747 2748
f 2639 2749 2640
f 2640 2749 2750
f 2640 2750 2641
f 2641 2643 2642
f 2641 2750 2751
f 2641 2751 2752
f 2641 2752 2753
f 2641 2753 2643
f 2643 2753 2644
f 2644 2753 2645
f 2645 2753 2646
f 2646 2754 2755
f 2646 2755 2756
f 2646 2756 2757
f 2646 2757 2647
f 2646 2753 2758
f 2646 2758 2754
f 2647 2757 2759
f 2647 2759 2649
f 2647 2649 2648
f 2649 2759 2757
f 2649 2757 2650
f 2650 2756 2760
f 2650 2760 2653
f 2650 2653 2652
f 2650 2757 2756
f 2653 2761 2762
f 2653 2762 2763
f 2653 2763 2764
f 2653 2764 2765
f 2653 2765 2654
f 2653 2760 2761
f 2654 2765 2764
f 2654 2764 2655
f 2655 2657 2656
f 2655 2764 2657
f 2657 2764 2658
f 2658 2764 2661
f 2659 2661 2766
f 2659 2766 2767
f 2659 2767 2768
f 2659 2768 2660
f 2660 2768 2769
f 2660 2769 2662
f 2661 2764 2763
f 2661 2763 2762
f 2661 2762 2766
f 2662 2770 2663
f 2662 2769 2770
f 2663 2770 2771
f 2663 2771 2772
f 2663 2772 2773
f 2663 2773 2774
f 2663 2774 2775
f 2663 2775 2776
f 2663 2776 2664
f 2664 2776 2665
f 2665 2777 2778
f 2665 2778 2779
f 2665 2779 2666
f 2665 2776 2775
f 2665 2775 2777
f 2666 2779 2667
f 2667 2779 2780
f 2667 2780 2668
f 2668 2670 2669
f 2668 2780 2781
f 2668 2781 2782
f 2668 2782 2671
f 2668 2671 2670
f 2671 2782 2783
f 2671 2783 2784
f 2671 2784 2672
f 2672 2784 2785
f 2672 2785 2786
f 2672 2786 2673
f 2673 2786 2674
f 2674 2786 2795
f 2674 2795 2685
f 2675 2683 2677
f 2676 2677 2787
f 2676 2787 2788
f 2676 2788 2678
f 2677 2683 2684
f 2677 2684 2789
f 2677 2789 2790
f 2677 2790 2787
f 2678 2788 2679
f 2679 2788 2791
f 2679 2791 2792
f 2679 2792 2793
f 2679 2793 2794
f 2679 2794 2680
f 2680 2794 2687
f 2681 2685 2795
f 2681 2795 2682
f 2682 2795 2796
f 2682 2796 2797
f 2682 2797 2684
f 2684 2797 2798
f 2684 2798 2789
f 2686 2690 2799
f 2686 2799 2693
f 2687 2800 2801
f 2687 2801 2688
f 2687 2794 2793
f 2687 2793 2802
f 2687 2802 2803
f 2687 2803 2804
f 2687 2804 2800
f 2688 2805 2689
f 2688 2801 2805
f 2689 2805 2806
f 2689 2806 2691
f 2690 2691 2807
f 2690 2807 2808
f 2690 2808 2697
f 2690 2697 2799
f 2691 2806 2809
f 2691 2809 2807
f 2692 2700 2699
f 2692 2699 2810
f 2692 2810 2715
f 2693 2799 2695
f 2693 2695 2694
f 2695 2799 2696
f 2696 2799 2811
f 2696 2811 2697
f 2697 2812 2699
f 2697 2699 2698
f 2697 2811 2799
f 2697 2808 2813
f 2697 2813 2812
f 2699 2812 2814
f 2699 2814 2815
f 2699 2815 2810
f 2701 2816 2711
f 2701 2703 2817
f 2701 2817 2816
f 2702 2818 2817
f 2702 2817 2703
f 2702 2706 2818
f 2705 2708 2819
f 2705 2819 2706
f 2706 2819 2818
f 2707 2819 2708
f 2707 2710 2820
f 2707 2820 2821
f 2707 2821 2819
f 2709 2714 2822
f 2709 2822 2710
f 2710 2822 2820
f 2711 2823 2720
f 2711 2816 2824
f 2711 2824 2825
f 2711 2825 2823
f 2712 2719 2826
f 2712 2826 2827
f 2712 2827 2714
f 2712 2714 2713
f 2714 2828 2822
f 2714 2827 2828
f 2715 2810 2716
f 2716 2810 2829
f 2716 2829 2815
f 2716 2815 2717
f 2717 2815 2814
f 2717 2814 2830
f 2717 2830 2831
f 2717 2831 2832
f 2717 2832 2826
f 2717 2826 2718
f 2718 2826 2719
f 2720 2823 2833
f 2720 2833 2721
f 2721 2833 2834
f 2721 2834 2722
f 2722 2834 2835
f 2722 2835 2723
f 2723 2835 2725
f 2724 2726 2729
f 2724 2729 2728
f 2725 2835 2836
f 2725 2836 2726
f 2726 2836 2729
f 2727 2730 2837
f 2727 2837 2731
f 2729 2836 2838
f 2729 2838 2839
f 2729 2839 2840
f 2729 2840 2841
f 2729 2841 2842
f 2729 2842 2843
f 2729 2843 2844
f 2729 2844 2730
f 2730 2844 2845
f 2730 2845 2837
f 2732 2846 2733
f 2733 2846 2847
f 2733 2847 2848
f 2733 2848 2734
f 2734 2849 2850
f 2734 2850 2851
f 2734 2851 2852
f 2734 2852 2853
f 2734 2853 2854
f 2734 2854 2855
f 2734 2855 2736
f 2734 2848 2849
f 2736 2855 2737
f 2737 2855 2856
f 2737 2856 2857
f 2737 2857 2738
f 2738 2857 2858
f 2738 2858 2739
f 2739 2858 2740
f 2740 2858 2741
f 2741 2858 2859
f 2741 2859 2860
f 2741 2860 2861
f 2741 2861 2743
f 2741 2743 2742
f 2743 2860 2746
f 2743 2746 2862
f 2743 2862 2745
f 2743 2745 2744
f 2743 2861 2860
f 2745 2862 2746
f 2746 2860 2863
f 2746 2863 2864
f 2746 2864 2747
f 2747 2864 2865
f 2747 2865 2863
f 2747 2863 2866
f 2747 2866 2867
f 2747 2867 2868
f 2747 2868 2869
f 2747 2869 2870
f 2747 2870 2748
f 2748 2870 2871
f 2748 2871 2872
f 2748 2872 2749
f 2749 2872 2751
f 2749 2751 2750
f 2751 2872 2752
f 2752 2758 2753
f 2752 2872 2873
f 2752 2873 2758
f 2754 2758 2874
f 2754 2874 2875
f 2754 2875 2876
f 2754 2876 2755
f 2755 2876 2877
f 2755 2877 2756
f 2756 2877 2760
f 2758 2873 2872
f 2758 2872 2878
f 2758 2878 2879
f 2758 2879 2880
f 2758 2880 2881
f 2758 2881 2874
f 2760 2877 2882
f 2760 2882 2883
f 2760 2883 2884
f 2760 2884 2761
f 2761 2884 2885
f 2761 2885 2886
f 2761 2886 2887
f 2761 2887 2762
f 2762 2887 2888
f 2762 2888 2767
f 2762 2767 2766
f 2767 2888 2768
f 2768 2889 2890
f 2768 2890 2891
f 2768 2891 2892
f 2768 2892 2893
f 2768 2893 2769
f 2768 2888 2887
f 2768 2887 2889
f 2769 2893 2770
f 2770 2893 2892
f 2770 2892 2771
f 2771 2892 2772
f 2772 2894 2773
f 2772 2892 2891
f 2772 2891 2894
f 2773 2894 2895
f 2773 2895 2774
f 2774 2895 2896
f 2774 2896 2897
f 2774 2897 2777
f 2774 2777 2775
f 2777 2897 2898
f 2777 2898 2778
f 2778 2898 2899
f 2778 2899 2900
f 2778 2900 2779
f 2779 2900 2781
f 2779 2781 2780
f 2781 2900 2901
f 2781 2901 2783
f 2781 2783 2782
f 2783 2901 2905
f 2783 2905 2798
f 2783 2798 2910
f 2783 2910 2902
f 2783 2902 2784
f 2784 2902 2903
f 2784 2903 2785
f 2785 2903 2909
f 2785 2909 2796
f 2785 2796 2795
f 2785 2795 2786
f 2787 2790 2904
f 2787 2904 2788
f 2788 2904 2791
f 2789 2798 2790
f 2790 2798 2905
f 2790 2905 2904
f 2791 2904 2906
f 2791 2906 2907
f 2791 2907 2792
f 2792 2908 2802
f 2792 2802 2793
f 2792 2907 2908
f 2796 2909 2797
f 2797 2909 2910
f 2797 2910 2798
f 2800 2911 2801
f 2800 2804 2911
f 2801 2911 2912
f 2801 2912 2805
f 2802 2908 2913
f 2802 2913 2914
f 2802 2914 2803
f 2803 2914 2915
f 2803 2915 2804
f 2804 2915 2916
f 2804 2916 2911
f 2805 2912 2806
f 2806 2912 2911
f 2806 2911 2916
f 2806 2916 2917
f 2806 2917 2918
f 2806 2918 2919
f 2806 2919 2920
f 2806 2920 2809
f 2807 2809 2808
f 2808 2809 2920
f 2808 2920 2919
f 2808 2919 2813
f 2810 2815 2829
f 2812 2921 2814
f 2812 2813 2922
f 2812 2922 2923
f 2812 2923 2924
f 2812 2924 2921
f 2813 2919 2925
f 2813 2925 2926
f 2813 2926 2922
f 2814 2921 2927
f 2814 2927 2830
f 2816 2817 2824
f 2817 2818 2928
f 2817 2928 2824
f 2818 2929 2930
f 2818 2930 2931
f 2818 2931 2824
f 2818 2824 2928
f 2818 2819 2929
f 2819 2821 2932
f 2819 2932 2933
f 2819 2933 2934
f 2819 2934 2935
f 2819 2935 2936
f 2819 2936 2937
f 2819 2937 2930
f 2819 2930 2938
f 2819 2938 2929
f 2820 2822 2828
f 2820 2828 2939
f 2820 2939 2821
f 2821 2939 2940
f 2821 2940 2932
f 2823 2825 2824
f 2823 2824 2941
f 2823 2941 2931
f 2823 2931 2942
f 2823 2942 2943
f 2823 2943 2833
f 2824 2931 2941
f 2826 2832 2944
f 2826 2944 2827
f 2827 2944 2828
f 2828 2944 2939
f 2830 2927 2831
f 2831 2927 2945
f 2831 2945 2946
f 2831 2946 2832
f 2832 2946 2947
f 2832 2947 2948
f 2832 2948 2949
f 2832 2949 2950
f 2832 2950 2939
f 2832 2939 2951
f 2832 2951 2944
f 2833 2943 2952
f 2833 2952 2834
f 2834 2952 2943
f 2834 2943 2953
f 2834 2953 2835
f 2835 2953 2954
f 2835 2954 2838
f 2835 2838 2836
f 2838 2954 2953
f 2838 2953 2955
f 2838 2955 2839
f 2839 2955 2956
f 2839 2956 2841
f 2839 2841 2840
f 2841 2957 2842
f 2841 2956 2958
f 2841 2958 2959
f 2841 2959 2960
f 2841 2960 2957
f 2843 2961 2844
f 2844 2961 2845
f 2847 2849 2848
f 2851 2962 2852
f 2852 2962 2963
f 2852 2963 2964
f 2852 2964 2965
f 2852 2965 2854
f 2852 2854 2853
f 2854 2965 2966
f 2854 2966 2855
f 2855 2966 2857
f 2855 2857 2856
f 2857 2966 2965
f 2857 2965 2967
f 2857 2967 2968
f 2857 2968 2969
f 2857 2969 2970
f 2857 2970 2971
f 2857 2971 2860
f 2857 2860 2858
f 2858 2860 2859
f 2860 2971 2972
f 2860 2972 2867
f 2860 2867 2863
f 2863 2867 2866
f 2863 2865 2864
f 2867 2972 2868
f 2868 2972 2973
f 2868 2973 2974
f 2868 2974 2975
f 2868 2975 2869
f 2869 2975 2870
f 2870 2974 2872
f 2870 2872 2871
f 2870 2975 2974
f 2872 2974 2976
f 2872 2976 2878
f 2874 2880 2875
f 2874 2881 2880
f 2875 2880 2977
f 2875 2977 2876
f 2876 2977 2978
f 2876 2978 2979
f 2876 2979 2877
f 2877 2979 2882
f 2878 2976 2879
f 2879 2976 2980
f 2879 2980 2880
f 2880 2980 2976
f 2880 2976 2981
f 2880 2981 2982
f 2880 2982 2983
f 2880 2983 2984
f 2880 2984 2985
f 2880 2985 2977
f 2882 2979 2883
f 2883 2979 2884
f 2884 2986 2987
f 2884 2987 2988
f 2884 2988 2989
f 2884 2989 2885
f 2884 2979 2990
f 2884 2990 2991
f 2884 2991 2992
f 2884 2992 2986
f 2885 2989 2886
f 2886 2989 2993
f 2886 2993 2887
f 2887 2993 2889
f 2889 2993 2994
f 2889 2994 2890
f 2890 2994 2995
f 2890 2995 2996
f 2890 2996 2997
f 2890 2997 2891
f 2891 2997 2894
f 2894 2997 2998
f 2894 2998 2999
f 2894 2999 2895
f 2895 2999 3000
f 2895 3000 3001
f 2895 3001 3002
f 2895 3002 2896
f 2896 3002 3003
f 2896 3003 2897
f 2897 3003 3004
f 2897 3004 2898
f 2898 3004 3005
f 2898 3005 2899
f 2899 3005 3006
f 2899 3006 2900
f 2900 3006 3007
f 2900 3007 2901
f 2901 3007 3008
f 2901 3008 2905
f 2902 2910 2909
f 2902 2909 2903
f 2904 2905 3008
f 2904 3008 3009
f 2904 3009 2906
f 2906 3009 3010
f 2906 3010 2907
f 2907 3011 2908
f 2907 3010 3011
f 2908 3011 3012
f 2908 3012 2913
f 2913 3012 3013
f 2913 3013 2914
f 2914 3014 3015
f 2914 3015 2915
f 2914 3013 3016
f 2914 3016 3014
f 2915 3017 2916
f 2915 3015 3018
f 2915 3018 3017
f 2916 3017 2917
f 2917 3017 3019
f 2917 3019 3020
f 2917 3020 2918
f 2918 3020 3021
f 2918 3021 2919
f 2919 3021 2925
f 2921 2924 3022
f 2921 3022 2927
f 2922 2926 3023
f 2922 3023 3024
f 2922 3024 3025
f 2922 3025 3026
f 2922 3026 3027
f 2922 3027 3028
f 2922 3028 3029
f 2922 3029 3022
f 2922 3022 2923
f 2923 3022 2924
f 2925 3021 3023
f 2925 3023 2926
f 2927 3030 3031
f 2927 3031 2945
f 2927 3022 3030
f 2929 2938 2930
f 2930 2937 2936
f 2930 2936 2931
f 2931 2943 2942
f 2931 2936 3032
f 2931 3032 3033
f 2931 3033 2953
f 2931 2953 2943
f 2932 2940 2939
f 2932 2939 3034
f 2932 3034 3035
f 2932 3035 2933
f 2933 2935 2934
f 2933 3035 3034
f 2933 3034 2935
f 2935 3036 3032
f 2935 3032 2936
f 2935 3034 3036
f 2939 2944 2951
f 2939 2950 3037
f 2939 3037 3034
f 2945 3031 2948
f 2945 2948 2946
f 2946 2948 2947
f 2948 3038 3039
f 2948 3039 3040
f 2948 3040 3037
f 2948 3037 3041
f 2948 3041 2949
f 2948 3031 3042
f 2948 3042 3043
f 2948 3043 3038
f 2949 3041 3037
f 2949 3037 2950
f 2953 3044 2956
f 2953 2956 2955
f 2953 3033 3045
f 2953 3045 3046
f 2953 3046 3047
f 2953 3047 3044
f 2956 3044 2958
f 2958 3044 3048
f 2958 3048 3049
f 2958 3049 3050
f 2958 3050 2959
f 2959 3050 2960
f 2960 3050 3051
f 2963 3052 3053
f 2963 3053 2964
f 2964 3053 3054
f 2964 3054 3055
f 2964 3055 2967
f 2964 2967 2965
f 2967 3055 2969
f 2967 2969 2968
f 2969 3055 3054
f 2969 3054 3056
f 2969 3056 3057
f 2969 3057 3058
f 2969 3058 2970
f 2970 3058 3059
f 2970 3059 2972
f 2970 2972 2971
f 2972 3059 3058
f 2972 3058 3060
f 2972 3060 2973
f 2973 3060 2974
f 2974 3061 3062
f 2974 3062 3063
f 2974 3063 3064
f 2974 3064 2976
f 2974 3060 3057
f 2974 3057 3065
f 2974 3065 3061
f 2976 3064 3063
f 2976 3063 2981
f 2977 2985 2990
f 2977 2990 2978
f 2978 2990 3066
f 2978 3066 2979
f 2979 3066 2990
f 2981 3063 2982
f 2982 3063 3062
f 2982 3062 3067
f 2982 3067 3068
f 2982 3068 3069
f 2982 3069 2983
f 2983 3070 2984
f 2983 3069 3070
f 2984 3070 3071
f 2984 3071 2985
f 2985 3071 3072
f 2985 3072 3073
f 2985 3073 3074
f 2985 3074 2990
f 2986 2992 3075
f 2986 3075 2987
f 2987 3075 3076
f 2987 3076 3077
f 2987 3077 2988
f 2988 3077 3078
f 2988 3078 3079
f 2988 3079 2995
f 2988 2995 2989
f 2989 2995 2994
f 2989 2994 2993
f 2990 3074 2991
f 2991 3080 2992
f 2991 3074 3080
f 2992 3080 3075
f 2995 3079 3078
f 2995 3078 3081
f 2995 3081 3082
f 2995 3082 2996
f 2996 3082 3083
f 2996 3083 2998
f 2996 2998 2997
f 2998 3083 3084
f 2998 3084 2999
f 2999 3084 3000
f 3000 3084 3085
f 3000 3085 3086
f 3000 3086 3001
f 3001 3086 3087
f 3001 3087 3002
f 3002 3087 3088
f 3002 3088 3003
f 3003 3088 3089
f 3003 3089 3090
f 3003 3090 3004
f 3004 3090 3005
f 3005 3090 3091
f 3005 3091 3010
f 3005 3010 3009
f 3005 3009 3006
f 3006 3009 3008
f 3006 3008 3007
f 3010 3091 3011
f 3011 3091 3092
f 3011 3092 3012
f 3012 3092 3093
f 3012 3093 3013
f 3013 3093 3094
f 3013 3094 3016
f 3014 3095 3015
f 3014 3016 3096
f 3014 3096 3097
f 3014 3097 3095
f 3015 3095 3018
f 3016 3094 3096
f 3017 3018 3098
f 3017 3098 3019
f 3018 3095 3099
f 3018 3099 3098
f 3019 3098 3100
f 3019 3100 3101
f 3019 3101 3102
f 3019 3102 3103
f 3019 3103 3024
f 3019 3024 3023
f 3019 3023 3020
f 3020 3023 3021
f 3022 3029 3031
f 3022 3031 3030
f 3024 3103 3102
f 3024 3102 3104
f 3024 3104 3025
f 3025 3105 3026
f 3025 3104 3106
f 3025 3106 3105
f 3026 3105 3027
f 3027 3107 3108
f 3027 3108 3109
f 3027 3109 3028
f 3027 3105 3107
f 3028 3109 3042
f 3028 3042 3029
f 3029 3042 3031
f 3032 3110 3045
f 3032 3045 3033
f 3032 3036 3111
f 3032 3111 3110
f 3034 3037 3112
f 3034 3112 3113
f 3034 3113 3114
f 3034 3114 3115
f 3034 3115 3116
f 3034 3116 3117
f 3034 3117 3036
f 3036 3117 3111
f 3037 3040 3118
f 3037 3118 3112
f 3038 3043 3119
f 3038 3119 3120
f 3038 3120 3039
f 3039 3120 3121
f 3039 3121 3122
f 3039 3122 3113
f 3039 3113 3118
f 3039 3118 3040
f 3042 3109 3123
f 3042 3123 3124
f 3042 3124 3125
f 3042 3125 3126
f 3042 3126 3043
f 3043 3126 3119
f 3044 3047 3046
f 3044 3046 3048
f 3045 3110 3111
f 3045 3111 3046
f 3046 3111 3116
f 3046 3116 3127
f 3046 3127 3049
f 3046 3049 3048
f 3049 3127 3050
f 3050 3127 3128
f 3050 3128 3129
f 3050 3129 3051
f 3052 3130 3131
f 3052 3131 3053
f 3053 3131 3056
f 3053 3056 3054
f 3056 3131 3132
f 3056 3132 3133
f 3056 3133 3134
f 3056 3134 3135
f 3056 3135 3136
f 3056 3136 3057
f 3057 3060 3058
f 3057 3136 3065
f 3061 3134 3062
f 3061 3065 3136
f 3061 3136 3134
f 3062 3137 3067
f 3062 3134 3137
f 3067 3138 3139
f 3067 3139 3140
f 3067 3140 3068
f 3067 3137 3141
f 3067 3141 3138
f 3068 3140 3142
f 3068 3142 3069
f 3069 3142 3143
f 3069 3143 3070
f 3070 3144 3145
f 3070 3145 3071
f 3070 3143 3144
f 3071 3145 3072
f 3072 3145 3146
f 3072 3146 3073
f 3073 3146 3147
f 3073 3147 3148
f 3073 3148 3080
f 3073 3080 3074
f 3075 3149 3150
f 3075 3150 3151
f 3075 3151 3076
f 3075 3080 3148
f 3075 3148 3149
f 3076 3151 3077
f 3077 3151 3078
f 3078 3151 3152
f 3078 3152 3081
f 3081 3152 3153
f 3081 3153 3154
f 3081 3154 3155
f 3081 3155 3082
f 3082 3155 3083
f 3083 3155 3156
f 3083 3156 3157
f 3083 3157 3085
f 3083 3085 3084
f 3085 3157 3158
f 3085 3158 3159
f 3085 3159 3088
f 3085 3088 3086
f 3086 3088 3087
f 3088 3159 3160
f 3088 3160 3093
f 3088 3093 3092
f 3088 3092 3089
f 3089 3092 3091
f 3089 3091 3090
f 3093 3160 3097
f 3093 3097 3096
f 3093 3096 3094
f 3095 3097 3099
f 3097 3161 3162
f 3097 3162 3099
f 3097 3160 3161
f 3098 3099 3100
f 3099 3163 3164
f 3099 3164 3100
f 3099 3162 3163
f 3100 3164 3101
f 3101 3164 3165
f 3101 3165 3166
f 3101 3166 3167
f 3101 3167 3102
f 3102 3167 3168
f 3102 3168 3104
f 3104 3168 3106
f 3105 3169 3107
f 3105 3106 3168
f 3105 3168 3170
f 3105 3170 3171
f 3105 3171 3172
f 3105 3172 3169
f 3107 3124 3108
f 3107 3169 3124
f 3108 3124 3123
f 3108 3123 3109
f 3111 3117 3116
f 3112 3118 3113
f 3113 3122 3173
f 3113 3173 3114
f 3114 3173 3174
f 3114 3174 3115
f 3115 3174 3116
f 3116 3174 3127
f 3119 3175 3120
f 3119 3126 3176
f 3119 3176 3177
f 3119 3177 3175
f 3120 3175 3178
f 3120 3178 3121
f 3121 3179 3122
f 3121 3178 3179
f 3122 3180 3181
f 3122 3181 3182
f 3122 3182 3183
f 3122 3183 3173
f 3122 3179 3180
f 3124 3184 3125
f 3124 3169 3185
f 3124 3185 3184
f 3125 3176 3126
f 3125 3184 3176
f 3127 3174 3173
f 3127 3173 3186
f 3127 3186 3187
f 3127 3187 3128
f 3128 3188 3129
f 3128 3187 3188
f 3130 3189 3131
f 3131 3189 3132
f 3132 3189 3190
f 3132 3190 3191
f 3132 3191 3192
f 3132 3192 3141
f 3132 3141 3134
f 3132 3134 3133
f 3134 3136 3135
f 3134 3141 3137
f 3138 3141 3193
f 3138 3193 3194
f 3138 3194 3195
f 3138 3195 3139
f 3139 3196 3140
f 3139 3195 3196
f 3140 3196 3197
f 3140 3197 3198
f 3140 3198 3142
f 3141 3192 3199
f 3141 3199 3200
f 3141 3200 3193
f 3142 3201 3202
f 3142 3202 3144
f 3142 3144 3143
f 3142 3198 3201
f 3144 3203 3204
f 3144 3204 3205
f 3144 3205 3206
f 3144 3206 3145
f 3144 3202 3203
f 3145 3206 3207
f 3145 3207 3146
f 3146 3207 3147
f 3147 3205 3208
f 3147 3208 3209
f 3147 3209 3210
f 3147 3210 3149
f 3147 3149 3148
f 3147 3207 3206
f 3147 3206 3205
f 3149 3210 3211
f 3149 3211 3212
f 3149 3212 3213
f 3149 3213 3150
f 3150 3213 3214
f 3150 3214 3151
f 3151 3214 3215
f 3151 3215 3152
f 3152 3216 3217
f 3152 3217 3218
f 3152 3218 3219
f 3152 3219 3153
f 3152 3215 3216
f 3153 3219 3154
f 3154 3156 3155
f 3154 3219 3220
f 3154 3220 3156
f 3156 3220 3221
f 3156 3221 3157
f 3157 3221 3158
f 3158 3222 3223
f 3158 3223 3224
f 3158 3224 3159
f 3158 3221 3222
f 3159 3224 3225
f 3159 3225 3160
f 3160 3225 3161
f 3161 3226 3162
f 3161 3225 3227
f 3161 3227 3228
f 3161 3228 3226
f 3162 3226 3163
f 3163 3165 3164
f 3163 3226 3229
f 3163 3229 3165
f 3165 3230 3166
f 3165 3229 3230
f 3166 3230 3167
f 3167 3230 3231
f 3167 3231 3232
f 3167 3232 3233
f 3167 3233 3234
f 3167 3234 3168
f 3168 3234 3235
f 3168 3235 3170
f 3169 3172 3185
f 3170 3235 3236
f 3170 3236 3171
f 3171 3236 3172
f 3172 3236 3237
f 3172 3237 3238
f 3172 3238 3239
f 3172 3239 3185
f 3173 3183 3182
f 3173 3182 3187
f 3173 3187 3186
f 3175 3177 3178
f 3176 3184 3240
f 3176 3240 3241
f 3176 3241 3177
f 3177 3242 3243
f 3177 3243 3178
f 3177 3241 3244
f 3177 3244 3245
f 3177 3245 3242
f 3178 3246 3247
f 3178 3247 3179
f 3178 3243 3246
f 3179 3247 3248
f 3179 3248 3249
f 3179 3249 3180
f 3180 3249 3250
f 3180 3250 3181
f 3181 3250 3251
f 3181 3251 3252
f 3181 3252 3253
f 3181 3253 3182
f 3182 3253 3254
f 3182 3254 3255
f 3182 3255 3187
f 3184 3185 3240
f 3185 3239 3256
f 3185 3256 3257
f 3185 3257 3244
f 3185 3244 3241
f 3185 3241 3240
f 3187 3255 3258
f 3187 3258 3259
f 3187 3259 3188
f 3191 3260 3261
f 3191 3261 3192
f 3192 3261 3199
f 3193 3200 3262
f 3193 3262 3194
f 3194 3262 3263
f 3194 3263 3195
f 3195 3264 3196
f 3195 3263 3265
f 3195 3265 3264
f 3196 3266 3267
f 3196 3267 3268
f 3196 3268 3197
f 3196 3264 3266
f 3197 3268 3201
f 3197 3201 3198
f 3199 3261 3262
f 3199 3262 3200
f 3201 3268 3202
f 3202 3268 3269
f 3202 3269 3270
f 3202 3270 3203
f 3203 3270 3204
f 3204 3270 3205
f 3205 3270 3271
f 3205 3271 3272
f 3205 3272 3273
f 3205 3273 3208
f 3208 3273 3211
f 3208 3211 3210
f 3208 3210 3209
f 3211 3273 3274
f 3211 3274 3275
f 3211 3275 3212
f 3212 3275 3215
f 3212 3215 3213
f 3213 3215 3214
f 3215 3275 3276
f 3215 3276 3277
f 3215 3277 3216
f 3216 3277 3217
f 3217 3277 3278
f 3217 3278 3279
f 3217 3279 3218
f 3218 3279 3280
f 3218 3280 3219
f 3219 3280 3220
f 3220 3280 3281
f 3220 3281 3221
f 3221 3281 3222
f 3222 3281 3282
f 3222 3282 3284
f 3222 3284 3228
f 3222 3228 3227
f 3222 3227 3223
f 3223 3227 3225
f 3223 3225 3224
f 3226 3228 3283
f 3226 3283 3229
f 3228 3284 3283
f 3229 3283 3285
f 3229 3285 3230
f 3230 3285 3231
f 3231 3285 3286
f 3231 3286 3232
f 3232 3286 3287
f 3232 3287 3288
f 3232 3288 3233
f 3233 3288 3234
f 3234 3288 3289
f 3234 3289 3290
f 3234 3290 3291
f 3234 3291 3292
f 3234 3292 3293
f 3234 3293 3235
f 3235 3293 3236
f 3236 3293 3237
f 3237 3293 3238
f 3238 3294 3295
f 3238 3295 3257
f 3238 3257 3239
f 3238 3293 3294
f 3239 3257 3256
f 3242 3245 3243
f 3243 3245 3296
f 3243 3296 3297
f 3243 3297 3298
f 3243 3298 3246
f 3244 3257 3295
f 3244 3295 3299
f 3244 3299 3300
f 3244 3300 3301
f 3244 3301 3296
f 3244 3296 3245
f 3246 3298 3248
f 3246 3248 3247
f 3248 3298 3249
f 3249 3298 3302
f 3249 3302 3303
f 3249 3303 3304
f 3249 3304 3250
f 3250 3304 3305
f 3250 3305 3251
f 3251 3305 3306
f 3251 3306 3307
f 3251 3307 3252
f 3252 3307 3308
f 3252 3308 3254
f 3252 3254 3253
f 3254 3308 3255
f 3255 3308 3309
f 3255 3309 3258
f 3260 3310 3261
f 3261 3310 3311
f 3261 3311 3262
f 3262 3311 3263
f 3263 3311 3310
f 3263 3310 3312
f 3263 3312 3313
f 3263 3313 3265
f 3264 3314 3266
f 3264 3265 3314
f 3265 3313 3315
f 3265 3315 3266
f 3265 3266 3314
f 3266 3315 3316
f 3266 3316 3317
f 3266 3317 3318
f 3266 3318 3319
f 3266 3319 3267
f 3267 3319 3320
f 3267 3320 3268
f 3268 3320 3269
f 3269 3320 3271
f 3269 3271 3270
f 3271 3321 3322
f 3271 3322 3272
f 3271 3320 3321
f 3272 3322 3323
f 3272 3323 3273
f 3273 3323 3324
f 3273 3324 3325
f 3273 3325 3326
f 3273 3326 3327
f 3273 3327 3276
f 3273 3276 3274
f 3274 3276 3328
f 3274 3328 3275
f 3275 3328 3276
f 3276 3327 3329
f 3276 3329 3330
f 3276 3330 3277
f 3277 3330 3278
f 3278 3331 3332
f 3278 3332 3333
f 3278 3333 3279
f 3278 3330 3331
f 3279 3333 3334
f 3279 3334 3280
f 3280 3334 3281
f 3281 3334 3282
f 3282 3334 3335
f 3282 3335 3337
f 3282 3337 3284
f 3283 3284 3336
f 3283 3336 3285
f 3284 3337 3336
f 3285 3336 3286
f 3286 3338 3287
f 3286 3336 3338
f 3287 3339 3340
f 3287 3340 3289
f 3287 3289 3288
f 3287 3338 3341
f 3287 3341 3339
f 3289 3340 3290
f 3290 3342 3291
f 3290 3340 3343
f 3290 3343 3342
f 3291 3293 3292
f 3291 3342 3344
f 3291 3344 3345
f 3291 3345 3346
f 3291 3346 3295
f 3291 3295 3294
f 3291 3294 3293
f 3295 3346 3347
f 3295 3347 3348
f 3295 3348 3349
f 3295 3349 3300
f 3295 3300 3299
f 3296 3301 3297
f 3297 3350 3298
f 3297 3301 3350
f 3298 3350 3302
f 3300 3351 3301
f 3300 3349 3351
f 3301 3351 3352
f 3301 3352 3350
f 3302 3353 3303
f 3302 3350 3353
f 3303 3354 3355
f 3303 3355 3356
f 3303 3356 3305
f 3303 3305 3357
f 3303 3357 3304
f 3303 3353 3358
f 3303 3358 3359
f 3303 3359 3354
f 3304 3357 3305
f 3305 3360 3361
f 3305 3361 3306
f 3305 3356 3360
f 3306 3362 3307
f 3307 3362 3308
f 3316 3363 3364
f 3316 3364 3365
f 3316 3365 3317
f 3317 3365 3366
f 3317 3366 3367
f 3317 3367 3318
f 3318 3320 3319
f 3318 3367 3321
f 3318 3321 3320
f 3321 3367 3322
f 3322 3367 3323
f 3323 3368 3369
f 3323 3369 3370
f 3323 3370 3325
f 3323 3325 3324
f 3323 3367 3371
f 3323 3371 3368
f 3325 3370 3372
f 3325 3372 3373
f 3325 3373 3326
f 3326 3373 3327
f 3327 3373 3374
f 3327 3374 3375
f 3327 3375 3329
f 3329 3375 3376
f 3329 3376 3331
f 3329 3331 3330
f 3331 3376 3377
f 3331 3377 3332
f 3332 3377 3378
f 3332 3378 3333
f 3333 3378 3334
f 3334 3378 3335
f 3335 3378 3379
f 3335 3379 3337
f 3336 3337 3379
f 3336 3379 3338
f 3338 3379 3341
f 3339 3341 3380
f 3339 3380 3343
f 3339 3343 3340
f 3341 3379 3380
f 3342 3343 3344
f 3343 3381 3344
f 3343 3380 3381
f 3344 3381 3345
f 3345 3382 3347
f 3345 3347 3346
f 3345 3381 3383
f 3345 3383 3382
f 3347 3382 3384
f 3347 3384 3349
f 3347 3349 3348
f 3349 3384 3385
f 3349 3385 3386
f 3349 3386 3387
f 3349 3387 3388
f 3349 3388 3351
f 3350 3358 3353
f 3350 3352 3358
f 3351 3388 3352
f 3352 3388 3358
f 3354 3359 3390
f 3354 3390 3391
f 3354 3391 3389
f 3358 3388 3359
f 3359 3388 3392
f 3359 3392 3390
f 3363 3393 3394
f 3363 3394 3364
f 3364 3394 3395
f 3364 3395 3371
f 3364 3371 3367
f 3364 3367 3366
f 3364 3366 3365
f 3368 3396 3397
f 3368 3397 3398
f 3368 3398 3369
f 3368 3371 3396
f 3369 3398 3370
f 3370 3398 3399
f 3370 3399 3400
f 3370 3400 3372
f 3371 3395 3396
f 3372 3400 3401
f 3372 3401 3402
f 3372 3402 3373
f 3373 3402 3403
f 3373 3403 3374
f 3374 3403 3376
f 3374 3376 3375
f 3376 3403 3377
f 3377 3404 3405
f 3377 3405 3406
f 3377 3406 3407
f 3377 3407 3408
f 3377 3408 3378
f 3377 3403 3404
f 3378 3408 3409
f 3378 3409 3379
f 3379 3409 3380
f 3380 3410 3381
f 3380 3409 3411
f 3380 3411 3412
f 3380 3412 3413
f 3380 3413 3410
f 3381 3414 3383
f 3381 3410 3414
f 3382 3383 3414
f 3382 3414 3415
f 3382 3415 3384
f 3384 3415 3416
f 3384 3416 3417
f 3384 3417 3385
f 3385 3417 3386
f 3386 3417 3418
f 3386 3418 3419
f 3386 3419 3387
f 3387 3420 3391
f 3387 3391 3388
f 3387 3419 3420
f 3388 3391 3392
f 3389 3391 3422
f 3389 3422 3421
f 3390 3392 3391
f 3391 3420 3422
f 3393 3423 3424
f 3393 3424 3395
f 3393 3395 3394
f 3395 3424 3425
f 3395 3425 3426
f 3395 3426 3396
f 3396 3426 3456
f 3396 3456 3427
f 3396 3427 3397
f 3397 3427 3428
f 3397 3428 3429
f 3397 3429 3398
f 3398 3429 3399
f 3399 3429 3430
f 3399 3430 3400
f 3400 3430 3431
f 3400 3431 3432
f 3400 3432 3401
f 3401 3403 3402
f 3401 3432 3404
f 3401 3404 3403
f 3404 3432 3433
f 3404 3433 3405
f 3405 3434 3439
f 3405 3439 3413
f 3405 3413 3412
f 3405 3412 3406
f 3405 3433 3434
f 3406 3412 3436
f 3406 3436 3435
f 3406 3435 3407
f 3407 3435 3408
f 3408 3435 3436
f 3408 3436 3409
f 3409 3436 3411
f 3410 3437 3438
f 3410 3438 3414
f 3410 3413 3437
f 3411 3436 3412
f 3413 3439 3437
f 3414 3438 3440
f 3414 3440 3415
f 3415 3440 3441
f 3415 3441 3416
f 3416 3441 3442
f 3416 3442 3417
f 3417 3442 3418
f 3418 3443 3419
f 3418 3442 3444
f 3418 3444 3443
f 3419 3443 3470
f 3419 3470 3445
f 3419 3445 3420
f 3420 3446 3447
f 3420 3447 3448
f 3420 3448 3422
f 3420 3445 3446
f 3421 3422 3448
f 3421 3448 3449
f 3423 3450 3451
f 3423 3451 3424
f 3424 3451 3452
f 3424 3452 3453
f 3424 3453 3454
f 3424 3454 3426
f 3424 3426 3455
f 3424 3455 3425
f 3425 3455 3426
f 3426 3454 3456
f 3427 3456 3457
f 3427 3457 3428
f 3428 3457 3485
f 3428 3485 3458
f 3428 3458 3459
f 3428 3459 3429
f 3429 3459 3460
f 3429 3460 3430
f 3430 3460 3461
f 3430 3461 3431
f 3431 3461 3462
f 3431 3462 3463
f 3431 3463 3433
f 3431 3433 3432
f 3433 3463 3434
f 3434 3463 3464
f 3434 3464 3439
f 3437 3440 3438
f 3437 3439 3464
f 3437 3464 3440
f 3440 3465 3441
f 3440 3464 3466
f 3440 3466 3465
f 3441 3465 3467
f 3441 3467 3442
f 3442 3467 3468
f 3442 3468 3471
f 3442 3471 3444
f 3443 3444 3469
f 3443 3469 3470
f 3444 3471 3494
f 3444 3494 3469
f 3445 3470 3472
f 3445 3472 3447
f 3445 3447 3446
f 3447 3472 3473
f 3447 3473 3474
f 3447 3474 3475
f 3447 3475 3449
f 3447 3449 3448
f 3449 3475 3476
f 3450 3477 3478
f 3450 3478 3451
f 3451 3478 3479
f 3451 3479 3452
f 3452 3479 3454
f 3452 3454 3453
f 3454 3479 3480
f 3454 3480 3456
f 3456 3480 3481
f 3456 3481 3482
f 3456 3482 3457
f 3457 3482 3483
f 3457 3483 3484
f 3457 3484 3485
f 3458 3485 3512
f 3458 3512 3486
f 3458 3486 3487
f 3458 3487 3488
f 3458 3488 3459
f 3459 3488 3460
f 3460 3488 3489
f 3460 3489 3462
f 3460 3462 3461
f 3462 3489 3490
f 3462 3490 3463
f 3463 3490 3491
f 3463 3491 3464
f 3464 3491 3466
f 3465 3466 3467
f 3466 3491 3492
f 3466 3492 3467
f 3467 3492 3493
f 3467 3493 3468
f 3468 3493 3471
f 3469 3494 3495
f 3469 3495 3496
f 3469 3496 3497
f 3469 3497 3470
f 3470 3497 3498
f 3470 3498 3499
f 3470 3499 3472
f 3471 3493 3500
f 3471 3500 3501
f 3471 3501 3513
f 3471 3513 3494
f 3472 3502 3474
f 3472 3474 3473
f 3472 3499 3502
f 3474 3502 3475
f 3475 3502 3476
f 3476 3502 3503
f 3477 3504 3478
f 3478 3504 3505
f 3478 3505 3479
f 3479 3505 3506
f 3479 3506 3480
f 3480 3506 3481
f 3481 3506 3507
f 3481 3507 3483
f 3481 3483 3482
f 3483 3508 3509
f 3483 3509 3484
f 3483 3507 3510
f 3483 3510 3508
f 3484 3509 3511
f 3484 3511 3512
f 3484 3512 3485
f 3486 3512 3513
f 3486 3513 3501
f 3486 3501 3500
f 3486 3500 3487
f 3487 3500 3492
f 3487 3492 3489
f 3487 3489 3488
f 3489 3492 3491
f 3489 3491 3490
f 3492 3500 3493
f 3494 3513 3495
f 3495 3513 3514
f 3495 3514 3515
f 3495 3515 3496
f 3496 3516 3517
f 3496 3517 3518
f 3496 3518 3498
f 3496 3498 3497
f 3496 3515 3516
f 3498 3518 3519
f 3498 3519 3499
f 3499 3519 3502
f 3502 3519 3520
f 3502 3520 3503
f 3503 3521 3522
f 3503 3520 3521
f 3504 3523 3524
f 3504 3524 3505
f 3505 3524 3525
f 3505 3525 3510
f 3505 3510 3506
f 3506 3510 3507
f 3508 3526 3509
f 3508 3510 3526
f 3509 3527 3531
f 3509 3531 3515
f 3509 3515 3514
f 3509 3514 3511
f 3509 3526 3527
f 3510 3525 3528
f 3510 3528 3529
f 3510 3529 3530
f 3510 3530 3526
f 3511 3514 3513
f 3511 3513 3512
f 3515 3531 3532
f 3515 3532 3516
f 3516 3532 3517
f 3517 3533 3534
f 3517 3534 3535
f 3517 3535 3520
f 3517 3520 3519
f 3517 3519 3518
f 3517 3532 3536
f 3517 3536 3533
f 3520 3535 3521
f 3521 3537 3522
f 3521 3535 3534
f 3521 3534 3537
f 3522 3537 3538
f 3523 3539 3540
f 3523 3540 3524
f 3524 3540 3528
f 3524 3528 3525
f 3526 3530 3541
f 3526 3541 3527
f 3527 3541 3545
f 3527 3545 3531
f 3528 3540 3539
f 3528 3539 3529
f 3529 3542 3543
f 3529 3543 3541
f 3529 3541 3530
f 3529 3539 3544
f 3529 3544 3542
f 3531 3545 3536
f 3531 3536 3532
f 3533 3546 3547
f 3533 3547 3534
f 3533 3536 3545
f 3533 3545 3548
f 3533 3548 3546
f 3534 3547 3537
f 3537 3547 3546
f 3537 3546 3549
f 3537 3549 3538
f 3538 3549 3550
f 3539 3551 3542
f 3539 3542 3544
f 3541 3543 3548
f 3541 3548 3545
f 3542 3551 3552
f 3542 3552 3553
f 3542 3553 3554
f 3542 3554 3555
f 3542 3555 3543
f 3543 3555 3556
f 3543 3556 3548
f 3546 3550 3549
f 3546 3548 3556
f 3546 3556 3557
f 3546 3557 3550
f 3550 3557 3558
f 3551 3559 3552
f 3552 3559 3553
f 3553 3558 3554
f 3554 3558 3555
f 3555 3558 3556
f 3556 3558 3557

