# https://github.com/mikedh/trimesh
v -0.00016757 0.02083933 0.01918313
v -0.00016757 0.02077405 0.01825128
v -0.00109904 0.02079445 0.01918313
v -0.00203485 0.02076589 0.02011869
v -0.00109904 0.02080669 0.02011869
v -0.00016757 0.02082709 0.02011869
v 0.00076391 0.02082709 0.01918313
v 0.00076391 0.02076997 0.01825128
v 0.00076391 0.02062309 0.01731943
v 0.00011404 0.02053334 0.01680710
v -0.00018489 0.02060270 0.01724147
v -0.00109904 0.02059453 0.01741967
v -0.00203485 0.02057006 0.01753847
v -0.00109904 0.02072509 0.01825128
v -0.00203485 0.02074141 0.01918313
v -0.00296633 0.02072101 0.02011869
v -0.00203485 0.02073733 0.02105053
v -0.00109904 0.02078221 0.02105053
v -0.00016757 0.02080261 0.02105053
v 0.00076391 0.02081077 0.02011869
v 0.00169972 0.02076181 0.02011869
v 0.00169972 0.02076997 0.01918313
v 0.00169972 0.02071693 0.01825128
v 0.00263120 0.02049662 0.01707069
v 0.00161307 0.02058230 0.01727117
v 0.00076391 0.02053334 0.01681824
v 0.00124481 0.02052518 0.01684794
v 0.00076391 0.02044766 0.01635046
v -0.00018489 0.02045174 0.01645070
v -0.00050983 0.02052110 0.01688135
v -0.00109904 0.02050886 0.01695189
v -0.00203485 0.02048438 0.01707069
v -0.00280170 0.02054558 0.01766099
v -0.00342557 0.02052518 0.01779093
v -0.00203485 0.02066797 0.01825128
v -0.00296633 0.02068837 0.01918313
v -0.00296633 0.02068429 0.02105053
v -0.00389781 0.02066389 0.02011869
v -0.00203485 0.02064757 0.02198238
v -0.00406244 0.02051294 0.02230908
v -0.00109904 0.02069245 0.02198238
v -0.00016757 0.02070061 0.02198238
v 0.00076391 0.02076997 0.02105053
v 0.00263120 0.02070469 0.02011869
v 0.00263120 0.02070877 0.01918313
v 0.00263120 0.02064349 0.01825128
v 0.00324208 0.02053742 0.01768697
v 0.00355835 0.02047622 0.01735285
v 0.00263120 0.02056190 0.01753847
v 0.00263120 0.02037830 0.01638387
v 0.00186436 0.02051294 0.01692962
v 0.00356268 0.02032118 0.01638387
v 0.00161307 0.02044358 0.01647669
v 0.00076391 0.02021919 0.01545203
v -0.00016757 0.02019879 0.01545203
v 0.00169972 0.02018655 0.01545203
v -0.00109904 0.02038238 0.01638387
v -0.00203485 0.02032118 0.01638387
v -0.00296633 0.02025183 0.01638387
v -0.00305731 0.02046806 0.01733800
v -0.00305731 0.02059045 0.01816218
v -0.00389781 0.02036606 0.01731943
v -0.00482929 0.02036606 0.01825128
v -0.00396280 0.02049662 0.01816218
v -0.00431806 0.02052110 0.01875619
v -0.00453901 0.02056190 0.01937989
v -0.00396280 0.02060270 0.01911630
v -0.00389781 0.02062717 0.02105053
v -0.00445236 0.02054150 0.02168909
v -0.00462133 0.02057822 0.02011869
v -0.00455634 0.02056190 0.02105053
v -0.00482929 0.02037014 0.02291794
v -0.00381116 0.02044766 0.02282512
v -0.00344723 0.02052518 0.02245387
v -0.00296633 0.02053742 0.02251327
v -0.00109904 0.02057414 0.02275088
v -0.00109904 0.02050070 0.02321866
v -0.00016757 0.02050070 0.02322237
v 0.00076391 0.02055782 0.02262465
v 0.00076391 0.02065981 0.02198238
v 0.00263120 0.02050478 0.02225340
v 0.00263120 0.02055782 0.02178933
v 0.00169972 0.02070469 0.02105053
v 0.00263120 0.02063534 0.02105053
v 0.00363633 0.02060270 0.02018180
v 0.00356268 0.02063125 0.01918313
v 0.00355835 0.02056598 0.01825128
v 0.00386595 0.02051294 0.01793572
v 0.00449849 0.02036198 0.01731943
v 0.00449849 0.02022735 0.01638387
v 0.00356268 0.02005599 0.01545203
v 0.00263120 0.02012535 0.01545203
v 0.00076391 0.01989280 0.01452018
v -0.00016757 0.01987240 0.01452018
v -0.00109904 0.01981528 0.01452018
v -0.00200019 0.01973369 0.01444593
v -0.00109904 0.02013759 0.01545203
v 0.00169972 0.01985608 0.01452018
v -0.00203485 0.02006415 0.01545203
v -0.00296633 0.01998256 0.01545203
v -0.00389781 0.02013351 0.01638387
v -0.00482929 0.02020287 0.01731943
v -0.00576076 0.02019063 0.01825128
v -0.00669657 0.02001112 0.01825128
v -0.00576076 0.02029670 0.01918313
v -0.00762805 0.01991728 0.01918313
v -0.00855953 0.01978672 0.02011869
v -0.00508923 0.02048438 0.02011869
v -0.00479029 0.02047214 0.02199352
v -0.00576076 0.02031303 0.02198238
v -0.00855953 0.01980712 0.02105053
v -0.00482929 0.02021103 0.02384979
v -0.00576076 0.02023551 0.02291794
v -0.00576076 0.02010903 0.02384979
v -0.00576076 0.01994992 0.02478534
v -0.00296633 0.02045990 0.02298105
v -0.00203485 0.02048030 0.02309985
v -0.00203485 0.02034566 0.02384979
v -0.00109904 0.02038238 0.02384979
v -0.00016757 0.02037830 0.02384979
v 0.00076391 0.02047622 0.02309243
v 0.00206365 0.02052110 0.02240932
v 0.00263120 0.02038238 0.02291794
v 0.00356268 0.02026815 0.02291794
v 0.00350636 0.02043950 0.02194525
v 0.00315976 0.02053334 0.02161113
v 0.00335039 0.02056190 0.02105053
v 0.00399592 0.02052110 0.02053820
v 0.00413456 0.02055374 0.01991450
v 0.00415189 0.02055782 0.01918313
v 0.00409124 0.02054150 0.01855942
v 0.00542996 0.02015391 0.01731943
v 0.00542996 0.02002336 0.01638387
v 0.00449849 0.01994584 0.01545203
v 0.00356268 0.01957049 0.01411180
v 0.00307744 0.01959089 0.01405611
v 0.00271352 0.01975409 0.01442737
v 0.00076391 0.01946849 0.01343983
v 0.00169972 0.01963577 0.01394103
v 0.00169972 0.01945218 0.01347325
v -0.00016757 0.01963985 0.01392989
v -0.00109904 0.01961537 0.01399671
v -0.00166659 0.01959905 0.01403755
v -0.00229047 0.01957865 0.01408581
v -0.00296633 0.01972145 0.01464641
v 0.00245357 0.01961537 0.01399671
v -0.00389781 0.01965209 0.01483203
v -0.00389781 0.01985200 0.01545203
v -0.00482929 0.01996216 0.01638387
v -0.00669657 0.01965617 0.01661776
v -0.00576076 0.02001928 0.01731943
v -0.00762805 0.01982344 0.01825128
v -0.00862018 0.01970513 0.01916456
v -0.00919640 0.01964801 0.02011869
v -0.00925705 0.01965617 0.02105053
v -0.00762805 0.01994176 0.02198238
v -0.00917041 0.01962353 0.02198238
v -0.00855953 0.01975001 0.02198238
v -0.00482929 0.02002336 0.02478534
v -0.00669657 0.01992952 0.02384979
v -0.00669657 0.01980304 0.02478534
v -0.00942602 0.01950113 0.02287710
v -0.00892346 0.01957457 0.02316297
v -0.00661859 0.01964801 0.02566893
v -0.00625466 0.01959497 0.02619982
v -0.00576076 0.01975001 0.02571719
v -0.00203485 0.02014575 0.02478534
v -0.00109904 0.02017839 0.02478534
v -0.00016757 0.02015799 0.02478534
v 0.00076391 0.02031711 0.02384979
v 0.00173005 0.02045582 0.02286225
v 0.00169972 0.02024775 0.02384979
v 0.00263120 0.02017431 0.02384979
v 0.00356268 0.02006007 0.02384979
v 0.00449849 0.02008863 0.02291794
v 0.00449849 0.02024775 0.02198238
v 0.00381829 0.02049254 0.02105053
v 0.00449849 0.02036198 0.02105053
v 0.00542996 0.02016615 0.02105053
v 0.00542996 0.02023551 0.02011869
v 0.00461980 0.02043950 0.01918313
v 0.00542996 0.02020287 0.01825128
v 0.00636578 0.01996216 0.01825128
v 0.00636578 0.01986832 0.01731943
v 0.00700265 0.01965617 0.01731943
v 0.00637011 0.01971329 0.01644699
v 0.00606684 0.01965617 0.01574160
v 0.00540830 0.01974185 0.01544089
v 0.00449849 0.01968065 0.01475036
v 0.00356268 0.01937874 0.01358462
v 0.00508337 0.01962353 0.01491000
v 0.00271352 0.01946442 0.01364402
v 0.00076391 0.01915027 0.01265277
v -0.00016757 0.01945626 0.01346582
v 0.00169972 0.01912171 0.01265277
v 0.00263120 0.01908091 0.01265277
v -0.00210850 0.01887692 0.01256367
v -0.00296633 0.01926042 0.01358462
v -0.00296633 0.01954193 0.01417863
v -0.00016757 0.01911355 0.01265277
v -0.00016757 0.01878308 0.01192512
v -0.00016757 0.01856277 0.01145734
v -0.00389781 0.01946034 0.01436797
v -0.00441337 0.01960313 0.01495826
v -0.00617235 0.01958273 0.01595693
v -0.00582142 0.01975001 0.01631705
v -0.00669657 0.01953377 0.01615370
v -0.00720780 0.01960313 0.01681453
v -0.00669657 0.01982752 0.01731943
v -0.00756306 0.01966025 0.01736770
v -0.00814795 0.01961129 0.01771296
v -0.00832558 0.01966025 0.01825128
v -0.00897111 0.01957457 0.01883786
v -0.00909675 0.01961945 0.01945785
v -0.00966431 0.01947665 0.02011869
v -0.00972063 0.01952153 0.02105053
v -0.00963831 0.01952153 0.02198238
v -0.00482929 0.01981120 0.02571719
v -0.00324794 0.01958681 0.02707969
v -0.00829958 0.01963169 0.02368272
v -0.00808729 0.01959089 0.02430643
v -0.00743309 0.01965209 0.02478534
v -0.00722080 0.01960721 0.02532738
v -0.00687854 0.01955417 0.02594737
v -0.00949534 0.01936242 0.02384979
v -0.01042682 0.01922778 0.02291794
v -0.01042682 0.01912987 0.02384979
v -0.00858986 0.01953785 0.02393889
v -0.00576076 0.01961537 0.02627407
v -0.00661859 0.01946034 0.02656365
v -0.00669657 0.01919515 0.02758088
v -0.00576076 0.01929306 0.02758088
v -0.00482929 0.01913803 0.02851273
v -0.00389781 0.01920738 0.02851273
v -0.00482929 0.01964801 0.02640401
v -0.00262840 0.01959905 0.02713538
v -0.00203485 0.01960313 0.02715394
v -0.00136332 0.01960313 0.02714281
v -0.00109904 0.01994992 0.02571719
v 0.00076391 0.02009271 0.02478534
v -0.00073945 0.01958681 0.02709454
v 0.00169972 0.02002336 0.02478534
v 0.00263120 0.01995400 0.02478534
v 0.00356268 0.01983160 0.02478534
v 0.00449849 0.01988056 0.02384979
v 0.00540397 0.01969289 0.02383865
v 0.00542996 0.01988872 0.02291794
v 0.00542996 0.02004376 0.02198238
v 0.00636578 0.01990504 0.02105053
v 0.00636578 0.01998256 0.02011869
v 0.00542996 0.02023143 0.01918313
v 0.00636578 0.01998664 0.01918313
v 0.00716295 0.01971329 0.01825128
v 0.00747055 0.01948074 0.01731943
v 0.00822873 0.01900747 0.01638387
v 0.00685968 0.01960313 0.01679968
v 0.00668638 0.01953785 0.01617597
v 0.00729725 0.01915435 0.01545203
v 0.00570724 0.01954601 0.01511790
v 0.00793412 0.01873412 0.01475778
v 0.00732758 0.01885244 0.01447563
v 0.00449849 0.01950113 0.01428629
v 0.00449849 0.01922778 0.01358462
v 0.00356268 0.01901155 0.01265277
v 0.00636578 0.01914211 0.01452018
v 0.00656940 0.01859541 0.01328391
v 0.00594986 0.01867292 0.01308714
v 0.00542996 0.01855053 0.01246344
v 0.00449849 0.01883612 0.01261194
v 0.00076391 0.01880756 0.01186200
v 0.00169972 0.01879532 0.01187685
v 0.00263120 0.01877492 0.01192512
v -0.00246810 0.01865660 0.01219242
v -0.00016757 0.01824046 0.01078537
v -0.00016757 0.01787327 0.01002059
v -0.00296633 0.01861988 0.01227038
v -0.00389781 0.01909723 0.01358462
v 0.00076391 0.01859541 0.01139423
v 0.00117116 0.01680027 0.00751091
v 0.00054729 0.01677171 0.00756660
v -0.00485095 0.01887284 0.01352522
v -0.00576076 0.01879532 0.01376654
v -0.00476863 0.01937466 0.01459814
v -0.00576076 0.01912579 0.01452018
v -0.00669657 0.01929306 0.01545203
v -0.00756306 0.01941954 0.01645441
v -0.00782734 0.01952969 0.01708926
v -0.00855953 0.01908499 0.01638387
v -0.00849888 0.01939506 0.01736770
v -0.00878915 0.01951337 0.01825128
v -0.00949534 0.01924410 0.01825128
v -0.01083840 0.01863621 0.01792458
v -0.01229411 0.01810583 0.01825128
v -0.01297430 0.01782839 0.01825128
v -0.01229411 0.01828534 0.01918313
v -0.01373248 0.01775088 0.01953210
v -0.01042682 0.01916659 0.02011869
v -0.01042682 0.01924818 0.02105053
v -0.01042682 0.01926042 0.02198238
v -0.00389781 0.01956641 0.02700173
v -0.00294900 0.01950113 0.02749921
v -0.00757173 0.01947257 0.02566893
v -0.00762805 0.01926858 0.02664533
v -0.00949534 0.01919515 0.02478534
v -0.00855953 0.01940730 0.02478534
v -0.01042682 0.01897483 0.02478534
v -0.01143628 0.01882796 0.02290680
v -0.01127598 0.01882796 0.02384979
v -0.01115034 0.01876268 0.02478534
v -0.01101170 0.01870148 0.02542019
v -0.00762805 0.01904827 0.02758088
v -0.00669657 0.01892588 0.02851273
v -0.00573044 0.01877084 0.02948170
v -0.00482929 0.01889324 0.02944458
v -0.00761939 0.01877900 0.02855357
v -0.00389781 0.01896259 0.02944458
v -0.00296633 0.01924818 0.02851273
v -0.00203485 0.01948482 0.02761801
v -0.00203485 0.01924818 0.02851273
v -0.00109904 0.01875044 0.03022050
v -0.00109904 0.01896259 0.02944458
v -0.00016757 0.01892180 0.02944458
v 0.00076391 0.01885652 0.02944458
v 0.00263120 0.01971737 0.02564665
v 0.00356268 0.01965209 0.02544989
v 0.00408257 0.01960313 0.02529025
v 0.00443350 0.01966841 0.02474451
v 0.00507470 0.01961537 0.02441038
v 0.00540397 0.01945218 0.02474451
v 0.00569425 0.01954601 0.02414308
v 0.00599752 0.01962761 0.02352308
v 0.00615782 0.01969289 0.02291794
v 0.00641777 0.01975001 0.02198609
v 0.00689867 0.01961945 0.02167795
v 0.00699831 0.01966841 0.02105053
v 0.00710229 0.01971329 0.02011869
v 0.00716295 0.01972553 0.01918313
v 0.00762652 0.01953785 0.01825128
v 0.00822873 0.01916251 0.01731943
v 0.00886993 0.01874636 0.01638387
v 0.00875729 0.01868516 0.01582328
v 0.00824173 0.01880756 0.01548915
v 0.00855800 0.01859541 0.01519957
v 0.00824173 0.01849749 0.01447563
v 0.00766118 0.01862805 0.01413779
v 0.00704164 0.01871780 0.01390390
v 0.00418655 0.01869332 0.01211074
v 0.00356268 0.01873820 0.01201422
v 0.00638744 0.01795487 0.01167266
v 0.00630079 0.01843629 0.01272703
v 0.00542996 0.01822822 0.01172093
v 0.00481042 0.01862397 0.01227410
v 0.00169972 0.01858725 0.01141279
v 0.00231926 0.01680435 0.00749606
v 0.00263120 0.01827310 0.01078537
v -0.00016757 0.01660852 0.00741810
v -0.00296633 0.01833430 0.01172093
v -0.00389781 0.01853013 0.01244116
v -0.00389781 0.01876268 0.01290894
v -0.00517155 0.01863621 0.01316882
v 0.00169972 0.01677171 0.00741810
v 0.00127081 0.01675947 0.00741810
v 0.00108018 0.01674723 0.00741810
v 0.00064694 0.01670643 0.00741810
v -0.00576076 0.01857093 0.01329876
v -0.00647129 0.01871372 0.01392989
v -0.00709516 0.01864436 0.01408953
v -0.00674856 0.01887284 0.01444593
v -0.00762805 0.01905235 0.01545203
v -0.00949534 0.01901155 0.01731943
v -0.00848588 0.01877900 0.01550400
v -0.00910109 0.01868924 0.01584927
v -0.01204282 0.01781208 0.01662519
v -0.00999357 0.01867292 0.01681453
v -0.01017987 0.01874636 0.01731943
v -0.01064777 0.01856277 0.01731943
v -0.01136263 0.01828126 0.01731943
v -0.01232876 0.01789367 0.01732315
v -0.01282700 0.01776312 0.01763500
v -0.01360251 0.01767744 0.01890840
v -0.01326458 0.01789367 0.01920540
v -0.01378447 0.01777536 0.02011869
v -0.01322558 0.01801607 0.02011869
v -0.01229411 0.01840365 0.02011869
v -0.01409207 0.01742041 0.01920540
v -0.01491524 0.01701242 0.02011869
v -0.01502355 0.01709402 0.02105053
v -0.01431303 0.01755912 0.02105053
v -0.01184786 0.01866884 0.02221627
v -0.01384512 0.01779575 0.02105053
v -0.01184786 0.01866884 0.02259124
v -0.00855953 0.01923594 0.02571719
v -0.00833857 0.01872596 0.02826770
v -0.00949534 0.01901563 0.02571719
v -0.00855953 0.01904827 0.02664533
v -0.00861585 0.01881164 0.02762915
v -0.01180021 0.01864844 0.02321123
v -0.01174388 0.01861988 0.02384979
v -0.01161391 0.01857501 0.02478534
v -0.01133663 0.01851789 0.02572462
v -0.01136263 0.01828534 0.02664533
v -0.01076908 0.01862397 0.02604018
v -0.01014521 0.01870964 0.02638174
v -0.01044415 0.01877900 0.02572462
v -0.00792699 0.01863213 0.02888770
v -0.00730312 0.01868108 0.02905105
v -0.00669657 0.01872596 0.02919584
v -0.00540117 0.01867292 0.02996062
v -0.00482929 0.01870964 0.03006086
v -0.00389781 0.01874636 0.03016852
v -0.00296633 0.01898707 0.02944458
v -0.00203485 0.01898707 0.02944458
v -0.00203485 0.01875860 0.03023535
v -0.00109904 0.01861173 0.03068828
v -0.00016757 0.01873004 0.03014254
v 0.00076391 0.01869332 0.03001260
v 0.00127081 0.01866477 0.02993092
v 0.00163040 0.01875452 0.02946314
v 0.00356268 0.01951746 0.02591767
v 0.00419955 0.01871780 0.02821573
v 0.00449849 0.01912171 0.02664533
v 0.00443350 0.01942362 0.02564665
v 0.00470645 0.01953377 0.02503037
v 0.00356268 0.01902787 0.02758088
v 0.00350202 0.01876268 0.02852016
v 0.00542996 0.01916659 0.02571719
v 0.00636578 0.01915027 0.02478534
v 0.01617879 0.01586599 0.02340799
v 0.01834934 0.01505001 0.02291794
v 0.01853564 0.01501737 0.02198238
v 0.00933784 0.01850973 0.01638387
v 0.01853564 0.01494802 0.02167053
v 0.00997904 0.01793039 0.01545203
v 0.00910822 0.01840773 0.01548915
v 0.00922953 0.01800791 0.01446820
v 0.00896092 0.01786511 0.01375168
v 0.00831538 0.01805686 0.01349923
v 0.00806410 0.01785695 0.01284583
v 0.00710229 0.01784063 0.01195110
v 0.00449849 0.01646980 0.00741810
v 0.00392227 0.01657588 0.00741810
v 0.00356268 0.01663708 0.00741810
v 0.00356268 0.01673907 0.00764085
v 0.00356268 0.01852605 0.01154644
v 0.00542996 0.01787327 0.01093758
v 0.00491440 0.01771824 0.01034358
v 0.00293880 0.01677987 0.00754804
v 0.00284349 0.01673091 0.00741810
v 0.00263120 0.01789775 0.00995376
v 0.00671237 0.01768560 0.01133111
v 0.00609283 0.01778760 0.01111950
v 0.00238425 0.01676355 0.00741810
v -0.00059215 0.01653100 0.00741810
v -0.00109904 0.01643308 0.00741810
v -0.00141098 0.01636373 0.00741810
v -0.00576076 0.01821598 0.01265277
v -0.00674856 0.01848933 0.01360690
v -0.00762805 0.01819150 0.01358462
v -0.00918774 0.01778760 0.01394103
v -0.00762805 0.01854645 0.01429372
v -0.00812628 0.01867292 0.01495826
v -0.00762805 0.01875452 0.01475778
v -0.00875016 0.01855461 0.01522556
v -0.01018853 0.01781615 0.01479862
v -0.01081241 0.01769376 0.01506592
v -0.01174388 0.01769376 0.01600520
v -0.01266236 0.01768152 0.01701129
v -0.01344221 0.01757136 0.01825128
v -0.01419172 0.01706546 0.01827727
v -0.01468562 0.01683291 0.01860768
v -0.01478527 0.01691043 0.01918313
v -0.01524884 0.01656772 0.01918313
v -0.01702948 0.01522953 0.01918313
v -0.01747139 0.01496026 0.01949127
v -0.01755370 0.01502553 0.02011869
v -0.01651825 0.01587822 0.02049736
v -0.01517952 0.01705730 0.02201951
v -0.01549146 0.01674315 0.02105053
v -0.01554778 0.01678395 0.02173364
v -0.01432603 0.01758768 0.02198238
v -0.01322558 0.01807319 0.02198238
v -0.01385812 0.01779983 0.02198238
v -0.01221179 0.01848525 0.02290680
v -0.01322558 0.01802831 0.02291794
v -0.00896245 0.01864029 0.02797070
v -0.00861585 0.01856685 0.02855357
v -0.00855953 0.01830574 0.02944458
v -0.00953000 0.01879940 0.02667503
v -0.00923972 0.01871780 0.02735071
v -0.01229411 0.01826902 0.02478534
v -0.01378880 0.01777128 0.02291794
v -0.01372382 0.01774272 0.02353793
v -0.01366316 0.01771008 0.02416164
v -0.01229411 0.01812622 0.02571719
v -0.01234609 0.01790999 0.02664533
v -0.01202116 0.01780800 0.02758088
v -0.01136263 0.01802831 0.02758088
v -0.01042682 0.01831390 0.02758088
v -0.00953000 0.01856685 0.02762915
v -0.00762805 0.01817110 0.03038014
v -0.00761939 0.01851381 0.02939631
v -0.00669657 0.01834654 0.03038014
v -0.00669657 0.01858317 0.02966362
v -0.00863751 0.01793447 0.03046181
v -0.00573044 0.01852197 0.03031331
v -0.00602071 0.01863213 0.02981583
v -0.00482929 0.01855869 0.03052493
v -0.00389781 0.01858725 0.03063630
v -0.00296633 0.01839549 0.03131198
v -0.00296633 0.01860765 0.03068085
v -0.00296633 0.01875452 0.03021307
v -0.00203485 0.01861580 0.03069942
v -0.00203485 0.01841181 0.03131198
v -0.00109904 0.01839141 0.03131198
v -0.00016757 0.01858317 0.03061032
v 0.00076391 0.01853829 0.03048038
v 0.00163040 0.01849341 0.03029475
v 0.00189468 0.01861988 0.02978242
v 0.00263120 0.01870964 0.02914015
v 0.00377497 0.01860765 0.02883572
v 0.00356268 0.01810175 0.03038014
v 0.00444650 0.01785287 0.03035415
v 0.00449849 0.01817110 0.02944458
v 0.00507037 0.01777128 0.03002745
v 0.00608850 0.01873412 0.02637802
v 0.00545163 0.01884428 0.02666760
v 0.00315110 0.01866884 0.02901021
v 0.00638311 0.01884836 0.02572833
v 0.00697665 0.01872188 0.02542761
v 0.01530363 0.01589046 0.02437697
v 0.01592750 0.01576399 0.02402799
v 0.01814572 0.01498066 0.02349709
v 0.01853564 0.01497250 0.02291794
v 0.01853564 0.01470730 0.02107281
v 0.01140009 0.01673091 0.01421204
v 0.01157772 0.01684923 0.01483575
v 0.01106649 0.01704506 0.01452389
v 0.01010035 0.01755912 0.01446820
v 0.00958046 0.01770192 0.01412294
v 0.00868364 0.01772232 0.01313169
v 0.01018700 0.01714298 0.01349552
v 0.00922953 0.01762440 0.01349923
v 0.00772183 0.01771008 0.01222583
v 0.00736657 0.01758768 0.01167266
v 0.00658673 0.01575583 0.00741810
v 0.00621847 0.01591086 0.00741810
v 0.00611016 0.01595574 0.00741810
v 0.00542996 0.01765704 0.01046980
v 0.00501405 0.01680843 0.00842420
v 0.00539964 0.01622909 0.00741810
v 0.00310777 0.01669827 0.00741810
v -0.00196987 0.01621685 0.00741810
v -0.00666191 0.01795895 0.01262307
v -0.00762805 0.01783655 0.01295349
v -0.00812195 0.01773864 0.01310199
v -0.01043115 0.01705730 0.01355492
v -0.00981161 0.01766520 0.01417492
v -0.00848588 0.01836694 0.01459814
v -0.00949534 0.01793855 0.01449790
v -0.01047014 0.01755912 0.01449790
v -0.01141462 0.01712258 0.01446078
v -0.01140595 0.01758768 0.01540748
v -0.01232876 0.01755504 0.01634304
v -0.01233743 0.01711034 0.01542604
v -0.01291365 0.01689819 0.01571562
v -0.01322558 0.01704098 0.01642471
v -0.01374981 0.01683699 0.01676255
v -0.01317359 0.01744081 0.01732315
v -0.01389278 0.01693898 0.01731943
v -0.01664822 0.01503777 0.01749764
v -0.01681285 0.01516017 0.01825128
v -0.01728076 0.01481338 0.01825128
v -0.01738474 0.01489498 0.01887127
v -0.01802161 0.01465427 0.02011869
v -0.01809526 0.01471955 0.02105053
v -0.01762736 0.01508673 0.02105053
v -0.01702948 0.01555183 0.02105053
v -0.01656157 0.01591494 0.02105053
v -0.01556511 0.01679619 0.02235734
v -0.01557811 0.01680843 0.02291794
v -0.01557811 0.01680843 0.02361218
v -0.01593770 0.01648612 0.02201951
v -0.01425671 0.01755504 0.02291794
v -0.01554778 0.01678803 0.02423589
v -0.00949534 0.01833022 0.02851273
v -0.00949534 0.01805279 0.02944458
v -0.00949534 0.01782023 0.03015739
v -0.00899711 0.01771824 0.03082564
v -0.01309994 0.01788959 0.02478534
v -0.01408774 0.01754281 0.02384979
v -0.01416139 0.01737961 0.02478534
v -0.01356785 0.01766520 0.02478534
v -0.01340321 0.01758360 0.02571719
v -0.01281833 0.01775496 0.02633347
v -0.01268836 0.01769376 0.02695347
v -0.01248907 0.01761624 0.02758088
v -0.01184353 0.01773456 0.02806351
v -0.01042682 0.01804463 0.02851273
v -0.00669657 0.01801607 0.03131198
v -0.00576076 0.01817518 0.03131198
v -0.00837323 0.01778760 0.03100013
v -0.00755007 0.01784063 0.03131198
v -0.00482929 0.01827718 0.03131198
v -0.00389781 0.01834654 0.03131198
v -0.00296633 0.01804055 0.03224383
v -0.00203485 0.01805279 0.03224383
v -0.00109904 0.01802423 0.03224383
v -0.00016757 0.01797119 0.03224383
v -0.00016757 0.01833430 0.03131198
v 0.00076391 0.01824862 0.03131198
v 0.00169972 0.01812622 0.03131198
v 0.00263120 0.01830574 0.03038014
v 0.00263120 0.01856277 0.02960793
v 0.00356268 0.01782839 0.03107438
v 0.00409990 0.01774680 0.03089618
v 0.00265719 0.01792223 0.03137138
v 0.00471944 0.01764480 0.03065115
v 0.00540397 0.01749385 0.03035415
v 0.00670804 0.01861173 0.02604761
v 0.01720124 0.01498474 0.02440295
v 0.00609283 0.01689411 0.03104468
v 0.01847499 0.01464203 0.02382380
v 0.01853564 0.01463795 0.02376811
v 0.01853564 0.01227163 0.01652124
v 0.01333236 0.01490314 0.01316882
v 0.01246154 0.01588638 0.01400042
v 0.01106649 0.01662076 0.01349552
v 0.01055959 0.01679211 0.01312427
v 0.01077621 0.01692267 0.01374426
v 0.00831538 0.01762032 0.01258224
v 0.00916454 0.01727761 0.01265277
v 0.00988373 0.01693083 0.01265277
v 0.00906923 0.01689819 0.01179518
v 0.00869664 0.01679619 0.01125315
v 0.00734924 0.01542944 0.00741810
v -0.00242911 0.01609038 0.00741810
v -0.00695219 0.01765704 0.01229266
v -0.00280603 0.01597614 0.00741810
v -0.00725979 0.01683291 0.01120117
v -0.00759339 0.01703282 0.01170236
v -0.00840356 0.01691451 0.01200308
v -0.00902743 0.01679211 0.01218871
v -0.00949534 0.01670235 0.01233721
v -0.01012355 0.01686147 0.01300918
v -0.01074742 0.01673091 0.01322079
v -0.01113734 0.01691451 0.01384450
v -0.01176121 0.01675539 0.01411180
v -0.01205582 0.01693898 0.01473179
v -0.01267536 0.01673499 0.01509562
v -0.01322558 0.01653508 0.01542604
v -0.01462063 0.01585374 0.01593094
v -0.01569075 0.01502145 0.01574160
v -0.01588138 0.01515609 0.01638387
v -0.01647926 0.01491946 0.01687393
v -0.01696016 0.01468691 0.01723776
v -0.01759703 0.01416876 0.01731943
v -0.01779199 0.01434828 0.01825128
v -0.01844619 0.01408717 0.01937989
v -0.01855017 0.01418508 0.02011869
v -0.01863682 0.01425036 0.02105053
v -0.01869314 0.01427076 0.02198238
v -0.01812126 0.01473586 0.02198238
v -0.01765335 0.01511121 0.02198238
v -0.01707280 0.01557631 0.02198238
v -0.01662656 0.01596798 0.02291794
v -0.01709446 0.01559263 0.02291794
v -0.01767068 0.01512753 0.02291794
v -0.01661789 0.01596390 0.02384979
v -0.01594636 0.01649836 0.02389434
v -0.01544813 0.01673499 0.02478534
v -0.01498456 0.01697162 0.02478534
v -0.01657024 0.01592310 0.02478534
v -0.01652691 0.01588638 0.02551672
v -0.01648359 0.01585374 0.02613671
v -0.01128464 0.01779983 0.02843106
v -0.01035750 0.01780392 0.02937033
v -0.00999790 0.01773864 0.02994577
v -0.00949534 0.01764480 0.03062517
v -0.00855953 0.01721642 0.03224383
v -0.00863751 0.01759992 0.03131198
v -0.00781001 0.01766520 0.03162384
v -0.00949534 0.01737553 0.03131198
v -0.00946934 0.01696754 0.03226982
v -0.01416139 0.01720417 0.02571719
v -0.01316926 0.01751425 0.02664533
v -0.01467262 0.01681659 0.02628892
v -0.01419605 0.01698794 0.02661562
v -0.01453398 0.01674315 0.02690520
v -0.01322558 0.01726129 0.02758088
v -0.01221179 0.01746937 0.02843106
v -0.01325158 0.01698794 0.02848303
v -0.01295697 0.01689003 0.02924039
v -0.01235909 0.01703690 0.02951140
v -0.01154459 0.01762440 0.02868722
v -0.01061745 0.01762848 0.02963021
v -0.00719047 0.01773048 0.03179461
v -0.00669657 0.01778352 0.03191342
v -0.00576076 0.01786103 0.03209533
v -0.00479029 0.01788143 0.03230323
v -0.00445236 0.01773864 0.03273389
v -0.00389781 0.01798343 0.03224383
v -0.00296633 0.01778760 0.03284155
v -0.00389781 0.01775904 0.03278957
v -0.00203485 0.01778760 0.03284155
v -0.00109904 0.01777536 0.03281556
v -0.00016757 0.01775496 0.03276730
v 0.00034366 0.01773456 0.03272646
v 0.00069893 0.01787327 0.03228096
v 0.00169972 0.01783655 0.03200623
v 0.00236259 0.01777128 0.03186886
v 0.00356268 0.01762032 0.03154216
v 0.00298213 0.01770192 0.03172037
v 0.00444650 0.01746937 0.03124887
v 0.00544730 0.01704098 0.03133797
v 0.01853564 0.01460939 0.02382380
v 0.00576790 0.01673499 0.03166468
v 0.00697232 0.01594350 0.03190228
v 0.01853564 0.01203500 0.01607945
v 0.01313307 0.01471547 0.01265277
v 0.01246587 0.01495618 0.01214416
v 0.01266516 0.01509081 0.01265277
v 0.01853564 0.01163110 0.01541119
v 0.01853564 0.01127615 0.01488772
v 0.01138709 0.01578847 0.01232236
v 0.01076755 0.01599246 0.01196596
v 0.01035163 0.01665748 0.01265277
v 0.00965844 0.01680843 0.01215529
v 0.00782581 0.01519281 0.00741810
v -0.00669657 0.01693491 0.01103782
v -0.00330426 0.01580887 0.00741810
v -0.00787933 0.01670643 0.01137938
v -0.00393247 0.01556816 0.00741810
v -0.00433539 0.01541312 0.00741810
v -0.00505457 0.01511937 0.00741810
v -0.00952133 0.01621277 0.01166153
v -0.01042682 0.01603326 0.01196224
v -0.01043115 0.01651876 0.01267876
v -0.01095538 0.01589862 0.01213673
v -0.01191718 0.01591902 0.01303888
v -0.01225511 0.01610262 0.01361803
v -0.01286599 0.01593126 0.01394845
v -0.01233743 0.01659220 0.01446078
v -0.01130631 0.01606590 0.01269733
v -0.01319526 0.01608222 0.01456844
v -0.01375847 0.01590270 0.01491000
v -0.01545246 0.01485418 0.01512161
v -0.01608500 0.01451147 0.01537406
v -0.01667855 0.01416876 0.01562652
v -0.01634928 0.01481746 0.01638387
v -0.01697749 0.01430340 0.01643956
v -0.01746272 0.01403005 0.01678483
v -0.01806493 0.01365878 0.01731943
v -0.01825990 0.01388317 0.01825128
v -0.01834654 0.01398109 0.01875619
v -0.01933434 0.01310800 0.01952839
v -0.01901807 0.01366286 0.02011869
v -0.01910472 0.01377302 0.02105053
v -0.01915671 0.01385462 0.02198238
v -0.01917404 0.01388317 0.02291794
v -0.01870614 0.01427892 0.02291794
v -0.01708580 0.01558039 0.02384979
v -0.01526184 0.01663708 0.02571719
v -0.01703814 0.01553144 0.02478534
v -0.01866715 0.01425444 0.02384979
v -0.01907440 0.01380974 0.02478534
v -0.01746272 0.01496026 0.02631491
v -0.01728509 0.01480522 0.02758088
v -0.01681719 0.01518873 0.02758088
v -0.01637528 0.01578847 0.02664533
v -0.01590737 0.01606182 0.02664533
v -0.01899208 0.01373222 0.02571719
v -0.01952497 0.01326712 0.02571719
v -0.01035750 0.01747753 0.03030589
v -0.01047881 0.01703282 0.03136396
v -0.01020153 0.01688595 0.03197282
v -0.00914008 0.01682475 0.03277472
v -0.00855953 0.01690227 0.03293436
v -0.00763672 0.01700426 0.03322394
v -0.00755007 0.01749792 0.03216216
v -0.00976395 0.01673907 0.03259652
v -0.01502788 0.01655140 0.02661562
v -0.01436502 0.01664932 0.02758088
v -0.01389711 0.01690227 0.02758088
v -0.01358084 0.01673499 0.02877261
v -0.01271002 0.01677579 0.02986409
v -0.01325158 0.01664116 0.02951140
v -0.01209048 0.01689411 0.03016481
v -0.00669657 0.01759176 0.03238120
v -0.00507624 0.01770192 0.03265592
v -0.00576076 0.01766112 0.03255940
v -0.00479029 0.01752648 0.03309772
v -0.00389781 0.01754688 0.03325735
v -0.00296633 0.01756728 0.03330933
v -0.00203485 0.01756320 0.03330933
v -0.00109904 0.01755096 0.03328334
v -0.00016757 0.01750200 0.03323508
v -0.00016757 0.01703690 0.03402956
v 0.00076391 0.01696346 0.03391819
v 0.00069893 0.01746121 0.03309400
v 0.00096754 0.01767744 0.03261509
v 0.00169972 0.01760808 0.03247401
v 0.00265719 0.01753464 0.03220671
v 0.00356268 0.01726129 0.03224383
v 0.00443350 0.01697162 0.03223641
v 0.00514402 0.01687371 0.03191713
v 0.01853564 0.01417284 0.02451062
v 0.00544730 0.01653508 0.03223641
v 0.00631812 0.01609038 0.03222527
v 0.00659973 0.01572727 0.03252599
v 0.01853564 0.01416061 0.02452918
v 0.01619178 0.01215740 0.01308714
v 0.01437215 0.01313656 0.01209218
v 0.01281680 0.01438500 0.01182117
v 0.01012635 0.01357719 0.00741810
v 0.00974076 0.01387909 0.00741810
v 0.00952414 0.01404637 0.00741810
v 0.00913421 0.01432788 0.00741810
v 0.00846268 0.01479706 0.00741810
v 0.01191132 0.01511937 0.01178775
v 0.01853564 0.01081104 0.01444964
v 0.01194598 0.01168413 0.00741810
v 0.01107949 0.01263882 0.00741810
v 0.01105783 0.01562935 0.01168009
v 0.00802511 0.01509081 0.00741810
v -0.00482495 0.01521321 0.00741810
v -0.00534052 0.01499289 0.00741810
v -0.00542716 0.01495210 0.00741810
v -0.00594273 0.01469507 0.00741810
v -0.00620267 0.01456451 0.00741810
v -0.01266236 0.01486234 0.01227038
v -0.01472894 0.01406269 0.01302774
v -0.01157925 0.01569463 0.01241517
v -0.00997191 0.01493578 0.01031388
v -0.01102036 0.01500922 0.01116033
v -0.01275335 0.01398925 0.01126057
v -0.01322558 0.01383422 0.01145362
v -0.01374981 0.01403005 0.01213673
v -0.01363717 0.01489090 0.01317253
v -0.01394477 0.01510305 0.01379252
v -0.01456864 0.01488682 0.01412294
v -0.01348553 0.01572319 0.01429000
v -0.01416139 0.01539680 0.01451647
v -0.01512320 0.01470730 0.01446820
v -0.01562576 0.01405045 0.01396330
v -0.01583372 0.01421364 0.01452018
v -0.01647926 0.01398109 0.01500652
v -0.01703814 0.01360574 0.01533323
v -0.01729809 0.01385053 0.01616112
v -0.01783098 0.01345479 0.01650639
v -0.01953797 0.01146790 0.01638387
v -0.01926069 0.01209212 0.01692590
v -0.02015751 0.01112111 0.01702614
v -0.01865848 0.01341399 0.01825128
v -0.02066008 0.01069273 0.01740111
v -0.02123629 0.01035818 0.01825128
v -0.02021816 0.01212068 0.01968803
v -0.01949031 0.01330792 0.02105053
v -0.01955963 0.01338951 0.02198238
v -0.01960296 0.01341807 0.02291794
v -0.01913072 0.01385462 0.02384979
v -0.01960729 0.01338951 0.02384979
v -0.01959429 0.01334463 0.02478534
v -0.01811259 0.01471955 0.02384979
v -0.01843753 0.01406269 0.02645970
v -0.01781365 0.01434012 0.02758088
v -0.01765768 0.01420140 0.02851273
v -0.01710313 0.01466651 0.02851273
v -0.01663956 0.01503369 0.02851273
v -0.01602868 0.01569055 0.02766256
v -0.01572108 0.01595166 0.02740640
v -0.01940366 0.01315696 0.02664533
v -0.01999288 0.01281425 0.02571719
v -0.02027449 0.01218188 0.02730245
v -0.01114600 0.01689003 0.03108552
v -0.01082107 0.01676355 0.03170923
v -0.01047881 0.01663708 0.03226982
v -0.01086440 0.01584966 0.03362490
v -0.00855953 0.01667379 0.03340214
v -0.00795732 0.01675539 0.03356921
v -0.00733344 0.01683699 0.03373256
v -0.00669657 0.01722865 0.03317939
v -0.01024485 0.01595574 0.03381423
v -0.00946934 0.01655548 0.03312370
v -0.01517952 0.01617605 0.02766256
v -0.01494557 0.01604142 0.02851273
v -0.01475061 0.01593126 0.02917356
v -0.01420905 0.01613525 0.02946685
v -0.01389278 0.01597614 0.03038014
v -0.01372815 0.01587822 0.03088875
v -0.01554778 0.01585374 0.02802639
v -0.01316493 0.01598022 0.03124516
v -0.01235909 0.01667787 0.03043583
v -0.01176555 0.01677171 0.03078481
v -0.00576076 0.01736737 0.03317939
v -0.00481629 0.01699202 0.03417806
v -0.00449569 0.01681251 0.03460872
v -0.00389781 0.01711034 0.03411124
v -0.00296633 0.01713482 0.03411124
v -0.00203485 0.01713482 0.03411124
v -0.00135466 0.01682067 0.03461614
v -0.00106872 0.01704098 0.03419291
v -0.00073512 0.01677987 0.03455674
v -0.00016757 0.01673907 0.03449734
v 0.00076391 0.01666156 0.03438597
v 0.00169972 0.01687371 0.03376968
v 0.00169972 0.01722050 0.03317939
v 0.00257055 0.01700018 0.03319795
v 0.00356268 0.01690227 0.03287496
v 0.00408257 0.01681251 0.03274131
v 0.00470211 0.01668604 0.03254084
v 0.00542996 0.01604550 0.03295664
v 0.00598019 0.01590678 0.03277101
v 0.00634845 0.01538456 0.03316825
v 0.00711096 0.01510305 0.03293808
v 0.01060292 0.01308352 0.03274874
v 0.01067657 0.01223491 0.03377711
v 0.01853564 0.01378934 0.02495983
v 0.01061591 0.01311616 0.00742923
v 0.01058559 0.01313656 0.00741810
v 0.01853564 0.01028882 0.01402270
v 0.01237056 0.01110479 0.00741810
v -0.00758906 0.01378934 0.00741810
v -0.01437368 0.01381382 0.01240775
v -0.01383213 0.01316512 0.01113806
v -0.01477227 0.01318960 0.01203649
v -0.01534849 0.01381790 0.01333959
v -0.01505821 0.01423404 0.01362546
v -0.01170056 0.01390765 0.01041040
v -0.01136263 0.01446251 0.01078537
v -0.00802231 0.01354455 0.00741810
v -0.00864618 0.01316920 0.00741810
v -0.00891479 0.01299785 0.00741810
v -0.01314760 0.01332015 0.01081136
v -0.01568642 0.01319368 0.01298319
v -0.01596803 0.01346703 0.01366258
v -0.01629729 0.01379342 0.01452018
v -0.01654424 0.01311616 0.01398186
v -0.01674354 0.01332423 0.01452018
v -0.01720711 0.01283057 0.01452018
v -0.01811259 0.01186365 0.01452018
v -0.01739340 0.01302640 0.01503622
v -0.01830755 0.01207172 0.01507706
v -0.01884044 0.01168005 0.01542233
v -0.01920870 0.01110071 0.01514389
v -0.02000154 0.01094568 0.01638387
v -0.02040446 0.01048058 0.01638387
v -0.02027449 0.01125167 0.01764614
v -0.02115831 0.01026434 0.01777979
v -0.02186883 0.00975844 0.01916828
v -0.02137493 0.01052953 0.01918313
v -0.02099367 0.01099464 0.01918313
v -0.02147458 0.01065601 0.02011869
v -0.02002754 0.01281425 0.02198238
v -0.02114531 0.01117823 0.02067557
v -0.02119297 0.01123943 0.02129927
v -0.02007086 0.01286321 0.02291794
v -0.02007086 0.01286729 0.02384979
v -0.02005786 0.01286729 0.02478534
v -0.01877979 0.01369550 0.02671958
v -0.01828156 0.01392397 0.02758088
v -0.01751471 0.01407901 0.02919584
v -0.01923037 0.01300193 0.02783705
v -0.01863249 0.01331199 0.02851273
v -0.01738041 0.01395661 0.02981583
v -0.01651825 0.01494394 0.02901764
v -0.01602435 0.01541312 0.02851273
v -0.01932135 0.01308760 0.02721334
v -0.02039146 0.01234507 0.02571719
v -0.02033081 0.01225123 0.02664533
v -0.02113231 0.01115783 0.02689778
v -0.02106299 0.01106400 0.02758088
v -0.02055176 0.01172901 0.02759945
v -0.02018784 0.01208804 0.02792615
v -0.01975459 0.01259394 0.02756975
v -0.01141895 0.01666564 0.03136396
v -0.01229411 0.01632293 0.03131198
v -0.01280967 0.01588230 0.03182060
v -0.01136263 0.01629437 0.03224383
v -0.01136263 0.01573543 0.03340214
v -0.01374548 0.01496026 0.03277101
v -0.01314327 0.01505409 0.03311999
v -0.01277501 0.01493578 0.03365459
v -0.01141028 0.01526624 0.03417064
v -0.01112867 0.01504185 0.03475351
v -0.01050480 0.01568239 0.03411866
v -0.01136263 0.01596798 0.03293808
v -0.01183920 0.01586599 0.03272275
v -0.01316493 0.01553960 0.03217701
v -0.00855953 0.01629845 0.03411124
v -0.00763672 0.01657996 0.03407040
v -0.00669657 0.01664932 0.03430800
v -0.00669657 0.01689819 0.03384393
v -0.00969030 0.01577215 0.03443423
v -0.00907076 0.01587414 0.03459758
v -0.00942602 0.01603734 0.03411866
v -0.01541347 0.01577215 0.02851273
v -0.01507554 0.01562935 0.02946685
v -0.01455131 0.01581702 0.02979356
v -0.01485459 0.01507041 0.03114121
v -0.01417006 0.01540496 0.03132683
v -0.01395777 0.01509081 0.03224383
v -0.01342921 0.01573951 0.03151246
v -0.01631029 0.01481338 0.02964134
v -0.01547413 0.01487458 0.03072169
v -0.00576076 0.01696754 0.03397759
v -0.00511523 0.01676763 0.03453076
v -0.00576076 0.01635557 0.03504309
v -0.00576076 0.01596390 0.03566679
v -0.00481629 0.01653916 0.03496883
v -0.00482929 0.01602510 0.03574847
v -0.00389781 0.01652284 0.03509506
v -0.00389781 0.01682475 0.03462728
v -0.00296633 0.01682883 0.03463842
v -0.00203485 0.01683291 0.03463842
v -0.00106872 0.01653100 0.03497626
v -0.00203485 0.01652284 0.03510620
v -0.00203485 0.01605774 0.03576703
v -0.00016757 0.01635557 0.03504309
v 0.00041298 0.01589046 0.03554799
v 0.00074225 0.01614749 0.03509506
v 0.00169972 0.01654732 0.03423746
v 0.00222395 0.01681251 0.03366944
v 0.00284349 0.01671459 0.03352466
v 0.00427320 0.01597206 0.03378453
v 0.00448549 0.01633109 0.03317196
v 0.00356268 0.01658404 0.03334274
v 0.00356268 0.01611893 0.03398130
v 0.00489274 0.01582518 0.03360262
v 0.00609283 0.01503777 0.03377711
v 0.00542996 0.01568647 0.03342442
v 0.00671237 0.01485826 0.03356178
v 0.01004836 0.01238995 0.03409639
v 0.00970610 0.01217371 0.03463099
v 0.01032564 0.01192892 0.03439710
v 0.01853564 0.01329159 0.02544989
v 0.01853564 0.01375670 0.02499696
v 0.01853564 0.00977068 0.01361432
v 0.01271282 0.01059889 0.00741810
v -0.01340755 0.01285505 0.01051435
v -0.01279234 0.01214924 0.00936347
v -0.01380613 0.01223083 0.01022477
v -0.01413107 0.01256946 0.01081507
v -0.01445600 0.01290401 0.01141279
v -0.00912275 0.01285913 0.00741810
v -0.00974229 0.01242667 0.00741810
v -0.01539181 0.01289177 0.01235948
v -0.01632329 0.01195748 0.01236691
v -0.01755804 0.01039490 0.01205134
v -0.01725043 0.01101912 0.01238176
v -0.01660490 0.01224715 0.01298690
v -0.01630596 0.01287137 0.01335816
v -0.01722877 0.01191669 0.01338414
v -0.01745839 0.01216556 0.01400785
v -0.01837254 0.01121087 0.01403384
v -0.01928669 0.01025210 0.01405983
v -0.01948165 0.01048058 0.01468353
v -0.01973726 0.01070905 0.01548915
v -0.02026582 0.01031330 0.01583442
v -0.02104133 0.01005627 0.01715608
v -0.02128828 0.00976660 0.01740853
v -0.02195548 0.00905671 0.01825128
v -0.02205513 0.00925662 0.01884900
v -0.02213744 0.00942389 0.01946899
v -0.02194248 0.01001547 0.02011869
v -0.02201613 0.01015011 0.02105053
v -0.02149191 0.01081104 0.02101341
v -0.02040013 0.01234915 0.02198238
v -0.02167820 0.01072945 0.02198238
v -0.02123629 0.01129247 0.02198238
v -0.02206812 0.01023170 0.02198238
v -0.02043479 0.01239811 0.02291794
v -0.02043479 0.01240219 0.02384979
v -0.02043046 0.01239811 0.02478534
v -0.01910039 0.01288361 0.02851273
v -0.01793063 0.01356495 0.02953739
v -0.01722444 0.01383422 0.03038014
v -0.01676086 0.01418508 0.03038014
v -0.01834221 0.01304680 0.02987894
v -0.01775300 0.01336503 0.03038014
v -0.01658323 0.01405453 0.03095929
v -0.02178218 0.01063969 0.02472223
v -0.02237139 0.00986860 0.02472223
v -0.02085937 0.01172901 0.02571719
v -0.02196848 0.01009707 0.02664533
v -0.02231940 0.00963197 0.02664533
v -0.02306892 0.00846513 0.02730245
v -0.02094168 0.01090080 0.02851273
v -0.02187749 0.00997467 0.02758088
v -0.02047378 0.01150870 0.02851273
v -0.02033947 0.01132919 0.02944458
v -0.02025282 0.01122719 0.02997176
v -0.02007086 0.01197380 0.02851273
v -0.01960296 0.01241443 0.02851273
v -0.01461630 0.01491946 0.03176491
v -0.01442567 0.01479706 0.03224383
v -0.01513186 0.01432788 0.03226982
v -0.01484592 0.01414020 0.03295293
v -0.01415706 0.01445843 0.03317196
v -0.01394477 0.01415653 0.03389591
v -0.01339455 0.01478074 0.03339101
v -0.01319526 0.01444619 0.03408525
v -0.01229411 0.01475626 0.03430800
v -0.01175255 0.01489090 0.03451962
v -0.01064777 0.01483786 0.03537721
v -0.01141028 0.01470322 0.03505794
v -0.01037050 0.01514385 0.03505794
v -0.00855953 0.01595166 0.03472752
v -0.00762805 0.01608629 0.03492800
v -0.00576076 0.01671867 0.03444165
v -0.00673990 0.01614341 0.03512476
v -0.00942602 0.01552328 0.03496512
v -0.00855953 0.01565791 0.03519159
v -0.01600702 0.01467467 0.03039870
v -0.00645396 0.01590270 0.03557398
v -0.00576076 0.01564567 0.03613086
v -0.00482929 0.01569871 0.03621625
v -0.00389781 0.01605774 0.03578188
v -0.00296633 0.01606590 0.03579673
v -0.00296633 0.01653508 0.03510248
v -0.00109904 0.01600878 0.03569649
v -0.00016757 0.01594350 0.03561481
v -0.00203485 0.01569463 0.03623481
v -0.00296633 0.01572319 0.03626080
v 0.00054729 0.01499697 0.03651696
v 0.00079424 0.01540088 0.03598607
v 0.00103686 0.01580071 0.03544033
v 0.00169972 0.01608222 0.03485374
v -0.00016757 0.01555183 0.03608259
v -0.00016757 0.01508673 0.03661720
v 0.00246657 0.01595982 0.03470524
v 0.00309044 0.01585782 0.03457531
v 0.00449849 0.01506633 0.03473866
v 0.00455048 0.01557631 0.03410010
v 0.00356268 0.01575175 0.03444537
v 0.00499239 0.01494394 0.03459387
v 0.00535631 0.01516833 0.03409639
v 0.00561626 0.01477258 0.03439710
v 0.00615349 0.01415245 0.03475351
v 0.00972343 0.01127207 0.03557769
v 0.00567692 0.01386686 0.03537350
v 0.01853564 0.01292441 0.02573575
v 0.01034297 0.01094976 0.03529925
v 0.01061158 0.01032962 0.03556284
v 0.01853564 0.00910158 0.01317624
v 0.01342334 0.00943613 0.00741810
v 0.01313740 0.00990940 0.00741810
v 0.01292945 0.01024802 0.00741810
v -0.01275768 0.01119455 0.00845390
v -0.01077341 0.01165965 0.00741810
v -0.01141462 0.01116599 0.00741810
v -0.01162257 0.01100280 0.00741810
v -0.01409207 0.01159438 0.00990921
v -0.01443000 0.01193708 0.01048837
v -0.01478093 0.01228387 0.01111207
v -0.01508421 0.01258578 0.01172464
v -0.01569941 0.01227163 0.01204021
v -0.01663089 0.01133327 0.01204392
v -0.01540048 0.01196564 0.01141650
v -0.01725477 0.01008483 0.01142764
v -0.01754071 0.00946061 0.01112321
v -0.01818191 0.01005219 0.01240032
v -0.01784831 0.01068049 0.01270475
v -0.01843319 0.01033778 0.01302403
v -0.01814292 0.01096200 0.01341013
v -0.01926936 0.00928926 0.01315025
v -0.01948165 0.00963197 0.01377396
v -0.02010552 0.00910974 0.01426030
v -0.01979358 0.00984412 0.01447192
v -0.02010552 0.01006035 0.01521071
v -0.01842886 0.00942797 0.01210332
v -0.02087236 0.00976660 0.01640986
v -0.02121030 0.00943613 0.01673656
v -0.02178651 0.00877928 0.01739740
v -0.02199014 0.00819178 0.01713752
v -0.02222842 0.00790211 0.01739740
v -0.02272232 0.00691478 0.01739740
v -0.02251870 0.00793067 0.01825128
v -0.02288696 0.00718813 0.01825128
v -0.02298660 0.00738805 0.01887499
v -0.02231074 0.00891391 0.01916828
v -0.02306025 0.00753492 0.01949869
v -0.02255769 0.00886087 0.02011869
v -0.02221109 0.00954629 0.02011869
v -0.02231074 0.00968500 0.02105053
v -0.02238439 0.00976660 0.02198238
v -0.02235840 0.00988492 0.02297734
v -0.02208978 0.01025618 0.02271004
v -0.02090269 0.01179429 0.02291794
v -0.02209412 0.01026434 0.02333003
v -0.02209412 0.01026842 0.02384979
v -0.02126662 0.01133327 0.02384979
v -0.02209412 0.01026842 0.02436954
v -0.01940800 0.01223491 0.02944458
v -0.01930402 0.01213700 0.02993092
v -0.01698182 0.01354047 0.03133426
v -0.01756670 0.01319368 0.03108552
v -0.01822090 0.01292849 0.03038014
v -0.01673054 0.01324264 0.03224383
v -0.01654424 0.01309576 0.03276730
v -0.01633628 0.01389134 0.03158300
v -0.02238006 0.00970948 0.02571719
v -0.02161321 0.01072945 0.02571719
v -0.02206812 0.01023170 0.02499325
v -0.02245371 0.00979516 0.02384979
v -0.02290429 0.00912606 0.02478534
v -0.02121030 0.01126391 0.02571719
v -0.02278731 0.00899551 0.02664533
v -0.02310791 0.00853041 0.02664533
v -0.02340252 0.00793067 0.02664533
v -0.02397007 0.00655576 0.02717622
v -0.02323788 0.00798778 0.02759945
v -0.02316857 0.00774299 0.02851273
v -0.02309058 0.00758388 0.02921440
v -0.02299093 0.00833865 0.02792244
v -0.02273965 0.00880784 0.02759945
v -0.02084637 0.01066825 0.02943344
v -0.02240172 0.00892615 0.02852016
v -0.02205079 0.00927702 0.02883944
v -0.02019650 0.01022355 0.03172037
v -0.02007953 0.01103544 0.03059547
v -0.01927369 0.01117823 0.03175007
v -0.01945565 0.01135366 0.03113007
v -0.01851118 0.01227571 0.03110780
v -0.02110632 0.01018683 0.02973787
v -0.02217643 0.00851409 0.03010170
v -0.02097201 0.01000323 0.03038014
v -0.02046945 0.01072537 0.03032074
v -0.01546546 0.01392805 0.03259652
v -0.01456431 0.01395253 0.03357663
v -0.01361550 0.01395253 0.03451591
v -0.01421771 0.01379342 0.03416693
v -0.01299596 0.01411165 0.03474979
v -0.01136263 0.01420956 0.03577445
v -0.01080807 0.01395661 0.03640187
v -0.01041382 0.01446251 0.03597122
v -0.01002390 0.01494802 0.03554057
v -0.01227244 0.01427076 0.03505422
v -0.01195184 0.01405861 0.03559254
v -0.00762805 0.01578439 0.03539206
v -0.00707783 0.01584558 0.03548859
v -0.00949534 0.01503777 0.03566679
v -0.00848155 0.01514385 0.03598978
v -0.00811762 0.01493578 0.03645385
v -0.00673990 0.01560487 0.03592296
v -0.00669657 0.01508673 0.03663947
v -0.00576076 0.01517649 0.03674714
v -0.00482929 0.01523361 0.03680654
v -0.00389781 0.01571503 0.03624595
v -0.00109904 0.01563343 0.03616427
v -0.00203485 0.01522953 0.03678055
v -0.00109904 0.01516833 0.03671373
v -0.00296633 0.01525808 0.03682139
v -0.00389781 0.01524585 0.03682139
v -0.00016757 0.01464203 0.03708498
v 0.00087656 0.01449107 0.03694390
v 0.00117116 0.01491130 0.03642415
v 0.00169972 0.01523769 0.03586356
v 0.00169972 0.01570279 0.03532153
v -0.00109904 0.01473586 0.03718151
v 0.00271785 0.01560079 0.03502823
v 0.00263120 0.01507041 0.03567050
v 0.00317709 0.01496026 0.03554799
v 0.00351935 0.01523361 0.03506907
v 0.00379663 0.01482154 0.03539578
v 0.00449849 0.01465427 0.03520644
v 0.00505304 0.01404229 0.03556284
v 0.00533465 0.01440947 0.03498368
v 0.00619248 0.01324672 0.03570392
v 0.00569858 0.01294481 0.03632762
v 0.00619681 0.01232059 0.03662462
v 0.00565092 0.01197788 0.03724833
v 0.00582422 0.00555211 0.04292851
v 0.00636578 0.00489117 0.04316611
v 0.00686401 0.00469942 0.04300648
v 0.00537798 0.01349559 0.03594523
v 0.01853564 0.01261434 0.02597707
v 0.01079354 0.00979516 0.03575218
v 0.00772617 0.00364682 0.04292851
v 0.01853564 0.00886087 0.01304630
v 0.01373528 0.00885271 0.00741810
v -0.01437802 0.01094976 0.00959736
v -0.01475061 0.01131287 0.01021735
v -0.01186519 0.01080288 0.00741810
v -0.01214247 0.01055809 0.00741810
v -0.01270136 0.01020315 0.00757031
v -0.01662223 0.00946061 0.01020621
v -0.01569075 0.01038674 0.01021364
v -0.01537015 0.01101096 0.01048837
v -0.01631029 0.01008483 0.01049208
v -0.01693850 0.00977476 0.01080764
v -0.01663089 0.01040306 0.01111207
v -0.01724177 0.00906895 0.01049950
v -0.01769234 0.00879968 0.01080022
v -0.01909606 0.00893023 0.01261194
v -0.01923037 0.00828561 0.01227410
v -0.01944265 0.00866912 0.01289780
v -0.02006653 0.00810610 0.01335444
v -0.02027449 0.00848961 0.01397815
v -0.02123629 0.00667815 0.01392989
v -0.02106733 0.00729829 0.01421947
v -0.02028315 0.00943613 0.01488030
v -0.02041312 0.00976660 0.01549287
v -0.01859783 0.00886087 0.01189913
v -0.02106299 0.00915054 0.01611286
v -0.02217643 0.00669039 0.01575274
v -0.02278731 0.00603353 0.01639130
v -0.02214611 0.00757164 0.01672171
v -0.02307758 0.00570307 0.01670686
v -0.02292162 0.00632728 0.01713752
v -0.02303426 0.00654760 0.01776123
v -0.02344151 0.00606209 0.01825128
v -0.02373612 0.00599682 0.01921654
v -0.02322489 0.00704534 0.01918684
v -0.02397873 0.00564187 0.01955067
v -0.02403939 0.00576834 0.02011869
v -0.02304292 0.00843249 0.02143664
v -0.02279597 0.00879152 0.02109508
v -0.02285230 0.00896287 0.02198238
v -0.02289129 0.00905263 0.02291794
v -0.02291728 0.00912606 0.02384979
v -0.01738041 0.01302232 0.03170551
v -0.01794796 0.01264698 0.03140851
v -0.01625397 0.01288769 0.03339101
v -0.01563010 0.01311208 0.03372142
v -0.01597669 0.01326304 0.03311999
v -0.01602435 0.01372814 0.03226982
v -0.01719411 0.01286321 0.03224383
v -0.01751038 0.01221452 0.03282670
v -0.01690817 0.01254906 0.03310885
v -0.01665255 0.01226347 0.03384022
v -0.02284796 0.00906079 0.02571719
v -0.02315990 0.00865688 0.02478534
v -0.02313824 0.00859160 0.02571719
v -0.02345884 0.00793067 0.02571719
v -0.02471525 0.00521348 0.02571719
v -0.02491021 0.00470758 0.02635575
v -0.02487555 0.00460559 0.02697574
v -0.02454629 0.00512781 0.02758088
v -0.02438165 0.00512781 0.02851273
v -0.02384876 0.00629056 0.02851273
v -0.02352383 0.00699638 0.02851273
v -0.02299960 0.00741253 0.02983811
v -0.02280464 0.00791027 0.02949284
v -0.02291295 0.00821218 0.02851273
v -0.02400040 0.00568675 0.02912159
v -0.02326388 0.00706166 0.02949284
v -0.02230207 0.00867728 0.02944458
v -0.02069473 0.00979924 0.03131570
v -0.02105000 0.00917910 0.03153474
v -0.02212444 0.00750636 0.03183174
v -0.02127528 0.00855488 0.03197653
v -0.02039146 0.00955445 0.03224383
v -0.02024416 0.00935454 0.03274131
v -0.02003620 0.01001955 0.03224383
v -0.01937767 0.01035002 0.03283041
v -0.01956830 0.01054993 0.03224383
v -0.01982824 0.01079472 0.03142336
v -0.01911339 0.01101504 0.03224383
v -0.01816891 0.01194116 0.03224383
v -0.01770101 0.01239403 0.03224383
v -0.01832921 0.01210028 0.03172779
v -0.02241472 0.00797963 0.03039870
v -0.02223709 0.00767364 0.03131198
v -0.02203779 0.00832233 0.03072541
v -0.02180817 0.00884047 0.03039870
v -0.02130994 0.00953813 0.03038014
v -0.02190782 0.00813874 0.03131198
v -0.01505388 0.01329159 0.03406298
v -0.01327324 0.01374038 0.03505422
v -0.01257138 0.01389134 0.03537350
v -0.01471161 0.01312432 0.03466069
v -0.01409641 0.01327936 0.03499853
v -0.01374114 0.01309168 0.03554799
v -0.01136263 0.01382198 0.03623852
v -0.01087739 0.01305088 0.03736713
v -0.01053080 0.01357311 0.03695875
v -0.00949534 0.01381382 0.03717779
v -0.01018420 0.01408309 0.03655037
v -0.01136263 0.01335687 0.03677313
v -0.00949534 0.01468283 0.03613457
v -0.00874149 0.01482154 0.03630906
v -0.01322558 0.01324264 0.03572248
v -0.01230710 0.01353639 0.03598607
v -0.01203849 0.01318144 0.03658007
v -0.00762805 0.01538048 0.03597864
v -0.00824326 0.01404229 0.03743024
v -0.00762805 0.01411981 0.03751935
v -0.00762805 0.01458899 0.03698474
v -0.00669657 0.01469507 0.03710725
v -0.00762805 0.01498882 0.03652067
v -0.00949534 0.01421772 0.03671001
v -0.00886713 0.01394029 0.03731516
v -0.00576076 0.01478890 0.03721492
v -0.00482929 0.01483378 0.03727061
v -0.00389781 0.01484602 0.03728917
v -0.00203485 0.01480114 0.03724462
v -0.00296633 0.01484602 0.03728917
v -0.00109904 0.01427076 0.03764557
v -0.00016757 0.01417284 0.03754905
v 0.00057762 0.01407085 0.03745252
v 0.00120149 0.01398517 0.03736713
v 0.00169972 0.01481746 0.03632762
v -0.00203485 0.01433604 0.03771982
v 0.00263120 0.01463795 0.03613828
v 0.00322041 0.01405045 0.03650211
v 0.00351069 0.01443803 0.03594894
v 0.00383996 0.01390357 0.03634990
v 0.00449849 0.01418508 0.03571505
v 0.00507470 0.01312432 0.03650582
v 0.00449849 0.01374038 0.03618283
v 0.00536498 0.01255314 0.03687708
v 0.00502705 0.01216556 0.03740797
v 0.00520468 0.00572347 0.04309557
v 0.00544296 0.00513189 0.04345941
v 0.00568125 0.00451175 0.04381952
v 0.00637011 0.00419760 0.04363761
v 0.00705897 0.00419760 0.04316983
v 0.01853564 0.01256130 0.02601048
v 0.00668204 0.00348771 0.04382695
v 0.00729292 0.00325515 0.04345198
v 0.00786047 0.00302668 0.04307702
v 0.01853564 0.00518900 0.03018709
v 0.01853564 0.00527468 0.03014254
v 0.01853564 0.00604985 0.02973787
v 0.01853564 0.01181061 0.02646713
v 0.01853564 0.00867728 0.01295349
v 0.01408621 0.00798778 0.00741810
v -0.01238942 0.01032146 0.00741810
v -0.01261037 0.01010931 0.00741810
v -0.01282700 0.00989308 0.00741810
v -0.01555644 0.00839169 0.00845761
v -0.01651825 0.00843249 0.00936347
v -0.01353752 0.00917094 0.00741810
v -0.01745839 0.00844881 0.01028789
v -0.01834654 0.00837129 0.01126800
v -0.01940366 0.00766548 0.01204392
v -0.02037413 0.00586218 0.01198823
v -0.02020083 0.00648232 0.01222583
v -0.02070340 0.00607841 0.01263792
v -0.02120596 0.00567859 0.01305373
v -0.02103267 0.00629872 0.01330618
v -0.02137926 0.00601721 0.01360690
v -0.02186450 0.00607025 0.01450904
v -0.02139226 0.00699230 0.01452761
v -0.02123196 0.00760428 0.01484317
v -0.02089403 0.00884863 0.01546316
v -0.01852851 0.00775115 0.01105638
v -0.01887944 0.00802042 0.01165410
v -0.02122763 0.00852633 0.01578244
v -0.02218077 0.00576426 0.01480976
v -0.02234107 0.00607025 0.01544831
v -0.02296061 0.00538076 0.01608316
v -0.02315990 0.00603353 0.01739740
v -0.02348484 0.00512781 0.01731943
v -0.02380977 0.00513597 0.01825870
v -0.02391375 0.00545011 0.01893068
v -0.02427767 0.00512781 0.02011869
v -0.02446830 0.00512781 0.02105053
v -0.02413037 0.00596418 0.02105053
v -0.02395274 0.00652312 0.02155173
v -0.02307325 0.00849777 0.02198238
v -0.02311224 0.00858344 0.02291794
v -0.02315124 0.00866096 0.02384979
v -0.01637961 0.01203500 0.03446393
v -0.01600702 0.01257762 0.03409268
v -0.01533549 0.01289585 0.03434142
v -0.01727643 0.01198196 0.03345041
v -0.01844619 0.01128023 0.03283041
v -0.01821657 0.01105176 0.03345041
v -0.01699915 0.01170045 0.03415950
v -0.02350216 0.00793067 0.02478534
v -0.02472825 0.00524612 0.02478534
v -0.02492754 0.00474838 0.02571719
v -0.02507051 0.00419760 0.02571719
v -0.02500119 0.00425472 0.02665646
v -0.02496220 0.00398953 0.02758088
v -0.02491888 0.00382633 0.02826399
v -0.02487988 0.00365906 0.02888770
v -0.02476724 0.00416088 0.02854986
v -0.02454629 0.00419760 0.02944458
v -0.02312091 0.00673935 0.03038014
v -0.02289562 0.00720445 0.03038014
v -0.02375345 0.00602537 0.02943715
v -0.02390508 0.00548275 0.02974530
v -0.02404805 0.00485854 0.03016852
v -0.02414770 0.00515229 0.02943715
v -0.02270066 0.00691070 0.03123031
v -0.02290862 0.00627017 0.03148647
v -0.02224142 0.00693110 0.03218443
v -0.02211578 0.00657615 0.03275616
v -0.02193382 0.00719629 0.03245545
v -0.02111498 0.00740029 0.03357663
v -0.02130994 0.00767364 0.03295664
v -0.02108899 0.00829785 0.03259652
v -0.02040879 0.00880784 0.03310143
v -0.02004487 0.00908119 0.03336131
v -0.01942533 0.00948917 0.03382537
v -0.01971127 0.00973396 0.03309772
v -0.01914805 0.01011339 0.03345412
v -0.01879712 0.01070089 0.03314227
v -0.01436069 0.01287137 0.03528069
v -0.01576007 0.01227163 0.03475351
v -0.01407908 0.01253274 0.03590811
v -0.01379313 0.01219819 0.03650954
v -0.01322558 0.01283465 0.03619026
v -0.01266236 0.01300193 0.03637960
v -0.01478527 0.01224715 0.03564823
v -0.01136263 0.01292033 0.03723719
v -0.01202983 0.01225939 0.03748964
v -0.01136263 0.01245115 0.03765300
v -0.01136263 0.01190444 0.03812078
v -0.01076908 0.01206356 0.03825443
v -0.01014954 0.01222267 0.03839179
v -0.00949534 0.01285097 0.03812449
v -0.01025352 0.01318552 0.03750078
v -0.00949534 0.01334871 0.03765671
v -0.01322558 0.01236955 0.03668031
v -0.01234609 0.01263066 0.03694761
v -0.00822593 0.01310800 0.03835096
v -0.00762805 0.01366694 0.03798713
v -0.00669657 0.01379750 0.03811335
v -0.00854653 0.01352415 0.03784234
v -0.00669657 0.01422996 0.03764557
v -0.00884980 0.01299376 0.03825072
v -0.00576076 0.01431972 0.03774210
v -0.00482929 0.01436460 0.03777922
v -0.00576076 0.01389134 0.03820988
v -0.00389781 0.01438092 0.03778665
v -0.00296633 0.01438092 0.03777180
v -0.00203485 0.01385462 0.03818389
v -0.00109904 0.01376894 0.03811335
v -0.00016757 0.01365470 0.03801683
v 0.00042165 0.01310392 0.03834353
v 0.00104119 0.01298969 0.03825443
v 0.00449849 0.00586626 0.04322551
v 0.00169972 0.01341807 0.03768270
v 0.00169972 0.01388317 0.03727432
v 0.00169972 0.01435236 0.03680654
v 0.00263120 0.01417284 0.03662091
v -0.00296633 0.01391581 0.03823958
v 0.00318142 0.01309984 0.03741168
v 0.00351069 0.01350375 0.03688822
v 0.00449849 0.01327528 0.03665061
v 0.00263120 0.01368734 0.03708869
v 0.00449849 0.01277346 0.03711468
v 0.00505737 0.00471574 0.04394204
v 0.00380529 0.01294889 0.03727803
v 0.00263120 0.01321816 0.03751563
v 0.00449849 0.00529916 0.04369330
v 0.00539531 0.00419760 0.04408311
v 0.00606250 0.00389161 0.04398659
v 0.00637011 0.00321027 0.04406826
v 0.00686401 0.00286757 0.04393090
v 0.00740990 0.00232903 0.04364503
v 0.00796445 0.00232903 0.04317725
v 0.01853564 0.00332043 0.03091846
v 0.01853564 0.00401809 0.03069199
v 0.01853564 0.00414864 0.03064744
v 0.01853564 0.00799594 0.01264535
v 0.01447180 0.00698822 0.00741810
v -0.01445167 0.00822034 0.00741810
v -0.01486325 0.00774299 0.00741810
v -0.01528783 0.00713510 0.00741810
v -0.01543947 0.00726157 0.00763714
v -0.01667422 0.00793067 0.00921125
v -0.01714212 0.00793067 0.00966418
v -0.01833355 0.00555619 0.00941173
v -0.01861949 0.00606209 0.01003544
v -0.01844186 0.00666999 0.01022849
v -0.01924769 0.00551539 0.01037328
v -0.01812559 0.00800818 0.01076309
v -0.01933001 0.00659655 0.01120860
v -0.01948598 0.00606209 0.01102668
v -0.02013585 0.00540524 0.01136452
v -0.01999288 0.00612737 0.01169494
v -0.02050411 0.00510741 0.01169494
v -0.02100234 0.00512781 0.01241888
v -0.02130994 0.00512781 0.01288666
v -0.02202046 0.00538076 0.01418977
v -0.02277431 0.00509109 0.01551514
v -0.02305159 0.00475654 0.01586783
v -0.02315557 0.00509109 0.01639130
v -0.02390075 0.00435671 0.01795057
v -0.02400473 0.00482590 0.01857427
v -0.02406972 0.00513597 0.01921654
v -0.02451596 0.00419760 0.02011869
v -0.02471092 0.00419760 0.02105053
v -0.02460261 0.00512781 0.02198238
v -0.02487122 0.00455663 0.02259124
v -0.02415636 0.00615185 0.02191184
v -0.02379677 0.00693110 0.02191184
v -0.02429067 0.00606209 0.02291794
v -0.02333753 0.00793067 0.02198238
v -0.02404805 0.00672303 0.02384979
v -0.01641860 0.01112927 0.03544404
v -0.01608934 0.01171269 0.03509877
v -0.01672187 0.01141486 0.03482033
v -0.01759270 0.01136182 0.03385507
v -0.01734141 0.01110887 0.03447507
v -0.02435133 0.00606209 0.02384979
v -0.02494054 0.00478102 0.02478534
v -0.02507918 0.00419760 0.02478534
v -0.02525248 0.00326331 0.02571719
v -0.02521348 0.00326331 0.02664533
v -0.02511384 0.00326331 0.02758088
v -0.02542577 0.00139882 0.02758088
v -0.02546043 0.00046453 0.02851273
v -0.02493187 0.00303892 0.02912530
v -0.02479324 0.00331635 0.02944087
v -0.02452029 0.00326331 0.03038014
v -0.02406972 0.00399769 0.03113750
v -0.02420402 0.00426288 0.03043954
v -0.02302993 0.00654352 0.03086277
v -0.02342851 0.00606209 0.03038014
v -0.02393974 0.00462190 0.03079223
v -0.02313391 0.00600090 0.03123031
v -0.02349783 0.00512781 0.03131198
v -0.02304726 0.00565003 0.03182060
v -0.02269633 0.00600090 0.03217701
v -0.02208545 0.00558475 0.03363603
v -0.02197281 0.00606209 0.03343556
v -0.02131861 0.00678015 0.03386621
v -0.02162621 0.00698822 0.03316454
v -0.02223276 0.00606209 0.03297149
v -0.02091569 0.00705350 0.03415207
v -0.02042612 0.00785723 0.03405555
v -0.02027015 0.00845697 0.03370657
v -0.01918271 0.00918318 0.03444537
v -0.01885344 0.00982780 0.03414836
v -0.01972860 0.00882008 0.03407783
v -0.01852851 0.01042754 0.03384765
v -0.01540481 0.01200644 0.03537350
v -0.01441701 0.01195748 0.03627193
v -0.01479393 0.01133735 0.03656894
v -0.01407041 0.01159030 0.03685109
v -0.01372815 0.01121903 0.03739683
v -0.01322558 0.01185957 0.03714809
v -0.01264937 0.01205540 0.03731145
v -0.01579473 0.01138630 0.03570763
v -0.01229844 0.01166373 0.03784605
v -0.01195184 0.01127207 0.03836952
v -0.01136263 0.01143934 0.03849574
v -0.01037483 0.01163517 0.03875562
v -0.00949534 0.01179429 0.03899322
v -0.00949534 0.01238179 0.03852544
v -0.00742876 0.01222675 0.03932364
v -0.00669657 0.01234507 0.03943501
v -0.00762805 0.01320184 0.03843634
v -0.00854653 0.01264698 0.03863682
v -0.00669657 0.01333240 0.03855886
v -0.00855953 0.01200644 0.03915286
v -0.00482929 0.01392397 0.03824329
v -0.00576076 0.01342623 0.03864053
v -0.00389781 0.01393213 0.03825072
v -0.00203485 0.01338951 0.03859227
v -0.00109904 0.01329976 0.03851059
v -0.00016757 0.01318960 0.03841407
v 0.00356268 0.00546235 0.04381210
v 0.00351935 0.00611105 0.04328863
v -0.00296633 0.01344663 0.03864053
v -0.00389781 0.01291625 0.03911945
v 0.00449849 0.00483406 0.04402000
v 0.00449849 0.00419760 0.04433928
v 0.00542996 0.00326331 0.04442838
v 0.00636578 0.00232903 0.04426131
v 0.00694633 0.00232903 0.04398287
v 0.00750521 0.00139882 0.04371557
v 0.00804244 0.00139882 0.04325150
v 0.01853564 0.00232903 0.03115235
v 0.01853564 0.00325515 0.03093702
v 0.01853564 0.00699638 0.01221470
v 0.01478374 0.00607841 0.00741810
v -0.01540048 0.00695150 0.00741810
v -0.01752338 0.00668631 0.00929664
v -0.01733275 0.00730645 0.00947856
v -0.01851551 0.00493197 0.00922982
v -0.01887944 0.00522572 0.00979412
v -0.01757537 0.00490749 0.00831282
v -0.01940800 0.00489117 0.01017651
v -0.02027449 0.00478102 0.01119003
v -0.02111498 0.00444239 0.01225553
v -0.02212011 0.00475654 0.01400414
v -0.02179518 0.00509109 0.01365145
v -0.02227175 0.00509109 0.01450904
v -0.02310358 0.00419760 0.01575274
v -0.02390942 0.00046453 0.01604603
v -0.02335919 0.00419760 0.01638387
v -0.02375778 0.00410376 0.01741225
v -0.02249703 0.00419760 0.01452018
v -0.02287396 0.00419760 0.01528496
v -0.02395707 0.00373250 0.01778350
v -0.02404805 0.00410376 0.01825870
v -0.02429067 0.00419760 0.01918313
v -0.02486256 0.00169665 0.01976971
v -0.02493621 0.00213319 0.02039341
v -0.02488422 0.00275333 0.02062730
v -0.02484089 0.00422616 0.02191184
v -0.02488422 0.00369986 0.02155544
v -0.02472825 0.00506661 0.02290680
v -0.02491021 0.00471574 0.02321494
v -0.02499253 0.00334083 0.02191184
v -0.02529147 0.00232903 0.02291794
v -0.02496653 0.00422616 0.02290680
v -0.02493621 0.00476878 0.02384979
v -0.02472825 0.00523388 0.02384979
v -0.01637961 0.01015011 0.03635361
v -0.01608934 0.01079064 0.03603062
v -0.01541780 0.01107215 0.03633134
v -0.01703814 0.01080696 0.03512476
v -0.01735441 0.01018683 0.03543290
v -0.01673054 0.01050506 0.03572990
v -0.01826423 0.01016643 0.03447135
v -0.01764469 0.01048466 0.03480919
v -0.02505752 0.00419760 0.02384979
v -0.02524381 0.00326331 0.02478534
v -0.02556875 0.00139882 0.02571719
v -0.02552975 0.00139882 0.02664533
v -0.02557741 0.00046453 0.02758088
v -0.02546043 -0.00046567 0.02851273
v -0.02526547 0.00046453 0.02944458
v -0.02511384 0.00139882 0.02944458
v -0.02493621 0.00139882 0.03005715
v -0.02484089 0.00250446 0.02974530
v -0.02485389 0.00069708 0.03071798
v -0.02415636 0.00333267 0.03139366
v -0.02394841 0.00368762 0.03176120
v -0.02385309 0.00426288 0.03139366
v -0.02338519 0.00428736 0.03233293
v -0.02302126 0.00465454 0.03270418
v -0.02236273 0.00416088 0.03412609
v -0.02199447 0.00445055 0.03444908
v -0.02148324 0.00606617 0.03415207
v -0.02315990 0.00403441 0.03296406
v -0.02289562 0.00428736 0.03323508
v -0.02299093 0.00359786 0.03358406
v -0.02108466 0.00638032 0.03448992
v -0.02021383 0.00650680 0.03549602
v -0.02042179 0.00699638 0.03482404
v -0.02024849 0.00749820 0.03460872
v -0.02003187 0.00811834 0.03432656
v -0.01940800 0.00856304 0.03472009
v -0.01915238 0.00819586 0.03534380
v -0.01885344 0.00889759 0.03507278
v -0.01827289 0.00923214 0.03542176
v -0.01855883 0.00954221 0.03480177
v -0.01507121 0.01071313 0.03689564
v -0.01472894 0.01035410 0.03744509
v -0.01434769 0.01097832 0.03719264
v -0.01322558 0.01139038 0.03754905
v -0.01408774 0.01069273 0.03758246
v -0.01257138 0.01105176 0.03820617
v -0.01169189 0.01016643 0.03918628
v -0.01137129 0.01070497 0.03898580
v -0.00997624 0.01120679 0.03924939
v -0.01227244 0.01073353 0.03856257
v -0.00949534 0.01132511 0.03933106
v -0.00804830 0.01210844 0.03923083
v -0.00673990 0.01163110 0.03994363
v -0.00576076 0.01186365 0.03999190
v -0.00576076 0.01244299 0.03952412
v -0.00669657 0.01281425 0.03902292
v -0.00576076 0.01291217 0.03910831
v -0.00855953 0.01153726 0.03947585
v -0.00769304 0.01174533 0.03958723
v -0.00482929 0.01345887 0.03865909
v -0.00482929 0.01293257 0.03912688
v -0.00482929 0.01246338 0.03953154
v -0.00203485 0.01282241 0.03906005
v -0.00296633 0.01289177 0.03910831
v 0.00356268 0.00499317 0.04412024
v 0.00279150 0.00555211 0.04387892
v 0.00356268 0.00419760 0.04452862
v 0.00356268 0.00350402 0.04478478
v 0.00445083 0.00320212 0.04469939
v 0.00477143 0.00232903 0.04480706
v 0.00542996 0.00232903 0.04461772
v 0.00636578 0.00139882 0.04436155
v 0.00703731 0.00139882 0.04404228
v 0.00754420 0.00046453 0.04374898
v 0.00808143 0.00046453 0.04328120
v 0.00854500 0.00046453 0.04276887
v 0.01853564 0.00139882 0.03128971
v 0.01853564 0.00143554 0.03128600
v 0.01853564 0.00666183 0.01209589
v 0.01500469 0.00512781 0.00741810
v 0.01853564 0.00600090 0.01188799
v 0.01853564 0.00598866 0.01188428
v -0.01646193 0.00519308 0.00741810
v -0.01819491 0.00419760 0.00861725
v -0.01865415 0.00419760 0.00908131
v -0.01912205 0.00419760 0.00957508
v -0.01699915 0.00419760 0.00741810
v -0.01663956 0.00489525 0.00741810
v -0.01951631 0.00419760 0.01004286
v -0.02034814 0.00419760 0.01109722
v -0.02085937 0.00415680 0.01179518
v -0.01997988 0.00419760 0.01062944
v -0.02091569 0.00326331 0.01160584
v -0.02109332 0.00155385 0.01134596
v -0.02115831 0.00093372 0.01125315
v -0.02132727 0.00232903 0.01192883
v -0.02188616 0.00139882 0.01251170
v -0.02160455 0.00326331 0.01265277
v -0.02139226 0.00415680 0.01260080
v -0.02190349 0.00419760 0.01343241
v -0.02217643 0.00419760 0.01390019
v -0.02296494 0.00326331 0.01510676
v -0.02307325 0.00211687 0.01489143
v -0.02347617 0.00139882 0.01545203
v -0.02385309 0.00148858 0.01638759
v -0.02364513 0.00046453 0.01545203
v -0.02303426 0.00004431 0.01403755
v -0.02390942 -0.00046567 0.01604603
v -0.02489288 0.00000759 0.01871535
v -0.02407838 0.00046453 0.01651381
v -0.02401339 0.00123971 0.01669944
v -0.02400040 0.00326331 0.01766841
v -0.02297794 0.00066445 0.01414893
v -0.02290862 0.00139882 0.01428629
v -0.02285663 0.00239022 0.01455359
v -0.02452029 0.00139882 0.01825128
v -0.02484089 0.00062773 0.01892696
v -0.02491455 0.00107651 0.01954696
v -0.02515716 0.00046453 0.02011869
v -0.02534346 0.00046453 0.02105053
v -0.02518749 0.00139882 0.02105053
v -0.02493621 0.00307972 0.02124730
v -0.02548210 0.00046453 0.02198238
v -0.02532613 0.00139882 0.02198238
v -0.02544744 0.00139882 0.02291794
v -0.02521782 0.00326331 0.02384979
v -0.01602435 0.00979108 0.03691049
v -0.01535282 0.01005627 0.03722234
v -0.01576007 0.01044794 0.03659864
v -0.01765335 0.00956261 0.03571877
v -0.01730242 0.00919950 0.03633876
v -0.01668288 0.00952589 0.03659864
v -0.01796095 0.00986452 0.03511733
v -0.02555575 0.00139882 0.02478534
v -0.02572471 0.00046453 0.02571719
v -0.02568139 0.00046453 0.02664533
v -0.02557741 -0.00046567 0.02758088
v -0.02526547 -0.00046567 0.02944458
v -0.02542577 -0.00139996 0.02758088
v -0.02487988 -0.00366020 0.02888770
v -0.02493187 -0.00304006 0.02912530
v -0.02490155 0.00007287 0.03087762
v -0.02499253 0.00041557 0.03039499
v -0.02452029 0.00139882 0.03131198
v -0.02435999 0.00232903 0.03131198
v -0.02384010 0.00232903 0.03247401
v -0.02378377 0.00333267 0.03221042
v -0.02325521 0.00327555 0.03323508
v -0.02400473 0.00306748 0.03187629
v -0.02213311 0.00382633 0.03463470
v -0.02137493 0.00512781 0.03486488
v -0.02123196 0.00576018 0.03467554
v -0.02113664 0.00461374 0.03548488
v -0.02306459 0.00297772 0.03370657
v -0.02273532 0.00327555 0.03405555
v -0.02222409 0.00326331 0.03475722
v -0.02101534 0.00512781 0.03532895
v -0.02072506 0.00613553 0.03508763
v -0.02036980 0.00588666 0.03566308
v -0.01944265 0.00586626 0.03659121
v -0.01926936 0.00649048 0.03642044
v -0.01957696 0.00699638 0.03578930
v -0.01937334 0.00757572 0.03559254
v -0.01970260 0.00784907 0.03497626
v -0.01852851 0.00861200 0.03568164
v -0.01793063 0.00890575 0.03600834
v -0.01566475 0.00943205 0.03745252
v -0.01506254 0.00976252 0.03763072
v -0.01516219 0.00892207 0.03813192
v -0.01456431 0.00927294 0.03827299
v -0.01421771 0.00983188 0.03810964
v -0.01358518 0.01017051 0.03825072
v -0.01296130 0.01042754 0.03841778
v -0.01137129 0.00983188 0.03952412
v -0.01106802 0.01037858 0.03931622
v -0.01237209 0.00983188 0.03908233
v -0.01211647 0.00954629 0.03937561
v -0.01076042 0.00923622 0.04012926
v -0.01014088 0.00943613 0.04024064
v -0.00949534 0.01009299 0.04007729
v -0.00949534 0.01072945 0.03969861
v -0.01274035 0.00930966 0.03923454
v -0.00898411 0.01023986 0.04016267
v -0.00862885 0.01070905 0.03998076
v -0.00708216 0.01115783 0.04015525
v -0.00645829 0.01130063 0.04023693
v -0.00576076 0.01139446 0.04030003
v -0.00482929 0.01141078 0.04031489
v -0.00482929 0.01187588 0.03999932
v -0.00762805 0.01102728 0.04007729
v -0.00296633 0.01242259 0.03946100
v 0.00254022 0.00519716 0.04412766
v 0.00261387 0.00411600 0.04468083
v 0.00216763 0.00559699 0.04390862
v 0.00291281 0.00368354 0.04482933
v 0.00356268 0.00303484 0.04489987
v 0.00410857 0.00285533 0.04485532
v 0.00494040 0.00177417 0.04483676
v 0.00430353 0.00232903 0.04489245
v 0.00535631 0.00143554 0.04472538
v 0.00636578 0.00046453 0.04439868
v 0.00707630 0.00046453 0.04406455
v 0.00754420 -0.00046567 0.04374898
v 0.00808143 -0.00046567 0.04328120
v 0.00854500 -0.00046567 0.04276887
v 0.01853564 0.00046453 0.03135653
v 0.01524298 0.00393241 0.00741810
v 0.01853564 0.00514413 0.01169123
v -0.01738474 0.00354074 0.00756660
v -0.01923037 0.00326331 0.00945628
v -0.01829889 0.00346323 0.00851701
v -0.01725910 0.00346323 0.00741810
v -0.01928669 0.00276965 0.00939317
v -0.01999721 0.00046453 0.00966418
v -0.02037413 0.00046453 0.01013196
v -0.02022683 0.00186800 0.01031759
v -0.02044778 0.00326331 0.01097100
v -0.02078572 0.00130498 0.01087818
v -0.02120596 0.00046453 0.01119375
v -0.02155689 0.00046453 0.01172093
v -0.02197714 0.00046453 0.01236691
v -0.02183417 0.00232495 0.01271960
v -0.02212011 0.00201080 0.01307229
v -0.02205946 0.00263094 0.01317253
v -0.02226741 0.00326331 0.01374426
v -0.02319023 0.00039926 0.01448305
v -0.02303426 -0.00004545 0.01403755
v -0.02253169 0.00139882 0.01358462
v -0.02276565 0.00039926 0.01367001
v -0.02227175 0.00046453 0.01283469
v -0.02364513 -0.00046567 0.01545203
v -0.02347617 -0.00139996 0.01545203
v -0.02310358 -0.00419874 0.01575274
v -0.02305159 -0.00475768 0.01586783
v -0.02335919 -0.00419874 0.01638387
v -0.02385309 -0.00148972 0.01638759
v -0.02401339 -0.00124085 0.01669944
v -0.02407838 -0.00046567 0.01651381
v -0.02489288 -0.00000873 0.01871535
v -0.02495354 0.00037478 0.01921654
v -0.02471958 0.00037478 0.01834409
v -0.02436866 0.00046453 0.01731943
v -0.02415636 0.00148858 0.01722662
v -0.02534346 -0.00046567 0.02105053
v -0.02548210 -0.00046567 0.02198238
v -0.02560341 0.00046453 0.02291794
v -0.02552975 0.00139882 0.02384979
v -0.01628430 0.00911790 0.03722234
v -0.01758403 0.00857936 0.03658750
v -0.01694716 0.00884863 0.03690307
v -0.02568572 0.00046453 0.02384979
v -0.02570738 0.00046453 0.02478534
v -0.02572471 -0.00046567 0.02571719
v -0.02568139 -0.00046567 0.02664533
v -0.02511384 -0.00139996 0.02944458
v -0.02493621 -0.00139996 0.03005715
v -0.02485389 -0.00069823 0.03071798
v -0.02499253 -0.00041672 0.03039499
v -0.02490155 -0.00007401 0.03087762
v -0.02552975 -0.00139996 0.02664533
v -0.02511384 -0.00326445 0.02758088
v -0.02491888 -0.00382747 0.02826399
v -0.02487555 -0.00460673 0.02697574
v -0.02476724 -0.00416202 0.02854986
v -0.02454629 -0.00419874 0.02944458
v -0.02406972 -0.00399883 0.03113750
v -0.02452029 -0.00326445 0.03038014
v -0.02479324 -0.00331749 0.02944087
v -0.02426468 0.00046453 0.03224383
v -0.02471092 0.00041557 0.03123773
v -0.02406972 0.00232903 0.03200623
v -0.02390508 0.00155793 0.03260766
v -0.02347184 0.00232903 0.03317939
v -0.02186883 0.00326331 0.03522500
v -0.02127095 0.00398953 0.03563338
v -0.02054743 0.00512781 0.03584499
v -0.02074239 0.00430776 0.03603062
v -0.02009252 0.00512781 0.03631277
v -0.02312524 0.00232903 0.03379196
v -0.02279597 0.00232903 0.03425974
v -0.02233240 0.00232903 0.03490943
v -0.02374911 0.00046453 0.03325735
v -0.02198581 0.00232903 0.03537721
v -0.01962462 0.00512781 0.03676199
v -0.01912205 0.00512781 0.03722977
v -0.01887510 0.00614369 0.03695875
v -0.01829022 0.00642520 0.03732258
v -0.01862815 0.00699638 0.03668403
v -0.01842886 0.00755940 0.03650954
v -0.01909173 0.00699638 0.03625708
v -0.01820791 0.00818362 0.03630163
v -0.01599402 0.00882823 0.03763443
v -0.01551745 0.00834681 0.03828413
v -0.01658757 0.00849777 0.03744509
v -0.01413973 0.00884455 0.03877047
v -0.01394477 0.00954629 0.03845490
v -0.01489791 0.00864872 0.03846233
v -0.01325591 0.00983188 0.03864424
v -0.01141895 0.00889759 0.04002531
v -0.01176988 0.00834681 0.04015525
v -0.01115034 0.00861200 0.04027776
v -0.01043981 0.00889759 0.04040027
v -0.00904910 0.00841209 0.04111680
v -0.00941302 0.00877928 0.04081608
v -0.00949534 0.00962789 0.04035201
v -0.01322558 0.00909751 0.03911203
v -0.01371515 0.00841617 0.03925310
v -0.01322558 0.00863240 0.03936448
v -0.01237209 0.00894247 0.03958723
v -0.00862885 0.00987676 0.04047824
v -0.00836024 0.01038674 0.04025178
v -0.00762805 0.01056217 0.04035201
v -0.00669657 0.00944429 0.04116877
v -0.00576076 0.01072945 0.04066015
v -0.00783601 0.00921174 0.04104997
v -0.00721647 0.00935046 0.04112051
v -0.00482929 0.01016235 0.04105740
v -0.00482929 0.01072945 0.04073069
v 0.00076391 0.00562963 0.04393090
v 0.00169972 0.00561331 0.04391976
v -0.00389781 0.01181877 0.03996591
v 0.00169972 0.00512781 0.04420934
v 0.00169972 0.00423432 0.04466227
v 0.00229327 0.00375290 0.04485161
v 0.00261387 0.00332859 0.04493329
v 0.00356268 0.00232903 0.04501496
v 0.00263120 0.00232903 0.04512262
v 0.00356268 0.00139882 0.04510035
v 0.00457647 0.00143554 0.04492215
v 0.00499672 0.00114995 0.04485161
v 0.00548629 0.00046453 0.04471053
v 0.00636578 -0.00046567 0.04439868
v 0.00707630 -0.00046567 0.04406455
v 0.00703731 -0.00139996 0.04404228
v 0.00750521 -0.00139996 0.04371557
v 0.00804244 -0.00139996 0.04325150
v 0.01853564 -0.00139996 0.03128971
v 0.01853564 -0.00135916 0.03129342
v 0.01853564 -0.00046567 0.03135653
v 0.01536428 0.00326331 0.00741810
v 0.01853564 0.00419760 0.01148704
v -0.01731109 0.00324291 0.00741810
v -0.01751905 0.00232903 0.00742181
v -0.01772267 0.00139882 0.00741810
v -0.01897042 0.00240654 0.00897365
v -0.01899641 0.00139882 0.00876575
v -0.01943399 0.00139882 0.00923353
v -0.01952930 0.00046453 0.00912586
v -0.01999721 -0.00046567 0.00966418
v -0.02037413 -0.00046567 0.01013196
v -0.02120596 -0.00046567 0.01119375
v -0.02155689 -0.00046567 0.01172093
v -0.02197714 -0.00046567 0.01236691
v -0.02319023 -0.00040040 0.01448305
v -0.02227175 -0.00046567 0.01283469
v -0.02276565 -0.00040040 0.01367001
v -0.02253169 -0.00139996 0.01358462
v -0.02226741 -0.00326445 0.01374426
v -0.02217643 -0.00419874 0.01390019
v -0.02297794 -0.00066559 0.01414893
v -0.02307325 -0.00211802 0.01489143
v -0.02296494 -0.00326445 0.01510676
v -0.02287396 -0.00419874 0.01528496
v -0.02315557 -0.00509223 0.01639130
v -0.02348484 -0.00512895 0.01731943
v -0.02390075 -0.00435786 0.01795057
v -0.02375778 -0.00410490 0.01741225
v -0.02249703 -0.00419874 0.01452018
v -0.02212011 -0.00475768 0.01400414
v -0.02227175 -0.00509223 0.01450904
v -0.02277431 -0.00509223 0.01551514
v -0.02296061 -0.00538190 0.01608316
v -0.02415636 -0.00148972 0.01722662
v -0.02436866 -0.00046567 0.01731943
v -0.02400040 -0.00326445 0.01766841
v -0.02495354 -0.00037592 0.01921654
v -0.02515716 -0.00046567 0.02011869
v -0.02471958 -0.00037592 0.01834409
v -0.02452029 -0.00139996 0.01825128
v -0.02429067 -0.00419874 0.01918313
v -0.02484089 -0.00062887 0.01892696
v -0.02488422 -0.00275447 0.02062730
v -0.02518749 -0.00139996 0.02105053
v -0.02488422 -0.00370100 0.02155544
v -0.02560341 -0.00046567 0.02291794
v -0.02499253 -0.00334197 0.02191184
v -0.02532613 -0.00139996 0.02198238
v -0.01721144 0.00811018 0.03720749
v -0.01782665 0.00783275 0.03685852
v -0.02568572 -0.00046567 0.02384979
v -0.02570738 -0.00046567 0.02478534
v -0.02555575 -0.00139996 0.02478534
v -0.02556875 -0.00139996 0.02571719
v -0.02484089 -0.00250560 0.02974530
v -0.02415636 -0.00333381 0.03139366
v -0.02435999 -0.00233017 0.03131198
v -0.02452029 -0.00139996 0.03131198
v -0.02471092 -0.00041672 0.03123773
v -0.02426468 -0.00046567 0.03224383
v -0.02521348 -0.00326445 0.02664533
v -0.02496220 -0.00399067 0.02758088
v -0.02454629 -0.00512895 0.02758088
v -0.02438165 -0.00512895 0.02851273
v -0.02500119 -0.00425586 0.02665646
v -0.02491021 -0.00470872 0.02635575
v -0.02397007 -0.00655690 0.02717622
v -0.02400040 -0.00568789 0.02912159
v -0.02414770 -0.00515343 0.02943715
v -0.02404805 -0.00485968 0.03016852
v -0.02420402 -0.00426402 0.03043954
v -0.02393974 -0.00462305 0.03079223
v -0.02385309 -0.00426402 0.03139366
v -0.02394841 -0.00368876 0.03176120
v -0.02399606 0.00046453 0.03278957
v -0.02395707 0.00093780 0.03271161
v -0.02369712 0.00130906 0.03308658
v -0.02140092 0.00326331 0.03577074
v -0.02095468 0.00326331 0.03623481
v -0.02034814 0.00400177 0.03656522
v -0.02020950 0.00462190 0.03642786
v -0.02287829 0.00139882 0.03437112
v -0.02320323 0.00139882 0.03390705
v -0.02235840 0.00135394 0.03510620
v -0.02205079 0.00163953 0.03545889
v -0.02374911 -0.00046567 0.03325735
v -0.02328554 0.00046453 0.03401471
v -0.02151790 0.00232903 0.03588954
v -0.01925203 0.00457295 0.03734115
v -0.01865415 0.00512781 0.03760102
v -0.01848085 0.00580098 0.03747108
v -0.01786997 0.00602945 0.03782749
v -0.01724610 0.00625385 0.03818018
v -0.01762302 0.00699638 0.03752306
v -0.01744539 0.00748596 0.03738941
v -0.01808660 0.00699638 0.03715181
v -0.01605468 0.00799186 0.03810593
v -0.01638394 0.00732685 0.03823958
v -0.01662656 0.00670671 0.03839922
v -0.01576440 0.00772259 0.03843634
v -0.01550012 0.00644152 0.03920855
v -0.01516219 0.00799186 0.03865909
v -0.01439968 0.00793067 0.03911574
v -0.01692550 0.00784907 0.03757132
v -0.01136263 0.00698822 0.04091261
v -0.01105502 0.00667407 0.04117248
v -0.01141895 0.00799186 0.04044854
v -0.01236342 0.00799186 0.04005872
v -0.01272302 0.00742884 0.04015896
v -0.01210348 0.00772259 0.04029261
v -0.01068676 0.00729829 0.04103512
v -0.01039649 0.00788579 0.04087919
v -0.00966864 0.00816730 0.04100913
v -0.00949534 0.00699638 0.04155859
v -0.00884114 0.00640072 0.04199295
v -0.00855953 0.00793067 0.04145092
v -0.00762805 0.00793067 0.04169595
v -0.00855953 0.00855080 0.04118362
v -0.00855953 0.00901999 0.04096087
v -0.01006722 0.00754716 0.04114650
v -0.01461197 0.00744516 0.03923454
v -0.01393177 0.00793067 0.03936448
v -0.01365016 0.00647416 0.04015525
v -0.01329490 0.00706982 0.04005872
v -0.01303062 0.00680463 0.04030375
v -0.01322558 0.00793067 0.03970232
v -0.00669657 0.00886087 0.04146577
v -0.00576076 0.00959117 0.04124302
v -0.00576076 0.01005627 0.04100542
v -0.00482929 0.00969316 0.04130242
v -0.00756740 0.00888535 0.04127643
v -0.00050983 0.00558067 0.04390120
v 0.00011404 0.00561739 0.04391976
v 0.00076391 0.00512781 0.04421305
v 0.00076391 0.00421800 0.04465855
v 0.00169972 0.00376921 0.04485532
v 0.00169972 0.00326331 0.04498897
v 0.00169972 0.00232903 0.04517088
v 0.00169972 0.00139882 0.04527112
v 0.00263120 0.00139882 0.04520801
v 0.00356268 0.00046453 0.04512633
v 0.00449849 0.00046453 0.04496299
v 0.00263120 0.00046453 0.04524142
v 0.00501838 0.00046453 0.04485903
v 0.00548629 -0.00046567 0.04471053
v 0.00535631 -0.00143668 0.04472538
v 0.00636578 -0.00139996 0.04436155
v 0.00636578 -0.00233017 0.04426131
v 0.00694633 -0.00233017 0.04398287
v 0.00740990 -0.00233017 0.04364503
v 0.00796445 -0.00233017 0.04317725
v 0.01853564 -0.00233017 0.03115235
v 0.01547259 0.00232903 0.00741810
v 0.01853564 0.00326331 0.01132369
v -0.01785264 0.00079500 0.00741810
v -0.01819057 0.00046453 0.00770025
v -0.01909606 0.00046453 0.00866180
v -0.01863249 0.00046453 0.00816803
v -0.01952930 -0.00046567 0.00912586
v -0.01943399 -0.00139996 0.00923353
v -0.01928669 -0.00277079 0.00939317
v -0.01951631 -0.00419874 0.01004286
v -0.02022683 -0.00186914 0.01031759
v -0.02078572 -0.00130612 0.01087818
v -0.02115831 -0.00093486 0.01125315
v -0.02132727 -0.00233017 0.01192883
v -0.02188616 -0.00139996 0.01251170
v -0.02212011 -0.00201194 0.01307229
v -0.02205946 -0.00263208 0.01317253
v -0.02190349 -0.00419874 0.01343241
v -0.02290862 -0.00139996 0.01428629
v -0.02285663 -0.00239137 0.01455359
v -0.02380977 -0.00513711 0.01825870
v -0.02400473 -0.00482704 0.01857427
v -0.02307758 -0.00570421 0.01670686
v -0.02395707 -0.00373364 0.01778350
v -0.02404805 -0.00410490 0.01825870
v -0.02130994 -0.00512895 0.01288666
v -0.02179518 -0.00509223 0.01365145
v -0.02202046 -0.00538190 0.01418977
v -0.02111498 -0.00444353 0.01225553
v -0.02218077 -0.00576541 0.01480976
v -0.02234107 -0.00607139 0.01544831
v -0.02278731 -0.00603468 0.01639130
v -0.02491455 -0.00107765 0.01954696
v -0.02486256 -0.00169779 0.01976971
v -0.02493621 -0.00213433 0.02039341
v -0.02451596 -0.00419874 0.02011869
v -0.02493621 -0.00308086 0.02124730
v -0.02471092 -0.00419874 0.02105053
v -0.02484089 -0.00422730 0.02191184
v -0.02544744 -0.00139996 0.02291794
v -0.02487122 -0.00455777 0.02259124
v -0.02529147 -0.00233017 0.02291794
v -0.02552975 -0.00139996 0.02384979
v -0.02524381 -0.00326445 0.02478534
v -0.02525248 -0.00326445 0.02571719
v -0.02400473 -0.00306862 0.03187629
v -0.02406972 -0.00233017 0.03200623
v -0.02390508 -0.00155908 0.03260766
v -0.02395707 -0.00093894 0.03271161
v -0.02399606 -0.00046567 0.03278957
v -0.02507051 -0.00419874 0.02571719
v -0.02323788 -0.00798893 0.02759945
v -0.02384876 -0.00629171 0.02851273
v -0.02492754 -0.00474952 0.02571719
v -0.02471525 -0.00521462 0.02571719
v -0.02340252 -0.00793181 0.02664533
v -0.02306892 -0.00846627 0.02730245
v -0.02352383 -0.00699752 0.02851273
v -0.02309058 -0.00758502 0.02921440
v -0.02326388 -0.00706280 0.02949284
v -0.02375345 -0.00602652 0.02943715
v -0.02390508 -0.00548390 0.02974530
v -0.02299960 -0.00741367 0.02983811
v -0.02312091 -0.00674049 0.03038014
v -0.02342851 -0.00606323 0.03038014
v -0.02302993 -0.00654466 0.03086277
v -0.02313391 -0.00600204 0.03123031
v -0.02290862 -0.00627131 0.03148647
v -0.02349783 -0.00512895 0.03131198
v -0.02304726 -0.00565117 0.03182060
v -0.02338519 -0.00428850 0.03233293
v -0.02315990 -0.00403555 0.03296406
v -0.02299093 -0.00359900 0.03358406
v -0.02325521 -0.00327669 0.03323508
v -0.02378377 -0.00333381 0.03221042
v -0.02384010 -0.00233017 0.03247401
v -0.02107599 0.00232903 0.03635732
v -0.02048678 0.00326331 0.03670630
v -0.01999721 0.00326331 0.03717408
v -0.02295627 0.00046453 0.03448249
v -0.02254902 0.00046453 0.03504309
v -0.02210711 0.00101531 0.03552572
v -0.02369712 -0.00131020 0.03308658
v -0.02347184 -0.00233017 0.03317939
v -0.02306459 -0.00297886 0.03370657
v -0.02312524 -0.00233017 0.03379196
v -0.02320323 -0.00139996 0.03390705
v -0.02328554 -0.00046567 0.03401471
v -0.01939066 0.00395281 0.03745624
v -0.01837254 0.00375698 0.03832126
v -0.01822090 0.00438119 0.03820617
v -0.01803894 0.00512781 0.03806880
v -0.01744539 0.00563371 0.03832497
v -0.01694716 0.00700862 0.03800940
v -0.01694716 0.00599274 0.03849945
v -0.01602002 0.00610289 0.03903035
v -0.01605468 0.00700862 0.03860341
v -0.01570808 0.00582138 0.03933106
v -0.01514919 0.00610289 0.03953154
v -0.01487625 0.00682503 0.03938304
v -0.01236342 0.00706982 0.04047081
v -0.01042682 0.00606209 0.04161056
v -0.00952133 0.00607841 0.04190385
v -0.01039649 0.00698822 0.04126901
v -0.01167890 0.00635992 0.04104997
v -0.01136263 0.00605393 0.04127643
v -0.00854220 0.00607841 0.04219343
v -0.00822160 0.00661287 0.04207463
v -0.00854220 0.00695150 0.04185188
v -0.00922673 0.00577650 0.04210804
v -0.00762805 0.00726565 0.04196325
v -0.00709949 0.00742884 0.04203008
v -0.00675290 0.00790619 0.04190014
v -0.01424371 0.00707798 0.03959094
v -0.01329490 0.00612329 0.04044482
v -0.01417872 0.00612329 0.04002531
v -0.01388412 0.00585402 0.04026663
v -0.01227244 0.00605393 0.04091632
v -0.00576076 0.00771851 0.04216373
v -0.00576076 0.00818362 0.04194469
v -0.00576076 0.00886087 0.04161056
v -0.00482929 0.00886087 0.04172565
v -0.00109904 0.00504621 0.04410167
v -0.00018489 0.00521348 0.04411652
v -0.00007658 0.00410376 0.04465113
v 0.00029601 0.00372842 0.04484047
v 0.00076391 0.00375290 0.04485161
v 0.00076391 0.00326331 0.04498155
v 0.00076391 0.00232903 0.04517831
v 0.00076391 0.00139882 0.04528968
v 0.00076391 0.00046453 0.04534166
v 0.00169972 0.00046453 0.04531196
v 0.00356268 -0.00046567 0.04512633
v 0.00449849 -0.00046567 0.04496299
v 0.00263120 -0.00046567 0.04524142
v 0.00501838 -0.00046567 0.04485903
v 0.00499672 -0.00115109 0.04485161
v 0.00494040 -0.00177531 0.04483676
v 0.00542996 -0.00233017 0.04461772
v 0.00637011 -0.00321142 0.04406826
v 0.00686401 -0.00286871 0.04393090
v 0.00542996 -0.00326445 0.04442838
v 0.00786047 -0.00302782 0.04307702
v 0.01853564 -0.00364796 0.03082564
v 0.01853564 -0.00332157 0.03091846
v 0.01853564 -0.00322366 0.03094444
v 0.01560257 0.00046453 0.00741810
v 0.01853564 0.00232903 0.01123087
v -0.01792196 0.00046453 0.00741810
v -0.01819057 -0.00046567 0.00770025
v -0.01909606 -0.00046567 0.00866180
v -0.01863249 -0.00046567 0.00816803
v -0.01899641 -0.00139996 0.00876575
v -0.01897042 -0.00240768 0.00897365
v -0.01772267 -0.00139996 0.00741810
v -0.01751905 -0.00233017 0.00742181
v -0.01738474 -0.00354188 0.00756660
v -0.01829889 -0.00346437 0.00851701
v -0.01923037 -0.00326445 0.00945628
v -0.01912205 -0.00419874 0.00957508
v -0.01940800 -0.00489232 0.01017651
v -0.02027449 -0.00478216 0.01119003
v -0.01997988 -0.00419874 0.01062944
v -0.02044778 -0.00326445 0.01097100
v -0.02034814 -0.00419874 0.01109722
v -0.02109332 -0.00155500 0.01134596
v -0.02160455 -0.00326445 0.01265277
v -0.02183417 -0.00232609 0.01271960
v -0.02139226 -0.00415794 0.01260080
v -0.02391375 -0.00545126 0.01893068
v -0.02406972 -0.00513711 0.01921654
v -0.02427767 -0.00512895 0.02011869
v -0.02214611 -0.00757278 0.01672171
v -0.02199014 -0.00819292 0.01713752
v -0.02272232 -0.00691592 0.01739740
v -0.02292162 -0.00632843 0.01713752
v -0.02315990 -0.00603468 0.01739740
v -0.02344151 -0.00606323 0.01825128
v -0.02100234 -0.00512895 0.01241888
v -0.02120596 -0.00567973 0.01305373
v -0.02137926 -0.00601836 0.01360690
v -0.02186450 -0.00607139 0.01450904
v -0.02091569 -0.00326445 0.01160584
v -0.02085937 -0.00415794 0.01179518
v -0.02139226 -0.00699344 0.01452761
v -0.02217643 -0.00669153 0.01575274
v -0.02121030 -0.00943727 0.01673656
v -0.02446830 -0.00512895 0.02105053
v -0.02521782 -0.00326445 0.02384979
v -0.02491021 -0.00471688 0.02321494
v -0.02496653 -0.00422730 0.02290680
v -0.02460261 -0.00512895 0.02198238
v -0.02505752 -0.00419874 0.02384979
v -0.02507918 -0.00419874 0.02478534
v -0.02494054 -0.00478216 0.02478534
v -0.02316857 -0.00774413 0.02851273
v -0.02472825 -0.00524726 0.02478534
v -0.02350216 -0.00793181 0.02478534
v -0.02345884 -0.00793181 0.02571719
v -0.02313824 -0.00859274 0.02571719
v -0.02310791 -0.00853155 0.02664533
v -0.02278731 -0.00899665 0.02664533
v -0.02231940 -0.00963311 0.02664533
v -0.02113231 -0.01115897 0.02689778
v -0.02106299 -0.01106514 0.02758088
v -0.02187749 -0.00997582 0.02758088
v -0.02273965 -0.00880898 0.02759945
v -0.02299093 -0.00833979 0.02792244
v -0.02291295 -0.00821332 0.02851273
v -0.02280464 -0.00791141 0.02949284
v -0.02241472 -0.00798077 0.03039870
v -0.02223709 -0.00767478 0.03131198
v -0.02212444 -0.00750750 0.03183174
v -0.02289562 -0.00720559 0.03038014
v -0.02270066 -0.00691184 0.03123031
v -0.02224142 -0.00693224 0.03218443
v -0.02302126 -0.00465568 0.03270418
v -0.02269633 -0.00600204 0.03217701
v -0.02208545 -0.00558589 0.03363603
v -0.02289562 -0.00428850 0.03323508
v -0.02236273 -0.00416202 0.03412609
v -0.02213311 -0.00382747 0.03463470
v -0.02222409 -0.00326445 0.03475722
v -0.02273532 -0.00327669 0.03405555
v -0.02113231 0.00170481 0.03641672
v -0.02060809 0.00232903 0.03682510
v -0.02012718 0.00232903 0.03728917
v -0.01952930 0.00326331 0.03756390
v -0.02295627 -0.00046567 0.03448249
v -0.02254902 -0.00046567 0.03504309
v -0.02215044 0.00046453 0.03557769
v -0.02124062 0.00046453 0.03652810
v -0.02233240 -0.00233017 0.03490943
v -0.02279597 -0.00233017 0.03425974
v -0.02287829 -0.00139996 0.03437112
v -0.01846352 0.00326331 0.03838808
v -0.01789164 0.00326331 0.03877790
v -0.01708580 0.00419760 0.03903406
v -0.01790463 0.00412008 0.03852173
v -0.01757103 0.00512781 0.03841407
v -0.01893142 0.00326331 0.03803168
v -0.01686918 0.00504213 0.03889298
v -0.01632762 0.00529508 0.03914544
v -0.01602002 0.00504213 0.03940903
v -0.01504088 0.00510741 0.03993250
v -0.01450366 0.00540116 0.04011812
v -0.01041815 0.00514413 0.04190014
v -0.00985060 0.00546235 0.04200409
v -0.01194318 0.00573571 0.04115763
v -0.01136263 0.00512781 0.04156230
v -0.00755440 0.00505437 0.04278744
v -0.00762805 0.00606209 0.04243103
v -0.00762805 0.00680055 0.04214888
v -0.00952133 0.00514413 0.04219714
v -0.00855953 0.00512781 0.04249415
v -0.00675290 0.00706982 0.04224169
v -0.00647562 0.00757980 0.04209691
v -0.00669657 0.00606209 0.04264265
v -0.01256705 0.00531956 0.04103141
v -0.01314760 0.00505845 0.04085320
v -0.01417872 0.00510741 0.04036315
v -0.00203485 0.00490341 0.04402743
v -0.00482929 0.00784499 0.04223427
v -0.00109904 0.00419760 0.04448407
v -0.00032353 0.00362642 0.04481077
v -0.00007658 0.00329187 0.04492586
v -0.00016757 0.00232903 0.04513376
v -0.00016757 0.00139882 0.04525998
v -0.00016757 0.00046453 0.04532310
v 0.00076391 -0.00046567 0.04534166
v 0.00169972 -0.00046567 0.04531196
v 0.00356268 -0.00139996 0.04510035
v 0.00457647 -0.00143668 0.04492215
v 0.00263120 -0.00139996 0.04520801
v 0.00430353 -0.00233017 0.04489245
v 0.00477143 -0.00233017 0.04480706
v 0.00668204 -0.00348885 0.04382695
v 0.00606250 -0.00389275 0.04398659
v 0.00729292 -0.00325629 0.04345198
v 0.00539531 -0.00419874 0.04408311
v 0.00445083 -0.00320326 0.04469939
v 0.00449849 -0.00419874 0.04433928
v 0.00772617 -0.00364796 0.04292851
v 0.01853564 -0.00523502 0.03016481
v 0.01853564 -0.00521055 0.03017595
v 0.01853564 -0.00485152 0.03033559
v 0.01853564 -0.00414978 0.03064744
v 0.01560257 -0.00046567 0.00741810
v 0.01853564 0.00187208 0.01120117
v 0.01853564 0.00139882 0.01117147
v 0.01853564 0.00046453 0.01111578
v -0.01792196 -0.00046567 0.00741810
v -0.01751471 -0.00233017 0.00741810
v -0.01725910 -0.00346437 0.00741810
v -0.01713779 -0.00381931 0.00741810
v -0.01819491 -0.00419874 0.00861725
v -0.01865415 -0.00419874 0.00908131
v -0.01851551 -0.00493311 0.00922982
v -0.01887944 -0.00522686 0.00979412
v -0.01924769 -0.00551653 0.01037328
v -0.02013585 -0.00540638 0.01136452
v -0.02050411 -0.00510855 0.01169494
v -0.02373612 -0.00599796 0.01921654
v -0.02397873 -0.00564301 0.01955067
v -0.02178651 -0.00878042 0.01739740
v -0.02195548 -0.00905785 0.01825128
v -0.02222842 -0.00790325 0.01739740
v -0.02251870 -0.00793181 0.01825128
v -0.02303426 -0.00654874 0.01776123
v -0.02288696 -0.00718927 0.01825128
v -0.02298660 -0.00738919 0.01887499
v -0.02027449 -0.00849075 0.01397815
v -0.02103267 -0.00629987 0.01330618
v -0.02123629 -0.00667929 0.01392989
v -0.02037413 -0.00586332 0.01198823
v -0.02070340 -0.00607955 0.01263792
v -0.02006653 -0.00810724 0.01335444
v -0.02106733 -0.00729943 0.01421947
v -0.02028315 -0.00943727 0.01488030
v -0.02123196 -0.00760542 0.01484317
v -0.02122763 -0.00852747 0.01578244
v -0.02106299 -0.00915168 0.01611286
v -0.02087236 -0.00976774 0.01640986
v -0.02104133 -0.01005741 0.01715608
v -0.02128828 -0.00976774 0.01740853
v -0.02403939 -0.00576949 0.02011869
v -0.02413037 -0.00596532 0.02105053
v -0.02493621 -0.00476992 0.02384979
v -0.02472825 -0.00506775 0.02290680
v -0.02429067 -0.00606323 0.02291794
v -0.02415636 -0.00615299 0.02191184
v -0.02472825 -0.00523502 0.02384979
v -0.02435133 -0.00606323 0.02384979
v -0.02315124 -0.00866210 0.02384979
v -0.02315990 -0.00865802 0.02478534
v -0.02404805 -0.00672417 0.02384979
v -0.02290429 -0.00912721 0.02478534
v -0.02284796 -0.00906193 0.02571719
v -0.02238006 -0.00971062 0.02571719
v -0.02161321 -0.01073059 0.02571719
v -0.02121030 -0.01126505 0.02571719
v -0.02196848 -0.01009821 0.02664533
v -0.02085937 -0.01173015 0.02571719
v -0.02039146 -0.01234621 0.02571719
v -0.02033081 -0.01225237 0.02664533
v -0.02027449 -0.01218302 0.02730245
v -0.02055176 -0.01173015 0.02759945
v -0.02094168 -0.01090194 0.02851273
v -0.02240172 -0.00892729 0.02852016
v -0.02230207 -0.00867842 0.02944458
v -0.02217643 -0.00851523 0.03010170
v -0.02203779 -0.00832347 0.03072541
v -0.02190782 -0.00813988 0.03131198
v -0.02193382 -0.00719743 0.03245545
v -0.02211578 -0.00657730 0.03275616
v -0.02105000 -0.00918024 0.03153474
v -0.02019650 -0.01022469 0.03172037
v -0.02127528 -0.00855603 0.03197653
v -0.02039146 -0.00955559 0.03224383
v -0.02024416 -0.00935568 0.03274131
v -0.02108899 -0.00829900 0.03259652
v -0.02130994 -0.00767478 0.03295664
v -0.02111498 -0.00740143 0.03357663
v -0.02223276 -0.00606323 0.03297149
v -0.02197281 -0.00606323 0.03343556
v -0.02131861 -0.00678129 0.03386621
v -0.02148324 -0.00606731 0.03415207
v -0.02199447 -0.00445169 0.03444908
v -0.02113664 -0.00461489 0.03548488
v -0.02127095 -0.00399067 0.03563338
v -0.02186883 -0.00326445 0.03522500
v -0.02198581 -0.00233017 0.03537721
v -0.02018784 0.00165585 0.03734486
v -0.01965928 0.00232903 0.03766414
v -0.02235840 -0.00135508 0.03510620
v -0.02210711 -0.00101645 0.03552572
v -0.02215044 -0.00046567 0.03557769
v -0.02124062 -0.00046567 0.03652810
v -0.02075539 0.00046453 0.03699217
v -0.02024416 0.00103163 0.03739312
v -0.02205079 -0.00164067 0.03545889
v -0.01859349 0.00232903 0.03848460
v -0.01740207 0.00268805 0.03923083
v -0.01906140 0.00232903 0.03813192
v -0.01729809 0.00326331 0.03916400
v -0.01662223 0.00419760 0.03932364
v -0.01649659 0.00467494 0.03924568
v -0.01602435 0.00419760 0.03966891
v -0.01532682 0.00419760 0.04005501
v -0.01469428 0.00478102 0.04021094
v -0.01072576 0.00444647 0.04198553
v -0.01041815 0.00416088 0.04216744
v -0.01010188 0.00483814 0.04208948
v -0.00949534 0.00419760 0.04246073
v -0.01227244 0.00505845 0.04122446
v -0.01229411 0.00419760 0.04145835
v -0.01131064 0.00416088 0.04185188
v -0.00669657 0.00534812 0.04289881
v -0.00719481 0.00469534 0.04298420
v -0.00296633 0.00326331 0.04445808
v -0.00613336 0.00554395 0.04295821
v -0.00848155 0.00411600 0.04278372
v -0.00781868 0.00437711 0.04290253
v -0.00300532 0.00425880 0.04410167
v -0.00203485 0.00419760 0.04432443
v -0.01278367 0.00469534 0.04112051
v -0.01416139 0.00419760 0.04064159
v -0.01341188 0.00419760 0.04098686
v -0.00109904 0.00347139 0.04475508
v -0.00109904 0.00300220 0.04490358
v -0.00109904 0.00232903 0.04504466
v -0.00109904 0.00139882 0.04518202
v -0.00109904 0.00046453 0.04525627
v -0.00016757 -0.00046567 0.04532310
v 0.00076391 -0.00139996 0.04528968
v 0.00169972 -0.00139996 0.04527112
v 0.00356268 -0.00233017 0.04501496
v 0.00263120 -0.00233017 0.04512262
v 0.00410857 -0.00285647 0.04485532
v 0.00637011 -0.00419874 0.04363761
v 0.00705897 -0.00419874 0.04316983
v 0.00568125 -0.00451289 0.04381952
v 0.00505737 -0.00471688 0.04394204
v 0.00356268 -0.00350517 0.04478478
v 0.00356268 -0.00419874 0.04452862
v 0.00449849 -0.00483520 0.04402000
v 0.00686401 -0.00470056 0.04300648
v 0.01061158 -0.01033076 0.03556284
v 0.01079354 -0.00979630 0.03575218
v 0.01853564 -0.01222789 0.02624066
v 0.01853564 -0.00605100 0.02973787
v 0.01853564 -0.00566341 0.02994948
v 0.01558524 -0.00075126 0.00741810
v 0.01853564 -0.00046567 0.01111578
v 0.01853564 -0.00085326 0.01113806
v 0.01853564 -0.00139996 0.01117147
v 0.01853564 -0.00233017 0.01123087
v -0.01699915 -0.00419874 0.00741810
v -0.01833355 -0.00555733 0.00941173
v -0.01757537 -0.00490864 0.00831282
v -0.01861949 -0.00606323 0.01003544
v -0.01812559 -0.00800933 0.01076309
v -0.01852851 -0.00775229 0.01105638
v -0.01933001 -0.00659770 0.01120860
v -0.01948598 -0.00606323 0.01102668
v -0.01844186 -0.00667113 0.01022849
v -0.01745839 -0.00844995 0.01028789
v -0.01940366 -0.00766662 0.01204392
v -0.01999288 -0.00612851 0.01169494
v -0.02322489 -0.00704648 0.01918684
v -0.02306025 -0.00753606 0.01949869
v -0.02255769 -0.00886201 0.02011869
v -0.02205513 -0.00925776 0.01884900
v -0.02115831 -0.01026548 0.01777979
v -0.02231074 -0.00891505 0.01916828
v -0.02213744 -0.00942504 0.01946899
v -0.01926936 -0.00929040 0.01315025
v -0.02010552 -0.00911089 0.01426030
v -0.02020083 -0.00648346 0.01222583
v -0.01923037 -0.00828676 0.01227410
v -0.01944265 -0.00867026 0.01289780
v -0.02041312 -0.00976774 0.01549287
v -0.02089403 -0.00884978 0.01546316
v -0.01979358 -0.00984526 0.01447192
v -0.02010552 -0.01006149 0.01521071
v -0.02026582 -0.01031444 0.01583442
v -0.02040446 -0.01048172 0.01638387
v -0.02304292 -0.00843363 0.02143664
v -0.02395274 -0.00652426 0.02155173
v -0.02379677 -0.00693224 0.02191184
v -0.02333753 -0.00793181 0.02198238
v -0.02307325 -0.00849891 0.02198238
v -0.02311224 -0.00858459 0.02291794
v -0.02289129 -0.00905377 0.02291794
v -0.02291728 -0.00912721 0.02384979
v -0.02245371 -0.00979630 0.02384979
v -0.02237139 -0.00986974 0.02472223
v -0.02206812 -0.01023285 0.02499325
v -0.02178218 -0.01064083 0.02472223
v -0.02043046 -0.01239925 0.02478534
v -0.02005786 -0.01286843 0.02478534
v -0.01999288 -0.01281539 0.02571719
v -0.02018784 -0.01208918 0.02792615
v -0.01952497 -0.01326826 0.02571719
v -0.01940366 -0.01315810 0.02664533
v -0.01932135 -0.01308875 0.02721334
v -0.01975459 -0.01259508 0.02756975
v -0.02047378 -0.01150984 0.02851273
v -0.02033947 -0.01133033 0.02944458
v -0.02084637 -0.01066939 0.02943344
v -0.02205079 -0.00927816 0.02883944
v -0.02110632 -0.01018797 0.02973787
v -0.02130994 -0.00953927 0.03038014
v -0.02180817 -0.00884162 0.03039870
v -0.02025282 -0.01122833 0.02997176
v -0.02097201 -0.01000437 0.03038014
v -0.02162621 -0.00698936 0.03316454
v -0.02046945 -0.01072651 0.03032074
v -0.02069473 -0.00980038 0.03131570
v -0.02007953 -0.01103658 0.03059547
v -0.01982824 -0.01079587 0.03142336
v -0.01927369 -0.01117937 0.03175007
v -0.01956830 -0.01055108 0.03224383
v -0.01937767 -0.01035116 0.03283041
v -0.02003620 -0.01002069 0.03224383
v -0.02040879 -0.00880898 0.03310143
v -0.01971127 -0.00973510 0.03309772
v -0.01942533 -0.00949031 0.03382537
v -0.02004487 -0.00908233 0.03336131
v -0.02027015 -0.00845811 0.03370657
v -0.02042612 -0.00785837 0.03405555
v -0.02091569 -0.00705464 0.03415207
v -0.02021383 -0.00650794 0.03549602
v -0.02108466 -0.00638146 0.03448992
v -0.02123196 -0.00576133 0.03467554
v -0.02137493 -0.00512895 0.03486488
v -0.02074239 -0.00430890 0.03603062
v -0.02101534 -0.00512895 0.03532895
v -0.02036980 -0.00588780 0.03566308
v -0.02054743 -0.00512895 0.03584499
v -0.02009252 -0.00512895 0.03631277
v -0.02034814 -0.00400291 0.03656522
v -0.02095468 -0.00326445 0.03623481
v -0.02140092 -0.00326445 0.03577074
v -0.02151790 -0.00233017 0.03588954
v -0.01982824 0.00136618 0.03767156
v -0.02107599 -0.00233017 0.03635732
v -0.02113231 -0.00170595 0.03641672
v -0.02060809 -0.00233017 0.03682510
v -0.02018784 -0.00165699 0.03734486
v -0.02024416 -0.00103277 0.03739312
v -0.02075539 -0.00046567 0.03699217
v -0.02029182 0.00046453 0.03743024
v -0.01975892 0.00046453 0.03785348
v -0.01923470 0.00046453 0.03826557
v -0.01914805 0.00139882 0.03819874
v -0.01868448 0.00139882 0.03854772
v -0.01799995 0.00139882 0.03901179
v -0.01782232 0.00235759 0.03900065
v -0.01746706 0.00206384 0.03926795
v -0.01696016 0.00139882 0.03966148
v -0.01703814 0.00235759 0.03949442
v -0.01618032 0.00232903 0.04000675
v -0.01563010 0.00295732 0.04021094
v -0.01683452 0.00326331 0.03945358
v -0.01597236 0.00326739 0.03995106
v -0.01549146 0.00358154 0.04014040
v -0.01486325 0.00419760 0.04029632
v -0.01096404 0.00382633 0.04206721
v -0.01042682 0.00326331 0.04238648
v -0.00949534 0.00326331 0.04269834
v -0.00879781 0.00326331 0.04290995
v -0.01229411 0.00326331 0.04169224
v -0.01160958 0.00326331 0.04196325
v -0.01294397 0.00419760 0.04119105
v -0.00389781 0.00397729 0.04400515
v -0.00389781 0.00326331 0.04422790
v -0.00293600 0.00229639 0.04471424
v -0.00229480 0.00258198 0.04479592
v -0.00167093 0.00286757 0.04486646
v -0.00200453 0.00321027 0.04468083
v -0.00389781 0.00232903 0.04446922
v -0.00833424 0.00326331 0.04304360
v -0.00811762 0.00375290 0.04298049
v -0.00762805 0.00326331 0.04324036
v -0.00755440 0.00411600 0.04303989
v -0.01410507 0.00325515 0.04090518
v -0.01360684 0.00355706 0.04107225
v -0.00200453 0.00229639 0.04491472
v -0.00203485 0.00139882 0.04504466
v -0.00203485 0.00046453 0.04512633
v -0.00109904 -0.00046567 0.04525627
v -0.00016757 -0.00139996 0.04525998
v 0.00076391 -0.00233017 0.04517831
v 0.00169972 -0.00233017 0.04517088
v 0.00356268 -0.00303598 0.04489987
v 0.00261387 -0.00332973 0.04493329
v 0.00636578 -0.00489232 0.04316611
v 0.00544296 -0.00513303 0.04345941
v 0.00520468 -0.00572461 0.04309557
v 0.00449849 -0.00530030 0.04369330
v 0.00291281 -0.00368468 0.04482933
v 0.00356268 -0.00499431 0.04412024
v 0.00261387 -0.00411714 0.04468083
v 0.00356268 -0.00546350 0.04381210
v 0.00972343 -0.01127321 0.03557769
v 0.01034297 -0.01095090 0.03529925
v 0.01853564 -0.01327642 0.02546474
v 0.01853564 -0.01261548 0.02597707
v 0.01552025 -0.00167739 0.00741810
v 0.01853564 -0.00287687 0.01128285
v 0.01547259 -0.00233017 0.00741810
v -0.01667422 -0.00483112 0.00741810
v -0.01528783 -0.00713624 0.00741810
v -0.01543947 -0.00726271 0.00763714
v -0.01752338 -0.00668745 0.00929664
v -0.01667422 -0.00793181 0.00921125
v -0.01733275 -0.00730759 0.00947856
v -0.01714212 -0.00793181 0.00966418
v -0.01660490 -0.00496167 0.00741810
v -0.01834654 -0.00837243 0.01126800
v -0.01859783 -0.00886201 0.01189913
v -0.01887944 -0.00802156 0.01165410
v -0.01651825 -0.00843363 0.00936347
v -0.01724177 -0.00907009 0.01049950
v -0.01769234 -0.00880082 0.01080022
v -0.02221109 -0.00954743 0.02011869
v -0.02279597 -0.00879266 0.02109508
v -0.02186883 -0.00975958 0.01916828
v -0.02123629 -0.01035932 0.01825128
v -0.02066008 -0.01069387 0.01740111
v -0.02027449 -0.01125281 0.01764614
v -0.01865848 -0.01341513 0.01825128
v -0.02194248 -0.01001661 0.02011869
v -0.01909606 -0.00893137 0.01261194
v -0.01842886 -0.00942911 0.01210332
v -0.01928669 -0.01025325 0.01405983
v -0.01948165 -0.00963311 0.01377396
v -0.01948165 -0.01048172 0.01468353
v -0.01973726 -0.01071019 0.01548915
v -0.02000154 -0.01094682 0.01638387
v -0.02015751 -0.01112225 0.01702614
v -0.02285230 -0.00896401 0.02198238
v -0.02238439 -0.00976774 0.02198238
v -0.02235840 -0.00988606 0.02297734
v -0.02208978 -0.01025733 0.02270633
v -0.02209412 -0.01026548 0.02333003
v -0.02209412 -0.01026956 0.02384979
v -0.02209412 -0.01026956 0.02436954
v -0.02043479 -0.01240333 0.02384979
v -0.02007086 -0.01286843 0.02384979
v -0.01960296 -0.01341921 0.02291794
v -0.01960729 -0.01339065 0.02384979
v -0.01959429 -0.01334577 0.02478534
v -0.01923037 -0.01300307 0.02783705
v -0.01910039 -0.01288475 0.02851273
v -0.01960296 -0.01241557 0.02851273
v -0.02007086 -0.01197495 0.02851273
v -0.01907440 -0.01381088 0.02478534
v -0.01899208 -0.01373336 0.02571719
v -0.01648359 -0.01585489 0.02613671
v -0.01746272 -0.01496140 0.02631491
v -0.01843753 -0.01406383 0.02645970
v -0.01877979 -0.01369664 0.02671958
v -0.01828156 -0.01392511 0.02758088
v -0.01940800 -0.01223606 0.02944458
v -0.01930402 -0.01213814 0.02993092
v -0.01756670 -0.01319482 0.03108552
v -0.01851118 -0.01227685 0.03110780
v -0.01945565 -0.01135481 0.03113007
v -0.01911339 -0.01101618 0.03224383
v -0.01832921 -0.01210142 0.03172779
v -0.01770101 -0.01239517 0.03224383
v -0.01816891 -0.01194231 0.03224383
v -0.01751038 -0.01221566 0.03282670
v -0.01844619 -0.01128137 0.03283041
v -0.01879712 -0.01070203 0.03314227
v -0.01914805 -0.01011453 0.03345412
v -0.01885344 -0.00982894 0.03414836
v -0.01918271 -0.00918432 0.03444537
v -0.01972860 -0.00882122 0.03407783
v -0.02003187 -0.00811948 0.03432656
v -0.02024849 -0.00749934 0.03460872
v -0.02042179 -0.00699752 0.03482404
v -0.02072506 -0.00613667 0.03508763
v -0.01970260 -0.00785021 0.03497626
v -0.01915238 -0.00819700 0.03534380
v -0.01937334 -0.00757686 0.03559254
v -0.01957696 -0.00699752 0.03578930
v -0.01926936 -0.00649162 0.03642044
v -0.01944265 -0.00586740 0.03659121
v -0.02020950 -0.00462305 0.03642786
v -0.01962462 -0.00512895 0.03676199
v -0.02048678 -0.00326445 0.03670630
v -0.01912205 -0.00512895 0.03722977
v -0.01925203 -0.00457409 0.03734115
v -0.01999721 -0.00326445 0.03717408
v -0.02012718 -0.00233017 0.03728917
v -0.01965928 -0.00233017 0.03766414
v -0.02029182 -0.00046567 0.03743024
v -0.01982824 -0.00136732 0.03767156
v -0.01923470 -0.00046567 0.03826557
v -0.01975892 -0.00046567 0.03785348
v -0.01876679 0.00046453 0.03860341
v -0.01808660 0.00046453 0.03907119
v -0.01753204 0.00139882 0.03930879
v -0.01761869 0.00046453 0.03936448
v -0.01696016 0.00046453 0.03976914
v -0.01637528 0.00046453 0.04011441
v -0.01627996 0.00139882 0.04006243
v -0.01571241 0.00232903 0.04025548
v -0.01509287 0.00232903 0.04057476
v -0.01431303 0.00232903 0.04096087
v -0.01375847 0.00293692 0.04113907
v -0.01514486 0.00326739 0.04038914
v -0.01114167 0.00326331 0.04213403
v -0.01177421 0.00259830 0.04202265
v -0.01042682 0.00232903 0.04254241
v -0.00901010 0.00275333 0.04296935
v -0.01326891 0.00325515 0.04128386
v -0.00260240 0.00196184 0.04486275
v -0.00389781 0.00139882 0.04463628
v -0.00325227 0.00139882 0.04480334
v -0.00278437 0.00139882 0.04490358
v -0.00303998 0.00050125 0.04493700
v -0.00203485 -0.00046567 0.04512633
v -0.00349922 0.00021158 0.04485903
v -0.00109904 -0.00139996 0.04518202
v -0.00016757 -0.00233017 0.04513376
v 0.00076391 -0.00326445 0.04498155
v 0.00169972 -0.00326445 0.04498897
v 0.00229327 -0.00375404 0.04485161
v 0.00582422 -0.00555325 0.04292851
v 0.00380529 -0.01295003 0.03727803
v 0.00449849 -0.01277460 0.03711468
v 0.00502705 -0.01216670 0.03740797
v 0.00449849 -0.00586740 0.04322551
v 0.00169972 -0.01341921 0.03768270
v 0.00263120 -0.01321930 0.03751563
v 0.00318142 -0.01310098 0.03741168
v 0.00254022 -0.00519831 0.04412766
v 0.00279150 -0.00555325 0.04387892
v 0.00169972 -0.00423546 0.04466227
v 0.00169972 -0.00512895 0.04420934
v 0.00351935 -0.00611219 0.04328863
v -0.00203485 -0.01282355 0.03906005
v -0.00109904 -0.01330090 0.03851059
v -0.00016757 -0.01319074 0.03841407
v 0.00042165 -0.01310506 0.03834353
v 0.00970610 -0.01217486 0.03463099
v 0.01032564 -0.01193006 0.03439710
v 0.01853564 -0.01329274 0.02544989
v 0.00565092 -0.01197902 0.03724833
v 0.00619681 -0.01232173 0.03662462
v 0.00569858 -0.01294595 0.03632762
v 0.00619248 -0.01324786 0.03570392
v 0.00567692 -0.01386800 0.03537350
v 0.01853564 -0.00326445 0.01132369
v 0.01545093 -0.00255048 0.00741810
v -0.01497589 -0.00758502 0.00741810
v -0.01555644 -0.00839283 0.00845761
v -0.01662223 -0.00946175 0.01020621
v -0.01754071 -0.00946175 0.01112321
v -0.02231074 -0.00968615 0.02105053
v -0.02137493 -0.01053068 0.01918313
v -0.02021816 -0.01212182 0.01968803
v -0.02099367 -0.01099578 0.01918313
v -0.01834654 -0.01398223 0.01875619
v -0.01933434 -0.01310914 0.01952839
v -0.01825990 -0.01388432 0.01825128
v -0.02147458 -0.01065715 0.02011869
v -0.02201613 -0.01015125 0.02105053
v -0.01818191 -0.01005333 0.01240032
v -0.01843319 -0.01033892 0.01302403
v -0.01814292 -0.01096314 0.01341013
v -0.01837254 -0.01121201 0.01403384
v -0.01811259 -0.01186479 0.01452018
v -0.01830755 -0.01207286 0.01507706
v -0.01920870 -0.01110186 0.01514389
v -0.01953797 -0.01146904 0.01638387
v -0.01926069 -0.01209326 0.01692590
v -0.01806493 -0.01365992 0.01731943
v -0.02206812 -0.01023285 0.02198238
v -0.02043479 -0.01239925 0.02291794
v -0.02090269 -0.01179543 0.02291794
v -0.02126662 -0.01133441 0.02384979
v -0.02007086 -0.01286435 0.02291794
v -0.01917404 -0.01388432 0.02291794
v -0.01955963 -0.01339065 0.02198238
v -0.01915671 -0.01385576 0.02198238
v -0.01913072 -0.01385576 0.02384979
v -0.01765768 -0.01420254 0.02851273
v -0.01863249 -0.01331314 0.02851273
v -0.01751471 -0.01408015 0.02919584
v -0.01793063 -0.01356609 0.02953739
v -0.01866715 -0.01425558 0.02384979
v -0.01652691 -0.01588753 0.02551672
v -0.01554778 -0.01678917 0.02423589
v -0.01544813 -0.01673613 0.02478534
v -0.01526184 -0.01663822 0.02571719
v -0.01590737 -0.01606296 0.02664533
v -0.01637528 -0.01578961 0.02664533
v -0.01681719 -0.01518987 0.02758088
v -0.01728509 -0.01480636 0.02758088
v -0.01781365 -0.01434126 0.02758088
v -0.01834221 -0.01304794 0.02987894
v -0.01775300 -0.01336617 0.03038014
v -0.01822090 -0.01292963 0.03038014
v -0.01722444 -0.01383536 0.03038014
v -0.01698182 -0.01354161 0.03133426
v -0.01738041 -0.01302347 0.03170551
v -0.01794796 -0.01264812 0.03140851
v -0.01719411 -0.01286435 0.03224383
v -0.01654424 -0.01309690 0.03276730
v -0.01690817 -0.01255020 0.03310885
v -0.01665255 -0.01226461 0.03384022
v -0.01727643 -0.01198310 0.03345041
v -0.01821657 -0.01105290 0.03345041
v -0.01759270 -0.01136297 0.03385507
v -0.01852851 -0.01042868 0.03384765
v -0.01826423 -0.01016757 0.03447135
v -0.01855883 -0.00954335 0.03480177
v -0.01940800 -0.00856419 0.03472009
v -0.01827289 -0.00923328 0.03542176
v -0.01885344 -0.00889873 0.03507278
v -0.01852851 -0.00861314 0.03568164
v -0.01820791 -0.00818476 0.03630163
v -0.01909173 -0.00699752 0.03625708
v -0.01842886 -0.00756054 0.03650954
v -0.01862815 -0.00699752 0.03668403
v -0.01829022 -0.00642634 0.03732258
v -0.01887510 -0.00614483 0.03695875
v -0.01848085 -0.00580212 0.03747108
v -0.01865415 -0.00512895 0.03760102
v -0.01837254 -0.00375812 0.03832126
v -0.01939066 -0.00395395 0.03745624
v -0.01952930 -0.00326445 0.03756390
v -0.01906140 -0.00233017 0.03813192
v -0.01914805 -0.00139996 0.03819874
v -0.01868448 -0.00139996 0.03854772
v -0.01876679 -0.00046567 0.03860341
v -0.01808660 -0.00046567 0.03907119
v -0.01761869 -0.00046567 0.03936448
v -0.01696016 -0.00046567 0.03976914
v -0.01637528 -0.00046567 0.04011441
v -0.01590737 0.00046453 0.04035944
v -0.01581206 0.00139882 0.04030746
v -0.01509287 0.00046453 0.04078267
v -0.01509287 0.00139882 0.04067872
v -0.01442134 0.00139882 0.04101656
v -0.01384512 0.00232903 0.04117991
v -0.01322558 0.00232903 0.04145092
v -0.01136263 0.00139882 0.04230109
v -0.01142328 0.00230455 0.04218600
v -0.01221612 0.00230455 0.04187415
v -0.01239808 0.00139882 0.04189643
v -0.01205149 0.00046453 0.04213032
v -0.01042682 0.00139882 0.04263522
v -0.00969030 0.00139882 0.04288768
v -0.00945202 0.00239838 0.04286540
v -0.00910975 0.00212911 0.04300276
v -0.00855953 0.00139882 0.04324408
v -0.00762805 0.00139882 0.04352623
v -0.00482929 0.00139882 0.04436526
v -0.00482929 0.00046453 0.04446179
v -0.00384149 0.00050125 0.04474023
v -0.00339958 0.00083580 0.04483305
v -0.00203485 -0.00139996 0.04504466
v -0.00349922 -0.00021272 0.04485903
v -0.00303998 -0.00050239 0.04493700
v -0.00109904 -0.00233017 0.04504466
v -0.00109904 -0.00300334 0.04490358
v -0.00007658 -0.00329301 0.04492586
v 0.00029601 -0.00372956 0.04484047
v 0.00076391 -0.00375404 0.04485161
v 0.00169972 -0.00377036 0.04485532
v 0.00351069 -0.01350489 0.03688822
v 0.00449849 -0.01327642 0.03665061
v 0.00507470 -0.01312546 0.03650582
v 0.00536498 -0.01255428 0.03687708
v 0.00104119 -0.01299083 0.03825443
v 0.00120149 -0.01398631 0.03736713
v 0.00169972 -0.01388432 0.03727432
v 0.00263120 -0.01368848 0.03708869
v 0.00322041 -0.01405159 0.03650211
v 0.00216763 -0.00559813 0.04390862
v -0.00296633 -0.01242373 0.03946100
v 0.00076391 -0.00421914 0.04465855
v 0.00076391 -0.00512895 0.04421305
v 0.00169972 -0.00561445 0.04391976
v 0.00076391 -0.00563077 0.04393090
v -0.00296633 -0.01289291 0.03910831
v -0.00203485 -0.01339065 0.03859227
v -0.00109904 -0.01377008 0.03811335
v -0.00016757 -0.01365584 0.03801683
v 0.01004836 -0.01239109 0.03409639
v 0.01067657 -0.01223606 0.03377711
v 0.00615349 -0.01415359 0.03475351
v 0.00609283 -0.01503892 0.03377711
v 0.00671237 -0.01485940 0.03356178
v 0.01853564 -0.01372928 0.02502666
v 0.00537798 -0.01349673 0.03594523
v 0.00505304 -0.01404343 0.03556284
v 0.00533465 -0.01441062 0.03498368
v 0.01853564 -0.00399067 0.01144991
v 0.01536428 -0.00326445 0.00741810
v -0.01486325 -0.00774413 0.00741810
v -0.01473328 -0.00789917 0.00741810
v -0.01445167 -0.00822148 0.00741810
v -0.01353752 -0.00917208 0.00741810
v -0.01569075 -0.01038788 0.01021364
v -0.01537015 -0.01101210 0.01048837
v -0.01478093 -0.01228501 0.01111207
v -0.01631029 -0.01008597 0.01049208
v -0.01693850 -0.00977590 0.01080764
v -0.01261037 -0.01011045 0.00741810
v -0.01270136 -0.01020429 0.00757031
v -0.01275768 -0.01119569 0.00845390
v -0.01725477 -0.01008597 0.01142764
v -0.01755804 -0.01039604 0.01205134
v -0.01901807 -0.01366400 0.02011869
v -0.01910472 -0.01377416 0.02105053
v -0.01949031 -0.01330906 0.02105053
v -0.01779199 -0.01434942 0.01825128
v -0.01844619 -0.01408831 0.01937989
v -0.01759703 -0.01416991 0.01731943
v -0.02114531 -0.01117937 0.02067557
v -0.02149191 -0.01081219 0.02101341
v -0.02119297 -0.01124057 0.02129927
v -0.02167820 -0.01073059 0.02198238
v -0.01784831 -0.01068163 0.01270475
v -0.01660490 -0.01224829 0.01298690
v -0.01722877 -0.01191783 0.01338414
v -0.01745839 -0.01216670 0.01400785
v -0.01720711 -0.01283171 0.01452018
v -0.01647926 -0.01398223 0.01500652
v -0.01739340 -0.01302755 0.01503622
v -0.01884044 -0.01168120 0.01542233
v -0.01703814 -0.01360688 0.01533323
v -0.01729809 -0.01385168 0.01616112
v -0.01783098 -0.01345593 0.01650639
v -0.01746272 -0.01403119 0.01678483
v -0.02002754 -0.01281539 0.02198238
v -0.02123629 -0.01129361 0.02198238
v -0.02040013 -0.01235029 0.02198238
v -0.01869314 -0.01427190 0.02198238
v -0.01870614 -0.01428006 0.02291794
v -0.01863682 -0.01425150 0.02105053
v -0.01710313 -0.01466765 0.02851273
v -0.01738041 -0.01395775 0.02981583
v -0.01811259 -0.01472069 0.02384979
v -0.01703814 -0.01553258 0.02478534
v -0.01657024 -0.01592424 0.02478534
v -0.01594636 -0.01649950 0.02389434
v -0.01557811 -0.01680957 0.02361218
v -0.01432603 -0.01758882 0.02198238
v -0.01425671 -0.01755618 0.02291794
v -0.01408774 -0.01754395 0.02384979
v -0.01366316 -0.01771122 0.02416164
v -0.01416139 -0.01738075 0.02478534
v -0.01498456 -0.01697277 0.02478534
v -0.01416139 -0.01720532 0.02571719
v -0.01316926 -0.01751539 0.02664533
v -0.01467262 -0.01681773 0.02628892
v -0.01502788 -0.01655254 0.02661562
v -0.01572108 -0.01595280 0.02740640
v -0.01453398 -0.01674430 0.02690520
v -0.01436502 -0.01665046 0.02758088
v -0.01602868 -0.01569169 0.02766256
v -0.01663956 -0.01503484 0.02851273
v -0.01676086 -0.01418623 0.03038014
v -0.01658323 -0.01405567 0.03095929
v -0.01673054 -0.01324378 0.03224383
v -0.01633628 -0.01389248 0.03158300
v -0.01602435 -0.01372928 0.03226982
v -0.01546546 -0.01392919 0.03259652
v -0.01484592 -0.01414135 0.03295293
v -0.01456431 -0.01395367 0.03357663
v -0.01597669 -0.01326418 0.03311999
v -0.01563010 -0.01311322 0.03372142
v -0.01625397 -0.01288883 0.03339101
v -0.01699915 -0.01170159 0.03415950
v -0.01637961 -0.01203614 0.03446393
v -0.01734141 -0.01111002 0.03447507
v -0.01796095 -0.00986566 0.03511733
v -0.01764469 -0.01048580 0.03480919
v -0.01735441 -0.01018797 0.03543290
v -0.01765335 -0.00956375 0.03571877
v -0.01793063 -0.00890689 0.03600834
v -0.01758403 -0.00858050 0.03658750
v -0.01782665 -0.00783389 0.03685852
v -0.01808660 -0.00699752 0.03715181
v -0.01744539 -0.00748710 0.03738941
v -0.01762302 -0.00699752 0.03752306
v -0.01724610 -0.00625499 0.03818018
v -0.01786997 -0.00603060 0.03782749
v -0.01744539 -0.00563485 0.03832497
v -0.01803894 -0.00512895 0.03806880
v -0.01822090 -0.00438233 0.03820617
v -0.01757103 -0.00512895 0.03841407
v -0.01790463 -0.00412122 0.03852173
v -0.01708580 -0.00419874 0.03903406
v -0.01789164 -0.00326445 0.03877790
v -0.01846352 -0.00326445 0.03838808
v -0.01893142 -0.00326445 0.03803168
v -0.01859349 -0.00233017 0.03848460
v -0.01799995 -0.00139996 0.03901179
v -0.01753204 -0.00139996 0.03930879
v -0.01696016 -0.00139996 0.03966148
v -0.01627996 -0.00139996 0.04006243
v -0.01590737 -0.00046567 0.04035944
v -0.01509287 -0.00046567 0.04078267
v -0.01452965 0.00046453 0.04106482
v -0.01395777 0.00139882 0.04122817
v -0.01322558 0.00139882 0.04154745
v -0.01251506 0.00046453 0.04194469
v -0.01136263 0.00046453 0.04239019
v -0.01042682 0.00046453 0.04272804
v -0.01205149 -0.00046567 0.04213032
v -0.00982894 0.00046453 0.04293223
v -0.00922240 0.00139882 0.04303989
v -0.00855953 0.00046453 0.04333689
v -0.00762805 0.00046453 0.04361904
v -0.00482929 -0.00046567 0.04446179
v -0.00278437 -0.00139996 0.04490358
v -0.00260240 -0.00196298 0.04486275
v -0.00200453 -0.00229753 0.04491472
v -0.00339958 -0.00083694 0.04483305
v -0.00384149 -0.00050239 0.04474023
v -0.00167093 -0.00286871 0.04486646
v -0.00109904 -0.00347253 0.04475508
v -0.00032353 -0.00362756 0.04481077
v -0.00007658 -0.00410490 0.04465113
v 0.00383996 -0.01390471 0.03634990
v 0.00449849 -0.01374152 0.03618283
v 0.00057762 -0.01407199 0.03745252
v -0.00016757 -0.01464317 0.03708498
v 0.00087656 -0.01449221 0.03694390
v 0.00117116 -0.01491244 0.03642415
v 0.00169972 -0.01481860 0.03632762
v 0.00169972 -0.01435350 0.03680654
v 0.00263120 -0.01417399 0.03662091
v 0.00351069 -0.01443918 0.03594894
v 0.00263120 -0.01463909 0.03613828
v 0.00317709 -0.01496140 0.03554799
v -0.00482929 -0.01141192 0.04031489
v -0.00482929 -0.01187703 0.03999932
v -0.00389781 -0.01181991 0.03996591
v -0.00018489 -0.00521462 0.04411652
v 0.00011404 -0.00561853 0.04391976
v -0.00482929 -0.01073059 0.04073069
v -0.00296633 -0.01344777 0.03864053
v -0.00482929 -0.01246453 0.03953154
v -0.00389781 -0.01291739 0.03911945
v -0.00203485 -0.01385576 0.03818389
v -0.00296633 -0.01391696 0.03823958
v -0.00109904 -0.01427190 0.03764557
v -0.00016757 -0.01417399 0.03754905
v 0.01060292 -0.01308466 0.03274874
v 0.00711096 -0.01510419 0.03293808
v 0.01853564 -0.01414543 0.02455146
v 0.01853564 -0.01375784 0.02499696
v 0.00561626 -0.01477373 0.03439710
v 0.00598019 -0.01590792 0.03277101
v 0.00634845 -0.01538570 0.03316825
v 0.00535631 -0.01516947 0.03409639
v 0.00542996 -0.01568761 0.03342442
v 0.00499239 -0.01494508 0.03459387
v 0.00449849 -0.01418623 0.03571505
v 0.00449849 -0.01465541 0.03520644
v 0.01853564 -0.00419874 0.01148704
v 0.01520832 -0.00420690 0.00741810
v -0.01437802 -0.01095090 0.00959736
v -0.01475061 -0.01131401 0.01021735
v -0.01443000 -0.01193823 0.01048837
v -0.01413107 -0.01257060 0.01081507
v -0.01445600 -0.01290515 0.01141279
v -0.01508421 -0.01258692 0.01172464
v -0.01540048 -0.01196678 0.01141650
v -0.01663089 -0.01040420 0.01111207
v -0.01214247 -0.01055923 0.00741810
v -0.01162257 -0.01100394 0.00741810
v -0.01279234 -0.01215038 0.00936347
v -0.01380613 -0.01223198 0.01022477
v -0.01409207 -0.01159552 0.00990921
v -0.01663089 -0.01133441 0.01204392
v -0.01632329 -0.01195862 0.01236691
v -0.01568642 -0.01319482 0.01298319
v -0.01725043 -0.01102026 0.01238176
v -0.01855017 -0.01418623 0.02011869
v -0.01728076 -0.01481452 0.01825128
v -0.01802161 -0.01465541 0.02011869
v -0.01738474 -0.01489612 0.01887127
v -0.01697749 -0.01430454 0.01643956
v -0.01696016 -0.01468805 0.01723776
v -0.01630596 -0.01287251 0.01335816
v -0.01654424 -0.01311730 0.01398186
v -0.01674354 -0.01332538 0.01452018
v -0.01629729 -0.01379456 0.01452018
v -0.01562576 -0.01405159 0.01396330
v -0.01583372 -0.01421478 0.01452018
v -0.01608500 -0.01451261 0.01537406
v -0.01667855 -0.01416991 0.01562652
v -0.01809526 -0.01472069 0.02105053
v -0.01812126 -0.01473701 0.02198238
v -0.01767068 -0.01512867 0.02291794
v -0.01661789 -0.01596504 0.02384979
v -0.01708580 -0.01558153 0.02384979
v -0.01651825 -0.01494508 0.02901764
v -0.01517952 -0.01705844 0.02201951
v -0.01709446 -0.01559378 0.02291794
v -0.01662656 -0.01596912 0.02291794
v -0.01557811 -0.01680957 0.02291794
v -0.01431303 -0.01756027 0.02105053
v -0.01384512 -0.01779690 0.02105053
v -0.01385812 -0.01780098 0.02198238
v -0.01322558 -0.01802945 0.02291794
v -0.01378880 -0.01777242 0.02291794
v -0.01372382 -0.01774386 0.02353793
v -0.01174388 -0.01862103 0.02384979
v -0.01229411 -0.01827016 0.02478534
v -0.01309994 -0.01789073 0.02478534
v -0.01356785 -0.01766634 0.02478534
v -0.01229411 -0.01812737 0.02571719
v -0.01340321 -0.01758474 0.02571719
v -0.01281833 -0.01775610 0.02633347
v -0.01268836 -0.01769490 0.02695347
v -0.01419605 -0.01698908 0.02661562
v -0.01554778 -0.01585489 0.02802639
v -0.01517952 -0.01617719 0.02766256
v -0.01358084 -0.01673613 0.02877261
v -0.01322558 -0.01726244 0.02758088
v -0.01389711 -0.01690341 0.02758088
v -0.01602435 -0.01541426 0.02851273
v -0.01631029 -0.01481452 0.02964134
v -0.01600702 -0.01467581 0.03039870
v -0.01547413 -0.01487572 0.03072169
v -0.01485459 -0.01507155 0.03114121
v -0.01461630 -0.01492060 0.03176491
v -0.01513186 -0.01432902 0.03226982
v -0.01374548 -0.01496140 0.03277101
v -0.01415706 -0.01445957 0.03317196
v -0.01394477 -0.01415767 0.03389591
v -0.01421771 -0.01379456 0.03416693
v -0.01505388 -0.01329274 0.03406298
v -0.01533549 -0.01289699 0.03434142
v -0.01600702 -0.01257876 0.03409268
v -0.01672187 -0.01141600 0.03482033
v -0.01471161 -0.01312546 0.03466069
v -0.01576007 -0.01227277 0.03475351
v -0.01608934 -0.01171383 0.03509877
v -0.01641860 -0.01113041 0.03544404
v -0.01703814 -0.01080811 0.03512476
v -0.01673054 -0.01050620 0.03572990
v -0.01637961 -0.01015125 0.03635361
v -0.01730242 -0.00920064 0.03633876
v -0.01668288 -0.00952703 0.03659864
v -0.01694716 -0.00884978 0.03690307
v -0.01658757 -0.00849891 0.03744509
v -0.01721144 -0.00811132 0.03720749
v -0.01692550 -0.00785021 0.03757132
v -0.01694716 -0.00700976 0.03800940
v -0.01662656 -0.00670785 0.03839922
v -0.01694716 -0.00599388 0.03849945
v -0.01632762 -0.00529622 0.03914544
v -0.01686918 -0.00504327 0.03889298
v -0.01662223 -0.00419874 0.03932364
v -0.01729809 -0.00326445 0.03916400
v -0.01740207 -0.00268919 0.03923083
v -0.01782232 -0.00235873 0.03900065
v -0.01746706 -0.00206498 0.03926795
v -0.01703814 -0.00235873 0.03949442
v -0.01618032 -0.00233017 0.04000675
v -0.01571241 -0.00233017 0.04025548
v -0.01581206 -0.00139996 0.04030746
v -0.01509287 -0.00139996 0.04067872
v -0.01442134 -0.00139996 0.04101656
v -0.01452965 -0.00046567 0.04106482
v -0.01406175 0.00046453 0.04127272
v -0.01322558 0.00046453 0.04164398
v -0.01251506 -0.00046567 0.04194469
v -0.01136263 -0.00046567 0.04239019
v -0.01042682 -0.00046567 0.04272804
v -0.01239808 -0.00139996 0.04189643
v -0.01177421 -0.00259944 0.04202265
v -0.01136263 -0.00139996 0.04230109
v -0.00982894 -0.00046567 0.04293223
v -0.00936103 0.00046453 0.04308444
v -0.00855953 -0.00046567 0.04333689
v -0.00762805 -0.00046567 0.04361904
v -0.00482929 -0.00139996 0.04436526
v -0.00389781 -0.00139996 0.04463628
v -0.00762805 -0.00139996 0.04352623
v -0.00325227 -0.00139996 0.04480334
v -0.00389781 -0.00233017 0.04446922
v -0.00293600 -0.00229753 0.04471424
v -0.00229480 -0.00258312 0.04479592
v -0.00296633 -0.00326445 0.04445808
v -0.00200453 -0.00321142 0.04468083
v -0.00203485 -0.00419874 0.04432443
v -0.00109904 -0.00419874 0.04448407
v -0.00109904 -0.00504735 0.04410167
v 0.00379663 -0.01482268 0.03539578
v -0.00016757 -0.01508787 0.03661720
v 0.00054729 -0.01499812 0.03651696
v -0.00109904 -0.01473701 0.03718151
v 0.00079424 -0.01540202 0.03598607
v 0.00103686 -0.01580185 0.03544033
v 0.00169972 -0.01523883 0.03586356
v 0.00263120 -0.01507155 0.03567050
v 0.00309044 -0.01585897 0.03457531
v 0.00351935 -0.01523475 0.03506907
v -0.00576076 -0.01139560 0.04030003
v -0.00576076 -0.01186479 0.03999190
v -0.00050983 -0.00558181 0.04390120
v -0.00482929 -0.01016349 0.04105740
v -0.00576076 -0.01244413 0.03952412
v -0.00482929 -0.01293371 0.03912688
v -0.00389781 -0.01393327 0.03825072
v -0.00203485 -0.01433718 0.03771982
v -0.00296633 -0.01438206 0.03777180
v 0.01853564 -0.01416175 0.02452918
v 0.00659973 -0.01572841 0.03252599
v 0.00544730 -0.01653622 0.03223641
v 0.00631812 -0.01609152 0.03222527
v 0.00489274 -0.01582633 0.03360262
v 0.00542996 -0.01604664 0.03295664
v 0.00449849 -0.01506747 0.03473866
v 0.01853564 -0.00514527 0.01169123
v 0.01491371 -0.00556141 0.00741810
v 0.01853564 -0.00597348 0.01188057
v 0.01853564 -0.00600204 0.01188799
v -0.01383213 -0.01316626 0.01113806
v -0.01477227 -0.01319074 0.01203649
v -0.01539181 -0.01289291 0.01235948
v -0.01569941 -0.01227277 0.01204021
v -0.01123699 -0.01129769 0.00741810
v -0.01340755 -0.01285619 0.01051435
v -0.01054813 -0.01181991 0.00741810
v -0.00946068 -0.01261956 0.00741810
v -0.01534849 -0.01381904 0.01333959
v -0.01596803 -0.01346817 0.01366258
v -0.01664822 -0.01503892 0.01749764
v -0.01681285 -0.01516131 0.01825128
v -0.01468562 -0.01683405 0.01860768
v -0.01524884 -0.01656886 0.01918313
v -0.01747139 -0.01496140 0.01949127
v -0.01755370 -0.01502668 0.02011869
v -0.01702948 -0.01523067 0.01918313
v -0.01634928 -0.01481860 0.01638387
v -0.01647926 -0.01492060 0.01687393
v -0.01472894 -0.01406383 0.01302774
v -0.01505821 -0.01423518 0.01362546
v -0.01456864 -0.01488796 0.01412294
v -0.01512320 -0.01470845 0.01446820
v -0.01545246 -0.01485532 0.01512161
v -0.01569075 -0.01502259 0.01574160
v -0.01762736 -0.01508787 0.02105053
v -0.01554778 -0.01678509 0.02173364
v -0.01593770 -0.01648726 0.02201951
v -0.01707280 -0.01557745 0.02198238
v -0.01765335 -0.01511235 0.02198238
v -0.01475061 -0.01593240 0.02917356
v -0.01507554 -0.01563049 0.02946685
v -0.01455131 -0.01581817 0.02979356
v -0.01372815 -0.01587936 0.03088875
v -0.01502355 -0.01709516 0.02105053
v -0.01556511 -0.01679733 0.02235734
v -0.01373248 -0.01775202 0.01953210
v -0.01378447 -0.01777650 0.02011869
v -0.01322558 -0.01807433 0.02198238
v -0.01322558 -0.01801721 0.02011869
v -0.01042682 -0.01924933 0.02105053
v -0.01184786 -0.01866998 0.02221627
v -0.01184786 -0.01866998 0.02259124
v -0.01221179 -0.01848639 0.02290680
v -0.01180021 -0.01864959 0.02321123
v -0.01127598 -0.01882910 0.02384979
v -0.01161391 -0.01857615 0.02478534
v -0.01133663 -0.01851903 0.02572462
v -0.01234609 -0.01791113 0.02664533
v -0.01202116 -0.01780914 0.02758088
v -0.01248907 -0.01761738 0.02758088
v -0.01541347 -0.01577329 0.02851273
v -0.01494557 -0.01604256 0.02851273
v -0.01325158 -0.01698908 0.02848303
v -0.01295697 -0.01689117 0.02924039
v -0.01325158 -0.01664230 0.02951140
v -0.01389278 -0.01597728 0.03038014
v -0.01420905 -0.01613639 0.02946685
v -0.01417006 -0.01540610 0.03132683
v -0.01395777 -0.01509195 0.03224383
v -0.01442567 -0.01479820 0.03224383
v -0.01342921 -0.01574065 0.03151246
v -0.01316493 -0.01554074 0.03217701
v -0.01136263 -0.01573657 0.03340214
v -0.01086440 -0.01585081 0.03362490
v -0.01314327 -0.01505523 0.03311999
v -0.01277501 -0.01493692 0.03365459
v -0.01339455 -0.01478188 0.03339101
v -0.01361550 -0.01395367 0.03451591
v -0.01409641 -0.01328050 0.03499853
v -0.01374114 -0.01309283 0.03554799
v -0.01436069 -0.01287251 0.03528069
v -0.01540481 -0.01200758 0.03537350
v -0.01478527 -0.01224829 0.03564823
v -0.01579473 -0.01138744 0.03570763
v -0.01541780 -0.01107330 0.03633134
v -0.01608934 -0.01079179 0.03603062
v -0.01576007 -0.01044908 0.03659864
v -0.01535282 -0.01005741 0.03722234
v -0.01602435 -0.00979222 0.03691049
v -0.01628430 -0.00911905 0.03722234
v -0.01566475 -0.00943319 0.03745252
v -0.01599402 -0.00882938 0.03763443
v -0.01551745 -0.00834795 0.03828413
v -0.01605468 -0.00799301 0.03810593
v -0.01638394 -0.00732799 0.03823958
v -0.01576440 -0.00772374 0.03843634
v -0.01605468 -0.00700976 0.03860341
v -0.01550012 -0.00644266 0.03920855
v -0.01602002 -0.00610403 0.03903035
v -0.01570808 -0.00582252 0.03933106
v -0.01602002 -0.00504327 0.03940903
v -0.01649659 -0.00467608 0.03924568
v -0.01683452 -0.00326445 0.03945358
v -0.01602435 -0.00419874 0.03966891
v -0.01597236 -0.00326853 0.03995106
v -0.01563010 -0.00295847 0.04021094
v -0.01509287 -0.00233017 0.04057476
v -0.01431303 -0.00233017 0.04096087
v -0.01384512 -0.00233017 0.04117991
v -0.01395777 -0.00139996 0.04122817
v -0.01406175 -0.00046567 0.04127272
v -0.01322558 -0.00046567 0.04164398
v -0.01322558 -0.00139996 0.04154745
v -0.01322558 -0.00233017 0.04145092
v -0.01042682 -0.00139996 0.04263522
v -0.00969030 -0.00139996 0.04288768
v -0.01221612 -0.00230569 0.04187415
v -0.01160958 -0.00326445 0.04196325
v -0.01114167 -0.00326445 0.04213403
v -0.01042682 -0.00326445 0.04238648
v -0.01042682 -0.00233017 0.04254241
v -0.01142328 -0.00230569 0.04218600
v -0.01375847 -0.00293807 0.04113907
v -0.01229411 -0.00326445 0.04169224
v -0.00936103 -0.00046567 0.04308444
v -0.00922240 -0.00139996 0.04303989
v -0.00910975 -0.00213025 0.04300276
v -0.00855953 -0.00139996 0.04324408
v -0.00901010 -0.00275447 0.04296935
v -0.00762805 -0.00326445 0.04324036
v -0.00755440 -0.00411714 0.04303989
v -0.00781868 -0.00437825 0.04290253
v -0.00389781 -0.00326445 0.04422790
v -0.00300532 -0.00425994 0.04410167
v -0.00719481 -0.00469648 0.04298420
v -0.00755440 -0.00505551 0.04278744
v -0.00669657 -0.00534926 0.04289881
v -0.00389781 -0.00397843 0.04400515
v -0.00203485 -0.00490456 0.04402743
v -0.00675290 -0.00707096 0.04224169
v -0.00647562 -0.00758094 0.04209691
v -0.00576076 -0.00771966 0.04216373
v -0.00576076 -0.00818476 0.04194469
v -0.00482929 -0.00784613 0.04223427
v -0.00576076 -0.00886201 0.04161056
v -0.00482929 -0.00886201 0.04172565
v -0.00016757 -0.01555298 0.03608259
v 0.00041298 -0.01589161 0.03554799
v -0.00109904 -0.01516947 0.03671373
v -0.00203485 -0.01480228 0.03724462
v 0.00169972 -0.01608336 0.03485374
v 0.00169972 -0.01570393 0.03532153
v 0.00271785 -0.01560193 0.03502823
v 0.00246657 -0.01596096 0.03470524
v 0.00222395 -0.01681365 0.03366944
v 0.00284349 -0.01671574 0.03352466
v 0.00356268 -0.01612008 0.03398130
v 0.00427320 -0.01597320 0.03378453
v 0.00356268 -0.01575289 0.03444537
v -0.00576076 -0.01073059 0.04066015
v -0.00645829 -0.01130177 0.04023693
v -0.00673990 -0.01163224 0.03994363
v -0.00669657 -0.01234621 0.03943501
v -0.00482929 -0.00969431 0.04130242
v -0.00669657 -0.01281539 0.03902292
v -0.00576076 -0.01291331 0.03910831
v -0.00482929 -0.01346001 0.03865909
v -0.00482929 -0.01392511 0.03824329
v -0.00389781 -0.01438206 0.03778665
v -0.00296633 -0.01484716 0.03728917
v 0.01853564 -0.01457789 0.02388320
v 0.00697232 -0.01594464 0.03190228
v 0.00576790 -0.01673613 0.03166468
v 0.00470211 -0.01668718 0.03254084
v 0.00514402 -0.01687485 0.03191713
v 0.00455048 -0.01557745 0.03410010
v 0.00448549 -0.01633223 0.03317196
v 0.01478374 -0.00607955 0.00741810
v 0.01853564 -0.00699752 0.01221470
v -0.01314760 -0.01332130 0.01081136
v -0.01275335 -0.01399039 0.01126057
v -0.01322558 -0.01383536 0.01145362
v -0.01374981 -0.01403119 0.01213673
v -0.01437368 -0.01381496 0.01240775
v -0.00891479 -0.01299899 0.00741810
v -0.01374981 -0.01683813 0.01676255
v -0.01389278 -0.01694013 0.01731943
v -0.01419172 -0.01706660 0.01827727
v -0.01360251 -0.01767858 0.01890840
v -0.01409207 -0.01742155 0.01920540
v -0.01478527 -0.01691157 0.01918313
v -0.01491524 -0.01701356 0.02011869
v -0.01651825 -0.01587936 0.02049736
v -0.01702948 -0.01555298 0.02105053
v -0.01588138 -0.01515723 0.01638387
v -0.01266236 -0.01486348 0.01227038
v -0.01095538 -0.01589976 0.01213673
v -0.01157925 -0.01569577 0.01241517
v -0.01363717 -0.01489204 0.01317253
v -0.01286599 -0.01593240 0.01394845
v -0.01394477 -0.01510419 0.01379252
v -0.01416139 -0.01539794 0.01451647
v -0.01348553 -0.01572433 0.01429000
v -0.01375847 -0.01590384 0.01491000
v -0.01462063 -0.01585489 0.01593094
v -0.01656157 -0.01591608 0.02105053
v -0.01549146 -0.01674430 0.02105053
v -0.01271002 -0.01677693 0.02986409
v -0.01316493 -0.01598136 0.03124516
v -0.01297430 -0.01782954 0.01825128
v -0.01326458 -0.01789481 0.01920540
v -0.01229411 -0.01828648 0.01918313
v -0.00909675 -0.01962059 0.01945785
v -0.00966431 -0.01947780 0.02011869
v -0.01042682 -0.01916773 0.02011869
v -0.01229411 -0.01840479 0.02011869
v -0.00972063 -0.01952267 0.02105053
v -0.01042682 -0.01926156 0.02198238
v -0.01143628 -0.01882910 0.02290680
v -0.01042682 -0.01922892 0.02291794
v -0.01042682 -0.01913101 0.02384979
v -0.01115034 -0.01876382 0.02478534
v -0.01101170 -0.01870262 0.02542019
v -0.01136263 -0.01828648 0.02664533
v -0.01136263 -0.01802945 0.02758088
v -0.01184353 -0.01773570 0.02806351
v -0.01221179 -0.01747051 0.02843106
v -0.01280967 -0.01588345 0.03182060
v -0.01183920 -0.01586713 0.03272275
v -0.01136263 -0.01596912 0.03293808
v -0.01136263 -0.01629551 0.03224383
v -0.01082107 -0.01676469 0.03170923
v -0.01047881 -0.01663822 0.03226982
v -0.01020153 -0.01688709 0.03197282
v -0.00976395 -0.01674022 0.03259652
v -0.01024485 -0.01595688 0.03381423
v -0.01050480 -0.01568353 0.03411866
v -0.01112867 -0.01504299 0.03475351
v -0.01141028 -0.01526739 0.03417064
v -0.01319526 -0.01444734 0.03408525
v -0.01175255 -0.01489204 0.03451962
v -0.01229411 -0.01475740 0.03430800
v -0.01299596 -0.01411279 0.03474979
v -0.01257138 -0.01389248 0.03537350
v -0.01327324 -0.01374152 0.03505422
v -0.01322558 -0.01324378 0.03572248
v -0.01266236 -0.01300307 0.03637960
v -0.01322558 -0.01283579 0.03619026
v -0.01379313 -0.01219934 0.03650954
v -0.01407908 -0.01253389 0.03590811
v -0.01441701 -0.01195862 0.03627193
v -0.01479393 -0.01133849 0.03656894
v -0.01507121 -0.01071427 0.03689564
v -0.01472894 -0.01035524 0.03744509
v -0.01506254 -0.00976366 0.03763072
v -0.01516219 -0.00892321 0.03813192
v -0.01456431 -0.00927408 0.03827299
v -0.01489791 -0.00864986 0.03846233
v -0.01371515 -0.00841731 0.03925310
v -0.01439968 -0.00793181 0.03911574
v -0.01516219 -0.00799301 0.03865909
v -0.01487625 -0.00682617 0.03938304
v -0.01514919 -0.00610403 0.03953154
v -0.01450366 -0.00540230 0.04011812
v -0.01504088 -0.00510855 0.03993250
v -0.01532682 -0.00419874 0.04005501
v -0.01549146 -0.00358268 0.04014040
v -0.01514486 -0.00326853 0.04038914
v -0.01410507 -0.00325629 0.04090518
v -0.00945202 -0.00239953 0.04286540
v -0.01229411 -0.00419874 0.04145835
v -0.01131064 -0.00416202 0.04185188
v -0.01096404 -0.00382747 0.04206721
v -0.01041815 -0.00416202 0.04216744
v -0.00949534 -0.00326445 0.04269834
v -0.01360684 -0.00355820 0.04107225
v -0.01326891 -0.00325629 0.04128386
v -0.01294397 -0.00419874 0.04119105
v -0.00879781 -0.00326445 0.04290995
v -0.00833424 -0.00326445 0.04304360
v -0.00811762 -0.00375404 0.04298049
v -0.00848155 -0.00411714 0.04278372
v -0.00855953 -0.00512895 0.04249415
v -0.00613336 -0.00554509 0.04295821
v -0.00669657 -0.00606323 0.04264265
v -0.00922673 -0.00577764 0.04210804
v -0.00854220 -0.00607955 0.04219343
v -0.00762805 -0.00606323 0.04243103
v -0.00709949 -0.00742999 0.04203008
v -0.00675290 -0.00790733 0.04190014
v -0.00669657 -0.00886201 0.04146577
v -0.00576076 -0.00959231 0.04124302
v -0.00016757 -0.01594464 0.03561481
v -0.00109904 -0.01563457 0.03616427
v 0.00076391 -0.01666270 0.03438597
v 0.00074225 -0.01614864 0.03509506
v -0.00016757 -0.01635671 0.03504309
v -0.00203485 -0.01523067 0.03678055
v -0.00203485 -0.01569577 0.03623481
v 0.00169972 -0.01654846 0.03423746
v 0.00257055 -0.01700133 0.03319795
v 0.00356268 -0.01690341 0.03287496
v 0.00169972 -0.01687485 0.03376968
v 0.00169972 -0.01722164 0.03317939
v 0.00408257 -0.01681365 0.03274131
v 0.00356268 -0.01658518 0.03334274
v -0.00576076 -0.01005741 0.04100542
v -0.00669657 -0.00944543 0.04116877
v -0.00721647 -0.00935160 0.04112051
v -0.00783601 -0.00921288 0.04104997
v -0.00762805 -0.01056331 0.04035201
v -0.00708216 -0.01115897 0.04015525
v -0.00855953 -0.01153840 0.03947585
v -0.00769304 -0.01174647 0.03958723
v -0.00804830 -0.01210958 0.03923083
v -0.00742876 -0.01222789 0.03932364
v -0.00822593 -0.01310914 0.03835096
v -0.00762805 -0.01320298 0.03843634
v -0.00669657 -0.01333354 0.03855886
v -0.00576076 -0.01342737 0.03864053
v -0.00482929 -0.01436574 0.03777922
v -0.00576076 -0.01389248 0.03820988
v -0.00389781 -0.01484716 0.03728917
v -0.00296633 -0.01525923 0.03682139
v 0.01847499 -0.01464317 0.02382380
v 0.01853564 -0.01461053 0.02382380
v 0.01720124 -0.01498588 0.02440295
v 0.00544730 -0.01704212 0.03133797
v 0.00609283 -0.01689525 0.03104468
v 0.00443350 -0.01697277 0.03223641
v 0.00444650 -0.01747051 0.03124887
v 0.01467975 -0.00643042 0.00741810
v 0.01853564 -0.00799709 0.01264535
v -0.01170056 -0.01390880 0.01041040
v -0.01136263 -0.01446365 0.01078537
v -0.01102036 -0.01501036 0.01116033
v -0.00842956 -0.01329274 0.00741810
v -0.00997191 -0.01493692 0.01031388
v -0.01322558 -0.01704212 0.01642471
v -0.01266236 -0.01768266 0.01701129
v -0.01317359 -0.01744195 0.01732315
v -0.01344221 -0.01757251 0.01825128
v -0.01282700 -0.01776426 0.01763500
v -0.00594273 -0.01469621 0.00741810
v -0.01042682 -0.01603440 0.01196224
v -0.01043115 -0.01651990 0.01267876
v -0.01074742 -0.01673205 0.01322079
v -0.01176121 -0.01675653 0.01411180
v -0.01130631 -0.01606704 0.01269733
v -0.01191718 -0.01592016 0.01303888
v -0.01225511 -0.01610376 0.01361803
v -0.01233743 -0.01659334 0.01446078
v -0.01319526 -0.01608336 0.01456844
v -0.01267536 -0.01673613 0.01509562
v -0.01322558 -0.01653622 0.01542604
v -0.01291365 -0.01689933 0.01571562
v -0.01235909 -0.01703805 0.02951140
v -0.01209048 -0.01689525 0.03016481
v -0.01176555 -0.01677285 0.03078481
v -0.01235909 -0.01667902 0.03043583
v -0.01083840 -0.01863735 0.01792458
v -0.01229411 -0.01810697 0.01825128
v -0.00897111 -0.01957571 0.01883786
v -0.00862018 -0.01970627 0.01916456
v -0.00919640 -0.01964915 0.02011869
v -0.00925705 -0.01965731 0.02105053
v -0.00963831 -0.01952267 0.02198238
v -0.00942602 -0.01950228 0.02287710
v -0.01042682 -0.01897598 0.02478534
v -0.00949534 -0.01936356 0.02384979
v -0.00949534 -0.01901677 0.02571719
v -0.01044415 -0.01878014 0.02572462
v -0.01014521 -0.01871078 0.02638174
v -0.01076908 -0.01862511 0.02604018
v -0.01042682 -0.01831504 0.02758088
v -0.00949534 -0.01833136 0.02851273
v -0.01042682 -0.01804577 0.02851273
v -0.01128464 -0.01780098 0.02843106
v -0.01035750 -0.01780506 0.02937033
v -0.00999790 -0.01773978 0.02994577
v -0.01061745 -0.01762962 0.02963021
v -0.01154459 -0.01762554 0.02868722
v -0.01229411 -0.01632407 0.03131198
v -0.01047881 -0.01703396 0.03136396
v -0.01141895 -0.01666678 0.03136396
v -0.01114600 -0.01689117 0.03108552
v -0.00949534 -0.01764594 0.03062517
v -0.00949534 -0.01737667 0.03131198
v -0.00946934 -0.01696869 0.03226982
v -0.00914008 -0.01682589 0.03277472
v -0.00855953 -0.01667494 0.03340214
v -0.00946934 -0.01655662 0.03312370
v -0.00942602 -0.01603848 0.03411866
v -0.00907076 -0.01587528 0.03459758
v -0.00969030 -0.01577329 0.03443423
v -0.01064777 -0.01483900 0.03537721
v -0.01037050 -0.01514499 0.03505794
v -0.01141028 -0.01470437 0.03505794
v -0.01227244 -0.01427190 0.03505422
v -0.01195184 -0.01405975 0.03559254
v -0.01230710 -0.01353753 0.03598607
v -0.01203849 -0.01318258 0.03658007
v -0.01372815 -0.01122017 0.03739683
v -0.01407041 -0.01159144 0.03685109
v -0.01322558 -0.01237069 0.03668031
v -0.01202983 -0.01226053 0.03748964
v -0.01264937 -0.01205654 0.03731145
v -0.01322558 -0.01186071 0.03714809
v -0.01434769 -0.01097946 0.03719264
v -0.01408774 -0.01069387 0.03758246
v -0.01358518 -0.01017165 0.03825072
v -0.01421771 -0.00983302 0.03810964
v -0.01394477 -0.00954743 0.03845490
v -0.01413973 -0.00884570 0.03877047
v -0.01322558 -0.00909865 0.03911203
v -0.01274035 -0.00931080 0.03923454
v -0.01322558 -0.00863354 0.03936448
v -0.01176988 -0.00834795 0.04015525
v -0.01236342 -0.00799301 0.04005872
v -0.01322558 -0.00793181 0.03970232
v -0.01303062 -0.00680577 0.04030375
v -0.01329490 -0.00707096 0.04005872
v -0.01365016 -0.00647530 0.04015525
v -0.01393177 -0.00793181 0.03936448
v -0.01461197 -0.00744631 0.03923454
v -0.01424371 -0.00707912 0.03959094
v -0.01417872 -0.00612443 0.04002531
v -0.01388412 -0.00585516 0.04026663
v -0.01417872 -0.00510855 0.04036315
v -0.01469428 -0.00478216 0.04021094
v -0.01486325 -0.00419874 0.04029632
v -0.01416139 -0.00419874 0.04064159
v -0.01227244 -0.00505959 0.04122446
v -0.01136263 -0.00512895 0.04156230
v -0.01278367 -0.00469648 0.04112051
v -0.01072576 -0.00444761 0.04198553
v -0.01041815 -0.00514527 0.04190014
v -0.01010188 -0.00483928 0.04208948
v -0.00949534 -0.00419874 0.04246073
v -0.01341188 -0.00419874 0.04098686
v -0.00952133 -0.00514527 0.04219714
v -0.00985060 -0.00546350 0.04200409
v -0.01042682 -0.00606323 0.04161056
v -0.00952133 -0.00607955 0.04190385
v -0.00884114 -0.00640186 0.04199295
v -0.00822160 -0.00661402 0.04207463
v -0.00762805 -0.00680169 0.04214888
v -0.00762805 -0.00726679 0.04196325
v -0.00762805 -0.00793181 0.04169595
v -0.00756740 -0.00888649 0.04127643
v -0.00109904 -0.01600992 0.03569649
v -0.00106872 -0.01653214 0.03497626
v 0.00076391 -0.01696461 0.03391819
v -0.00016757 -0.01674022 0.03449734
v -0.00073512 -0.01678101 0.03455674
v -0.00203485 -0.01605888 0.03576703
v -0.00296633 -0.01572433 0.03626080
v 0.00265719 -0.01753579 0.03220671
v 0.00356268 -0.01726244 0.03224383
v 0.00069893 -0.01746235 0.03309400
v 0.00169972 -0.01760922 0.03247401
v 0.00096754 -0.01767858 0.03261509
v -0.00855953 -0.00902113 0.04096087
v -0.00862885 -0.00987790 0.04047824
v -0.00836024 -0.01038788 0.04025178
v -0.00898411 -0.01024101 0.04016267
v -0.00762805 -0.01102842 0.04007729
v -0.00862885 -0.01071019 0.03998076
v -0.00949534 -0.01132625 0.03933106
v -0.00855953 -0.01200758 0.03915286
v -0.00854653 -0.01264812 0.03863682
v -0.00824326 -0.01404343 0.03743024
v -0.00762805 -0.01366808 0.03798713
v -0.00884980 -0.01299491 0.03825072
v -0.00854653 -0.01352529 0.03784234
v -0.00669657 -0.01379864 0.03811335
v -0.00482929 -0.01483492 0.03727061
v -0.00669657 -0.01423110 0.03764557
v -0.00576076 -0.01432086 0.03774210
v -0.00482929 -0.01523475 0.03680654
v -0.00389781 -0.01524699 0.03682139
v 0.01814572 -0.01498180 0.02349709
v 0.01853564 -0.01490836 0.02315925
v 0.01530363 -0.01589161 0.02437697
v 0.00471944 -0.01764594 0.03065115
v 0.00540397 -0.01749499 0.03035415
v 0.00356268 -0.01762146 0.03154216
v 0.00409990 -0.01774794 0.03089618
v 0.01447180 -0.00698936 0.00741810
v 0.01853564 -0.00886201 0.01304630
v 0.01414687 -0.00785837 0.00741810
v -0.00773203 -0.01369664 0.00741810
v -0.00670957 -0.01428006 0.00741810
v -0.01233743 -0.01711148 0.01542604
v -0.01232876 -0.01755618 0.01634304
v -0.01174388 -0.01769490 0.01600520
v -0.01204282 -0.01781322 0.01662519
v -0.00999357 -0.01867406 0.01681453
v -0.01064777 -0.01856391 0.01731943
v -0.01136263 -0.01828240 0.01731943
v -0.01232876 -0.01789481 0.01732315
v -0.00542716 -0.01495324 0.00741810
v -0.00534052 -0.01499404 0.00741810
v -0.00952133 -0.01621391 0.01166153
v -0.00949534 -0.01670350 0.01233721
v -0.01012355 -0.01686261 0.01300918
v -0.00812195 -0.01773978 0.01310199
v -0.01043115 -0.01705844 0.01355492
v -0.01113734 -0.01691565 0.01384450
v -0.01141462 -0.01712372 0.01446078
v -0.01205582 -0.01694013 0.01473179
v -0.01035750 -0.01747867 0.03030589
v -0.00949534 -0.01924525 0.01825128
v -0.00878915 -0.01951452 0.01825128
v -0.00814795 -0.01961243 0.01771296
v -0.00832558 -0.01966139 0.01825128
v -0.00855953 -0.01978786 0.02011869
v -0.00762805 -0.01982458 0.01825128
v -0.00762805 -0.01991842 0.01918313
v -0.00855953 -0.01980827 0.02105053
v -0.00917041 -0.01962467 0.02198238
v -0.00855953 -0.01975115 0.02198238
v -0.00762805 -0.01994290 0.02198238
v -0.00576076 -0.02023665 0.02291794
v -0.00892346 -0.01957571 0.02316297
v -0.00949534 -0.01919629 0.02478534
v -0.00858986 -0.01953900 0.02393889
v -0.00808729 -0.01959203 0.02430643
v -0.00722080 -0.01960835 0.02532738
v -0.00757173 -0.01947372 0.02566893
v -0.00855953 -0.01940844 0.02478534
v -0.00855953 -0.01923709 0.02571719
v -0.00762805 -0.01926972 0.02664533
v -0.00855953 -0.01904941 0.02664533
v -0.00953000 -0.01880054 0.02667503
v -0.00923972 -0.01871894 0.02735071
v -0.00896245 -0.01864143 0.02797070
v -0.00953000 -0.01856799 0.02762915
v -0.00861585 -0.01856799 0.02855357
v -0.00949534 -0.01805393 0.02944458
v -0.00949534 -0.01782138 0.03015739
v -0.00899711 -0.01771938 0.03082564
v -0.00855953 -0.01721756 0.03224383
v -0.00855953 -0.01690341 0.03293436
v -0.00795732 -0.01675653 0.03356921
v -0.00855953 -0.01629959 0.03411124
v -0.00855953 -0.01595280 0.03472752
v -0.00855953 -0.01565905 0.03519159
v -0.00942602 -0.01552442 0.03496512
v -0.01080807 -0.01395775 0.03640187
v -0.01136263 -0.01421071 0.03577445
v -0.01002390 -0.01494916 0.03554057
v -0.01041382 -0.01446365 0.03597122
v -0.01136263 -0.01382312 0.03623852
v -0.01234609 -0.01263180 0.03694761
v -0.01136263 -0.01335802 0.03677313
v -0.01136263 -0.01292147 0.03723719
v -0.01322558 -0.01139152 0.03754905
v -0.01257138 -0.01105290 0.03820617
v -0.01229844 -0.01166487 0.03784605
v -0.01087739 -0.01305203 0.03736713
v -0.01136263 -0.01245229 0.03765300
v -0.01136263 -0.01190559 0.03812078
v -0.01195184 -0.01127321 0.03836952
v -0.01296130 -0.01042868 0.03841778
v -0.01325591 -0.00983302 0.03864424
v -0.01227244 -0.01073467 0.03856257
v -0.01237209 -0.00983302 0.03908233
v -0.01211647 -0.00954743 0.03937561
v -0.01076042 -0.00923736 0.04012926
v -0.01141895 -0.00889873 0.04002531
v -0.01237209 -0.00894361 0.03958723
v -0.01115034 -0.00861314 0.04027776
v -0.01141895 -0.00799301 0.04044854
v -0.01105502 -0.00667521 0.04117248
v -0.01136263 -0.00698936 0.04091261
v -0.01210348 -0.00772374 0.04029261
v -0.01272302 -0.00742999 0.04015896
v -0.01329490 -0.00612443 0.04044482
v -0.01236342 -0.00707096 0.04047081
v -0.01167890 -0.00636106 0.04104997
v -0.01227244 -0.00605507 0.04091632
v -0.01256705 -0.00532070 0.04103141
v -0.01314760 -0.00505959 0.04085320
v -0.01194318 -0.00573685 0.04115763
v -0.01136263 -0.00605507 0.04127643
v -0.00949534 -0.00699752 0.04155859
v -0.01039649 -0.00698936 0.04126901
v -0.00904910 -0.00841323 0.04111680
v -0.00855953 -0.00793181 0.04145092
v -0.00854220 -0.00695264 0.04185188
v -0.00855953 -0.00855195 0.04118362
v -0.00135466 -0.01682181 0.03461614
v -0.00016757 -0.01703805 0.03402956
v 0.00034366 -0.01773570 0.03272646
v -0.00203485 -0.01652398 0.03510620
v -0.00296633 -0.01606704 0.03579673
v -0.00389781 -0.01571617 0.03624595
v 0.00236259 -0.01777242 0.03186886
v 0.00298213 -0.01770306 0.03172037
v 0.00169972 -0.01783770 0.03200623
v -0.00941302 -0.00878042 0.04081608
v -0.00949534 -0.00962903 0.04035201
v -0.00949534 -0.01009413 0.04007729
v -0.00949534 -0.01073059 0.03969861
v -0.00949534 -0.01179543 0.03899322
v -0.00997624 -0.01120793 0.03924939
v -0.00949534 -0.01238293 0.03852544
v -0.00811762 -0.01493692 0.03645385
v -0.00762805 -0.01412095 0.03751935
v -0.00886713 -0.01394143 0.03731516
v -0.00949534 -0.01285211 0.03812449
v -0.00949534 -0.01334986 0.03765671
v -0.00576076 -0.01479004 0.03721492
v -0.00762805 -0.01459013 0.03698474
v -0.00669657 -0.01469621 0.03710725
v -0.00482929 -0.01569985 0.03621625
v -0.00576076 -0.01517763 0.03674714
v 0.01592750 -0.01576513 0.02402799
v 0.01617879 -0.01586713 0.02340799
v 0.01853564 -0.01497364 0.02291794
v 0.00507037 -0.01777242 0.03002745
v 0.00608850 -0.01873526 0.02637802
v 0.00670804 -0.01861287 0.02604761
v 0.00638311 -0.01884950 0.02572833
v 0.00697665 -0.01872302 0.02542761
v 0.00444650 -0.01785401 0.03035415
v 0.00356268 -0.01782954 0.03107438
v 0.00356268 -0.01810289 0.03038014
v 0.01853564 -0.00977182 0.01361432
v 0.01357065 -0.00916392 0.00741810
v 0.01373528 -0.00885385 0.00741810
v 0.01400823 -0.00819700 0.00741810
v -0.01140595 -0.01758882 0.01540748
v -0.01081241 -0.01769490 0.01506592
v -0.00910109 -0.01869039 0.01584927
v -0.00855953 -0.01908613 0.01638387
v -0.01017987 -0.01874750 0.01731943
v -0.00949534 -0.01901269 0.01731943
v -0.00482495 -0.01521435 0.00741810
v -0.00787933 -0.01670758 0.01137938
v -0.00902743 -0.01679325 0.01218871
v -0.00762805 -0.01783770 0.01295349
v -0.00762805 -0.01819264 0.01358462
v -0.00918774 -0.01778874 0.01394103
v -0.00981161 -0.01766634 0.01417492
v -0.01047014 -0.01756027 0.01449790
v -0.00849888 -0.01939620 0.01736770
v -0.00782734 -0.01953083 0.01708926
v -0.00756306 -0.01966139 0.01736770
v -0.00576076 -0.02002042 0.01731943
v -0.00453901 -0.02056304 0.01937989
v -0.00508923 -0.02048552 0.02011869
v -0.00669657 -0.02001226 0.01825128
v -0.00576076 -0.02029785 0.01918313
v -0.00462133 -0.02057936 0.02011869
v -0.00576076 -0.02031417 0.02198238
v -0.00479029 -0.02047328 0.02199352
v -0.00482929 -0.02037128 0.02291794
v -0.00576076 -0.02011017 0.02384979
v -0.00669657 -0.01980419 0.02478534
v -0.00669657 -0.01993066 0.02384979
v -0.00829958 -0.01963283 0.02368272
v -0.00743309 -0.01965323 0.02478534
v -0.00687854 -0.01955531 0.02594737
v -0.00661859 -0.01946148 0.02656365
v -0.00762805 -0.01904941 0.02758088
v -0.00833857 -0.01872710 0.02826770
v -0.00861585 -0.01881278 0.02762915
v -0.00855953 -0.01830688 0.02944458
v -0.00863751 -0.01793561 0.03046181
v -0.00837323 -0.01778874 0.03100013
v -0.00781001 -0.01766634 0.03162384
v -0.00863751 -0.01760106 0.03131198
v -0.00755007 -0.01749907 0.03216216
v -0.00763672 -0.01700541 0.03322394
v -0.00733344 -0.01683813 0.03373256
v -0.00763672 -0.01658110 0.03407040
v -0.00762805 -0.01608744 0.03492800
v -0.00949534 -0.01503892 0.03566679
v -0.00762805 -0.01578553 0.03539206
v -0.00848155 -0.01514499 0.03598978
v -0.01018420 -0.01408423 0.03655037
v -0.00949534 -0.01381496 0.03717779
v -0.01053080 -0.01357425 0.03695875
v -0.00874149 -0.01482268 0.03630906
v -0.00949534 -0.01468397 0.03613457
v -0.01025352 -0.01318666 0.03750078
v -0.01014954 -0.01222381 0.03839179
v -0.01076908 -0.01206470 0.03825443
v -0.01136263 -0.01144048 0.03849574
v -0.01137129 -0.01070611 0.03898580
v -0.01169189 -0.01016757 0.03918628
v -0.01137129 -0.00983302 0.03952412
v -0.01106802 -0.01037972 0.03931622
v -0.01014088 -0.00943727 0.04024064
v -0.01043981 -0.00889873 0.04040027
v -0.01039649 -0.00788693 0.04087919
v -0.01068676 -0.00729943 0.04103512
v -0.01006722 -0.00754830 0.04114650
v -0.00966864 -0.00816844 0.04100913
v -0.00109904 -0.01755210 0.03328334
v -0.00106872 -0.01704212 0.03419291
v -0.00203485 -0.01683405 0.03463842
v -0.00203485 -0.01713596 0.03411124
v -0.00016757 -0.01750315 0.03323508
v 0.00076391 -0.01824976 0.03131198
v 0.00069893 -0.01787441 0.03228096
v -0.00016757 -0.01775610 0.03276730
v -0.00016757 -0.01797233 0.03224383
v -0.00296633 -0.01653622 0.03510248
v -0.00389781 -0.01605888 0.03578188
v -0.00389781 -0.01652398 0.03509506
v 0.00265719 -0.01792337 0.03137138
v 0.00169972 -0.01812737 0.03131198
v -0.01037483 -0.01163632 0.03875562
v -0.00949534 -0.01421886 0.03671001
v -0.00762805 -0.01538162 0.03597864
v -0.00673990 -0.01560601 0.03592296
v -0.00762805 -0.01498996 0.03652067
v -0.00669657 -0.01508787 0.03663947
v -0.00482929 -0.01602624 0.03574847
v -0.00576076 -0.01564681 0.03613086
v 0.01834934 -0.01505115 0.02291794
v 0.00636578 -0.01915141 0.02478534
v 0.00599752 -0.01962875 0.02352308
v 0.00615782 -0.01969403 0.02291794
v 0.00641777 -0.01975115 0.02198609
v 0.00689867 -0.01962059 0.02167795
v 0.00699831 -0.01966955 0.02105053
v 0.00710229 -0.01971443 0.02011869
v 0.01853564 -0.01500220 0.02259495
v 0.00449849 -0.01817224 0.02944458
v 0.00419955 -0.01871894 0.02821573
v 0.00545163 -0.01884542 0.02666760
v 0.00542996 -0.01916773 0.02571719
v 0.00377497 -0.01860879 0.02883572
v 0.00263120 -0.01830688 0.03038014
v 0.01853564 -0.00979630 0.01363288
v 0.01253952 -0.01087746 0.00741810
v 0.01324138 -0.00976366 0.00741810
v 0.01342768 -0.00942911 0.00741810
v -0.01018853 -0.01781729 0.01479862
v -0.00848588 -0.01878014 0.01550400
v -0.00762805 -0.01905349 0.01545203
v -0.00756306 -0.01942068 0.01645441
v -0.00393247 -0.01556930 0.00741810
v -0.00725979 -0.01683405 0.01120117
v -0.00840356 -0.01691565 0.01200308
v -0.00759339 -0.01703396 0.01170236
v -0.00695219 -0.01765818 0.01229266
v -0.00666191 -0.01796009 0.01262307
v -0.00674856 -0.01849047 0.01360690
v -0.00709516 -0.01864551 0.01408953
v -0.00762805 -0.01854759 0.01429372
v -0.00949534 -0.01793969 0.01449790
v -0.00720780 -0.01960427 0.01681453
v -0.00669657 -0.01982866 0.01731943
v -0.00482929 -0.02020401 0.01731943
v -0.00669657 -0.01965731 0.01661776
v -0.00482929 -0.02036721 0.01825128
v -0.00431806 -0.02052224 0.01875619
v -0.00342557 -0.02052632 0.01779093
v -0.00396280 -0.02060384 0.01911630
v -0.00389781 -0.02066503 0.02011869
v -0.00576076 -0.02019177 0.01825128
v -0.00455634 -0.02056304 0.02105053
v -0.00445236 -0.02054264 0.02168909
v -0.00406244 -0.02051408 0.02230908
v -0.00381116 -0.02044880 0.02282512
v -0.00482929 -0.02021217 0.02384979
v -0.00576076 -0.01995106 0.02478534
v -0.00661859 -0.01964915 0.02566893
v -0.00625466 -0.01959611 0.02619982
v -0.00669657 -0.01919629 0.02758088
v -0.00761939 -0.01878014 0.02855357
v -0.00792699 -0.01863327 0.02888770
v -0.00762805 -0.01817224 0.03038014
v -0.00669657 -0.01801721 0.03131198
v -0.00755007 -0.01784177 0.03131198
v -0.00719047 -0.01773162 0.03179461
v -0.00669657 -0.01759290 0.03238120
v -0.00669657 -0.01722980 0.03317939
v -0.00669657 -0.01689933 0.03384393
v -0.00669657 -0.01665046 0.03430800
v -0.00673990 -0.01614456 0.03512476
v -0.00707783 -0.01584673 0.03548859
v -0.00203485 -0.01756435 0.03330933
v -0.00109904 -0.01777650 0.03281556
v -0.00296633 -0.01682997 0.03463842
v -0.00296633 -0.01713596 0.03411124
v -0.00296633 -0.01756843 0.03330933
v -0.00016757 -0.01833544 0.03131198
v -0.00016757 -0.01858431 0.03061032
v 0.00076391 -0.01853943 0.03048038
v 0.00163040 -0.01849455 0.03029475
v -0.00109904 -0.01802537 0.03224383
v -0.00109904 -0.01839256 0.03131198
v -0.00389781 -0.01682589 0.03462728
v -0.00449569 -0.01681365 0.03460872
v -0.00481629 -0.01654030 0.03496883
v -0.00576076 -0.01596504 0.03566679
v -0.00645396 -0.01590384 0.03557398
v 0.00569425 -0.01954715 0.02414308
v 0.00540397 -0.01969403 0.02383865
v 0.00542996 -0.01988986 0.02291794
v 0.00542996 -0.02004490 0.02198238
v 0.00636578 -0.01990618 0.02105053
v 0.00636578 -0.01998370 0.02011869
v 0.00716295 -0.01972667 0.01918313
v 0.01853564 -0.01501851 0.02198238
v 0.00350202 -0.01876382 0.02852016
v 0.00408257 -0.01960427 0.02529025
v 0.00449849 -0.01912285 0.02664533
v 0.00540397 -0.01945332 0.02474451
v 0.00315110 -0.01866998 0.02901021
v 0.00263120 -0.01856391 0.02960793
v 0.01853564 -0.01080403 0.01444222
v 0.01225791 -0.01127729 0.00741810
v -0.00812628 -0.01867406 0.01495826
v -0.00875016 -0.01855575 0.01522556
v -0.00762805 -0.01875566 0.01475778
v -0.00669657 -0.01929420 0.01545203
v -0.00669657 -0.01953492 0.01615370
v -0.00330426 -0.01581001 0.00741810
v -0.00669657 -0.01693605 0.01103782
v -0.00297933 -0.01592016 0.00741810
v -0.00280603 -0.01597728 0.00741810
v -0.00576076 -0.01821712 0.01265277
v -0.00196987 -0.01621799 0.00741810
v -0.00576076 -0.01857207 0.01329876
v -0.00647129 -0.01871487 0.01392989
v -0.00576076 -0.01912693 0.01452018
v -0.00674856 -0.01887398 0.01444593
v -0.00848588 -0.01836808 0.01459814
v -0.00482929 -0.01996330 0.01638387
v -0.00389781 -0.02013465 0.01638387
v -0.00389781 -0.02036721 0.01731943
v -0.00582142 -0.01975115 0.01631705
v -0.00396280 -0.02049776 0.01816218
v -0.00305731 -0.02046920 0.01733800
v -0.00280170 -0.02054672 0.01766099
v -0.00109904 -0.02072623 0.01825128
v -0.00203485 -0.02066911 0.01825128
v -0.00305731 -0.02059160 0.01816218
v -0.00296633 -0.02068951 0.01918313
v -0.00296633 -0.02072215 0.02011869
v -0.00389781 -0.02062832 0.02105053
v -0.00296633 -0.02068543 0.02105053
v -0.00203485 -0.02073847 0.02105053
v -0.00203485 -0.02064871 0.02198238
v -0.00109904 -0.02069359 0.02198238
v -0.00344723 -0.02052632 0.02245387
v -0.00296633 -0.02053856 0.02251327
v -0.00296633 -0.02046104 0.02298105
v -0.00482929 -0.02002450 0.02478534
v -0.00203485 -0.02034680 0.02384979
v -0.00576076 -0.01975115 0.02571719
v -0.00576076 -0.01929420 0.02758088
v -0.00576076 -0.01961651 0.02627407
v -0.00482929 -0.01913917 0.02851273
v -0.00669657 -0.01892702 0.02851273
v -0.00482929 -0.01889438 0.02944458
v -0.00573044 -0.01877198 0.02948170
v -0.00730312 -0.01868223 0.02905105
v -0.00669657 -0.01858431 0.02966362
v -0.00669657 -0.01834768 0.03038014
v -0.00761939 -0.01851495 0.02939631
v -0.00576076 -0.01817632 0.03131198
v -0.00669657 -0.01778466 0.03191342
v -0.00576076 -0.01786218 0.03209533
v -0.00576076 -0.01766226 0.03255940
v -0.00576076 -0.01736851 0.03317939
v -0.00576076 -0.01696869 0.03397759
v -0.00576076 -0.01671982 0.03444165
v -0.00576076 -0.01635671 0.03504309
v -0.00203485 -0.01778874 0.03284155
v -0.00203485 -0.01805393 0.03224383
v -0.00389781 -0.01711148 0.03411124
v -0.00296633 -0.01778874 0.03284155
v -0.00389781 -0.01754802 0.03325735
v -0.00016757 -0.01873118 0.03014254
v 0.00076391 -0.01869446 0.03001260
v -0.00109904 -0.01861287 0.03068828
v 0.00127081 -0.01866591 0.02993092
v 0.00189468 -0.01862103 0.02978242
v -0.00203485 -0.01841295 0.03131198
v -0.00511523 -0.01676877 0.03453076
v -0.00481629 -0.01699316 0.03417806
v 0.00507470 -0.01961651 0.02441038
v 0.00443350 -0.01966955 0.02474451
v 0.00449849 -0.01988170 0.02384979
v 0.00449849 -0.02008977 0.02291794
v 0.00449849 -0.02024889 0.02198238
v 0.00542996 -0.02016729 0.02105053
v 0.00542996 -0.02023665 0.02011869
v 0.00636578 -0.01998778 0.01918313
v 0.00716295 -0.01971443 0.01825128
v 0.00762652 -0.01953900 0.01825128
v 0.00933784 -0.01851087 0.01638387
v 0.00875729 -0.01868631 0.01582328
v 0.00997904 -0.01793153 0.01545203
v 0.01157772 -0.01685037 0.01483575
v 0.01853564 -0.01471253 0.02108395
v 0.00822873 -0.01916365 0.01731943
v 0.00886993 -0.01874750 0.01638387
v 0.00356268 -0.01951860 0.02591767
v 0.00356268 -0.01902901 0.02758088
v 0.00263120 -0.01871078 0.02914015
v 0.00470645 -0.01953492 0.02503037
v 0.00443350 -0.01942476 0.02564665
v 0.00356268 -0.01965323 0.02544989
v 0.00356268 -0.01983275 0.02478534
v 0.01853564 -0.01081219 0.01444964
v 0.01194598 -0.01168527 0.00741810
v -0.00441337 -0.01960427 0.01495826
v -0.00617235 -0.01958387 0.01595693
v -0.00109904 -0.01643422 0.00741810
v -0.00517155 -0.01863735 0.01316882
v -0.00576076 -0.01879646 0.01376654
v -0.00476863 -0.01937580 0.01459814
v -0.00389781 -0.01985314 0.01545203
v -0.00296633 -0.01998370 0.01545203
v -0.00296633 -0.02025297 0.01638387
v -0.00203485 -0.02048552 0.01707069
v -0.00203485 -0.02057120 0.01753847
v -0.00016757 -0.02077519 0.01825128
v -0.00109904 -0.02079559 0.01918313
v -0.00203485 -0.02074255 0.01918313
v -0.00203485 -0.02076703 0.02011869
v -0.00109904 -0.02078335 0.02105053
v -0.00016757 -0.02080375 0.02105053
v -0.00016757 -0.02070175 0.02198238
v -0.00109904 -0.02057528 0.02275088
v -0.00203485 -0.02048144 0.02309985
v -0.00109904 -0.02050184 0.02321866
v -0.00482929 -0.01981234 0.02571719
v -0.00203485 -0.02014689 0.02478534
v -0.00324794 -0.01958795 0.02707969
v -0.00109904 -0.02038352 0.02384979
v -0.00482929 -0.01964915 0.02640401
v -0.00389781 -0.01920853 0.02851273
v -0.00669657 -0.01872710 0.02919584
v -0.00389781 -0.01896373 0.02944458
v -0.00482929 -0.01871078 0.03006086
v -0.00540117 -0.01867406 0.02996062
v -0.00573044 -0.01852311 0.03031331
v -0.00482929 -0.01855983 0.03052493
v -0.00482929 -0.01827832 0.03131198
v -0.00479029 -0.01788257 0.03230323
v -0.00445236 -0.01773978 0.03273389
v -0.00507624 -0.01770306 0.03265592
v -0.00479029 -0.01752763 0.03309772
v -0.00296633 -0.01804169 0.03224383
v -0.00389781 -0.01776018 0.03278957
v -0.00016757 -0.01892294 0.02944458
v 0.00076391 -0.01885766 0.02944458
v -0.00109904 -0.01875158 0.03022050
v -0.00203485 -0.01861695 0.03069942
v -0.00203485 -0.01875974 0.03023535
v 0.00163040 -0.01875566 0.02946314
v 0.00263120 -0.01971851 0.02564665
v -0.00296633 -0.01839664 0.03131198
v -0.00296633 -0.01860879 0.03068085
v 0.00356268 -0.02006122 0.02384979
v 0.00356268 -0.02026929 0.02291794
v 0.00350636 -0.02044064 0.02194525
v 0.00381829 -0.02049368 0.02105053
v 0.00449849 -0.02036313 0.02105053
v 0.00399592 -0.02052224 0.02053820
v 0.00413456 -0.02055488 0.01991450
v 0.00542996 -0.02023257 0.01918313
v 0.00415189 -0.02055896 0.01918313
v 0.00461980 -0.02044064 0.01918313
v 0.00636578 -0.01996330 0.01825128
v 0.00636578 -0.01986946 0.01731943
v 0.00700265 -0.01965731 0.01731943
v 0.00747055 -0.01948188 0.01731943
v 0.00822873 -0.01900861 0.01638387
v 0.00824173 -0.01880870 0.01548915
v 0.00793412 -0.01873526 0.01475778
v 0.00855800 -0.01859655 0.01519957
v 0.00910822 -0.01840887 0.01548915
v 0.01010035 -0.01756027 0.01446820
v 0.01106649 -0.01704620 0.01452389
v 0.01140009 -0.01673205 0.01421204
v 0.01853564 -0.01227277 0.01652124
v 0.01246154 -0.01588753 0.01400042
v 0.01333236 -0.01490428 0.01316882
v 0.00263120 -0.01995514 0.02478534
v 0.01853564 -0.01084890 0.01448677
v 0.01175535 -0.01190559 0.00741810
v -0.00389781 -0.01946148 0.01436797
v -0.00389781 -0.01965323 0.01483203
v -0.00016757 -0.01660966 0.00741810
v -0.00296633 -0.01833544 0.01172093
v -0.00389781 -0.01853127 0.01244116
v -0.00389781 -0.01876382 0.01290894
v -0.00389781 -0.01909837 0.01358462
v -0.00485095 -0.01887398 0.01352522
v -0.00296633 -0.01972259 0.01464641
v -0.00203485 -0.02006530 0.01545203
v -0.00109904 -0.02013873 0.01545203
v -0.00203485 -0.02032233 0.01638387
v -0.00109904 -0.02038352 0.01638387
v -0.00018489 -0.02045288 0.01645070
v -0.00109904 -0.02051000 0.01695189
v -0.00109904 -0.02059568 0.01741967
v -0.00016757 -0.02084047 0.01918313
v -0.00018489 -0.02060384 0.01724147
v 0.00011404 -0.02053448 0.01680710
v 0.00076391 -0.02062424 0.01731943
v 0.00076391 -0.02077111 0.01825128
v -0.00109904 -0.02080783 0.02011869
v -0.00016757 -0.02082823 0.02011869
v 0.00076391 -0.02081191 0.02011869
v 0.00076391 -0.02077111 0.02105053
v 0.00076391 -0.02066096 0.02198238
v 0.00076391 -0.02055896 0.02262465
v -0.00016757 -0.02050184 0.02322237
v -0.00389781 -0.01956755 0.02700173
v -0.00109904 -0.02017953 0.02478534
v -0.00262840 -0.01960019 0.02713538
v -0.00294900 -0.01950228 0.02749921
v -0.00016757 -0.02037944 0.02384979
v -0.00296633 -0.01924933 0.02851273
v -0.00602071 -0.01863327 0.02981583
v -0.00389781 -0.01874750 0.03016852
v -0.00296633 -0.01898821 0.02944458
v -0.00389781 -0.01858839 0.03063630
v -0.00389781 -0.01834768 0.03131198
v -0.00389781 -0.01798457 0.03224383
v -0.00109904 -0.01896373 0.02944458
v -0.00136332 -0.01960427 0.02714281
v -0.00073945 -0.01958795 0.02709454
v 0.00076391 -0.02009386 0.02478534
v 0.00169972 -0.02002450 0.02478534
v -0.00203485 -0.01898821 0.02944458
v -0.00203485 -0.01924933 0.02851273
v -0.00296633 -0.01875566 0.03021307
v 0.00263120 -0.02017545 0.02384979
v 0.00263120 -0.02038352 0.02291794
v 0.00263120 -0.02050592 0.02225340
v 0.00315976 -0.02053448 0.02161113
v 0.00335039 -0.02056304 0.02105053
v 0.00363633 -0.02060384 0.02018180
v 0.00356268 -0.02063240 0.01918313
v 0.00542996 -0.02020401 0.01825128
v 0.00409124 -0.02054264 0.01855942
v 0.00542996 -0.02015505 0.01731943
v 0.00542996 -0.02002450 0.01638387
v 0.00637011 -0.01971443 0.01644699
v 0.00685968 -0.01960427 0.01679968
v 0.00668638 -0.01953900 0.01617597
v 0.00729725 -0.01915549 0.01545203
v 0.00766118 -0.01862919 0.01413779
v 0.00824173 -0.01849863 0.01447563
v 0.00606684 -0.01965731 0.01574160
v 0.00732758 -0.01885358 0.01447563
v 0.00922953 -0.01800905 0.01446820
v 0.00958046 -0.01770306 0.01412294
v 0.01018700 -0.01714412 0.01349552
v 0.01077621 -0.01692381 0.01374426
v 0.01055959 -0.01679325 0.01312427
v 0.01106649 -0.01662190 0.01349552
v 0.01853564 -0.01219934 0.01638759
v 0.01266516 -0.01509195 0.01265277
v 0.01246587 -0.01495732 0.01214416
v 0.01313307 -0.01471661 0.01265277
v 0.01619178 -0.01215854 0.01308714
v 0.01853564 -0.01163224 0.01541119
v 0.01853564 -0.01165672 0.01545203
v 0.00169972 -0.02024889 0.02384979
v 0.01827569 -0.01137929 0.01476521
v 0.01122679 -0.01248493 0.00741810
v -0.00296633 -0.01954308 0.01417863
v -0.00246810 -0.01865775 0.01219242
v -0.00296633 -0.01862103 0.01227038
v 0.00033500 -0.01667494 0.00741810
v -0.00296633 -0.01926156 0.01358462
v -0.00229047 -0.01957979 0.01408581
v -0.00200019 -0.01973483 0.01444593
v -0.00016757 -0.02019993 0.01545203
v -0.00050983 -0.02052224 0.01688135
v 0.00076391 -0.02044880 0.01635046
v 0.00076391 -0.02082823 0.01918313
v 0.00076391 -0.02053448 0.01681824
v 0.00124481 -0.02052632 0.01684794
v 0.00161307 -0.02058344 0.01727117
v 0.00263120 -0.02049776 0.01707069
v 0.00169972 -0.02071807 0.01825128
v 0.00169972 -0.02076295 0.02011869
v 0.00263120 -0.02070583 0.02011869
v 0.00169972 -0.02070583 0.02105053
v 0.00263120 -0.02055896 0.02178933
v 0.00206365 -0.02052224 0.02240932
v 0.00076391 -0.02047736 0.02309243
v -0.00109904 -0.01995106 0.02571719
v -0.00203485 -0.01960427 0.02715394
v -0.00016757 -0.02015913 0.02478534
v 0.00076391 -0.02031825 0.02384979
v -0.00203485 -0.01948596 0.02761801
v 0.00173005 -0.02045696 0.02286225
v 0.00263120 -0.02063648 0.02105053
v 0.00355835 -0.02056712 0.01825128
v 0.00263120 -0.02070991 0.01918313
v 0.00263120 -0.02064463 0.01825128
v 0.00386595 -0.02051408 0.01793572
v 0.00449849 -0.02036313 0.01731943
v 0.00540830 -0.01974299 0.01544089
v 0.00449849 -0.02022849 0.01638387
v 0.00449849 -0.01994698 0.01545203
v 0.00806410 -0.01785810 0.01284583
v 0.00831538 -0.01805801 0.01349923
v 0.00896092 -0.01786625 0.01375168
v 0.00704164 -0.01871894 0.01390390
v 0.00656940 -0.01859655 0.01328391
v 0.00638744 -0.01795601 0.01167266
v 0.00710229 -0.01784177 0.01195110
v 0.00570724 -0.01954715 0.01511790
v 0.00636578 -0.01914325 0.01452018
v 0.00922953 -0.01762554 0.01349923
v 0.00988373 -0.01693197 0.01265277
v 0.01035163 -0.01665862 0.01265277
v 0.01076755 -0.01599360 0.01196596
v 0.01138709 -0.01578961 0.01232236
v 0.00965844 -0.01680957 0.01215529
v 0.01191132 -0.01512051 0.01178775
v 0.00864031 -0.01467989 0.00741810
v 0.00936383 -0.01416991 0.00741810
v 0.00961512 -0.01398223 0.00741810
v 0.01012635 -0.01357833 0.00741810
v 0.01281680 -0.01438614 0.01182117
v 0.01437215 -0.01313770 0.01209218
v 0.01028231 -0.01343145 0.00741810
v 0.01061158 -0.01311322 0.00741810
v 0.01092785 -0.01279908 0.00741810
v 0.01107949 -0.01263996 0.00741810
v -0.00210850 -0.01887806 0.01256367
v 0.00054729 -0.01677285 0.00756660
v -0.00016757 -0.01787441 0.01002059
v 0.00064694 -0.01670758 0.00741810
v -0.00016757 -0.01856391 0.01145734
v -0.00016757 -0.01878422 0.01192512
v -0.00016757 -0.01911469 0.01265277
v -0.00016757 -0.01945740 0.01346582
v -0.00166659 -0.01960019 0.01403755
v -0.00016757 -0.01987354 0.01452018
v -0.00109904 -0.01981642 0.01452018
v 0.00076391 -0.02022033 0.01545203
v 0.00169972 -0.02018769 0.01545203
v 0.00263120 -0.02037944 0.01638387
v 0.00161307 -0.02044472 0.01647669
v 0.00169972 -0.02077111 0.01918313
v 0.00186436 -0.02051408 0.01692962
v 0.00263120 -0.02056304 0.01753847
v 0.00356268 -0.02032233 0.01638387
v 0.00355835 -0.02047736 0.01735285
v 0.00324208 -0.02053856 0.01768697
v 0.00508337 -0.01962467 0.01491000
v 0.00356268 -0.02005714 0.01545203
v 0.00356268 -0.01957163 0.01411180
v 0.00356268 -0.01937988 0.01358462
v 0.00449849 -0.01968179 0.01475036
v 0.00772183 -0.01771122 0.01222583
v 0.00868364 -0.01772346 0.01313169
v 0.00594986 -0.01867406 0.01308714
v 0.00630079 -0.01843743 0.01272703
v 0.00671237 -0.01768674 0.01133111
v 0.00542996 -0.01822936 0.01172093
v 0.00609283 -0.01778874 0.01111950
v 0.00638311 -0.01584673 0.00741810
v 0.00736657 -0.01758882 0.01167266
v 0.00916454 -0.01727876 0.01265277
v 0.00802511 -0.01509195 0.00741810
v 0.01105783 -0.01563049 0.01168009
v 0.00906923 -0.01689933 0.01179518
v 0.00869664 -0.01679733 0.01125315
v 0.00734924 -0.01543058 0.00741810
v -0.00016757 -0.01824160 0.01078537
v 0.00108018 -0.01674837 0.00741810
v 0.00117116 -0.01680141 0.00751091
v 0.00076391 -0.01859655 0.01139423
v 0.00076391 -0.01880870 0.01186200
v 0.00076391 -0.01915141 0.01265277
v 0.00076391 -0.01946964 0.01343983
v -0.00016757 -0.01964099 0.01392989
v -0.00109904 -0.01961651 0.01399671
v 0.00076391 -0.01989394 0.01452018
v 0.00169972 -0.01985722 0.01452018
v 0.00263120 -0.02012649 0.01545203
v 0.00542996 -0.01855167 0.01246344
v 0.00449849 -0.01950228 0.01428629
v 0.00449849 -0.01922892 0.01358462
v 0.00449849 -0.01883726 0.01261194
v 0.00271352 -0.01975523 0.01442737
v 0.00307744 -0.01959203 0.01405611
v 0.00356268 -0.01901269 0.01265277
v 0.00271352 -0.01946556 0.01364402
v 0.00263120 -0.01908205 0.01265277
v 0.00831538 -0.01762146 0.01258224
v 0.00539964 -0.01623023 0.00741810
v 0.00580689 -0.01607520 0.00741810
v 0.00611016 -0.01595688 0.00741810
v 0.00542996 -0.01787441 0.01093758
v 0.00481042 -0.01862511 0.01227410
v 0.00542996 -0.01765818 0.01046980
v 0.00481042 -0.01639343 0.00741810
v 0.00169972 -0.01677285 0.00741810
v 0.00231926 -0.01680549 0.00749606
v 0.00169972 -0.01858839 0.01141279
v 0.00169972 -0.01879646 0.01187685
v 0.00169972 -0.01912285 0.01265277
v 0.00169972 -0.01945332 0.01347325
v 0.00169972 -0.01963691 0.01394103
v 0.00245357 -0.01961651 0.01399671
v 0.00418655 -0.01869446 0.01211074
v 0.00356268 -0.01873934 0.01201422
v 0.00263120 -0.01877606 0.01192512
v 0.00491440 -0.01771938 0.01034358
v 0.00449849 -0.01647094 0.00741810
v 0.00221528 -0.01676877 0.00741810
v 0.00238425 -0.01676469 0.00741810
v 0.00263120 -0.01674837 0.00741810
v 0.00263120 -0.01789889 0.00995376
v 0.00263120 -0.01827424 0.01078537
v 0.00356268 -0.01852719 0.01154644
v 0.00356268 -0.01674022 0.00764085
v 0.00356268 -0.01663822 0.00741810
v 0.00284349 -0.01673205 0.00741810
v 0.00293880 -0.01678101 0.00754804
f 1 2 3
f 1 3 16
f 1 16 4
f 1 4 5
f 1 5 6
f 1 6 7
f 1 7 8
f 1 8 2
f 2 8 9
f 2 9 10
f 2 10 11
f 2 11 12
f 2 12 13
f 2 13 14
f 2 14 3
f 3 14 15
f 3 15 16
f 4 16 17
f 4 17 18
f 4 18 5
f 5 18 19
f 5 19 6
f 6 19 20
f 6 20 7
f 7 20 21
f 7 21 22
f 7 22 23
f 7 23 8
f 8 23 24
f 8 24 25
f 8 25 9
f 9 26 10
f 9 25 27
f 9 27 26
f 10 26 28
f 10 28 29
f 10 29 30
f 10 30 11
f 11 30 31
f 11 31 12
f 12 31 32
f 12 32 13
f 13 32 33
f 13 33 14
f 14 33 34
f 14 34 35
f 14 35 36
f 14 36 15
f 15 36 16
f 16 37 17
f 16 36 38
f 16 38 68
f 16 68 37
f 17 39 41
f 17 41 18
f 17 37 40
f 17 40 39
f 18 41 19
f 19 41 42
f 19 42 43
f 19 43 20
f 20 43 21
f 21 44 22
f 21 43 44
f 22 44 45
f 22 45 23
f 23 45 46
f 23 46 47
f 23 47 48
f 23 48 49
f 23 49 24
f 24 50 51
f 24 51 25
f 24 49 48
f 24 48 52
f 24 52 50
f 25 51 27
f 26 27 28
f 27 51 53
f 27 53 28
f 28 54 55
f 28 55 29
f 28 53 50
f 28 50 56
f 28 56 54
f 29 57 32
f 29 32 31
f 29 31 30
f 29 55 57
f 32 58 59
f 32 59 60
f 32 60 33
f 32 57 58
f 33 60 34
f 34 61 35
f 34 60 62
f 34 62 63
f 34 63 64
f 34 64 65
f 34 65 66
f 34 66 67
f 34 67 61
f 35 61 36
f 36 61 67
f 36 67 38
f 37 68 69
f 37 69 40
f 38 67 66
f 38 66 70
f 38 70 71
f 38 71 68
f 39 40 41
f 40 69 72
f 40 72 73
f 40 73 74
f 40 74 41
f 41 74 75
f 41 75 76
f 41 76 42
f 42 76 77
f 42 77 78
f 42 78 79
f 42 79 80
f 42 80 43
f 43 80 81
f 43 81 82
f 43 82 83
f 43 83 44
f 44 83 84
f 44 84 85
f 44 85 86
f 44 86 45
f 45 86 46
f 46 86 87
f 46 87 88
f 46 88 47
f 47 88 48
f 48 88 89
f 48 89 90
f 48 90 52
f 50 53 51
f 50 52 56
f 52 90 91
f 52 91 92
f 52 92 56
f 54 93 94
f 54 94 55
f 54 56 93
f 55 94 95
f 55 95 96
f 55 96 97
f 55 97 58
f 55 58 57
f 56 92 98
f 56 98 93
f 58 97 59
f 59 97 99
f 59 99 100
f 59 100 101
f 59 101 62
f 59 62 60
f 62 101 102
f 62 102 63
f 63 66 65
f 63 65 64
f 63 102 103
f 63 103 66
f 66 103 104
f 66 104 105
f 66 105 106
f 66 106 107
f 66 107 108
f 66 108 70
f 68 71 69
f 69 71 109
f 69 109 72
f 70 110 71
f 70 108 111
f 70 111 110
f 71 110 109
f 72 112 73
f 72 109 113
f 72 113 114
f 72 114 115
f 72 115 112
f 73 116 75
f 73 75 74
f 73 112 116
f 75 116 117
f 75 117 77
f 75 77 76
f 77 117 118
f 77 118 119
f 77 119 78
f 78 119 120
f 78 120 121
f 78 121 79
f 79 121 122
f 79 122 80
f 80 122 81
f 81 122 123
f 81 123 124
f 81 124 125
f 81 125 126
f 81 126 82
f 82 84 83
f 82 126 84
f 84 126 127
f 84 127 85
f 85 127 128
f 85 128 129
f 85 129 86
f 86 129 130
f 86 130 131
f 86 131 87
f 87 131 88
f 88 131 89
f 89 131 132
f 89 132 133
f 89 133 90
f 90 134 91
f 90 133 134
f 91 134 135
f 91 135 136
f 91 136 137
f 91 137 92
f 92 137 98
f 93 138 94
f 93 98 139
f 93 139 140
f 93 140 138
f 94 141 142
f 94 142 143
f 94 143 96
f 94 96 95
f 94 138 141
f 96 99 97
f 96 143 144
f 96 144 145
f 96 145 99
f 98 137 146
f 98 146 139
f 99 145 100
f 100 145 147
f 100 147 148
f 100 148 101
f 101 148 149
f 101 149 102
f 102 149 150
f 102 150 151
f 102 151 104
f 102 104 103
f 104 151 152
f 104 152 105
f 105 152 106
f 106 152 153
f 106 153 107
f 107 153 154
f 107 154 155
f 107 155 111
f 107 111 108
f 109 110 113
f 110 111 156
f 110 156 113
f 111 155 157
f 111 157 158
f 111 158 156
f 112 115 159
f 112 159 118
f 112 118 116
f 113 160 161
f 113 161 114
f 113 156 162
f 113 162 163
f 113 163 160
f 114 161 115
f 115 161 164
f 115 164 165
f 115 165 166
f 115 166 159
f 116 118 117
f 118 167 119
f 118 159 167
f 119 167 168
f 119 168 120
f 120 168 169
f 120 169 170
f 120 170 121
f 121 170 123
f 121 123 171
f 121 171 122
f 122 171 123
f 123 170 172
f 123 172 173
f 123 173 174
f 123 174 124
f 124 174 245
f 124 245 175
f 124 175 176
f 124 176 125
f 125 176 177
f 125 177 126
f 126 177 128
f 126 128 127
f 128 177 178
f 128 178 179
f 128 179 129
f 129 179 180
f 129 180 130
f 130 180 181
f 130 181 182
f 130 182 131
f 131 182 132
f 132 182 183
f 132 183 184
f 132 184 133
f 133 184 185
f 133 185 186
f 133 186 187
f 133 187 188
f 133 188 134
f 134 189 190
f 134 190 135
f 134 188 191
f 134 191 189
f 135 190 136
f 136 192 146
f 136 146 137
f 136 190 192
f 138 193 194
f 138 194 141
f 138 140 195
f 138 195 193
f 139 146 192
f 139 192 196
f 139 196 140
f 140 196 195
f 141 194 142
f 142 194 143
f 143 194 144
f 144 197 198
f 144 198 199
f 144 199 145
f 144 194 200
f 144 200 201
f 144 201 202
f 144 202 197
f 145 199 147
f 147 203 204
f 147 204 148
f 147 199 203
f 148 204 205
f 148 205 149
f 149 205 206
f 149 206 150
f 150 206 207
f 150 207 208
f 150 208 151
f 151 208 209
f 151 209 210
f 151 210 211
f 151 211 152
f 152 211 212
f 152 212 153
f 153 213 214
f 153 214 154
f 153 212 213
f 154 215 216
f 154 216 155
f 154 214 215
f 155 217 157
f 155 216 217
f 156 158 162
f 157 217 162
f 157 162 158
f 159 166 218
f 159 218 219
f 159 219 167
f 160 163 220
f 160 220 221
f 160 221 161
f 161 221 222
f 161 222 223
f 161 223 224
f 161 224 164
f 162 225 163
f 162 217 226
f 162 226 227
f 162 227 225
f 163 225 228
f 163 228 221
f 163 221 220
f 164 224 165
f 165 229 166
f 165 224 230
f 165 230 231
f 165 231 232
f 165 232 233
f 165 233 229
f 166 229 234
f 166 234 235
f 166 235 218
f 167 219 236
f 167 236 168
f 168 236 237
f 168 237 238
f 168 238 239
f 168 239 169
f 169 240 170
f 169 239 238
f 169 238 241
f 169 241 240
f 170 240 242
f 170 242 172
f 172 242 243
f 172 243 173
f 173 243 174
f 174 244 245
f 174 243 244
f 175 245 246
f 175 246 247
f 175 247 176
f 176 178 177
f 176 247 248
f 176 248 179
f 176 179 178
f 179 248 249
f 179 249 250
f 179 250 180
f 180 251 181
f 180 250 252
f 180 252 251
f 181 251 182
f 182 251 183
f 183 251 252
f 183 252 253
f 183 253 184
f 184 253 185
f 185 253 254
f 185 254 255
f 185 255 256
f 185 256 186
f 186 256 255
f 186 255 257
f 186 257 258
f 186 258 187
f 187 259 188
f 187 258 260
f 187 260 261
f 187 261 259
f 188 259 191
f 189 262 190
f 189 191 262
f 190 262 263
f 190 263 264
f 190 264 196
f 190 196 192
f 191 259 265
f 191 265 266
f 191 266 267
f 191 267 268
f 191 268 269
f 191 269 263
f 191 263 262
f 193 270 200
f 193 200 194
f 193 195 271
f 193 271 270
f 195 196 272
f 195 272 271
f 196 264 272
f 197 273 198
f 197 202 274
f 197 274 275
f 197 275 273
f 198 273 276
f 198 276 277
f 198 277 199
f 199 277 203
f 200 270 278
f 200 278 201
f 201 278 279
f 201 279 202
f 202 279 280
f 202 280 274
f 203 277 281
f 203 281 282
f 203 282 283
f 203 283 204
f 204 283 284
f 204 284 285
f 204 285 205
f 205 285 207
f 205 207 206
f 207 285 286
f 207 286 208
f 208 286 287
f 208 287 210
f 208 210 209
f 210 287 211
f 211 287 288
f 211 288 289
f 211 289 290
f 211 290 213
f 211 213 212
f 213 290 291
f 213 291 292
f 213 292 293
f 213 293 294
f 213 294 295
f 213 295 214
f 214 295 296
f 214 296 215
f 215 296 297
f 215 297 298
f 215 298 216
f 216 298 299
f 216 299 217
f 217 299 226
f 218 235 234
f 218 234 300
f 218 300 219
f 219 301 236
f 219 300 234
f 219 234 301
f 221 228 225
f 221 225 223
f 221 223 222
f 223 225 302
f 223 302 224
f 224 302 303
f 224 303 230
f 225 304 305
f 225 305 302
f 225 227 306
f 225 306 304
f 226 299 307
f 226 307 308
f 226 308 227
f 227 308 309
f 227 309 310
f 227 310 306
f 229 233 234
f 230 303 311
f 230 311 231
f 231 312 313
f 231 313 314
f 231 314 232
f 231 311 315
f 231 315 312
f 232 314 233
f 233 314 316
f 233 316 234
f 234 316 317
f 234 317 301
f 236 301 317
f 236 317 237
f 237 318 238
f 237 317 318
f 238 318 319
f 238 319 320
f 238 320 321
f 238 321 322
f 238 322 241
f 240 241 323
f 240 323 242
f 241 322 323
f 242 323 243
f 243 323 324
f 243 324 325
f 243 325 244
f 244 325 326
f 244 326 245
f 245 326 327
f 245 327 246
f 246 328 329
f 246 329 330
f 246 330 331
f 246 331 247
f 246 327 326
f 246 326 328
f 247 331 332
f 247 332 248
f 248 332 249
f 249 333 334
f 249 334 335
f 249 335 336
f 249 336 250
f 249 332 333
f 250 336 337
f 250 337 252
f 252 337 253
f 253 337 338
f 253 338 254
f 254 338 339
f 254 339 340
f 254 340 255
f 255 340 341
f 255 341 342
f 255 342 258
f 255 258 257
f 258 342 260
f 259 261 265
f 260 342 341
f 260 341 343
f 260 343 344
f 260 344 345
f 260 345 261
f 261 345 346
f 261 346 265
f 263 269 347
f 263 347 264
f 264 347 348
f 264 348 272
f 265 346 266
f 266 349 350
f 266 350 267
f 266 346 345
f 266 345 349
f 267 350 268
f 268 350 351
f 268 351 352
f 268 352 269
f 269 352 347
f 270 271 353
f 270 353 354
f 270 354 278
f 271 272 355
f 271 355 353
f 272 348 355
f 273 275 280
f 273 280 356
f 273 356 276
f 274 280 275
f 276 356 357
f 276 357 358
f 276 358 359
f 276 359 277
f 277 359 360
f 277 360 281
f 278 354 361
f 278 361 279
f 279 362 363
f 279 363 280
f 279 361 362
f 280 364 356
f 280 363 364
f 281 360 282
f 282 360 365
f 282 365 366
f 282 366 283
f 283 366 284
f 284 366 367
f 284 367 368
f 284 368 285
f 285 368 367
f 285 367 369
f 285 369 286
f 286 369 288
f 286 288 287
f 288 370 289
f 288 369 371
f 288 371 372
f 288 372 373
f 288 373 374
f 288 374 370
f 289 370 290
f 290 370 291
f 291 370 375
f 291 375 376
f 291 376 292
f 292 376 377
f 292 377 378
f 292 378 379
f 292 379 294
f 292 294 293
f 294 379 380
f 294 380 296
f 294 296 381
f 294 381 295
f 295 381 296
f 296 382 383
f 296 383 384
f 296 384 297
f 296 380 385
f 296 385 386
f 296 386 387
f 296 387 388
f 296 388 382
f 297 384 298
f 298 389 299
f 298 384 383
f 298 383 390
f 298 390 389
f 299 389 391
f 299 391 307
f 302 305 304
f 302 304 392
f 302 392 303
f 303 393 311
f 303 392 394
f 303 394 395
f 303 395 396
f 303 396 393
f 304 394 392
f 304 306 394
f 306 310 394
f 307 391 397
f 307 397 308
f 308 397 398
f 308 398 399
f 308 399 309
f 309 399 400
f 309 400 310
f 310 400 401
f 310 401 402
f 310 402 403
f 310 403 404
f 310 404 394
f 311 393 405
f 311 405 315
f 312 315 406
f 312 406 407
f 312 407 313
f 313 407 408
f 313 408 314
f 314 409 316
f 314 408 409
f 315 405 406
f 316 409 410
f 316 410 411
f 316 411 317
f 317 411 412
f 317 412 319
f 317 319 318
f 319 412 320
f 320 412 413
f 320 413 414
f 320 414 415
f 320 415 322
f 320 322 321
f 322 415 323
f 323 415 416
f 323 416 417
f 323 417 324
f 324 417 418
f 324 418 325
f 325 419 326
f 325 418 419
f 326 420 421
f 326 421 422
f 326 422 423
f 326 423 328
f 326 419 424
f 326 424 425
f 326 425 420
f 328 423 329
f 329 423 422
f 329 422 421
f 329 421 426
f 329 426 330
f 330 426 427
f 330 427 331
f 331 427 428
f 331 428 332
f 332 428 333
f 333 428 334
f 334 428 335
f 335 428 336
f 336 428 429
f 336 429 430
f 336 430 337
f 337 430 338
f 338 430 339
f 339 430 340
f 340 430 431
f 340 431 341
f 341 431 430
f 341 430 432
f 341 432 433
f 341 433 434
f 341 434 343
f 343 434 435
f 343 435 344
f 344 435 436
f 344 436 345
f 345 436 437
f 345 437 438
f 345 438 439
f 345 439 349
f 347 440 441
f 347 441 442
f 347 442 443
f 347 443 444
f 347 444 348
f 347 352 445
f 347 445 446
f 347 446 440
f 348 444 447
f 348 447 448
f 348 448 449
f 348 449 355
f 349 439 450
f 349 450 451
f 349 451 351
f 349 351 350
f 351 445 352
f 351 451 445
f 353 355 354
f 354 452 361
f 354 355 449
f 354 449 448
f 354 448 452
f 356 364 363
f 356 363 362
f 356 362 361
f 356 361 452
f 356 452 448
f 356 448 551
f 356 551 442
f 356 442 441
f 356 441 440
f 356 440 550
f 356 550 547
f 356 547 546
f 356 546 545
f 356 545 635
f 356 635 728
f 356 728 824
f 356 824 818
f 356 818 817
f 356 817 816
f 356 816 815
f 356 815 814
f 356 814 919
f 356 919 822
f 356 822 821
f 356 821 921
f 356 921 1038
f 356 1038 1147
f 356 1147 1146
f 356 1146 1145
f 356 1145 1280
f 356 1280 1427
f 356 1427 1560
f 356 1560 1672
f 356 1672 1785
f 356 1785 1912
f 356 1912 2045
f 356 2045 2197
f 356 2197 2343
f 356 2343 2484
f 356 2484 2629
f 356 2629 2786
f 356 2786 2788
f 356 2788 2935
f 356 2935 3082
f 356 3082 3248
f 356 3248 3406
f 356 3406 3577
f 356 3577 3731
f 356 3731 3888
f 356 3888 3890
f 356 3890 4032
f 356 4032 4031
f 356 4031 4030
f 356 4030 4141
f 356 4141 4140
f 356 4140 4139
f 356 4139 4218
f 356 4218 4314
f 356 4314 4391
f 356 4391 4474
f 356 4474 4537
f 356 4537 4536
f 356 4536 4535
f 356 4535 4534
f 356 4534 4531
f 356 4531 4530
f 356 4530 4529
f 356 4529 4528
f 356 4528 4574
f 356 4574 4578
f 356 4578 4571
f 356 4571 4603
f 356 4603 4602
f 356 4602 4601
f 356 4601 4607
f 356 4607 4620
f 356 4620 4628
f 356 4628 4629
f 356 4629 4623
f 356 4623 4622
f 356 4622 4621
f 356 4621 4608
f 356 4608 4580
f 356 4580 4541
f 356 4541 4478
f 356 4478 4394
f 356 4394 4317
f 356 4317 4229
f 356 4229 4227
f 356 4227 4226
f 356 4226 4224
f 356 4224 4146
f 356 4146 4039
f 356 4039 3902
f 356 3902 3901
f 356 3901 3743
f 356 3743 3892
f 356 3892 3891
f 356 3891 3736
f 356 3736 3584
f 356 3584 3416
f 356 3416 3415
f 356 3415 3413
f 356 3413 3258
f 356 3258 3257
f 356 3257 3092
f 356 3092 3086
f 356 3086 3085
f 356 3085 3084
f 356 3084 3083
f 356 3083 2936
f 356 2936 2790
f 356 2790 2796
f 356 2796 2789
f 356 2789 2634
f 356 2634 2491
f 356 2491 2490
f 356 2490 2489
f 356 2489 2351
f 356 2351 2488
f 356 2488 2345
f 356 2345 2199
f 356 2199 2049
f 356 2049 2047
f 356 2047 1917
f 356 1917 1792
f 356 1792 1793
f 356 1793 1788
f 356 1788 1673
f 356 1673 1563
f 356 1563 1562
f 356 1562 1561
f 356 1561 1433
f 356 1433 1430
f 356 1430 1429
f 356 1429 1428
f 356 1428 1284
f 356 1284 1283
f 356 1283 1151
f 356 1151 1150
f 356 1150 1149
f 356 1149 1045
f 356 1045 1044
f 356 1044 932
f 356 932 931
f 356 931 930
f 356 930 922
f 356 922 829
f 356 829 828
f 356 828 827
f 356 827 826
f 356 826 734
f 356 734 825
f 356 825 733
f 356 733 732
f 356 732 730
f 356 730 638
f 356 638 636
f 356 636 552
f 356 552 455
f 356 455 454
f 356 454 453
f 356 453 357
f 357 453 454
f 357 454 358
f 358 360 359
f 358 454 455
f 358 455 360
f 360 455 365
f 365 455 456
f 365 456 457
f 365 457 366
f 366 457 367
f 367 457 458
f 367 458 459
f 367 459 460
f 367 460 461
f 367 461 462
f 367 462 369
f 369 462 461
f 369 461 371
f 370 374 375
f 371 461 463
f 371 463 464
f 371 464 465
f 371 465 372
f 372 465 466
f 372 466 373
f 373 466 467
f 373 467 374
f 374 467 376
f 374 376 375
f 376 467 377
f 377 467 378
f 378 467 379
f 379 467 380
f 380 467 468
f 380 468 469
f 380 469 470
f 380 470 385
f 382 390 383
f 382 388 390
f 385 470 471
f 385 471 386
f 386 471 472
f 386 472 473
f 386 473 474
f 386 474 475
f 386 475 476
f 386 476 387
f 387 477 388
f 387 476 478
f 387 478 479
f 387 479 477
f 388 477 480
f 388 480 390
f 389 390 481
f 389 481 482
f 389 482 391
f 390 480 482
f 390 482 481
f 391 483 397
f 391 482 484
f 391 484 483
f 393 396 485
f 393 485 486
f 393 486 487
f 393 487 405
f 394 404 395
f 395 404 488
f 395 488 396
f 396 488 489
f 396 489 485
f 397 483 484
f 397 484 398
f 398 490 399
f 398 484 491
f 398 491 492
f 398 492 493
f 398 493 490
f 399 490 494
f 399 494 400
f 400 494 495
f 400 495 496
f 400 496 401
f 401 497 498
f 401 498 402
f 401 496 497
f 402 498 499
f 402 499 485
f 402 485 489
f 402 489 403
f 403 489 488
f 403 488 404
f 405 500 501
f 405 501 502
f 405 502 503
f 405 503 406
f 405 487 504
f 405 504 500
f 406 503 407
f 407 503 505
f 407 505 506
f 407 506 408
f 408 506 505
f 408 505 409
f 409 507 410
f 409 505 507
f 410 507 508
f 410 508 509
f 410 509 510
f 410 510 511
f 410 511 411
f 411 511 413
f 411 413 412
f 413 511 512
f 413 512 414
f 414 512 513
f 414 513 514
f 414 514 515
f 414 515 415
f 415 515 416
f 416 515 516
f 416 516 417
f 417 517 518
f 417 518 519
f 417 519 418
f 417 516 517
f 418 519 419
f 419 519 425
f 419 425 424
f 420 425 520
f 420 520 521
f 420 521 522
f 420 522 523
f 420 523 524
f 420 524 525
f 420 525 526
f 420 526 426
f 420 426 421
f 425 519 527
f 425 527 520
f 426 526 525
f 426 525 528
f 426 528 427
f 427 528 529
f 427 529 428
f 428 530 531
f 428 531 532
f 428 532 533
f 428 533 429
f 428 529 530
f 429 533 430
f 430 533 623
f 430 623 715
f 430 715 806
f 430 806 810
f 430 810 917
f 430 917 1036
f 430 1036 1035
f 430 1035 1141
f 430 1141 1276
f 430 1276 1418
f 430 1418 1425
f 430 1425 1424
f 430 1424 1423
f 430 1423 1422
f 430 1422 1558
f 430 1558 1557
f 430 1557 1556
f 430 1556 1670
f 430 1670 1669
f 430 1669 1783
f 430 1783 1782
f 430 1782 1911
f 430 1911 2044
f 430 2044 2043
f 430 2043 2042
f 430 2042 2196
f 430 2196 2342
f 430 2342 2341
f 430 2341 2340
f 430 2340 2483
f 430 2483 2482
f 430 2482 2481
f 430 2481 2480
f 430 2480 2628
f 430 2628 2627
f 430 2627 2626
f 430 2626 2785
f 430 2785 2784
f 430 2784 2928
f 430 2928 3077
f 430 3077 3238
f 430 3238 3237
f 430 3237 3398
f 430 3398 3570
f 430 3570 3725
f 430 3725 3882
f 430 3882 4020
f 430 4020 4131
f 430 4131 4210
f 430 4210 4303
f 430 4303 4386
f 430 4386 4465
f 430 4465 4471
f 430 4471 4470
f 430 4470 4390
f 430 4390 4313
f 430 4313 4217
f 430 4217 4138
f 430 4138 4029
f 430 4029 3889
f 430 3889 3732
f 430 3732 3578
f 430 3578 3408
f 430 3408 3407
f 430 3407 3405
f 430 3405 3247
f 430 3247 3081
f 430 3081 2934
f 430 2934 2787
f 430 2787 2633
f 430 2633 2632
f 430 2632 2631
f 430 2631 2630
f 430 2630 2487
f 430 2487 2486
f 430 2486 2485
f 430 2485 2344
f 430 2344 2198
f 430 2198 2046
f 430 2046 1913
f 430 1913 1787
f 430 1787 1786
f 430 1786 1784
f 430 1784 1671
f 430 1671 1559
f 430 1559 1426
f 430 1426 1279
f 430 1279 1144
f 430 1144 1037
f 430 1037 920
f 430 920 820
f 430 820 723
f 430 723 722
f 430 722 718
f 430 718 624
f 430 624 534
f 430 534 432
f 432 534 535
f 432 535 536
f 432 536 537
f 432 537 433
f 433 537 538
f 433 538 434
f 434 538 435
f 435 538 539
f 435 539 436
f 436 540 437
f 436 539 541
f 436 541 542
f 436 542 540
f 437 540 438
f 438 543 439
f 438 540 543
f 439 544 545
f 439 545 546
f 439 546 547
f 439 547 450
f 439 543 544
f 440 446 445
f 440 445 548
f 440 548 549
f 440 549 550
f 442 551 443
f 443 551 444
f 444 551 447
f 445 451 548
f 447 551 448
f 450 547 550
f 450 550 451
f 451 550 549
f 451 549 548
f 455 552 456
f 456 553 457
f 456 552 553
f 457 554 458
f 457 553 554
f 458 554 555
f 458 555 459
f 459 555 556
f 459 556 557
f 459 557 460
f 460 558 461
f 460 557 559
f 460 559 558
f 461 558 559
f 461 559 464
f 461 464 463
f 464 557 560
f 464 560 465
f 464 559 557
f 465 560 561
f 465 561 562
f 465 562 466
f 466 562 563
f 466 563 467
f 467 563 564
f 467 564 565
f 467 565 566
f 467 566 567
f 467 567 568
f 467 568 468
f 468 568 469
f 469 568 569
f 469 569 470
f 470 472 471
f 470 569 570
f 470 570 571
f 470 571 572
f 470 572 472
f 472 572 573
f 472 573 473
f 473 573 474
f 474 573 574
f 474 574 475
f 475 574 575
f 475 575 576
f 475 576 577
f 475 577 476
f 476 577 578
f 476 578 478
f 477 479 579
f 477 579 580
f 477 580 581
f 477 581 480
f 478 578 479
f 479 578 577
f 479 577 576
f 479 576 575
f 479 575 582
f 479 582 579
f 480 583 491
f 480 491 484
f 480 484 482
f 480 581 584
f 480 584 583
f 485 499 498
f 485 498 585
f 485 585 486
f 486 585 586
f 486 586 487
f 487 586 587
f 487 587 588
f 487 588 504
f 490 493 589
f 490 589 494
f 491 583 492
f 492 583 590
f 492 590 493
f 493 591 592
f 493 592 589
f 493 590 584
f 493 584 591
f 494 589 592
f 494 592 591
f 494 591 593
f 494 593 594
f 494 594 595
f 494 595 495
f 495 595 496
f 496 595 596
f 496 596 597
f 496 597 497
f 497 598 585
f 497 585 498
f 497 597 598
f 500 504 599
f 500 599 502
f 500 502 501
f 502 599 600
f 502 600 505
f 502 505 503
f 504 588 601
f 504 601 602
f 504 602 599
f 505 600 507
f 507 603 604
f 507 604 508
f 507 600 603
f 508 604 509
f 509 605 513
f 509 513 510
f 509 604 605
f 510 513 512
f 510 512 511
f 513 605 606
f 513 606 514
f 514 606 607
f 514 607 608
f 514 608 609
f 514 609 515
f 515 609 610
f 515 610 516
f 516 610 517
f 517 610 611
f 517 611 612
f 517 612 613
f 517 613 518
f 518 613 519
f 519 613 527
f 520 527 612
f 520 612 521
f 521 614 615
f 521 615 522
f 521 612 616
f 521 616 614
f 522 615 617
f 522 617 524
f 522 524 523
f 524 617 618
f 524 618 530
f 524 530 525
f 525 530 619
f 525 619 528
f 527 613 612
f 528 619 530
f 528 530 529
f 530 620 532
f 530 532 531
f 530 618 621
f 530 621 620
f 532 620 622
f 532 622 623
f 532 623 533
f 534 624 625
f 534 625 626
f 534 626 535
f 535 626 625
f 535 625 627
f 535 627 628
f 535 628 629
f 535 629 537
f 535 537 536
f 537 629 538
f 538 541 539
f 538 629 541
f 540 630 543
f 540 542 631
f 540 631 630
f 541 632 542
f 541 629 628
f 541 628 632
f 542 632 631
f 543 630 631
f 543 631 633
f 543 633 634
f 543 634 544
f 544 635 545
f 544 634 635
f 552 636 553
f 553 637 554
f 553 636 638
f 553 638 637
f 554 637 639
f 554 639 640
f 554 640 641
f 554 641 642
f 554 642 555
f 555 642 643
f 555 643 644
f 555 644 645
f 555 645 556
f 556 645 646
f 556 646 557
f 557 646 560
f 560 646 561
f 561 647 648
f 561 648 562
f 561 646 647
f 562 648 563
f 563 648 564
f 564 648 565
f 565 649 650
f 565 650 651
f 565 651 566
f 565 648 649
f 566 651 567
f 567 569 568
f 567 651 652
f 567 652 653
f 567 653 654
f 567 654 570
f 567 570 569
f 570 654 655
f 570 655 572
f 570 572 571
f 572 655 656
f 572 656 657
f 572 657 658
f 572 658 573
f 573 658 574
f 574 658 659
f 574 659 660
f 574 660 575
f 575 660 661
f 575 661 662
f 575 662 663
f 575 663 664
f 575 664 582
f 579 582 580
f 580 582 664
f 580 664 663
f 580 663 665
f 580 665 581
f 581 665 666
f 581 666 667
f 581 667 668
f 581 668 669
f 581 669 584
f 583 584 590
f 584 670 671
f 584 671 591
f 584 669 672
f 584 672 673
f 584 673 674
f 584 674 670
f 585 598 586
f 586 598 675
f 586 675 676
f 586 676 677
f 586 677 587
f 587 678 588
f 587 677 678
f 588 679 680
f 588 680 681
f 588 681 601
f 588 678 682
f 588 682 683
f 588 683 679
f 591 671 593
f 593 671 684
f 593 684 594
f 594 684 595
f 595 684 685
f 595 685 686
f 595 686 687
f 595 687 688
f 595 688 689
f 595 689 596
f 596 690 597
f 596 689 691
f 596 691 692
f 596 692 690
f 597 690 693
f 597 693 694
f 597 694 695
f 597 695 677
f 597 677 676
f 597 676 675
f 597 675 598
f 599 602 696
f 599 696 697
f 599 697 600
f 600 697 698
f 600 698 603
f 601 681 696
f 601 696 602
f 603 699 700
f 603 700 701
f 603 701 604
f 603 698 699
f 604 701 605
f 605 702 606
f 605 701 703
f 605 703 702
f 606 702 704
f 606 704 705
f 606 705 607
f 607 705 706
f 607 706 608
f 608 706 707
f 608 707 610
f 608 610 609
f 610 707 708
f 610 708 611
f 611 709 710
f 611 710 616
f 611 616 612
f 611 708 709
f 614 711 615
f 614 616 712
f 614 712 711
f 615 713 617
f 615 711 713
f 616 710 712
f 617 714 618
f 617 713 714
f 618 714 621
f 620 715 622
f 620 621 716
f 620 716 717
f 620 717 715
f 621 714 716
f 622 715 623
f 624 718 625
f 625 719 720
f 625 720 721
f 625 721 628
f 625 628 627
f 625 718 722
f 625 722 723
f 625 723 719
f 628 721 720
f 628 720 724
f 628 724 725
f 628 725 726
f 628 726 727
f 628 727 632
f 631 632 727
f 631 727 633
f 633 727 634
f 634 727 635
f 635 727 728
f 637 729 639
f 637 638 730
f 637 730 729
f 639 731 642
f 639 642 641
f 639 641 640
f 639 729 730
f 639 730 732
f 639 732 733
f 639 733 731
f 642 731 643
f 643 731 734
f 643 734 735
f 643 735 736
f 643 736 737
f 643 737 645
f 643 645 644
f 645 737 738
f 645 738 647
f 645 647 646
f 647 739 740
f 647 740 741
f 647 741 742
f 647 742 648
f 647 738 743
f 647 743 739
f 648 742 744
f 648 744 649
f 649 744 745
f 649 745 651
f 649 651 650
f 651 745 652
f 652 746 747
f 652 747 748
f 652 748 749
f 652 749 653
f 652 745 746
f 653 749 654
f 654 749 655
f 655 750 656
f 655 749 750
f 656 750 751
f 656 751 752
f 656 752 753
f 656 753 657
f 657 753 754
f 657 754 658
f 658 754 755
f 658 755 756
f 658 756 659
f 659 756 757
f 659 757 660
f 660 757 758
f 660 758 661
f 661 758 759
f 661 759 760
f 661 760 667
f 661 667 662
f 662 667 666
f 662 666 665
f 662 665 663
f 667 760 668
f 668 760 761
f 668 761 672
f 668 672 669
f 670 674 762
f 670 762 684
f 670 684 671
f 672 761 763
f 672 763 673
f 673 763 764
f 673 764 765
f 673 765 674
f 674 766 767
f 674 767 768
f 674 768 769
f 674 769 770
f 674 770 762
f 674 765 771
f 674 771 772
f 674 772 766
f 677 695 773
f 677 773 774
f 677 774 678
f 678 774 775
f 678 775 682
f 679 683 776
f 679 776 777
f 679 777 778
f 679 778 779
f 679 779 680
f 680 779 681
f 681 779 696
f 682 775 683
f 683 775 780
f 683 780 776
f 684 762 685
f 685 762 686
f 686 762 781
f 686 781 688
f 686 688 687
f 688 782 783
f 688 783 689
f 688 781 770
f 688 770 782
f 689 783 784
f 689 784 691
f 690 692 785
f 690 785 693
f 691 784 692
f 692 784 786
f 692 786 785
f 693 787 773
f 693 773 695
f 693 695 694
f 693 785 787
f 696 779 788
f 696 788 697
f 697 788 698
f 698 789 700
f 698 700 699
f 698 788 790
f 698 790 789
f 700 789 791
f 700 791 792
f 700 792 703
f 700 703 701
f 702 793 704
f 702 703 792
f 702 792 793
f 704 794 795
f 704 795 705
f 704 793 794
f 705 795 706
f 706 795 796
f 706 796 707
f 707 796 797
f 707 797 798
f 707 798 799
f 707 799 800
f 707 800 709
f 707 709 708
f 709 800 801
f 709 801 710
f 710 801 802
f 710 802 712
f 711 803 804
f 711 804 713
f 711 712 803
f 712 802 803
f 713 804 805
f 713 805 714
f 714 805 716
f 715 717 806
f 716 805 807
f 716 807 808
f 716 808 717
f 717 808 809
f 717 809 810
f 717 810 806
f 719 723 811
f 719 811 812
f 719 812 720
f 720 813 814
f 720 814 815
f 720 815 816
f 720 816 817
f 720 817 818
f 720 818 819
f 720 819 724
f 720 812 813
f 723 820 821
f 723 821 822
f 723 822 811
f 724 823 725
f 724 819 823
f 725 823 824
f 725 824 726
f 726 824 727
f 727 824 728
f 731 733 825
f 731 825 734
f 734 826 736
f 734 736 735
f 736 738 737
f 736 826 827
f 736 827 828
f 736 828 829
f 736 829 738
f 738 830 831
f 738 831 832
f 738 832 739
f 738 739 743
f 738 829 833
f 738 833 834
f 738 834 835
f 738 835 836
f 738 836 837
f 738 837 830
f 739 832 838
f 739 838 740
f 740 838 741
f 741 838 831
f 741 831 839
f 741 839 840
f 741 840 841
f 741 841 742
f 742 841 744
f 744 841 745
f 745 841 842
f 745 842 843
f 745 843 746
f 746 844 845
f 746 845 747
f 746 843 844
f 747 845 846
f 747 846 748
f 748 847 848
f 748 848 751
f 748 751 750
f 748 750 749
f 748 846 847
f 751 848 849
f 751 849 850
f 751 850 851
f 751 851 752
f 752 851 852
f 752 852 753
f 753 853 754
f 753 852 854
f 753 854 853
f 754 853 855
f 754 855 755
f 755 855 856
f 755 856 756
f 756 856 757
f 757 856 857
f 757 857 858
f 757 858 758
f 758 858 859
f 758 859 759
f 759 860 764
f 759 764 760
f 759 859 861
f 759 861 862
f 759 862 860
f 760 764 863
f 760 863 761
f 761 863 763
f 762 770 781
f 763 863 764
f 764 860 765
f 765 860 862
f 765 862 772
f 765 772 771
f 766 772 864
f 766 864 865
f 766 865 767
f 767 865 866
f 767 866 867
f 767 867 768
f 768 867 868
f 768 868 769
f 769 869 870
f 769 870 770
f 769 868 869
f 770 870 782
f 772 871 864
f 772 862 872
f 772 872 873
f 772 873 871
f 773 787 774
f 774 874 875
f 774 875 775
f 774 787 874
f 775 875 876
f 775 876 877
f 775 877 780
f 776 878 879
f 776 879 777
f 776 780 878
f 777 879 778
f 778 879 880
f 778 880 881
f 778 881 788
f 778 788 779
f 780 877 882
f 780 882 883
f 780 883 878
f 782 884 784
f 782 784 783
f 782 870 884
f 784 885 886
f 784 886 887
f 784 887 888
f 784 888 889
f 784 889 786
f 784 884 870
f 784 870 890
f 784 890 885
f 785 786 889
f 785 889 891
f 785 891 892
f 785 892 893
f 785 893 874
f 785 874 787
f 788 881 790
f 789 790 894
f 789 894 791
f 790 881 894
f 791 895 792
f 791 894 895
f 792 895 896
f 792 896 897
f 792 897 793
f 793 898 899
f 793 899 794
f 793 897 898
f 794 899 795
f 795 899 900
f 795 900 901
f 795 901 796
f 796 901 797
f 797 901 900
f 797 900 902
f 797 902 903
f 797 903 798
f 798 903 904
f 798 904 905
f 798 905 799
f 799 905 906
f 799 906 800
f 800 906 801
f 801 906 802
f 802 906 907
f 802 907 803
f 803 908 909
f 803 909 804
f 803 907 908
f 804 909 910
f 804 910 805
f 805 910 807
f 807 911 912
f 807 912 808
f 807 910 911
f 808 912 809
f 809 912 913
f 809 913 914
f 809 914 915
f 809 915 810
f 810 915 916
f 810 916 917
f 811 822 918
f 811 918 812
f 812 918 814
f 812 814 813
f 814 918 919
f 818 824 823
f 818 823 819
f 820 920 921
f 820 921 821
f 822 919 918
f 829 922 833
f 830 837 831
f 831 837 923
f 831 923 924
f 831 924 925
f 831 925 926
f 831 926 844
f 831 844 927
f 831 927 839
f 831 838 832
f 833 928 929
f 833 929 834
f 833 922 930
f 833 930 931
f 833 931 932
f 833 932 928
f 834 929 835
f 835 933 924
f 835 924 836
f 835 929 928
f 835 928 933
f 836 924 837
f 837 924 923
f 839 927 840
f 840 927 844
f 840 844 843
f 840 843 842
f 840 842 841
f 844 934 935
f 844 935 936
f 844 936 846
f 844 846 845
f 844 926 934
f 846 936 937
f 846 937 938
f 846 938 939
f 846 939 940
f 846 940 941
f 846 941 847
f 847 941 942
f 847 942 848
f 848 942 943
f 848 943 850
f 848 850 849
f 850 943 944
f 850 944 945
f 850 945 851
f 851 945 852
f 852 945 946
f 852 946 854
f 853 854 947
f 853 947 948
f 853 948 855
f 854 946 948
f 854 948 947
f 855 948 949
f 855 949 950
f 855 950 951
f 855 951 856
f 856 951 950
f 856 950 952
f 856 952 857
f 857 953 858
f 857 952 954
f 857 954 955
f 857 955 953
f 858 953 956
f 858 956 859
f 859 956 957
f 859 957 958
f 859 958 861
f 861 958 862
f 862 958 872
f 864 871 959
f 864 959 865
f 865 959 960
f 865 960 866
f 866 961 867
f 866 960 962
f 866 962 963
f 866 963 961
f 867 961 964
f 867 964 965
f 867 965 868
f 868 965 869
f 869 965 966
f 869 966 890
f 869 890 870
f 871 967 960
f 871 960 959
f 871 873 967
f 872 958 968
f 872 968 969
f 872 969 873
f 873 969 970
f 873 970 971
f 873 971 972
f 873 972 973
f 873 973 974
f 873 974 967
f 874 893 875
f 875 877 876
f 875 893 892
f 875 892 975
f 875 975 976
f 875 976 977
f 875 977 978
f 875 978 877
f 877 979 980
f 877 980 981
f 877 981 982
f 877 982 983
f 877 983 984
f 877 984 985
f 877 985 882
f 877 978 986
f 877 986 987
f 877 987 988
f 877 988 979
f 878 883 989
f 878 989 879
f 879 990 880
f 879 989 990
f 880 990 991
f 880 991 992
f 880 992 881
f 881 992 894
f 882 993 994
f 882 994 995
f 882 995 883
f 882 985 993
f 883 995 989
f 885 890 996
f 885 996 886
f 886 996 966
f 886 966 965
f 886 965 997
f 886 997 998
f 886 998 887
f 887 998 888
f 888 998 889
f 889 999 1000
f 889 1000 1001
f 889 1001 980
f 889 980 1002
f 889 1002 891
f 889 998 965
f 889 965 1003
f 889 1003 1004
f 889 1004 999
f 890 966 996
f 891 977 892
f 891 1002 977
f 892 976 975
f 892 977 976
f 894 992 1005
f 894 1005 895
f 895 1005 896
f 896 1005 1006
f 896 1006 1007
f 896 1007 1008
f 896 1008 1009
f 896 1009 1010
f 896 1010 1011
f 896 1011 1012
f 896 1012 897
f 897 1012 898
f 898 1013 1014
f 898 1014 899
f 898 1012 1013
f 899 1014 900
f 900 1015 902
f 900 1014 1016
f 900 1016 1017
f 900 1017 1015
f 902 1015 1018
f 902 1018 903
f 903 1018 904
f 904 1018 1019
f 904 1019 1020
f 904 1020 1021
f 904 1021 905
f 905 1021 1022
f 905 1022 906
f 906 1022 907
f 907 1022 908
f 908 1022 1023
f 908 1023 909
f 909 1024 1025
f 909 1025 910
f 909 1023 1026
f 909 1026 1027
f 909 1027 1024
f 910 1025 911
f 911 1025 1028
f 911 1028 912
f 912 1029 913
f 912 1028 1030
f 912 1030 1029
f 913 1029 1031
f 913 1031 914
f 914 1031 1032
f 914 1032 915
f 915 1032 916
f 916 1032 1033
f 916 1033 1034
f 916 1034 1035
f 916 1035 1036
f 916 1036 917
f 920 1037 1038
f 920 1038 921
f 924 1039 1040
f 924 1040 1041
f 924 1041 1042
f 924 1042 1043
f 924 1043 925
f 924 933 1044
f 924 1044 1045
f 924 1045 1039
f 925 1043 1046
f 925 1046 934
f 925 934 926
f 928 932 933
f 932 1044 933
f 934 1046 1047
f 934 1047 1048
f 934 1048 1049
f 934 1049 1050
f 934 1050 1051
f 934 1051 935
f 935 1051 937
f 935 937 936
f 937 1051 1052
f 937 1052 1053
f 937 1053 938
f 938 1053 939
f 939 1053 1054
f 939 1054 940
f 940 1054 1055
f 940 1055 942
f 940 942 941
f 942 1055 1056
f 942 1056 944
f 942 944 943
f 944 1056 1057
f 944 1057 945
f 945 1057 1058
f 945 1058 946
f 946 1058 1059
f 946 1059 948
f 948 1059 1060
f 948 1060 1061
f 948 1061 1062
f 948 1062 949
f 949 1062 1063
f 949 1063 1064
f 949 1064 950
f 950 1064 952
f 952 1064 1065
f 952 1065 1066
f 952 1066 954
f 953 955 1067
f 953 1067 956
f 954 1066 955
f 955 1066 1065
f 955 1065 1068
f 955 1068 1069
f 955 1069 1067
f 956 1067 1069
f 956 1069 1068
f 956 1068 1070
f 956 1070 1071
f 956 1071 1072
f 956 1072 957
f 957 1072 1073
f 957 1073 958
f 958 1073 968
f 960 967 962
f 961 963 1074
f 961 1074 1075
f 961 1075 964
f 962 1074 963
f 962 967 974
f 962 974 973
f 962 973 1074
f 964 1076 1077
f 964 1077 965
f 964 1075 1078
f 964 1078 1079
f 964 1079 1076
f 965 1077 1080
f 965 1080 1003
f 965 998 997
f 968 1073 1081
f 968 1081 1082
f 968 1082 1083
f 968 1083 970
f 968 970 969
f 970 1083 1084
f 970 1084 1085
f 970 1085 1086
f 970 1086 971
f 971 1087 972
f 971 1086 1088
f 971 1088 1087
f 972 1087 973
f 973 1087 1089
f 973 1089 1090
f 973 1090 1091
f 973 1091 1092
f 973 1092 1093
f 973 1093 1074
f 977 1002 988
f 977 988 987
f 977 987 986
f 977 986 978
f 979 988 980
f 980 1001 1094
f 980 1094 1095
f 980 1095 1096
f 980 1096 1097
f 980 1097 1098
f 980 1098 1099
f 980 1099 1100
f 980 1100 982
f 980 982 981
f 980 988 1002
f 982 1100 1101
f 982 1101 1102
f 982 1102 1103
f 982 1103 983
f 983 1103 984
f 984 1104 985
f 984 1103 1105
f 984 1105 1104
f 985 1104 1106
f 985 1106 993
f 989 995 994
f 989 994 1107
f 989 1107 990
f 990 1107 1108
f 990 1108 991
f 991 1007 1109
f 991 1109 1005
f 991 1005 992
f 991 1108 1110
f 991 1110 1007
f 993 1106 1111
f 993 1111 994
f 994 1112 1107
f 994 1111 1112
f 999 1094 1000
f 999 1004 1080
f 999 1080 1094
f 1000 1094 1001
f 1003 1080 1113
f 1003 1113 1004
f 1004 1113 1080
f 1005 1109 1006
f 1006 1109 1007
f 1007 1110 1008
f 1008 1110 1114
f 1008 1114 1115
f 1008 1115 1010
f 1008 1010 1009
f 1010 1116 1117
f 1010 1117 1011
f 1010 1115 1116
f 1011 1117 1118
f 1011 1118 1119
f 1011 1119 1012
f 1012 1119 1013
f 1013 1119 1014
f 1014 1119 1016
f 1015 1120 1121
f 1015 1121 1018
f 1015 1017 1120
f 1016 1119 1118
f 1016 1118 1017
f 1017 1122 1120
f 1017 1118 1123
f 1017 1123 1122
f 1018 1121 1019
f 1019 1124 1125
f 1019 1125 1126
f 1019 1126 1127
f 1019 1127 1020
f 1019 1121 1128
f 1019 1128 1129
f 1019 1129 1124
f 1020 1127 1021
f 1021 1127 1130
f 1021 1130 1022
f 1022 1130 1131
f 1022 1131 1023
f 1023 1131 1027
f 1023 1027 1026
f 1024 1132 1133
f 1024 1133 1028
f 1024 1028 1025
f 1024 1027 1131
f 1024 1131 1134
f 1024 1134 1132
f 1028 1133 1132
f 1028 1132 1135
f 1028 1135 1136
f 1028 1136 1030
f 1029 1030 1136
f 1029 1136 1137
f 1029 1137 1138
f 1029 1138 1033
f 1029 1033 1031
f 1031 1033 1032
f 1033 1139 1034
f 1033 1138 1140
f 1033 1140 1139
f 1034 1139 1035
f 1035 1139 1142
f 1035 1142 1143
f 1035 1143 1141
f 1037 1144 1145
f 1037 1145 1146
f 1037 1146 1147
f 1037 1147 1038
f 1039 1045 1040
f 1040 1148 1041
f 1040 1045 1149
f 1040 1149 1150
f 1040 1150 1151
f 1040 1151 1148
f 1041 1148 1152
f 1041 1152 1153
f 1041 1153 1042
f 1042 1153 1154
f 1042 1154 1043
f 1043 1154 1155
f 1043 1155 1046
f 1046 1156 1047
f 1046 1155 1156
f 1047 1156 1157
f 1047 1157 1048
f 1048 1157 1158
f 1048 1158 1159
f 1048 1159 1160
f 1048 1160 1161
f 1048 1161 1162
f 1048 1162 1049
f 1049 1162 1050
f 1050 1052 1051
f 1050 1162 1163
f 1050 1163 1052
f 1052 1163 1164
f 1052 1164 1054
f 1052 1054 1053
f 1054 1164 1055
f 1055 1165 1166
f 1055 1166 1167
f 1055 1167 1168
f 1055 1168 1169
f 1055 1169 1056
f 1055 1164 1163
f 1055 1163 1161
f 1055 1161 1170
f 1055 1170 1165
f 1056 1169 1058
f 1056 1058 1057
f 1058 1171 1059
f 1058 1169 1171
f 1059 1171 1172
f 1059 1172 1060
f 1060 1173 1061
f 1060 1172 1173
f 1061 1173 1174
f 1061 1174 1175
f 1061 1175 1176
f 1061 1176 1177
f 1061 1177 1062
f 1062 1177 1178
f 1062 1178 1179
f 1062 1179 1180
f 1062 1180 1063
f 1063 1180 1179
f 1063 1179 1181
f 1063 1181 1182
f 1063 1182 1183
f 1063 1183 1064
f 1064 1183 1184
f 1064 1184 1065
f 1065 1184 1185
f 1065 1185 1070
f 1065 1070 1068
f 1070 1185 1186
f 1070 1186 1187
f 1070 1187 1071
f 1071 1187 1188
f 1071 1188 1189
f 1071 1189 1190
f 1071 1190 1191
f 1071 1191 1072
f 1072 1191 1192
f 1072 1192 1073
f 1073 1192 1081
f 1074 1093 1193
f 1074 1193 1075
f 1075 1193 1194
f 1075 1194 1078
f 1076 1195 1080
f 1076 1080 1077
f 1076 1079 1196
f 1076 1196 1195
f 1078 1194 1079
f 1079 1194 1197
f 1079 1197 1196
f 1080 1195 1198
f 1080 1198 1199
f 1080 1199 1200
f 1080 1200 1096
f 1080 1096 1094
f 1081 1192 1082
f 1082 1201 1202
f 1082 1202 1203
f 1082 1203 1083
f 1082 1192 1204
f 1082 1204 1205
f 1082 1205 1201
f 1083 1206 1085
f 1083 1085 1084
f 1083 1203 1206
f 1085 1206 1202
f 1085 1202 1201
f 1085 1201 1207
f 1085 1207 1086
f 1086 1208 1209
f 1086 1209 1210
f 1086 1210 1211
f 1086 1211 1212
f 1086 1212 1213
f 1086 1213 1214
f 1086 1214 1215
f 1086 1215 1088
f 1086 1207 1208
f 1087 1216 1090
f 1087 1090 1089
f 1087 1088 1215
f 1087 1215 1217
f 1087 1217 1218
f 1087 1218 1216
f 1090 1216 1091
f 1091 1219 1220
f 1091 1220 1221
f 1091 1221 1222
f 1091 1222 1223
f 1091 1223 1196
f 1091 1196 1194
f 1091 1194 1193
f 1091 1193 1092
f 1091 1216 1224
f 1091 1224 1225
f 1091 1225 1226
f 1091 1226 1227
f 1091 1227 1219
f 1092 1193 1093
f 1094 1096 1095
f 1096 1200 1228
f 1096 1228 1097
f 1097 1229 1098
f 1097 1228 1199
f 1097 1199 1229
f 1098 1229 1099
f 1099 1230 1100
f 1099 1229 1231
f 1099 1231 1230
f 1100 1230 1101
f 1101 1230 1102
f 1102 1230 1103
f 1103 1230 1232
f 1103 1232 1105
f 1104 1105 1233
f 1104 1233 1234
f 1104 1234 1235
f 1104 1235 1236
f 1104 1236 1106
f 1105 1232 1237
f 1105 1237 1238
f 1105 1238 1233
f 1106 1236 1111
f 1107 1112 1108
f 1108 1112 1239
f 1108 1239 1240
f 1108 1240 1110
f 1110 1240 1114
f 1111 1236 1112
f 1112 1236 1241
f 1112 1241 1242
f 1112 1242 1243
f 1112 1243 1239
f 1114 1240 1115
f 1115 1240 1244
f 1115 1244 1245
f 1115 1245 1246
f 1115 1246 1116
f 1116 1247 1248
f 1116 1248 1117
f 1116 1246 1247
f 1117 1248 1123
f 1117 1123 1118
f 1120 1122 1249
f 1120 1249 1121
f 1121 1249 1128
f 1122 1250 1251
f 1122 1251 1249
f 1122 1123 1252
f 1122 1252 1250
f 1123 1248 1253
f 1123 1253 1252
f 1124 1129 1254
f 1124 1254 1255
f 1124 1255 1256
f 1124 1256 1125
f 1125 1256 1126
f 1126 1256 1257
f 1126 1257 1258
f 1126 1258 1127
f 1127 1258 1130
f 1128 1249 1251
f 1128 1251 1129
f 1129 1251 1259
f 1129 1259 1254
f 1130 1258 1131
f 1131 1258 1260
f 1131 1260 1261
f 1131 1261 1262
f 1131 1262 1263
f 1131 1263 1132
f 1131 1132 1134
f 1132 1263 1264
f 1132 1264 1265
f 1132 1265 1135
f 1135 1266 1267
f 1135 1267 1137
f 1135 1137 1136
f 1135 1265 1266
f 1137 1267 1138
f 1138 1267 1140
f 1139 1143 1142
f 1139 1140 1268
f 1139 1268 1269
f 1139 1269 1270
f 1139 1270 1271
f 1139 1271 1272
f 1139 1272 1273
f 1139 1273 1274
f 1139 1274 1143
f 1140 1269 1268
f 1140 1267 1266
f 1140 1266 1275
f 1140 1275 1269
f 1141 1143 1276
f 1143 1277 1276
f 1143 1274 1278
f 1143 1278 1277
f 1144 1279 1280
f 1144 1280 1145
f 1148 1281 1282
f 1148 1282 1152
f 1148 1151 1283
f 1148 1283 1284
f 1148 1284 1285
f 1148 1285 1286
f 1148 1286 1287
f 1148 1287 1281
f 1152 1282 1153
f 1153 1282 1287
f 1153 1287 1288
f 1153 1288 1154
f 1154 1288 1286
f 1154 1286 1289
f 1154 1289 1290
f 1154 1290 1291
f 1154 1291 1158
f 1154 1158 1155
f 1155 1158 1156
f 1156 1158 1157
f 1158 1291 1159
f 1159 1291 1290
f 1159 1290 1160
f 1160 1290 1286
f 1160 1286 1292
f 1160 1292 1293
f 1160 1293 1170
f 1160 1170 1161
f 1161 1163 1162
f 1165 1167 1166
f 1165 1170 1294
f 1165 1294 1295
f 1165 1295 1296
f 1165 1296 1297
f 1165 1297 1298
f 1165 1298 1167
f 1167 1298 1299
f 1167 1299 1300
f 1167 1300 1301
f 1167 1301 1168
f 1168 1301 1169
f 1169 1301 1302
f 1169 1302 1171
f 1170 1293 1303
f 1170 1303 1295
f 1170 1295 1294
f 1171 1304 1172
f 1171 1302 1304
f 1172 1304 1305
f 1172 1305 1306
f 1172 1306 1307
f 1172 1307 1174
f 1172 1174 1173
f 1174 1307 1308
f 1174 1308 1176
f 1174 1176 1175
f 1176 1308 1309
f 1176 1309 1310
f 1176 1310 1177
f 1177 1310 1178
f 1178 1310 1311
f 1178 1311 1179
f 1179 1311 1312
f 1179 1312 1313
f 1179 1313 1181
f 1181 1313 1312
f 1181 1312 1314
f 1181 1314 1182
f 1182 1314 1315
f 1182 1315 1316
f 1182 1316 1317
f 1182 1317 1183
f 1183 1317 1184
f 1184 1317 1318
f 1184 1318 1185
f 1185 1318 1319
f 1185 1319 1320
f 1185 1320 1186
f 1186 1320 1204
f 1186 1204 1187
f 1187 1204 1189
f 1187 1189 1188
f 1189 1204 1190
f 1190 1204 1192
f 1190 1192 1191
f 1194 1196 1197
f 1195 1196 1321
f 1195 1321 1198
f 1196 1223 1322
f 1196 1322 1321
f 1198 1321 1199
f 1199 1323 1324
f 1199 1324 1325
f 1199 1325 1229
f 1199 1228 1326
f 1199 1326 1200
f 1199 1321 1327
f 1199 1327 1328
f 1199 1328 1329
f 1199 1329 1330
f 1199 1330 1323
f 1200 1326 1228
f 1201 1205 1331
f 1201 1331 1207
f 1202 1206 1203
f 1204 1320 1205
f 1205 1320 1332
f 1205 1332 1333
f 1205 1333 1208
f 1205 1208 1331
f 1207 1331 1208
f 1208 1333 1209
f 1209 1333 1334
f 1209 1334 1335
f 1209 1335 1336
f 1209 1336 1210
f 1210 1336 1337
f 1210 1337 1338
f 1210 1338 1339
f 1210 1339 1211
f 1211 1339 1340
f 1211 1340 1341
f 1211 1341 1212
f 1212 1341 1213
f 1213 1342 1343
f 1213 1343 1344
f 1213 1344 1214
f 1213 1341 1345
f 1213 1345 1346
f 1213 1346 1342
f 1214 1344 1217
f 1214 1217 1215
f 1216 1218 1224
f 1217 1344 1347
f 1217 1347 1218
f 1218 1347 1224
f 1219 1227 1348
f 1219 1348 1349
f 1219 1349 1350
f 1219 1350 1351
f 1219 1351 1352
f 1219 1352 1353
f 1219 1353 1354
f 1219 1354 1355
f 1219 1355 1356
f 1219 1356 1221
f 1219 1221 1357
f 1219 1357 1220
f 1220 1357 1221
f 1221 1356 1358
f 1221 1358 1328
f 1221 1328 1359
f 1221 1359 1360
f 1221 1360 1361
f 1221 1361 1223
f 1221 1223 1222
f 1223 1361 1322
f 1224 1347 1225
f 1225 1347 1343
f 1225 1343 1362
f 1225 1362 1363
f 1225 1363 1364
f 1225 1364 1365
f 1225 1365 1366
f 1225 1366 1226
f 1226 1349 1227
f 1226 1366 1367
f 1226 1367 1349
f 1227 1349 1348
f 1229 1368 1231
f 1229 1325 1324
f 1229 1324 1368
f 1230 1369 1370
f 1230 1370 1232
f 1230 1231 1371
f 1230 1371 1372
f 1230 1372 1373
f 1230 1373 1369
f 1231 1368 1371
f 1232 1370 1238
f 1232 1238 1237
f 1233 1374 1234
f 1233 1238 1374
f 1234 1375 1376
f 1234 1376 1377
f 1234 1377 1378
f 1234 1378 1235
f 1234 1374 1379
f 1234 1379 1375
f 1235 1378 1380
f 1235 1380 1236
f 1236 1380 1381
f 1236 1381 1243
f 1236 1243 1241
f 1238 1370 1382
f 1238 1382 1383
f 1238 1383 1384
f 1238 1384 1374
f 1239 1243 1385
f 1239 1385 1240
f 1240 1385 1244
f 1241 1243 1242
f 1243 1386 1387
f 1243 1387 1388
f 1243 1388 1389
f 1243 1389 1390
f 1243 1390 1244
f 1243 1244 1385
f 1243 1381 1391
f 1243 1391 1392
f 1243 1392 1386
f 1244 1390 1245
f 1245 1389 1393
f 1245 1393 1246
f 1245 1390 1389
f 1246 1393 1247
f 1247 1394 1395
f 1247 1395 1253
f 1247 1253 1248
f 1247 1393 1394
f 1250 1396 1251
f 1250 1252 1397
f 1250 1397 1396
f 1251 1396 1259
f 1252 1253 1395
f 1252 1395 1397
f 1254 1259 1398
f 1254 1398 1399
f 1254 1399 1400
f 1254 1400 1401
f 1254 1401 1255
f 1255 1401 1256
f 1256 1401 1402
f 1256 1402 1257
f 1257 1402 1261
f 1257 1261 1260
f 1257 1260 1258
f 1259 1396 1403
f 1259 1403 1398
f 1261 1404 1262
f 1261 1402 1404
f 1262 1404 1405
f 1262 1405 1406
f 1262 1406 1264
f 1262 1264 1263
f 1264 1406 1407
f 1264 1407 1408
f 1264 1408 1265
f 1265 1408 1266
f 1266 1409 1275
f 1266 1408 1410
f 1266 1410 1409
f 1269 1275 1409
f 1269 1409 1411
f 1269 1411 1271
f 1269 1271 1270
f 1271 1411 1412
f 1271 1412 1272
f 1272 1412 1413
f 1272 1413 1414
f 1272 1414 1273
f 1273 1414 1415
f 1273 1415 1416
f 1273 1416 1274
f 1274 1416 1417
f 1274 1417 1278
f 1276 1277 1278
f 1276 1278 1418
f 1278 1417 1419
f 1278 1419 1420
f 1278 1420 1421
f 1278 1421 1422
f 1278 1422 1423
f 1278 1423 1424
f 1278 1424 1425
f 1278 1425 1418
f 1279 1426 1280
f 1280 1426 1427
f 1281 1287 1282
f 1284 1428 1285
f 1285 1428 1429
f 1285 1429 1430
f 1285 1430 1286
f 1286 1431 1432
f 1286 1432 1292
f 1286 1290 1289
f 1286 1288 1287
f 1286 1430 1433
f 1286 1433 1431
f 1292 1434 1293
f 1292 1432 1434
f 1293 1435 1303
f 1293 1434 1435
f 1295 1303 1436
f 1295 1436 1437
f 1295 1437 1438
f 1295 1438 1296
f 1296 1438 1297
f 1297 1438 1439
f 1297 1439 1440
f 1297 1440 1298
f 1298 1440 1441
f 1298 1441 1299
f 1299 1441 1440
f 1299 1440 1442
f 1299 1442 1443
f 1299 1443 1300
f 1300 1443 1444
f 1300 1444 1301
f 1301 1444 1445
f 1301 1445 1446
f 1301 1446 1304
f 1301 1304 1302
f 1303 1435 1447
f 1303 1447 1448
f 1303 1448 1436
f 1304 1446 1449
f 1304 1449 1305
f 1305 1449 1444
f 1305 1444 1450
f 1305 1450 1451
f 1305 1451 1306
f 1306 1452 1308
f 1306 1308 1307
f 1306 1451 1452
f 1308 1453 1309
f 1308 1452 1454
f 1308 1454 1455
f 1308 1455 1456
f 1308 1456 1311
f 1308 1311 1453
f 1309 1453 1310
f 1310 1453 1311
f 1311 1456 1312
f 1312 1456 1314
f 1314 1456 1457
f 1314 1457 1458
f 1314 1458 1315
f 1315 1458 1459
f 1315 1459 1316
f 1316 1459 1460
f 1316 1460 1461
f 1316 1461 1318
f 1316 1318 1317
f 1318 1461 1319
f 1319 1461 1462
f 1319 1462 1463
f 1319 1463 1320
f 1320 1463 1332
f 1321 1322 1361
f 1321 1361 1360
f 1321 1360 1328
f 1321 1328 1327
f 1323 1330 1464
f 1323 1464 1465
f 1323 1465 1466
f 1323 1466 1324
f 1324 1466 1368
f 1328 1467 1330
f 1328 1330 1329
f 1328 1360 1359
f 1328 1358 1468
f 1328 1468 1469
f 1328 1469 1467
f 1330 1467 1470
f 1330 1470 1464
f 1332 1463 1471
f 1332 1471 1334
f 1332 1334 1333
f 1334 1471 1335
f 1335 1472 1601
f 1335 1601 1473
f 1335 1473 1336
f 1335 1471 1472
f 1336 1473 1474
f 1336 1474 1475
f 1336 1475 1337
f 1337 1475 1476
f 1337 1476 1477
f 1337 1477 1478
f 1337 1478 1479
f 1337 1479 1339
f 1337 1339 1338
f 1339 1479 1480
f 1339 1480 1345
f 1339 1345 1340
f 1340 1345 1341
f 1342 1481 1482
f 1342 1482 1350
f 1342 1350 1363
f 1342 1363 1362
f 1342 1362 1343
f 1342 1346 1483
f 1342 1483 1484
f 1342 1484 1485
f 1342 1485 1481
f 1343 1347 1344
f 1345 1483 1346
f 1345 1480 1486
f 1345 1486 1483
f 1349 1367 1350
f 1350 1367 1363
f 1350 1482 1487
f 1350 1487 1488
f 1350 1488 1489
f 1350 1489 1490
f 1350 1490 1491
f 1350 1491 1492
f 1350 1492 1493
f 1350 1493 1494
f 1350 1494 1353
f 1350 1353 1352
f 1350 1352 1351
f 1353 1494 1493
f 1353 1493 1495
f 1353 1495 1496
f 1353 1496 1497
f 1353 1497 1498
f 1353 1498 1354
f 1354 1498 1355
f 1355 1497 1499
f 1355 1499 1500
f 1355 1500 1468
f 1355 1468 1358
f 1355 1358 1356
f 1355 1498 1497
f 1363 1367 1364
f 1364 1367 1366
f 1364 1366 1365
f 1368 1466 1371
f 1369 1373 1370
f 1370 1373 1382
f 1371 1501 1373
f 1371 1373 1372
f 1371 1466 1464
f 1371 1464 1502
f 1371 1502 1501
f 1373 1503 1504
f 1373 1504 1505
f 1373 1505 1506
f 1373 1506 1382
f 1373 1501 1507
f 1373 1507 1503
f 1374 1384 1379
f 1375 1379 1508
f 1375 1508 1509
f 1375 1509 1510
f 1375 1510 1511
f 1375 1511 1512
f 1375 1512 1513
f 1375 1513 1514
f 1375 1514 1515
f 1375 1515 1377
f 1375 1377 1376
f 1377 1516 1392
f 1377 1392 1391
f 1377 1391 1378
f 1377 1515 1516
f 1378 1391 1380
f 1379 1384 1508
f 1380 1391 1381
f 1382 1506 1383
f 1383 1506 1384
f 1384 1506 1504
f 1384 1504 1517
f 1384 1517 1518
f 1384 1518 1508
f 1386 1519 1520
f 1386 1520 1521
f 1386 1521 1387
f 1386 1392 1522
f 1386 1522 1519
f 1387 1521 1523
f 1387 1523 1388
f 1388 1523 1389
f 1389 1523 1393
f 1392 1516 1524
f 1392 1524 1522
f 1393 1523 1525
f 1393 1525 1394
f 1394 1526 1395
f 1394 1525 1527
f 1394 1527 1526
f 1395 1526 1528
f 1395 1528 1397
f 1396 1397 1529
f 1396 1529 1403
f 1397 1528 1529
f 1398 1403 1530
f 1398 1530 1531
f 1398 1531 1399
f 1399 1531 1532
f 1399 1532 1400
f 1400 1532 1401
f 1401 1532 1533
f 1401 1533 1534
f 1401 1534 1535
f 1401 1535 1536
f 1401 1536 1537
f 1401 1537 1538
f 1401 1538 1402
f 1402 1538 1539
f 1402 1539 1404
f 1403 1529 1540
f 1403 1540 1530
f 1404 1539 1405
f 1405 1541 1542
f 1405 1542 1543
f 1405 1543 1407
f 1405 1407 1406
f 1405 1539 1537
f 1405 1537 1544
f 1405 1544 1541
f 1407 1543 1410
f 1407 1410 1408
f 1409 1412 1411
f 1409 1410 1543
f 1409 1543 1545
f 1409 1545 1412
f 1412 1545 1413
f 1413 1546 1414
f 1413 1545 1547
f 1413 1547 1541
f 1413 1541 1548
f 1413 1548 1536
f 1413 1536 1535
f 1413 1535 1549
f 1413 1549 1546
f 1414 1546 1415
f 1415 1546 1550
f 1415 1550 1551
f 1415 1551 1416
f 1416 1419 1417
f 1416 1551 1419
f 1419 1551 1552
f 1419 1552 1553
f 1419 1553 1420
f 1420 1553 1421
f 1421 1553 1554
f 1421 1554 1555
f 1421 1555 1556
f 1421 1556 1557
f 1421 1557 1558
f 1421 1558 1422
f 1426 1559 1560
f 1426 1560 1427
f 1431 1433 1561
f 1431 1561 1562
f 1431 1562 1563
f 1431 1563 1432
f 1432 1563 1564
f 1432 1564 1565
f 1432 1565 1566
f 1432 1566 1434
f 1434 1566 1567
f 1434 1567 1568
f 1434 1568 1569
f 1434 1569 1570
f 1434 1570 1571
f 1434 1571 1435
f 1435 1571 1447
f 1436 1448 1572
f 1436 1572 1573
f 1436 1573 1574
f 1436 1574 1575
f 1436 1575 1437
f 1437 1576 1440
f 1437 1440 1439
f 1437 1439 1438
f 1437 1575 1574
f 1437 1574 1576
f 1440 1576 1577
f 1440 1577 1578
f 1440 1578 1579
f 1440 1579 1442
f 1442 1579 1443
f 1443 1579 1450
f 1443 1450 1444
f 1444 1449 1445
f 1445 1449 1446
f 1447 1571 1570
f 1447 1570 1572
f 1447 1572 1448
f 1450 1579 1452
f 1450 1452 1451
f 1452 1579 1580
f 1452 1580 1581
f 1452 1581 1582
f 1452 1582 1454
f 1454 1583 1584
f 1454 1584 1455
f 1454 1582 1581
f 1454 1581 1583
f 1455 1584 1456
f 1456 1584 1585
f 1456 1585 1457
f 1457 1585 1584
f 1457 1584 1586
f 1457 1586 1587
f 1457 1587 1458
f 1458 1588 1459
f 1458 1587 1589
f 1458 1589 1588
f 1459 1588 1590
f 1459 1590 1460
f 1460 1591 1461
f 1460 1590 1592
f 1460 1592 1591
f 1461 1591 1593
f 1461 1593 1592
f 1461 1592 1462
f 1462 1592 1463
f 1463 1592 1594
f 1463 1594 1471
f 1464 1595 1596
f 1464 1596 1502
f 1464 1466 1465
f 1464 1470 1597
f 1464 1597 1595
f 1467 1469 1598
f 1467 1598 1470
f 1468 1500 1469
f 1469 1500 1499
f 1469 1499 1598
f 1470 1598 1599
f 1470 1599 1597
f 1471 1594 1600
f 1471 1600 1472
f 1472 1600 1601
f 1473 1601 1474
f 1474 1601 1602
f 1474 1602 1603
f 1474 1603 1604
f 1474 1604 1475
f 1475 1604 1476
f 1476 1604 1605
f 1476 1605 1477
f 1477 1605 1478
f 1478 1605 1606
f 1478 1606 1607
f 1478 1607 1608
f 1478 1608 1609
f 1478 1609 1610
f 1478 1610 1611
f 1478 1611 1480
f 1478 1480 1479
f 1480 1611 1612
f 1480 1612 1485
f 1480 1485 1486
f 1481 1613 1482
f 1481 1485 1614
f 1481 1614 1615
f 1481 1615 1613
f 1482 1613 1487
f 1483 1486 1484
f 1484 1486 1485
f 1485 1612 1615
f 1485 1615 1614
f 1487 1613 1488
f 1488 1613 1616
f 1488 1616 1615
f 1488 1615 1617
f 1488 1617 1618
f 1488 1618 1489
f 1489 1619 1490
f 1489 1618 1619
f 1490 1620 1621
f 1490 1621 1622
f 1490 1622 1623
f 1490 1623 1491
f 1490 1619 1624
f 1490 1624 1620
f 1491 1623 1492
f 1492 1625 1626
f 1492 1626 1627
f 1492 1627 1496
f 1492 1496 1495
f 1492 1495 1493
f 1492 1623 1622
f 1492 1622 1625
f 1496 1627 1497
f 1497 1628 1629
f 1497 1629 1499
f 1497 1627 1630
f 1497 1630 1628
f 1499 1629 1631
f 1499 1631 1598
f 1501 1502 1507
f 1502 1596 1632
f 1502 1632 1507
f 1503 1507 1633
f 1503 1633 1504
f 1504 1633 1634
f 1504 1634 1635
f 1504 1635 1636
f 1504 1636 1637
f 1504 1637 1638
f 1504 1638 1509
f 1504 1509 1517
f 1504 1506 1505
f 1507 1632 1639
f 1507 1639 1633
f 1508 1518 1509
f 1509 1518 1517
f 1509 1638 1640
f 1509 1640 1641
f 1509 1641 1511
f 1509 1511 1510
f 1511 1642 1512
f 1511 1641 1642
f 1512 1642 1513
f 1513 1642 1643
f 1513 1643 1644
f 1513 1644 1645
f 1513 1645 1514
f 1514 1645 1524
f 1514 1524 1516
f 1514 1516 1515
f 1519 1646 1647
f 1519 1647 1648
f 1519 1648 1520
f 1519 1522 1524
f 1519 1524 1649
f 1519 1649 1646
f 1520 1648 1521
f 1521 1648 1650
f 1521 1650 1527
f 1521 1527 1523
f 1523 1527 1525
f 1524 1651 1649
f 1524 1645 1651
f 1526 1652 1528
f 1526 1527 1652
f 1527 1650 1653
f 1527 1653 1652
f 1528 1652 1654
f 1528 1654 1529
f 1529 1654 1540
f 1530 1655 1531
f 1530 1540 1655
f 1531 1655 1656
f 1531 1656 1657
f 1531 1657 1532
f 1532 1657 1533
f 1533 1657 1658
f 1533 1658 1659
f 1533 1659 1535
f 1533 1535 1534
f 1535 1659 1658
f 1535 1658 1549
f 1536 1548 1537
f 1537 1548 1541
f 1537 1541 1544
f 1537 1539 1538
f 1540 1660 1655
f 1540 1654 1661
f 1540 1661 1660
f 1541 1547 1542
f 1542 1547 1543
f 1543 1547 1545
f 1546 1549 1662
f 1546 1662 1663
f 1546 1663 1550
f 1549 1658 1662
f 1550 1663 1664
f 1550 1664 1551
f 1551 1664 1552
f 1552 1665 1553
f 1552 1664 1665
f 1553 1665 1666
f 1553 1666 1554
f 1554 1666 1667
f 1554 1667 1555
f 1555 1667 1668
f 1555 1668 1669
f 1555 1669 1670
f 1555 1670 1556
f 1559 1671 1560
f 1560 1671 1672
f 1563 1673 1564
f 1564 1673 1565
f 1565 1674 1567
f 1565 1567 1675
f 1565 1675 1566
f 1565 1673 1674
f 1566 1675 1567
f 1567 1676 1677
f 1567 1677 1568
f 1567 1674 1673
f 1567 1673 1678
f 1567 1678 1676
f 1568 1677 1570
f 1568 1570 1569
f 1570 1677 1679
f 1570 1679 1574
f 1570 1574 1573
f 1570 1573 1572
f 1574 1679 1680
f 1574 1680 1576
f 1576 1680 1577
f 1577 1681 1578
f 1577 1680 1681
f 1578 1682 1683
f 1578 1683 1579
f 1578 1681 1682
f 1579 1683 1682
f 1579 1682 1684
f 1579 1684 1580
f 1580 1684 1581
f 1581 1685 1686
f 1581 1686 1687
f 1581 1687 1688
f 1581 1688 1583
f 1581 1684 1682
f 1581 1682 1689
f 1581 1689 1690
f 1581 1690 1685
f 1583 1688 1691
f 1583 1691 1692
f 1583 1692 1584
f 1584 1692 1693
f 1584 1693 1586
f 1586 1693 1694
f 1586 1694 1695
f 1586 1695 1696
f 1586 1696 1587
f 1587 1697 1589
f 1587 1696 1698
f 1587 1698 1697
f 1588 1699 1590
f 1588 1589 1700
f 1588 1700 1699
f 1589 1701 1702
f 1589 1702 1703
f 1589 1703 1700
f 1589 1697 1701
f 1590 1699 1592
f 1591 1592 1593
f 1592 1699 1700
f 1592 1700 1704
f 1592 1704 1705
f 1592 1705 1600
f 1592 1600 1594
f 1595 1706 1707
f 1595 1707 1708
f 1595 1708 1639
f 1595 1639 1596
f 1595 1597 1709
f 1595 1709 1710
f 1595 1710 1711
f 1595 1711 1706
f 1596 1639 1632
f 1597 1599 1709
f 1598 1631 1599
f 1599 1631 1712
f 1599 1712 1713
f 1599 1713 1709
f 1600 1705 1601
f 1601 1704 1602
f 1601 1705 1704
f 1602 1704 1714
f 1602 1714 1715
f 1602 1715 1603
f 1603 1715 1716
f 1603 1716 1717
f 1603 1717 1604
f 1604 1717 1605
f 1605 1717 1606
f 1606 1717 1841
f 1606 1841 1718
f 1606 1718 1607
f 1607 1718 1842
f 1607 1842 1719
f 1607 1719 1843
f 1607 1843 1720
f 1607 1720 1608
f 1608 1720 1721
f 1608 1721 1722
f 1608 1722 1609
f 1609 1723 1610
f 1609 1722 1723
f 1610 1723 1722
f 1610 1722 1724
f 1610 1724 1725
f 1610 1725 1726
f 1610 1726 1611
f 1611 1726 1727
f 1611 1727 1615
f 1611 1615 1612
f 1613 1615 1616
f 1615 1727 1617
f 1617 1727 1618
f 1618 1727 1726
f 1618 1726 1728
f 1618 1728 1729
f 1618 1729 1619
f 1619 1729 1624
f 1620 1730 1731
f 1620 1731 1732
f 1620 1732 1622
f 1620 1622 1621
f 1620 1624 1729
f 1620 1729 1733
f 1620 1733 1734
f 1620 1734 1735
f 1620 1735 1730
f 1622 1732 1736
f 1622 1736 1737
f 1622 1737 1625
f 1625 1737 1738
f 1625 1738 1739
f 1625 1739 1626
f 1626 1739 1740
f 1626 1740 1630
f 1626 1630 1627
f 1628 1630 1741
f 1628 1741 1742
f 1628 1742 1743
f 1628 1743 1744
f 1628 1744 1745
f 1628 1745 1629
f 1629 1745 1712
f 1629 1712 1631
f 1630 1740 1741
f 1633 1639 1708
f 1633 1708 1634
f 1634 1746 1747
f 1634 1747 1748
f 1634 1748 1635
f 1634 1708 1746
f 1635 1748 1636
f 1636 1749 1637
f 1636 1748 1747
f 1636 1747 1750
f 1636 1750 1751
f 1636 1751 1749
f 1637 1749 1638
f 1638 1749 1640
f 1640 1749 1751
f 1640 1751 1641
f 1641 1752 1753
f 1641 1753 1754
f 1641 1754 1642
f 1641 1751 1755
f 1641 1755 1752
f 1642 1754 1643
f 1643 1754 1644
f 1644 1756 1651
f 1644 1651 1645
f 1644 1754 1756
f 1646 1649 1757
f 1646 1757 1758
f 1646 1758 1647
f 1647 1759 1760
f 1647 1760 1761
f 1647 1761 1648
f 1647 1758 1759
f 1648 1761 1650
f 1649 1651 1757
f 1650 1761 1762
f 1650 1762 1653
f 1651 1763 1764
f 1651 1764 1757
f 1651 1756 1763
f 1652 1765 1654
f 1652 1653 1762
f 1652 1762 1765
f 1654 1765 1766
f 1654 1766 1767
f 1654 1767 1661
f 1655 1768 1656
f 1655 1660 1769
f 1655 1769 1768
f 1656 1768 1658
f 1656 1658 1657
f 1658 1770 1662
f 1658 1768 1771
f 1658 1771 1770
f 1660 1661 1769
f 1661 1767 1769
f 1662 1770 1772
f 1662 1772 1663
f 1663 1772 1773
f 1663 1773 1774
f 1663 1774 1664
f 1664 1775 1776
f 1664 1776 1665
f 1664 1774 1775
f 1665 1777 1778
f 1665 1778 1666
f 1665 1776 1777
f 1666 1778 1667
f 1667 1778 1779
f 1667 1779 1668
f 1668 1779 1780
f 1668 1780 1781
f 1668 1781 1782
f 1668 1782 1783
f 1668 1783 1669
f 1671 1784 1672
f 1672 1784 1786
f 1672 1786 1787
f 1672 1787 1785
f 1673 1788 1678
f 1676 1789 1790
f 1676 1790 1791
f 1676 1791 1679
f 1676 1679 1677
f 1676 1678 1792
f 1676 1792 1789
f 1678 1788 1793
f 1678 1793 1792
f 1679 1791 1794
f 1679 1794 1680
f 1680 1795 1796
f 1680 1796 1681
f 1680 1794 1797
f 1680 1797 1795
f 1681 1796 1798
f 1681 1798 1799
f 1681 1799 1800
f 1681 1800 1801
f 1681 1801 1802
f 1681 1802 1803
f 1681 1803 1804
f 1681 1804 1805
f 1681 1805 1682
f 1682 1805 1806
f 1682 1806 1689
f 1685 1690 1807
f 1685 1807 1808
f 1685 1808 1809
f 1685 1809 1686
f 1686 1810 1687
f 1686 1809 1811
f 1686 1811 1812
f 1686 1812 1932
f 1686 1932 1813
f 1686 1813 1944
f 1686 1944 1814
f 1686 1814 1815
f 1686 1815 1816
f 1686 1816 1810
f 1687 1810 1688
f 1688 1817 1691
f 1688 1810 1816
f 1688 1816 1817
f 1689 1806 1818
f 1689 1818 1819
f 1689 1819 1820
f 1689 1820 1807
f 1689 1807 1690
f 1691 1817 1821
f 1691 1821 1692
f 1692 1821 1693
f 1693 1821 1814
f 1693 1814 1822
f 1693 1822 1694
f 1694 1823 1824
f 1694 1824 1695
f 1694 1822 1823
f 1695 1824 1696
f 1696 1824 1825
f 1696 1825 1826
f 1696 1826 1827
f 1696 1827 1698
f 1697 1698 1701
f 1698 1827 1826
f 1698 1826 1825
f 1698 1825 1828
f 1698 1828 1701
f 1700 1703 1714
f 1700 1714 1704
f 1701 1828 1829
f 1701 1829 1830
f 1701 1830 1702
f 1702 1830 1831
f 1702 1831 1703
f 1703 1831 1714
f 1706 1832 1833
f 1706 1833 1834
f 1706 1834 1707
f 1706 1711 1835
f 1706 1835 1836
f 1706 1836 1837
f 1706 1837 1832
f 1707 1834 1708
f 1708 1834 1746
f 1709 1713 1838
f 1709 1838 1710
f 1710 1835 1711
f 1710 1838 1744
f 1710 1744 1835
f 1712 1745 1838
f 1712 1838 1713
f 1714 1831 1715
f 1715 1831 1952
f 1715 1952 1839
f 1715 1839 1716
f 1716 1839 1840
f 1716 1840 1717
f 1717 1840 1841
f 1718 1841 1959
f 1718 1959 1842
f 1719 1842 1844
f 1719 1844 1845
f 1719 1845 1846
f 1719 1846 1843
f 1720 1843 1964
f 1720 1964 1847
f 1720 1847 1848
f 1720 1848 1724
f 1720 1724 1722
f 1720 1722 1721
f 1724 1849 1850
f 1724 1850 1725
f 1724 1848 1847
f 1724 1847 1849
f 1725 1850 1849
f 1725 1849 1726
f 1726 1851 1852
f 1726 1852 1853
f 1726 1853 1735
f 1726 1735 1733
f 1726 1733 1728
f 1726 1849 1854
f 1726 1854 1851
f 1728 1733 1729
f 1730 1855 1731
f 1730 1735 1855
f 1731 1856 1857
f 1731 1857 1732
f 1731 1855 1858
f 1731 1858 1856
f 1732 1857 1736
f 1733 1735 1734
f 1735 1853 1859
f 1735 1859 1860
f 1735 1860 1861
f 1735 1861 1855
f 1736 1857 1858
f 1736 1858 1862
f 1736 1862 1863
f 1736 1863 1737
f 1737 1739 1738
f 1737 1863 1862
f 1737 1862 1858
f 1737 1858 1864
f 1737 1864 1865
f 1737 1865 1866
f 1737 1866 1867
f 1737 1867 1868
f 1737 1868 1742
f 1737 1742 1869
f 1737 1869 1739
f 1739 1869 1741
f 1739 1741 1740
f 1741 1869 1742
f 1742 1868 1870
f 1742 1870 1743
f 1743 1870 1744
f 1744 1871 1835
f 1744 1838 1745
f 1744 1870 1871
f 1746 1834 1747
f 1747 1834 1833
f 1747 1833 1872
f 1747 1872 1873
f 1747 1873 1874
f 1747 1874 1875
f 1747 1875 1876
f 1747 1876 1877
f 1747 1877 1750
f 1750 1877 1751
f 1751 1877 1878
f 1751 1878 1755
f 1752 1879 1880
f 1752 1880 1753
f 1752 1755 1881
f 1752 1881 1882
f 1752 1882 1879
f 1753 1880 1754
f 1754 1880 1883
f 1754 1883 1884
f 1754 1884 1885
f 1754 1885 1886
f 1754 1886 1756
f 1755 1878 1887
f 1755 1887 1881
f 1756 1886 1888
f 1756 1888 1889
f 1756 1889 1763
f 1757 1764 1758
f 1758 1764 1763
f 1758 1763 1890
f 1758 1890 1891
f 1758 1891 1759
f 1759 1891 1892
f 1759 1892 1893
f 1759 1893 1894
f 1759 1894 1767
f 1759 1767 1760
f 1760 1762 1761
f 1760 1767 1766
f 1760 1766 1762
f 1762 1766 1765
f 1763 1889 1895
f 1763 1895 1890
f 1767 1894 1769
f 1768 1769 1896
f 1768 1896 1771
f 1769 1894 1896
f 1770 1771 1897
f 1770 1897 1898
f 1770 1898 1772
f 1771 1896 1899
f 1771 1899 1897
f 1772 1898 1900
f 1772 1900 1773
f 1773 1901 1902
f 1773 1902 1774
f 1773 1900 1901
f 1774 1902 1775
f 1775 1903 1776
f 1775 1902 1904
f 1775 1904 1903
f 1776 1903 1905
f 1776 1905 1777
f 1777 1905 1906
f 1777 1906 1907
f 1777 1907 1778
f 1778 1907 1779
f 1779 1907 2038
f 1779 2038 1908
f 1779 1908 1909
f 1779 1909 1780
f 1780 1909 1910
f 1780 1910 1781
f 1781 1910 2044
f 1781 2044 1911
f 1781 1911 1782
f 1785 1787 1912
f 1787 1913 1912
f 1789 1792 1914
f 1789 1914 1790
f 1790 1914 1791
f 1791 1915 1794
f 1791 1914 1916
f 1791 1916 1915
f 1792 1917 1914
f 1794 1915 1918
f 1794 1918 1919
f 1794 1919 1920
f 1794 1920 1921
f 1794 1921 1922
f 1794 1922 1797
f 1795 1922 1800
f 1795 1800 1799
f 1795 1799 1798
f 1795 1798 1796
f 1795 1797 1922
f 1800 1922 1923
f 1800 1923 1920
f 1800 1920 1924
f 1800 1924 1925
f 1800 1925 1801
f 1801 1925 1926
f 1801 1926 1802
f 1802 1927 1803
f 1802 1926 1928
f 1802 1928 1927
f 1803 1927 1928
f 1803 1928 1929
f 1803 1929 1804
f 1804 1929 1805
f 1805 1929 1806
f 1806 1929 1930
f 1806 1930 1812
f 1806 1812 1818
f 1807 1820 1808
f 1808 1820 1818
f 1808 1818 1931
f 1808 1931 1809
f 1809 1931 1811
f 1811 1931 1812
f 1812 1931 1818
f 1812 1930 1933
f 1812 1933 1934
f 1812 1934 1935
f 1812 1935 1926
f 1812 1926 2058
f 1812 2058 1932
f 1813 1932 1936
f 1813 1936 1937
f 1813 1937 1938
f 1813 1938 1939
f 1813 1939 1940
f 1813 1940 1941
f 1813 1941 1942
f 1813 1942 1943
f 1813 1943 1944
f 1814 1944 1949
f 1814 1949 1825
f 1814 1825 1824
f 1814 1824 1945
f 1814 1945 1822
f 1814 1821 1946
f 1814 1946 1947
f 1814 1947 1815
f 1815 1947 1816
f 1816 1947 1948
f 1816 1948 1817
f 1817 1948 1947
f 1817 1947 1821
f 1818 1820 1819
f 1821 1947 1946
f 1822 1945 1824
f 1822 1824 1823
f 1825 1949 1950
f 1825 1950 1828
f 1828 1950 2090
f 1828 2090 1951
f 1828 1951 1830
f 1828 1830 1829
f 1830 1951 1956
f 1830 1956 1952
f 1830 1952 1831
f 1832 1837 1953
f 1832 1953 1833
f 1833 1953 1872
f 1835 1871 1836
f 1836 1871 1954
f 1836 1954 1837
f 1837 1954 1955
f 1837 1955 1953
f 1839 1952 1956
f 1839 1956 1957
f 1839 1957 1840
f 1840 1957 2096
f 1840 2096 1958
f 1840 1958 1959
f 1840 1959 1841
f 1842 1959 1965
f 1842 1965 1844
f 1843 1960 1961
f 1843 1961 1962
f 1843 1962 1963
f 1843 1963 1964
f 1843 1846 1960
f 1844 1965 1966
f 1844 1966 1845
f 1845 1966 1967
f 1845 1967 1968
f 1845 1968 1969
f 1845 1969 1970
f 1845 1970 1971
f 1845 1971 1972
f 1845 1972 1973
f 1845 1973 1846
f 1846 1961 1960
f 1846 1973 1961
f 1847 1964 2104
f 1847 2104 1974
f 1847 1974 1975
f 1847 1975 1849
f 1849 1975 1976
f 1849 1976 1854
f 1851 1854 1976
f 1851 1976 1977
f 1851 1977 1978
f 1851 1978 1852
f 1852 1978 1853
f 1853 1978 1859
f 1855 1861 1979
f 1855 1979 1980
f 1855 1980 1858
f 1856 1858 1857
f 1858 1981 1864
f 1858 1980 1982
f 1858 1982 1983
f 1858 1983 1981
f 1859 1984 1985
f 1859 1985 1986
f 1859 1986 1861
f 1859 1861 1860
f 1859 1978 1987
f 1859 1987 1984
f 1861 1986 1988
f 1861 1988 1979
f 1864 1981 1983
f 1864 1983 1865
f 1865 1983 1989
f 1865 1989 1990
f 1865 1990 1991
f 1865 1991 1866
f 1866 1991 1992
f 1866 1992 1993
f 1866 1993 1994
f 1866 1994 1995
f 1866 1995 1867
f 1867 1995 1868
f 1868 1995 1996
f 1868 1996 1870
f 1870 1996 1954
f 1870 1954 1871
f 1872 1997 1998
f 1872 1998 1873
f 1872 1953 1999
f 1872 1999 1997
f 1873 1998 1874
f 1874 1998 1875
f 1875 2000 2001
f 1875 2001 1876
f 1875 1998 2002
f 1875 2002 2000
f 1876 2001 1877
f 1877 2001 2003
f 1877 2003 1878
f 1878 2003 1887
f 1879 1882 1883
f 1879 1883 1880
f 1881 1887 1882
f 1882 1887 1883
f 1883 1887 2004
f 1883 2004 2005
f 1883 2005 2006
f 1883 2006 2007
f 1883 2007 2008
f 1883 2008 2009
f 1883 2009 1884
f 1884 2009 2010
f 1884 2010 1885
f 1885 2010 1888
f 1885 1888 1886
f 1887 2003 2011
f 1887 2011 2012
f 1887 2012 2013
f 1887 2013 2014
f 1887 2014 2004
f 1888 2015 2016
f 1888 2016 1890
f 1888 1890 1895
f 1888 1895 1889
f 1888 2010 2015
f 1890 2016 2015
f 1890 2015 2017
f 1890 2017 1891
f 1891 2018 2019
f 1891 2019 1892
f 1891 2017 2020
f 1891 2020 2021
f 1891 2021 2018
f 1892 2019 2022
f 1892 2022 2023
f 1892 2023 1893
f 1893 2023 2024
f 1893 2024 2025
f 1893 2025 1899
f 1893 1899 1894
f 1894 1899 2026
f 1894 2026 1896
f 1896 2026 1899
f 1897 1899 2027
f 1897 2027 1898
f 1898 2027 2028
f 1898 2028 2029
f 1898 2029 1900
f 1899 2025 2027
f 1900 2029 2030
f 1900 2030 1901
f 1901 2031 1902
f 1901 2030 2032
f 1901 2032 2031
f 1902 2031 1904
f 1903 1904 2033
f 1903 2033 2034
f 1903 2034 2035
f 1903 2035 1905
f 1904 2031 2033
f 1905 2035 2036
f 1905 2036 1906
f 1906 2036 2189
f 1906 2189 2037
f 1906 2037 2038
f 1906 2038 1907
f 1908 2038 2039
f 1908 2039 2040
f 1908 2040 2041
f 1908 2041 1909
f 1909 2041 1910
f 1910 2041 2042
f 1910 2042 2043
f 1910 2043 2044
f 1912 1913 2045
f 1913 2046 2045
f 1914 1917 2047
f 1914 2047 1918
f 1914 1918 1916
f 1915 1916 1918
f 1918 2047 2048
f 1918 2048 2049
f 1918 2049 2050
f 1918 2050 2051
f 1918 2051 2052
f 1918 2052 1919
f 1919 2052 2053
f 1919 2053 2203
f 1919 2203 2054
f 1919 2054 2055
f 1919 2055 1920
f 1920 2055 2056
f 1920 2056 1924
f 1920 1923 1921
f 1921 1923 1922
f 1924 2056 2057
f 1924 2057 1925
f 1925 2057 2058
f 1925 2058 1926
f 1926 1935 1928
f 1928 1935 1933
f 1928 1933 1929
f 1929 1933 1930
f 1932 2059 1936
f 1932 2058 2060
f 1932 2060 2061
f 1932 2061 2062
f 1932 2062 2063
f 1932 2063 2064
f 1932 2064 2065
f 1932 2065 2059
f 1933 1935 1934
f 1936 2059 1937
f 1937 2059 2066
f 1937 2066 1938
f 1938 2066 2067
f 1938 2067 2068
f 1938 2068 1939
f 1939 2069 2070
f 1939 2070 2071
f 1939 2071 2072
f 1939 2072 1940
f 1939 2068 2073
f 1939 2073 2074
f 1939 2074 2075
f 1939 2075 2076
f 1939 2076 2077
f 1939 2077 2069
f 1940 2072 1941
f 1941 2072 1942
f 1942 2078 2079
f 1942 2079 1943
f 1942 2072 2080
f 1942 2080 2078
f 1943 2079 1944
f 1944 2081 2082
f 1944 2082 1949
f 1944 2079 2083
f 1944 2083 2084
f 1944 2084 2085
f 1944 2085 2086
f 1944 2086 2081
f 1949 2082 2087
f 1949 2087 2088
f 1949 2088 2089
f 1949 2089 1950
f 1950 2089 2091
f 1950 2091 2092
f 1950 2092 2236
f 1950 2236 2090
f 1951 2090 2095
f 1951 2095 1956
f 1953 1955 1999
f 1954 2093 1999
f 1954 1999 1955
f 1954 1996 2094
f 1954 2094 2093
f 1956 2095 2096
f 1956 2096 1957
f 1958 2096 2097
f 1958 2097 2098
f 1958 2098 1965
f 1958 1965 1959
f 1961 1973 2099
f 1961 2099 1972
f 1961 1972 1962
f 1962 1972 2100
f 1962 2100 2101
f 1962 2101 2102
f 1962 2102 1964
f 1962 1964 1963
f 1964 2102 2103
f 1964 2103 2104
f 1965 2098 2241
f 1965 2241 2105
f 1965 2105 1966
f 1966 2105 2106
f 1966 2106 1967
f 1967 2106 1968
f 1968 2107 2108
f 1968 2108 1969
f 1968 2106 2109
f 1968 2109 2110
f 1968 2110 2111
f 1968 2111 2107
f 1969 2108 1970
f 1970 2108 2112
f 1970 2112 2113
f 1970 2113 2114
f 1970 2114 2115
f 1970 2115 1971
f 1971 2115 2116
f 1971 2116 2117
f 1971 2117 2118
f 1971 2118 1972
f 1972 2099 1973
f 1972 2118 2100
f 1974 1976 1975
f 1974 2104 2246
f 1974 2246 2119
f 1974 2119 2120
f 1974 2120 1977
f 1974 1977 1976
f 1977 2120 2121
f 1977 2121 1978
f 1978 2121 1987
f 1979 1988 2122
f 1979 2122 1980
f 1980 2123 2124
f 1980 2124 1982
f 1980 2122 2123
f 1982 2124 2125
f 1982 2125 1983
f 1983 2125 1989
f 1984 2126 1985
f 1984 1987 2127
f 1984 2127 2126
f 1985 2126 1986
f 1986 2128 2129
f 1986 2129 1988
f 1986 2126 2128
f 1987 2130 2284
f 1987 2284 2131
f 1987 2131 2127
f 1987 2121 2119
f 1987 2119 2246
f 1987 2246 2130
f 1988 2132 2122
f 1988 2129 2132
f 1989 2125 2124
f 1989 2124 1990
f 1990 2133 2134
f 1990 2134 2135
f 1990 2135 1991
f 1990 2124 2133
f 1991 2135 1992
f 1992 2136 2137
f 1992 2137 2138
f 1992 2138 2139
f 1992 2139 2140
f 1992 2140 1993
f 1992 2135 2136
f 1993 2140 1994
f 1994 2140 2094
f 1994 2094 1996
f 1994 1996 1995
f 1997 1999 1998
f 1998 1999 2141
f 1998 2141 2142
f 1998 2142 2143
f 1998 2143 2144
f 1998 2144 2145
f 1998 2145 2146
f 1998 2146 2147
f 1998 2147 2012
f 1998 2012 2002
f 1999 2093 2148
f 1999 2148 2141
f 2000 2002 2012
f 2000 2012 2011
f 2000 2011 2001
f 2001 2011 2003
f 2004 2014 2005
f 2005 2149 2150
f 2005 2150 2151
f 2005 2151 2006
f 2005 2014 2013
f 2005 2013 2012
f 2005 2012 2152
f 2005 2152 2153
f 2005 2153 2154
f 2005 2154 2149
f 2006 2150 2155
f 2006 2155 2156
f 2006 2156 2007
f 2006 2151 2150
f 2007 2156 2157
f 2007 2157 2008
f 2008 2158 2159
f 2008 2159 2160
f 2008 2160 2161
f 2008 2161 2162
f 2008 2162 2163
f 2008 2163 2009
f 2008 2157 2164
f 2008 2164 2158
f 2009 2163 2010
f 2010 2163 2015
f 2012 2147 2165
f 2012 2165 2166
f 2012 2166 2167
f 2012 2167 2168
f 2012 2168 2169
f 2012 2169 2170
f 2012 2170 2152
f 2015 2163 2020
f 2015 2020 2017
f 2018 2171 2172
f 2018 2172 2173
f 2018 2173 2019
f 2018 2021 2171
f 2019 2173 2174
f 2019 2174 2022
f 2020 2163 2175
f 2020 2175 2021
f 2021 2175 2171
f 2022 2174 2176
f 2022 2176 2177
f 2022 2177 2023
f 2023 2177 2024
f 2024 2177 2178
f 2024 2178 2027
f 2024 2027 2025
f 2027 2178 2028
f 2028 2178 2179
f 2028 2179 2323
f 2028 2323 2180
f 2028 2180 2029
f 2029 2180 2181
f 2029 2181 2030
f 2030 2181 2182
f 2030 2182 2032
f 2031 2032 2184
f 2031 2184 2033
f 2032 2182 2183
f 2032 2183 2184
f 2033 2185 2186
f 2033 2186 2034
f 2033 2184 2187
f 2033 2187 2185
f 2034 2186 2035
f 2035 2186 2188
f 2035 2188 2036
f 2036 2188 2332
f 2036 2332 2189
f 2037 2189 2190
f 2037 2190 2191
f 2037 2191 2038
f 2038 2191 2039
f 2039 2191 2192
f 2039 2192 2193
f 2039 2193 2040
f 2040 2193 2194
f 2040 2194 2195
f 2040 2195 2041
f 2041 2195 2196
f 2041 2196 2042
f 2045 2046 2198
f 2045 2198 2197
f 2047 2049 2048
f 2049 2199 2200
f 2049 2200 2051
f 2049 2051 2050
f 2051 2201 2052
f 2051 2200 2202
f 2051 2202 2201
f 2052 2201 2053
f 2053 2201 2347
f 2053 2347 2203
f 2054 2203 2204
f 2054 2204 2205
f 2054 2205 2206
f 2054 2206 2055
f 2055 2207 2208
f 2055 2208 2209
f 2055 2209 2056
f 2055 2206 2207
f 2056 2209 2057
f 2057 2210 2058
f 2057 2209 2210
f 2058 2210 2211
f 2058 2211 2212
f 2058 2212 2060
f 2059 2065 2066
f 2060 2212 2062
f 2060 2062 2061
f 2062 2212 2213
f 2062 2213 2063
f 2063 2213 2064
f 2064 2213 2214
f 2064 2214 2074
f 2064 2074 2073
f 2064 2073 2065
f 2065 2215 2216
f 2065 2216 2066
f 2065 2073 2215
f 2066 2216 2067
f 2067 2216 2073
f 2067 2073 2068
f 2069 2077 2070
f 2070 2217 2218
f 2070 2218 2071
f 2070 2077 2219
f 2070 2219 2217
f 2071 2220 2072
f 2071 2218 2221
f 2071 2221 2220
f 2072 2220 2080
f 2073 2216 2215
f 2074 2222 2223
f 2074 2223 2224
f 2074 2224 2075
f 2074 2214 2225
f 2074 2225 2222
f 2075 2224 2076
f 2076 2224 2077
f 2077 2224 2226
f 2077 2226 2227
f 2077 2227 2228
f 2077 2228 2219
f 2078 2080 2079
f 2079 2084 2083
f 2079 2080 2084
f 2080 2220 2084
f 2081 2086 2082
f 2082 2086 2229
f 2082 2229 2230
f 2082 2230 2231
f 2082 2231 2087
f 2084 2221 2085
f 2084 2220 2221
f 2085 2221 2218
f 2085 2218 2232
f 2085 2232 2230
f 2085 2230 2086
f 2086 2230 2229
f 2087 2089 2233
f 2087 2233 2088
f 2087 2231 2232
f 2087 2232 2234
f 2087 2234 2089
f 2088 2233 2089
f 2089 2234 2235
f 2089 2235 2091
f 2090 2236 2239
f 2090 2239 2095
f 2091 2235 2237
f 2091 2237 2238
f 2091 2238 2236
f 2091 2236 2092
f 2093 2094 2140
f 2093 2140 2139
f 2093 2139 2148
f 2095 2239 2097
f 2095 2097 2096
f 2097 2239 2385
f 2097 2385 2240
f 2097 2240 2098
f 2098 2240 2241
f 2100 2102 2101
f 2100 2118 2102
f 2102 2118 2242
f 2102 2242 2243
f 2102 2243 2103
f 2103 2243 2104
f 2104 2243 2244
f 2104 2244 2245
f 2104 2245 2246
f 2105 2241 2247
f 2105 2247 2109
f 2105 2109 2106
f 2107 2111 2108
f 2108 2111 2248
f 2108 2248 2249
f 2108 2249 2112
f 2109 2247 2110
f 2110 2247 2250
f 2110 2250 2251
f 2110 2251 2252
f 2110 2252 2111
f 2111 2252 2253
f 2111 2253 2248
f 2112 2249 2254
f 2112 2254 2255
f 2112 2255 2256
f 2112 2256 2257
f 2112 2257 2113
f 2113 2257 2258
f 2113 2258 2114
f 2114 2258 2259
f 2114 2259 2260
f 2114 2260 2261
f 2114 2261 2116
f 2114 2116 2115
f 2116 2261 2260
f 2116 2260 2262
f 2116 2262 2263
f 2116 2263 2264
f 2116 2264 2265
f 2116 2265 2117
f 2117 2265 2266
f 2117 2266 2118
f 2118 2266 2267
f 2118 2267 2268
f 2118 2268 2269
f 2118 2269 2270
f 2118 2270 2271
f 2118 2271 2272
f 2118 2272 2242
f 2119 2121 2120
f 2122 2132 2273
f 2122 2273 2123
f 2123 2273 2274
f 2123 2274 2124
f 2124 2274 2275
f 2124 2275 2133
f 2126 2276 2128
f 2126 2127 2131
f 2126 2131 2276
f 2128 2276 2277
f 2128 2277 2278
f 2128 2278 2129
f 2129 2278 2132
f 2130 2279 2280
f 2130 2280 2281
f 2130 2281 2282
f 2130 2282 2283
f 2130 2283 2284
f 2130 2246 2279
f 2131 2284 2425
f 2131 2425 2276
f 2132 2278 2273
f 2133 2275 2285
f 2133 2285 2286
f 2133 2286 2134
f 2134 2286 2287
f 2134 2287 2288
f 2134 2288 2289
f 2134 2289 2135
f 2135 2289 2136
f 2136 2289 2137
f 2137 2289 2143
f 2137 2143 2138
f 2138 2143 2290
f 2138 2290 2139
f 2139 2290 2148
f 2141 2148 2142
f 2142 2148 2290
f 2142 2290 2143
f 2143 2289 2291
f 2143 2291 2292
f 2143 2292 2145
f 2143 2145 2293
f 2143 2293 2144
f 2144 2293 2145
f 2145 2292 2294
f 2145 2294 2295
f 2145 2295 2296
f 2145 2296 2146
f 2146 2296 2165
f 2146 2165 2147
f 2149 2154 2297
f 2149 2297 2150
f 2150 2298 2299
f 2150 2299 2300
f 2150 2300 2164
f 2150 2164 2155
f 2150 2297 2301
f 2150 2301 2302
f 2150 2302 2298
f 2152 2170 2153
f 2153 2170 2169
f 2153 2169 2297
f 2153 2297 2154
f 2155 2164 2156
f 2156 2164 2157
f 2158 2299 2159
f 2158 2164 2300
f 2158 2300 2299
f 2159 2303 2304
f 2159 2304 2305
f 2159 2305 2160
f 2159 2299 2306
f 2159 2306 2303
f 2160 2305 2304
f 2160 2304 2161
f 2161 2304 2307
f 2161 2307 2308
f 2161 2308 2309
f 2161 2309 2175
f 2161 2175 2162
f 2162 2175 2163
f 2165 2296 2166
f 2166 2296 2310
f 2166 2310 2167
f 2167 2311 2169
f 2167 2169 2168
f 2167 2310 2296
f 2167 2296 2312
f 2167 2312 2313
f 2167 2313 2311
f 2169 2311 2314
f 2169 2314 2301
f 2169 2301 2297
f 2171 2315 2316
f 2171 2316 2317
f 2171 2317 2172
f 2171 2175 2309
f 2171 2309 2315
f 2172 2317 2318
f 2172 2318 2174
f 2172 2174 2173
f 2174 2318 2176
f 2176 2319 2320
f 2176 2320 2177
f 2176 2318 2319
f 2177 2320 2178
f 2178 2320 2179
f 2179 2320 2321
f 2179 2321 2322
f 2179 2322 2323
f 2180 2323 2324
f 2180 2324 2181
f 2181 2324 2325
f 2181 2325 2182
f 2182 2325 2326
f 2182 2326 2183
f 2183 2326 2327
f 2183 2327 2328
f 2183 2328 2184
f 2184 2328 2187
f 2185 2329 2330
f 2185 2330 2186
f 2185 2187 2331
f 2185 2331 2329
f 2186 2330 2332
f 2186 2332 2188
f 2187 2328 2467
f 2187 2467 2331
f 2189 2332 2333
f 2189 2333 2190
f 2190 2333 2334
f 2190 2334 2335
f 2190 2335 2191
f 2191 2335 2192
f 2192 2336 2337
f 2192 2337 2193
f 2192 2335 2338
f 2192 2338 2336
f 2193 2337 2194
f 2194 2337 2339
f 2194 2339 2195
f 2195 2339 2340
f 2195 2340 2341
f 2195 2341 2342
f 2195 2342 2196
f 2197 2198 2344
f 2197 2344 2343
f 2199 2345 2200
f 2200 2345 2488
f 2200 2488 2346
f 2200 2346 2348
f 2200 2348 2202
f 2201 2202 2348
f 2201 2348 2347
f 2203 2347 2204
f 2204 2347 2349
f 2204 2349 2205
f 2205 2349 2350
f 2205 2350 2351
f 2205 2351 2352
f 2205 2352 2353
f 2205 2353 2354
f 2205 2354 2355
f 2205 2355 2206
f 2206 2355 2356
f 2206 2356 2357
f 2206 2357 2358
f 2206 2358 2359
f 2206 2359 2360
f 2206 2360 2207
f 2207 2360 2208
f 2208 2360 2209
f 2209 2360 2361
f 2209 2361 2362
f 2209 2362 2225
f 2209 2225 2210
f 2210 2225 2211
f 2211 2225 2363
f 2211 2363 2364
f 2211 2364 2212
f 2212 2364 2363
f 2212 2363 2213
f 2213 2363 2365
f 2213 2365 2214
f 2214 2365 2225
f 2217 2219 2366
f 2217 2366 2218
f 2218 2367 2368
f 2218 2368 2232
f 2218 2366 2367
f 2219 2228 2369
f 2219 2369 2370
f 2219 2370 2371
f 2219 2371 2372
f 2219 2372 2373
f 2219 2373 2374
f 2219 2374 2366
f 2222 2224 2223
f 2222 2225 2375
f 2222 2375 2376
f 2222 2376 2224
f 2224 2376 2377
f 2224 2377 2378
f 2224 2378 2226
f 2225 2362 2379
f 2225 2379 2380
f 2225 2380 2358
f 2225 2358 2375
f 2225 2365 2363
f 2226 2378 2381
f 2226 2381 2382
f 2226 2382 2227
f 2227 2382 2228
f 2228 2382 2383
f 2228 2383 2369
f 2230 2232 2231
f 2232 2368 2234
f 2234 2368 2384
f 2234 2384 2237
f 2234 2237 2235
f 2236 2238 2385
f 2236 2385 2239
f 2237 2386 2387
f 2237 2387 2238
f 2237 2384 2388
f 2237 2388 2386
f 2238 2387 2385
f 2240 2385 2389
f 2240 2389 2390
f 2240 2390 2241
f 2241 2390 2247
f 2242 2272 2243
f 2243 2272 2244
f 2244 2272 2280
f 2244 2280 2279
f 2244 2279 2245
f 2245 2279 2246
f 2247 2390 2391
f 2247 2391 2250
f 2248 2254 2249
f 2248 2253 2392
f 2248 2392 2254
f 2250 2391 2393
f 2250 2393 2251
f 2251 2393 2394
f 2251 2394 2395
f 2251 2395 2252
f 2252 2395 2396
f 2252 2396 2397
f 2252 2397 2253
f 2253 2255 2392
f 2253 2397 2398
f 2253 2398 2399
f 2253 2399 2400
f 2253 2400 2401
f 2253 2401 2402
f 2253 2402 2403
f 2253 2403 2404
f 2253 2404 2255
f 2254 2392 2255
f 2255 2404 2405
f 2255 2405 2406
f 2255 2406 2259
f 2255 2259 2256
f 2256 2259 2257
f 2257 2259 2258
f 2259 2406 2407
f 2259 2407 2408
f 2259 2408 2409
f 2259 2409 2410
f 2259 2410 2260
f 2260 2410 2262
f 2262 2410 2411
f 2262 2411 2264
f 2262 2264 2263
f 2264 2266 2265
f 2264 2411 2409
f 2264 2409 2412
f 2264 2412 2266
f 2266 2413 2267
f 2266 2412 2414
f 2266 2414 2413
f 2267 2413 2268
f 2268 2413 2415
f 2268 2415 2416
f 2268 2416 2269
f 2269 2281 2270
f 2269 2416 2415
f 2269 2415 2417
f 2269 2417 2418
f 2269 2418 2419
f 2269 2419 2420
f 2269 2420 2281
f 2270 2280 2271
f 2270 2281 2280
f 2271 2280 2272
f 2273 2421 2422
f 2273 2422 2274
f 2273 2278 2421
f 2274 2422 2423
f 2274 2423 2275
f 2275 2423 2424
f 2275 2424 2285
f 2276 2425 2426
f 2276 2426 2277
f 2277 2426 2573
f 2277 2573 2427
f 2277 2427 2278
f 2278 2427 2428
f 2278 2428 2421
f 2281 2420 2419
f 2281 2419 2429
f 2281 2429 2430
f 2281 2430 2282
f 2282 2430 2431
f 2282 2431 2283
f 2283 2431 2284
f 2284 2431 2425
f 2285 2424 2286
f 2286 2432 2433
f 2286 2433 2434
f 2286 2434 2435
f 2286 2435 2436
f 2286 2436 2289
f 2286 2289 2287
f 2286 2424 2437
f 2286 2437 2432
f 2287 2289 2288
f 2289 2436 2438
f 2289 2438 2439
f 2289 2439 2291
f 2291 2439 2294
f 2291 2294 2292
f 2294 2439 2440
f 2294 2440 2441
f 2294 2441 2442
f 2294 2442 2295
f 2295 2442 2312
f 2295 2312 2296
f 2298 2302 2443
f 2298 2443 2444
f 2298 2444 2306
f 2298 2306 2299
f 2301 2314 2445
f 2301 2445 2302
f 2302 2445 2446
f 2302 2446 2443
f 2303 2306 2447
f 2303 2447 2448
f 2303 2448 2304
f 2304 2448 2449
f 2304 2449 2307
f 2306 2444 2450
f 2306 2450 2451
f 2306 2451 2447
f 2307 2449 2308
f 2308 2452 2453
f 2308 2453 2309
f 2308 2449 2448
f 2308 2448 2454
f 2308 2454 2452
f 2309 2453 2315
f 2311 2313 2455
f 2311 2455 2314
f 2312 2442 2313
f 2313 2456 2455
f 2313 2442 2457
f 2313 2457 2456
f 2314 2455 2445
f 2315 2453 2458
f 2315 2458 2319
f 2315 2319 2316
f 2316 2319 2459
f 2316 2459 2317
f 2317 2459 2319
f 2317 2319 2318
f 2319 2458 2460
f 2319 2460 2321
f 2319 2321 2320
f 2321 2460 2461
f 2321 2461 2322
f 2322 2461 2462
f 2322 2462 2324
f 2322 2324 2323
f 2324 2462 2463
f 2324 2463 2325
f 2325 2463 2464
f 2325 2464 2326
f 2326 2464 2465
f 2326 2465 2327
f 2327 2465 2610
f 2327 2610 2466
f 2327 2466 2467
f 2327 2467 2328
f 2329 2468 2330
f 2329 2331 2468
f 2330 2468 2469
f 2330 2469 2333
f 2330 2333 2332
f 2331 2467 2470
f 2331 2470 2468
f 2333 2469 2334
f 2334 2469 2468
f 2334 2468 2471
f 2334 2471 2472
f 2334 2472 2335
f 2335 2472 2338
f 2336 2473 2337
f 2336 2338 2474
f 2336 2474 2473
f 2337 2473 2475
f 2337 2475 2339
f 2338 2476 2474
f 2338 2472 2477
f 2338 2477 2478
f 2338 2478 2476
f 2339 2475 2479
f 2339 2479 2480
f 2339 2480 2481
f 2339 2481 2482
f 2339 2482 2483
f 2339 2483 2340
f 2343 2344 2485
f 2343 2485 2486
f 2343 2486 2487
f 2343 2487 2630
f 2343 2630 2484
f 2346 2488 2351
f 2346 2351 2349
f 2346 2349 2348
f 2347 2348 2349
f 2349 2351 2350
f 2351 2489 2352
f 2352 2489 2490
f 2352 2490 2353
f 2353 2490 2491
f 2353 2491 2492
f 2353 2492 2493
f 2353 2493 2356
f 2353 2356 2354
f 2354 2356 2355
f 2356 2493 2494
f 2356 2494 2357
f 2357 2494 2495
f 2357 2495 2496
f 2357 2496 2497
f 2357 2497 2358
f 2358 2498 2375
f 2358 2380 2361
f 2358 2361 2359
f 2358 2497 2498
f 2359 2361 2360
f 2361 2380 2379
f 2361 2379 2362
f 2366 2374 2499
f 2366 2499 2500
f 2366 2500 2368
f 2366 2368 2367
f 2368 2500 2384
f 2369 2383 2370
f 2370 2501 2502
f 2370 2502 2503
f 2370 2503 2371
f 2370 2383 2501
f 2371 2503 2502
f 2371 2502 2504
f 2371 2504 2505
f 2371 2505 2372
f 2372 2505 2373
f 2373 2505 2374
f 2374 2505 2506
f 2374 2506 2507
f 2374 2507 2499
f 2375 2498 2376
f 2376 2508 2509
f 2376 2509 2510
f 2376 2510 2377
f 2376 2498 2511
f 2376 2511 2512
f 2376 2512 2513
f 2376 2513 2508
f 2377 2510 2378
f 2378 2510 2514
f 2378 2514 2381
f 2381 2514 2515
f 2381 2515 2516
f 2381 2516 2517
f 2381 2517 2382
f 2382 2517 2518
f 2382 2518 2383
f 2383 2518 2519
f 2383 2519 2520
f 2383 2520 2521
f 2383 2521 2501
f 2384 2500 2522
f 2384 2522 2523
f 2384 2523 2388
f 2385 2387 2389
f 2386 2524 2389
f 2386 2389 2387
f 2386 2388 2525
f 2386 2525 2526
f 2386 2526 2524
f 2388 2523 2527
f 2388 2527 2525
f 2389 2524 2390
f 2390 2524 2391
f 2391 2524 2528
f 2391 2528 2529
f 2391 2529 2393
f 2393 2529 2394
f 2394 2530 2531
f 2394 2531 2395
f 2394 2529 2532
f 2394 2532 2530
f 2395 2531 2396
f 2396 2531 2533
f 2396 2533 2397
f 2397 2533 2534
f 2397 2534 2398
f 2398 2534 2535
f 2398 2535 2399
f 2399 2535 2536
f 2399 2536 2537
f 2399 2537 2539
f 2399 2539 2538
f 2399 2538 2400
f 2400 2538 2539
f 2400 2539 2540
f 2400 2540 2541
f 2400 2541 2542
f 2400 2542 2401
f 2401 2542 2543
f 2401 2543 2544
f 2401 2544 2402
f 2402 2544 2403
f 2403 2544 2545
f 2403 2545 2404
f 2404 2545 2405
f 2405 2545 2546
f 2405 2546 2406
f 2406 2546 2547
f 2406 2547 2407
f 2407 2547 2408
f 2408 2547 2548
f 2408 2548 2549
f 2408 2549 2409
f 2409 2550 2551
f 2409 2551 2412
f 2409 2411 2410
f 2409 2549 2552
f 2409 2552 2553
f 2409 2553 2554
f 2409 2554 2555
f 2409 2555 2556
f 2409 2556 2557
f 2409 2557 2558
f 2409 2558 2559
f 2409 2559 2550
f 2412 2551 2414
f 2413 2414 2560
f 2413 2560 2415
f 2414 2551 2560
f 2415 2560 2551
f 2415 2551 2561
f 2415 2561 2562
f 2415 2562 2563
f 2415 2563 2564
f 2415 2564 2417
f 2417 2564 2418
f 2418 2564 2565
f 2418 2565 2566
f 2418 2566 2567
f 2418 2567 2419
f 2419 2567 2568
f 2419 2568 2429
f 2421 2428 2422
f 2422 2569 2423
f 2422 2428 2569
f 2423 2570 2424
f 2423 2569 2570
f 2424 2570 2580
f 2424 2580 2437
f 2425 2431 2571
f 2425 2571 2426
f 2426 2571 2572
f 2426 2572 2573
f 2427 2573 2574
f 2427 2574 2428
f 2428 2574 2728
f 2428 2728 2575
f 2428 2575 2576
f 2428 2576 2569
f 2429 2568 2577
f 2429 2577 2571
f 2429 2571 2431
f 2429 2431 2430
f 2432 2578 2579
f 2432 2579 2433
f 2432 2437 2580
f 2432 2580 2578
f 2433 2579 2581
f 2433 2581 2434
f 2434 2582 2438
f 2434 2438 2436
f 2434 2436 2435
f 2434 2581 2741
f 2434 2741 2582
f 2438 2582 2583
f 2438 2583 2439
f 2439 2583 2440
f 2440 2583 2582
f 2440 2582 2584
f 2440 2584 2441
f 2441 2585 2586
f 2441 2586 2442
f 2441 2584 2585
f 2442 2586 2457
f 2443 2587 2588
f 2443 2588 2589
f 2443 2589 2444
f 2443 2446 2587
f 2444 2589 2590
f 2444 2590 2450
f 2445 2455 2591
f 2445 2591 2446
f 2446 2591 2592
f 2446 2592 2593
f 2446 2593 2587
f 2447 2594 2448
f 2447 2451 2595
f 2447 2595 2596
f 2447 2596 2594
f 2448 2594 2597
f 2448 2597 2454
f 2450 2590 2451
f 2451 2590 2598
f 2451 2598 2599
f 2451 2599 2595
f 2452 2454 2600
f 2452 2600 2601
f 2452 2601 2453
f 2453 2601 2458
f 2454 2597 2600
f 2455 2456 2602
f 2455 2602 2591
f 2456 2457 2603
f 2456 2603 2604
f 2456 2604 2602
f 2457 2586 2603
f 2458 2601 2460
f 2460 2601 2605
f 2460 2605 2461
f 2461 2605 2606
f 2461 2606 2462
f 2462 2606 2463
f 2463 2606 2607
f 2463 2607 2608
f 2463 2608 2464
f 2464 2608 2609
f 2464 2609 2465
f 2465 2609 2768
f 2465 2768 2610
f 2466 2611 2612
f 2466 2612 2467
f 2466 2610 2611
f 2467 2612 2470
f 2468 2613 2471
f 2468 2470 2614
f 2468 2614 2613
f 2470 2612 2614
f 2471 2613 2615
f 2471 2615 2472
f 2472 2615 2477
f 2473 2474 2616
f 2473 2616 2617
f 2473 2617 2479
f 2473 2479 2475
f 2474 2476 2618
f 2474 2618 2616
f 2476 2478 2619
f 2476 2619 2618
f 2477 2615 2620
f 2477 2620 2478
f 2478 2620 2621
f 2478 2621 2622
f 2478 2622 2619
f 2479 2617 2623
f 2479 2623 2624
f 2479 2624 2625
f 2479 2625 2626
f 2479 2626 2627
f 2479 2627 2628
f 2479 2628 2480
f 2484 2630 2631
f 2484 2631 2632
f 2484 2632 2633
f 2484 2633 2629
f 2491 2634 2492
f 2492 2494 2493
f 2492 2634 2494
f 2494 2635 2495
f 2494 2634 2636
f 2494 2636 2635
f 2495 2635 2637
f 2495 2637 2496
f 2496 2638 2639
f 2496 2639 2640
f 2496 2640 2641
f 2496 2641 2497
f 2496 2637 2642
f 2496 2642 2643
f 2496 2643 2638
f 2497 2641 2644
f 2497 2644 2645
f 2497 2645 2511
f 2497 2511 2498
f 2499 2507 2646
f 2499 2646 2647
f 2499 2647 2500
f 2500 2647 2648
f 2500 2648 2522
f 2501 2521 2502
f 2502 2649 2504
f 2502 2521 2650
f 2502 2650 2649
f 2504 2649 2506
f 2504 2506 2505
f 2506 2649 2507
f 2507 2647 2646
f 2507 2649 2651
f 2507 2651 2652
f 2507 2652 2647
f 2508 2510 2509
f 2508 2513 2653
f 2508 2653 2654
f 2508 2654 2510
f 2510 2654 2514
f 2511 2655 2512
f 2511 2645 2644
f 2511 2644 2656
f 2511 2656 2655
f 2512 2655 2513
f 2513 2657 2653
f 2513 2655 2657
f 2514 2654 2515
f 2515 2658 2518
f 2515 2518 2659
f 2515 2659 2516
f 2515 2654 2660
f 2515 2660 2661
f 2515 2661 2658
f 2516 2659 2517
f 2517 2659 2518
f 2518 2658 2519
f 2519 2658 2661
f 2519 2661 2662
f 2519 2662 2520
f 2520 2650 2521
f 2520 2662 2663
f 2520 2663 2650
f 2522 2664 2523
f 2522 2648 2664
f 2523 2664 2665
f 2523 2665 2527
f 2524 2526 2528
f 2525 2527 2526
f 2526 2532 2529
f 2526 2529 2528
f 2526 2527 2665
f 2526 2665 2666
f 2526 2666 2667
f 2526 2667 2668
f 2526 2668 2669
f 2526 2669 2530
f 2526 2530 2532
f 2530 2669 2670
f 2530 2670 2671
f 2530 2671 2531
f 2531 2671 2533
f 2533 2671 2672
f 2533 2672 2673
f 2533 2673 2535
f 2533 2535 2534
f 2535 2673 2536
f 2536 2673 2674
f 2536 2674 2537
f 2537 2674 2539
f 2539 2674 2673
f 2539 2673 2540
f 2540 2673 2675
f 2540 2675 2676
f 2540 2676 2677
f 2540 2677 2678
f 2540 2678 2541
f 2541 2678 2542
f 2542 2679 2543
f 2542 2678 2680
f 2542 2680 2681
f 2542 2681 2682
f 2542 2682 2683
f 2542 2683 2679
f 2543 2679 2544
f 2544 2679 2684
f 2544 2684 2685
f 2544 2685 2686
f 2544 2686 2687
f 2544 2687 2545
f 2545 2687 2546
f 2546 2687 2688
f 2546 2688 2547
f 2547 2689 2690
f 2547 2690 2548
f 2547 2688 2691
f 2547 2691 2692
f 2547 2692 2689
f 2548 2690 2689
f 2548 2689 2549
f 2549 2689 2692
f 2549 2692 2552
f 2550 2693 2551
f 2550 2559 2693
f 2551 2693 2562
f 2551 2562 2561
f 2552 2692 2694
f 2552 2694 2695
f 2552 2695 2553
f 2553 2556 2555
f 2553 2555 2554
f 2553 2695 2694
f 2553 2694 2691
f 2553 2691 2696
f 2553 2696 2697
f 2553 2697 2698
f 2553 2698 2699
f 2553 2699 2700
f 2553 2700 2701
f 2553 2701 2556
f 2556 2702 2558
f 2556 2558 2557
f 2556 2701 2703
f 2556 2703 2704
f 2556 2704 2705
f 2556 2705 2702
f 2558 2702 2559
f 2559 2702 2705
f 2559 2705 2706
f 2559 2706 2707
f 2559 2707 2708
f 2559 2708 2562
f 2559 2562 2693
f 2562 2708 2709
f 2562 2709 2710
f 2562 2710 2563
f 2563 2710 2711
f 2563 2711 2564
f 2564 2711 2712
f 2564 2712 2565
f 2565 2713 2566
f 2565 2712 2711
f 2565 2711 2710
f 2565 2710 2714
f 2565 2714 2709
f 2565 2709 2715
f 2565 2715 2716
f 2565 2716 2717
f 2565 2717 2713
f 2566 2713 2718
f 2566 2718 2719
f 2566 2719 2720
f 2566 2720 2567
f 2567 2720 2568
f 2568 2720 2721
f 2568 2721 2577
f 2569 2576 2570
f 2570 2576 2722
f 2570 2722 2580
f 2571 2577 2572
f 2572 2577 2721
f 2572 2721 2723
f 2572 2723 2724
f 2572 2724 2574
f 2572 2574 2573
f 2574 2724 2725
f 2574 2725 2726
f 2574 2726 2727
f 2574 2727 2728
f 2575 2728 2876
f 2575 2876 2729
f 2575 2729 2576
f 2576 2729 2730
f 2576 2730 2731
f 2576 2731 2722
f 2578 2580 2732
f 2578 2732 2733
f 2578 2733 2734
f 2578 2734 2735
f 2578 2735 2579
f 2579 2736 2737
f 2579 2737 2738
f 2579 2738 2739
f 2579 2739 2740
f 2579 2740 2741
f 2579 2741 2581
f 2579 2735 2734
f 2579 2734 2736
f 2580 2722 2732
f 2582 2741 2742
f 2582 2742 2584
f 2584 2742 2743
f 2584 2743 2585
f 2585 2744 2586
f 2585 2743 2744
f 2586 2744 2603
f 2587 2593 2745
f 2587 2745 2588
f 2588 2745 2746
f 2588 2746 2747
f 2588 2747 2590
f 2588 2590 2589
f 2590 2747 2748
f 2590 2748 2598
f 2591 2602 2592
f 2592 2749 2750
f 2592 2750 2593
f 2592 2602 2751
f 2592 2751 2749
f 2593 2750 2745
f 2594 2752 2597
f 2594 2596 2752
f 2595 2599 2753
f 2595 2753 2596
f 2596 2754 2755
f 2596 2755 2756
f 2596 2756 2757
f 2596 2757 2600
f 2596 2600 2752
f 2596 2753 2758
f 2596 2758 2754
f 2597 2752 2600
f 2598 2759 2760
f 2598 2760 2599
f 2598 2748 2759
f 2599 2760 2761
f 2599 2761 2762
f 2599 2762 2758
f 2599 2758 2753
f 2600 2757 2601
f 2601 2757 2756
f 2601 2756 2605
f 2602 2604 2751
f 2603 2763 2764
f 2603 2764 2604
f 2603 2744 2763
f 2604 2764 2751
f 2605 2756 2606
f 2606 2756 2607
f 2607 2756 2765
f 2607 2765 2766
f 2607 2766 2608
f 2608 2766 2767
f 2608 2767 2609
f 2609 2767 2902
f 2609 2902 2768
f 2610 2768 2769
f 2610 2769 2611
f 2611 2770 2771
f 2611 2771 2612
f 2611 2769 2770
f 2612 2771 2614
f 2613 2772 2615
f 2613 2614 2772
f 2614 2771 2773
f 2614 2773 2772
f 2615 2772 2620
f 2616 2774 2623
f 2616 2623 2617
f 2616 2618 2774
f 2618 2619 2775
f 2618 2775 2774
f 2619 2776 2775
f 2619 2622 2777
f 2619 2777 2776
f 2620 2772 2778
f 2620 2778 2621
f 2621 2779 2622
f 2621 2778 2780
f 2621 2780 2779
f 2622 2779 2781
f 2622 2781 2777
f 2623 2774 2782
f 2623 2782 2624
f 2624 2782 2783
f 2624 2783 2784
f 2624 2784 2785
f 2624 2785 2625
f 2625 2785 2626
f 2629 2633 2786
f 2633 2787 2788
f 2633 2788 2786
f 2634 2789 2636
f 2635 2636 2790
f 2635 2790 2791
f 2635 2791 2792
f 2635 2792 2793
f 2635 2793 2794
f 2635 2794 2795
f 2635 2795 2643
f 2635 2643 2637
f 2636 2789 2796
f 2636 2796 2790
f 2637 2643 2642
f 2638 2797 2639
f 2638 2643 2797
f 2639 2797 2798
f 2639 2798 2799
f 2639 2799 2640
f 2640 2644 2641
f 2640 2799 2644
f 2643 2795 2800
f 2643 2800 2801
f 2643 2801 2802
f 2643 2802 2797
f 2644 2799 2798
f 2644 2798 2656
f 2647 2652 2648
f 2648 2652 2803
f 2648 2803 2804
f 2648 2804 2664
f 2649 2805 2652
f 2649 2652 2651
f 2649 2650 2805
f 2650 2806 2805
f 2650 2663 2807
f 2650 2807 2808
f 2650 2808 2809
f 2650 2809 2806
f 2652 2805 2810
f 2652 2810 2803
f 2653 2657 2656
f 2653 2656 2811
f 2653 2811 2812
f 2653 2812 2813
f 2653 2813 2814
f 2653 2814 2654
f 2654 2814 2813
f 2654 2813 2660
f 2655 2656 2657
f 2656 2798 2812
f 2656 2812 2811
f 2660 2813 2661
f 2661 2813 2815
f 2661 2815 2662
f 2662 2815 2816
f 2662 2816 2817
f 2662 2817 2663
f 2663 2817 2818
f 2663 2818 2807
f 2664 2804 2819
f 2664 2819 2668
f 2664 2668 2665
f 2665 2668 2666
f 2666 2668 2667
f 2668 2819 2670
f 2668 2670 2669
f 2670 2819 2820
f 2670 2820 2671
f 2671 2820 2821
f 2671 2821 2672
f 2672 2821 2822
f 2672 2822 2823
f 2672 2823 2824
f 2672 2824 2825
f 2672 2825 2673
f 2673 2825 2675
f 2675 2825 2676
f 2676 2825 2826
f 2676 2826 2827
f 2676 2827 2677
f 2677 2827 2828
f 2677 2828 2829
f 2677 2829 2830
f 2677 2830 2678
f 2678 2830 2680
f 2679 2691 2685
f 2679 2685 2684
f 2679 2683 2831
f 2679 2831 2832
f 2679 2832 2833
f 2679 2833 2834
f 2679 2834 2691
f 2680 2830 2835
f 2680 2835 2836
f 2680 2836 2837
f 2680 2837 2838
f 2680 2838 2839
f 2680 2839 2681
f 2681 2839 2840
f 2681 2840 2841
f 2681 2841 2682
f 2682 2831 2683
f 2682 2841 2831
f 2685 2691 2686
f 2686 2691 2688
f 2686 2688 2687
f 2691 2834 2842
f 2691 2842 2843
f 2691 2843 2844
f 2691 2844 2845
f 2691 2845 2846
f 2691 2846 2698
f 2691 2698 2696
f 2691 2694 2692
f 2696 2698 2697
f 2698 2847 2699
f 2698 2846 2845
f 2698 2845 2848
f 2698 2848 2849
f 2698 2849 2850
f 2698 2850 2851
f 2698 2851 2847
f 2699 2847 2700
f 2700 2847 2852
f 2700 2852 2853
f 2700 2853 2854
f 2700 2854 2704
f 2700 2704 2703
f 2700 2703 2701
f 2704 2854 2855
f 2704 2855 2856
f 2704 2856 2857
f 2704 2857 2706
f 2704 2706 2705
f 2706 2857 2707
f 2707 2857 2858
f 2707 2858 2859
f 2707 2859 2708
f 2708 2859 2860
f 2708 2860 2709
f 2709 2714 2861
f 2709 2861 2710
f 2709 2860 2859
f 2709 2859 2862
f 2709 2862 2863
f 2709 2863 2864
f 2709 2864 2865
f 2709 2865 2866
f 2709 2866 2867
f 2709 2867 2715
f 2710 2861 2714
f 2713 2868 2718
f 2713 2717 2868
f 2715 2867 2717
f 2715 2717 2716
f 2717 2867 2869
f 2717 2869 2868
f 2718 2870 2719
f 2718 2868 2869
f 2718 2869 2871
f 2718 2871 2872
f 2718 2872 2873
f 2718 2873 2870
f 2719 2723 2720
f 2719 2870 2723
f 2720 2723 2721
f 2722 2731 2732
f 2723 2870 2725
f 2723 2725 2724
f 2725 2870 2874
f 2725 2874 2726
f 2726 2874 2875
f 2726 2875 2727
f 2727 2876 2728
f 2727 2875 2877
f 2727 2877 2878
f 2727 2878 2879
f 2727 2879 2876
f 2729 2876 2879
f 2729 2879 2730
f 2730 2879 2878
f 2730 2878 2731
f 2731 2878 3017
f 2731 3017 2880
f 2731 2880 2733
f 2731 2733 2732
f 2733 2880 2881
f 2733 2881 2734
f 2734 2881 2882
f 2734 2882 2736
f 2736 2882 2737
f 2737 2882 2883
f 2737 2883 2884
f 2737 2884 2885
f 2737 2885 2886
f 2737 2886 2739
f 2737 2739 2738
f 2739 2886 2887
f 2739 2887 2740
f 2740 2743 2742
f 2740 2742 2741
f 2740 2887 2888
f 2740 2888 2889
f 2740 2889 2890
f 2740 2890 2763
f 2740 2763 2891
f 2740 2891 2743
f 2743 2891 2763
f 2743 2763 2744
f 2745 2750 2892
f 2745 2892 2746
f 2746 2892 2893
f 2746 2893 2894
f 2746 2894 2895
f 2746 2895 2747
f 2747 2895 2748
f 2748 2895 2759
f 2749 2893 2750
f 2749 2751 2764
f 2749 2764 2896
f 2749 2896 2890
f 2749 2890 2893
f 2750 2893 2892
f 2754 2897 2755
f 2754 2758 2897
f 2755 2897 2756
f 2756 2897 2765
f 2758 2762 2761
f 2758 2761 2895
f 2758 2895 2898
f 2758 2898 2899
f 2758 2899 2897
f 2759 2761 2760
f 2759 2895 2761
f 2763 2890 2764
f 2764 2890 2896
f 2765 2897 2766
f 2766 2897 2900
f 2766 2900 2901
f 2766 2901 2767
f 2767 2901 2903
f 2767 2903 3045
f 2767 3045 2902
f 2768 2904 2769
f 2768 2902 2904
f 2769 2905 2770
f 2769 2904 2905
f 2770 2906 2907
f 2770 2907 2771
f 2770 2905 2906
f 2771 2907 2773
f 2772 2773 2778
f 2773 2907 2908
f 2773 2908 2778
f 2774 2775 2909
f 2774 2909 2782
f 2775 2776 2909
f 2776 2910 2911
f 2776 2911 2912
f 2776 2912 2909
f 2776 2777 2913
f 2776 2913 2914
f 2776 2914 2915
f 2776 2915 2916
f 2776 2916 2910
f 2777 2781 2913
f 2778 2908 2780
f 2779 2780 2917
f 2779 2917 2918
f 2779 2918 2781
f 2780 2908 2919
f 2780 2919 2920
f 2780 2920 2917
f 2781 2921 2913
f 2781 2918 2922
f 2781 2922 2923
f 2781 2923 2924
f 2781 2924 2925
f 2781 2925 2921
f 2782 2926 2927
f 2782 2927 2928
f 2782 2928 2783
f 2782 2909 2929
f 2782 2929 2930
f 2782 2930 2931
f 2782 2931 2932
f 2782 2932 2933
f 2782 2933 2926
f 2783 2928 2784
f 2787 2934 2788
f 2788 2934 2935
f 2790 2936 2937
f 2790 2937 2800
f 2790 2800 2791
f 2791 2800 2793
f 2791 2793 2792
f 2793 2795 2794
f 2793 2800 2795
f 2797 2802 2798
f 2798 2802 2812
f 2800 2937 2938
f 2800 2938 2801
f 2801 2938 2939
f 2801 2939 2802
f 2802 2939 2812
f 2803 2940 2804
f 2803 2810 2940
f 2804 2940 2819
f 2805 2941 2810
f 2805 2806 2941
f 2806 2942 2943
f 2806 2943 2941
f 2806 2809 2944
f 2806 2944 2945
f 2806 2945 2942
f 2807 2818 2946
f 2807 2946 2809
f 2807 2809 2808
f 2809 2946 2944
f 2810 2941 2947
f 2810 2947 2948
f 2810 2948 2940
f 2812 2949 2813
f 2812 2939 2949
f 2813 2949 2950
f 2813 2950 2951
f 2813 2951 2952
f 2813 2952 2953
f 2813 2953 2954
f 2813 2954 2815
f 2815 2955 2816
f 2815 2954 2955
f 2816 2955 2817
f 2817 2955 2956
f 2817 2956 2957
f 2817 2957 2818
f 2818 2957 2958
f 2818 2958 2946
f 2819 2940 2820
f 2820 2940 2948
f 2820 2948 2959
f 2820 2959 2821
f 2821 2959 2822
f 2822 2959 2960
f 2822 2960 2961
f 2822 2961 2823
f 2823 2961 2960
f 2823 2960 2824
f 2824 2960 2962
f 2824 2962 2825
f 2825 2962 2826
f 2826 2962 2960
f 2826 2960 2963
f 2826 2963 2827
f 2827 2963 2828
f 2828 2964 2829
f 2828 2963 2965
f 2828 2965 2966
f 2828 2966 2964
f 2829 2964 2830
f 2830 2964 2967
f 2830 2967 2835
f 2831 2841 2968
f 2831 2968 2969
f 2831 2969 2832
f 2832 2842 2833
f 2832 2969 2970
f 2832 2970 2971
f 2832 2971 2842
f 2833 2842 2834
f 2835 2967 2972
f 2835 2972 2973
f 2835 2973 2837
f 2835 2837 2836
f 2837 2973 2974
f 2837 2974 2975
f 2837 2975 2976
f 2837 2976 2977
f 2837 2977 2978
f 2837 2978 2979
f 2837 2979 2980
f 2837 2980 2838
f 2838 2980 2981
f 2838 2981 2839
f 2839 2981 2840
f 2840 2981 2841
f 2841 2981 2968
f 2842 2971 2843
f 2843 2971 2982
f 2843 2982 2983
f 2843 2983 2984
f 2843 2984 2844
f 2844 2984 2983
f 2844 2983 2985
f 2844 2985 2986
f 2844 2986 2987
f 2844 2987 2988
f 2844 2988 2845
f 2845 2988 2848
f 2847 2851 2852
f 2848 2988 2987
f 2848 2987 2849
f 2849 2987 2851
f 2849 2851 2850
f 2851 2987 2989
f 2851 2989 2990
f 2851 2990 2991
f 2851 2991 2992
f 2851 2992 2993
f 2851 2993 2994
f 2851 2994 2852
f 2852 2994 2853
f 2853 2994 2854
f 2854 2994 2995
f 2854 2995 2996
f 2854 2996 2855
f 2855 2996 2997
f 2855 2997 2998
f 2855 2998 2856
f 2856 2863 2999
f 2856 2999 2857
f 2856 2998 3000
f 2856 3000 3001
f 2856 3001 2863
f 2857 2999 2858
f 2858 2999 2859
f 2859 2999 2862
f 2862 2999 2863
f 2863 3001 3002
f 2863 3002 2864
f 2864 3002 3003
f 2864 3003 3004
f 2864 3004 2865
f 2865 3004 2866
f 2866 3004 3005
f 2866 3005 3006
f 2866 3006 3007
f 2866 3007 3008
f 2866 3008 2867
f 2867 3008 2871
f 2867 2871 2869
f 2870 2873 2874
f 2871 3008 3009
f 2871 3009 3010
f 2871 3010 2872
f 2872 3010 3011
f 2872 3011 3012
f 2872 3012 2873
f 2873 3012 3013
f 2873 3013 2874
f 2874 3013 2875
f 2875 3013 3181
f 2875 3181 3014
f 2875 3014 2877
f 2877 3014 3015
f 2877 3015 2878
f 2878 3015 3016
f 2878 3016 3017
f 2880 3017 3018
f 2880 3018 2881
f 2881 3018 3019
f 2881 3019 2883
f 2881 2883 2882
f 2883 3019 3020
f 2883 3020 2884
f 2884 3020 3021
f 2884 3021 2885
f 2885 3021 3187
f 2885 3187 3022
f 2885 3022 3023
f 2885 3023 2886
f 2886 3023 2887
f 2887 3023 3024
f 2887 3024 3025
f 2887 3025 2888
f 2888 3025 3026
f 2888 3026 2889
f 2889 3026 3027
f 2889 3027 2890
f 2890 3027 3028
f 2890 3028 2893
f 2893 3029 3030
f 2893 3030 2894
f 2893 3028 3031
f 2893 3031 3032
f 2893 3032 3033
f 2893 3033 3029
f 2894 3034 3035
f 2894 3035 3036
f 2894 3036 2895
f 2894 3030 3029
f 2894 3029 3034
f 2895 3036 3037
f 2895 3037 3038
f 2895 3038 3039
f 2895 3039 3040
f 2895 3040 2898
f 2897 2899 2900
f 2898 3040 3041
f 2898 3041 3042
f 2898 3042 3043
f 2898 3043 2899
f 2899 3043 2900
f 2900 3043 2901
f 2901 3043 2903
f 2902 3044 2904
f 2902 3045 3046
f 2902 3046 3044
f 2903 3043 3042
f 2903 3042 3041
f 2903 3041 3200
f 2903 3200 3045
f 2904 3047 2905
f 2904 3044 3047
f 2905 3047 3048
f 2905 3048 3049
f 2905 3049 2906
f 2906 3049 3050
f 2906 3050 3051
f 2906 3051 3052
f 2906 3052 2907
f 2907 3052 2908
f 2908 3052 2919
f 2909 2912 2929
f 2910 3053 3054
f 2910 3054 2911
f 2910 2916 3053
f 2911 3054 3055
f 2911 3055 2912
f 2912 3055 3056
f 2912 3056 2929
f 2913 2921 2925
f 2913 2925 3057
f 2913 3057 3058
f 2913 3058 2914
f 2914 3058 3059
f 2914 3059 2915
f 2915 3059 2916
f 2916 3059 3060
f 2916 3060 3061
f 2916 3061 3053
f 2917 2920 3062
f 2917 3062 2918
f 2918 3062 3063
f 2918 3063 2922
f 2919 3052 3051
f 2919 3051 3064
f 2919 3064 3065
f 2919 3065 2920
f 2920 3066 3062
f 2920 3065 3067
f 2920 3067 3066
f 2922 3063 3068
f 2922 3068 3069
f 2922 3069 2923
f 2923 3069 3070
f 2923 3070 2924
f 2924 3070 3071
f 2924 3071 2925
f 2925 3071 3058
f 2925 3058 3057
f 2926 3072 3073
f 2926 3073 2927
f 2926 2933 3074
f 2926 3074 3075
f 2926 3075 3076
f 2926 3076 3072
f 2927 3073 2928
f 2928 3073 3077
f 2929 2931 2930
f 2929 3056 2931
f 2931 3056 3055
f 2931 3055 3078
f 2931 3078 2933
f 2931 2933 2932
f 2933 3078 3079
f 2933 3079 3080
f 2933 3080 3074
f 2934 3081 3082
f 2934 3082 2935
f 2936 3083 2937
f 2937 3083 3084
f 2937 3084 3085
f 2937 3085 3086
f 2937 3086 2938
f 2938 3087 3088
f 2938 3088 3089
f 2938 3089 3090
f 2938 3090 3091
f 2938 3091 2939
f 2938 3086 3092
f 2938 3092 3093
f 2938 3093 3094
f 2938 3094 3087
f 2939 3091 3095
f 2939 3095 3096
f 2939 3096 2949
f 2941 2943 2942
f 2941 2942 2947
f 2942 2945 3097
f 2942 3097 3098
f 2942 3098 3099
f 2942 3099 2947
f 2944 2946 3100
f 2944 3100 3101
f 2944 3101 2945
f 2945 3101 3097
f 2946 2958 3102
f 2946 3102 3100
f 2947 3103 3104
f 2947 3104 2948
f 2947 3099 3103
f 2948 3104 3105
f 2948 3105 3106
f 2948 3106 2959
f 2949 3107 2950
f 2949 3096 3107
f 2950 3107 3108
f 2950 3108 3109
f 2950 3109 2951
f 2951 3109 3110
f 2951 3110 2952
f 2952 3110 3111
f 2952 3111 2953
f 2953 3111 3112
f 2953 3112 3113
f 2953 3113 2954
f 2954 3114 2955
f 2954 3113 3115
f 2954 3115 3116
f 2954 3116 3114
f 2955 3114 2956
f 2956 3117 3118
f 2956 3118 2957
f 2956 3114 3116
f 2956 3116 3117
f 2957 3118 2958
f 2958 3118 3102
f 2959 3106 2963
f 2959 2963 2960
f 2963 3119 2965
f 2963 3106 3120
f 2963 3120 3121
f 2963 3121 3119
f 2964 2966 3122
f 2964 3122 3123
f 2964 3123 2972
f 2964 2972 2967
f 2965 3119 3099
f 2965 3099 3098
f 2965 3098 2966
f 2966 3098 3124
f 2966 3124 3122
f 2968 2980 3125
f 2968 3125 2970
f 2968 2970 2969
f 2968 2981 2980
f 2970 3125 3126
f 2970 3126 2971
f 2971 3126 2982
f 2972 3123 3127
f 2972 3127 3128
f 2972 3128 2973
f 2973 3128 3129
f 2973 3129 2974
f 2974 3130 3131
f 2974 3131 3132
f 2974 3132 3133
f 2974 3133 3134
f 2974 3134 3135
f 2974 3135 3136
f 2974 3136 3137
f 2974 3137 2975
f 2974 3129 3130
f 2975 3137 3138
f 2975 3138 2976
f 2976 3138 3139
f 2976 3139 3140
f 2976 3140 3141
f 2976 3141 2977
f 2977 3142 2978
f 2977 3141 3143
f 2977 3143 3144
f 2977 3144 3142
f 2978 3142 3145
f 2978 3145 3146
f 2978 3146 2979
f 2979 3146 3125
f 2979 3125 2980
f 2982 3126 2983
f 2983 3126 2985
f 2985 3126 3147
f 2985 3147 3148
f 2985 3148 2986
f 2986 3149 2987
f 2986 3148 3149
f 2987 3149 2990
f 2987 2990 2989
f 2990 3148 3150
f 2990 3150 3151
f 2990 3151 3152
f 2990 3152 3153
f 2990 3153 3154
f 2990 3154 3155
f 2990 3155 3156
f 2990 3156 3157
f 2990 3157 2992
f 2990 2992 2991
f 2990 3149 3148
f 2992 3158 2993
f 2992 3157 3159
f 2992 3159 3158
f 2993 2995 2994
f 2993 3158 2995
f 2995 3158 3160
f 2995 3160 2996
f 2996 3160 2997
f 2997 3161 2998
f 2997 3160 3162
f 2997 3162 3161
f 2998 3161 3000
f 3000 3161 3163
f 3000 3163 3164
f 3000 3164 3165
f 3000 3165 3002
f 3000 3002 3001
f 3002 3165 3166
f 3002 3166 3003
f 3003 3167 3005
f 3003 3005 3004
f 3003 3166 3167
f 3005 3167 3168
f 3005 3168 3006
f 3006 3168 3007
f 3007 3168 3169
f 3007 3169 3170
f 3007 3170 3171
f 3007 3171 3172
f 3007 3172 3009
f 3007 3009 3008
f 3009 3172 3173
f 3009 3173 3010
f 3010 3173 3174
f 3010 3174 3175
f 3010 3175 3011
f 3011 3175 3173
f 3011 3173 3176
f 3011 3176 3177
f 3011 3177 3178
f 3011 3178 3179
f 3011 3179 3180
f 3011 3180 3181
f 3011 3181 3013
f 3011 3013 3012
f 3014 3181 3180
f 3014 3180 3182
f 3014 3182 3015
f 3015 3182 3016
f 3016 3182 3183
f 3016 3183 3018
f 3016 3018 3017
f 3018 3183 3184
f 3018 3184 3019
f 3019 3184 3185
f 3019 3185 3020
f 3020 3185 3021
f 3021 3186 3351
f 3021 3351 3187
f 3021 3185 3186
f 3022 3187 3188
f 3022 3188 3024
f 3022 3024 3023
f 3024 3188 3354
f 3024 3354 3189
f 3024 3189 3026
f 3024 3026 3025
f 3026 3189 3190
f 3026 3190 3027
f 3027 3190 3028
f 3028 3190 3191
f 3028 3191 3192
f 3028 3192 3032
f 3028 3032 3031
f 3029 3033 3193
f 3029 3193 3194
f 3029 3194 3034
f 3032 3192 3033
f 3033 3192 3357
f 3033 3357 3195
f 3033 3195 3358
f 3033 3358 3193
f 3034 3194 3035
f 3035 3194 3196
f 3035 3196 3364
f 3035 3364 3197
f 3035 3197 3036
f 3036 3197 3037
f 3037 3197 3198
f 3037 3198 3038
f 3038 3198 3199
f 3038 3199 3039
f 3039 3199 3041
f 3039 3041 3040
f 3041 3199 3366
f 3041 3366 3200
f 3044 3046 3201
f 3044 3201 3202
f 3044 3202 3203
f 3044 3203 3047
f 3045 3204 3046
f 3045 3200 3205
f 3045 3205 3204
f 3046 3204 3201
f 3047 3203 3206
f 3047 3206 3048
f 3048 3206 3207
f 3048 3207 3208
f 3048 3208 3049
f 3049 3208 3050
f 3050 3208 3209
f 3050 3209 3064
f 3050 3064 3051
f 3053 3061 3054
f 3054 3061 3210
f 3054 3210 3211
f 3054 3211 3055
f 3055 3079 3078
f 3055 3211 3079
f 3058 3071 3212
f 3058 3212 3213
f 3058 3213 3214
f 3058 3214 3215
f 3058 3215 3216
f 3058 3216 3217
f 3058 3217 3059
f 3059 3217 3218
f 3059 3218 3061
f 3059 3061 3060
f 3061 3219 3210
f 3061 3218 3220
f 3061 3220 3221
f 3061 3221 3219
f 3062 3066 3222
f 3062 3222 3223
f 3062 3223 3224
f 3062 3224 3063
f 3063 3224 3223
f 3063 3223 3068
f 3064 3209 3225
f 3064 3225 3065
f 3065 3226 3067
f 3065 3225 3226
f 3066 3067 3222
f 3067 3226 3227
f 3067 3227 3222
f 3068 3228 3069
f 3068 3223 3229
f 3068 3229 3230
f 3068 3230 3228
f 3069 3231 3070
f 3069 3228 3232
f 3069 3232 3231
f 3070 3233 3234
f 3070 3234 3071
f 3070 3231 3233
f 3071 3234 3212
f 3072 3235 3073
f 3072 3076 3236
f 3072 3236 3235
f 3073 3235 3237
f 3073 3237 3238
f 3073 3238 3077
f 3074 3080 3239
f 3074 3239 3075
f 3075 3240 3241
f 3075 3241 3076
f 3075 3239 3242
f 3075 3242 3243
f 3075 3243 3240
f 3076 3241 3236
f 3079 3244 3080
f 3079 3211 3245
f 3079 3245 3246
f 3079 3246 3244
f 3080 3244 3239
f 3081 3247 3082
f 3082 3247 3248
f 3087 3094 3249
f 3087 3249 3250
f 3087 3250 3251
f 3087 3251 3088
f 3088 3251 3089
f 3089 3251 3252
f 3089 3252 3253
f 3089 3253 3254
f 3089 3254 3255
f 3089 3255 3256
f 3089 3256 3091
f 3089 3091 3090
f 3091 3256 3095
f 3092 3257 3093
f 3093 3257 3094
f 3094 3257 3258
f 3094 3258 3259
f 3094 3259 3260
f 3094 3260 3261
f 3094 3261 3250
f 3094 3250 3249
f 3095 3256 3255
f 3095 3255 3096
f 3096 3255 3262
f 3096 3262 3263
f 3096 3263 3264
f 3096 3264 3265
f 3096 3265 3107
f 3097 3101 3266
f 3097 3266 3098
f 3098 3266 3124
f 3099 3119 3105
f 3099 3105 3103
f 3100 3102 3267
f 3100 3267 3101
f 3101 3268 3266
f 3101 3267 3269
f 3101 3269 3268
f 3102 3118 3270
f 3102 3270 3271
f 3102 3271 3267
f 3103 3105 3104
f 3105 3121 3120
f 3105 3120 3106
f 3105 3119 3121
f 3107 3265 3108
f 3108 3265 3264
f 3108 3264 3272
f 3108 3272 3109
f 3109 3272 3273
f 3109 3273 3110
f 3110 3273 3274
f 3110 3274 3111
f 3111 3274 3112
f 3112 3273 3275
f 3112 3275 3276
f 3112 3276 3277
f 3112 3277 3278
f 3112 3278 3279
f 3112 3279 3115
f 3112 3115 3113
f 3112 3274 3273
f 3115 3279 3116
f 3116 3279 3118
f 3116 3118 3117
f 3118 3279 3270
f 3122 3124 3280
f 3122 3280 3281
f 3122 3281 3282
f 3122 3282 3123
f 3123 3282 3283
f 3123 3283 3284
f 3123 3284 3127
f 3124 3266 3268
f 3124 3268 3280
f 3125 3146 3285
f 3125 3285 3126
f 3126 3285 3147
f 3127 3284 3128
f 3128 3284 3129
f 3129 3284 3283
f 3129 3283 3130
f 3130 3283 3131
f 3131 3286 3132
f 3131 3283 3282
f 3131 3282 3287
f 3131 3287 3288
f 3131 3288 3289
f 3131 3289 3286
f 3132 3286 3290
f 3132 3290 3291
f 3132 3291 3292
f 3132 3292 3293
f 3132 3293 3294
f 3132 3294 3133
f 3133 3294 3295
f 3133 3295 3134
f 3134 3295 3135
f 3135 3295 3296
f 3135 3296 3297
f 3135 3297 3298
f 3135 3298 3299
f 3135 3299 3136
f 3136 3299 3300
f 3136 3300 3301
f 3136 3301 3137
f 3137 3301 3138
f 3138 3301 3302
f 3138 3302 3303
f 3138 3303 3139
f 3139 3303 3140
f 3140 3304 3143
f 3140 3143 3141
f 3140 3303 3304
f 3142 3305 3145
f 3142 3144 3306
f 3142 3306 3307
f 3142 3307 3305
f 3143 3304 3303
f 3143 3303 3308
f 3143 3308 3309
f 3143 3309 3144
f 3144 3309 3307
f 3144 3307 3306
f 3145 3310 3285
f 3145 3285 3146
f 3145 3305 3310
f 3147 3285 3148
f 3148 3285 3311
f 3148 3311 3312
f 3148 3312 3313
f 3148 3313 3314
f 3148 3314 3315
f 3148 3315 3316
f 3148 3316 3150
f 3150 3152 3151
f 3150 3316 3152
f 3152 3316 3153
f 3153 3316 3317
f 3153 3317 3318
f 3153 3318 3154
f 3154 3318 3319
f 3154 3319 3320
f 3154 3320 3321
f 3154 3321 3156
f 3154 3156 3155
f 3156 3321 3322
f 3156 3322 3157
f 3157 3323 3159
f 3157 3322 3323
f 3158 3159 3324
f 3158 3324 3160
f 3159 3323 3322
f 3159 3322 3325
f 3159 3325 3326
f 3159 3326 3327
f 3159 3327 3328
f 3159 3328 3324
f 3160 3324 3329
f 3160 3329 3162
f 3161 3162 3329
f 3161 3329 3163
f 3163 3329 3328
f 3163 3328 3330
f 3163 3330 3164
f 3164 3330 3331
f 3164 3331 3332
f 3164 3332 3165
f 3165 3332 3166
f 3166 3332 3333
f 3166 3333 3334
f 3166 3334 3335
f 3166 3335 3336
f 3166 3336 3167
f 3167 3336 3168
f 3168 3336 3169
f 3169 3336 3337
f 3169 3337 3338
f 3169 3338 3170
f 3170 3338 3339
f 3170 3339 3171
f 3171 3173 3172
f 3171 3339 3173
f 3173 3339 3340
f 3173 3340 3341
f 3173 3341 3342
f 3173 3342 3176
f 3173 3175 3174
f 3176 3342 3178
f 3176 3178 3177
f 3178 3342 3343
f 3178 3343 3502
f 3178 3502 3344
f 3178 3344 3179
f 3179 3344 3345
f 3179 3345 3180
f 3180 3345 3182
f 3182 3346 3183
f 3182 3345 3346
f 3183 3346 3345
f 3183 3345 3347
f 3183 3347 3184
f 3184 3347 3185
f 3185 3347 3345
f 3185 3345 3348
f 3185 3348 3349
f 3185 3349 3186
f 3186 3349 3350
f 3186 3350 3351
f 3187 3351 3188
f 3188 3352 3353
f 3188 3353 3354
f 3188 3351 3350
f 3188 3350 3352
f 3189 3354 3510
f 3189 3510 3355
f 3189 3355 3190
f 3190 3355 3356
f 3190 3356 3191
f 3191 3356 3192
f 3192 3356 3511
f 3192 3511 3357
f 3193 3358 3359
f 3193 3359 3194
f 3194 3359 3363
f 3194 3363 3196
f 3195 3357 3360
f 3195 3360 3361
f 3195 3361 3362
f 3195 3362 3358
f 3196 3363 3524
f 3196 3524 3364
f 3197 3364 3198
f 3198 3364 3524
f 3198 3524 3365
f 3198 3365 3366
f 3198 3366 3199
f 3200 3367 3368
f 3200 3368 3205
f 3200 3366 3369
f 3200 3369 3367
f 3201 3204 3370
f 3201 3370 3202
f 3202 3370 3371
f 3202 3371 3372
f 3202 3372 3373
f 3202 3373 3206
f 3202 3206 3203
f 3204 3205 3368
f 3204 3368 3370
f 3206 3373 3374
f 3206 3374 3375
f 3206 3375 3376
f 3206 3376 3207
f 3207 3377 3208
f 3207 3376 3377
f 3208 3377 3209
f 3209 3377 3378
f 3209 3378 3225
f 3210 3245 3211
f 3210 3219 3379
f 3210 3379 3245
f 3212 3234 3213
f 3213 3380 3381
f 3213 3381 3214
f 3213 3234 3233
f 3213 3233 3382
f 3213 3382 3380
f 3214 3381 3215
f 3215 3381 3383
f 3215 3383 3384
f 3215 3384 3385
f 3215 3385 3216
f 3216 3385 3386
f 3216 3386 3220
f 3216 3220 3218
f 3216 3218 3217
f 3219 3221 3379
f 3220 3386 3221
f 3221 3386 3387
f 3221 3387 3388
f 3221 3388 3379
f 3222 3227 3389
f 3222 3389 3390
f 3222 3390 3223
f 3223 3390 3229
f 3225 3378 3391
f 3225 3391 3226
f 3226 3391 3392
f 3226 3392 3227
f 3227 3392 3389
f 3228 3230 3232
f 3229 3390 3393
f 3229 3393 3394
f 3229 3394 3395
f 3229 3395 3230
f 3230 3395 3232
f 3231 3396 3233
f 3231 3232 3396
f 3232 3397 3396
f 3232 3395 3397
f 3233 3396 3382
f 3235 3398 3237
f 3235 3236 3399
f 3235 3399 3398
f 3236 3241 3399
f 3239 3244 3242
f 3240 3400 3401
f 3240 3401 3399
f 3240 3399 3241
f 3240 3243 3402
f 3240 3402 3403
f 3240 3403 3400
f 3242 3244 3402
f 3242 3402 3243
f 3244 3246 3404
f 3244 3404 3402
f 3245 3379 3246
f 3246 3379 3404
f 3247 3405 3248
f 3248 3405 3407
f 3248 3407 3408
f 3248 3408 3406
f 3250 3261 3251
f 3251 3261 3260
f 3251 3260 3252
f 3252 3260 3409
f 3252 3409 3253
f 3253 3410 3411
f 3253 3411 3254
f 3253 3409 3410
f 3254 3411 3412
f 3254 3412 3255
f 3255 3412 3262
f 3258 3413 3259
f 3259 3414 3409
f 3259 3409 3260
f 3259 3413 3415
f 3259 3415 3416
f 3259 3416 3414
f 3262 3412 3263
f 3263 3412 3411
f 3263 3411 3264
f 3264 3411 3410
f 3264 3410 3417
f 3264 3417 3276
f 3264 3276 3418
f 3264 3418 3272
f 3267 3271 3419
f 3267 3419 3420
f 3267 3420 3421
f 3267 3421 3422
f 3267 3422 3269
f 3268 3269 3423
f 3268 3423 3424
f 3268 3424 3280
f 3269 3425 3423
f 3269 3422 3425
f 3270 3279 3426
f 3270 3426 3271
f 3271 3426 3427
f 3271 3427 3419
f 3272 3418 3273
f 3273 3418 3275
f 3275 3418 3276
f 3276 3417 3428
f 3276 3428 3429
f 3276 3429 3430
f 3276 3430 3431
f 3276 3431 3432
f 3276 3432 3277
f 3277 3432 3278
f 3278 3432 3433
f 3278 3433 3279
f 3279 3433 3426
f 3280 3424 3434
f 3280 3434 3435
f 3280 3435 3436
f 3280 3436 3437
f 3280 3437 3438
f 3280 3438 3281
f 3281 3438 3288
f 3281 3288 3287
f 3281 3287 3282
f 3285 3310 3439
f 3285 3439 3440
f 3285 3440 3441
f 3285 3441 3442
f 3285 3442 3311
f 3286 3443 3290
f 3286 3289 3444
f 3286 3444 3435
f 3286 3435 3443
f 3288 3438 3289
f 3289 3438 3437
f 3289 3437 3436
f 3289 3436 3444
f 3290 3443 3445
f 3290 3445 3446
f 3290 3446 3291
f 3291 3447 3292
f 3291 3446 3448
f 3291 3448 3449
f 3291 3449 3450
f 3291 3450 3447
f 3292 3447 3450
f 3292 3450 3451
f 3292 3451 3293
f 3293 3451 3452
f 3293 3452 3453
f 3293 3453 3296
f 3293 3296 3294
f 3294 3296 3295
f 3296 3453 3454
f 3296 3454 3455
f 3296 3455 3297
f 3297 3455 3300
f 3297 3300 3298
f 3298 3300 3299
f 3300 3455 3456
f 3300 3456 3457
f 3300 3457 3303
f 3300 3303 3302
f 3300 3302 3301
f 3303 3457 3458
f 3303 3458 3459
f 3303 3459 3308
f 3305 3460 3310
f 3305 3307 3461
f 3305 3461 3460
f 3307 3309 3308
f 3307 3308 3462
f 3307 3462 3463
f 3307 3463 3464
f 3307 3464 3442
f 3307 3442 3465
f 3307 3465 3466
f 3307 3466 3439
f 3307 3439 3461
f 3308 3459 3462
f 3310 3460 3439
f 3311 3313 3312
f 3311 3442 3313
f 3313 3442 3314
f 3314 3442 3467
f 3314 3467 3315
f 3315 3467 3468
f 3315 3468 3317
f 3315 3317 3469
f 3315 3469 3316
f 3316 3469 3317
f 3317 3319 3318
f 3317 3468 3442
f 3317 3442 3470
f 3317 3470 3471
f 3317 3471 3472
f 3317 3472 3473
f 3317 3473 3474
f 3317 3474 3475
f 3317 3475 3476
f 3317 3476 3319
f 3319 3476 3477
f 3319 3477 3320
f 3320 3325 3321
f 3320 3477 3325
f 3321 3325 3322
f 3324 3328 3329
f 3325 3477 3478
f 3325 3478 3479
f 3325 3479 3480
f 3325 3480 3326
f 3326 3481 3327
f 3326 3480 3482
f 3326 3482 3481
f 3327 3481 3483
f 3327 3483 3328
f 3328 3483 3484
f 3328 3484 3485
f 3328 3485 3331
f 3328 3331 3330
f 3331 3485 3486
f 3331 3486 3487
f 3331 3487 3488
f 3331 3488 3333
f 3331 3333 3332
f 3333 3488 3489
f 3333 3489 3334
f 3334 3489 3335
f 3335 3337 3336
f 3335 3489 3490
f 3335 3490 3491
f 3335 3491 3492
f 3335 3492 3493
f 3335 3493 3337
f 3337 3493 3494
f 3337 3494 3338
f 3338 3494 3339
f 3339 3494 3492
f 3339 3492 3495
f 3339 3495 3496
f 3339 3496 3497
f 3339 3497 3498
f 3339 3498 3340
f 3340 3498 3499
f 3340 3499 3341
f 3341 3499 3500
f 3341 3500 3501
f 3341 3501 3342
f 3342 3501 3343
f 3343 3501 3500
f 3343 3500 3503
f 3343 3503 3504
f 3343 3504 3502
f 3344 3502 3345
f 3345 3502 3505
f 3345 3505 3349
f 3345 3349 3348
f 3349 3505 3350
f 3350 3505 3506
f 3350 3506 3352
f 3352 3506 3353
f 3353 3506 3507
f 3353 3507 3508
f 3353 3508 3509
f 3353 3509 3354
f 3354 3509 3510
f 3355 3510 3511
f 3355 3511 3356
f 3357 3511 3512
f 3357 3512 3513
f 3357 3513 3360
f 3358 3362 3359
f 3359 3514 3515
f 3359 3515 3363
f 3359 3362 3514
f 3360 3516 3361
f 3360 3513 3516
f 3361 3517 3518
f 3361 3518 3519
f 3361 3519 3520
f 3361 3520 3521
f 3361 3521 3362
f 3361 3516 3513
f 3361 3513 3522
f 3361 3522 3523
f 3361 3523 3517
f 3362 3521 3520
f 3362 3520 3514
f 3363 3515 3525
f 3363 3525 3524
f 3365 3524 3525
f 3365 3525 3526
f 3365 3526 3527
f 3365 3527 3369
f 3365 3369 3366
f 3367 3369 3528
f 3367 3528 3368
f 3368 3371 3370
f 3368 3528 3371
f 3369 3527 3528
f 3371 3528 3529
f 3371 3529 3530
f 3371 3530 3531
f 3371 3531 3532
f 3371 3532 3374
f 3371 3374 3372
f 3372 3374 3373
f 3374 3533 3375
f 3374 3532 3534
f 3374 3534 3535
f 3374 3535 3536
f 3374 3536 3537
f 3374 3537 3533
f 3375 3533 3376
f 3376 3538 3377
f 3376 3533 3539
f 3376 3539 3540
f 3376 3540 3538
f 3377 3538 3378
f 3378 3538 3541
f 3378 3541 3542
f 3378 3542 3543
f 3378 3543 3544
f 3378 3544 3545
f 3378 3545 3391
f 3379 3388 3404
f 3380 3546 3547
f 3380 3547 3381
f 3380 3382 3548
f 3380 3548 3546
f 3381 3547 3383
f 3382 3396 3549
f 3382 3549 3548
f 3383 3547 3384
f 3384 3547 3550
f 3384 3550 3551
f 3384 3551 3385
f 3385 3551 3552
f 3385 3552 3386
f 3386 3552 3387
f 3387 3552 3551
f 3387 3551 3553
f 3387 3553 3554
f 3387 3554 3555
f 3387 3555 3556
f 3387 3556 3557
f 3387 3557 3558
f 3387 3558 3404
f 3387 3404 3388
f 3389 3559 3560
f 3389 3560 3390
f 3389 3392 3559
f 3390 3560 3561
f 3390 3561 3562
f 3390 3562 3393
f 3391 3545 3563
f 3391 3563 3392
f 3392 3563 3559
f 3393 3562 3564
f 3393 3564 3565
f 3393 3565 3394
f 3394 3566 3395
f 3394 3565 3566
f 3395 3566 3567
f 3395 3567 3568
f 3395 3568 3397
f 3396 3397 3549
f 3397 3569 3549
f 3397 3568 3569
f 3398 3399 3571
f 3398 3571 3570
f 3399 3401 3571
f 3400 3572 3401
f 3400 3403 3573
f 3400 3573 3574
f 3400 3574 3572
f 3401 3572 3571
f 3402 3404 3575
f 3402 3575 3557
f 3402 3557 3576
f 3402 3576 3403
f 3403 3576 3573
f 3404 3558 3557
f 3404 3557 3575
f 3406 3408 3577
f 3408 3578 3577
f 3409 3579 3580
f 3409 3580 3581
f 3409 3581 3582
f 3409 3582 3583
f 3409 3583 3428
f 3409 3428 3410
f 3409 3414 3416
f 3409 3416 3584
f 3409 3584 3579
f 3410 3428 3417
f 3419 3427 3585
f 3419 3585 3586
f 3419 3586 3421
f 3419 3421 3420
f 3421 3586 3587
f 3421 3587 3588
f 3421 3588 3589
f 3421 3589 3590
f 3421 3590 3422
f 3422 3590 3591
f 3422 3591 3425
f 3423 3425 3591
f 3423 3591 3424
f 3424 3592 3593
f 3424 3593 3434
f 3424 3591 3592
f 3426 3433 3594
f 3426 3594 3427
f 3427 3594 3585
f 3428 3583 3582
f 3428 3582 3595
f 3428 3595 3596
f 3428 3596 3597
f 3428 3597 3598
f 3428 3598 3599
f 3428 3599 3600
f 3428 3600 3429
f 3429 3600 3430
f 3430 3601 3431
f 3430 3600 3599
f 3430 3599 3602
f 3430 3602 3601
f 3431 3601 3603
f 3431 3603 3432
f 3432 3603 3433
f 3433 3603 3604
f 3433 3604 3585
f 3433 3585 3594
f 3434 3593 3435
f 3435 3444 3436
f 3435 3593 3605
f 3435 3605 3606
f 3435 3606 3443
f 3439 3466 3441
f 3439 3441 3440
f 3439 3460 3461
f 3441 3466 3465
f 3441 3465 3442
f 3442 3464 3607
f 3442 3607 3608
f 3442 3608 3470
f 3442 3468 3467
f 3443 3591 3445
f 3443 3606 3592
f 3443 3592 3591
f 3445 3588 3609
f 3445 3609 3610
f 3445 3610 3611
f 3445 3611 3612
f 3445 3612 3613
f 3445 3613 3614
f 3445 3614 3615
f 3445 3615 3448
f 3445 3448 3446
f 3445 3591 3589
f 3445 3589 3588
f 3448 3615 3449
f 3449 3615 3614
f 3449 3614 3613
f 3449 3613 3616
f 3449 3616 3617
f 3449 3617 3450
f 3450 3617 3451
f 3451 3617 3618
f 3451 3618 3453
f 3451 3453 3452
f 3453 3618 3454
f 3454 3619 3620
f 3454 3620 3621
f 3454 3621 3455
f 3454 3618 3619
f 3455 3621 3456
f 3456 3621 3622
f 3456 3622 3623
f 3456 3623 3458
f 3456 3458 3457
f 3458 3623 3624
f 3458 3624 3625
f 3458 3625 3459
f 3459 3625 3626
f 3459 3626 3463
f 3459 3463 3462
f 3463 3607 3464
f 3463 3626 3607
f 3470 3608 3627
f 3470 3627 3471
f 3471 3627 3628
f 3471 3628 3473
f 3471 3473 3472
f 3473 3628 3629
f 3473 3629 3630
f 3473 3630 3631
f 3473 3631 3632
f 3473 3632 3633
f 3473 3633 3634
f 3473 3634 3635
f 3473 3635 3636
f 3473 3636 3637
f 3473 3637 3638
f 3473 3638 3475
f 3473 3475 3474
f 3475 3639 3476
f 3475 3638 3640
f 3475 3640 3641
f 3475 3641 3639
f 3476 3639 3477
f 3477 3639 3641
f 3477 3641 3640
f 3477 3640 3642
f 3477 3642 3643
f 3477 3643 3644
f 3477 3644 3479
f 3477 3479 3478
f 3479 3644 3643
f 3479 3643 3645
f 3479 3645 3646
f 3479 3646 3647
f 3479 3647 3648
f 3479 3648 3649
f 3479 3649 3482
f 3479 3482 3480
f 3481 3482 3483
f 3482 3649 3650
f 3482 3650 3483
f 3483 3650 3484
f 3484 3486 3485
f 3484 3650 3651
f 3484 3651 3652
f 3484 3652 3486
f 3486 3652 3653
f 3486 3653 3487
f 3487 3490 3489
f 3487 3489 3488
f 3487 3653 3490
f 3490 3653 3654
f 3490 3654 3492
f 3490 3492 3491
f 3492 3497 3495
f 3492 3494 3493
f 3492 3654 3655
f 3492 3655 3656
f 3492 3656 3657
f 3492 3657 3658
f 3492 3658 3659
f 3492 3659 3660
f 3492 3660 3497
f 3495 3497 3496
f 3497 3499 3498
f 3497 3660 3661
f 3497 3661 3662
f 3497 3662 3499
f 3499 3662 3663
f 3499 3663 3664
f 3499 3664 3500
f 3500 3664 3503
f 3502 3504 3505
f 3503 3664 3665
f 3503 3665 3666
f 3503 3666 3504
f 3504 3666 3505
f 3505 3666 3667
f 3505 3667 3668
f 3505 3668 3522
f 3505 3522 3507
f 3505 3507 3506
f 3507 3522 3508
f 3508 3522 3513
f 3508 3513 3509
f 3509 3513 3512
f 3509 3512 3511
f 3509 3511 3510
f 3514 3520 3515
f 3515 3520 3669
f 3515 3669 3525
f 3517 3523 3670
f 3517 3670 3671
f 3517 3671 3672
f 3517 3672 3518
f 3518 3672 3519
f 3519 3672 3673
f 3519 3673 3674
f 3519 3674 3528
f 3519 3528 3520
f 3520 3528 3669
f 3522 3668 3675
f 3522 3675 3676
f 3522 3676 3523
f 3523 3676 3675
f 3523 3675 3677
f 3523 3677 3670
f 3525 3669 3526
f 3526 3669 3528
f 3526 3528 3527
f 3528 3674 3678
f 3528 3678 3679
f 3528 3679 3529
f 3529 3679 3680
f 3529 3680 3531
f 3529 3531 3530
f 3531 3534 3532
f 3531 3680 3681
f 3531 3681 3682
f 3531 3682 3534
f 3533 3537 3683
f 3533 3683 3684
f 3533 3684 3539
f 3534 3682 3535
f 3535 3682 3685
f 3535 3685 3686
f 3535 3686 3687
f 3535 3687 3536
f 3536 3687 3683
f 3536 3683 3537
f 3538 3540 3541
f 3539 3684 3688
f 3539 3688 3540
f 3540 3688 3689
f 3540 3689 3541
f 3541 3689 3690
f 3541 3690 3542
f 3542 3690 3544
f 3542 3544 3543
f 3544 3690 3691
f 3544 3691 3545
f 3545 3691 3563
f 3546 3692 3547
f 3546 3548 3693
f 3546 3693 3692
f 3547 3694 3695
f 3547 3695 3550
f 3547 3692 3696
f 3547 3696 3694
f 3548 3549 3697
f 3548 3697 3698
f 3548 3698 3693
f 3549 3569 3697
f 3550 3553 3551
f 3550 3695 3699
f 3550 3699 3553
f 3553 3699 3554
f 3554 3700 3701
f 3554 3701 3555
f 3554 3699 3702
f 3554 3702 3703
f 3554 3703 3700
f 3555 3701 3704
f 3555 3704 3705
f 3555 3705 3556
f 3556 3705 3704
f 3556 3704 3557
f 3557 3704 3576
f 3559 3706 3707
f 3559 3707 3560
f 3559 3563 3706
f 3560 3707 3708
f 3560 3708 3709
f 3560 3709 3710
f 3560 3710 3711
f 3560 3711 3561
f 3561 3711 3712
f 3561 3712 3713
f 3561 3713 3714
f 3561 3714 3715
f 3561 3715 3562
f 3562 3715 3716
f 3562 3716 3717
f 3562 3717 3564
f 3563 3691 3706
f 3564 3717 3718
f 3564 3718 3565
f 3565 3718 3719
f 3565 3719 3567
f 3565 3567 3566
f 3567 3720 3568
f 3567 3719 3721
f 3567 3721 3720
f 3568 3720 3722
f 3568 3722 3569
f 3569 3723 3697
f 3569 3722 3723
f 3570 3724 3725
f 3570 3571 3726
f 3570 3726 3724
f 3571 3572 3726
f 3572 3574 3727
f 3572 3727 3728
f 3572 3728 3726
f 3573 3576 3704
f 3573 3704 3729
f 3573 3729 3574
f 3574 3729 3730
f 3574 3730 3727
f 3577 3578 3731
f 3578 3732 3731
f 3579 3733 3580
f 3579 3584 3733
f 3580 3733 3734
f 3580 3734 3735
f 3580 3735 3596
f 3580 3596 3581
f 3581 3596 3582
f 3582 3596 3595
f 3584 3736 3737
f 3584 3737 3733
f 3585 3604 3738
f 3585 3738 3739
f 3585 3739 3740
f 3585 3740 3586
f 3586 3740 3587
f 3587 3740 3741
f 3587 3741 3588
f 3588 3741 3739
f 3588 3739 3742
f 3588 3742 3609
f 3589 3591 3590
f 3592 3606 3605
f 3592 3605 3593
f 3596 3735 3737
f 3596 3737 3743
f 3596 3743 3744
f 3596 3744 3745
f 3596 3745 3746
f 3596 3746 3747
f 3596 3747 3748
f 3596 3748 3749
f 3596 3749 3597
f 3597 3749 3598
f 3598 3749 3750
f 3598 3750 3599
f 3599 3750 3747
f 3599 3747 3751
f 3599 3751 3602
f 3601 3602 3603
f 3602 3751 3752
f 3602 3752 3603
f 3603 3752 3753
f 3603 3753 3604
f 3604 3753 3754
f 3604 3754 3755
f 3604 3755 3738
f 3607 3626 3756
f 3607 3756 3757
f 3607 3757 3785
f 3607 3785 3758
f 3607 3758 3759
f 3607 3759 3608
f 3608 3759 3627
f 3609 3742 3760
f 3609 3760 3761
f 3609 3761 3762
f 3609 3762 3611
f 3609 3611 3610
f 3611 3762 3612
f 3612 3762 3763
f 3612 3763 3764
f 3612 3764 3613
f 3613 3764 3616
f 3616 3765 3766
f 3616 3766 3617
f 3616 3764 3765
f 3617 3766 3619
f 3617 3619 3618
f 3619 3766 3767
f 3619 3767 3620
f 3620 3768 3622
f 3620 3622 3621
f 3620 3767 3769
f 3620 3769 3768
f 3622 3768 3770
f 3622 3770 3771
f 3622 3771 3772
f 3622 3772 3773
f 3622 3773 3623
f 3623 3773 3774
f 3623 3774 3624
f 3624 3774 3775
f 3624 3775 3776
f 3624 3776 3625
f 3625 3776 3777
f 3625 3777 3778
f 3625 3778 3779
f 3625 3779 3780
f 3625 3780 3781
f 3625 3781 3756
f 3625 3756 3626
f 3627 3759 3782
f 3627 3782 3631
f 3627 3631 3630
f 3627 3630 3629
f 3627 3629 3628
f 3631 3783 3633
f 3631 3633 3632
f 3631 3782 3784
f 3631 3784 3759
f 3631 3759 3758
f 3631 3758 3785
f 3631 3785 3783
f 3633 3783 3786
f 3633 3786 3787
f 3633 3787 3788
f 3633 3788 3634
f 3634 3788 3789
f 3634 3789 3790
f 3634 3790 3791
f 3634 3791 3635
f 3635 3791 3792
f 3635 3792 3793
f 3635 3793 3794
f 3635 3794 3636
f 3636 3795 3637
f 3636 3794 3796
f 3636 3796 3795
f 3637 3795 3797
f 3637 3797 3640
f 3637 3640 3638
f 3640 3797 3642
f 3642 3797 3798
f 3642 3798 3799
f 3642 3799 3643
f 3643 3799 3645
f 3645 3799 3800
f 3645 3800 3646
f 3646 3648 3647
f 3646 3800 3801
f 3646 3801 3648
f 3648 3802 3803
f 3648 3803 3651
f 3648 3651 3650
f 3648 3650 3649
f 3648 3801 3804
f 3648 3804 3805
f 3648 3805 3806
f 3648 3806 3807
f 3648 3807 3802
f 3651 3803 3808
f 3651 3808 3653
f 3651 3653 3652
f 3653 3655 3654
f 3653 3808 3802
f 3653 3802 3809
f 3653 3809 3810
f 3653 3810 3811
f 3653 3811 3656
f 3653 3656 3655
f 3656 3811 3812
f 3656 3812 3813
f 3656 3813 3657
f 3657 3813 3658
f 3658 3813 3814
f 3658 3814 3815
f 3658 3815 3816
f 3658 3816 3817
f 3658 3817 3818
f 3658 3818 3819
f 3658 3819 3820
f 3658 3820 3821
f 3658 3821 3822
f 3658 3822 3823
f 3658 3823 3824
f 3658 3824 3659
f 3659 3824 3660
f 3660 3824 3661
f 3661 3824 3823
f 3661 3823 3825
f 3661 3825 3822
f 3661 3822 3826
f 3661 3826 3662
f 3662 3826 3663
f 3663 3826 3827
f 3663 3827 3828
f 3663 3828 3829
f 3663 3829 3664
f 3664 3829 3665
f 3665 3829 3830
f 3665 3830 3666
f 3666 3830 3668
f 3666 3668 3667
f 3668 3830 3831
f 3668 3831 3675
f 3670 3832 3833
f 3670 3833 3671
f 3670 3677 3834
f 3670 3834 3832
f 3671 3835 3672
f 3671 3833 3835
f 3672 3835 3673
f 3673 3835 3836
f 3673 3836 3837
f 3673 3837 3838
f 3673 3838 3674
f 3674 3838 3678
f 3675 3839 3677
f 3675 3831 3839
f 3677 3839 3834
f 3678 3838 3681
f 3678 3681 3679
f 3679 3681 3680
f 3681 3838 3682
f 3682 3838 3840
f 3682 3840 3685
f 3683 3687 3684
f 3684 3687 3688
f 3685 3840 3841
f 3685 3841 3842
f 3685 3842 3843
f 3685 3843 3844
f 3685 3844 3686
f 3686 3844 3845
f 3686 3845 3687
f 3687 3845 3846
f 3687 3846 3688
f 3688 3846 3847
f 3688 3847 3848
f 3688 3848 3689
f 3689 3848 3849
f 3689 3849 3690
f 3690 3707 3691
f 3690 3849 3708
f 3690 3708 3707
f 3691 3707 3706
f 3692 3693 3850
f 3692 3850 3851
f 3692 3851 3696
f 3693 3698 3850
f 3694 3852 3702
f 3694 3702 3699
f 3694 3699 3695
f 3694 3696 3853
f 3694 3853 3852
f 3696 3851 3854
f 3696 3854 3853
f 3697 3723 3698
f 3698 3855 3850
f 3698 3723 3856
f 3698 3856 3855
f 3700 3703 3857
f 3700 3857 3858
f 3700 3858 3701
f 3701 3858 3704
f 3702 3852 3859
f 3702 3859 3703
f 3703 3860 3857
f 3703 3859 3861
f 3703 3861 3860
f 3704 3858 3729
f 3708 3849 3709
f 3709 3849 3862
f 3709 3862 3863
f 3709 3863 3710
f 3710 3863 3711
f 3711 3863 3864
f 3711 3864 3865
f 3711 3865 3866
f 3711 3866 3712
f 3712 3867 3868
f 3712 3868 3869
f 3712 3869 3713
f 3712 3866 3867
f 3713 3869 3714
f 3714 3869 3870
f 3714 3870 3715
f 3715 3870 3716
f 3716 3871 3872
f 3716 3872 3717
f 3716 3870 3873
f 3716 3873 3874
f 3716 3874 3871
f 3717 3872 3875
f 3717 3875 3718
f 3718 3875 3721
f 3718 3721 3719
f 3720 3876 3722
f 3720 3721 3876
f 3721 3875 3877
f 3721 3877 3878
f 3721 3878 3876
f 3722 3876 3879
f 3722 3879 3880
f 3722 3880 3723
f 3723 3880 3856
f 3724 3726 3881
f 3724 3881 3725
f 3725 3881 3882
f 3726 3883 3881
f 3726 3728 3883
f 3727 3730 3884
f 3727 3884 3885
f 3727 3885 3728
f 3728 3885 3883
f 3729 3858 3886
f 3729 3886 3730
f 3730 3886 3887
f 3730 3887 3884
f 3731 3732 3888
f 3732 3889 3890
f 3732 3890 3888
f 3733 3737 3734
f 3734 3737 3735
f 3736 3891 3737
f 3737 3891 3892
f 3737 3892 3743
f 3738 3755 3739
f 3739 3741 3740
f 3739 3755 3893
f 3739 3893 3894
f 3739 3894 3895
f 3739 3895 3896
f 3739 3896 3897
f 3739 3897 3898
f 3739 3898 3899
f 3739 3899 3900
f 3739 3900 3742
f 3742 3900 3760
f 3743 3901 3744
f 3744 3901 3902
f 3744 3902 3903
f 3744 3903 3904
f 3744 3904 3745
f 3745 3904 3746
f 3746 3904 3905
f 3746 3905 3906
f 3746 3906 3907
f 3746 3907 3908
f 3746 3908 3747
f 3747 3909 3910
f 3747 3910 3751
f 3747 3750 3749
f 3747 3749 3748
f 3747 3908 3909
f 3751 3910 3752
f 3752 3910 3753
f 3753 3755 3754
f 3753 3910 3755
f 3755 3910 3893
f 3756 3781 3780
f 3756 3780 3911
f 3756 3911 3757
f 3757 3911 3783
f 3757 3783 3785
f 3759 3784 3782
f 3760 3900 3899
f 3760 3899 3898
f 3760 3898 3912
f 3760 3912 3762
f 3760 3762 3761
f 3762 3912 3913
f 3762 3913 3914
f 3762 3914 3915
f 3762 3915 3763
f 3763 3916 3764
f 3763 3915 3917
f 3763 3917 3918
f 3763 3918 3916
f 3764 3916 3765
f 3765 3916 3919
f 3765 3919 3920
f 3765 3920 3766
f 3766 3920 3767
f 3767 3920 3921
f 3767 3921 3922
f 3767 3922 3923
f 3767 3923 3924
f 3767 3924 3769
f 3768 3769 3925
f 3768 3925 3770
f 3769 3924 3926
f 3769 3926 3927
f 3769 3927 3928
f 3769 3928 3929
f 3769 3929 3930
f 3769 3930 3925
f 3770 3925 3931
f 3770 3931 3932
f 3770 3932 3933
f 3770 3933 3771
f 3771 3933 3934
f 3771 3934 3772
f 3772 3934 3935
f 3772 3935 3773
f 3773 3935 3936
f 3773 3936 3937
f 3773 3937 3774
f 3774 3937 3936
f 3774 3936 3775
f 3775 3936 3938
f 3775 3938 3939
f 3775 3939 3776
f 3776 3939 3777
f 3777 3939 3778
f 3778 3939 3779
f 3779 3783 3911
f 3779 3911 3780
f 3779 3939 3940
f 3779 3940 3786
f 3779 3786 3783
f 3786 3940 3941
f 3786 3941 3787
f 3787 3941 3788
f 3788 3941 3942
f 3788 3942 3789
f 3789 3942 3943
f 3789 3943 3944
f 3789 3944 3790
f 3790 3945 3791
f 3790 3944 3945
f 3791 3945 3792
f 3792 3945 3793
f 3793 3945 3946
f 3793 3946 3947
f 3793 3947 3948
f 3793 3948 3794
f 3794 3948 3796
f 3795 3949 3950
f 3795 3950 3797
f 3795 3796 3951
f 3795 3951 3952
f 3795 3952 3949
f 3796 3948 3951
f 3797 3950 3799
f 3797 3799 3798
f 3799 3950 3953
f 3799 3953 3801
f 3799 3801 3800
f 3801 3954 3804
f 3801 3953 3955
f 3801 3955 3956
f 3801 3956 3954
f 3802 3808 3803
f 3802 3807 3957
f 3802 3957 3958
f 3802 3958 3809
f 3804 3954 3805
f 3805 3959 3806
f 3805 3954 3956
f 3805 3956 3960
f 3805 3960 3961
f 3805 3961 3962
f 3805 3962 3963
f 3805 3963 3959
f 3806 3959 3957
f 3806 3957 3807
f 3809 3958 3810
f 3810 3964 3965
f 3810 3965 3812
f 3810 3812 3811
f 3810 3958 3964
f 3812 3965 3814
f 3812 3814 3813
f 3814 3965 3815
f 3815 3965 3964
f 3815 3964 3966
f 3815 3966 3967
f 3815 3967 3968
f 3815 3968 3969
f 3815 3969 3970
f 3815 3970 3971
f 3815 3971 3816
f 3816 3971 3817
f 3817 3970 3969
f 3817 3969 3972
f 3817 3972 3973
f 3817 3973 3974
f 3817 3974 3975
f 3817 3975 3976
f 3817 3976 3977
f 3817 3977 3818
f 3817 3971 3970
f 3818 3977 3819
f 3819 3977 3820
f 3820 3978 3822
f 3820 3822 3821
f 3820 3977 3979
f 3820 3979 3980
f 3820 3980 3981
f 3820 3981 3978
f 3822 3978 3827
f 3822 3827 3826
f 3822 3825 3823
f 3827 3978 3982
f 3827 3982 3983
f 3827 3983 3828
f 3828 3831 3829
f 3828 3983 3831
f 3829 3831 3830
f 3831 3983 3839
f 3832 3834 3982
f 3832 3982 3984
f 3832 3984 3833
f 3833 3984 3985
f 3833 3985 3836
f 3833 3836 3835
f 3834 3839 3983
f 3834 3983 3982
f 3836 3842 3841
f 3836 3841 3837
f 3836 3985 3842
f 3837 3841 3838
f 3838 3841 3840
f 3842 3985 3974
f 3842 3974 3843
f 3843 3986 3844
f 3843 3974 3987
f 3843 3987 3986
f 3844 3988 3989
f 3844 3989 3990
f 3844 3990 3845
f 3844 3986 3988
f 3845 3848 3847
f 3845 3847 3846
f 3845 3990 3989
f 3845 3989 3848
f 3848 3989 3988
f 3848 3988 3991
f 3848 3991 3849
f 3849 3991 3862
f 3850 3855 3851
f 3851 3855 3992
f 3851 3992 3854
f 3852 3853 3993
f 3852 3993 3994
f 3852 3994 3859
f 3853 3854 3993
f 3854 3992 3993
f 3855 3995 3992
f 3855 3856 3996
f 3855 3996 3995
f 3856 3880 3997
f 3856 3997 4111
f 3856 4111 3996
f 3857 3998 3999
f 3857 3999 3858
f 3857 3860 3998
f 3858 3999 3886
f 3859 3994 3861
f 3860 4000 3998
f 3860 3861 4000
f 3861 3994 4000
f 3862 3991 3988
f 3862 3988 4001
f 3862 4001 4002
f 3862 4002 3863
f 3863 4002 3865
f 3863 3865 3864
f 3865 3867 3866
f 3865 4002 4003
f 3865 4003 4004
f 3865 4004 3868
f 3865 3868 3867
f 3868 4005 3869
f 3868 4004 4006
f 3868 4006 4005
f 3869 3873 3870
f 3869 4005 4007
f 3869 4007 3873
f 3871 4008 4009
f 3871 4009 3875
f 3871 3875 3872
f 3871 3874 4010
f 3871 4010 4008
f 3873 4010 3874
f 3873 4007 4011
f 3873 4011 4012
f 3873 4012 4010
f 3875 4009 3877
f 3876 3878 4013
f 3876 4013 3879
f 3877 4009 4014
f 3877 4014 4015
f 3877 4015 4013
f 3877 4013 3878
f 3879 4016 3997
f 3879 3997 3880
f 3879 4013 4017
f 3879 4017 4016
f 3881 3883 4018
f 3881 4018 4019
f 3881 4019 3882
f 3882 4019 4020
f 3883 4019 4018
f 3883 3885 4021
f 3883 4021 4022
f 3883 4022 4023
f 3883 4023 4024
f 3883 4024 4025
f 3883 4025 4019
f 3884 4021 3885
f 3884 3887 4026
f 3884 4026 4021
f 3886 4027 3887
f 3886 3999 4027
f 3887 4027 4028
f 3887 4028 4026
f 3889 4029 4030
f 3889 4030 4031
f 3889 4031 4032
f 3889 4032 3890
f 3893 3910 3894
f 3894 3910 4033
f 3894 4033 3895
f 3895 4033 4034
f 3895 4034 4035
f 3895 4035 3896
f 3896 4035 4036
f 3896 4036 3897
f 3897 4037 3898
f 3897 4036 4038
f 3897 4038 4037
f 3898 4037 3912
f 3902 4039 3903
f 3903 4039 3904
f 3904 4039 4040
f 3904 4040 4041
f 3904 4041 3906
f 3904 3906 3905
f 3906 4041 4042
f 3906 4042 4043
f 3906 4043 4044
f 3906 4044 3907
f 3907 4045 3908
f 3907 4044 4045
f 3908 4045 4046
f 3908 4046 3909
f 3909 4033 3910
f 3909 4046 4034
f 3909 4034 4033
f 3912 4038 3913
f 3912 4037 4038
f 3913 4038 4047
f 3913 4047 3914
f 3914 3917 3915
f 3914 4047 4036
f 3914 4036 4048
f 3914 4048 4049
f 3914 4049 4050
f 3914 4050 3917
f 3916 3918 4051
f 3916 4051 4052
f 3916 4052 3919
f 3917 4053 4054
f 3917 4054 3918
f 3917 4050 4053
f 3918 4054 4051
f 3919 4055 4056
f 3919 4056 3922
f 3919 3922 3921
f 3919 3921 3920
f 3919 4052 4055
f 3922 4056 3923
f 3923 4056 4057
f 3923 4057 4058
f 3923 4058 4059
f 3923 4059 4060
f 3923 4060 4061
f 3923 4061 3924
f 3924 4061 4062
f 3924 4062 3927
f 3924 3927 3926
f 3925 3930 3929
f 3925 3929 3931
f 3927 4062 4061
f 3927 4061 4060
f 3927 4060 4063
f 3927 4063 3928
f 3928 4063 4060
f 3928 4060 4064
f 3928 4064 3929
f 3929 4064 3932
f 3929 3932 3931
f 3932 4064 4065
f 3932 4065 4066
f 3932 4066 4067
f 3932 4067 4068
f 3932 4068 3933
f 3933 4068 3934
f 3934 4068 3935
f 3935 4068 3936
f 3936 4068 4067
f 3936 4067 3938
f 3938 4069 3939
f 3938 4067 4069
f 3939 4069 3940
f 3940 4069 3941
f 3941 4069 4070
f 3941 4070 4071
f 3941 4071 4072
f 3941 4072 4073
f 3941 4073 3942
f 3942 4073 4074
f 3942 4074 4075
f 3942 4075 3943
f 3943 4075 3944
f 3944 4075 4076
f 3944 4076 4077
f 3944 4077 3945
f 3945 4077 3946
f 3946 4077 4078
f 3946 4078 3947
f 3947 4079 3951
f 3947 3951 3948
f 3947 4078 4080
f 3947 4080 4008
f 3947 4008 4081
f 3947 4081 4079
f 3949 3952 4082
f 3949 4082 4083
f 3949 4083 4084
f 3949 4084 3960
f 3949 3960 3955
f 3949 3955 3953
f 3949 3953 3950
f 3951 4079 4008
f 3951 4008 4085
f 3951 4085 4086
f 3951 4086 3952
f 3952 4086 4082
f 3955 3960 3956
f 3957 3959 3958
f 3958 3959 3963
f 3958 3963 3966
f 3958 3966 3964
f 3960 4084 4083
f 3960 4083 4087
f 3960 4087 4011
f 3960 4011 4088
f 3960 4088 4089
f 3960 4089 3962
f 3960 3962 3961
f 3962 4089 4090
f 3962 4090 3963
f 3963 4090 4006
f 3963 4006 4091
f 3963 4091 4092
f 3963 4092 3966
f 3966 4092 3967
f 3967 4092 3968
f 3968 4092 4093
f 3968 4093 3969
f 3969 4093 4094
f 3969 4094 4006
f 3969 4006 4095
f 3969 4095 4001
f 3969 4001 3988
f 3969 3988 4096
f 3969 4096 3972
f 3972 4096 4097
f 3972 4097 4098
f 3972 4098 3974
f 3972 3974 3973
f 3974 4098 4099
f 3974 4099 3987
f 3974 3985 3980
f 3974 3980 3979
f 3974 3979 3975
f 3975 3979 3976
f 3976 3979 3977
f 3978 3981 3982
f 3980 3985 3984
f 3980 3984 3981
f 3981 3984 3982
f 3986 3987 4099
f 3986 4099 3988
f 3988 4100 4096
f 3988 4099 4100
f 3992 4101 4102
f 3992 4102 3993
f 3992 3995 4103
f 3992 4103 4104
f 3992 4104 4101
f 3993 4105 3994
f 3993 4102 4105
f 3994 4106 4107
f 3994 4107 4000
f 3994 4105 4108
f 3994 4108 4109
f 3994 4109 4106
f 3995 3996 4110
f 3995 4110 4103
f 3996 4111 4112
f 3996 4112 4110
f 3997 4016 4111
f 3998 4113 3999
f 3998 4000 4114
f 3998 4114 4113
f 3999 4113 4027
f 4000 4107 4114
f 4001 4095 4002
f 4002 4095 4003
f 4003 4095 4006
f 4003 4006 4004
f 4005 4006 4115
f 4005 4115 4088
f 4005 4088 4007
f 4006 4094 4091
f 4006 4090 4115
f 4007 4088 4011
f 4008 4010 4116
f 4008 4116 4085
f 4008 4079 4081
f 4008 4080 4117
f 4008 4117 4118
f 4008 4118 4119
f 4008 4119 4015
f 4008 4015 4014
f 4008 4014 4009
f 4010 4012 4083
f 4010 4083 4116
f 4011 4087 4012
f 4012 4087 4083
f 4013 4015 4120
f 4013 4120 4017
f 4015 4119 4120
f 4016 4121 4111
f 4016 4017 4122
f 4016 4122 4121
f 4017 4120 4122
f 4019 4123 4020
f 4019 4025 4124
f 4019 4124 4125
f 4019 4125 4126
f 4019 4126 4127
f 4019 4127 4128
f 4019 4128 4129
f 4019 4129 4130
f 4019 4130 4123
f 4020 4123 4131
f 4021 4026 4132
f 4021 4132 4133
f 4021 4133 4022
f 4022 4133 4134
f 4022 4134 4135
f 4022 4135 4024
f 4022 4024 4023
f 4024 4124 4025
f 4024 4135 4124
f 4026 4028 4133
f 4026 4133 4132
f 4027 4113 4028
f 4028 4136 4133
f 4028 4113 4137
f 4028 4137 4136
f 4029 4138 4139
f 4029 4139 4140
f 4029 4140 4141
f 4029 4141 4030
f 4034 4046 4142
f 4034 4142 4143
f 4034 4143 4035
f 4035 4143 4036
f 4036 4143 4144
f 4036 4144 4145
f 4036 4145 4048
f 4036 4047 4038
f 4039 4146 4147
f 4039 4147 4040
f 4040 4147 4041
f 4041 4147 4148
f 4041 4148 4042
f 4042 4148 4149
f 4042 4149 4147
f 4042 4147 4150
f 4042 4150 4151
f 4042 4151 4152
f 4042 4152 4043
f 4043 4152 4153
f 4043 4153 4044
f 4044 4153 4154
f 4044 4154 4045
f 4045 4142 4046
f 4045 4154 4155
f 4045 4155 4142
f 4048 4145 4156
f 4048 4156 4049
f 4049 4156 4157
f 4049 4157 4050
f 4050 4158 4053
f 4050 4157 4156
f 4050 4156 4159
f 4050 4159 4158
f 4051 4160 4161
f 4051 4161 4162
f 4051 4162 4163
f 4051 4163 4164
f 4051 4164 4055
f 4051 4055 4052
f 4051 4054 4053
f 4051 4053 4165
f 4051 4165 4160
f 4053 4158 4165
f 4055 4164 4166
f 4055 4166 4056
f 4056 4166 4057
f 4057 4166 4167
f 4057 4167 4058
f 4058 4167 4168
f 4058 4168 4169
f 4058 4169 4170
f 4058 4170 4171
f 4058 4171 4059
f 4059 4171 4060
f 4060 4171 4172
f 4060 4172 4064
f 4064 4172 4173
f 4064 4173 4065
f 4065 4173 4174
f 4065 4174 4066
f 4066 4174 4175
f 4066 4175 4176
f 4066 4176 4067
f 4067 4176 4069
f 4069 4176 4070
f 4070 4176 4177
f 4070 4177 4178
f 4070 4178 4179
f 4070 4179 4071
f 4071 4179 4180
f 4071 4180 4072
f 4072 4180 4074
f 4072 4074 4073
f 4074 4180 4181
f 4074 4181 4075
f 4075 4181 4182
f 4075 4182 4076
f 4076 4182 4183
f 4076 4183 4184
f 4076 4184 4077
f 4077 4184 4078
f 4078 4185 4186
f 4078 4186 4080
f 4078 4184 4185
f 4080 4186 4117
f 4082 4086 4116
f 4082 4116 4083
f 4085 4116 4086
f 4088 4115 4090
f 4088 4090 4089
f 4091 4094 4092
f 4092 4094 4093
f 4096 4100 4097
f 4097 4100 4099
f 4097 4099 4098
f 4101 4104 4187
f 4101 4187 4276
f 4101 4276 4188
f 4101 4188 4108
f 4101 4108 4105
f 4101 4105 4102
f 4103 4110 4189
f 4103 4189 4190
f 4103 4190 4104
f 4104 4190 4191
f 4104 4191 4187
f 4106 4109 4192
f 4106 4192 4193
f 4106 4193 4194
f 4106 4194 4195
f 4106 4195 4114
f 4106 4114 4107
f 4108 4188 4196
f 4108 4196 4109
f 4109 4196 4197
f 4109 4197 4192
f 4110 4112 4198
f 4110 4198 4189
f 4111 4121 4112
f 4112 4121 4199
f 4112 4199 4198
f 4113 4114 4137
f 4114 4195 4137
f 4117 4186 4118
f 4118 4186 4122
f 4118 4122 4120
f 4118 4120 4119
f 4121 4200 4199
f 4121 4122 4201
f 4121 4201 4200
f 4122 4186 4202
f 4122 4202 4201
f 4123 4130 4131
f 4124 4135 4203
f 4124 4203 4125
f 4125 4203 4204
f 4125 4204 4205
f 4125 4205 4126
f 4126 4205 4206
f 4126 4206 4207
f 4126 4207 4127
f 4127 4207 4128
f 4128 4207 4129
f 4129 4207 4130
f 4130 4207 4208
f 4130 4208 4209
f 4130 4209 4131
f 4131 4209 4210
f 4133 4136 4211
f 4133 4211 4212
f 4133 4212 4213
f 4133 4213 4135
f 4133 4135 4134
f 4135 4213 4214
f 4135 4214 4203
f 4136 4137 4215
f 4136 4215 4211
f 4137 4195 4216
f 4137 4216 4215
f 4138 4217 4139
f 4139 4217 4218
f 4142 4155 4219
f 4142 4219 4220
f 4142 4220 4143
f 4143 4220 4219
f 4143 4219 4144
f 4144 4219 4221
f 4144 4221 4153
f 4144 4153 4222
f 4144 4222 4145
f 4145 4222 4223
f 4145 4223 4156
f 4146 4224 4147
f 4147 4149 4148
f 4147 4224 4225
f 4147 4225 4150
f 4150 4225 4224
f 4150 4224 4226
f 4150 4226 4227
f 4150 4227 4151
f 4151 4228 4152
f 4151 4227 4229
f 4151 4229 4228
f 4152 4228 4230
f 4152 4230 4231
f 4152 4231 4153
f 4153 4231 4232
f 4153 4232 4233
f 4153 4233 4222
f 4153 4221 4219
f 4153 4219 4154
f 4154 4219 4234
f 4154 4234 4155
f 4155 4234 4219
f 4156 4223 4159
f 4158 4235 4236
f 4158 4236 4237
f 4158 4237 4160
f 4158 4160 4165
f 4158 4159 4235
f 4159 4223 4238
f 4159 4238 4235
f 4160 4237 4162
f 4160 4162 4239
f 4160 4239 4161
f 4161 4239 4162
f 4162 4240 4241
f 4162 4241 4242
f 4162 4242 4243
f 4162 4243 4244
f 4162 4244 4163
f 4162 4237 4240
f 4163 4244 4245
f 4163 4245 4164
f 4164 4246 4248
f 4164 4248 4247
f 4164 4247 4166
f 4164 4245 4246
f 4166 4247 4167
f 4167 4247 4248
f 4167 4248 4168
f 4168 4248 4249
f 4168 4249 4250
f 4168 4250 4251
f 4168 4251 4252
f 4168 4252 4169
f 4169 4252 4253
f 4169 4253 4254
f 4169 4254 4170
f 4170 4255 4171
f 4170 4254 4256
f 4170 4256 4255
f 4171 4257 4173
f 4171 4173 4172
f 4171 4255 4257
f 4173 4258 4174
f 4173 4257 4259
f 4173 4259 4260
f 4173 4260 4258
f 4174 4261 4175
f 4174 4258 4262
f 4174 4262 4263
f 4174 4263 4261
f 4175 4261 4264
f 4175 4264 4176
f 4176 4264 4265
f 4176 4265 4266
f 4176 4266 4267
f 4176 4267 4177
f 4177 4267 4266
f 4177 4266 4178
f 4178 4180 4179
f 4178 4266 4268
f 4178 4268 4269
f 4178 4269 4180
f 4180 4269 4181
f 4181 4269 4270
f 4181 4270 4271
f 4181 4271 4182
f 4182 4271 4272
f 4182 4272 4183
f 4183 4272 4273
f 4183 4273 4274
f 4183 4274 4184
f 4184 4274 4275
f 4184 4275 4185
f 4185 4275 4201
f 4185 4201 4202
f 4185 4202 4186
f 4187 4191 4276
f 4188 4276 4277
f 4188 4277 4196
f 4189 4198 4190
f 4190 4198 4278
f 4190 4278 4191
f 4191 4279 4276
f 4191 4278 4280
f 4191 4280 4279
f 4192 4197 4193
f 4193 4281 4282
f 4193 4282 4194
f 4193 4197 4283
f 4193 4283 4281
f 4194 4282 4284
f 4194 4284 4195
f 4195 4284 4285
f 4195 4285 4216
f 4196 4277 4197
f 4197 4277 4286
f 4197 4286 4283
f 4198 4199 4278
f 4199 4200 4201
f 4199 4201 4275
f 4199 4275 4287
f 4199 4287 4273
f 4199 4273 4288
f 4199 4288 4280
f 4199 4280 4278
f 4203 4214 4204
f 4204 4214 4289
f 4204 4289 4212
f 4204 4212 4290
f 4204 4290 4291
f 4204 4291 4292
f 4204 4292 4205
f 4205 4292 4293
f 4205 4293 4206
f 4206 4294 4207
f 4206 4293 4294
f 4207 4294 4208
f 4208 4294 4295
f 4208 4295 4296
f 4208 4296 4209
f 4209 4296 4297
f 4209 4297 4298
f 4209 4298 4210
f 4210 4299 4300
f 4210 4300 4301
f 4210 4301 4302
f 4210 4302 4303
f 4210 4298 4304
f 4210 4304 4305
f 4210 4305 4299
f 4211 4306 4307
f 4211 4307 4212
f 4211 4215 4308
f 4211 4308 4306
f 4212 4291 4290
f 4212 4289 4309
f 4212 4309 4310
f 4212 4310 4213
f 4212 4307 4306
f 4212 4306 4311
f 4212 4311 4312
f 4212 4312 4291
f 4213 4310 4214
f 4214 4310 4309
f 4214 4309 4289
f 4215 4216 4308
f 4216 4285 4308
f 4217 4313 4314
f 4217 4314 4218
f 4222 4233 4232
f 4222 4232 4315
f 4222 4315 4316
f 4222 4316 4223
f 4223 4316 4238
f 4228 4229 4317
f 4228 4317 4230
f 4230 4317 4318
f 4230 4318 4319
f 4230 4319 4231
f 4231 4319 4320
f 4231 4320 4232
f 4232 4320 4315
f 4235 4321 4236
f 4235 4238 4316
f 4235 4316 4321
f 4236 4321 4322
f 4236 4322 4323
f 4236 4323 4237
f 4237 4323 4240
f 4240 4323 4324
f 4240 4324 4241
f 4241 4324 4325
f 4241 4325 4242
f 4242 4326 4327
f 4242 4327 4328
f 4242 4328 4245
f 4242 4245 4243
f 4242 4325 4326
f 4243 4245 4244
f 4245 4328 4246
f 4246 4328 4327
f 4246 4327 4408
f 4246 4408 4329
f 4246 4329 4249
f 4246 4249 4248
f 4249 4329 4330
f 4249 4330 4251
f 4249 4251 4250
f 4251 4330 4331
f 4251 4331 4332
f 4251 4332 4333
f 4251 4333 4253
f 4251 4253 4252
f 4253 4334 4254
f 4253 4333 4335
f 4253 4335 4334
f 4254 4334 4256
f 4255 4336 4257
f 4255 4256 4337
f 4255 4337 4338
f 4255 4338 4336
f 4256 4334 4335
f 4256 4335 4339
f 4256 4339 4337
f 4257 4336 4340
f 4257 4340 4341
f 4257 4341 4259
f 4258 4260 4262
f 4259 4341 4260
f 4260 4341 4343
f 4260 4343 4262
f 4261 4263 4342
f 4261 4342 4264
f 4262 4343 4344
f 4262 4344 4345
f 4262 4345 4263
f 4263 4345 4342
f 4264 4342 4265
f 4265 4342 4346
f 4265 4346 4266
f 4266 4346 4268
f 4268 4270 4269
f 4268 4346 4347
f 4268 4347 4348
f 4268 4348 4270
f 4270 4348 4349
f 4270 4349 4350
f 4270 4350 4351
f 4270 4351 4271
f 4271 4351 4272
f 4272 4351 4352
f 4272 4352 4288
f 4272 4288 4273
f 4273 4287 4274
f 4274 4287 4275
f 4276 4279 4277
f 4277 4279 4353
f 4277 4353 4286
f 4279 4280 4354
f 4279 4354 4353
f 4280 4288 4352
f 4280 4352 4350
f 4280 4350 4354
f 4281 4355 4356
f 4281 4356 4282
f 4281 4283 4357
f 4281 4357 4355
f 4282 4356 4284
f 4283 4286 4358
f 4283 4358 4359
f 4283 4359 4357
f 4284 4360 4308
f 4284 4308 4285
f 4284 4356 4361
f 4284 4361 4360
f 4286 4353 4362
f 4286 4362 4363
f 4286 4363 4358
f 4291 4312 4364
f 4291 4364 4365
f 4291 4365 4292
f 4292 4365 4293
f 4293 4365 4366
f 4293 4366 4367
f 4293 4367 4368
f 4293 4368 4294
f 4294 4368 4369
f 4294 4369 4370
f 4294 4370 4295
f 4295 4371 4296
f 4295 4370 4372
f 4295 4372 4373
f 4295 4373 4371
f 4296 4371 4374
f 4296 4374 4297
f 4297 4374 4375
f 4297 4375 4376
f 4297 4376 4377
f 4297 4377 4298
f 4298 4377 4304
f 4299 4305 4300
f 4300 4305 4378
f 4300 4378 4379
f 4300 4379 4380
f 4300 4380 4381
f 4300 4381 4382
f 4300 4382 4301
f 4301 4382 4383
f 4301 4383 4384
f 4301 4384 4302
f 4302 4384 4385
f 4302 4385 4303
f 4303 4385 4387
f 4303 4387 4388
f 4303 4388 4386
f 4304 4377 4305
f 4305 4377 4378
f 4306 4308 4360
f 4306 4360 4311
f 4311 4360 4361
f 4311 4361 4389
f 4311 4389 4312
f 4312 4389 4364
f 4313 4390 4314
f 4314 4390 4391
f 4315 4320 4392
f 4315 4392 4393
f 4315 4393 4321
f 4315 4321 4316
f 4317 4394 4395
f 4317 4395 4396
f 4317 4396 4318
f 4318 4396 4397
f 4318 4397 4398
f 4318 4398 4399
f 4318 4399 4319
f 4319 4399 4392
f 4319 4392 4320
f 4321 4393 4322
f 4322 4400 4401
f 4322 4401 4323
f 4322 4393 4400
f 4323 4401 4402
f 4323 4402 4403
f 4323 4403 4324
f 4324 4403 4404
f 4324 4404 4405
f 4324 4405 4406
f 4324 4406 4407
f 4324 4407 4325
f 4325 4407 4326
f 4326 4408 4327
f 4326 4407 4409
f 4326 4409 4410
f 4326 4410 4411
f 4326 4411 4412
f 4326 4412 4408
f 4329 4413 4330
f 4329 4408 4413
f 4330 4413 4414
f 4330 4414 4331
f 4331 4414 4415
f 4331 4415 4416
f 4331 4416 4332
f 4332 4416 4417
f 4332 4417 4418
f 4332 4418 4419
f 4332 4419 4335
f 4332 4335 4333
f 4335 4419 4339
f 4336 4338 4420
f 4336 4420 4341
f 4336 4341 4340
f 4337 4339 4421
f 4337 4421 4422
f 4337 4422 4338
f 4338 4422 4423
f 4338 4423 4341
f 4338 4341 4420
f 4339 4419 4424
f 4339 4424 4421
f 4341 4423 4425
f 4341 4425 4343
f 4342 4345 4426
f 4342 4426 4346
f 4343 4427 4344
f 4343 4425 4428
f 4343 4428 4427
f 4344 4427 4347
f 4344 4347 4346
f 4344 4346 4345
f 4345 4346 4426
f 4347 4427 4429
f 4347 4429 4430
f 4347 4430 4348
f 4348 4430 4431
f 4348 4431 4350
f 4348 4350 4349
f 4350 4352 4351
f 4350 4431 4354
f 4353 4354 4431
f 4353 4431 4430
f 4353 4430 4362
f 4355 4357 4432
f 4355 4432 4433
f 4355 4433 4434
f 4355 4434 4356
f 4356 4435 4436
f 4356 4436 4389
f 4356 4389 4361
f 4356 4434 4435
f 4357 4359 4437
f 4357 4437 4438
f 4357 4438 4433
f 4357 4433 4432
f 4358 4363 4439
f 4358 4439 4359
f 4359 4439 4428
f 4359 4428 4437
f 4362 4430 4429
f 4362 4429 4427
f 4362 4427 4363
f 4363 4427 4439
f 4364 4389 4440
f 4364 4440 4441
f 4364 4441 4365
f 4365 4441 4442
f 4365 4442 4366
f 4366 4442 4443
f 4366 4443 4367
f 4367 4369 4368
f 4367 4443 4369
f 4369 4443 4444
f 4369 4444 4445
f 4369 4445 4370
f 4370 4445 4446
f 4370 4446 4372
f 4371 4447 4374
f 4371 4373 4447
f 4372 4446 4448
f 4372 4448 4447
f 4372 4447 4373
f 4374 4447 4449
f 4374 4449 4375
f 4375 4449 4450
f 4375 4450 4376
f 4376 4450 4451
f 4376 4451 4452
f 4376 4452 4378
f 4376 4378 4377
f 4378 4452 4451
f 4378 4451 4453
f 4378 4453 4454
f 4378 4454 4379
f 4379 4454 4380
f 4380 4455 4456
f 4380 4456 4381
f 4380 4454 4457
f 4380 4457 4458
f 4380 4458 4455
f 4381 4456 4459
f 4381 4459 4382
f 4382 4459 4383
f 4383 4459 4460
f 4383 4460 4461
f 4383 4461 4462
f 4383 4462 4384
f 4384 4462 4385
f 4385 4462 4463
f 4385 4463 4464
f 4385 4464 4388
f 4385 4388 4387
f 4386 4388 4465
f 4388 4464 4463
f 4388 4463 4466
f 4388 4466 4467
f 4388 4467 4468
f 4388 4468 4469
f 4388 4469 4470
f 4388 4470 4471
f 4388 4471 4465
f 4389 4436 4472
f 4389 4472 4440
f 4390 4470 4473
f 4390 4473 4469
f 4390 4469 4391
f 4391 4469 4474
f 4392 4399 4398
f 4392 4398 4475
f 4392 4475 4393
f 4393 4475 4400
f 4394 4476 4477
f 4394 4477 4395
f 4394 4478 4476
f 4395 4477 4396
f 4396 4477 4397
f 4397 4477 4398
f 4398 4477 4479
f 4398 4479 4475
f 4400 4475 4480
f 4400 4480 4481
f 4400 4481 4401
f 4401 4481 4402
f 4402 4481 4482
f 4402 4482 4403
f 4403 4482 4404
f 4404 4482 4405
f 4405 4483 4406
f 4405 4482 4484
f 4405 4484 4410
f 4405 4410 4483
f 4406 4483 4409
f 4406 4409 4407
f 4408 4412 4485
f 4408 4485 4414
f 4408 4414 4413
f 4409 4483 4410
f 4410 4484 4486
f 4410 4486 4411
f 4411 4486 4487
f 4411 4487 4488
f 4411 4488 4412
f 4412 4488 4489
f 4412 4489 4490
f 4412 4490 4485
f 4414 4485 4415
f 4415 4485 4491
f 4415 4491 4416
f 4416 4491 4492
f 4416 4492 4493
f 4416 4493 4494
f 4416 4494 4442
f 4416 4442 4417
f 4417 4442 4495
f 4417 4495 4418
f 4418 4495 4496
f 4418 4496 4419
f 4419 4496 4424
f 4421 4497 4433
f 4421 4433 4498
f 4421 4498 4422
f 4421 4424 4499
f 4421 4499 4497
f 4422 4498 4425
f 4422 4425 4423
f 4424 4496 4500
f 4424 4500 4499
f 4425 4498 4501
f 4425 4501 4438
f 4425 4438 4437
f 4425 4437 4428
f 4427 4428 4439
f 4433 4497 4499
f 4433 4499 4434
f 4433 4438 4501
f 4433 4501 4498
f 4434 4499 4435
f 4435 4500 4472
f 4435 4472 4436
f 4435 4499 4500
f 4440 4472 4441
f 4441 4472 4500
f 4441 4500 4496
f 4441 4496 4502
f 4441 4502 4495
f 4441 4495 4442
f 4442 4494 4443
f 4443 4494 4503
f 4443 4503 4444
f 4444 4503 4445
f 4445 4503 4492
f 4445 4492 4446
f 4446 4504 4448
f 4446 4492 4505
f 4446 4505 4506
f 4446 4506 4504
f 4447 4448 4449
f 4448 4504 4507
f 4448 4507 4508
f 4448 4508 4449
f 4449 4508 4450
f 4450 4509 4457
f 4450 4457 4451
f 4450 4508 4510
f 4450 4510 4511
f 4450 4511 4509
f 4451 4454 4453
f 4451 4457 4454
f 4455 4512 4513
f 4455 4513 4514
f 4455 4514 4456
f 4455 4458 4515
f 4455 4515 4516
f 4455 4516 4517
f 4455 4517 4518
f 4455 4518 4512
f 4456 4514 4459
f 4457 4509 4519
f 4457 4519 4458
f 4458 4520 4515
f 4458 4519 4520
f 4459 4514 4460
f 4460 4514 4461
f 4461 4514 4521
f 4461 4521 4522
f 4461 4522 4463
f 4461 4463 4462
f 4463 4523 4524
f 4463 4524 4525
f 4463 4525 4467
f 4463 4467 4466
f 4463 4522 4526
f 4463 4526 4523
f 4467 4525 4527
f 4467 4527 4528
f 4467 4528 4529
f 4467 4529 4530
f 4467 4530 4531
f 4467 4531 4532
f 4467 4532 4533
f 4467 4533 4468
f 4468 4533 4469
f 4469 4533 4534
f 4469 4534 4535
f 4469 4535 4536
f 4469 4536 4537
f 4469 4537 4474
f 4469 4473 4470
f 4475 4479 4480
f 4476 4538 4479
f 4476 4479 4477
f 4476 4478 4539
f 4476 4539 4540
f 4476 4540 4538
f 4478 4541 4539
f 4479 4538 4480
f 4480 4538 4542
f 4480 4542 4543
f 4480 4543 4544
f 4480 4544 4545
f 4480 4545 4546
f 4480 4546 4481
f 4481 4546 4547
f 4481 4547 4548
f 4481 4548 4482
f 4482 4548 4547
f 4482 4547 4588
f 4482 4588 4549
f 4482 4549 4484
f 4484 4549 4550
f 4484 4550 4551
f 4484 4551 4552
f 4484 4552 4487
f 4484 4487 4486
f 4485 4490 4553
f 4485 4553 4491
f 4487 4552 4554
f 4487 4554 4488
f 4488 4554 4489
f 4489 4555 4490
f 4489 4554 4551
f 4489 4551 4556
f 4489 4556 4557
f 4489 4557 4555
f 4490 4555 4557
f 4490 4557 4558
f 4490 4558 4506
f 4490 4506 4505
f 4490 4505 4553
f 4491 4553 4492
f 4492 4503 4493
f 4492 4553 4505
f 4493 4503 4494
f 4495 4502 4496
f 4504 4506 4507
f 4506 4558 4507
f 4507 4558 4557
f 4507 4557 4508
f 4508 4557 4510
f 4509 4511 4559
f 4509 4559 4519
f 4510 4557 4556
f 4510 4556 4560
f 4510 4560 4511
f 4511 4560 4561
f 4511 4561 4562
f 4511 4562 4563
f 4511 4563 4559
f 4512 4518 4564
f 4512 4564 4565
f 4512 4565 4513
f 4513 4565 4514
f 4514 4565 4521
f 4515 4520 4516
f 4516 4520 4559
f 4516 4559 4566
f 4516 4566 4567
f 4516 4567 4517
f 4517 4568 4518
f 4517 4567 4569
f 4517 4569 4570
f 4517 4570 4568
f 4518 4568 4571
f 4518 4571 4572
f 4518 4572 4564
f 4519 4559 4520
f 4521 4573 4522
f 4521 4565 4573
f 4522 4573 4526
f 4523 4526 4574
f 4523 4574 4524
f 4524 4575 4525
f 4524 4574 4575
f 4525 4575 4527
f 4526 4573 4576
f 4526 4576 4577
f 4526 4577 4578
f 4526 4578 4574
f 4527 4575 4528
f 4528 4575 4574
f 4531 4534 4533
f 4531 4533 4532
f 4538 4540 4579
f 4538 4579 4542
f 4539 4541 4580
f 4539 4580 4581
f 4539 4581 4542
f 4539 4542 4579
f 4539 4579 4540
f 4542 4581 4543
f 4543 4581 4582
f 4543 4582 4544
f 4544 4582 4583
f 4544 4583 4584
f 4544 4584 4545
f 4545 4584 4585
f 4545 4585 4586
f 4545 4586 4587
f 4545 4587 4546
f 4546 4587 4547
f 4547 4586 4585
f 4547 4585 4588
f 4547 4587 4586
f 4549 4588 4550
f 4550 4588 4589
f 4550 4589 4590
f 4550 4590 4556
f 4550 4556 4551
f 4551 4554 4552
f 4556 4590 4560
f 4559 4591 4566
f 4559 4563 4592
f 4559 4592 4593
f 4559 4593 4594
f 4559 4594 4591
f 4560 4590 4595
f 4560 4595 4596
f 4560 4596 4561
f 4561 4596 4562
f 4562 4597 4593
f 4562 4593 4592
f 4562 4592 4563
f 4562 4596 4598
f 4562 4598 4599
f 4562 4599 4597
f 4564 4577 4576
f 4564 4576 4573
f 4564 4573 4600
f 4564 4600 4565
f 4564 4572 4577
f 4565 4600 4573
f 4566 4591 4567
f 4567 4591 4569
f 4568 4570 4601
f 4568 4601 4602
f 4568 4602 4603
f 4568 4603 4571
f 4569 4604 4570
f 4569 4591 4605
f 4569 4605 4604
f 4570 4604 4606
f 4570 4606 4607
f 4570 4607 4601
f 4571 4578 4572
f 4572 4578 4577
f 4580 4608 4581
f 4581 4608 4582
f 4582 4608 4609
f 4582 4609 4583
f 4583 4609 4610
f 4583 4610 4611
f 4583 4611 4584
f 4584 4611 4612
f 4584 4612 4585
f 4585 4612 4613
f 4585 4613 4588
f 4588 4613 4614
f 4588 4614 4589
f 4589 4614 4615
f 4589 4615 4595
f 4589 4595 4590
f 4591 4594 4605
f 4593 4597 4616
f 4593 4616 4594
f 4594 4616 4605
f 4595 4615 4596
f 4596 4615 4598
f 4597 4617 4616
f 4597 4599 4618
f 4597 4618 4617
f 4598 4615 4614
f 4598 4614 4599
f 4599 4614 4613
f 4599 4613 4612
f 4599 4612 4618
f 4604 4605 4616
f 4604 4616 4619
f 4604 4619 4620
f 4604 4620 4606
f 4606 4620 4607
f 4608 4621 4609
f 4609 4621 4622
f 4609 4622 4623
f 4609 4623 4624
f 4609 4624 4625
f 4609 4625 4610
f 4610 4625 4611
f 4611 4625 4618
f 4611 4618 4612
f 4616 4617 4626
f 4616 4626 4627
f 4616 4627 4628
f 4616 4628 4620
f 4616 4620 4619
f 4617 4618 4625
f 4617 4625 4624
f 4617 4624 4629
f 4617 4629 4630
f 4617 4630 4626
f 4623 4629 4624
f 4626 4630 4627
f 4627 4630 4628
f 4628 4630 4629

