# https://github.com/mikedh/trimesh
v -0.04352249 0.00046143 0.00084199
v -0.02806637 0.00039625 -0.00464292
v -0.04352249 0.00139777 0.00078836
v -0.04352249 -0.00046305 0.00084199
v -0.02806637 0.00148666 -0.00473068
v -0.02806637 -0.00039786 -0.00464292
v -0.02806637 0.00232817 -0.00480381
v -0.04352249 0.00232817 0.00068597
v -0.04352249 -0.00139938 0.00078836
v -0.02806637 -0.00224090 -0.00479406
v -0.02806637 0.00242299 -0.00481844
v -0.02806637 0.00326451 -0.00495495
v -0.04352249 0.00326451 0.00048120
v -0.04352249 -0.00203348 0.00072010
v -0.02806637 -0.00232979 -0.00480381
v -0.02806637 0.00335340 -0.00497445
v -0.02806637 0.00419492 -0.00516947
v -0.02806637 0.00513125 -0.00539374
v -0.02806637 0.00564682 -0.00552538
v -0.04352249 0.00401713 0.00026181
v -0.04352249 -0.00232979 0.00068597
v -0.02806637 -0.00317130 -0.00493545
v -0.04352249 0.00470457 0.00005216
v -0.04352249 0.00459789 0.00008629
v -0.04352249 0.00419492 0.00020818
v -0.02806637 0.00779210 -0.00634934
v -0.04352249 -0.00282759 0.00057871
v -0.02806637 -0.00326612 -0.00495495
v -0.04352249 0.00500680 -0.00011848
v -0.02806637 0.00825434 -0.00653461
v -0.02806637 0.00894177 -0.00688564
v -0.02806637 0.01009145 -0.00750482
v -0.04352249 -0.00326612 0.00048120
v -0.02806637 -0.00419653 -0.00516947
v -0.04352249 0.00612684 -0.00076692
v -0.02806637 0.01072554 -0.00786561
v -0.04352249 -0.00419653 0.00020818
v -0.02806637 -0.00564844 -0.00552538
v -0.02806637 -0.00559510 -0.00551075
v -0.02806637 -0.00503804 -0.00536937
v -0.04352249 0.00653575 -0.00102044
v -0.02806637 0.01079073 -0.00790461
v -0.02806637 0.01134779 -0.00824102
v -0.02806637 0.01139520 -0.00827027
v -0.04352249 -0.00468247 0.00006191
v -0.02806637 -0.00779371 -0.00634934
v -0.04352249 0.00747801 -0.00164938
v -0.02806637 0.01254488 -0.00905523
v -0.04352249 -0.00470618 0.00005216
v -0.02806637 -0.00825595 -0.00653461
v -0.04352249 0.00755505 -0.00171276
v -0.02806637 0.01296563 -0.00934288
v -0.02806637 0.01301897 -0.00938188
v -0.02806637 0.01352862 -0.00976217
v -0.02806637 0.01409753 -0.01020096
v -0.02806637 0.01509905 -0.01100542
v -0.04352249 -0.00520990 -0.00024037
v -0.02806637 -0.01072716 -0.00786561
v -0.02806637 -0.01066790 -0.00783148
v -0.02806637 -0.01004565 -0.00748045
v -0.02806637 -0.00954785 -0.00721230
v -0.02806637 -0.00886042 -0.00684664
v -0.04352249 0.00967069 -0.00382384
v -0.02806637 0.01514646 -0.01104442
v -0.02806637 0.01562055 -0.01143933
v -0.02806637 0.02408904 -0.01874767
v -0.02806637 0.02462239 -0.01921084
v -0.02806637 0.02509056 -0.01964964
v -0.04352249 -0.00590919 -0.00064991
v -0.02806637 -0.01134940 -0.00824102
v -0.04352249 -0.00641884 -0.00095219
v -0.04352249 0.01022775 -0.00438452
v -0.02806637 0.02513797 -0.01969839
v -0.02806637 -0.01181757 -0.00855793
v -0.04352249 -0.00699368 -0.00133247
v -0.04352249 -0.00755666 -0.00171276
v -0.04352249 0.01034034 -0.00451616
v -0.02806637 0.02552909 -0.02011768
v -0.02806637 0.02599133 -0.02063448
v -0.02806637 -0.01243389 -0.00897722
v -0.02806637 -0.01556883 -0.01139545
v -0.02806637 -0.01510066 -0.01100542
v -0.02806637 -0.01399840 -0.01012296
v -0.02806637 -0.01353023 -0.00976217
v -0.02806637 -0.01296725 -0.00934288
v -0.04352249 -0.00761000 -0.00176639
v -0.02806637 -0.02509217 -0.01964964
v -0.02806637 -0.02462400 -0.01921084
v -0.02806637 -0.02409065 -0.01874767
v -0.04352249 0.01098037 -0.00536449
v -0.02806637 0.02603282 -0.02068324
v -0.02806637 0.02643580 -0.02117079
v -0.02806637 0.02684470 -0.02169246
v -0.04352249 -0.01034196 -0.00451616
v -0.02806637 -0.02545367 -0.02003480
v -0.04352249 0.01131816 -0.00586179
v -0.02806637 0.02718249 -0.02215075
v -0.02806637 0.02723583 -0.02222389
v -0.02806637 0.02768029 -0.02284795
v -0.02806637 0.02774548 -0.02294058
v -0.02806637 0.02798252 -0.02328674
v -0.04352249 -0.01114791 -0.00561314
v -0.02806637 -0.02714855 -0.02210200
v -0.02806637 -0.02684632 -0.02169246
v -0.02806637 -0.02638407 -0.02110740
v -0.02806637 -0.02599295 -0.02063448
v -0.04352249 0.01170336 -0.00644685
v -0.02806637 0.02818994 -0.02361340
v -0.02842951 0.02792326 -0.02338425
v -0.04352249 0.01209449 -0.00704166
v -0.04352249 -0.01223240 -0.00725618
v -0.02842951 -0.02792488 -0.02338425
v -0.02806637 -0.02774709 -0.02294058
v -0.02806637 -0.02768190 -0.02284795
v -0.02806637 -0.02718411 -0.02215075
v -0.02806637 0.02829068 -0.02377916
v -0.02813445 0.02823142 -0.02371578
v -0.02960366 0.02800623 -0.02417895
v -0.03056900 0.02708175 -0.02323311
v -0.03091247 0.02673210 -0.02287720
v -0.04352249 0.01245598 -0.00760234
v -0.04352249 -0.01261168 -0.00788024
v -0.03627332 -0.02433362 -0.02222389
v -0.03487826 -0.02508032 -0.02252617
v -0.03425487 -0.02520477 -0.02232627
v -0.03056900 -0.02708336 -0.02323311
v -0.02960366 -0.02800784 -0.02417895
v -0.02806637 -0.02819155 -0.02361340
v -0.02806637 0.02877663 -0.02458849
v -0.02822978 0.02875885 -0.02465675
v -0.03022553 0.02789363 -0.02437885
v -0.03169776 0.02715879 -0.02403269
v -0.03091247 0.02726546 -0.02373041
v -0.03119088 0.02697508 -0.02341350
v -0.03425487 0.02520315 -0.02232627
v -0.04352249 0.01279378 -0.00817277
v -0.03487826 0.02507871 -0.02252617
v -0.03627332 0.02433201 -0.02222389
v -0.03689520 0.02420164 -0.02243841
v -0.04352249 -0.01297317 -0.00850430
v -0.03689520 -0.02420325 -0.02243841
v -0.03533521 -0.02526995 -0.02315023
v -0.03461650 -0.02536477 -0.02282357
v -0.03329709 -0.02612925 -0.02327212
v -0.03119088 -0.02697669 -0.02341350
v -0.02822978 -0.02876046 -0.02465675
v -0.02806637 -0.02877824 -0.02458849
v -0.02806637 -0.02825674 -0.02372066
v -0.03169776 -0.02716040 -0.02403269
v -0.03022553 -0.02789524 -0.02437885
v -0.02806637 0.02891886 -0.02484689
v -0.02806637 0.02900183 -0.02499803
v -0.02858687 0.02890701 -0.02516380
v -0.02995923 0.02815438 -0.02468113
v -0.03098359 0.02778104 -0.02468113
v -0.03196255 0.02737213 -0.02459337
v -0.03231964 0.02704027 -0.02423258
v -0.03282501 0.02657210 -0.02374016
v -0.03329709 0.02612764 -0.02327212
v -0.03282501 0.02621653 -0.02313560
v -0.03461650 0.02536316 -0.02282357
v -0.04352249 0.01393160 -0.01019609
v -0.03726439 0.02437349 -0.02306247
v -0.03754128 0.02407126 -0.02277482
v -0.03788626 0.02421941 -0.02334525
v -0.03533521 0.02526834 -0.02315023
v -0.03657291 0.02452757 -0.02277482
v -0.04352249 -0.01396877 -0.01025947
v -0.03754128 -0.02407287 -0.02277482
v -0.03726439 -0.02437511 -0.02306247
v -0.03657291 -0.02452919 -0.02277482
v -0.03563782 -0.02544774 -0.02371578
v -0.03436381 -0.02618258 -0.02410095
v -0.03391896 -0.02601072 -0.02348176
v -0.03595557 -0.02513366 -0.02338425
v -0.03282501 -0.02657371 -0.02374016
v -0.02995923 -0.02815600 -0.02468113
v -0.02858687 -0.02890862 -0.02516380
v -0.02806637 -0.02909233 -0.02518330
v -0.03231964 -0.02704188 -0.02423258
v -0.03196255 -0.02737374 -0.02459337
v -0.03098359 -0.02778265 -0.02468113
v -0.02806637 0.02927443 -0.02554409
v -0.02822978 0.02920924 -0.02552459
v -0.02909224 0.02881811 -0.02534419
v -0.03068854 0.02805956 -0.02500291
v -0.02963997 0.02895441 -0.02600726
v -0.03131193 0.02794697 -0.02522718
v -0.03282501 0.02718842 -0.02488102
v -0.03282501 0.02694545 -0.02441785
v -0.03436381 0.02618097 -0.02410095
v -0.03391896 0.02600911 -0.02348176
v -0.04352249 0.01396715 -0.01025947
v -0.03595557 0.02513204 -0.02338425
v -0.03660166 0.02501944 -0.02371578
v -0.03694361 0.02515575 -0.02428134
v -0.03754128 0.02456906 -0.02369141
v -0.03817072 0.02437942 -0.02396443
v -0.03845821 0.02407719 -0.02369141
v -0.04352249 0.01447088 -0.01118581
v -0.04352249 0.01421013 -0.01070314
v -0.03563782 0.02544613 -0.02371578
v -0.04352249 -0.01421174 -0.01070314
v -0.03788626 -0.02422103 -0.02334525
v -0.03754128 -0.02457067 -0.02369141
v -0.03694361 -0.02515736 -0.02428134
v -0.03660166 -0.02502106 -0.02371578
v -0.03632174 -0.02529959 -0.02400344
v -0.03498569 -0.02605221 -0.02434472
v -0.03468156 -0.02633666 -0.02466163
v -0.03335761 -0.02708336 -0.02508092
v -0.03282501 -0.02719003 -0.02488102
v -0.03282501 -0.02694706 -0.02441785
v -0.03068854 -0.02806118 -0.02500291
v -0.02909224 -0.02881972 -0.02534419
v -0.02963997 -0.02895603 -0.02600726
v -0.02822978 -0.02921085 -0.02552459
v -0.02806637 -0.02927604 -0.02554409
v -0.03131193 -0.02794858 -0.02522718
v -0.02806637 0.02968333 -0.02652406
v -0.02806637 0.02972481 -0.02663132
v -0.02909224 0.02933962 -0.02653868
v -0.02998041 0.02904331 -0.02658744
v -0.03026185 0.02883589 -0.02630954
v -0.03231964 0.02797660 -0.02610964
v -0.03169625 0.02809512 -0.02584637
v -0.03196104 0.02785807 -0.02556359
v -0.03282501 0.02754399 -0.02560259
v -0.03335761 0.02708175 -0.02508092
v -0.03370411 0.02676766 -0.02472988
v -0.03498569 0.02605059 -0.02434472
v -0.03468156 0.02633505 -0.02466163
v -0.03632174 0.02529797 -0.02400344
v -0.03724472 0.02529797 -0.02490540
v -0.03752918 0.02503130 -0.02462262
v -0.03564236 0.02592615 -0.02466163
v -0.03596465 0.02606838 -0.02526618
v -0.03786659 0.02514389 -0.02524181
v -0.03845821 0.02454535 -0.02464700
v -0.03879260 0.02420164 -0.02432522
v -0.03904377 0.02342531 -0.02310147
v -0.04352249 0.01493312 -0.01206340
v -0.04352249 -0.01493473 -0.01206340
v -0.03904377 -0.02342692 -0.02310147
v -0.03845821 -0.02407880 -0.02369141
v -0.03817072 -0.02438103 -0.02396443
v -0.03752918 -0.02503291 -0.02462262
v -0.03724472 -0.02529959 -0.02490540
v -0.03596465 -0.02606999 -0.02526618
v -0.03564236 -0.02592776 -0.02466163
v -0.03534429 -0.02620629 -0.02496878
v -0.03397949 -0.02695891 -0.02535882
v -0.03282501 -0.02754560 -0.02560259
v -0.03169625 -0.02809673 -0.02584637
v -0.03231964 -0.02797821 -0.02610964
v -0.03026185 -0.02883751 -0.02630954
v -0.02998041 -0.02904492 -0.02658744
v -0.02909224 -0.02934123 -0.02653868
v -0.02806637 -0.02972643 -0.02663132
v -0.02806637 -0.02968495 -0.02652406
v -0.03196104 -0.02785969 -0.02556359
v -0.02806637 0.02985519 -0.02702136
v -0.02904079 0.02967148 -0.02751378
v -0.03055690 0.02894849 -0.02693360
v -0.03002581 0.02930999 -0.02746990
v -0.03196104 0.02824328 -0.02646555
v -0.03260107 0.02808920 -0.02673370
v -0.03287645 0.02788178 -0.02646555
v -0.03431539 0.02709360 -0.02598288
v -0.03370411 0.02720027 -0.02564647
v -0.03397949 0.02695730 -0.02535882
v -0.03534429 0.02620467 -0.02496878
v -0.03625062 0.02620467 -0.02589025
v -0.03564236 0.02635283 -0.02558796
v -0.03752918 0.02544613 -0.02557334
v -0.03810717 0.02527427 -0.02586587
v -0.03842038 0.02497796 -0.02557334
v -0.03903318 0.02434386 -0.02494440
v -0.03934941 0.02400607 -0.02464700
v -0.03935546 0.02357346 -0.02376941
v -0.04352249 0.01589908 -0.01397946
v -0.03989866 0.02338382 -0.02409607
v -0.04352249 -0.01587106 -0.01392583
v -0.03989866 -0.02338544 -0.02409607
v -0.03935546 -0.02357507 -0.02376941
v -0.03879260 -0.02420325 -0.02432522
v -0.03845821 -0.02454696 -0.02464700
v -0.03786659 -0.02514551 -0.02524181
v -0.03625062 -0.02620629 -0.02589025
v -0.03564236 -0.02635444 -0.02558796
v -0.03465281 -0.02680483 -0.02564647
v -0.03370411 -0.02720188 -0.02564647
v -0.03260107 -0.02809081 -0.02673370
v -0.03055690 -0.02895010 -0.02693360
v -0.03431539 -0.02709521 -0.02598288
v -0.03287645 -0.02788339 -0.02646555
v -0.03002581 -0.02931160 -0.02746990
v -0.02904079 -0.02967309 -0.02751378
v -0.02844010 -0.02979162 -0.02723100
v -0.02806637 -0.02995162 -0.02736751
v -0.02806637 0.02999149 -0.02750890
v -0.02869581 0.02987890 -0.02785019
v -0.03076722 0.02903146 -0.02746990
v -0.03189144 0.02859885 -0.02746990
v -0.03141633 0.02891886 -0.02795745
v -0.03287645 0.02820179 -0.02743090
v -0.03322295 0.02795882 -0.02709449
v -0.03375858 0.02753806 -0.02653868
v -0.03493727 0.02696322 -0.02634367
v -0.03465281 0.02680322 -0.02564647
v -0.03687250 0.02605059 -0.02629003
v -0.03554855 0.02678544 -0.02660694
v -0.03655929 0.02629949 -0.02657281
v -0.03743234 0.02586688 -0.02657281
v -0.03842038 0.02535724 -0.02660694
v -0.03872905 0.02509648 -0.02633879
v -0.03934941 0.02445646 -0.02565622
v -0.03965657 0.02415422 -0.02538319
v -0.04352249 0.01726210 -0.01689499
v -0.04008628 0.02352012 -0.02467138
v -0.04072026 0.02329493 -0.02519793
v -0.04352249 -0.01652887 -0.01532997
v -0.04072026 -0.02329654 -0.02519793
v -0.04008628 -0.02352174 -0.02467138
v -0.03965657 -0.02415584 -0.02538319
v -0.03934941 -0.02400768 -0.02464700
v -0.03903318 -0.02434547 -0.02494440
v -0.03842038 -0.02497957 -0.02557334
v -0.03810717 -0.02527588 -0.02586587
v -0.03752918 -0.02544774 -0.02557334
v -0.03687250 -0.02605221 -0.02629003
v -0.03655929 -0.02630111 -0.02657281
v -0.03554855 -0.02678705 -0.02660694
v -0.03493727 -0.02696484 -0.02634367
v -0.03322295 -0.02796043 -0.02709449
v -0.03189144 -0.02860046 -0.02746990
v -0.03375858 -0.02753967 -0.02653868
v -0.02869581 -0.02988051 -0.02785019
v -0.03141633 -0.02892047 -0.02795745
v -0.02806637 -0.02999311 -0.02750890
v -0.02806637 0.03000927 -0.02758691
v -0.02806637 0.03017520 -0.02840112
v -0.02816018 0.03014557 -0.02840112
v -0.02884106 0.02992631 -0.02840112
v -0.02930709 0.02977223 -0.02840112
v -0.03002581 0.02951740 -0.02840112
v -0.03282501 0.02844476 -0.02840112
v -0.03343629 0.02805364 -0.02771855
v -0.03104714 0.02912035 -0.02832311
v -0.03154645 0.02897219 -0.02858151
v -0.03375253 0.02783437 -0.02743090
v -0.03518693 0.02706990 -0.02696285
v -0.03708433 0.02615727 -0.02690922
v -0.03891062 0.02520315 -0.02696285
v -0.03927527 0.02485944 -0.02660694
v -0.03986235 0.02428460 -0.02600238
v -0.04029206 0.02379273 -0.02560259
v -0.04352249 0.01762952 -0.01769457
v -0.04089427 0.02343716 -0.02581711
v -0.04352249 -0.01767854 -0.01780671
v -0.04089427 -0.02343877 -0.02581711
v -0.04029206 -0.02379434 -0.02560259
v -0.03986235 -0.02428621 -0.02600238
v -0.03934941 -0.02445807 -0.02565622
v -0.03872905 -0.02509810 -0.02633879
v -0.03842038 -0.02535885 -0.02660694
v -0.03743234 -0.02586850 -0.02657281
v -0.03708433 -0.02615295 -0.02690922
v -0.03581183 -0.02693521 -0.02746990
v -0.03518693 -0.02707151 -0.02696285
v -0.03343629 -0.02805525 -0.02771855
v -0.03287645 -0.02819748 -0.02743090
v -0.03002581 -0.02951901 -0.02840112
v -0.02930709 -0.02977384 -0.02840112
v -0.02884106 -0.02992792 -0.02840112
v -0.02816018 -0.03014719 -0.02840112
v -0.02806637 -0.03017682 -0.02840112
v -0.02806637 -0.03015904 -0.02830848
v -0.03282501 -0.02844638 -0.02840112
v -0.03104714 -0.02912196 -0.02832311
v -0.02806637 0.03018706 -0.02849375
v -0.02945689 0.02982556 -0.02933721
v -0.03002581 0.02961815 -0.02933721
v -0.03095938 0.02927443 -0.02933721
v -0.03282501 0.02855144 -0.02933721
v -0.03382364 0.02814846 -0.02939571
v -0.03417921 0.02797067 -0.02912269
v -0.03359970 0.02812475 -0.02840112
v -0.03600096 0.02701656 -0.02815734
v -0.03534731 0.02714101 -0.02746990
v -0.03469064 0.02743139 -0.02746990
v -0.03211083 0.02882996 -0.02933721
v -0.03581183 0.02693359 -0.02746990
v -0.03723564 0.02623431 -0.02746990
v -0.03770167 0.02599133 -0.02746990
v -0.03842190 0.02561206 -0.02746990
v -0.03655626 0.02657210 -0.02746990
v -0.03902410 0.02527427 -0.02746990
v -0.03949013 0.02498389 -0.02746990
v -0.03999701 0.02437349 -0.02653868
v -0.04046304 0.02404163 -0.02653868
v -0.04153279 0.02318233 -0.02653868
v -0.04352249 0.01803250 -0.01863554
v -0.04106676 0.02357939 -0.02653868
v -0.04352249 -0.01772003 -0.01790422
v -0.04153279 -0.02318395 -0.02653868
v -0.04106676 -0.02358100 -0.02653868
v -0.04046304 -0.02404324 -0.02653868
v -0.03999701 -0.02437511 -0.02653868
v -0.03927527 -0.02486105 -0.02660694
v -0.03891062 -0.02520477 -0.02696285
v -0.03842190 -0.02561367 -0.02746990
v -0.03770167 -0.02599295 -0.02746990
v -0.03723564 -0.02623592 -0.02746990
v -0.03655626 -0.02657371 -0.02746990
v -0.03600096 -0.02701817 -0.02815734
v -0.03534731 -0.02714262 -0.02746990
v -0.03469064 -0.02743300 -0.02746990
v -0.03359970 -0.02812637 -0.02840112
v -0.03154645 -0.02896788 -0.02858151
v -0.03095938 -0.02927011 -0.02933721
v -0.03002581 -0.02961976 -0.02933721
v -0.02945689 -0.02982717 -0.02933721
v -0.02899086 -0.02997533 -0.02933721
v -0.02806637 -0.03025978 -0.02924457
v -0.03417921 -0.02797228 -0.02912269
v -0.03282501 -0.02855305 -0.02933721
v -0.02806637 0.03026410 -0.02933721
v -0.02899086 0.02997371 -0.02933721
v -0.02947353 0.02983149 -0.03026842
v -0.03002581 0.02963592 -0.03026842
v -0.03095938 0.02929220 -0.03026842
v -0.03167658 0.02901960 -0.03026842
v -0.03214261 0.02884182 -0.03026842
v -0.03282501 0.02858107 -0.03026842
v -0.03423520 0.02799438 -0.02974675
v -0.03460439 0.02780474 -0.02939571
v -0.03612201 0.02706990 -0.02878140
v -0.03566506 0.02721805 -0.02844500
v -0.03648212 0.02683285 -0.02844500
v -0.03786659 0.02608023 -0.02817684
v -0.03834473 0.02587874 -0.02845475
v -0.03919962 0.02538094 -0.02840112
v -0.04031173 0.02446831 -0.02755278
v -0.03966565 0.02509056 -0.02840112
v -0.04063704 0.02417200 -0.02729438
v -0.04165384 0.02329493 -0.02709449
v -0.04352249 0.01882068 -0.02050284
v -0.04352249 -0.01873340 -0.02029320
v -0.04352249 -0.01902971 -0.02101477
v -0.04165384 -0.02329654 -0.02709449
v -0.04063704 -0.02417361 -0.02729438
v -0.04031173 -0.02446992 -0.02755278
v -0.03949013 -0.02498550 -0.02746990
v -0.03902410 -0.02527588 -0.02746990
v -0.03834473 -0.02588035 -0.02845475
v -0.03786659 -0.02608184 -0.02817684
v -0.03648212 -0.02683446 -0.02844500
v -0.03612201 -0.02707151 -0.02878140
v -0.03566506 -0.02721966 -0.02844500
v -0.03164480 -0.02900936 -0.02933721
v -0.03095938 -0.02929382 -0.03026842
v -0.03167658 -0.02902122 -0.03026842
v -0.03002581 -0.02963754 -0.03026842
v -0.02947353 -0.02983310 -0.03026842
v -0.02806637 -0.03026571 -0.02933721
v -0.03423520 -0.02799599 -0.02974675
v -0.03382364 -0.02814414 -0.02939571
v -0.03460439 -0.02780635 -0.02939571
v -0.03282501 -0.02858268 -0.03026842
v -0.02806637 0.03027002 -0.03026842
v -0.02933433 0.02979000 -0.03120452
v -0.03002581 0.02955888 -0.03120452
v -0.03095938 0.02922702 -0.03120452
v -0.03159639 0.02898997 -0.03120452
v -0.03282501 0.02852180 -0.03120452
v -0.03423671 0.02799438 -0.03077547
v -0.03375858 0.02820179 -0.03026842
v -0.03424125 0.02799438 -0.03026842
v -0.03470728 0.02778696 -0.03026842
v -0.03562421 0.02737806 -0.03026842
v -0.03620977 0.02711138 -0.03026842
v -0.03617043 0.02709360 -0.02933721
v -0.03562421 0.02734250 -0.02933721
v -0.03752918 0.02630542 -0.02845475
v -0.03663797 0.02686841 -0.02933721
v -0.03798007 0.02613356 -0.02880090
v -0.03849452 0.02591430 -0.02933721
v -0.03930705 0.02544613 -0.02933721
v -0.03977307 0.02516167 -0.02933721
v -0.04076263 0.02426090 -0.02791844
v -0.04028904 0.02482388 -0.02933721
v -0.04028904 0.02468165 -0.02840112
v -0.04120748 0.02378088 -0.02750403
v -0.04176126 0.02338975 -0.02771367
v -0.04352249 0.02151116 -0.02749428
v -0.04352249 0.02083558 -0.02558796
v -0.04352249 0.02050371 -0.02471526
v -0.04352249 0.01992887 -0.02325261
v -0.04352249 0.01926514 -0.02159983
v -0.04352249 -0.02010827 -0.02371578
v -0.04352249 -0.02083719 -0.02558796
v -0.04352249 -0.02099127 -0.02603163
v -0.04352249 -0.02116905 -0.02654844
v -0.04216677 -0.02287579 -0.02743090
v -0.04176126 -0.02339136 -0.02771367
v -0.04120748 -0.02378249 -0.02750403
v -0.04076263 -0.02426251 -0.02791844
v -0.03966565 -0.02509217 -0.02840112
v -0.03919962 -0.02538255 -0.02840112
v -0.03849452 -0.02591591 -0.02933721
v -0.03798007 -0.02613517 -0.02880090
v -0.03752918 -0.02630703 -0.02845475
v -0.03802849 -0.02616481 -0.02933721
v -0.03748832 -0.02643741 -0.02933721
v -0.03663797 -0.02686409 -0.02933721
v -0.03617043 -0.02709521 -0.02933721
v -0.03562421 -0.02734411 -0.02933721
v -0.03214261 -0.02884343 -0.03026842
v -0.03206241 -0.02881380 -0.03120452
v -0.03095938 -0.02922863 -0.03120452
v -0.03282501 -0.02852342 -0.03120452
v -0.03002581 -0.02956050 -0.03120452
v -0.02933433 -0.02979162 -0.03120452
v -0.02816018 -0.03024201 -0.03026842
v -0.02806637 -0.03027164 -0.03017579
v -0.03620977 -0.02711299 -0.03026842
v -0.03562421 -0.02737967 -0.03026842
v -0.03470728 -0.02778857 -0.03026842
v -0.03424125 -0.02799599 -0.03026842
v -0.03375858 -0.02820340 -0.03026842
v -0.03423671 -0.02799599 -0.03077547
v -0.02806637 0.03017520 -0.03120452
v -0.02816018 0.03015150 -0.03120452
v -0.02870943 0.02987890 -0.03179445
v -0.02904987 0.02971296 -0.03211623
v -0.03002581 0.02939888 -0.03213573
v -0.03099115 0.02906701 -0.03211623
v -0.03148744 0.02894849 -0.03178957
v -0.03282501 0.02837958 -0.03213573
v -0.03354523 0.02809512 -0.03213573
v -0.03414441 0.02795289 -0.03139953
v -0.03380246 0.02813068 -0.03113138
v -0.03460439 0.02779289 -0.03113138
v -0.03562421 0.02733657 -0.03120452
v -0.03616286 0.02709360 -0.03120452
v -0.03667580 0.02688618 -0.03026842
v -0.03748832 0.02647728 -0.03026842
v -0.03802849 0.02616319 -0.02933721
v -0.03853537 0.02593800 -0.03026842
v -0.03934639 0.02546983 -0.03026842
v -0.03981393 0.02518538 -0.03026842
v -0.04028904 0.02487722 -0.03026842
v -0.04083072 0.02431423 -0.02840112
v -0.04129675 0.02394088 -0.02840112
v -0.04096236 0.02441498 -0.03026842
v -0.04092302 0.02438535 -0.02933721
v -0.04185205 0.02347864 -0.02840112
v -0.04231959 0.02300455 -0.02840112
v -0.04352249 0.02171857 -0.02840112
v -0.04352249 -0.02155425 -0.02777705
v -0.04267516 -0.02245503 -0.02777218
v -0.04231959 -0.02300616 -0.02840112
v -0.04185205 -0.02347433 -0.02840112
v -0.04129675 -0.02394250 -0.02840112
v -0.04083072 -0.02431584 -0.02840112
v -0.04028904 -0.02468327 -0.02840112
v -0.03977307 -0.02516329 -0.02933721
v -0.04028904 -0.02482549 -0.02933721
v -0.03930705 -0.02544774 -0.02933721
v -0.03853537 -0.02593369 -0.03026842
v -0.03934639 -0.02547145 -0.03026842
v -0.03806783 -0.02618258 -0.03026842
v -0.03748832 -0.02647889 -0.03026842
v -0.03667580 -0.02688780 -0.03026842
v -0.03148744 -0.02895010 -0.03178957
v -0.03380246 -0.02813229 -0.03113138
v -0.03414441 -0.02795451 -0.03139953
v -0.03354523 -0.02809673 -0.03213573
v -0.03282501 -0.02838119 -0.03213573
v -0.03099115 -0.02906862 -0.03211623
v -0.03002581 -0.02940049 -0.03213573
v -0.02904987 -0.02971458 -0.03211623
v -0.02870943 -0.02988051 -0.03179445
v -0.02886830 -0.02993385 -0.03120452
v -0.02806637 -0.03018867 -0.03111188
v -0.02806637 -0.03026571 -0.03026842
v -0.03616286 -0.02709521 -0.03120452
v -0.03562421 -0.02733819 -0.03120452
v -0.03610385 -0.02706558 -0.03171156
v -0.02806637 0.03000927 -0.03212110
v -0.02849911 0.02981963 -0.03241363
v -0.02909224 0.02948184 -0.03306695
v -0.03010751 0.02913812 -0.03314495
v -0.03070064 0.02899590 -0.03288656
v -0.03132252 0.02888330 -0.03241363
v -0.03183696 0.02875293 -0.03211623
v -0.03339998 0.02803586 -0.03277442
v -0.03401277 0.02789956 -0.03213573
v -0.03469064 0.02760918 -0.03213573
v -0.03610385 0.02706397 -0.03171156
v -0.03662889 0.02686841 -0.03120452
v -0.03804060 0.02616912 -0.03120452
v -0.03806783 0.02618097 -0.03026842
v -0.03850663 0.02592615 -0.03120452
v -0.03933277 0.02545798 -0.03120452
v -0.03979880 0.02517945 -0.03120452
v -0.04028904 0.02485944 -0.03120452
v -0.04095479 0.02440905 -0.03120452
v -0.04139056 0.02401792 -0.02933721
v -0.04142990 0.02405348 -0.03026842
v -0.04240130 0.02309344 -0.02933721
v -0.04193527 0.02354976 -0.02933721
v -0.04352249 0.02188450 -0.02933721
v -0.04352249 -0.02172019 -0.02840112
v -0.04240130 -0.02309505 -0.02933721
v -0.04193527 -0.02355137 -0.02933721
v -0.04139056 -0.02401953 -0.02933721
v -0.04092302 -0.02438696 -0.02933721
v -0.04028904 -0.02487883 -0.03026842
v -0.03981393 -0.02518699 -0.03026842
v -0.04096236 -0.02441659 -0.03026842
v -0.03850663 -0.02592776 -0.03120452
v -0.03933277 -0.02545959 -0.03120452
v -0.03804060 -0.02617073 -0.03120452
v -0.03662889 -0.02687002 -0.03120452
v -0.03183696 -0.02875454 -0.03211623
v -0.03469064 -0.02761079 -0.03213573
v -0.03401277 -0.02790117 -0.03213573
v -0.03339998 -0.02803747 -0.03277442
v -0.03132252 -0.02888491 -0.03241363
v -0.03070064 -0.02899751 -0.03288656
v -0.02909224 -0.02948346 -0.03306695
v -0.02849911 -0.02982125 -0.03241363
v -0.03010751 -0.02913381 -0.03314495
v -0.02806637 -0.03001088 -0.03212110
v -0.02806637 -0.03017682 -0.03120452
v -0.03799067 -0.02614110 -0.03178957
v -0.03754733 -0.02631296 -0.03211135
v -0.03647153 -0.02683446 -0.03206748
v -0.03599037 -0.02701225 -0.03233562
v -0.03565901 -0.02720188 -0.03206748
v -0.02806637 0.02980778 -0.03299381
v -0.02909224 0.02920924 -0.03400304
v -0.02978220 0.02899590 -0.03400304
v -0.03047216 0.02891886 -0.03351062
v -0.02806637 0.02976037 -0.03316445
v -0.03189144 0.02852180 -0.03306695
v -0.03285981 0.02816031 -0.03307670
v -0.03319269 0.02795289 -0.03339848
v -0.03375858 0.02756177 -0.03400304
v -0.03520962 0.02707582 -0.03361300
v -0.03535639 0.02714101 -0.03306695
v -0.03599037 0.02701656 -0.03233562
v -0.03647153 0.02683285 -0.03206748
v -0.03754733 0.02631135 -0.03211135
v -0.03799067 0.02613949 -0.03178957
v -0.03834927 0.02590837 -0.03211135
v -0.03925409 0.02540464 -0.03213573
v -0.03972163 0.02513204 -0.03213573
v -0.04028904 0.02476462 -0.03213573
v -0.04088973 0.02436164 -0.03213573
v -0.04142082 0.02404755 -0.03120452
v -0.04197612 0.02358531 -0.03026842
v -0.04196856 0.02357939 -0.03120452
v -0.04244215 0.02314085 -0.03026842
v -0.04352249 0.02196154 -0.03026842
v -0.04352249 -0.02188612 -0.02933721
v -0.04244215 -0.02314246 -0.03026842
v -0.04197612 -0.02358693 -0.03026842
v -0.04142990 -0.02405509 -0.03026842
v -0.04095479 -0.02441066 -0.03120452
v -0.04028904 -0.02486105 -0.03120452
v -0.03979880 -0.02517514 -0.03120452
v -0.03834927 -0.02590998 -0.03211135
v -0.03925409 -0.02540626 -0.03213573
v -0.03972163 -0.02513366 -0.03213573
v -0.03535639 -0.02714262 -0.03306695
v -0.03285981 -0.02816192 -0.03307670
v -0.03189144 -0.02852342 -0.03306695
v -0.03520962 -0.02707743 -0.03361300
v -0.03319269 -0.02795451 -0.03339848
v -0.03099115 -0.02882565 -0.03314495
v -0.03047216 -0.02891454 -0.03351062
v -0.02978220 -0.02899751 -0.03400304
v -0.02909224 -0.02921085 -0.03400304
v -0.02806637 -0.02976198 -0.03316445
v -0.02806637 -0.02977976 -0.03310108
v -0.02806637 -0.02980940 -0.03299381
v -0.02806637 -0.02988643 -0.03269154
v -0.03789685 -0.02609369 -0.03240876
v -0.03730373 -0.02625962 -0.03306695
v -0.03655626 -0.02661519 -0.03306695
v -0.03582091 -0.02694113 -0.03306695
v -0.02816018 0.02948777 -0.03400304
v -0.02956583 0.02892478 -0.03447596
v -0.03024974 0.02884182 -0.03400304
v -0.03095938 0.02859292 -0.03400304
v -0.03232720 0.02797660 -0.03443208
v -0.03196709 0.02821364 -0.03407129
v -0.03257081 0.02807142 -0.03380802
v -0.02806637 0.02951147 -0.03400304
v -0.03285981 0.02788770 -0.03407129
v -0.03378581 0.02725361 -0.03494888
v -0.03437289 0.02711730 -0.03465148
v -0.03499476 0.02698693 -0.03423706
v -0.03468610 0.02719435 -0.03395428
v -0.03556217 0.02683285 -0.03395428
v -0.03661376 0.02634690 -0.03403717
v -0.03655626 0.02661358 -0.03306695
v -0.03582091 0.02693952 -0.03306695
v -0.03730373 0.02625801 -0.03306695
v -0.03789685 0.02609208 -0.03240876
v -0.03842190 0.02570688 -0.03306695
v -0.03912245 0.02532760 -0.03306695
v -0.03958848 0.02505500 -0.03306695
v -0.04036620 0.02454535 -0.03311082
v -0.04081407 0.02430238 -0.03282317
v -0.04135727 0.02399422 -0.03213573
v -0.04190955 0.02352605 -0.03213573
v -0.04243458 0.02312900 -0.03120452
v -0.04352249 0.02194377 -0.03079985
v -0.04352249 -0.02196316 -0.03026842
v -0.04243458 -0.02313061 -0.03120452
v -0.04196856 -0.02358100 -0.03120452
v -0.04142082 -0.02404917 -0.03120452
v -0.04088973 -0.02436325 -0.03213573
v -0.04028904 -0.02476623 -0.03213573
v -0.03912245 -0.02532922 -0.03306695
v -0.03842190 -0.02570849 -0.03306695
v -0.04036620 -0.02454696 -0.03311082
v -0.03958848 -0.02505661 -0.03306695
v -0.03257081 -0.02807303 -0.03380802
v -0.03661376 -0.02634852 -0.03403717
v -0.03556217 -0.02683446 -0.03395428
v -0.03499476 -0.02698854 -0.03423706
v -0.03468610 -0.02719596 -0.03395428
v -0.03375858 -0.02755745 -0.03400304
v -0.03285981 -0.02788932 -0.03407129
v -0.03196709 -0.02821526 -0.03407129
v -0.03095938 -0.02859453 -0.03400304
v -0.03024974 -0.02884343 -0.03400304
v -0.02956583 -0.02892640 -0.03447596
v -0.02816018 -0.02948938 -0.03400304
v -0.02806637 -0.02954272 -0.03390553
v -0.03777127 -0.02603443 -0.03306695
v -0.03714485 -0.02618258 -0.03374951
v -0.02806637 0.02948184 -0.03409567
v -0.02806637 0.02918554 -0.03499276
v -0.02909224 0.02899590 -0.03467585
v -0.02909224 0.02882996 -0.03513902
v -0.02909224 0.02856329 -0.03586547
v -0.03008633 0.02822550 -0.03593373
v -0.02993653 0.02866996 -0.03484649
v -0.03140422 0.02798252 -0.03538280
v -0.03170533 0.02808920 -0.03475874
v -0.03282501 0.02762696 -0.03493425
v -0.03349227 0.02713508 -0.03561682
v -0.03411415 0.02701063 -0.03527066
v -0.03468610 0.02689211 -0.03494888
v -0.03562421 0.02651284 -0.03493425
v -0.03630509 0.02622246 -0.03493425
v -0.03696329 0.02609801 -0.03436870
v -0.03714485 0.02618097 -0.03374951
v -0.03777127 0.02603282 -0.03306695
v -0.03848544 0.02544613 -0.03403717
v -0.03899384 0.02525056 -0.03374951
v -0.03932520 0.02497796 -0.03403717
v -0.04014832 0.02447424 -0.03400304
v -0.04072934 0.02423719 -0.03344723
v -0.04116360 0.02396459 -0.03311082
v -0.04181271 0.02343716 -0.03306695
v -0.04237557 0.02306974 -0.03213573
v -0.04280529 0.02260157 -0.03213573
v -0.04352249 0.02187265 -0.03165793
v -0.04285825 0.02266083 -0.03120452
v -0.04352249 0.02192599 -0.03120452
v -0.04352249 -0.02192760 -0.03120452
v -0.04285825 -0.02266244 -0.03120452
v -0.04280529 -0.02260318 -0.03213573
v -0.04237557 -0.02306542 -0.03213573
v -0.04190955 -0.02352766 -0.03213573
v -0.04135727 -0.02399583 -0.03213573
v -0.04081407 -0.02430399 -0.03282317
v -0.03899384 -0.02525218 -0.03374951
v -0.03746865 -0.02595146 -0.03403717
v -0.03848544 -0.02544182 -0.03403717
v -0.04072934 -0.02423880 -0.03344723
v -0.04014832 -0.02447585 -0.03400304
v -0.03232720 -0.02797821 -0.03443208
v -0.03696329 -0.02609962 -0.03436870
v -0.03630509 -0.02622407 -0.03493425
v -0.03562421 -0.02651445 -0.03493425
v -0.03437289 -0.02711892 -0.03465148
v -0.03378581 -0.02725522 -0.03494888
v -0.03282501 -0.02762857 -0.03493425
v -0.03170533 -0.02809081 -0.03475874
v -0.02909224 -0.02899751 -0.03467585
v -0.03140422 -0.02798414 -0.03538280
v -0.02993653 -0.02867157 -0.03484649
v -0.03008633 -0.02822711 -0.03593373
v -0.02909224 -0.02856490 -0.03586547
v -0.02909224 -0.02883158 -0.03513902
v -0.02806637 -0.02923456 -0.03484649
v -0.02806637 -0.02951309 -0.03400304
v -0.02806637 0.02882404 -0.03596785
v -0.02857174 0.02890701 -0.03535842
v -0.02910585 0.02817809 -0.03683569
v -0.02981549 0.02807734 -0.03654804
v -0.03043736 0.02797067 -0.03628476
v -0.03103957 0.02789956 -0.03593373
v -0.03078235 0.02808920 -0.03566557
v -0.03257232 0.02713508 -0.03652853
v -0.03319420 0.02702249 -0.03623601
v -0.03285981 0.02726546 -0.03590447
v -0.03378581 0.02691582 -0.03590447
v -0.03556974 0.02624023 -0.03580209
v -0.03612655 0.02613949 -0.03544618
v -0.03677264 0.02600911 -0.03493425
v -0.03748832 0.02567132 -0.03493425
v -0.03746865 0.02594985 -0.03403717
v -0.03820099 0.02532168 -0.03493425
v -0.03883799 0.02516167 -0.03436870
v -0.03997280 0.02436164 -0.03475386
v -0.04061586 0.02415422 -0.03400304
v -0.04126800 0.02363865 -0.03397866
v -0.04173252 0.02336604 -0.03365200
v -0.04227874 0.02295714 -0.03306695
v -0.04270997 0.02249490 -0.03306695
v -0.04352249 0.02180154 -0.03213573
v -0.04352249 -0.02180315 -0.03213573
v -0.04270997 -0.02249059 -0.03306695
v -0.04227874 -0.02295875 -0.03306695
v -0.04352249 -0.02169056 -0.03262815
v -0.04181271 -0.02343877 -0.03306695
v -0.04116360 -0.02396620 -0.03311082
v -0.03932520 -0.02497365 -0.03403717
v -0.03883799 -0.02516329 -0.03436870
v -0.03820099 -0.02532329 -0.03493425
v -0.03748832 -0.02567293 -0.03493425
v -0.04173252 -0.02336766 -0.03365200
v -0.04126800 -0.02364026 -0.03397866
v -0.04061586 -0.02415584 -0.03400304
v -0.03997280 -0.02436325 -0.03475386
v -0.03612655 -0.02614110 -0.03544618
v -0.03468610 -0.02689372 -0.03494888
v -0.03411415 -0.02701225 -0.03527066
v -0.03349227 -0.02713670 -0.03561682
v -0.03285981 -0.02726707 -0.03590447
v -0.02857174 -0.02890862 -0.03535842
v -0.03078235 -0.02809081 -0.03566557
v -0.03319420 -0.02702410 -0.03623601
v -0.03257232 -0.02713670 -0.03652853
v -0.03103957 -0.02790117 -0.03593373
v -0.03043736 -0.02797228 -0.03628476
v -0.02981549 -0.02807896 -0.03654804
v -0.02806637 -0.02882565 -0.03596785
v -0.02806637 -0.02885528 -0.03588985
v -0.02910585 -0.02817970 -0.03683569
v -0.02806637 -0.02897973 -0.03555344
v -0.02806637 0.02849810 -0.03679669
v -0.02880172 0.02804178 -0.03739149
v -0.02942511 0.02794697 -0.03717210
v -0.03008633 0.02786993 -0.03683569
v -0.03190354 0.02725361 -0.03682594
v -0.03222280 0.02701063 -0.03715260
v -0.03285981 0.02690989 -0.03682594
v -0.03375858 0.02657210 -0.03680156
v -0.03522173 0.02615134 -0.03640177
v -0.03584360 0.02601504 -0.03606536
v -0.03648515 0.02583133 -0.03580209
v -0.03747471 0.02535724 -0.03583134
v -0.03802244 0.02522686 -0.03549493
v -0.03866701 0.02506685 -0.03493425
v -0.03943869 0.02459276 -0.03501226
v -0.03980485 0.02424904 -0.03537305
v -0.04028601 0.02403570 -0.03501226
v -0.04099111 0.02352012 -0.03493425
v -0.04160996 0.02325345 -0.03427606
v -0.04213197 0.02283269 -0.03392991
v -0.04263885 0.02241193 -0.03358862
v -0.04352249 0.02162375 -0.03289631
v -0.04263885 -0.02241355 -0.03358862
v -0.04352249 -0.02162537 -0.03289631
v -0.04352249 -0.02156611 -0.03311570
v -0.03866701 -0.02506847 -0.03493425
v -0.03943869 -0.02459437 -0.03501226
v -0.03802244 -0.02522847 -0.03549493
v -0.04213197 -0.02283430 -0.03392991
v -0.04160996 -0.02325506 -0.03427606
v -0.04099111 -0.02352174 -0.03493425
v -0.04028601 -0.02403731 -0.03501226
v -0.03980485 -0.02424473 -0.03537305
v -0.03522173 -0.02615295 -0.03640177
v -0.03556974 -0.02623592 -0.03580209
v -0.03469064 -0.02656779 -0.03586547
v -0.03747471 -0.02535885 -0.03583134
v -0.03648515 -0.02583294 -0.03580209
v -0.03584360 -0.02601665 -0.03606536
v -0.03375858 -0.02657371 -0.03680156
v -0.03285981 -0.02691150 -0.03682594
v -0.03222280 -0.02701225 -0.03715260
v -0.03190354 -0.02725522 -0.03682594
v -0.03095938 -0.02758708 -0.03680156
v -0.03160092 -0.02711892 -0.03740612
v -0.02942511 -0.02794858 -0.03717210
v -0.02806637 -0.02849971 -0.03679669
v -0.02880172 -0.02804340 -0.03739149
v -0.02806637 0.02810697 -0.03774740
v -0.02835234 0.02791141 -0.03801555
v -0.02910585 0.02781659 -0.03771327
v -0.02909224 0.02741361 -0.03866887
v -0.03002581 0.02751436 -0.03773278
v -0.03160092 0.02711730 -0.03740612
v -0.03190354 0.02687433 -0.03772303
v -0.03282501 0.02653062 -0.03773278
v -0.03428059 0.02614541 -0.03731349
v -0.03463163 0.02624616 -0.03674793
v -0.03490247 0.02601504 -0.03702096
v -0.03556974 0.02584318 -0.03674793
v -0.03715393 0.02525056 -0.03646028
v -0.03777581 0.02510241 -0.03611899
v -0.03836894 0.02488907 -0.03583134
v -0.03916028 0.02441498 -0.03586547
v -0.03895601 0.02429645 -0.03640665
v -0.03962631 0.02413052 -0.03586547
v -0.04031325 0.02363272 -0.03585572
v -0.04083828 0.02338975 -0.03553881
v -0.04145865 0.02311122 -0.03493425
v -0.04192316 0.02264305 -0.03493425
v -0.04253294 0.02228748 -0.03420781
v -0.04352249 0.02123263 -0.03400304
v -0.04352249 0.02128004 -0.03387140
v -0.04352249 0.02143412 -0.03344236
v -0.04253294 -0.02228910 -0.03420781
v -0.04352249 -0.02123424 -0.03400304
v -0.03836894 -0.02489068 -0.03583134
v -0.03777581 -0.02510402 -0.03611899
v -0.04192316 -0.02264467 -0.03493425
v -0.04145865 -0.02311283 -0.03493425
v -0.04083828 -0.02339136 -0.03553881
v -0.04031325 -0.02363434 -0.03585572
v -0.03962631 -0.02413213 -0.03586547
v -0.03895601 -0.02429806 -0.03640665
v -0.03916028 -0.02441659 -0.03586547
v -0.03463163 -0.02624777 -0.03674793
v -0.03715393 -0.02525218 -0.03646028
v -0.03556974 -0.02584479 -0.03674793
v -0.03490247 -0.02601665 -0.03702096
v -0.03428059 -0.02614703 -0.03731349
v -0.03282501 -0.02652630 -0.03773278
v -0.03190354 -0.02687595 -0.03772303
v -0.03092155 -0.02721374 -0.03772303
v -0.03120752 -0.02698262 -0.03803018
v -0.03002581 -0.02751004 -0.03773278
v -0.02956129 -0.02705966 -0.03913692
v -0.02910585 -0.02781820 -0.03771327
v -0.02806637 -0.02810859 -0.03774740
v -0.02835234 -0.02791302 -0.03801555
v -0.02806637 0.02773955 -0.03861524
v -0.02808906 0.02774548 -0.03859086
v -0.02909224 0.02713508 -0.03930756
v -0.02956129 0.02705804 -0.03913692
v -0.02850062 0.02701656 -0.03998525
v -0.03058565 0.02708767 -0.03827395
v -0.03120752 0.02698100 -0.03803018
v -0.03194893 0.02640024 -0.03873225
v -0.03282501 0.02622246 -0.03840072
v -0.03329557 0.02612764 -0.03820570
v -0.03366628 0.02622838 -0.03766940
v -0.03391745 0.02599726 -0.03793755
v -0.03463163 0.02582540 -0.03766940
v -0.03559243 0.02538094 -0.03770840
v -0.03653508 0.02538687 -0.03678206
v -0.03621128 0.02525056 -0.03738174
v -0.03683316 0.02509648 -0.03708434
v -0.03747471 0.02492462 -0.03678206
v -0.03837650 0.02444461 -0.03675281
v -0.03803455 0.02430830 -0.03734274
v -0.03865642 0.02411274 -0.03703071
v -0.03935395 0.02379273 -0.03679669
v -0.04001820 0.02347272 -0.03656754
v -0.04064007 0.02322974 -0.03616287
v -0.04121807 0.02286232 -0.03586547
v -0.04177791 0.02248897 -0.03556807
v -0.04238919 0.02210970 -0.03493425
v -0.04352249 0.02082965 -0.03489037
v -0.04352249 -0.02112164 -0.03425169
v -0.04352249 -0.02083126 -0.03489037
v -0.04238919 -0.02211131 -0.03493425
v -0.03837650 -0.02444622 -0.03675281
v -0.03747471 -0.02492624 -0.03678206
v -0.04177791 -0.02249059 -0.03556807
v -0.04121807 -0.02285801 -0.03586547
v -0.04064007 -0.02323136 -0.03616287
v -0.04001820 -0.02347433 -0.03656754
v -0.03935395 -0.02379434 -0.03679669
v -0.03865642 -0.02411435 -0.03703071
v -0.03683316 -0.02509810 -0.03708434
v -0.03621128 -0.02525218 -0.03738174
v -0.03653508 -0.02538848 -0.03678206
v -0.03559243 -0.02538255 -0.03770840
v -0.03463163 -0.02582701 -0.03766940
v -0.03391745 -0.02599887 -0.03793755
v -0.03282501 -0.02622407 -0.03840072
v -0.03194893 -0.02640185 -0.03873225
v -0.03058565 -0.02708929 -0.03827395
v -0.03018317 -0.02695298 -0.03889314
v -0.02993351 -0.02716040 -0.03861524
v -0.02909224 -0.02691743 -0.03977073
v -0.02850062 -0.02701817 -0.03998525
v -0.02909224 -0.02713077 -0.03930756
v -0.02909224 -0.02740930 -0.03866887
v -0.03167658 -0.02621814 -0.03931731
v -0.02806637 -0.02775302 -0.03858598
v -0.02806637 -0.02795451 -0.03811306
v -0.02806637 0.02725361 -0.03973660
v -0.03018317 0.02695137 -0.03889314
v -0.02909224 0.02691582 -0.03977073
v -0.03167658 0.02621653 -0.03931731
v -0.02806637 0.02695137 -0.04038991
v -0.02817682 0.02686248 -0.04051180
v -0.02918151 0.02645357 -0.04062394
v -0.02806637 0.02720620 -0.03984386
v -0.03229845 0.02609801 -0.03908816
v -0.03282501 0.02598541 -0.03886876
v -0.03526107 0.02523871 -0.03828371
v -0.03588143 0.02507871 -0.03800093
v -0.03653508 0.02490092 -0.03770840
v -0.03743083 0.02443868 -0.03768402
v -0.03707979 0.02429053 -0.03824958
v -0.03770318 0.02409496 -0.03796680
v -0.03912850 0.02349049 -0.03750363
v -0.03975038 0.02327123 -0.03718672
v -0.04038285 0.02293936 -0.03691370
v -0.04074750 0.02238230 -0.03725986
v -0.04097597 0.02260750 -0.03663579
v -0.04159936 0.02229341 -0.03618725
v -0.04352249 0.01981627 -0.03660167
v -0.04352249 0.02027851 -0.03586547
v -0.04352249 0.02049186 -0.03549981
v -0.04352249 0.02057482 -0.03535355
v -0.04352249 -0.02076015 -0.03503664
v -0.03803455 -0.02430399 -0.03734274
v -0.03743083 -0.02444029 -0.03768402
v -0.04159936 -0.02229502 -0.03618725
v -0.04352249 -0.02049347 -0.03549981
v -0.04352249 -0.02028013 -0.03586547
v -0.04352249 -0.02012012 -0.03612387
v -0.04352249 -0.01981789 -0.03660167
v -0.04097597 -0.02260911 -0.03663579
v -0.04074750 -0.02238392 -0.03725986
v -0.04038285 -0.02294097 -0.03691370
v -0.03975038 -0.02327284 -0.03718672
v -0.03912850 -0.02349211 -0.03750363
v -0.03770318 -0.02409658 -0.03796680
v -0.03588143 -0.02508032 -0.03800093
v -0.03653508 -0.02490253 -0.03770840
v -0.03526107 -0.02524032 -0.03828371
v -0.03282501 -0.02598702 -0.03886876
v -0.03229845 -0.02609962 -0.03908816
v -0.02918151 -0.02645519 -0.04062394
v -0.02806637 -0.02708336 -0.04012176
v -0.02806637 -0.02720781 -0.03984386
v -0.02806637 -0.02729670 -0.03963909
v -0.02817682 -0.02686409 -0.04051180
v -0.02806637 -0.02689965 -0.04051180
v -0.03123930 -0.02605221 -0.03993649
v -0.03002581 -0.02628333 -0.04036066
v -0.03123930 0.02605059 -0.03993649
v -0.03002581 0.02628172 -0.04036066
v -0.02806637 0.02687433 -0.04055080
v -0.02806637 0.02685063 -0.04059956
v -0.02806637 0.02634690 -0.04155515
v -0.02814353 0.02635283 -0.04149664
v -0.02892882 0.02624023 -0.04120412
v -0.03194893 0.02594393 -0.03961471
v -0.03286586 0.02551724 -0.03965371
v -0.03460893 0.02533946 -0.03862499
v -0.03424428 0.02519723 -0.03914667
v -0.03486615 0.02504315 -0.03890777
v -0.03566960 0.02475277 -0.03870300
v -0.03655626 0.02443275 -0.03846410
v -0.03607511 0.02424904 -0.03912229
v -0.03655626 0.02409496 -0.03893214
v -0.03743991 0.02376310 -0.03862986
v -0.03817829 0.02347272 -0.03838609
v -0.03880016 0.02325937 -0.03812282
v -0.03940540 0.02306974 -0.03778153
v -0.03983360 0.02240008 -0.03821057
v -0.04005754 0.02258972 -0.03773278
v -0.04052356 0.02218081 -0.03773278
v -0.04079289 0.02149930 -0.03823983
v -0.04100170 0.02171857 -0.03773278
v -0.04166745 0.02143412 -0.03724036
v -0.04132247 0.02202673 -0.03693807
v -0.04352249 0.01946071 -0.03709896
v -0.03707979 -0.02429214 -0.03824958
v -0.04166745 -0.02143573 -0.03724036
v -0.04132247 -0.02202835 -0.03693807
v -0.04352249 -0.01966381 -0.03683082
v -0.04052356 -0.02218243 -0.03773278
v -0.03983360 -0.02240169 -0.03821057
v -0.04005754 -0.02259133 -0.03773278
v -0.04100170 -0.02171426 -0.03773278
v -0.04079289 -0.02150092 -0.03823983
v -0.03880016 -0.02326099 -0.03812282
v -0.03940540 -0.02307135 -0.03778153
v -0.03817829 -0.02347433 -0.03838609
v -0.03655626 -0.02443437 -0.03846410
v -0.03566960 -0.02475438 -0.03870300
v -0.03486615 -0.02504476 -0.03890777
v -0.03424428 -0.02519884 -0.03914667
v -0.03375858 -0.02531144 -0.03932706
v -0.03286586 -0.02551885 -0.03965371
v -0.03194893 -0.02594554 -0.03961471
v -0.02892882 -0.02624185 -0.04120412
v -0.02814353 -0.02635444 -0.04149664
v -0.02806637 -0.02638407 -0.04148689
v -0.02955070 -0.02612332 -0.04099447
v -0.03094122 -0.02584479 -0.04049230
v -0.02955070 0.02612171 -0.04099447
v -0.03094122 0.02584318 -0.04049230
v -0.02806637 0.02589059 -0.04226697
v -0.02844464 0.02605652 -0.04182818
v -0.03185815 0.02542835 -0.04053618
v -0.03258291 0.02529797 -0.04022414
v -0.03375858 0.02530983 -0.03932706
v -0.03320479 0.02514982 -0.03999987
v -0.03375858 0.02500759 -0.03979511
v -0.03545474 0.02442090 -0.03935144
v -0.03441072 0.02436757 -0.04019977
v -0.03503259 0.02417793 -0.03997062
v -0.03570894 0.02403570 -0.03963909
v -0.03717663 0.02343123 -0.03924905
v -0.03779851 0.02321196 -0.03901015
v -0.03851117 0.02292751 -0.03874200
v -0.03935546 0.02258379 -0.03841534
v -0.03884556 0.02235860 -0.03909791
v -0.03935546 0.02214526 -0.03888339
v -0.03983814 0.02147560 -0.03914667
v -0.04014681 0.02179561 -0.03853723
v -0.04352249 0.01820436 -0.03866887
v -0.04352249 0.01863104 -0.03818132
v -0.04352249 0.01684727 -0.04010226
v -0.04352249 0.01775990 -0.03917104
v -0.04352249 0.01864289 -0.03816669
v -0.04352249 0.01902217 -0.03767915
v -0.03743991 -0.02376471 -0.03862986
v -0.03655626 -0.02409658 -0.03893214
v -0.03607662 -0.02425066 -0.03912229
v -0.04352249 -0.01946232 -0.03709896
v -0.04352249 -0.01902378 -0.03767915
v -0.04352249 -0.01863858 -0.03817644
v -0.04014681 -0.02179723 -0.03853723
v -0.03983814 -0.02147129 -0.03914667
v -0.03935546 -0.02214687 -0.03888339
v -0.03884556 -0.02236021 -0.03909791
v -0.03935546 -0.02258540 -0.03841534
v -0.04352249 -0.01785633 -0.03906866
v -0.04352249 -0.01776151 -0.03917104
v -0.04352249 -0.01692000 -0.04003400
v -0.04352249 -0.01684888 -0.04010226
v -0.03779851 -0.02321358 -0.03901015
v -0.03851117 -0.02292912 -0.03874200
v -0.03545474 -0.02442251 -0.03935144
v -0.03375858 -0.02500921 -0.03979511
v -0.03320479 -0.02514551 -0.03999987
v -0.03258291 -0.02529959 -0.04022414
v -0.03185815 -0.02542996 -0.04053618
v -0.02844464 -0.02605814 -0.04182818
v -0.02806637 -0.02612332 -0.04193544
v -0.03152527 -0.02524032 -0.04106760
v -0.03152527 0.02523871 -0.04106760
v -0.02806637 0.02581355 -0.04237423
v -0.02814353 0.02580170 -0.04234985
v -0.02901053 0.02540464 -0.04238398
v -0.03214715 0.02507871 -0.04084821
v -0.03333794 0.02428460 -0.04102860
v -0.03395982 0.02408904 -0.04082383
v -0.03613412 0.02335419 -0.04009738
v -0.03748832 0.02286232 -0.03960008
v -0.03822368 0.02258972 -0.03933193
v -0.03780002 0.02226971 -0.03995112
v -0.03851722 0.02200303 -0.03966834
v -0.03881076 0.02139263 -0.04000962
v -0.03935546 0.02167709 -0.03933193
v -0.03942658 0.02104299 -0.03983898
v -0.03978518 0.02049186 -0.04003888
v -0.04259951 0.01677023 -0.04097984
v -0.04317297 0.01640873 -0.04080920
v -0.04352249 0.01675838 -0.04018514
v -0.03717663 -0.02342692 -0.03924905
v -0.03648969 -0.02358693 -0.03957570
v -0.03570894 -0.02403731 -0.03963909
v -0.03503259 -0.02417954 -0.03997062
v -0.03441072 -0.02436918 -0.04019977
v -0.03978518 -0.02049347 -0.04003888
v -0.03942658 -0.02104460 -0.03983898
v -0.03881076 -0.02139425 -0.04000962
v -0.03935546 -0.02167870 -0.03933193
v -0.04317297 -0.01641034 -0.04080920
v -0.04259951 -0.01677184 -0.04097984
v -0.03851722 -0.02200464 -0.03966834
v -0.03780002 -0.02227132 -0.03995112
v -0.03822368 -0.02259133 -0.03933193
v -0.04352249 -0.01633330 -0.04056543
v -0.03613412 -0.02335581 -0.04009738
v -0.03748832 -0.02286393 -0.03960008
v -0.03214715 -0.02508032 -0.04084821
v -0.02814353 -0.02580331 -0.04234985
v -0.02806637 -0.02589220 -0.04226697
v -0.02901053 -0.02540626 -0.04238398
v -0.03333794 -0.02428621 -0.04102860
v -0.03188236 -0.02472475 -0.04146251
v -0.03095938 -0.02500921 -0.04170629
v -0.03040105 -0.02514551 -0.04187693
v -0.02977918 -0.02529366 -0.04206708
v -0.02977918 0.02529205 -0.04206708
v -0.03040105 0.02514389 -0.04187693
v -0.03095938 0.02500759 -0.04170629
v -0.03188236 0.02472314 -0.04146251
v -0.02806637 0.02531575 -0.04302754
v -0.02816018 0.02530390 -0.04299829
v -0.02864436 0.02519723 -0.04287640
v -0.03161757 0.02436757 -0.04204757
v -0.03223944 0.02417793 -0.04185256
v -0.03443492 0.02346679 -0.04114073
v -0.03505680 0.02325345 -0.04093109
v -0.03717814 0.02250675 -0.04017539
v -0.03818888 0.02164746 -0.04022902
v -0.03846123 0.02102521 -0.04056055
v -0.03873359 0.02039111 -0.04089208
v -0.03916330 0.02077039 -0.04027290
v -0.04253294 0.01578056 -0.04186718
v -0.04197763 0.01706061 -0.04122362
v -0.04291726 0.01614798 -0.04124800
v -0.04352249 0.01586945 -0.04097984
v -0.03395982 -0.02409065 -0.04082383
v -0.03916330 -0.02077200 -0.04027290
v -0.04197763 -0.01706222 -0.04122362
v -0.04253294 -0.01577625 -0.04186718
v -0.03773495 -0.02127572 -0.04085308
v -0.03818888 -0.02164907 -0.04022902
v -0.03873359 -0.02039273 -0.04089208
v -0.04352249 -0.01587106 -0.04097984
v -0.04291726 -0.01614959 -0.04124800
v -0.03717814 -0.02250836 -0.04017539
v -0.03562421 -0.02304172 -0.04074094
v -0.03505680 -0.02324914 -0.04093109
v -0.03443492 -0.02346840 -0.04114073
v -0.02806637 -0.02581516 -0.04237423
v -0.02864436 -0.02519884 -0.04287640
v -0.02806637 -0.02537070 -0.04296416
v -0.03161757 -0.02436918 -0.04204757
v -0.03223944 -0.02417954 -0.04185256
v -0.02806637 0.02527427 -0.04307630
v -0.02816018 0.02485351 -0.04346634
v -0.02863529 0.02426090 -0.04380274
v -0.02895152 0.02464609 -0.04325669
v -0.02982759 0.02440905 -0.04301292
v -0.03044947 0.02423127 -0.04284228
v -0.03095938 0.02407719 -0.04270089
v -0.03190505 0.02379866 -0.04240836
v -0.03282501 0.02352012 -0.04211095
v -0.03333189 0.02335419 -0.04195494
v -0.03395376 0.02312900 -0.04175992
v -0.03471636 0.02288010 -0.04148202
v -0.03609780 0.02240008 -0.04100422
v -0.03745655 0.02190228 -0.04051180
v -0.03773495 0.02127411 -0.04085308
v -0.03811171 0.02065186 -0.04110173
v -0.03748832 0.02031407 -0.04177455
v -0.03836440 0.02001184 -0.04142839
v -0.04046909 0.01655689 -0.04268626
v -0.04093966 0.01695394 -0.04206220
v -0.04156154 0.01668134 -0.04184280
v -0.04191106 0.01605909 -0.04208658
v -0.04145714 0.01564426 -0.04271064
v -0.04216072 0.01540128 -0.04240348
v -0.04284917 0.01515831 -0.04210121
v -0.04347105 0.01483830 -0.04186718
v -0.04319415 0.01550203 -0.04155515
v -0.04352249 0.01582797 -0.04101397
v -0.04156154 -0.01668295 -0.04184280
v -0.04319415 -0.01550364 -0.04155515
v -0.04347105 -0.01483991 -0.04186718
v -0.04284917 -0.01515400 -0.04210121
v -0.04216072 -0.01540290 -0.04240348
v -0.04145714 -0.01564587 -0.04271064
v -0.04191106 -0.01606070 -0.04208658
v -0.03744898 -0.02097941 -0.04128212
v -0.03711308 -0.02153055 -0.04105785
v -0.03745655 -0.02190390 -0.04051180
v -0.03811171 -0.02065348 -0.04110173
v -0.03748832 -0.02031569 -0.04177455
v -0.04093966 -0.01695555 -0.04206220
v -0.04046909 -0.01655850 -0.04268626
v -0.04352249 -0.01582958 -0.04101397
v -0.03609780 -0.02240169 -0.04100422
v -0.03471636 -0.02288171 -0.04148202
v -0.03395376 -0.02313061 -0.04175992
v -0.03333189 -0.02334988 -0.04195494
v -0.02816018 -0.02530551 -0.04299829
v -0.02982759 -0.02441066 -0.04301292
v -0.02895152 -0.02464771 -0.04325669
v -0.02863529 -0.02426251 -0.04380274
v -0.02816018 -0.02485512 -0.04346634
v -0.02806637 -0.02531737 -0.04302754
v -0.03190505 -0.02380027 -0.04240836
v -0.03095938 -0.02407880 -0.04270089
v -0.03044947 -0.02423288 -0.04284228
v -0.03282501 -0.02352174 -0.04211095
v -0.02806637 0.02487722 -0.04348584
v -0.02806637 0.02441498 -0.04392951
v -0.02816018 0.02438535 -0.04391488
v -0.02806637 0.02435572 -0.04398314
v -0.02806637 0.02379273 -0.04443168
v -0.02806637 0.02364457 -0.04454869
v -0.02848852 0.02323567 -0.04467058
v -0.02900448 0.02376902 -0.04400751
v -0.03036625 0.02324160 -0.04373449
v -0.03095938 0.02360902 -0.04311530
v -0.03156915 0.02341938 -0.04294953
v -0.03219103 0.02320011 -0.04276427
v -0.03288856 0.02288010 -0.04261800
v -0.03368898 0.02283269 -0.04217434
v -0.03437440 0.02250675 -0.04202807
v -0.03499628 0.02226378 -0.04182818
v -0.03711308 0.02152894 -0.04105785
v -0.03744898 0.02097780 -0.04128212
v -0.03701322 0.02051556 -0.04192569
v -0.04083526 0.01593464 -0.04291541
v -0.04119840 0.01630799 -0.04238398
v -0.03663343 0.02012443 -0.04244736
v -0.04179001 0.01502201 -0.04293491
v -0.04241189 0.01470792 -0.04272039
v -0.04333336 0.01377159 -0.04271551
v -0.04352249 0.01481460 -0.04183793
v -0.04352249 0.01489164 -0.04177942
v -0.04352249 0.01397308 -0.04243274
v -0.04352249 0.01429902 -0.04220359
v -0.04352249 -0.01481621 -0.04183793
v -0.04352249 -0.01472732 -0.04190618
v -0.04352249 -0.01430063 -0.04220359
v -0.04333336 -0.01377320 -0.04271551
v -0.04241189 -0.01470954 -0.04272039
v -0.04179001 -0.01502362 -0.04293491
v -0.04083526 -0.01593625 -0.04291541
v -0.04119840 -0.01630960 -0.04238398
v -0.03664402 -0.02104460 -0.04175017
v -0.03600853 -0.02139425 -0.04188180
v -0.03701322 -0.02051717 -0.04192569
v -0.03499628 -0.02226539 -0.04182818
v -0.03663343 -0.02012605 -0.04244736
v -0.03437440 -0.02250836 -0.04202807
v -0.03368898 -0.02283430 -0.04217434
v -0.03156915 -0.02342099 -0.04294953
v -0.03288856 -0.02288171 -0.04261800
v -0.03219103 -0.02320173 -0.04276427
v -0.02806637 -0.02487883 -0.04348584
v -0.02816018 -0.02438696 -0.04391488
v -0.03095938 -0.02361063 -0.04311530
v -0.03036625 -0.02324321 -0.04373449
v -0.02900448 -0.02377064 -0.04400751
v -0.02848852 -0.02323728 -0.04467058
v -0.02806637 -0.02364619 -0.04454869
v -0.02806637 -0.02379434 -0.04443168
v -0.02806637 -0.02446400 -0.04388563
v -0.02806637 0.02307566 -0.04495823
v -0.02817077 0.02289788 -0.04503624
v -0.02909224 0.02256601 -0.04485097
v -0.02957188 0.02240008 -0.04473884
v -0.02909224 0.02303418 -0.04451944
v -0.03095938 0.02257194 -0.04393438
v -0.02974437 0.02344309 -0.04389050
v -0.03095938 0.02304011 -0.04357847
v -0.03144810 0.02240601 -0.04381250
v -0.03324110 0.02235267 -0.04283740
v -0.03375858 0.02215711 -0.04268139
v -0.03426849 0.02149338 -0.04289103
v -0.03463163 0.02187858 -0.04236448
v -0.03538817 0.02164153 -0.04207683
v -0.03600853 0.02139263 -0.04188180
v -0.03664402 0.02104299 -0.04175017
v -0.03639134 0.02077039 -0.04212070
v -0.03869122 0.01662800 -0.04368573
v -0.04066579 0.01484423 -0.04374912
v -0.04117722 0.01535980 -0.04309580
v -0.03687553 0.01946663 -0.04277889
v -0.03559546 0.02004739 -0.04312993
v -0.03475116 0.02009480 -0.04359310
v -0.03526409 0.02061038 -0.04293004
v -0.04162206 0.01393160 -0.04376374
v -0.04212289 0.01442347 -0.04311043
v -0.04304890 0.01348713 -0.04309580
v -0.04352249 0.01320861 -0.04295441
v -0.04352249 0.01369455 -0.04262288
v -0.04352249 -0.01337615 -0.04284715
v -0.04304890 -0.01348875 -0.04309580
v -0.04212289 -0.01442508 -0.04311043
v -0.04117722 -0.01536142 -0.04309580
v -0.04162206 -0.01393321 -0.04376374
v -0.04066579 -0.01483991 -0.04374912
v -0.03904982 -0.01600737 -0.04389538
v -0.03869122 -0.01662369 -0.04368573
v -0.03510068 -0.01954528 -0.04376861
v -0.03475116 -0.02009642 -0.04359310
v -0.03559546 -0.02004901 -0.04312993
v -0.03687553 -0.01946824 -0.04277889
v -0.03639134 -0.02077200 -0.04212070
v -0.03426849 -0.02149499 -0.04289103
v -0.03538817 -0.02164315 -0.04207683
v -0.03526409 -0.02061199 -0.04293004
v -0.03463163 -0.02188019 -0.04236448
v -0.03375858 -0.02215872 -0.04268139
v -0.03324110 -0.02235428 -0.04283740
v -0.03144810 -0.02240762 -0.04381250
v -0.03095938 -0.02304172 -0.04357847
v -0.02806637 -0.02441659 -0.04392951
v -0.02974437 -0.02344470 -0.04389050
v -0.03095938 -0.02257355 -0.04393438
v -0.02806637 -0.02336766 -0.04476321
v -0.02909224 -0.02303579 -0.04451944
v -0.02957188 -0.02240169 -0.04473884
v -0.02909224 -0.02256763 -0.04485097
v -0.02817077 -0.02289949 -0.04503624
v -0.02806637 0.02279713 -0.04514838
v -0.02816018 0.02216303 -0.04552379
v -0.02904382 0.02186673 -0.04532389
v -0.03019376 0.02217489 -0.04458770
v -0.02993956 0.02189043 -0.04489485
v -0.03062499 0.02155264 -0.04479247
v -0.03124686 0.02132745 -0.04464620
v -0.03094576 0.02189043 -0.04441218
v -0.03181276 0.02188450 -0.04397826
v -0.03246641 0.02154079 -0.04386125
v -0.03377976 0.02098966 -0.04351997
v -0.03410356 0.02042667 -0.04373449
v -0.03904982 0.01600575 -0.04389538
v -0.03510068 0.01954367 -0.04376861
v -0.04127556 0.01450051 -0.04360285
v -0.03884707 0.01489164 -0.04471446
v -0.04127556 0.01358195 -0.04414890
v -0.04192922 0.01330935 -0.04394413
v -0.04255109 0.01297749 -0.04375399
v -0.04220611 0.01358195 -0.04359797
v -0.04352249 0.01304267 -0.04305192
v -0.04352249 -0.01321022 -0.04295441
v -0.04255109 -0.01297910 -0.04375399
v -0.04220611 -0.01358357 -0.04359797
v -0.04127556 -0.01450212 -0.04360285
v -0.04192922 -0.01331096 -0.04394413
v -0.04127556 -0.01358357 -0.04414890
v -0.03884707 -0.01489325 -0.04471446
v -0.04004392 -0.01511252 -0.04391976
v -0.03447880 -0.01980604 -0.04393438
v -0.03410356 -0.02042828 -0.04373449
v -0.03377976 -0.02099127 -0.04351997
v -0.03246641 -0.02154240 -0.04386125
v -0.03019376 -0.02217650 -0.04458770
v -0.03181276 -0.02188612 -0.04397826
v -0.03124686 -0.02132906 -0.04464620
v -0.03094576 -0.02189204 -0.04441218
v -0.02806637 -0.02297653 -0.04502649
v -0.03062499 -0.02155425 -0.04479247
v -0.02993956 -0.02189204 -0.04489485
v -0.02904382 -0.02186834 -0.04532389
v -0.02816018 -0.02215872 -0.04552379
v -0.02806637 -0.02218835 -0.04554329
v -0.02806637 0.02219267 -0.04554329
v -0.02870186 0.02151116 -0.04569930
v -0.03193229 0.02100743 -0.04450481
v -0.03164934 0.02070520 -0.04484122
v -0.03279626 0.02098966 -0.04405627
v -0.03348168 0.02067557 -0.04390025
v -0.03227122 0.02045037 -0.04468520
v -0.03447880 0.01980442 -0.04393438
v -0.03657291 0.01539536 -0.04545065
v -0.03689520 0.01480867 -0.04561155
v -0.03884707 0.01301897 -0.04565055
v -0.03943263 0.01360566 -0.04508499
v -0.04012714 0.01334491 -0.04488998
v -0.04075053 0.01305453 -0.04472909
v -0.03193229 0.02010666 -0.04503136
v -0.04129070 0.01268118 -0.04462182
v -0.04220611 0.01263377 -0.04413428
v -0.04255866 0.01111667 -0.04469983
v -0.04309883 0.01165003 -0.04408065
v -0.04352249 0.01140705 -0.04392463
v -0.04352249 0.01165003 -0.04379787
v -0.04309883 0.01263377 -0.04356385
v -0.04352249 0.01257451 -0.04330545
v -0.04352249 -0.01257612 -0.04330545
v -0.04309883 -0.01263538 -0.04356385
v -0.04352249 -0.01216721 -0.04352484
v -0.04352249 -0.01168719 -0.04377837
v -0.04352249 -0.01140867 -0.04392463
v -0.04309883 -0.01165164 -0.04408065
v -0.04255866 -0.01111828 -0.04469983
v -0.04220611 -0.01263538 -0.04413428
v -0.04129070 -0.01268279 -0.04462182
v -0.04075053 -0.01305614 -0.04472909
v -0.04012714 -0.01334652 -0.04488998
v -0.03943263 -0.01360727 -0.04508499
v -0.03884707 -0.01302058 -0.04565055
v -0.03689520 -0.01481028 -0.04561155
v -0.03657291 -0.01539697 -0.04545065
v -0.03193229 -0.02010827 -0.04503136
v -0.03164934 -0.02070681 -0.04484122
v -0.03227122 -0.02044606 -0.04468520
v -0.03193229 -0.02100905 -0.04450481
v -0.03348168 -0.02067718 -0.04390025
v -0.03279626 -0.02099127 -0.04405627
v -0.02870186 -0.02151277 -0.04569930
v -0.02806637 -0.02180315 -0.04577244
v -0.02816018 -0.02169648 -0.04580169
v -0.02806637 0.02172450 -0.04581632
v -0.02816018 0.02169487 -0.04580169
v -0.03031783 0.02036741 -0.04559204
v -0.03097148 0.02005925 -0.04547016
v -0.02816018 0.02098966 -0.04613810
v -0.02904382 0.02096595 -0.04582607
v -0.03627332 0.01508127 -0.04573831
v -0.03588900 0.01570352 -0.04558717
v -0.03649877 0.01346343 -0.04635262
v -0.03677112 0.01283526 -0.04651838
v -0.03978821 0.01209449 -0.04565055
v -0.03942809 0.01266340 -0.04555792
v -0.03657291 0.01448273 -0.04588457
v -0.04037831 0.01268118 -0.04508987
v -0.04033745 0.01173299 -0.04553354
v -0.04068092 0.01110482 -0.04563105
v -0.04221065 0.01077295 -0.04500698
v -0.04277654 0.01049442 -0.04482172
v -0.04308824 0.01077295 -0.04450969
v -0.04352249 0.01119371 -0.04402702
v -0.04352249 -0.01070938 -0.04425129
v -0.04308824 -0.01077457 -0.04450969
v -0.04277654 -0.01049604 -0.04482172
v -0.04221065 -0.01077457 -0.04500698
v -0.04068092 -0.01110643 -0.04563105
v -0.04033745 -0.01173460 -0.04553354
v -0.03978821 -0.01209610 -0.04565055
v -0.04037831 -0.01268279 -0.04508987
v -0.03942809 -0.01265909 -0.04555792
v -0.03677112 -0.01283687 -0.04651838
v -0.03657291 -0.01448434 -0.04588457
v -0.03627332 -0.01508289 -0.04573831
v -0.03588900 -0.01570513 -0.04558717
v -0.03031783 -0.02036902 -0.04559204
v -0.02904382 -0.02096756 -0.04582607
v -0.02816018 -0.02099127 -0.04613810
v -0.02806637 -0.02172611 -0.04581632
v -0.02806637 -0.02109794 -0.04611860
v -0.02806637 0.02162375 -0.04586507
v -0.02806637 0.02098966 -0.04616735
v -0.02821616 0.02008295 -0.04648425
v -0.03318512 0.01576871 -0.04656226
v -0.03614925 0.01310786 -0.04661590
v -0.03709946 0.01221301 -0.04662565
v -0.03744142 0.01255080 -0.04637212
v -0.03942809 0.01173299 -0.04592358
v -0.04005905 0.01147224 -0.04577244
v -0.04093058 0.01048257 -0.04575293
v -0.04155246 0.01003218 -0.04559692
v -0.04209263 0.00975365 -0.04542140
v -0.04308824 0.00885880 -0.04519226
v -0.04308824 0.00972402 -0.04490948
v -0.04339842 0.00998477 -0.04463158
v -0.04352249 0.01012108 -0.04449506
v -0.04352249 0.01070777 -0.04425129
v -0.04352249 -0.00992713 -0.04457307
v -0.04339842 -0.00998639 -0.04463158
v -0.04352249 -0.00954193 -0.04471446
v -0.04308824 -0.00971971 -0.04490948
v -0.04308824 -0.00886042 -0.04519226
v -0.04209263 -0.00975527 -0.04542140
v -0.04155246 -0.01003380 -0.04559692
v -0.04093058 -0.01048418 -0.04575293
v -0.04005905 -0.01147385 -0.04577244
v -0.03942809 -0.01173460 -0.04592358
v -0.03744142 -0.01255241 -0.04637212
v -0.03614925 -0.01310947 -0.04661590
v -0.03318512 -0.01577032 -0.04656226
v -0.03649877 -0.01345912 -0.04635262
v -0.03709946 -0.01221462 -0.04662565
v -0.02821616 -0.02008457 -0.04648425
v -0.02806637 -0.02099127 -0.04616735
v -0.02806637 0.02015999 -0.04649888
v -0.02806637 0.02008295 -0.04652814
v -0.02856417 0.01954367 -0.04658177
v -0.03256324 0.01601761 -0.04666465
v -0.03375858 0.01352862 -0.04716195
v -0.03649877 0.01255080 -0.04669390
v -0.03285527 0.01543092 -0.04678654
v -0.02929045 0.01655096 -0.04745448
v -0.03655626 0.01166188 -0.04695230
v -0.03748832 0.01072554 -0.04695230
v -0.03744142 0.01160262 -0.04670365
v -0.03801487 0.01125297 -0.04662077
v -0.03927679 0.01064850 -0.04636237
v -0.04033745 0.01076703 -0.04590895
v -0.04028904 0.00979514 -0.04624048
v -0.04123320 0.00975365 -0.04584069
v -0.04238617 0.00885880 -0.04555304
v -0.04256622 0.00827804 -0.04564080
v -0.04305041 0.00795210 -0.04547503
v -0.04352249 0.00885880 -0.04494361
v -0.04352249 0.00939808 -0.04476321
v -0.04352249 0.00992551 -0.04457307
v -0.04352249 -0.00939970 -0.04476321
v -0.04352249 -0.00886042 -0.04494361
v -0.04256622 -0.00827965 -0.04564080
v -0.04238617 -0.00886042 -0.04555304
v -0.04305041 -0.00795371 -0.04547503
v -0.04123320 -0.00975527 -0.04584069
v -0.04028904 -0.00979675 -0.04624048
v -0.04033745 -0.01076864 -0.04590895
v -0.03927679 -0.01065012 -0.04636237
v -0.03649877 -0.01255241 -0.04669390
v -0.03375858 -0.01353023 -0.04716195
v -0.02866555 -0.01682518 -0.04754223
v -0.03256324 -0.01601922 -0.04666465
v -0.02856417 -0.01954528 -0.04658177
v -0.03744142 -0.01160423 -0.04670365
v -0.03748832 -0.01072716 -0.04695230
v -0.03655626 -0.01166349 -0.04695230
v -0.03801487 -0.01125459 -0.04662077
v -0.02806637 -0.01918379 -0.04685967
v -0.02806637 -0.01992456 -0.04658664
v -0.02806637 -0.02016161 -0.04649888
v -0.02806637 0.01918218 -0.04685967
v -0.02816018 0.01819251 -0.04719608
v -0.02902415 0.01718506 -0.04730821
v -0.03469064 0.01259229 -0.04719120
v -0.02816018 0.01703098 -0.04762024
v -0.02816018 0.01632577 -0.04783476
v -0.03444854 0.01141298 -0.04759099
v -0.03655626 0.01072554 -0.04721070
v -0.03836440 0.01064850 -0.04668903
v -0.03748832 0.00979514 -0.04718145
v -0.03842190 0.00979514 -0.04689379
v -0.03891516 0.01028701 -0.04660614
v -0.03863675 0.01090926 -0.04650863
v -0.03956124 0.00979514 -0.04650863
v -0.04030568 0.00890621 -0.04647938
v -0.04062797 0.00817730 -0.04655739
v -0.04122110 0.00885880 -0.04610884
v -0.04192014 0.00885880 -0.04577731
v -0.04115452 0.00789284 -0.04638675
v -0.04221519 0.00795210 -0.04587970
v -0.04271451 0.00765579 -0.04570906
v -0.04332882 0.00699206 -0.04555792
v -0.04352249 0.00789877 -0.04521663
v -0.04352249 -0.00790038 -0.04521663
v -0.04062797 -0.00817891 -0.04655739
v -0.04122110 -0.00886042 -0.04610884
v -0.04192014 -0.00886042 -0.04577731
v -0.04332882 -0.00699368 -0.04555792
v -0.04271451 -0.00765741 -0.04570906
v -0.04221519 -0.00795371 -0.04587970
v -0.04115452 -0.00789445 -0.04638675
v -0.03956124 -0.00979675 -0.04650863
v -0.03891516 -0.01028862 -0.04660614
v -0.04030568 -0.00890783 -0.04647938
v -0.03836440 -0.01065012 -0.04668903
v -0.03863675 -0.01091087 -0.04650863
v -0.03469064 -0.01259390 -0.04719120
v -0.02816018 -0.01632738 -0.04782989
v -0.02806637 -0.01706222 -0.04762999
v -0.02806637 -0.01715112 -0.04760074
v -0.02902263 -0.01718667 -0.04730821
v -0.02806637 -0.01820005 -0.04722045
v -0.03842190 -0.00979675 -0.04689379
v -0.03748832 -0.00979675 -0.04718145
v -0.03655626 -0.01072716 -0.04721070
v -0.03410356 -0.01203091 -0.04750811
v -0.03444854 -0.01140867 -0.04759099
v -0.02806637 0.01753470 -0.04746423
v -0.02816018 0.01749915 -0.04744960
v -0.03410356 0.01202930 -0.04750811
v -0.02806637 0.01748137 -0.04748373
v -0.02806637 0.01706061 -0.04763487
v -0.02806637 0.01632577 -0.04785914
v -0.02806637 0.01442347 -0.04833206
v -0.03473300 0.01075518 -0.04765925
v -0.03533370 0.01046479 -0.04757636
v -0.03507042 0.01108704 -0.04750811
v -0.02806637 0.01538943 -0.04810292
v -0.02806637 0.01529461 -0.04812729
v -0.03745201 0.00882917 -0.04740084
v -0.03842190 0.00885880 -0.04711807
v -0.04000458 0.00862768 -0.04665977
v -0.03842190 0.00792840 -0.04730334
v -0.04030568 0.00789284 -0.04671340
v -0.04079743 0.00756097 -0.04661590
v -0.04215466 0.00699206 -0.04610397
v -0.04347256 0.00634019 -0.04562617
v -0.04286279 0.00699206 -0.04577731
v -0.04352249 0.00722318 -0.04538728
v -0.04352249 0.00640537 -0.04558229
v -0.04352249 -0.00699368 -0.04544091
v -0.03842190 -0.00886042 -0.04711807
v -0.04000458 -0.00862337 -0.04665977
v -0.04079743 -0.00755666 -0.04661590
v -0.04030568 -0.00789445 -0.04671340
v -0.03842190 -0.00793001 -0.04730334
v -0.04347256 -0.00634180 -0.04562617
v -0.04286279 -0.00699368 -0.04577731
v -0.04215466 -0.00699368 -0.04610397
v -0.04137845 -0.00699368 -0.04645988
v -0.02806637 -0.01632738 -0.04785427
v -0.02816018 -0.01749483 -0.04744960
v -0.03745201 -0.00883079 -0.04740084
v -0.03507042 -0.01108865 -0.04750811
v -0.03533370 -0.01046641 -0.04757636
v -0.03473300 -0.01075679 -0.04765925
v -0.02806637 -0.01437175 -0.04833694
v -0.02806637 -0.01441916 -0.04832719
v -0.02806637 -0.01539105 -0.04809804
v -0.02806637 -0.01548586 -0.04807366
v -0.02806637 0.01437013 -0.04834181
v -0.03375858 0.01072554 -0.04786402
v -0.03469064 0.00979514 -0.04784452
v -0.03711762 0.00849731 -0.04755198
v -0.03778791 0.00792840 -0.04749348
v -0.03794830 0.00744838 -0.04753249
v -0.04313212 0.00604388 -0.04584069
v -0.04028904 0.00699206 -0.04686942
v -0.04028904 0.00606166 -0.04701568
v -0.04091091 0.00699206 -0.04666465
v -0.04168107 0.00556978 -0.04659639
v -0.04352249 0.00577127 -0.04571393
v -0.04352249 -0.00631217 -0.04560180
v -0.03778791 -0.00793001 -0.04749348
v -0.04091091 -0.00699368 -0.04666465
v -0.04028904 -0.00606327 -0.04701568
v -0.04028904 -0.00699368 -0.04686942
v -0.03794830 -0.00744999 -0.04753249
v -0.04168107 -0.00557140 -0.04659639
v -0.04352249 -0.00609290 -0.04565055
v -0.04352249 -0.00577289 -0.04571393
v -0.04313212 -0.00604549 -0.04584069
v -0.03711762 -0.00849892 -0.04755198
v -0.03375858 -0.01072716 -0.04786402
v -0.03469064 -0.00979675 -0.04784452
v -0.02806637 -0.01377913 -0.04843932
v -0.02806637 0.01352862 -0.04846857
v -0.03469064 0.00885880 -0.04800053
v -0.03562421 0.00885880 -0.04780551
v -0.03562421 0.00792840 -0.04794690
v -0.03935546 0.00606166 -0.04729846
v -0.03748832 0.00606166 -0.04779088
v -0.03826453 0.00606166 -0.04761537
v -0.03886220 0.00550460 -0.04752274
v -0.04110761 0.00606166 -0.04673778
v -0.04028904 0.00513125 -0.04713269
v -0.04131037 0.00520829 -0.04677679
v -0.04175824 0.00494754 -0.04663052
v -0.04210322 0.00520829 -0.04644525
v -0.04308824 0.00513125 -0.04600646
v -0.04352249 0.00562905 -0.04573831
v -0.04110761 -0.00606327 -0.04673778
v -0.03935546 -0.00606327 -0.04729846
v -0.04131037 -0.00520990 -0.04677679
v -0.04028904 -0.00512694 -0.04713269
v -0.03886220 -0.00550621 -0.04752274
v -0.03826453 -0.00606327 -0.04761537
v -0.03748832 -0.00606327 -0.04779088
v -0.03562421 -0.00793001 -0.04794690
v -0.04308824 -0.00512694 -0.04600646
v -0.04210322 -0.00520990 -0.04644525
v -0.04175824 -0.00494915 -0.04663052
v -0.04352249 -0.00512694 -0.04580169
v -0.03469064 -0.00886042 -0.04800053
v -0.03562421 -0.00886042 -0.04780551
v -0.02806637 -0.01353023 -0.04846857
v -0.03375858 -0.00886042 -0.04815654
v -0.02806637 0.01298341 -0.04853683
v -0.03375858 0.00885880 -0.04815654
v -0.03469064 0.00792840 -0.04812242
v -0.03562421 0.00606166 -0.04815167
v -0.03748832 0.00513125 -0.04787377
v -0.03849906 0.00516681 -0.04764462
v -0.03903772 0.00419492 -0.04757636
v -0.04028904 0.00419492 -0.04721070
v -0.04122110 0.00326451 -0.04699618
v -0.04122110 0.00419492 -0.04690842
v -0.04195494 0.00326451 -0.04671828
v -0.04308824 0.00326451 -0.04621123
v -0.04352249 0.00513125 -0.04580169
v -0.04195494 -0.00326612 -0.04671828
v -0.04122110 -0.00419653 -0.04690842
v -0.04122110 -0.00326612 -0.04699618
v -0.04028904 -0.00419653 -0.04721070
v -0.03903772 -0.00419653 -0.04757636
v -0.03849906 -0.00516842 -0.04764462
v -0.03562421 -0.00606327 -0.04815167
v -0.03748832 -0.00512694 -0.04787377
v -0.03469064 -0.00793001 -0.04812242
v -0.04308824 -0.00326612 -0.04621123
v -0.04352249 -0.00326612 -0.04600646
v -0.02806637 -0.01297317 -0.04853196
v -0.03375858 -0.00793001 -0.04826381
v -0.02806637 0.01166188 -0.04867822
v -0.03163421 0.00866917 -0.04849295
v -0.03375858 0.00792840 -0.04826381
v -0.03469064 0.00699206 -0.04821505
v -0.03469064 0.00606166 -0.04830281
v -0.03562421 0.00513125 -0.04822480
v -0.03748832 0.00326451 -0.04799078
v -0.03842190 0.00326451 -0.04780063
v -0.03916330 0.00326451 -0.04761049
v -0.04028904 0.00326451 -0.04728384
v -0.04122110 0.00232817 -0.04704981
v -0.04202757 0.00232817 -0.04674753
v -0.04249360 0.00232817 -0.04654276
v -0.04308824 0.00232817 -0.04627949
v -0.04352249 0.00326451 -0.04600646
v -0.04308824 -0.00232979 -0.04627949
v -0.04249360 -0.00232979 -0.04654276
v -0.04202757 -0.00232979 -0.04674753
v -0.04122110 -0.00232979 -0.04704981
v -0.04028904 -0.00326612 -0.04728384
v -0.03916330 -0.00326612 -0.04761049
v -0.03842190 -0.00326612 -0.04780063
v -0.03469064 -0.00606327 -0.04830281
v -0.03469064 -0.00699368 -0.04821505
v -0.03562421 -0.00512694 -0.04822480
v -0.03748832 -0.00326612 -0.04799078
v -0.04352249 -0.00232979 -0.04607471
v -0.02806637 -0.01271242 -0.04856121
v -0.03139061 -0.00929303 -0.04845882
v -0.03163421 -0.00867078 -0.04849295
v -0.02806637 0.01072554 -0.04874160
v -0.02816018 0.01072554 -0.04873185
v -0.03095938 0.00792840 -0.04862459
v -0.03192472 0.00790469 -0.04851733
v -0.03225760 0.00819507 -0.04844907
v -0.03343932 0.00581276 -0.04848320
v -0.03469064 0.00513125 -0.04837106
v -0.03562421 0.00326451 -0.04832231
v -0.03748832 0.00232817 -0.04802978
v -0.03842190 0.00232817 -0.04783964
v -0.03924804 0.00232817 -0.04763487
v -0.03971406 0.00232817 -0.04750323
v -0.04028904 0.00232817 -0.04733746
v -0.04122110 0.00139777 -0.04707906
v -0.04209565 0.00046143 -0.04677679
v -0.04252840 0.00139777 -0.04655739
v -0.04308824 0.00139777 -0.04630874
v -0.04352249 0.00048514 -0.04613322
v -0.04352249 0.00232817 -0.04607471
v -0.04352249 -0.00102011 -0.04611860
v -0.04308824 -0.00139938 -0.04630874
v -0.04252840 -0.00139938 -0.04655739
v -0.04209565 -0.00046305 -0.04677679
v -0.04122110 -0.00139938 -0.04707906
v -0.04028904 -0.00232979 -0.04733746
v -0.03971406 -0.00232979 -0.04750323
v -0.03924804 -0.00232979 -0.04763487
v -0.03842190 -0.00232979 -0.04783964
v -0.03192472 -0.00790631 -0.04851733
v -0.03469064 -0.00512694 -0.04837106
v -0.03343932 -0.00581437 -0.04848320
v -0.03562421 -0.00326612 -0.04832231
v -0.03748832 -0.00232979 -0.04802978
v -0.02806637 -0.01175238 -0.04866847
v -0.02806637 0.00979514 -0.04879523
v -0.02816018 0.00979514 -0.04879035
v -0.03189144 0.00606166 -0.04864897
v -0.03189144 0.00699206 -0.04858559
v -0.03282501 0.00513125 -0.04859046
v -0.03488885 0.00326451 -0.04843445
v -0.03562421 0.00232817 -0.04835644
v -0.03655626 0.00232817 -0.04819555
v -0.03748832 0.00139777 -0.04804441
v -0.03842190 0.00046143 -0.04787864
v -0.03842190 0.00139777 -0.04785914
v -0.03932369 0.00046143 -0.04765437
v -0.03975189 0.00139777 -0.04751298
v -0.04028904 0.00046143 -0.04738134
v -0.04122110 0.00046143 -0.04710344
v -0.04256168 0.00046143 -0.04657201
v -0.04308824 0.00046143 -0.04633799
v -0.04352249 -0.00048083 -0.04613322
v -0.04308824 -0.00046305 -0.04633799
v -0.04256168 -0.00046305 -0.04657201
v -0.04122110 -0.00046305 -0.04710344
v -0.04028904 -0.00046305 -0.04738134
v -0.03975189 -0.00139938 -0.04751298
v -0.03932369 -0.00046305 -0.04765437
v -0.03842190 -0.00046305 -0.04787864
v -0.03842190 -0.00139938 -0.04785914
v -0.03189144 -0.00699368 -0.04858559
v -0.03095938 -0.00793001 -0.04862459
v -0.03282501 -0.00512694 -0.04859046
v -0.03488885 -0.00326612 -0.04843445
v -0.03189144 -0.00606327 -0.04864897
v -0.03655626 -0.00232979 -0.04819555
v -0.03562421 -0.00232979 -0.04835644
v -0.03748832 -0.00139938 -0.04804441
v -0.02806637 -0.01082198 -0.04873673
v -0.02806637 0.00885880 -0.04884886
v -0.03095938 0.00606166 -0.04873673
v -0.03189144 0.00513125 -0.04869285
v -0.03442282 0.00326451 -0.04848808
v -0.03500687 0.00232817 -0.04844907
v -0.03511732 0.00046143 -0.04845882
v -0.03562421 0.00046143 -0.04838081
v -0.03655626 0.00046143 -0.04822480
v -0.03748832 0.00046143 -0.04805903
v -0.03978972 0.00046143 -0.04752274
v -0.03978972 -0.00046305 -0.04752274
v -0.03748832 -0.00046305 -0.04805903
v -0.03189144 -0.00512694 -0.04869285
v -0.03442282 -0.00326612 -0.04848808
v -0.03500687 -0.00232979 -0.04844907
v -0.03095938 -0.00606327 -0.04873185
v -0.02806637 -0.00895524 -0.04884399
v -0.03655626 -0.00046305 -0.04822480
v -0.03562421 -0.00046305 -0.04838081
v -0.03511732 -0.00046305 -0.04845882
v -0.02806637 0.00792840 -0.04887811
v -0.02816018 0.00792840 -0.04887324
v -0.03095938 0.00513125 -0.04876598
v -0.03189144 0.00326451 -0.04875623
v -0.03282501 0.00326451 -0.04865872
v -0.03282501 0.00232817 -0.04868310
v -0.03375858 0.00046143 -0.04860509
v -0.03282501 -0.00326612 -0.04865872
v -0.03189144 -0.00326612 -0.04875623
v -0.03095938 -0.00512694 -0.04876598
v -0.03282501 -0.00232979 -0.04868310
v -0.03375858 -0.00046305 -0.04860509
v -0.02816018 -0.00793001 -0.04887324
v -0.02806637 -0.00793001 -0.04887811
v -0.02806637 0.00606166 -0.04892200
v -0.02816018 0.00606166 -0.04891712
v -0.03095938 0.00326451 -0.04881961
v -0.03095938 0.00419492 -0.04879523
v -0.03189144 0.00232817 -0.04877086
v -0.03282501 0.00139777 -0.04869285
v -0.03282501 0.00046143 -0.04870260
v -0.03189144 -0.00232979 -0.04877086
v -0.03095938 -0.00326612 -0.04881961
v -0.03095938 -0.00419653 -0.04879523
v -0.03282501 -0.00139938 -0.04869285
v -0.03282501 -0.00046305 -0.04870260
v -0.02816018 -0.00606327 -0.04891712
v -0.02806637 -0.00708849 -0.04889762
v -0.02806637 0.00513125 -0.04893662
v -0.03002581 0.00326451 -0.04886836
v -0.03095938 0.00232817 -0.04883424
v -0.03189144 0.00139777 -0.04878061
v -0.03189144 0.00046143 -0.04879035
v -0.03189144 -0.00139938 -0.04878061
v -0.03095938 -0.00232979 -0.04883424
v -0.03002581 -0.00326612 -0.04886836
v -0.03189144 -0.00046305 -0.04879035
v -0.02806637 -0.00615809 -0.04891712
v -0.02816018 -0.00512694 -0.04893175
v -0.02806637 0.00410602 -0.04894637
v -0.02816018 0.00326451 -0.04895125
v -0.02909224 0.00232817 -0.04892687
v -0.03095938 0.00046143 -0.04884886
v -0.03095938 -0.00046305 -0.04884886
v -0.02909224 -0.00232979 -0.04892687
v -0.02806637 -0.00522175 -0.04893175
v -0.02816018 -0.00326612 -0.04895125
v -0.02806637 0.00232817 -0.04896100
v -0.02816018 0.00139777 -0.04896100
v -0.02909224 0.00046143 -0.04893175
v -0.02909224 -0.00046305 -0.04893175
v -0.02816018 -0.00139938 -0.04896100
v -0.02806637 -0.00242461 -0.04896100
v -0.02806637 -0.00429135 -0.04894150
v -0.02806637 0.00046143 -0.04896587
f 1 2 3
f 1 3 8
f 1 8 13
f 1 13 20
f 1 20 25
f 1 25 24
f 1 24 23
f 1 23 29
f 1 29 35
f 1 35 41
f 1 41 47
f 1 47 51
f 1 51 63
f 1 63 72
f 1 72 77
f 1 77 90
f 1 90 96
f 1 96 107
f 1 107 110
f 1 110 121
f 1 121 136
f 1 136 162
f 1 162 193
f 1 193 201
f 1 201 200
f 1 200 242
f 1 242 281
f 1 281 319
f 1 319 358
f 1 358 403
f 1 403 448
f 1 448 500
f 1 500 499
f 1 499 498
f 1 498 497
f 1 497 496
f 1 496 560
f 1 560 614
f 1 614 667
f 1 667 722
f 1 722 777
f 1 777 775
f 1 775 830
f 1 830 882
f 1 882 934
f 1 934 933
f 1 933 932
f 1 932 987
f 1 987 1042
f 1 1042 1041
f 1 1041 1040
f 1 1040 1039
f 1 1039 1097
f 1 1097 1148
f 1 1148 1147
f 1 1147 1144
f 1 1144 1143
f 1 1143 1146
f 1 1146 1145
f 1 1145 1192
f 1 1192 1238
f 1 1238 1284
f 1 1284 1340
f 1 1340 1339
f 1 1339 1342
f 1 1342 1341
f 1 1341 1398
f 1 1398 1397
f 1 1397 1448
f 1 1448 1493
f 1 1493 1491
f 1 1491 1490
f 1 1490 1537
f 1 1537 1572
f 1 1572 1571
f 1 1571 1611
f 1 1611 1610
f 1 1610 1609
f 1 1609 1655
f 1 1655 1701
f 1 1701 1702
f 1 1702 1734
f 1 1734 1763
f 1 1763 1792
f 1 1792 1820
f 1 1820 1854
f 1 1854 1853
f 1 1853 1887
f 1 1887 1855
f 1 1855 1832
f 1 1832 1803
f 1 1803 1775
f 1 1775 1743
f 1 1743 1742
f 1 1742 1735
f 1 1735 1703
f 1 1703 1656
f 1 1656 1613
f 1 1613 1612
f 1 1612 1575
f 1 1575 1573
f 1 1573 1538
f 1 1538 1498
f 1 1498 1497
f 1 1497 1496
f 1 1496 1494
f 1 1494 1449
f 1 1449 1399
f 1 1399 1345
f 1 1345 1344
f 1 1344 1343
f 1 1343 1299
f 1 1299 1246
f 1 1246 1207
f 1 1207 1163
f 1 1163 1162
f 1 1162 1161
f 1 1161 1160
f 1 1160 1154
f 1 1154 1153
f 1 1153 1152
f 1 1152 1101
f 1 1101 1050
f 1 1050 1049
f 1 1049 1048
f 1 1048 1047
f 1 1047 1043
f 1 1043 989
f 1 989 988
f 1 988 936
f 1 936 885
f 1 885 884
f 1 884 834
f 1 834 831
f 1 831 778
f 1 778 723
f 1 723 668
f 1 668 615
f 1 615 561
f 1 561 504
f 1 504 503
f 1 503 502
f 1 502 501
f 1 501 450
f 1 450 449
f 1 449 405
f 1 405 360
f 1 360 322
f 1 322 283
f 1 283 243
f 1 243 203
f 1 203 168
f 1 168 140
f 1 140 122
f 1 122 111
f 1 111 102
f 1 102 94
f 1 94 86
f 1 86 76
f 1 76 75
f 1 75 71
f 1 71 69
f 1 69 57
f 1 57 49
f 1 49 45
f 1 45 37
f 1 37 33
f 1 33 27
f 1 27 21
f 1 21 14
f 1 14 9
f 1 9 4
f 1 4 6
f 1 6 2
f 2 5 3
f 2 6 10
f 2 10 15
f 2 15 22
f 2 22 28
f 2 28 34
f 2 34 40
f 2 40 39
f 2 39 38
f 2 38 46
f 2 46 50
f 2 50 62
f 2 62 61
f 2 61 60
f 2 60 59
f 2 59 58
f 2 58 70
f 2 70 74
f 2 74 80
f 2 80 85
f 2 85 84
f 2 84 83
f 2 83 82
f 2 82 81
f 2 81 89
f 2 89 88
f 2 88 87
f 2 87 95
f 2 95 106
f 2 106 105
f 2 105 104
f 2 104 103
f 2 103 115
f 2 115 114
f 2 114 113
f 2 113 128
f 2 128 148
f 2 148 147
f 2 147 179
f 2 179 218
f 2 218 260
f 2 260 259
f 2 259 300
f 2 300 340
f 2 340 378
f 2 378 377
f 2 377 425
f 2 425 466
f 2 466 526
f 2 526 587
f 2 587 586
f 2 586 637
f 2 637 636
f 2 636 690
f 2 690 689
f 2 689 688
f 2 688 687
f 2 687 745
f 2 745 805
f 2 805 804
f 2 804 860
f 2 860 858
f 2 858 857
f 2 857 907
f 2 907 958
f 2 958 1016
f 2 1016 1015
f 2 1015 1065
f 2 1065 1064
f 2 1064 1063
f 2 1063 1067
f 2 1067 1119
f 2 1119 1172
f 2 1172 1212
f 2 1212 1252
f 2 1252 1254
f 2 1254 1309
f 2 1309 1361
f 2 1361 1369
f 2 1369 1420
f 2 1420 1368
f 2 1368 1367
f 2 1367 1423
f 2 1423 1465
f 2 1465 1470
f 2 1470 1516
f 2 1516 1554
f 2 1554 1555
f 2 1555 1589
f 2 1589 1632
f 2 1632 1631
f 2 1631 1630
f 2 1630 1674
f 2 1674 1672
f 2 1672 1671
f 2 1671 1713
f 2 1713 1722
f 2 1722 1721
f 2 1721 1720
f 2 1720 1719
f 2 1719 1748
f 2 1748 1778
f 2 1778 1804
f 2 1804 1833
f 2 1833 1869
f 2 1869 1904
f 2 1904 1921
f 2 1921 1938
f 2 1938 1952
f 2 1952 1962
f 2 1962 1970
f 2 1970 1978
f 2 1978 1977
f 2 1977 1979
f 2 1979 1972
f 2 1972 1964
f 2 1964 1953
f 2 1953 1939
f 2 1939 1925
f 2 1925 1905
f 2 1905 1870
f 2 1870 1836
f 2 1836 1806
f 2 1806 1780
f 2 1780 1749
f 2 1749 1723
f 2 1723 1686
f 2 1686 1691
f 2 1691 1690
f 2 1690 1685
f 2 1685 1684
f 2 1684 1683
f 2 1683 1680
f 2 1680 1633
f 2 1633 1591
f 2 1591 1590
f 2 1590 1557
f 2 1557 1556
f 2 1556 1518
f 2 1518 1471
f 2 1471 1428
f 2 1428 1370
f 2 1370 1319
f 2 1319 1318
f 2 1318 1317
f 2 1317 1315
f 2 1315 1314
f 2 1314 1257
f 2 1257 1223
f 2 1223 1175
f 2 1175 1124
f 2 1124 1074
f 2 1074 1073
f 2 1073 1072
f 2 1072 1021
f 2 1021 1024
f 2 1024 1017
f 2 1017 960
f 2 960 909
f 2 909 861
f 2 861 806
f 2 806 749
f 2 749 748
f 2 748 702
f 2 702 647
f 2 647 643
f 2 643 591
f 2 591 533
f 2 533 471
f 2 471 428
f 2 428 381
f 2 381 342
f 2 342 341
f 2 341 301
f 2 301 262
f 2 262 221
f 2 221 220
f 2 220 183
f 2 183 152
f 2 152 151
f 2 151 129
f 2 129 116
f 2 116 108
f 2 108 101
f 2 101 100
f 2 100 99
f 2 99 98
f 2 98 97
f 2 97 93
f 2 93 92
f 2 92 91
f 2 91 79
f 2 79 78
f 2 78 73
f 2 73 68
f 2 68 67
f 2 67 66
f 2 66 65
f 2 65 64
f 2 64 56
f 2 56 55
f 2 55 54
f 2 54 53
f 2 53 52
f 2 52 48
f 2 48 44
f 2 44 43
f 2 43 42
f 2 42 36
f 2 36 32
f 2 32 31
f 2 31 30
f 2 30 26
f 2 26 19
f 2 19 18
f 2 18 17
f 2 17 16
f 2 16 12
f 2 12 11
f 2 11 7
f 2 7 5
f 3 5 7
f 3 7 8
f 4 9 6
f 6 9 10
f 7 11 8
f 8 11 12
f 8 12 13
f 9 14 10
f 10 14 15
f 12 16 13
f 13 16 17
f 13 17 18
f 13 18 19
f 13 19 20
f 14 21 15
f 15 21 22
f 19 23 24
f 19 24 25
f 19 25 20
f 19 26 23
f 21 27 28
f 21 28 22
f 23 26 30
f 23 30 31
f 23 31 32
f 23 32 29
f 27 33 28
f 28 33 34
f 29 32 36
f 29 36 35
f 33 37 38
f 33 38 39
f 33 39 40
f 33 40 34
f 35 36 42
f 35 42 43
f 35 43 44
f 35 44 41
f 37 45 38
f 38 45 46
f 41 44 47
f 44 48 47
f 45 49 50
f 45 50 46
f 47 48 52
f 47 52 53
f 47 53 54
f 47 54 55
f 47 55 56
f 47 56 64
f 47 64 51
f 49 57 58
f 49 58 59
f 49 59 60
f 49 60 61
f 49 61 62
f 49 62 50
f 51 64 65
f 51 65 66
f 51 66 67
f 51 67 68
f 51 68 63
f 57 69 58
f 58 69 71
f 58 71 70
f 63 68 72
f 68 73 72
f 70 71 75
f 70 75 76
f 70 76 74
f 72 73 78
f 72 78 79
f 72 79 77
f 74 76 80
f 76 81 82
f 76 82 83
f 76 83 84
f 76 84 85
f 76 85 80
f 76 86 87
f 76 87 88
f 76 88 89
f 76 89 81
f 77 79 91
f 77 91 92
f 77 92 93
f 77 93 90
f 86 94 87
f 87 94 95
f 90 93 97
f 90 97 98
f 90 98 99
f 90 99 100
f 90 100 101
f 90 101 96
f 94 102 103
f 94 103 104
f 94 104 105
f 94 105 106
f 94 106 95
f 96 101 107
f 101 108 109
f 101 109 110
f 101 110 107
f 102 111 112
f 102 112 113
f 102 113 114
f 102 114 115
f 102 115 103
f 108 116 117
f 108 117 109
f 109 117 118
f 109 118 119
f 109 119 120
f 109 120 110
f 110 120 121
f 111 122 123
f 111 123 124
f 111 124 125
f 111 125 126
f 111 126 112
f 112 126 127
f 112 127 128
f 112 128 113
f 116 129 117
f 117 129 118
f 118 129 130
f 118 130 131
f 118 131 132
f 118 132 133
f 118 133 134
f 118 134 119
f 119 134 135
f 119 135 120
f 120 135 121
f 121 135 137
f 121 137 138
f 121 138 139
f 121 139 136
f 122 140 141
f 122 141 123
f 123 141 142
f 123 142 124
f 124 142 143
f 124 143 125
f 125 143 144
f 125 144 145
f 125 145 126
f 126 145 127
f 127 146 147
f 127 147 148
f 127 148 128
f 127 145 144
f 127 144 149
f 127 149 150
f 127 150 146
f 129 151 130
f 130 151 152
f 130 152 153
f 130 153 154
f 130 154 131
f 131 155 156
f 131 156 132
f 131 154 155
f 132 156 157
f 132 157 158
f 132 158 159
f 132 159 133
f 133 159 134
f 134 159 160
f 134 160 135
f 135 160 159
f 135 159 161
f 135 161 137
f 136 139 163
f 136 163 164
f 136 164 165
f 136 165 162
f 137 161 166
f 137 166 138
f 138 166 139
f 139 166 167
f 139 167 163
f 140 168 169
f 140 169 170
f 140 170 141
f 141 170 171
f 141 171 142
f 142 172 173
f 142 173 174
f 142 174 143
f 142 171 175
f 142 175 172
f 143 174 144
f 144 174 176
f 144 176 149
f 146 150 177
f 146 177 178
f 146 178 179
f 146 179 147
f 149 176 180
f 149 180 181
f 149 181 150
f 150 181 182
f 150 182 177
f 152 183 184
f 152 184 153
f 153 185 186
f 153 186 154
f 153 184 187
f 153 187 185
f 154 186 155
f 155 186 188
f 155 188 156
f 156 189 190
f 156 190 157
f 156 188 189
f 157 190 191
f 157 191 192
f 157 192 158
f 158 192 159
f 159 192 161
f 161 192 166
f 162 165 193
f 163 167 194
f 163 194 195
f 163 195 196
f 163 196 197
f 163 197 165
f 163 165 164
f 165 197 198
f 165 198 199
f 165 199 200
f 165 200 201
f 165 201 193
f 166 194 167
f 166 192 191
f 166 191 202
f 166 202 194
f 168 203 204
f 168 204 169
f 169 204 170
f 170 205 206
f 170 206 207
f 170 207 175
f 170 175 171
f 170 204 205
f 172 175 208
f 172 208 209
f 172 209 173
f 173 209 210
f 173 210 211
f 173 211 212
f 173 212 213
f 173 213 180
f 173 180 174
f 174 180 176
f 175 207 208
f 177 214 178
f 177 182 214
f 178 214 215
f 178 215 216
f 178 216 217
f 178 217 218
f 178 218 179
f 180 213 181
f 181 213 212
f 181 212 219
f 181 219 182
f 182 219 214
f 183 187 184
f 183 220 187
f 185 187 188
f 185 188 186
f 187 220 221
f 187 221 222
f 187 222 223
f 187 223 224
f 187 224 225
f 187 225 226
f 187 226 188
f 188 227 228
f 188 228 229
f 188 229 189
f 188 226 227
f 189 229 230
f 189 230 190
f 190 230 191
f 191 231 202
f 191 230 232
f 191 232 231
f 194 202 233
f 194 233 195
f 195 233 196
f 196 234 235
f 196 235 197
f 196 233 236
f 196 236 237
f 196 237 234
f 197 235 198
f 198 235 238
f 198 238 239
f 198 239 240
f 198 240 199
f 199 240 241
f 199 241 200
f 200 241 242
f 202 231 233
f 203 243 244
f 203 244 204
f 204 244 245
f 204 245 246
f 204 246 205
f 205 246 247
f 205 247 206
f 206 208 207
f 206 247 248
f 206 248 249
f 206 249 250
f 206 250 208
f 208 250 209
f 209 250 251
f 209 251 210
f 210 252 211
f 210 251 252
f 211 252 253
f 211 253 219
f 211 219 212
f 214 219 215
f 215 219 216
f 216 254 255
f 216 255 256
f 216 256 257
f 216 257 258
f 216 258 259
f 216 259 260
f 216 260 218
f 216 218 217
f 216 219 254
f 219 253 261
f 219 261 254
f 221 262 222
f 222 263 223
f 222 262 263
f 223 264 224
f 223 263 265
f 223 265 264
f 224 266 225
f 224 264 266
f 225 266 267
f 225 267 268
f 225 268 269
f 225 269 270
f 225 270 228
f 225 228 226
f 226 228 227
f 228 270 271
f 228 271 229
f 229 271 232
f 229 232 230
f 231 232 272
f 231 272 236
f 231 236 233
f 232 271 272
f 234 238 235
f 234 237 273
f 234 273 238
f 236 272 237
f 237 272 274
f 237 274 273
f 238 273 275
f 238 275 276
f 238 276 277
f 238 277 239
f 239 277 278
f 239 278 240
f 240 279 280
f 240 280 241
f 240 278 279
f 241 280 242
f 242 280 282
f 242 282 281
f 243 283 284
f 243 284 285
f 243 285 244
f 244 285 286
f 244 286 245
f 245 286 246
f 246 287 288
f 246 288 247
f 246 286 287
f 247 288 248
f 248 288 289
f 248 289 249
f 249 289 290
f 249 290 251
f 249 251 250
f 251 290 291
f 251 291 252
f 252 291 292
f 252 292 253
f 253 292 255
f 253 255 254
f 253 254 261
f 255 293 294
f 255 294 256
f 255 292 295
f 255 295 296
f 255 296 293
f 256 294 257
f 257 294 297
f 257 297 298
f 257 298 258
f 258 298 299
f 258 299 259
f 259 299 300
f 262 301 263
f 263 301 302
f 263 302 265
f 264 265 303
f 264 303 304
f 264 304 267
f 264 267 266
f 265 302 305
f 265 305 303
f 267 304 306
f 267 306 307
f 267 307 268
f 268 307 308
f 268 308 269
f 269 308 309
f 269 309 274
f 269 274 310
f 269 310 270
f 270 310 271
f 271 310 272
f 272 310 274
f 273 311 276
f 273 276 275
f 273 274 309
f 273 309 312
f 273 312 313
f 273 313 311
f 276 311 314
f 276 314 315
f 276 315 316
f 276 316 277
f 277 317 278
f 277 316 317
f 278 317 318
f 278 318 279
f 279 318 282
f 279 282 280
f 281 282 320
f 281 320 321
f 281 321 319
f 282 318 320
f 283 322 323
f 283 323 324
f 283 324 284
f 284 324 325
f 284 325 326
f 284 326 285
f 285 326 286
f 286 326 327
f 286 327 287
f 287 327 328
f 287 328 288
f 288 329 330
f 288 330 289
f 288 328 329
f 289 330 329
f 289 329 331
f 289 331 332
f 289 332 333
f 289 333 334
f 289 334 290
f 290 334 295
f 290 295 291
f 291 295 292
f 293 296 335
f 293 335 336
f 293 336 294
f 294 336 297
f 295 334 337
f 295 337 296
f 296 337 335
f 297 338 298
f 297 336 339
f 297 339 338
f 298 338 340
f 298 340 299
f 299 340 300
f 301 341 302
f 302 341 342
f 302 342 343
f 302 343 344
f 302 344 345
f 302 345 346
f 302 346 305
f 303 305 304
f 304 305 306
f 305 347 348
f 305 348 306
f 305 346 349
f 305 349 350
f 305 350 347
f 306 348 307
f 307 351 352
f 307 352 308
f 307 348 351
f 308 352 309
f 309 352 312
f 311 313 353
f 311 353 314
f 312 352 313
f 313 352 353
f 314 353 315
f 315 354 316
f 315 353 354
f 316 354 355
f 316 355 356
f 316 356 317
f 317 356 318
f 318 357 320
f 318 356 357
f 319 321 358
f 320 357 321
f 321 357 359
f 321 359 358
f 322 360 323
f 323 361 362
f 323 362 324
f 323 360 361
f 324 362 325
f 325 362 363
f 325 363 364
f 325 364 327
f 325 327 326
f 327 364 328
f 328 364 365
f 328 365 329
f 329 366 367
f 329 367 331
f 329 365 366
f 331 367 368
f 331 368 332
f 332 369 370
f 332 370 333
f 332 368 369
f 333 370 334
f 334 370 337
f 335 371 372
f 335 372 336
f 335 337 370
f 335 370 371
f 336 372 371
f 336 371 339
f 338 339 373
f 338 373 374
f 338 374 375
f 338 375 376
f 338 376 377
f 338 377 378
f 338 378 340
f 339 371 379
f 339 379 380
f 339 380 373
f 342 381 343
f 343 381 344
f 344 382 345
f 344 381 382
f 345 382 346
f 346 382 383
f 346 383 384
f 346 384 350
f 346 350 349
f 347 385 386
f 347 386 387
f 347 387 388
f 347 388 348
f 347 350 385
f 348 388 389
f 348 389 390
f 348 390 391
f 348 391 351
f 350 384 392
f 350 392 385
f 351 391 352
f 352 393 353
f 352 391 390
f 352 390 393
f 353 394 395
f 353 395 396
f 353 396 354
f 353 393 397
f 353 397 394
f 354 396 398
f 354 398 399
f 354 399 400
f 354 400 355
f 355 400 356
f 356 400 401
f 356 401 359
f 356 359 357
f 358 359 402
f 358 402 403
f 359 401 404
f 359 404 402
f 360 405 406
f 360 406 361
f 361 406 407
f 361 407 408
f 361 408 363
f 361 363 362
f 363 408 409
f 363 409 410
f 363 410 365
f 363 365 364
f 365 411 366
f 365 410 411
f 366 411 412
f 366 412 368
f 366 368 367
f 368 412 413
f 368 413 414
f 368 414 415
f 368 415 369
f 369 416 417
f 369 417 370
f 369 415 416
f 370 417 418
f 370 418 371
f 371 419 379
f 371 418 417
f 371 417 416
f 371 416 419
f 373 380 420
f 373 420 421
f 373 421 422
f 373 422 423
f 373 423 374
f 374 423 375
f 375 423 376
f 376 424 425
f 376 425 377
f 376 423 424
f 379 419 426
f 379 426 427
f 379 427 420
f 379 420 380
f 381 428 429
f 381 429 382
f 382 429 430
f 382 430 431
f 382 431 383
f 383 431 432
f 383 432 384
f 384 432 433
f 384 433 434
f 384 434 435
f 384 435 392
f 385 435 436
f 385 436 386
f 385 392 435
f 386 436 437
f 386 437 387
f 387 437 438
f 387 438 388
f 388 438 439
f 388 439 389
f 389 397 393
f 389 393 390
f 389 439 438
f 389 438 440
f 389 440 441
f 389 441 394
f 389 394 397
f 394 441 395
f 395 441 396
f 396 441 442
f 396 442 398
f 398 442 443
f 398 443 445
f 398 445 399
f 399 444 400
f 399 445 444
f 400 444 446
f 400 446 401
f 401 446 404
f 402 404 447
f 402 447 448
f 402 448 403
f 404 446 447
f 405 449 406
f 406 449 450
f 406 450 451
f 406 451 407
f 407 452 408
f 407 451 452
f 408 452 409
f 409 453 454
f 409 454 411
f 409 411 410
f 409 452 453
f 411 455 412
f 411 454 455
f 412 455 456
f 412 456 457
f 412 457 413
f 413 457 414
f 414 457 416
f 414 416 415
f 416 458 459
f 416 459 460
f 416 460 419
f 416 457 458
f 419 460 459
f 419 459 426
f 420 461 421
f 420 427 461
f 421 462 422
f 421 461 463
f 421 463 462
f 422 462 464
f 422 464 423
f 423 465 424
f 423 464 465
f 424 466 425
f 424 465 466
f 426 467 468
f 426 468 427
f 426 459 469
f 426 469 467
f 427 468 467
f 427 467 470
f 427 470 461
f 428 471 430
f 428 430 429
f 430 471 472
f 430 472 473
f 430 473 431
f 431 473 474
f 431 474 432
f 432 474 475
f 432 475 433
f 433 475 476
f 433 476 434
f 434 476 435
f 435 476 477
f 435 477 478
f 435 478 436
f 436 478 479
f 436 479 480
f 436 480 481
f 436 481 482
f 436 482 483
f 436 483 484
f 436 484 437
f 437 484 438
f 438 485 440
f 438 484 483
f 438 483 486
f 438 486 487
f 438 487 485
f 440 485 441
f 441 485 487
f 441 487 442
f 442 487 488
f 442 488 443
f 443 489 490
f 443 490 445
f 443 488 489
f 444 491 446
f 444 445 491
f 445 490 492
f 445 492 493
f 445 493 491
f 446 494 447
f 446 491 494
f 447 495 496
f 447 496 497
f 447 497 498
f 447 498 499
f 447 499 500
f 447 500 448
f 447 494 495
f 450 501 451
f 451 501 502
f 451 502 503
f 451 503 504
f 451 504 505
f 451 505 506
f 451 506 507
f 451 507 452
f 452 507 508
f 452 508 453
f 453 508 509
f 453 509 454
f 454 509 510
f 454 510 455
f 455 510 456
f 456 511 512
f 456 512 457
f 456 510 511
f 457 512 513
f 457 513 458
f 458 513 459
f 459 513 512
f 459 512 514
f 459 514 515
f 459 515 516
f 459 516 517
f 459 517 518
f 459 518 469
f 461 470 519
f 461 519 463
f 462 463 520
f 462 520 521
f 462 521 464
f 463 519 522
f 463 522 520
f 464 521 523
f 464 523 465
f 465 524 525
f 465 525 526
f 465 526 466
f 465 523 524
f 467 469 518
f 467 518 517
f 467 517 527
f 467 527 528
f 467 528 529
f 467 529 530
f 467 530 531
f 467 531 470
f 470 531 532
f 470 532 522
f 470 522 519
f 471 533 534
f 471 534 472
f 472 534 535
f 472 535 536
f 472 536 537
f 472 537 473
f 473 537 538
f 473 538 539
f 473 539 474
f 474 539 475
f 475 539 476
f 476 540 541
f 476 541 542
f 476 542 543
f 476 543 477
f 476 539 540
f 477 479 478
f 477 543 542
f 477 542 544
f 477 544 545
f 477 545 546
f 477 546 482
f 477 482 481
f 477 481 480
f 477 480 479
f 482 546 602
f 482 602 547
f 482 547 486
f 482 486 483
f 486 547 548
f 486 548 549
f 486 549 487
f 487 549 488
f 488 549 550
f 488 550 489
f 489 551 552
f 489 552 490
f 489 550 551
f 490 552 553
f 490 553 492
f 491 493 554
f 491 554 555
f 491 555 495
f 491 495 494
f 492 553 556
f 492 556 557
f 492 557 554
f 492 554 493
f 495 558 559
f 495 559 496
f 495 555 558
f 496 559 560
f 504 561 562
f 504 562 505
f 505 562 506
f 506 562 563
f 506 563 564
f 506 564 565
f 506 565 508
f 506 508 507
f 508 565 566
f 508 566 567
f 508 567 509
f 509 568 510
f 509 567 569
f 509 569 568
f 510 568 570
f 510 570 511
f 511 571 514
f 511 514 512
f 511 570 572
f 511 572 571
f 514 571 573
f 514 573 574
f 514 574 515
f 515 574 575
f 515 575 516
f 516 575 517
f 517 575 527
f 520 522 576
f 520 576 521
f 521 576 523
f 522 532 577
f 522 577 578
f 522 578 579
f 522 579 580
f 522 580 576
f 523 576 581
f 523 581 582
f 523 582 524
f 524 583 584
f 524 584 585
f 524 585 586
f 524 586 525
f 524 582 583
f 525 586 587
f 525 587 526
f 527 575 626
f 527 626 588
f 527 588 532
f 527 532 528
f 528 532 529
f 529 532 530
f 530 532 531
f 532 588 589
f 532 589 590
f 532 590 578
f 532 578 577
f 533 591 534
f 534 591 535
f 535 591 536
f 536 591 592
f 536 592 537
f 537 592 593
f 537 593 594
f 537 594 595
f 537 595 538
f 538 595 596
f 538 596 597
f 538 597 539
f 539 597 540
f 540 597 598
f 540 598 541
f 541 598 599
f 541 599 542
f 542 599 600
f 542 600 601
f 542 601 544
f 544 601 545
f 545 601 546
f 546 601 602
f 547 602 603
f 547 603 548
f 548 603 604
f 548 604 549
f 549 604 550
f 550 604 603
f 550 603 605
f 550 605 606
f 550 606 551
f 551 606 607
f 551 607 552
f 552 607 553
f 553 608 609
f 553 609 556
f 553 607 608
f 554 557 610
f 554 610 555
f 555 610 558
f 556 609 611
f 556 611 557
f 557 611 610
f 558 612 559
f 558 610 613
f 558 613 612
f 559 612 560
f 560 612 614
f 561 615 563
f 561 563 562
f 563 616 564
f 563 615 616
f 564 616 617
f 564 617 618
f 564 618 565
f 565 618 566
f 566 618 619
f 566 619 569
f 566 569 567
f 568 569 620
f 568 620 621
f 568 621 570
f 569 619 622
f 569 622 620
f 570 621 572
f 571 623 573
f 571 572 624
f 571 624 623
f 572 621 624
f 573 623 625
f 573 625 574
f 574 625 575
f 575 625 626
f 576 580 627
f 576 627 581
f 578 590 628
f 578 628 629
f 578 629 579
f 579 630 580
f 579 629 630
f 580 630 627
f 581 627 631
f 581 631 632
f 581 632 582
f 582 633 634
f 582 634 583
f 582 632 635
f 582 635 633
f 583 634 636
f 583 636 584
f 584 636 637
f 584 637 585
f 585 637 586
f 588 626 590
f 588 590 589
f 590 626 638
f 590 638 639
f 590 639 640
f 590 640 641
f 590 641 642
f 590 642 628
f 591 643 592
f 592 643 593
f 593 644 645
f 593 645 646
f 593 646 594
f 593 643 647
f 593 647 644
f 594 646 595
f 595 646 648
f 595 648 596
f 596 648 598
f 596 598 597
f 598 648 649
f 598 649 650
f 598 650 651
f 598 651 652
f 598 652 653
f 598 653 654
f 598 654 599
f 599 654 600
f 600 654 601
f 601 654 655
f 601 655 656
f 601 656 657
f 601 657 602
f 602 657 603
f 603 657 605
f 605 657 658
f 605 658 659
f 605 659 606
f 606 659 660
f 606 660 607
f 607 660 661
f 607 661 608
f 608 661 662
f 608 662 609
f 609 662 663
f 609 663 611
f 610 611 664
f 610 664 613
f 611 663 665
f 611 665 664
f 612 613 666
f 612 666 614
f 613 664 666
f 614 666 667
f 615 668 616
f 616 669 617
f 616 668 669
f 617 670 618
f 617 669 670
f 618 670 671
f 618 671 619
f 619 671 622
f 620 622 672
f 620 672 673
f 620 673 621
f 621 674 624
f 621 673 674
f 622 671 672
f 623 675 638
f 623 638 625
f 623 624 676
f 623 676 675
f 624 674 677
f 624 677 676
f 625 638 626
f 627 630 631
f 628 642 641
f 628 641 678
f 628 678 629
f 629 678 630
f 630 679 680
f 630 680 631
f 630 678 681
f 630 681 682
f 630 682 679
f 631 680 632
f 632 680 683
f 632 683 684
f 632 684 635
f 633 635 684
f 633 684 685
f 633 685 686
f 633 686 687
f 633 687 688
f 633 688 689
f 633 689 690
f 633 690 634
f 634 690 636
f 638 675 691
f 638 691 639
f 639 691 640
f 640 691 692
f 640 692 693
f 640 693 641
f 641 693 694
f 641 694 678
f 644 647 695
f 644 695 696
f 644 696 645
f 645 696 646
f 646 696 697
f 646 697 698
f 646 698 699
f 646 699 700
f 646 700 701
f 646 701 648
f 647 702 695
f 648 701 650
f 648 650 649
f 650 703 651
f 650 701 703
f 651 703 704
f 651 704 705
f 651 705 706
f 651 706 707
f 651 707 652
f 652 707 706
f 652 706 708
f 652 708 709
f 652 709 710
f 652 710 711
f 652 711 653
f 653 711 654
f 654 711 710
f 654 710 712
f 654 712 713
f 654 713 656
f 654 656 655
f 656 713 657
f 657 713 658
f 658 714 715
f 658 715 659
f 658 713 714
f 659 715 660
f 660 715 716
f 660 716 717
f 660 717 661
f 661 717 718
f 661 718 662
f 662 718 719
f 662 719 663
f 663 719 720
f 663 720 665
f 664 665 666
f 665 720 721
f 665 721 666
f 666 721 667
f 667 721 722
f 668 723 669
f 669 723 724
f 669 724 725
f 669 725 670
f 670 725 671
f 671 725 726
f 671 726 672
f 672 727 673
f 672 726 727
f 673 727 728
f 673 728 677
f 673 677 674
f 675 676 729
f 675 729 730
f 675 730 691
f 676 677 729
f 677 728 731
f 677 731 732
f 677 732 729
f 678 694 681
f 679 682 680
f 680 684 683
f 680 682 733
f 680 733 684
f 681 694 693
f 681 693 734
f 681 734 735
f 681 735 736
f 681 736 737
f 681 737 682
f 682 737 738
f 682 738 739
f 682 739 733
f 684 733 740
f 684 740 741
f 684 741 742
f 684 742 685
f 685 743 686
f 685 742 743
f 686 744 687
f 686 743 744
f 687 744 745
f 691 730 746
f 691 746 692
f 692 746 747
f 692 747 693
f 693 747 734
f 695 702 748
f 695 748 749
f 695 749 750
f 695 750 696
f 696 751 752
f 696 752 753
f 696 753 754
f 696 754 755
f 696 755 756
f 696 756 697
f 696 750 751
f 697 756 699
f 697 699 698
f 699 701 700
f 699 756 757
f 699 757 703
f 699 703 701
f 703 757 704
f 704 758 759
f 704 759 760
f 704 760 705
f 704 757 758
f 705 760 761
f 705 761 706
f 706 761 708
f 708 761 762
f 708 762 763
f 708 763 709
f 709 763 764
f 709 764 710
f 710 764 712
f 712 764 765
f 712 765 713
f 713 765 714
f 714 765 766
f 714 766 767
f 714 767 715
f 715 767 716
f 716 767 768
f 716 768 769
f 716 769 770
f 716 770 717
f 717 770 718
f 718 770 771
f 718 771 719
f 719 771 772
f 719 772 720
f 720 772 773
f 720 773 721
f 721 773 774
f 721 774 775
f 721 775 776
f 721 776 722
f 722 776 777
f 723 778 779
f 723 779 724
f 724 779 780
f 724 780 781
f 724 781 782
f 724 782 725
f 725 782 726
f 726 782 783
f 726 783 727
f 727 783 784
f 727 784 728
f 728 784 731
f 729 732 785
f 729 785 730
f 730 786 746
f 730 785 787
f 730 787 786
f 731 784 788
f 731 788 732
f 732 788 789
f 732 789 785
f 733 790 740
f 733 739 790
f 734 747 791
f 734 791 735
f 735 791 792
f 735 792 793
f 735 793 736
f 736 793 794
f 736 794 738
f 736 738 737
f 738 794 739
f 739 794 795
f 739 795 796
f 739 796 790
f 740 790 741
f 741 790 742
f 742 790 797
f 742 797 743
f 743 798 744
f 743 797 799
f 743 799 800
f 743 800 801
f 743 801 802
f 743 802 803
f 743 803 798
f 744 798 804
f 744 804 805
f 744 805 745
f 746 786 747
f 747 786 791
f 749 806 807
f 749 807 750
f 750 807 751
f 751 807 752
f 752 807 806
f 752 806 808
f 752 808 809
f 752 809 753
f 753 809 810
f 753 810 811
f 753 811 812
f 753 812 754
f 754 812 755
f 755 812 811
f 755 811 813
f 755 813 814
f 755 814 815
f 755 815 757
f 755 757 756
f 757 815 758
f 758 815 814
f 758 814 816
f 758 816 759
f 759 816 817
f 759 817 760
f 760 817 818
f 760 818 761
f 761 818 762
f 762 818 819
f 762 819 763
f 763 819 820
f 763 820 821
f 763 821 764
f 764 821 766
f 764 766 765
f 766 822 823
f 766 823 767
f 766 821 822
f 767 823 768
f 768 824 769
f 768 823 824
f 769 824 825
f 769 825 770
f 770 825 826
f 770 826 827
f 770 827 771
f 771 827 772
f 772 827 828
f 772 828 773
f 773 828 829
f 773 829 774
f 774 829 830
f 774 830 775
f 775 777 776
f 778 831 780
f 778 780 779
f 780 832 833
f 780 833 781
f 780 831 834
f 780 834 832
f 781 833 835
f 781 835 782
f 782 835 783
f 783 835 836
f 783 836 784
f 784 836 788
f 785 789 837
f 785 837 838
f 785 838 787
f 786 787 839
f 786 839 840
f 786 840 791
f 787 838 839
f 788 836 841
f 788 841 842
f 788 842 843
f 788 843 789
f 789 843 844
f 789 844 837
f 790 796 797
f 791 840 792
f 792 840 845
f 792 845 793
f 793 846 794
f 793 845 846
f 794 846 795
f 795 846 847
f 795 847 848
f 795 848 796
f 796 848 849
f 796 849 799
f 796 799 797
f 798 803 850
f 798 850 804
f 799 851 800
f 799 849 852
f 799 852 853
f 799 853 854
f 799 854 851
f 800 851 801
f 801 851 854
f 801 854 855
f 801 855 856
f 801 856 802
f 802 857 858
f 802 858 850
f 802 850 803
f 802 856 859
f 802 859 857
f 804 850 860
f 806 861 808
f 808 862 863
f 808 863 809
f 808 861 862
f 809 863 864
f 809 864 810
f 810 864 865
f 810 865 811
f 811 865 813
f 813 865 866
f 813 866 867
f 813 867 814
f 814 867 868
f 814 868 869
f 814 869 816
f 816 869 817
f 817 869 870
f 817 870 818
f 818 870 871
f 818 871 872
f 818 872 873
f 818 873 820
f 818 820 819
f 820 873 822
f 820 822 821
f 822 873 874
f 822 874 823
f 823 874 875
f 823 875 824
f 824 875 876
f 824 876 877
f 824 877 825
f 825 877 878
f 825 878 826
f 826 878 879
f 826 879 827
f 827 879 880
f 827 880 881
f 827 881 829
f 827 829 828
f 829 881 882
f 829 882 830
f 832 883 833
f 832 834 884
f 832 884 885
f 832 885 883
f 833 841 835
f 833 883 841
f 835 841 836
f 837 844 838
f 838 886 839
f 838 844 887
f 838 887 886
f 839 886 888
f 839 888 840
f 840 888 845
f 841 883 889
f 841 889 890
f 841 890 842
f 842 891 843
f 842 890 891
f 843 891 892
f 843 892 844
f 844 892 893
f 844 893 887
f 845 894 895
f 845 895 896
f 845 896 847
f 845 847 846
f 845 888 897
f 845 897 898
f 845 898 899
f 845 899 894
f 847 896 848
f 848 896 852
f 848 852 849
f 850 858 860
f 852 896 894
f 852 894 900
f 852 900 901
f 852 901 853
f 853 901 902
f 853 902 903
f 853 903 854
f 854 903 855
f 855 903 856
f 856 903 904
f 856 904 905
f 856 905 906
f 856 906 859
f 857 859 907
f 859 906 908
f 859 908 907
f 861 909 862
f 862 909 910
f 862 910 911
f 862 911 863
f 863 911 912
f 863 912 913
f 863 913 864
f 864 913 914
f 864 914 866
f 864 866 865
f 866 915 916
f 866 916 867
f 866 914 915
f 867 916 868
f 868 916 917
f 868 917 918
f 868 918 869
f 869 918 919
f 869 919 920
f 869 920 921
f 869 921 870
f 870 921 871
f 871 921 922
f 871 922 872
f 872 922 873
f 873 922 923
f 873 923 876
f 873 876 874
f 874 876 875
f 876 923 924
f 876 924 925
f 876 925 926
f 876 926 927
f 876 927 928
f 876 928 877
f 877 928 878
f 878 928 929
f 878 929 879
f 879 929 930
f 879 930 931
f 879 931 880
f 880 931 881
f 881 931 932
f 881 932 933
f 881 933 934
f 881 934 882
f 883 935 889
f 883 885 936
f 883 936 935
f 886 887 888
f 887 893 888
f 888 893 937
f 888 937 938
f 888 938 897
f 889 935 890
f 890 935 939
f 890 939 940
f 890 940 891
f 891 940 941
f 891 941 892
f 892 941 893
f 893 941 942
f 893 942 943
f 893 943 944
f 893 944 945
f 893 945 937
f 894 946 900
f 894 896 895
f 894 899 947
f 894 947 948
f 894 948 949
f 894 949 946
f 897 938 898
f 898 938 947
f 898 947 899
f 900 946 950
f 900 950 901
f 901 950 951
f 901 951 902
f 902 951 952
f 902 952 905
f 902 905 904
f 902 904 903
f 905 953 906
f 905 952 954
f 905 954 953
f 906 953 955
f 906 955 956
f 906 956 957
f 906 957 908
f 907 908 958
f 908 957 959
f 908 959 958
f 909 960 961
f 909 961 910
f 910 961 911
f 911 961 912
f 912 962 963
f 912 963 913
f 912 961 964
f 912 964 962
f 913 963 965
f 913 965 966
f 913 966 914
f 914 966 915
f 915 966 967
f 915 967 916
f 916 967 968
f 916 968 969
f 916 969 970
f 916 970 917
f 917 970 969
f 917 969 971
f 917 971 972
f 917 972 919
f 917 919 918
f 919 972 973
f 919 973 920
f 920 973 974
f 920 974 921
f 921 974 975
f 921 975 976
f 921 976 977
f 921 977 922
f 922 977 978
f 922 978 925
f 922 925 923
f 923 925 924
f 925 978 979
f 925 979 980
f 925 980 981
f 925 981 982
f 925 982 926
f 926 982 927
f 927 982 983
f 927 983 928
f 928 983 984
f 928 984 985
f 928 985 929
f 929 985 930
f 930 985 986
f 930 986 931
f 931 986 987
f 931 987 932
f 935 936 988
f 935 988 989
f 935 989 990
f 935 990 939
f 937 945 944
f 937 944 938
f 938 944 991
f 938 991 992
f 938 992 947
f 939 990 993
f 939 993 940
f 940 993 941
f 941 993 994
f 941 994 995
f 941 995 942
f 942 995 996
f 942 996 943
f 943 996 944
f 944 996 997
f 944 997 998
f 944 998 991
f 946 949 950
f 947 992 999
f 947 999 1000
f 947 1000 1001
f 947 1001 948
f 948 1001 1002
f 948 1002 949
f 949 1002 1003
f 949 1003 950
f 950 1003 1004
f 950 1004 1005
f 950 1005 951
f 951 1005 952
f 952 1005 1006
f 952 1006 954
f 953 954 1007
f 953 1007 955
f 954 1006 1008
f 954 1008 956
f 954 956 1007
f 955 1007 1009
f 955 1009 956
f 956 1010 1011
f 956 1011 1012
f 956 1012 1013
f 956 1013 957
f 956 1009 1007
f 956 1008 1006
f 956 1006 1014
f 956 1014 1010
f 957 1013 1011
f 957 1011 1015
f 957 1015 959
f 958 959 1016
f 959 1015 1016
f 960 1017 961
f 961 1017 964
f 962 964 963
f 963 967 1018
f 963 1018 966
f 963 966 965
f 963 964 1019
f 963 1019 1020
f 963 1020 967
f 964 1021 1022
f 964 1022 1023
f 964 1023 1019
f 964 1017 1024
f 964 1024 1021
f 966 1018 967
f 967 1020 1025
f 967 1025 968
f 968 1025 969
f 969 1025 1026
f 969 1026 1027
f 969 1027 971
f 971 1027 972
f 972 1027 973
f 973 1027 975
f 973 975 974
f 975 1027 1028
f 975 1028 976
f 976 1028 1029
f 976 1029 1030
f 976 1030 977
f 977 1030 979
f 977 979 978
f 979 1030 1031
f 979 1031 1032
f 979 1032 1033
f 979 1033 980
f 980 1033 981
f 981 1033 1034
f 981 1034 982
f 982 1034 1035
f 982 1035 983
f 983 1035 1036
f 983 1036 1037
f 983 1037 1038
f 983 1038 984
f 984 1038 985
f 985 987 986
f 985 1038 1039
f 985 1039 1040
f 985 1040 1041
f 985 1041 1042
f 985 1042 987
f 989 1043 990
f 990 1043 993
f 991 998 1044
f 991 1044 992
f 992 1044 1045
f 992 1045 999
f 993 1046 994
f 993 1043 1047
f 993 1047 1048
f 993 1048 1049
f 993 1049 1050
f 993 1050 1046
f 994 1046 995
f 995 1046 1051
f 995 1051 1052
f 995 1052 1053
f 995 1053 996
f 996 1053 1054
f 996 1054 997
f 997 1054 1055
f 997 1055 998
f 998 1056 1044
f 998 1055 1056
f 999 1057 1000
f 999 1045 1058
f 999 1058 1057
f 1000 1057 1059
f 1000 1059 1002
f 1000 1002 1001
f 1002 1059 1003
f 1003 1059 1004
f 1004 1059 1060
f 1004 1060 1061
f 1004 1061 1005
f 1005 1061 1006
f 1006 1061 1014
f 1010 1062 1011
f 1010 1014 1062
f 1011 1063 1064
f 1011 1064 1065
f 1011 1065 1015
f 1011 1013 1012
f 1011 1062 1066
f 1011 1066 1067
f 1011 1067 1063
f 1014 1061 1068
f 1014 1068 1069
f 1014 1069 1062
f 1019 1023 1020
f 1020 1070 1025
f 1020 1023 1071
f 1020 1071 1070
f 1021 1072 1022
f 1022 1072 1073
f 1022 1073 1074
f 1022 1074 1075
f 1022 1075 1076
f 1022 1076 1023
f 1023 1076 1071
f 1025 1070 1077
f 1025 1077 1078
f 1025 1078 1079
f 1025 1079 1027
f 1025 1027 1026
f 1027 1080 1081
f 1027 1081 1082
f 1027 1082 1083
f 1027 1083 1031
f 1027 1031 1028
f 1027 1079 1080
f 1028 1031 1030
f 1028 1030 1029
f 1031 1083 1084
f 1031 1084 1085
f 1031 1085 1086
f 1031 1086 1087
f 1031 1087 1032
f 1032 1087 1088
f 1032 1088 1033
f 1033 1088 1034
f 1034 1088 1089
f 1034 1089 1090
f 1034 1090 1091
f 1034 1091 1036
f 1034 1036 1035
f 1036 1091 1090
f 1036 1090 1092
f 1036 1092 1093
f 1036 1093 1094
f 1036 1094 1095
f 1036 1095 1096
f 1036 1096 1037
f 1037 1096 1038
f 1038 1096 1095
f 1038 1095 1097
f 1038 1097 1039
f 1044 1098 1045
f 1044 1056 1098
f 1045 1098 1057
f 1045 1057 1058
f 1046 1099 1100
f 1046 1100 1051
f 1046 1050 1101
f 1046 1101 1099
f 1051 1100 1052
f 1052 1102 1103
f 1052 1103 1104
f 1052 1104 1054
f 1052 1054 1053
f 1052 1100 1099
f 1052 1099 1105
f 1052 1105 1106
f 1052 1106 1102
f 1054 1107 1055
f 1054 1104 1103
f 1054 1103 1108
f 1054 1108 1107
f 1055 1107 1056
f 1056 1107 1109
f 1056 1109 1098
f 1057 1098 1059
f 1059 1098 1110
f 1059 1110 1111
f 1059 1111 1112
f 1059 1112 1113
f 1059 1113 1061
f 1059 1061 1060
f 1061 1113 1114
f 1061 1114 1115
f 1061 1115 1116
f 1061 1116 1068
f 1062 1069 1117
f 1062 1117 1066
f 1066 1117 1118
f 1066 1118 1067
f 1067 1118 1119
f 1068 1120 1069
f 1068 1116 1121
f 1068 1121 1120
f 1069 1120 1117
f 1070 1071 1122
f 1070 1122 1123
f 1070 1123 1077
f 1071 1076 1122
f 1074 1124 1125
f 1074 1125 1075
f 1075 1125 1076
f 1076 1125 1122
f 1077 1123 1126
f 1077 1126 1127
f 1077 1127 1078
f 1078 1127 1128
f 1078 1128 1079
f 1079 1128 1080
f 1080 1129 1130
f 1080 1130 1081
f 1080 1128 1129
f 1081 1130 1131
f 1081 1131 1084
f 1081 1084 1082
f 1082 1084 1083
f 1084 1131 1132
f 1084 1132 1133
f 1084 1133 1134
f 1084 1134 1135
f 1084 1135 1085
f 1085 1135 1086
f 1086 1135 1087
f 1087 1135 1136
f 1087 1136 1088
f 1088 1136 1137
f 1088 1137 1138
f 1088 1138 1090
f 1088 1090 1089
f 1090 1139 1140
f 1090 1140 1141
f 1090 1141 1142
f 1090 1142 1093
f 1090 1093 1092
f 1090 1138 1139
f 1093 1143 1144
f 1093 1144 1094
f 1093 1142 1141
f 1093 1141 1145
f 1093 1145 1146
f 1093 1146 1143
f 1094 1144 1095
f 1095 1144 1147
f 1095 1147 1148
f 1095 1148 1097
f 1098 1109 1149
f 1098 1149 1150
f 1098 1150 1151
f 1098 1151 1110
f 1099 1106 1105
f 1099 1101 1152
f 1099 1152 1153
f 1099 1153 1154
f 1099 1154 1106
f 1102 1106 1103
f 1103 1106 1155
f 1103 1155 1156
f 1103 1156 1157
f 1103 1157 1158
f 1103 1158 1159
f 1103 1159 1107
f 1103 1107 1108
f 1106 1156 1155
f 1106 1154 1160
f 1106 1160 1161
f 1106 1161 1162
f 1106 1162 1163
f 1106 1163 1156
f 1107 1164 1109
f 1107 1159 1165
f 1107 1165 1164
f 1109 1164 1149
f 1110 1151 1111
f 1111 1151 1112
f 1112 1151 1166
f 1112 1166 1167
f 1112 1167 1113
f 1113 1167 1168
f 1113 1168 1169
f 1113 1169 1114
f 1114 1169 1115
f 1115 1169 1116
f 1116 1169 1170
f 1116 1170 1121
f 1117 1120 1171
f 1117 1171 1118
f 1118 1171 1172
f 1118 1172 1119
f 1120 1121 1170
f 1120 1170 1173
f 1120 1173 1171
f 1122 1125 1174
f 1122 1174 1126
f 1122 1126 1123
f 1124 1175 1176
f 1124 1176 1125
f 1125 1176 1177
f 1125 1177 1174
f 1126 1174 1127
f 1127 1174 1129
f 1127 1129 1128
f 1129 1174 1178
f 1129 1178 1132
f 1129 1132 1130
f 1130 1132 1131
f 1132 1179 1180
f 1132 1180 1133
f 1132 1178 1179
f 1133 1180 1181
f 1133 1181 1134
f 1134 1181 1135
f 1135 1181 1182
f 1135 1182 1183
f 1135 1183 1136
f 1136 1183 1139
f 1136 1139 1137
f 1137 1139 1138
f 1139 1184 1185
f 1139 1185 1186
f 1139 1186 1187
f 1139 1187 1141
f 1139 1141 1140
f 1139 1183 1184
f 1141 1187 1186
f 1141 1186 1188
f 1141 1188 1189
f 1141 1189 1190
f 1141 1190 1191
f 1141 1191 1192
f 1141 1192 1145
f 1149 1164 1193
f 1149 1193 1150
f 1150 1193 1151
f 1151 1193 1194
f 1151 1194 1195
f 1151 1195 1196
f 1151 1196 1197
f 1151 1197 1166
f 1156 1198 1199
f 1156 1199 1200
f 1156 1200 1201
f 1156 1201 1158
f 1156 1158 1157
f 1156 1163 1202
f 1156 1202 1203
f 1156 1203 1198
f 1158 1201 1200
f 1158 1200 1204
f 1158 1204 1205
f 1158 1205 1206
f 1158 1206 1164
f 1158 1164 1165
f 1158 1165 1159
f 1163 1207 1202
f 1164 1208 1193
f 1164 1206 1209
f 1164 1209 1208
f 1166 1197 1167
f 1167 1197 1210
f 1167 1210 1168
f 1168 1210 1173
f 1168 1173 1169
f 1169 1173 1170
f 1171 1211 1212
f 1171 1212 1172
f 1171 1173 1213
f 1171 1213 1211
f 1173 1210 1214
f 1173 1214 1215
f 1173 1215 1216
f 1173 1216 1217
f 1173 1217 1218
f 1173 1218 1213
f 1174 1177 1219
f 1174 1219 1220
f 1174 1220 1221
f 1174 1221 1222
f 1174 1222 1179
f 1174 1179 1178
f 1175 1223 1224
f 1175 1224 1176
f 1176 1224 1225
f 1176 1225 1177
f 1177 1225 1219
f 1179 1222 1226
f 1179 1226 1227
f 1179 1227 1180
f 1180 1227 1228
f 1180 1228 1181
f 1181 1228 1229
f 1181 1229 1230
f 1181 1230 1182
f 1182 1230 1183
f 1183 1230 1184
f 1184 1230 1231
f 1184 1231 1186
f 1184 1186 1185
f 1186 1232 1233
f 1186 1233 1234
f 1186 1234 1189
f 1186 1189 1188
f 1186 1231 1232
f 1189 1234 1235
f 1189 1235 1236
f 1189 1236 1190
f 1190 1236 1235
f 1190 1235 1237
f 1190 1237 1238
f 1190 1238 1191
f 1191 1238 1192
f 1193 1208 1194
f 1194 1208 1195
f 1195 1208 1196
f 1196 1239 1197
f 1196 1208 1239
f 1197 1239 1214
f 1197 1214 1210
f 1198 1240 1200
f 1198 1200 1199
f 1198 1203 1241
f 1198 1241 1242
f 1198 1242 1240
f 1200 1243 1244
f 1200 1244 1205
f 1200 1205 1204
f 1200 1240 1245
f 1200 1245 1243
f 1202 1207 1246
f 1202 1246 1203
f 1203 1246 1247
f 1203 1247 1242
f 1203 1242 1241
f 1205 1248 1206
f 1205 1244 1248
f 1206 1248 1209
f 1208 1209 1248
f 1208 1248 1249
f 1208 1249 1250
f 1208 1250 1251
f 1208 1251 1239
f 1211 1252 1212
f 1211 1213 1253
f 1211 1253 1254
f 1211 1254 1252
f 1213 1218 1253
f 1214 1255 1215
f 1214 1239 1256
f 1214 1256 1255
f 1215 1255 1216
f 1216 1255 1253
f 1216 1253 1217
f 1217 1253 1218
f 1219 1225 1220
f 1220 1225 1221
f 1221 1226 1222
f 1221 1225 1226
f 1223 1257 1224
f 1224 1257 1225
f 1225 1257 1258
f 1225 1258 1259
f 1225 1259 1260
f 1225 1260 1261
f 1225 1261 1226
f 1226 1261 1262
f 1226 1262 1263
f 1226 1263 1264
f 1226 1264 1227
f 1227 1264 1265
f 1227 1265 1266
f 1227 1266 1228
f 1228 1266 1267
f 1228 1267 1229
f 1229 1267 1268
f 1229 1268 1269
f 1229 1269 1230
f 1230 1269 1270
f 1230 1270 1231
f 1231 1270 1271
f 1231 1271 1232
f 1232 1271 1233
f 1233 1271 1272
f 1233 1272 1273
f 1233 1273 1274
f 1233 1274 1275
f 1233 1275 1276
f 1233 1276 1277
f 1233 1277 1235
f 1233 1235 1234
f 1235 1278 1279
f 1235 1279 1280
f 1235 1280 1281
f 1235 1281 1282
f 1235 1282 1283
f 1235 1283 1237
f 1235 1277 1278
f 1237 1283 1238
f 1238 1283 1284
f 1239 1251 1256
f 1240 1242 1285
f 1240 1285 1245
f 1242 1286 1287
f 1242 1287 1288
f 1242 1288 1289
f 1242 1289 1290
f 1242 1290 1291
f 1242 1291 1285
f 1242 1247 1286
f 1243 1292 1293
f 1243 1293 1294
f 1243 1294 1244
f 1243 1245 1295
f 1243 1295 1292
f 1244 1294 1248
f 1245 1296 1295
f 1245 1285 1297
f 1245 1297 1298
f 1245 1298 1296
f 1246 1299 1286
f 1246 1286 1247
f 1248 1300 1249
f 1248 1294 1300
f 1249 1300 1250
f 1250 1300 1301
f 1250 1301 1302
f 1250 1302 1251
f 1251 1302 1303
f 1251 1303 1256
f 1253 1304 1254
f 1253 1255 1305
f 1253 1305 1306
f 1253 1306 1307
f 1253 1307 1308
f 1253 1308 1304
f 1254 1304 1309
f 1255 1256 1310
f 1255 1310 1311
f 1255 1311 1312
f 1255 1312 1305
f 1256 1313 1310
f 1256 1303 1313
f 1257 1314 1258
f 1258 1314 1315
f 1258 1315 1316
f 1258 1316 1259
f 1259 1261 1260
f 1259 1316 1317
f 1259 1317 1318
f 1259 1318 1319
f 1259 1319 1320
f 1259 1320 1321
f 1259 1321 1322
f 1259 1322 1323
f 1259 1323 1262
f 1259 1262 1261
f 1262 1323 1263
f 1263 1323 1324
f 1263 1324 1264
f 1264 1324 1265
f 1265 1324 1266
f 1266 1324 1325
f 1266 1325 1326
f 1266 1326 1327
f 1266 1327 1328
f 1266 1328 1267
f 1267 1328 1269
f 1267 1269 1268
f 1269 1328 1329
f 1269 1329 1330
f 1269 1330 1270
f 1270 1330 1271
f 1271 1331 1272
f 1271 1330 1331
f 1272 1331 1273
f 1273 1331 1332
f 1273 1332 1275
f 1273 1275 1274
f 1275 1333 1334
f 1275 1334 1276
f 1275 1332 1335
f 1275 1335 1333
f 1276 1334 1278
f 1276 1278 1277
f 1278 1333 1279
f 1278 1334 1333
f 1279 1333 1336
f 1279 1336 1280
f 1280 1336 1281
f 1281 1336 1337
f 1281 1337 1338
f 1281 1338 1282
f 1282 1339 1340
f 1282 1340 1284
f 1282 1284 1283
f 1282 1338 1341
f 1282 1341 1342
f 1282 1342 1339
f 1285 1291 1297
f 1286 1299 1287
f 1287 1299 1343
f 1287 1343 1344
f 1287 1344 1345
f 1287 1345 1346
f 1287 1346 1288
f 1288 1346 1347
f 1288 1347 1348
f 1288 1348 1289
f 1289 1348 1290
f 1290 1349 1291
f 1290 1348 1349
f 1291 1349 1350
f 1291 1350 1297
f 1292 1351 1352
f 1292 1352 1293
f 1292 1295 1296
f 1292 1296 1353
f 1292 1353 1351
f 1293 1352 1354
f 1293 1354 1300
f 1293 1300 1294
f 1296 1298 1353
f 1297 1350 1298
f 1298 1350 1349
f 1298 1349 1355
f 1298 1355 1353
f 1300 1354 1356
f 1300 1356 1302
f 1300 1302 1301
f 1302 1356 1357
f 1302 1357 1303
f 1303 1358 1313
f 1303 1357 1359
f 1303 1359 1360
f 1303 1360 1358
f 1304 1308 1361
f 1304 1361 1309
f 1305 1312 1307
f 1305 1307 1306
f 1307 1362 1308
f 1307 1312 1363
f 1307 1363 1364
f 1307 1364 1365
f 1307 1365 1366
f 1307 1366 1367
f 1307 1367 1368
f 1307 1368 1362
f 1308 1362 1369
f 1308 1369 1361
f 1310 1313 1358
f 1310 1358 1311
f 1311 1358 1363
f 1311 1363 1312
f 1315 1317 1316
f 1319 1370 1320
f 1320 1370 1371
f 1320 1371 1372
f 1320 1372 1373
f 1320 1373 1374
f 1320 1374 1375
f 1320 1375 1322
f 1320 1322 1376
f 1320 1376 1321
f 1321 1376 1322
f 1322 1377 1324
f 1322 1324 1323
f 1322 1375 1378
f 1322 1378 1377
f 1324 1377 1378
f 1324 1378 1379
f 1324 1379 1326
f 1324 1326 1325
f 1326 1379 1327
f 1327 1379 1328
f 1328 1379 1380
f 1328 1380 1381
f 1328 1381 1382
f 1328 1382 1383
f 1328 1383 1329
f 1329 1383 1384
f 1329 1384 1330
f 1330 1384 1331
f 1331 1384 1385
f 1331 1385 1332
f 1332 1385 1384
f 1332 1384 1386
f 1332 1386 1335
f 1333 1387 1388
f 1333 1388 1389
f 1333 1389 1336
f 1333 1335 1390
f 1333 1390 1391
f 1333 1391 1392
f 1333 1392 1387
f 1335 1386 1393
f 1335 1393 1390
f 1336 1389 1394
f 1336 1394 1395
f 1336 1395 1337
f 1337 1395 1338
f 1338 1395 1396
f 1338 1396 1397
f 1338 1397 1398
f 1338 1398 1341
f 1345 1399 1346
f 1346 1399 1400
f 1346 1400 1401
f 1346 1401 1347
f 1347 1401 1348
f 1348 1402 1349
f 1348 1401 1403
f 1348 1403 1402
f 1349 1402 1404
f 1349 1404 1405
f 1349 1405 1406
f 1349 1406 1407
f 1349 1407 1408
f 1349 1408 1409
f 1349 1409 1410
f 1349 1410 1355
f 1351 1353 1352
f 1352 1353 1411
f 1352 1411 1412
f 1352 1412 1413
f 1352 1413 1354
f 1353 1355 1411
f 1354 1413 1356
f 1355 1414 1411
f 1355 1410 1414
f 1356 1413 1415
f 1356 1415 1412
f 1356 1412 1416
f 1356 1416 1417
f 1356 1417 1357
f 1357 1417 1359
f 1358 1360 1359
f 1358 1359 1417
f 1358 1417 1418
f 1358 1418 1419
f 1358 1419 1364
f 1358 1364 1363
f 1362 1420 1369
f 1362 1368 1420
f 1364 1366 1421
f 1364 1421 1365
f 1364 1419 1418
f 1364 1418 1422
f 1364 1422 1366
f 1365 1421 1366
f 1366 1423 1367
f 1366 1422 1424
f 1366 1424 1425
f 1366 1425 1426
f 1366 1426 1427
f 1366 1427 1423
f 1370 1428 1371
f 1371 1428 1372
f 1372 1428 1429
f 1372 1429 1430
f 1372 1430 1373
f 1373 1431 1378
f 1373 1378 1375
f 1373 1375 1374
f 1373 1430 1432
f 1373 1432 1433
f 1373 1433 1434
f 1373 1434 1431
f 1378 1431 1435
f 1378 1435 1434
f 1378 1434 1436
f 1378 1436 1437
f 1378 1437 1381
f 1378 1381 1379
f 1379 1381 1380
f 1381 1386 1384
f 1381 1384 1383
f 1381 1383 1382
f 1381 1437 1438
f 1381 1438 1439
f 1381 1439 1392
f 1381 1392 1393
f 1381 1393 1386
f 1387 1440 1388
f 1387 1392 1441
f 1387 1441 1440
f 1388 1442 1389
f 1388 1440 1443
f 1388 1443 1394
f 1388 1394 1442
f 1389 1442 1394
f 1390 1393 1391
f 1391 1393 1392
f 1392 1439 1441
f 1394 1444 1445
f 1394 1445 1446
f 1394 1446 1447
f 1394 1447 1396
f 1394 1396 1395
f 1394 1443 1444
f 1396 1446 1397
f 1396 1447 1446
f 1397 1446 1448
f 1399 1449 1400
f 1400 1449 1450
f 1400 1450 1451
f 1400 1451 1403
f 1400 1403 1401
f 1402 1403 1452
f 1402 1452 1404
f 1403 1451 1450
f 1403 1450 1453
f 1403 1453 1454
f 1403 1454 1455
f 1403 1455 1404
f 1403 1404 1452
f 1404 1455 1456
f 1404 1456 1405
f 1405 1456 1455
f 1405 1455 1407
f 1405 1407 1406
f 1407 1457 1458
f 1407 1458 1408
f 1407 1455 1457
f 1408 1458 1412
f 1408 1412 1414
f 1408 1414 1409
f 1409 1414 1410
f 1411 1414 1412
f 1412 1459 1460
f 1412 1460 1418
f 1412 1418 1417
f 1412 1417 1416
f 1412 1415 1413
f 1412 1458 1459
f 1418 1461 1425
f 1418 1425 1422
f 1418 1460 1462
f 1418 1462 1463
f 1418 1463 1464
f 1418 1464 1461
f 1422 1425 1424
f 1423 1427 1465
f 1425 1461 1463
f 1425 1463 1466
f 1425 1466 1467
f 1425 1467 1468
f 1425 1468 1426
f 1426 1468 1469
f 1426 1469 1427
f 1427 1469 1470
f 1427 1470 1465
f 1428 1471 1429
f 1429 1471 1472
f 1429 1472 1430
f 1430 1472 1434
f 1430 1434 1433
f 1430 1433 1432
f 1431 1434 1435
f 1434 1473 1436
f 1434 1472 1474
f 1434 1474 1473
f 1436 1473 1437
f 1437 1473 1475
f 1437 1475 1439
f 1437 1439 1438
f 1439 1476 1473
f 1439 1473 1477
f 1439 1477 1478
f 1439 1478 1441
f 1439 1475 1476
f 1440 1441 1443
f 1441 1478 1443
f 1443 1479 1480
f 1443 1480 1481
f 1443 1481 1482
f 1443 1482 1483
f 1443 1483 1484
f 1443 1484 1444
f 1443 1478 1477
f 1443 1477 1474
f 1443 1474 1485
f 1443 1485 1479
f 1444 1484 1445
f 1445 1484 1486
f 1445 1486 1487
f 1445 1487 1446
f 1446 1487 1488
f 1446 1488 1489
f 1446 1489 1490
f 1446 1490 1491
f 1446 1491 1492
f 1446 1492 1493
f 1446 1493 1448
f 1449 1494 1450
f 1450 1495 1496
f 1450 1496 1497
f 1450 1497 1498
f 1450 1498 1499
f 1450 1499 1500
f 1450 1500 1501
f 1450 1501 1453
f 1450 1494 1495
f 1453 1501 1502
f 1453 1502 1503
f 1453 1503 1454
f 1454 1503 1455
f 1455 1503 1504
f 1455 1504 1505
f 1455 1505 1506
f 1455 1506 1507
f 1455 1507 1508
f 1455 1508 1509
f 1455 1509 1510
f 1455 1510 1511
f 1455 1511 1457
f 1457 1511 1512
f 1457 1512 1458
f 1458 1513 1514
f 1458 1514 1460
f 1458 1460 1459
f 1458 1512 1513
f 1460 1514 1512
f 1460 1512 1462
f 1461 1464 1463
f 1462 1512 1463
f 1463 1515 1468
f 1463 1468 1466
f 1463 1512 1510
f 1463 1510 1515
f 1466 1468 1467
f 1468 1515 1469
f 1469 1515 1470
f 1470 1515 1517
f 1470 1517 1516
f 1471 1518 1519
f 1471 1519 1472
f 1472 1520 1521
f 1472 1521 1485
f 1472 1485 1474
f 1472 1519 1522
f 1472 1522 1523
f 1472 1523 1524
f 1472 1524 1525
f 1472 1525 1520
f 1473 1474 1477
f 1473 1476 1475
f 1479 1525 1480
f 1479 1485 1521
f 1479 1521 1525
f 1480 1525 1524
f 1480 1524 1481
f 1481 1526 1527
f 1481 1527 1528
f 1481 1528 1529
f 1481 1529 1482
f 1481 1524 1530
f 1481 1530 1526
f 1482 1529 1483
f 1483 1529 1531
f 1483 1531 1484
f 1484 1531 1488
f 1484 1488 1486
f 1486 1488 1487
f 1488 1528 1532
f 1488 1532 1533
f 1488 1533 1534
f 1488 1534 1535
f 1488 1535 1536
f 1488 1536 1537
f 1488 1537 1490
f 1488 1490 1489
f 1488 1531 1528
f 1491 1493 1492
f 1494 1496 1495
f 1498 1538 1539
f 1498 1539 1500
f 1498 1500 1499
f 1500 1539 1540
f 1500 1540 1541
f 1500 1541 1542
f 1500 1542 1543
f 1500 1543 1544
f 1500 1544 1545
f 1500 1545 1503
f 1500 1503 1502
f 1500 1502 1501
f 1503 1545 1504
f 1504 1545 1546
f 1504 1546 1506
f 1504 1506 1505
f 1506 1546 1544
f 1506 1544 1547
f 1506 1547 1548
f 1506 1548 1549
f 1506 1549 1507
f 1507 1549 1550
f 1507 1550 1508
f 1508 1550 1509
f 1509 1551 1515
f 1509 1515 1510
f 1509 1550 1551
f 1510 1512 1511
f 1512 1514 1513
f 1515 1552 1553
f 1515 1553 1517
f 1515 1551 1550
f 1515 1550 1549
f 1515 1549 1552
f 1516 1517 1554
f 1517 1553 1555
f 1517 1555 1554
f 1518 1556 1519
f 1519 1556 1522
f 1520 1525 1521
f 1522 1556 1557
f 1522 1557 1558
f 1522 1558 1559
f 1522 1559 1526
f 1522 1526 1524
f 1522 1524 1523
f 1524 1526 1530
f 1526 1559 1527
f 1527 1559 1560
f 1527 1560 1561
f 1527 1561 1562
f 1527 1562 1528
f 1528 1562 1563
f 1528 1563 1564
f 1528 1564 1533
f 1528 1533 1532
f 1528 1531 1529
f 1533 1564 1565
f 1533 1565 1534
f 1534 1565 1535
f 1535 1565 1566
f 1535 1566 1567
f 1535 1567 1568
f 1535 1568 1569
f 1535 1569 1570
f 1535 1570 1536
f 1536 1570 1571
f 1536 1571 1572
f 1536 1572 1537
f 1538 1573 1574
f 1538 1574 1539
f 1539 1574 1540
f 1540 1574 1575
f 1540 1575 1576
f 1540 1576 1577
f 1540 1577 1578
f 1540 1578 1579
f 1540 1579 1580
f 1540 1580 1541
f 1541 1580 1542
f 1542 1581 1544
f 1542 1544 1543
f 1542 1580 1581
f 1544 1581 1582
f 1544 1582 1583
f 1544 1583 1547
f 1544 1546 1545
f 1547 1584 1585
f 1547 1585 1586
f 1547 1586 1548
f 1547 1583 1587
f 1547 1587 1584
f 1548 1586 1549
f 1549 1586 1585
f 1549 1585 1553
f 1549 1553 1552
f 1553 1588 1589
f 1553 1589 1555
f 1553 1585 1588
f 1557 1590 1558
f 1558 1590 1591
f 1558 1591 1592
f 1558 1592 1559
f 1559 1593 1560
f 1559 1592 1593
f 1560 1594 1595
f 1560 1595 1561
f 1560 1593 1596
f 1560 1596 1597
f 1560 1597 1594
f 1561 1563 1562
f 1561 1595 1598
f 1561 1598 1599
f 1561 1599 1600
f 1561 1600 1601
f 1561 1601 1602
f 1561 1602 1563
f 1563 1602 1564
f 1564 1602 1603
f 1564 1603 1565
f 1565 1603 1604
f 1565 1604 1605
f 1565 1605 1566
f 1566 1605 1567
f 1567 1605 1606
f 1567 1606 1568
f 1568 1606 1607
f 1568 1607 1608
f 1568 1608 1609
f 1568 1609 1569
f 1569 1609 1610
f 1569 1610 1570
f 1570 1610 1611
f 1570 1611 1571
f 1573 1575 1574
f 1575 1612 1576
f 1576 1612 1613
f 1576 1613 1577
f 1577 1614 1615
f 1577 1615 1578
f 1577 1613 1616
f 1577 1616 1614
f 1578 1615 1617
f 1578 1617 1579
f 1579 1617 1580
f 1580 1617 1618
f 1580 1618 1619
f 1580 1619 1581
f 1581 1619 1620
f 1581 1620 1582
f 1582 1587 1583
f 1582 1620 1587
f 1584 1587 1621
f 1584 1621 1622
f 1584 1622 1623
f 1584 1623 1624
f 1584 1624 1585
f 1585 1624 1625
f 1585 1625 1588
f 1587 1626 1627
f 1587 1627 1628
f 1587 1628 1621
f 1587 1620 1629
f 1587 1629 1626
f 1588 1625 1630
f 1588 1630 1631
f 1588 1631 1632
f 1588 1632 1589
f 1591 1633 1592
f 1592 1633 1634
f 1592 1634 1635
f 1592 1635 1593
f 1593 1635 1596
f 1594 1636 1595
f 1594 1597 1637
f 1594 1637 1638
f 1594 1638 1636
f 1595 1636 1598
f 1596 1635 1597
f 1597 1635 1637
f 1598 1639 1640
f 1598 1640 1599
f 1598 1636 1639
f 1599 1641 1600
f 1599 1640 1642
f 1599 1642 1643
f 1599 1643 1644
f 1599 1644 1641
f 1600 1641 1601
f 1601 1641 1645
f 1601 1645 1602
f 1602 1645 1641
f 1602 1641 1644
f 1602 1644 1604
f 1602 1604 1603
f 1604 1644 1646
f 1604 1646 1647
f 1604 1647 1648
f 1604 1648 1649
f 1604 1649 1605
f 1605 1649 1650
f 1605 1650 1607
f 1605 1607 1606
f 1607 1648 1651
f 1607 1651 1652
f 1607 1652 1653
f 1607 1653 1654
f 1607 1654 1608
f 1607 1650 1649
f 1607 1649 1648
f 1608 1654 1655
f 1608 1655 1609
f 1613 1656 1616
f 1614 1657 1658
f 1614 1658 1659
f 1614 1659 1617
f 1614 1617 1615
f 1614 1616 1660
f 1614 1660 1661
f 1614 1661 1662
f 1614 1662 1663
f 1614 1663 1657
f 1616 1656 1660
f 1617 1659 1658
f 1617 1658 1618
f 1618 1664 1665
f 1618 1665 1620
f 1618 1620 1619
f 1618 1658 1657
f 1618 1657 1666
f 1618 1666 1664
f 1620 1667 1668
f 1620 1668 1629
f 1620 1665 1667
f 1621 1628 1669
f 1621 1669 1622
f 1622 1669 1670
f 1622 1670 1623
f 1623 1670 1671
f 1623 1671 1672
f 1623 1672 1673
f 1623 1673 1624
f 1624 1673 1625
f 1625 1674 1630
f 1625 1673 1674
f 1626 1629 1667
f 1626 1667 1627
f 1627 1667 1665
f 1627 1665 1675
f 1627 1675 1676
f 1627 1676 1677
f 1627 1677 1628
f 1628 1678 1669
f 1628 1677 1679
f 1628 1679 1678
f 1629 1668 1667
f 1633 1680 1634
f 1634 1680 1683
f 1634 1683 1681
f 1634 1681 1635
f 1635 1681 1637
f 1636 1682 1639
f 1636 1638 1682
f 1637 1681 1683
f 1637 1683 1684
f 1637 1684 1685
f 1637 1685 1638
f 1638 1685 1682
f 1639 1686 1687
f 1639 1687 1688
f 1639 1688 1689
f 1639 1689 1640
f 1639 1682 1685
f 1639 1685 1690
f 1639 1690 1691
f 1639 1691 1686
f 1640 1689 1642
f 1642 1692 1693
f 1642 1693 1643
f 1642 1689 1692
f 1643 1693 1694
f 1643 1694 1644
f 1644 1694 1646
f 1646 1694 1647
f 1647 1694 1648
f 1648 1694 1693
f 1648 1693 1695
f 1648 1695 1696
f 1648 1696 1697
f 1648 1697 1651
f 1651 1697 1698
f 1651 1698 1699
f 1651 1699 1700
f 1651 1700 1653
f 1651 1653 1652
f 1653 1700 1699
f 1653 1699 1654
f 1654 1701 1655
f 1654 1699 1702
f 1654 1702 1701
f 1656 1703 1660
f 1657 1704 1705
f 1657 1705 1664
f 1657 1664 1666
f 1657 1663 1706
f 1657 1706 1707
f 1657 1707 1708
f 1657 1708 1704
f 1660 1703 1709
f 1660 1709 1661
f 1661 1709 1710
f 1661 1710 1663
f 1661 1663 1662
f 1663 1710 1709
f 1663 1709 1711
f 1663 1711 1712
f 1663 1712 1706
f 1664 1705 1665
f 1665 1705 1675
f 1669 1678 1670
f 1670 1713 1671
f 1670 1678 1713
f 1672 1714 1673
f 1672 1674 1714
f 1673 1714 1674
f 1675 1705 1704
f 1675 1704 1676
f 1676 1704 1715
f 1676 1715 1716
f 1676 1716 1677
f 1677 1716 1679
f 1678 1679 1713
f 1679 1716 1717
f 1679 1717 1718
f 1679 1718 1719
f 1679 1719 1720
f 1679 1720 1721
f 1679 1721 1722
f 1679 1722 1713
f 1686 1723 1724
f 1686 1724 1687
f 1687 1724 1725
f 1687 1725 1726
f 1687 1726 1688
f 1688 1726 1692
f 1688 1692 1689
f 1692 1726 1727
f 1692 1727 1693
f 1693 1727 1695
f 1695 1727 1728
f 1695 1728 1697
f 1695 1697 1696
f 1697 1729 1698
f 1697 1728 1730
f 1697 1730 1731
f 1697 1731 1732
f 1697 1732 1733
f 1697 1733 1729
f 1698 1729 1699
f 1699 1729 1734
f 1699 1734 1702
f 1703 1735 1709
f 1704 1708 1736
f 1704 1736 1715
f 1706 1737 1738
f 1706 1738 1739
f 1706 1739 1740
f 1706 1740 1708
f 1706 1708 1707
f 1706 1712 1741
f 1706 1741 1737
f 1708 1740 1736
f 1709 1735 1742
f 1709 1742 1743
f 1709 1743 1744
f 1709 1744 1711
f 1711 1744 1712
f 1712 1744 1741
f 1715 1736 1745
f 1715 1745 1717
f 1715 1717 1716
f 1717 1745 1718
f 1718 1746 1719
f 1718 1745 1747
f 1718 1747 1746
f 1719 1746 1747
f 1719 1747 1748
f 1723 1749 1750
f 1723 1750 1725
f 1723 1725 1724
f 1725 1750 1751
f 1725 1751 1726
f 1726 1751 1750
f 1726 1750 1752
f 1726 1752 1728
f 1726 1728 1727
f 1728 1753 1731
f 1728 1731 1730
f 1728 1752 1754
f 1728 1754 1755
f 1728 1755 1756
f 1728 1756 1753
f 1729 1733 1734
f 1731 1757 1732
f 1731 1753 1756
f 1731 1756 1758
f 1731 1758 1759
f 1731 1759 1757
f 1732 1757 1733
f 1733 1759 1760
f 1733 1760 1761
f 1733 1761 1762
f 1733 1762 1763
f 1733 1763 1734
f 1733 1757 1759
f 1736 1740 1745
f 1737 1764 1738
f 1737 1741 1764
f 1738 1765 1740
f 1738 1740 1739
f 1738 1764 1766
f 1738 1766 1767
f 1738 1767 1768
f 1738 1768 1765
f 1740 1769 1770
f 1740 1770 1771
f 1740 1771 1745
f 1740 1765 1768
f 1740 1768 1769
f 1741 1743 1772
f 1741 1772 1773
f 1741 1773 1774
f 1741 1774 1766
f 1741 1766 1764
f 1741 1744 1743
f 1743 1775 1772
f 1745 1776 1777
f 1745 1777 1747
f 1745 1771 1776
f 1747 1777 1776
f 1747 1776 1748
f 1748 1776 1779
f 1748 1779 1778
f 1749 1780 1781
f 1749 1781 1750
f 1750 1781 1782
f 1750 1782 1752
f 1752 1782 1783
f 1752 1783 1754
f 1754 1783 1784
f 1754 1784 1785
f 1754 1785 1755
f 1755 1785 1756
f 1756 1785 1786
f 1756 1786 1787
f 1756 1787 1758
f 1758 1787 1788
f 1758 1788 1789
f 1758 1789 1759
f 1759 1789 1790
f 1759 1790 1760
f 1760 1762 1761
f 1760 1790 1791
f 1760 1791 1762
f 1762 1792 1763
f 1762 1791 1820
f 1762 1820 1792
f 1766 1774 1793
f 1766 1793 1794
f 1766 1794 1767
f 1767 1794 1795
f 1767 1795 1796
f 1767 1796 1768
f 1768 1796 1797
f 1768 1797 1798
f 1768 1798 1769
f 1769 1798 1770
f 1770 1799 1771
f 1770 1798 1800
f 1770 1800 1799
f 1771 1799 1801
f 1771 1801 1776
f 1772 1775 1803
f 1772 1803 1802
f 1772 1802 1773
f 1773 1802 1774
f 1774 1802 1793
f 1776 1801 1779
f 1778 1779 1805
f 1778 1805 1804
f 1779 1801 1805
f 1780 1806 1807
f 1780 1807 1808
f 1780 1808 1781
f 1781 1808 1782
f 1782 1808 1809
f 1782 1809 1783
f 1783 1809 1810
f 1783 1810 1811
f 1783 1811 1784
f 1784 1811 1812
f 1784 1812 1813
f 1784 1813 1785
f 1785 1813 1786
f 1786 1813 1814
f 1786 1814 1815
f 1786 1815 1787
f 1787 1815 1788
f 1788 1790 1789
f 1788 1815 1848
f 1788 1848 1816
f 1788 1816 1817
f 1788 1817 1790
f 1790 1817 1818
f 1790 1818 1819
f 1790 1819 1791
f 1791 1819 1854
f 1791 1854 1820
f 1793 1802 1821
f 1793 1821 1822
f 1793 1822 1823
f 1793 1823 1795
f 1793 1795 1794
f 1795 1823 1824
f 1795 1824 1860
f 1795 1860 1825
f 1795 1825 1796
f 1796 1825 1797
f 1797 1825 1826
f 1797 1826 1827
f 1797 1827 1798
f 1798 1827 1800
f 1799 1828 1829
f 1799 1829 1801
f 1799 1800 1830
f 1799 1830 1828
f 1800 1827 1831
f 1800 1831 1830
f 1801 1829 1805
f 1802 1803 1832
f 1802 1832 1821
f 1804 1805 1834
f 1804 1834 1833
f 1805 1829 1828
f 1805 1828 1835
f 1805 1835 1834
f 1806 1836 1837
f 1806 1837 1838
f 1806 1838 1839
f 1806 1839 1807
f 1807 1839 1810
f 1807 1810 1840
f 1807 1840 1808
f 1808 1840 1810
f 1808 1810 1809
f 1810 1841 1842
f 1810 1842 1811
f 1810 1839 1841
f 1811 1842 1843
f 1811 1843 1812
f 1812 1843 1877
f 1812 1877 1844
f 1812 1844 1845
f 1812 1845 1813
f 1813 1845 1846
f 1813 1846 1814
f 1814 1846 1847
f 1814 1847 1848
f 1814 1848 1815
f 1816 1848 1849
f 1816 1849 1817
f 1817 1849 1850
f 1817 1850 1851
f 1817 1851 1818
f 1818 1851 1819
f 1819 1851 1852
f 1819 1852 1853
f 1819 1853 1854
f 1821 1832 1855
f 1821 1855 1856
f 1821 1856 1857
f 1821 1857 1822
f 1822 1857 1823
f 1823 1857 1858
f 1823 1858 1859
f 1823 1859 1824
f 1824 1859 1860
f 1825 1860 1826
f 1826 1860 1861
f 1826 1861 1862
f 1826 1862 1827
f 1827 1862 1863
f 1827 1863 1868
f 1827 1868 1831
f 1828 1864 1835
f 1828 1830 1865
f 1828 1865 1866
f 1828 1866 1864
f 1830 1831 1867
f 1830 1867 1865
f 1831 1868 1901
f 1831 1901 1867
f 1833 1834 1835
f 1833 1835 1869
f 1835 1864 1869
f 1836 1870 1871
f 1836 1871 1872
f 1836 1872 1838
f 1836 1838 1837
f 1838 1872 1873
f 1838 1873 1839
f 1839 1873 1841
f 1841 1873 1872
f 1841 1872 1874
f 1841 1874 1842
f 1842 1874 1875
f 1842 1875 1843
f 1843 1875 1876
f 1843 1876 1877
f 1844 1877 1878
f 1844 1878 1879
f 1844 1879 1880
f 1844 1880 1845
f 1845 1880 1846
f 1846 1880 1879
f 1846 1879 1881
f 1846 1881 1882
f 1846 1882 1847
f 1847 1882 1883
f 1847 1883 1848
f 1848 1883 1884
f 1848 1884 1849
f 1849 1884 1850
f 1850 1885 1851
f 1850 1884 1890
f 1850 1890 1858
f 1850 1858 1889
f 1850 1889 1885
f 1851 1885 1852
f 1852 1885 1886
f 1852 1886 1853
f 1853 1886 1888
f 1853 1888 1887
f 1855 1887 1888
f 1855 1888 1856
f 1856 1888 1889
f 1856 1889 1857
f 1857 1889 1858
f 1858 1890 1859
f 1859 1890 1860
f 1860 1890 1891
f 1860 1891 1861
f 1861 1891 1892
f 1861 1892 1862
f 1862 1892 1893
f 1862 1893 1894
f 1862 1894 1895
f 1862 1895 1863
f 1863 1895 1868
f 1864 1896 1897
f 1864 1897 1869
f 1864 1866 1896
f 1865 1898 1866
f 1865 1867 1899
f 1865 1899 1898
f 1866 1898 1900
f 1866 1900 1896
f 1867 1901 1902
f 1867 1902 1899
f 1868 1895 1894
f 1868 1894 1903
f 1868 1903 1901
f 1869 1897 1904
f 1870 1905 1871
f 1871 1905 1906
f 1871 1906 1872
f 1872 1906 1907
f 1872 1907 1874
f 1874 1907 1908
f 1874 1908 1875
f 1875 1908 1909
f 1875 1909 1876
f 1876 1909 1910
f 1876 1910 1911
f 1876 1911 1912
f 1876 1912 1877
f 1877 1912 1878
f 1878 1912 1913
f 1878 1913 1879
f 1879 1913 1916
f 1879 1916 1894
f 1879 1894 1893
f 1879 1893 1881
f 1881 1914 1882
f 1881 1893 1915
f 1881 1915 1914
f 1882 1914 1883
f 1883 1914 1915
f 1883 1915 1891
f 1883 1891 1890
f 1883 1890 1884
f 1885 1889 1888
f 1885 1888 1886
f 1891 1915 1892
f 1892 1915 1893
f 1894 1916 1903
f 1896 1900 1897
f 1897 1900 1904
f 1898 1917 1900
f 1898 1899 1918
f 1898 1918 1917
f 1899 1902 1919
f 1899 1919 1918
f 1900 1917 1920
f 1900 1920 1921
f 1900 1921 1904
f 1901 1903 1922
f 1901 1922 1902
f 1902 1922 1923
f 1902 1923 1924
f 1902 1924 1919
f 1903 1916 1922
f 1905 1925 1926
f 1905 1926 1906
f 1906 1926 1927
f 1906 1927 1928
f 1906 1928 1907
f 1907 1928 1929
f 1907 1929 1908
f 1908 1929 1930
f 1908 1930 1909
f 1909 1930 1931
f 1909 1931 1910
f 1910 1931 1936
f 1910 1936 1924
f 1910 1924 1923
f 1910 1923 1911
f 1911 1923 1922
f 1911 1922 1912
f 1912 1922 1916
f 1912 1916 1913
f 1917 1918 1932
f 1917 1932 1933
f 1917 1933 1934
f 1917 1934 1920
f 1918 1919 1935
f 1918 1935 1932
f 1919 1924 1936
f 1919 1936 1935
f 1920 1934 1921
f 1921 1934 1937
f 1921 1937 1938
f 1925 1939 1940
f 1925 1940 1926
f 1926 1940 1941
f 1926 1941 1942
f 1926 1942 1927
f 1927 1942 1928
f 1928 1942 1941
f 1928 1941 1955
f 1928 1955 1943
f 1928 1943 1930
f 1928 1930 1929
f 1930 1943 1956
f 1930 1956 1944
f 1930 1944 1931
f 1931 1944 1945
f 1931 1945 1950
f 1931 1950 1936
f 1932 1935 1933
f 1933 1935 1946
f 1933 1946 1959
f 1933 1959 1947
f 1933 1947 1948
f 1933 1948 1934
f 1934 1948 1937
f 1935 1936 1949
f 1935 1949 1958
f 1935 1958 1946
f 1936 1950 1949
f 1937 1951 1938
f 1937 1948 1947
f 1937 1947 1951
f 1938 1951 1952
f 1939 1953 1954
f 1939 1954 1940
f 1940 1954 1941
f 1941 1954 1955
f 1943 1955 1956
f 1944 1956 1957
f 1944 1957 1945
f 1945 1957 1961
f 1945 1961 1950
f 1946 1958 1959
f 1947 1959 1960
f 1947 1960 1951
f 1949 1950 1961
f 1949 1961 1958
f 1951 1962 1952
f 1951 1960 1963
f 1951 1963 1970
f 1951 1970 1962
f 1953 1964 1965
f 1953 1965 1966
f 1953 1966 1954
f 1954 1966 1955
f 1955 1966 1967
f 1955 1967 1957
f 1955 1957 1956
f 1957 1967 1968
f 1957 1968 1961
f 1958 1961 1959
f 1959 1961 1968
f 1959 1968 1969
f 1959 1969 1960
f 1960 1969 1963
f 1963 1969 1971
f 1963 1971 1978
f 1963 1978 1970
f 1964 1972 1965
f 1965 1972 1966
f 1966 1972 1973
f 1966 1973 1974
f 1966 1974 1967
f 1967 1974 1975
f 1967 1975 1968
f 1968 1975 1969
f 1969 1976 1977
f 1969 1977 1971
f 1969 1975 1976
f 1971 1977 1978
f 1972 1979 1973
f 1973 1979 1974
f 1974 1979 1975
f 1975 1979 1976
f 1976 1979 1977

